This is pdfTeX, Version 3.141592653-2.6-1.40.27 (MiKTeX 25.4) (preloaded format=pdflatex 2025.11.16)  11 JAN 2026 01:40
entering extended mode
 restricted \write18 enabled.
 %&-line parsing enabled.
**./main.tex
(main.tex
LaTeX2e <2025-11-01>
L3 programming layer <2025-10-24>
(C:\Users\Lenovo\AppData\Local\Programs\MiKTeX\tex/latex/base\report.cls
Document Class: report 2025/01/22 v1.4n Standard LaTeX document class
(C:\Users\Lenovo\AppData\Local\Programs\MiKTeX\tex/latex/base\size11.clo
File: size11.clo 2025/01/22 v1.4n Standard LaTeX file (size option)
)
\c@part=\count275
\c@chapter=\count276
\c@section=\count277
\c@subsection=\count278
\c@subsubsection=\count279
\c@paragraph=\count280
\c@subparagraph=\count281
\c@figure=\count282
\c@table=\count283
\abovecaptionskip=\skip49
\belowcaptionskip=\skip50
\bibindent=\dimen148
)
(preamble.tex
(C:\Users\Lenovo\AppData\Local\Programs\MiKTeX\tex/latex/base\inputenc.sty
Package: inputenc 2024/02/08 v1.3d Input encoding file
\inpenc@prehook=\toks17
\inpenc@posthook=\toks18
)
(C:\Users\Lenovo\AppData\Local\Programs\MiKTeX\tex/latex/base\fontenc.sty
Package: fontenc 2025/07/18 v2.1d Standard LaTeX package
)
(C:\Users\Lenovo\AppData\Local\Programs\MiKTeX\tex/latex/lm\lmodern.sty
Package: lmodern 2015/05/01 v1.6.1 Latin Modern Fonts
LaTeX Font Info:    Overwriting symbol font `operators' in version `normal'
(Font)                  OT1/cmr/m/n --> OT1/lmr/m/n on input line 22.
LaTeX Font Info:    Overwriting symbol font `letters' in version `normal'
(Font)                  OML/cmm/m/it --> OML/lmm/m/it on input line 23.
LaTeX Font Info:    Overwriting symbol font `symbols' in version `normal'
(Font)                  OMS/cmsy/m/n --> OMS/lmsy/m/n on input line 24.
LaTeX Font Info:    Overwriting symbol font `largesymbols' in version `normal'
(Font)                  OMX/cmex/m/n --> OMX/lmex/m/n on input line 25.
LaTeX Font Info:    Overwriting symbol font `operators' in version `bold'
(Font)                  OT1/cmr/bx/n --> OT1/lmr/bx/n on input line 26.
LaTeX Font Info:    Overwriting symbol font `letters' in version `bold'
(Font)                  OML/cmm/b/it --> OML/lmm/b/it on input line 27.
LaTeX Font Info:    Overwriting symbol font `symbols' in version `bold'
(Font)                  OMS/cmsy/b/n --> OMS/lmsy/b/n on input line 28.
LaTeX Font Info:    Overwriting symbol font `largesymbols' in version `bold'
(Font)                  OMX/cmex/m/n --> OMX/lmex/m/n on input line 29.
LaTeX Font Info:    Overwriting math alphabet `\mathbf' in version `normal'
(Font)                  OT1/cmr/bx/n --> OT1/lmr/bx/n on input line 31.
LaTeX Font Info:    Overwriting math alphabet `\mathsf' in version `normal'
(Font)                  OT1/cmss/m/n --> OT1/lmss/m/n on input line 32.
LaTeX Font Info:    Overwriting math alphabet `\mathit' in version `normal'
(Font)                  OT1/cmr/m/it --> OT1/lmr/m/it on input line 33.
LaTeX Font Info:    Overwriting math alphabet `\mathtt' in version `normal'
(Font)                  OT1/cmtt/m/n --> OT1/lmtt/m/n on input line 34.
LaTeX Font Info:    Overwriting math alphabet `\mathbf' in version `bold'
(Font)                  OT1/cmr/bx/n --> OT1/lmr/bx/n on input line 35.
LaTeX Font Info:    Overwriting math alphabet `\mathsf' in version `bold'
(Font)                  OT1/cmss/bx/n --> OT1/lmss/bx/n on input line 36.
LaTeX Font Info:    Overwriting math alphabet `\mathit' in version `bold'
(Font)                  OT1/cmr/bx/it --> OT1/lmr/bx/it on input line 37.
LaTeX Font Info:    Overwriting math alphabet `\mathtt' in version `bold'
(Font)                  OT1/cmtt/m/n --> OT1/lmtt/m/n on input line 38.
)
(C:\Users\Lenovo\AppData\Local\Programs\MiKTeX\tex/latex/microtype\microtype.st
y
Package: microtype 2025/07/09 v3.2b Micro-typographical refinements (RS)
 (C:\Users\Lenovo\AppData\Local\Programs\MiKTeX\tex/latex/graphics\keyval.sty
Package: keyval 2022/05/29 v1.15 key=value parser (DPC)
\KV@toks@=\toks19
) (C:\Users\Lenovo\AppData\Local\Programs\MiKTeX\tex/latex/etoolbox\etoolbox.st
y
Package: etoolbox 2025/10/02 v2.5m e-TeX tools for LaTeX (JAW)
\etb@tempcnta=\count284
)
\MT@toks=\toks20
\MT@tempbox=\box53
\MT@count=\count285
LaTeX Info: Redefining \noprotrusionifhmode on input line 1087.
LaTeX Info: Redefining \leftprotrusion on input line 1088.
\MT@prot@toks=\toks21
LaTeX Info: Redefining \rightprotrusion on input line 1107.
LaTeX Info: Redefining \textls on input line 1449.
\MT@outer@kern=\dimen149
LaTeX Info: Redefining \microtypecontext on input line 2053.
LaTeX Info: Redefining \textmicrotypecontext on input line 2070.
\MT@listname@count=\count286

(C:\Users\Lenovo\AppData\Local\Programs\MiKTeX\tex/latex/microtype\microtype-pd
ftex.def
File: microtype-pdftex.def 2025/07/09 v3.2b Definitions specific to pdftex (RS)

LaTeX Info: Redefining \lsstyle on input line 944.
LaTeX Info: Redefining \lslig on input line 944.
\MT@outer@space=\skip51
)
Package microtype Info: Loading configuration file microtype.cfg.

(C:\Users\Lenovo\AppData\Local\Programs\MiKTeX\tex/latex/microtype\microtype.cf
g
File: microtype.cfg 2025/07/09 v3.2b microtype main configuration file (RS)
)
LaTeX Info: Redefining \microtypesetup on input line 3065.
)
(C:\Users\Lenovo\AppData\Local\Programs\MiKTeX\tex/latex/amsmath\amsmath.sty
Package: amsmath 2025/07/09 v2.17z AMS math features
\@mathmargin=\skip52

For additional information on amsmath, use the `?' option.
(C:\Users\Lenovo\AppData\Local\Programs\MiKTeX\tex/latex/amsmath\amstext.sty
Package: amstext 2024/11/17 v2.01 AMS text

(C:\Users\Lenovo\AppData\Local\Programs\MiKTeX\tex/latex/amsmath\amsgen.sty
File: amsgen.sty 1999/11/30 v2.0 generic functions
\@emptytoks=\toks22
\ex@=\dimen150
))
(C:\Users\Lenovo\AppData\Local\Programs\MiKTeX\tex/latex/amsmath\amsbsy.sty
Package: amsbsy 1999/11/29 v1.2d Bold Symbols
\pmbraise@=\dimen151
)
(C:\Users\Lenovo\AppData\Local\Programs\MiKTeX\tex/latex/amsmath\amsopn.sty
Package: amsopn 2022/04/08 v2.04 operator names
)
\inf@bad=\count287
LaTeX Info: Redefining \frac on input line 233.
\uproot@=\count288
\leftroot@=\count289
LaTeX Info: Redefining \overline on input line 398.
LaTeX Info: Redefining \colon on input line 409.
\classnum@=\count290
\DOTSCASE@=\count291
LaTeX Info: Redefining \ldots on input line 495.
LaTeX Info: Redefining \dots on input line 498.
LaTeX Info: Redefining \cdots on input line 619.
\Mathstrutbox@=\box54
\strutbox@=\box55
LaTeX Info: Redefining \big on input line 721.
LaTeX Info: Redefining \Big on input line 722.
LaTeX Info: Redefining \bigg on input line 723.
LaTeX Info: Redefining \Bigg on input line 724.
\big@size=\dimen152
LaTeX Font Info:    Redeclaring font encoding OML on input line 742.
LaTeX Font Info:    Redeclaring font encoding OMS on input line 743.
\macc@depth=\count292
LaTeX Info: Redefining \bmod on input line 904.
LaTeX Info: Redefining \pmod on input line 909.
LaTeX Info: Redefining \smash on input line 939.
LaTeX Info: Redefining \relbar on input line 969.
LaTeX Info: Redefining \Relbar on input line 970.
\c@MaxMatrixCols=\count293
\dotsspace@=\muskip17
\c@parentequation=\count294
\dspbrk@lvl=\count295
\tag@help=\toks23
\row@=\count296
\column@=\count297
\maxfields@=\count298
\andhelp@=\toks24
\eqnshift@=\dimen153
\alignsep@=\dimen154
\tagshift@=\dimen155
\tagwidth@=\dimen156
\totwidth@=\dimen157
\lineht@=\dimen158
\@envbody=\toks25
\multlinegap=\skip53
\multlinetaggap=\skip54
\mathdisplay@stack=\toks26
LaTeX Info: Redefining \[ on input line 2950.
LaTeX Info: Redefining \] on input line 2951.
)
(C:\Users\Lenovo\AppData\Local\Programs\MiKTeX\tex/latex/amscls\amsthm.sty
Package: amsthm 2020/05/29 v2.20.6
\thm@style=\toks27
\thm@bodyfont=\toks28
\thm@headfont=\toks29
\thm@notefont=\toks30
\thm@headpunct=\toks31
\thm@preskip=\skip55
\thm@postskip=\skip56
\thm@headsep=\skip57
\dth@everypar=\toks32
)
(C:\Users\Lenovo\AppData\Local\Programs\MiKTeX\tex/latex/amsfonts\amssymb.sty
Package: amssymb 2013/01/14 v3.01 AMS font symbols

(C:\Users\Lenovo\AppData\Local\Programs\MiKTeX\tex/latex/amsfonts\amsfonts.sty
Package: amsfonts 2013/01/14 v3.01 Basic AMSFonts support
\symAMSa=\mathgroup4
\symAMSb=\mathgroup5
LaTeX Font Info:    Redeclaring math symbol \hbar on input line 98.
LaTeX Font Info:    Overwriting math alphabet `\mathfrak' in version `bold'
(Font)                  U/euf/m/n --> U/euf/b/n on input line 106.
))
(C:\Users\Lenovo\AppData\Local\Programs\MiKTeX\tex/latex/mathtools\mathtools.st
y
Package: mathtools 2024/10/04 v1.31 mathematical typesetting tools
 (C:\Users\Lenovo\AppData\Local\Programs\MiKTeX\tex/latex/tools\calc.sty
Package: calc 2025/03/01 v4.3b Infix arithmetic (KKT,FJ)
\calc@Acount=\count299
\calc@Bcount=\count300
\calc@Adimen=\dimen159
\calc@Bdimen=\dimen160
\calc@Askip=\skip58
\calc@Bskip=\skip59
LaTeX Info: Redefining \setlength on input line 86.
LaTeX Info: Redefining \addtolength on input line 87.
\calc@Ccount=\count301
\calc@Cskip=\skip60
)
(C:\Users\Lenovo\AppData\Local\Programs\MiKTeX\tex/latex/mathtools\mhsetup.sty
Package: mhsetup 2021/03/18 v1.4 programming setup (MH)
)
\g_MT_multlinerow_int=\count302
\l_MT_multwidth_dim=\dimen161
\origjot=\skip61
\l_MT_shortvdotswithinadjustabove_dim=\dimen162
\l_MT_shortvdotswithinadjustbelow_dim=\dimen163
\l_MT_above_intertext_sep=\dimen164
\l_MT_below_intertext_sep=\dimen165
\l_MT_above_shortintertext_sep=\dimen166
\l_MT_below_shortintertext_sep=\dimen167
\xmathstrut@box=\box56
\xmathstrut@dim=\dimen168
)
(C:\Users\Lenovo\AppData\Local\Programs\MiKTeX\tex/latex/jknappen\mathrsfs.sty
Package: mathrsfs 1996/01/01 Math RSFS package v1.0 (jk)
\symrsfs=\mathgroup6
) (C:\Users\Lenovo\AppData\Local\Programs\MiKTeX\tex/latex/enumitem\enumitem.st
y
Package: enumitem 2025/02/06 v3.11 Customized lists
\labelindent=\skip62
\enit@outerparindent=\dimen169
\enit@toks=\toks33
\enit@inbox=\box57
\enit@count@id=\count303
\enitdp@description=\count304
)
(C:\Users\Lenovo\AppData\Local\Programs\MiKTeX\tex/latex/geometry\geometry.sty
Package: geometry 2020/01/02 v5.9 Page Geometry

(C:\Users\Lenovo\AppData\Local\Programs\MiKTeX\tex/generic/iftex\ifvtex.sty
Package: ifvtex 2019/10/25 v1.7 ifvtex legacy package. Use iftex instead.

(C:\Users\Lenovo\AppData\Local\Programs\MiKTeX\tex/generic/iftex\iftex.sty
Package: iftex 2024/12/12 v1.0g TeX engine tests
))
\Gm@cnth=\count305
\Gm@cntv=\count306
\c@Gm@tempcnt=\count307
\Gm@bindingoffset=\dimen170
\Gm@wd@mp=\dimen171
\Gm@odd@mp=\dimen172
\Gm@even@mp=\dimen173
\Gm@layoutwidth=\dimen174
\Gm@layoutheight=\dimen175
\Gm@layouthoffset=\dimen176
\Gm@layoutvoffset=\dimen177
\Gm@dimlist=\toks34

(C:\Users\Lenovo\AppData\Local\Programs\MiKTeX\tex/latex/geometry\geometry.cfg)
)
   defining Unicode char U+0302 (decimal 770)

(C:\Users\Lenovo\AppData\Local\Programs\MiKTeX\tex/latex/tcolorbox\tcolorbox.st
y
Package: tcolorbox 2025/09/09 version 6.8.0 text color boxes

(C:\Users\Lenovo\AppData\Local\Programs\MiKTeX\tex/latex/pgf/frontendlayer\tikz
.sty
(C:\Users\Lenovo\AppData\Local\Programs\MiKTeX\tex/latex/pgf/basiclayer\pgf.sty

(C:\Users\Lenovo\AppData\Local\Programs\MiKTeX\tex/latex/pgf/utilities\pgfrcs.s
ty
(C:\Users\Lenovo\AppData\Local\Programs\MiKTeX\tex/generic/pgf/utilities\pgfuti
l-common.tex
\pgfutil@everybye=\toks35
\pgfutil@tempdima=\dimen178
\pgfutil@tempdimb=\dimen179
)
(C:\Users\Lenovo\AppData\Local\Programs\MiKTeX\tex/generic/pgf/utilities\pgfuti
l-latex.def
\pgfutil@abb=\box58
)
(C:\Users\Lenovo\AppData\Local\Programs\MiKTeX\tex/generic/pgf/utilities\pgfrcs
.code.tex
(C:\Users\Lenovo\AppData\Local\Programs\MiKTeX\tex/generic/pgf\pgf.revision.tex
)
Package: pgfrcs 2025-08-29 v3.1.11a (3.1.11a)
))
Package: pgf 2025-08-29 v3.1.11a (3.1.11a)

(C:\Users\Lenovo\AppData\Local\Programs\MiKTeX\tex/latex/pgf/basiclayer\pgfcore
.sty
(C:\Users\Lenovo\AppData\Local\Programs\MiKTeX\tex/latex/graphics\graphicx.sty
Package: graphicx 2024/12/31 v1.2e Enhanced LaTeX Graphics (DPC,SPQR)

(C:\Users\Lenovo\AppData\Local\Programs\MiKTeX\tex/latex/graphics\graphics.sty
Package: graphics 2024/08/06 v1.4g Standard LaTeX Graphics (DPC,SPQR)

(C:\Users\Lenovo\AppData\Local\Programs\MiKTeX\tex/latex/graphics\trig.sty
Package: trig 2023/12/02 v1.11 sin cos tan (DPC)
)
(C:\Users\Lenovo\AppData\Local\Programs\MiKTeX\tex/latex/graphics-cfg\graphics.
cfg
File: graphics.cfg 2016/06/04 v1.11 sample graphics configuration
)
Package graphics Info: Driver file: pdftex.def on input line 106.

(C:\Users\Lenovo\AppData\Local\Programs\MiKTeX\tex/latex/graphics-def\pdftex.de
f
File: pdftex.def 2025/09/29 v1.2d Graphics/color driver for pdftex
))
\Gin@req@height=\dimen180
\Gin@req@width=\dimen181
)
(C:\Users\Lenovo\AppData\Local\Programs\MiKTeX\tex/latex/pgf/systemlayer\pgfsys
.sty
(C:\Users\Lenovo\AppData\Local\Programs\MiKTeX\tex/generic/pgf/systemlayer\pgfs
ys.code.tex
Package: pgfsys 2025-08-29 v3.1.11a (3.1.11a)

(C:\Users\Lenovo\AppData\Local\Programs\MiKTeX\tex/generic/pgf/utilities\pgfkey
s.code.tex
\pgfkeys@pathtoks=\toks36
\pgfkeys@temptoks=\toks37

(C:\Users\Lenovo\AppData\Local\Programs\MiKTeX\tex/generic/pgf/utilities\pgfkey
slibraryfiltered.code.tex
\pgfkeys@tmptoks=\toks38
))
\pgf@x=\dimen182
\pgf@y=\dimen183
\pgf@xa=\dimen184
\pgf@ya=\dimen185
\pgf@xb=\dimen186
\pgf@yb=\dimen187
\pgf@xc=\dimen188
\pgf@yc=\dimen189
\pgf@xd=\dimen190
\pgf@yd=\dimen191
\w@pgf@writea=\write3
\r@pgf@reada=\read2
\c@pgf@counta=\count308
\c@pgf@countb=\count309
\c@pgf@countc=\count310
\c@pgf@countd=\count311
\t@pgf@toka=\toks39
\t@pgf@tokb=\toks40
\t@pgf@tokc=\toks41
\pgf@sys@id@count=\count312

(C:\Users\Lenovo\AppData\Local\Programs\MiKTeX\tex/generic/pgf/systemlayer\pgf.
cfg
File: pgf.cfg 2025-08-29 v3.1.11a (3.1.11a)
)
Driver file for pgf: pgfsys-pdftex.def

(C:\Users\Lenovo\AppData\Local\Programs\MiKTeX\tex/generic/pgf/systemlayer\pgfs
ys-pdftex.def
File: pgfsys-pdftex.def 2025-08-29 v3.1.11a (3.1.11a)

(C:\Users\Lenovo\AppData\Local\Programs\MiKTeX\tex/generic/pgf/systemlayer\pgfs
ys-common-pdf.def
File: pgfsys-common-pdf.def 2025-08-29 v3.1.11a (3.1.11a)
)))
(C:\Users\Lenovo\AppData\Local\Programs\MiKTeX\tex/generic/pgf/systemlayer\pgfs
yssoftpath.code.tex
File: pgfsyssoftpath.code.tex 2025-08-29 v3.1.11a (3.1.11a)
\pgfsyssoftpath@smallbuffer@items=\count313
\pgfsyssoftpath@bigbuffer@items=\count314
)
(C:\Users\Lenovo\AppData\Local\Programs\MiKTeX\tex/generic/pgf/systemlayer\pgfs
ysprotocol.code.tex
File: pgfsysprotocol.code.tex 2025-08-29 v3.1.11a (3.1.11a)
))
(C:\Users\Lenovo\AppData\Local\Programs\MiKTeX\tex/latex/xcolor\xcolor.sty
Package: xcolor 2024/09/29 v3.02 LaTeX color extensions (UK)

(C:\Users\Lenovo\AppData\Local\Programs\MiKTeX\tex/latex/graphics-cfg\color.cfg
File: color.cfg 2016/01/02 v1.6 sample color configuration
)
Package xcolor Info: Driver file: pdftex.def on input line 274.

(C:\Users\Lenovo\AppData\Local\Programs\MiKTeX\tex/latex/graphics\mathcolor.ltx
)
Package xcolor Info: Model `cmy' substituted by `cmy0' on input line 1349.
Package xcolor Info: Model `hsb' substituted by `rgb' on input line 1353.
Package xcolor Info: Model `RGB' extended on input line 1365.
Package xcolor Info: Model `HTML' substituted by `rgb' on input line 1367.
Package xcolor Info: Model `Hsb' substituted by `hsb' on input line 1368.
Package xcolor Info: Model `tHsb' substituted by `hsb' on input line 1369.
Package xcolor Info: Model `HSB' substituted by `hsb' on input line 1370.
Package xcolor Info: Model `Gray' substituted by `gray' on input line 1371.
Package xcolor Info: Model `wave' substituted by `hsb' on input line 1372.
)
(C:\Users\Lenovo\AppData\Local\Programs\MiKTeX\tex/generic/pgf/basiclayer\pgfco
re.code.tex
Package: pgfcore 2025-08-29 v3.1.11a (3.1.11a)

(C:\Users\Lenovo\AppData\Local\Programs\MiKTeX\tex/generic/pgf/math\pgfmath.cod
e.tex
(C:\Users\Lenovo\AppData\Local\Programs\MiKTeX\tex/generic/pgf/math\pgfmathutil
.code.tex)
(C:\Users\Lenovo\AppData\Local\Programs\MiKTeX\tex/generic/pgf/math\pgfmathpars
er.code.tex
\pgfmath@dimen=\dimen192
\pgfmath@count=\count315
\pgfmath@box=\box59
\pgfmath@toks=\toks42
\pgfmath@stack@operand=\toks43
\pgfmath@stack@operation=\toks44
)
(C:\Users\Lenovo\AppData\Local\Programs\MiKTeX\tex/generic/pgf/math\pgfmathfunc
tions.code.tex)
(C:\Users\Lenovo\AppData\Local\Programs\MiKTeX\tex/generic/pgf/math\pgfmathfunc
tions.basic.code.tex)
(C:\Users\Lenovo\AppData\Local\Programs\MiKTeX\tex/generic/pgf/math\pgfmathfunc
tions.trigonometric.code.tex)
(C:\Users\Lenovo\AppData\Local\Programs\MiKTeX\tex/generic/pgf/math\pgfmathfunc
tions.random.code.tex)
(C:\Users\Lenovo\AppData\Local\Programs\MiKTeX\tex/generic/pgf/math\pgfmathfunc
tions.comparison.code.tex)
(C:\Users\Lenovo\AppData\Local\Programs\MiKTeX\tex/generic/pgf/math\pgfmathfunc
tions.base.code.tex)
(C:\Users\Lenovo\AppData\Local\Programs\MiKTeX\tex/generic/pgf/math\pgfmathfunc
tions.round.code.tex)
(C:\Users\Lenovo\AppData\Local\Programs\MiKTeX\tex/generic/pgf/math\pgfmathfunc
tions.misc.code.tex)
(C:\Users\Lenovo\AppData\Local\Programs\MiKTeX\tex/generic/pgf/math\pgfmathfunc
tions.integerarithmetics.code.tex)
(C:\Users\Lenovo\AppData\Local\Programs\MiKTeX\tex/generic/pgf/math\pgfmathcalc
.code.tex)
(C:\Users\Lenovo\AppData\Local\Programs\MiKTeX\tex/generic/pgf/math\pgfmathfloa
t.code.tex
\c@pgfmathroundto@lastzeros=\count316
))
(C:\Users\Lenovo\AppData\Local\Programs\MiKTeX\tex/generic/pgf/math\pgfint.code
.tex)
(C:\Users\Lenovo\AppData\Local\Programs\MiKTeX\tex/generic/pgf/basiclayer\pgfco
repoints.code.tex
File: pgfcorepoints.code.tex 2025-08-29 v3.1.11a (3.1.11a)
\pgf@picminx=\dimen193
\pgf@picmaxx=\dimen194
\pgf@picminy=\dimen195
\pgf@picmaxy=\dimen196
\pgf@pathminx=\dimen197
\pgf@pathmaxx=\dimen198
\pgf@pathminy=\dimen199
\pgf@pathmaxy=\dimen256
\pgf@xx=\dimen257
\pgf@xy=\dimen258
\pgf@yx=\dimen259
\pgf@yy=\dimen260
\pgf@zx=\dimen261
\pgf@zy=\dimen262
)
(C:\Users\Lenovo\AppData\Local\Programs\MiKTeX\tex/generic/pgf/basiclayer\pgfco
repathconstruct.code.tex
File: pgfcorepathconstruct.code.tex 2025-08-29 v3.1.11a (3.1.11a)
\pgf@path@lastx=\dimen263
\pgf@path@lasty=\dimen264
)
(C:\Users\Lenovo\AppData\Local\Programs\MiKTeX\tex/generic/pgf/basiclayer\pgfco
repathusage.code.tex
File: pgfcorepathusage.code.tex 2025-08-29 v3.1.11a (3.1.11a)
\pgf@shorten@end@additional=\dimen265
\pgf@shorten@start@additional=\dimen266
)
(C:\Users\Lenovo\AppData\Local\Programs\MiKTeX\tex/generic/pgf/basiclayer\pgfco
rescopes.code.tex
File: pgfcorescopes.code.tex 2025-08-29 v3.1.11a (3.1.11a)
\pgfpic=\box60
\pgf@hbox=\box61
\pgf@layerbox@main=\box62
\pgf@picture@serial@count=\count317
)
(C:\Users\Lenovo\AppData\Local\Programs\MiKTeX\tex/generic/pgf/basiclayer\pgfco
regraphicstate.code.tex
File: pgfcoregraphicstate.code.tex 2025-08-29 v3.1.11a (3.1.11a)
\pgflinewidth=\dimen267
)
(C:\Users\Lenovo\AppData\Local\Programs\MiKTeX\tex/generic/pgf/basiclayer\pgfco
retransformations.code.tex
File: pgfcoretransformations.code.tex 2025-08-29 v3.1.11a (3.1.11a)
\pgf@pt@x=\dimen268
\pgf@pt@y=\dimen269
\pgf@pt@temp=\dimen270
)
(C:\Users\Lenovo\AppData\Local\Programs\MiKTeX\tex/generic/pgf/basiclayer\pgfco
requick.code.tex
File: pgfcorequick.code.tex 2025-08-29 v3.1.11a (3.1.11a)
)
(C:\Users\Lenovo\AppData\Local\Programs\MiKTeX\tex/generic/pgf/basiclayer\pgfco
reobjects.code.tex
File: pgfcoreobjects.code.tex 2025-08-29 v3.1.11a (3.1.11a)
)
(C:\Users\Lenovo\AppData\Local\Programs\MiKTeX\tex/generic/pgf/basiclayer\pgfco
repathprocessing.code.tex
File: pgfcorepathprocessing.code.tex 2025-08-29 v3.1.11a (3.1.11a)
)
(C:\Users\Lenovo\AppData\Local\Programs\MiKTeX\tex/generic/pgf/basiclayer\pgfco
rearrows.code.tex
File: pgfcorearrows.code.tex 2025-08-29 v3.1.11a (3.1.11a)
\pgfarrowsep=\dimen271
)
(C:\Users\Lenovo\AppData\Local\Programs\MiKTeX\tex/generic/pgf/basiclayer\pgfco
reshade.code.tex
File: pgfcoreshade.code.tex 2025-08-29 v3.1.11a (3.1.11a)
\pgf@max=\dimen272
\pgf@sys@shading@range@num=\count318
\pgf@shadingcount=\count319
)
(C:\Users\Lenovo\AppData\Local\Programs\MiKTeX\tex/generic/pgf/basiclayer\pgfco
reimage.code.tex
File: pgfcoreimage.code.tex 2025-08-29 v3.1.11a (3.1.11a)
)
(C:\Users\Lenovo\AppData\Local\Programs\MiKTeX\tex/generic/pgf/basiclayer\pgfco
reexternal.code.tex
File: pgfcoreexternal.code.tex 2025-08-29 v3.1.11a (3.1.11a)
\pgfexternal@startupbox=\box63
)
(C:\Users\Lenovo\AppData\Local\Programs\MiKTeX\tex/generic/pgf/basiclayer\pgfco
relayers.code.tex
File: pgfcorelayers.code.tex 2025-08-29 v3.1.11a (3.1.11a)
)
(C:\Users\Lenovo\AppData\Local\Programs\MiKTeX\tex/generic/pgf/basiclayer\pgfco
retransparency.code.tex
File: pgfcoretransparency.code.tex 2025-08-29 v3.1.11a (3.1.11a)
)
(C:\Users\Lenovo\AppData\Local\Programs\MiKTeX\tex/generic/pgf/basiclayer\pgfco
repatterns.code.tex
File: pgfcorepatterns.code.tex 2025-08-29 v3.1.11a (3.1.11a)
)
(C:\Users\Lenovo\AppData\Local\Programs\MiKTeX\tex/generic/pgf/basiclayer\pgfco
rerdf.code.tex
File: pgfcorerdf.code.tex 2025-08-29 v3.1.11a (3.1.11a)
)))
(C:\Users\Lenovo\AppData\Local\Programs\MiKTeX\tex/generic/pgf/modules\pgfmodul
eshapes.code.tex
File: pgfmoduleshapes.code.tex 2025-08-29 v3.1.11a (3.1.11a)
\pgfnodeparttextbox=\box64
)
(C:\Users\Lenovo\AppData\Local\Programs\MiKTeX\tex/generic/pgf/modules\pgfmodul
eplot.code.tex
File: pgfmoduleplot.code.tex 2025-08-29 v3.1.11a (3.1.11a)
)
(C:\Users\Lenovo\AppData\Local\Programs\MiKTeX\tex/latex/pgf/compatibility\pgfc
omp-version-0-65.sty
Package: pgfcomp-version-0-65 2025-08-29 v3.1.11a (3.1.11a)
\pgf@nodesepstart=\dimen273
\pgf@nodesepend=\dimen274
)
(C:\Users\Lenovo\AppData\Local\Programs\MiKTeX\tex/latex/pgf/compatibility\pgfc
omp-version-1-18.sty
Package: pgfcomp-version-1-18 2025-08-29 v3.1.11a (3.1.11a)
))
(C:\Users\Lenovo\AppData\Local\Programs\MiKTeX\tex/latex/pgf/utilities\pgffor.s
ty
(C:\Users\Lenovo\AppData\Local\Programs\MiKTeX\tex/latex/pgf/utilities\pgfkeys.
sty
(C:\Users\Lenovo\AppData\Local\Programs\MiKTeX\tex/generic/pgf/utilities\pgfkey
s.code.tex))
(C:\Users\Lenovo\AppData\Local\Programs\MiKTeX\tex/latex/pgf/math\pgfmath.sty
(C:\Users\Lenovo\AppData\Local\Programs\MiKTeX\tex/generic/pgf/math\pgfmath.cod
e.tex))
(C:\Users\Lenovo\AppData\Local\Programs\MiKTeX\tex/generic/pgf/utilities\pgffor
.code.tex
Package: pgffor 2025-08-29 v3.1.11a (3.1.11a)
\pgffor@iter=\dimen275
\pgffor@skip=\dimen276
\pgffor@stack=\toks45
\pgffor@toks=\toks46
))
(C:\Users\Lenovo\AppData\Local\Programs\MiKTeX\tex/generic/pgf/frontendlayer/ti
kz\tikz.code.tex
Package: tikz 2025-08-29 v3.1.11a (3.1.11a)

(C:\Users\Lenovo\AppData\Local\Programs\MiKTeX\tex/generic/pgf/libraries\pgflib
raryplothandlers.code.tex
File: pgflibraryplothandlers.code.tex 2025-08-29 v3.1.11a (3.1.11a)
\pgf@plot@mark@count=\count320
\pgfplotmarksize=\dimen277
)
\tikz@lastx=\dimen278
\tikz@lasty=\dimen279
\tikz@lastxsaved=\dimen280
\tikz@lastysaved=\dimen281
\tikz@lastmovetox=\dimen282
\tikz@lastmovetoy=\dimen283
\tikzleveldistance=\dimen284
\tikzsiblingdistance=\dimen285
\tikz@figbox=\box65
\tikz@figbox@bg=\box66
\tikz@tempbox=\box67
\tikz@tempbox@bg=\box68
\tikztreelevel=\count321
\tikznumberofchildren=\count322
\tikznumberofcurrentchild=\count323
\tikz@fig@count=\count324

(C:\Users\Lenovo\AppData\Local\Programs\MiKTeX\tex/generic/pgf/modules\pgfmodul
ematrix.code.tex
File: pgfmodulematrix.code.tex 2025-08-29 v3.1.11a (3.1.11a)
\pgfmatrixcurrentrow=\count325
\pgfmatrixcurrentcolumn=\count326
\pgf@matrix@numberofcolumns=\count327
)
\tikz@expandcount=\count328

(C:\Users\Lenovo\AppData\Local\Programs\MiKTeX\tex/generic/pgf/frontendlayer/ti
kz/libraries\tikzlibrarytopaths.code.tex
File: tikzlibrarytopaths.code.tex 2025-08-29 v3.1.11a (3.1.11a)
)))
(C:\Users\Lenovo\AppData\Local\Programs\MiKTeX\tex/latex/tools\verbatim.sty
Package: verbatim 2024-01-22 v1.5x LaTeX2e package for verbatim enhancements
\every@verbatim=\toks47
\verbatim@line=\toks48
\verbatim@in@stream=\read3
)
(C:\Users\Lenovo\AppData\Local\Programs\MiKTeX\tex/latex/environ\environ.sty
Package: environ 2014/05/04 v0.3 A new way to define environments

(C:\Users\Lenovo\AppData\Local\Programs\MiKTeX\tex/latex/trimspaces\trimspaces.
sty
Package: trimspaces 2009/09/17 v1.1 Trim spaces around a token list
))
\tcb@titlebox=\box69
\tcb@upperbox=\box70
\tcb@lowerbox=\box71
\tcb@phantombox=\box72
\c@tcbbreakpart=\count329
\c@tcblayer=\count330
\c@tcolorbox@number=\count331
\l__tcobox_tmpa_box=\box73
\l__tcobox_tmpa_dim=\dimen286
\tcb@temp=\box74
\tcb@temp=\box75
\tcb@temp=\box76
\tcb@temp=\box77
)
(C:\Users\Lenovo\AppData\Local\Programs\MiKTeX\tex/latex/cancel\cancel.sty
Package: cancel 2013/04/12 v2.2 Cancel math terms
)
(C:\Users\Lenovo\AppData\Local\Programs\MiKTeX\tex/latex/carlisle\slashed.sty
Package: slashed 1997/01/16 v0.01 Feynman Slashed Character Notation (DPC)
)
(C:\Users\Lenovo\AppData\Local\Programs\MiKTeX\tex/latex/tools\array.sty
Package: array 2025/09/25 v2.6n Tabular extension package (FMi)
\col@sep=\dimen287
\ar@mcellbox=\box78
\extrarowheight=\dimen288
\NC@list=\toks49
\extratabsurround=\skip63
\backup@length=\skip64
\ar@cellbox=\box79
)
(C:\Users\Lenovo\AppData\Local\Programs\MiKTeX\tex/latex/booktabs\booktabs.sty
Package: booktabs 2020/01/12 v1.61803398 Publication quality tables
\heavyrulewidth=\dimen289
\lightrulewidth=\dimen290
\cmidrulewidth=\dimen291
\belowrulesep=\dimen292
\belowbottomsep=\dimen293
\aboverulesep=\dimen294
\abovetopsep=\dimen295
\cmidrulesep=\dimen296
\cmidrulekern=\dimen297
\defaultaddspace=\dimen298
\@cmidla=\count332
\@cmidlb=\count333
\@aboverulesep=\dimen299
\@belowrulesep=\dimen300
\@thisruleclass=\count334
\@lastruleclass=\count335
\@thisrulewidth=\dimen301
) (C:\Users\Lenovo\AppData\Local\Programs\MiKTeX\tex/latex/tools\longtable.sty
Package: longtable 2025-10-13 v4.24 Multi-page Table package (DPC)
\LTleft=\skip65
\LTright=\skip66
\LTpre=\skip67
\LTpost=\skip68
\LTchunksize=\count336
\LTcapwidth=\dimen302
\LT@head=\box80
\LT@firsthead=\box81
\LT@foot=\box82
\LT@lastfoot=\box83
\LT@gbox=\box84
\LT@cols=\count337
\LT@rows=\count338
\c@LT@tables=\count339
\c@LT@chunks=\count340
\LT@p@ftn=\toks50
)
(C:\Users\Lenovo\AppData\Local\Programs\MiKTeX\tex/latex/algorithms\algorithm.s
ty
Package: algorithm 2009/08/24 v0.1 Document Style `algorithm' - floating enviro
nment
 (C:\Users\Lenovo\AppData\Local\Programs\MiKTeX\tex/latex/float\float.sty
Package: float 2001/11/08 v1.3d Float enhancements (AL)
\c@float@type=\count341
\float@exts=\toks51
\float@box=\box85
\@float@everytoks=\toks52
\@floatcapt=\box86
)
(C:\Users\Lenovo\AppData\Local\Programs\MiKTeX\tex/latex/base\ifthen.sty
Package: ifthen 2024/03/16 v1.1e Standard LaTeX ifthen package (DPC)
)
\@float@every@algorithm=\toks53
\c@algorithm=\count342
)
(C:\Users\Lenovo\AppData\Local\Programs\MiKTeX\tex/latex/algorithmicx\algpseudo
code.sty
Package: algpseudocode 

(C:\Users\Lenovo\AppData\Local\Programs\MiKTeX\tex/latex/algorithmicx\algorithm
icx.sty
Package: algorithmicx 2005/04/27 v1.2 Algorithmicx

Document Style algorithmicx 1.2 - a greatly improved `algorithmic' style
\c@ALG@line=\count343
\c@ALG@rem=\count344
\c@ALG@nested=\count345
\ALG@tlm=\skip69
\ALG@thistlm=\skip70
\c@ALG@Lnr=\count346
\c@ALG@blocknr=\count347
\c@ALG@storecount=\count348
\c@ALG@tmpcounter=\count349
\ALG@tmplength=\skip71
)
Document Style - pseudocode environments for use with the `algorithmicx' style
)
(C:\Users\Lenovo\AppData\Local\Programs\MiKTeX\tex/latex/biblatex\biblatex.sty
Package: biblatex 2025/07/10 v3.21 programmable bibliographies (PK/MW)

(C:\Users\Lenovo\AppData\Local\Programs\MiKTeX\tex/generic/pdftexcmds\pdftexcmd
s.sty
Package: pdftexcmds 2020-06-27 v0.33 Utility functions of pdfTeX for LuaTeX (HO
)

(C:\Users\Lenovo\AppData\Local\Programs\MiKTeX\tex/generic/infwarerr\infwarerr.
sty
Package: infwarerr 2019/12/03 v1.5 Providing info/warning/error messages (HO)
)
(C:\Users\Lenovo\AppData\Local\Programs\MiKTeX\tex/generic/ltxcmds\ltxcmds.sty
Package: ltxcmds 2023-12-04 v1.26 LaTeX kernel commands for general use (HO)
)
Package pdftexcmds Info: \pdf@primitive is available.
Package pdftexcmds Info: \pdf@ifprimitive is available.
Package pdftexcmds Info: \pdfdraftmode found.
)
(C:\Users\Lenovo\AppData\Local\Programs\MiKTeX\tex/latex/kvoptions\kvoptions.st
y
Package: kvoptions 2022-06-15 v3.15 Key value format for package options (HO)

(C:\Users\Lenovo\AppData\Local\Programs\MiKTeX\tex/latex/kvsetkeys\kvsetkeys.st
y
Package: kvsetkeys 2022-10-05 v1.19 Key value parser (HO)
)) (C:\Users\Lenovo\AppData\Local\Programs\MiKTeX\tex/latex/logreq\logreq.sty
Package: logreq 2010/08/04 v1.0 xml request logger
\lrq@indent=\count350

(C:\Users\Lenovo\AppData\Local\Programs\MiKTeX\tex/latex/logreq\logreq.def
File: logreq.def 2010/08/04 v1.0 logreq spec v1.0
))
(C:\Users\Lenovo\AppData\Local\Programs\MiKTeX\tex/latex/url\url.sty
\Urlmuskip=\muskip18
Package: url 2013/09/16  ver 3.4  Verb mode for urls, etc.
)
\c@tabx@nest=\count351
\c@listtotal=\count352
\c@listcount=\count353
\c@liststart=\count354
\c@liststop=\count355
\c@citecount=\count356
\c@citetotal=\count357
\c@multicitecount=\count358
\c@multicitetotal=\count359
\c@instcount=\count360
\c@maxnames=\count361
\c@minnames=\count362
\c@maxitems=\count363
\c@minitems=\count364
\c@citecounter=\count365
\c@maxcitecounter=\count366
\c@savedcitecounter=\count367
\c@uniquelist=\count368
\c@uniquename=\count369
\c@refsection=\count370
\c@refsegment=\count371
\c@maxextratitle=\count372
\c@maxextratitleyear=\count373
\c@maxextraname=\count374
\c@maxextradate=\count375
\c@maxextraalpha=\count376
\c@abbrvpenalty=\count377
\c@highnamepenalty=\count378
\c@lownamepenalty=\count379
\c@maxparens=\count380
\c@parenlevel=\count381
\blx@tempcnta=\count382
\blx@tempcntb=\count383
\blx@tempcntc=\count384
\c@blx@maxsection=\count385
\blx@maxsegment@0=\count386
\blx@notetype=\count387
\blx@parenlevel@text=\count388
\blx@parenlevel@foot=\count389
\blx@sectionciteorder@0=\count390
\blx@sectionciteorderinternal@0=\count391
\blx@entrysetcounter=\count392
\blx@biblioinstance=\count393
\labelnumberwidth=\skip72
\labelalphawidth=\skip73
\biblabelsep=\skip74
\bibitemsep=\skip75
\bibnamesep=\skip76
\bibinitsep=\skip77
\bibparsep=\skip78
\bibhang=\skip79
\blx@bcfin=\read4
\blx@bcfout=\write4
\blx@langwohyphens=\language79
\c@mincomprange=\count394
\c@maxcomprange=\count395
\c@mincompwidth=\count396
Package biblatex Info: Trying to load biblatex default data model...
Package biblatex Info: ... file 'blx-dm.def' found.

(C:\Users\Lenovo\AppData\Local\Programs\MiKTeX\tex/latex/biblatex\blx-dm.def
File: blx-dm.def 2025/07/10 v3.21 biblatex datamodel (PK/MW)
)
Package biblatex Info: Trying to load biblatex style data model...
Package biblatex Info: ... file 'numeric.dbx' not found.
Package biblatex Info: Trying to load biblatex custom data model...
Package biblatex Info: ... file 'biblatex-dm.cfg' not found.
\c@afterword=\count397
\c@savedafterword=\count398
\c@annotator=\count399
\c@savedannotator=\count400
\c@author=\count401
\c@savedauthor=\count402
\c@bookauthor=\count403
\c@savedbookauthor=\count404
\c@commentator=\count405
\c@savedcommentator=\count406
\c@editor=\count407
\c@savededitor=\count408
\c@editora=\count409
\c@savededitora=\count410
\c@editorb=\count411
\c@savededitorb=\count412
\c@editorc=\count413
\c@savededitorc=\count414
\c@foreword=\count415
\c@savedforeword=\count416
\c@holder=\count417
\c@savedholder=\count418
\c@introduction=\count419
\c@savedintroduction=\count420
\c@namea=\count421
\c@savednamea=\count422
\c@nameb=\count423
\c@savednameb=\count424
\c@namec=\count425
\c@savednamec=\count426
\c@translator=\count427
\c@savedtranslator=\count428
\c@shortauthor=\count429
\c@savedshortauthor=\count430
\c@shorteditor=\count431
\c@savedshorteditor=\count432
\c@labelname=\count433
\c@savedlabelname=\count434
\c@institution=\count435
\c@savedinstitution=\count436
\c@lista=\count437
\c@savedlista=\count438
\c@listb=\count439
\c@savedlistb=\count440
\c@listc=\count441
\c@savedlistc=\count442
\c@listd=\count443
\c@savedlistd=\count444
\c@liste=\count445
\c@savedliste=\count446
\c@listf=\count447
\c@savedlistf=\count448
\c@location=\count449
\c@savedlocation=\count450
\c@organization=\count451
\c@savedorganization=\count452
\c@origlocation=\count453
\c@savedoriglocation=\count454
\c@origpublisher=\count455
\c@savedorigpublisher=\count456
\c@publisher=\count457
\c@savedpublisher=\count458
\c@language=\count459
\c@savedlanguage=\count460
\c@origlanguage=\count461
\c@savedoriglanguage=\count462
\c@pageref=\count463
\c@savedpageref=\count464
\shorthandwidth=\skip80
\shortjournalwidth=\skip81
\shortserieswidth=\skip82
\shorttitlewidth=\skip83
\shortauthorwidth=\skip84
\shorteditorwidth=\skip85
\locallabelnumberwidth=\skip86
\locallabelalphawidth=\skip87
\localshorthandwidth=\skip88
\localshortjournalwidth=\skip89
\localshortserieswidth=\skip90
\localshorttitlewidth=\skip91
\localshortauthorwidth=\skip92
\localshorteditorwidth=\skip93
Package biblatex Info: Trying to load compatibility code...
Package biblatex Info: ... file 'blx-compat.def' found.

(C:\Users\Lenovo\AppData\Local\Programs\MiKTeX\tex/latex/biblatex\blx-compat.de
f
File: blx-compat.def 2025/07/10 v3.21 biblatex compatibility (PK/MW)
)
Package biblatex Info: Trying to load generic definitions...
Package biblatex Info: ... file 'biblatex.def' found.

(C:\Users\Lenovo\AppData\Local\Programs\MiKTeX\tex/latex/biblatex\biblatex.def
File: biblatex.def 2025/07/10 v3.21 biblatex compatibility (PK/MW)
\c@textcitecount=\count465
\c@textcitetotal=\count466
\c@textcitemaxnames=\count467
\c@biburlbigbreakpenalty=\count468
\c@biburlbreakpenalty=\count469
\c@biburlnumpenalty=\count470
\c@biburlucpenalty=\count471
\c@biburllcpenalty=\count472
\biburlbigskip=\muskip19
\biburlnumskip=\muskip20
\biburlucskip=\muskip21
\biburllcskip=\muskip22
\c@smartand=\count473
)
Package biblatex Info: Trying to load bibliography style 'numeric'...
Package biblatex Info: ... file 'numeric.bbx' found.

(C:\Users\Lenovo\AppData\Local\Programs\MiKTeX\tex/latex/biblatex/bbx\numeric.b
bx
File: numeric.bbx 2025/07/10 v3.21 biblatex bibliography style (PK/MW)
Package biblatex Info: Trying to load bibliography style 'standard'...
Package biblatex Info: ... file 'standard.bbx' found.

(C:\Users\Lenovo\AppData\Local\Programs\MiKTeX\tex/latex/biblatex/bbx\standard.
bbx
File: standard.bbx 2025/07/10 v3.21 biblatex bibliography style (PK/MW)
\c@bbx:relatedcount=\count474
\c@bbx:relatedtotal=\count475
))
Package biblatex Info: Trying to load citation style 'numeric'...
Package biblatex Info: ... file 'numeric.cbx' found.

(C:\Users\Lenovo\AppData\Local\Programs\MiKTeX\tex/latex/biblatex/cbx\numeric.c
bx
File: numeric.cbx 2025/07/10 v3.21 biblatex citation style (PK/MW)
Package biblatex Info: Redefining '\cite'.
Package biblatex Info: Redefining '\parencite'.
Package biblatex Info: Redefining '\footcite'.
Package biblatex Info: Redefining '\footcitetext'.
Package biblatex Info: Redefining '\smartcite'.
Package biblatex Info: Redefining '\supercite'.
Package biblatex Info: Redefining '\textcite'.
Package biblatex Info: Redefining '\textcites'.
Package biblatex Info: Redefining '\cites'.
Package biblatex Info: Redefining '\parencites'.
Package biblatex Info: Redefining '\smartcites'.
)
Package biblatex Info: Trying to load configuration file...
Package biblatex Info: ... file 'biblatex.cfg' found.

(C:\Users\Lenovo\AppData\Local\Programs\MiKTeX\tex/latex/biblatex\biblatex.cfg
File: biblatex.cfg 
)
Package biblatex Info: Input encoding 'utf8' detected.
Package biblatex Info: Document encoding is UTF8 ....
(C:\Users\Lenovo\AppData\Local\Programs\MiKTeX\tex/latex/l3kernel\expl3.sty
Package: expl3 2025-10-24 L3 programming layer (loader) 

(C:\Users\Lenovo\AppData\Local\Programs\MiKTeX\tex/latex/l3backend\l3backend-pd
ftex.def
File: l3backend-pdftex.def 2025-10-09 L3 backend support: PDF output (pdfTeX)
\l__color_backend_stack_int=\count476
))
Package biblatex Info: ... and expl3
(biblatex)             2025-10-24 L3 programming layer (loader) 
(biblatex)             is new enough (at least 2020/04/06),
(biblatex)             setting 'casechanger=expl3'.

(C:\Users\Lenovo\AppData\Local\Programs\MiKTeX\tex/latex/biblatex\blx-case-expl
3.sty
(C:\Users\Lenovo\AppData\Local\Programs\MiKTeX\tex/latex/l3packages/xparse\xpar
se.sty
Package: xparse 2025-10-09 L3 Experimental document command parser
)
Package: blx-case-expl3 2025/07/10 v3.21 expl3 case changing code for biblatex
))
(C:\Users\Lenovo\AppData\Local\Programs\MiKTeX\tex/latex/hyperref\hyperref.sty
Package: hyperref 2025-07-12 v7.01o Hypertext links for LaTeX

(C:\Users\Lenovo\AppData\Local\Programs\MiKTeX\tex/generic/kvdefinekeys\kvdefin
ekeys.sty
Package: kvdefinekeys 2019-12-19 v1.6 Define keys (HO)
)
(C:\Users\Lenovo\AppData\Local\Programs\MiKTeX\tex/generic/pdfescape\pdfescape.
sty
Package: pdfescape 2019/12/09 v1.15 Implements pdfTeX's escape features (HO)
)
(C:\Users\Lenovo\AppData\Local\Programs\MiKTeX\tex/latex/hycolor\hycolor.sty
Package: hycolor 2020-01-27 v1.10 Color options for hyperref/bookmark (HO)
)
(C:\Users\Lenovo\AppData\Local\Programs\MiKTeX\tex/latex/hyperref\nameref.sty
Package: nameref 2025-06-21 v2.57 Cross-referencing by name of section

(C:\Users\Lenovo\AppData\Local\Programs\MiKTeX\tex/latex/refcount\refcount.sty
Package: refcount 2019/12/15 v3.6 Data extraction from label references (HO)
)
(C:\Users\Lenovo\AppData\Local\Programs\MiKTeX\tex/generic/gettitlestring\getti
tlestring.sty
Package: gettitlestring 2019/12/15 v1.6 Cleanup title references (HO)
)
\c@section@level=\count477
)
(C:\Users\Lenovo\AppData\Local\Programs\MiKTeX\tex/generic/stringenc\stringenc.
sty
Package: stringenc 2019/11/29 v1.12 Convert strings between diff. encodings (HO
)
)
\@linkdim=\dimen303
\Hy@linkcounter=\count478
\Hy@pagecounter=\count479

(C:\Users\Lenovo\AppData\Local\Programs\MiKTeX\tex/latex/hyperref\pd1enc.def
File: pd1enc.def 2025-07-12 v7.01o Hyperref: PDFDocEncoding definition (HO)
Now handling font encoding PD1 ...
... no UTF-8 mapping file for font encoding PD1
)
(C:\Users\Lenovo\AppData\Local\Programs\MiKTeX\tex/generic/intcalc\intcalc.sty
Package: intcalc 2019/12/15 v1.3 Expandable calculations with integers (HO)
)
\Hy@SavedSpaceFactor=\count480
(C:\Users\Lenovo\AppData\Local\Programs\MiKTeX\tex/latex/hyperref\puenc.def
File: puenc.def 2025-07-12 v7.01o Hyperref: PDF Unicode definition (HO)
Now handling font encoding PU ...
... no UTF-8 mapping file for font encoding PU
)
Package hyperref Info: Option `breaklinks' set `true' on input line 4066.
Package hyperref Info: Option `plainpages' set `false' on input line 4066.
Package hyperref Info: Option `pdfpagelabels' set `true' on input line 4066.
Package hyperref Info: Option `hypertexnames' set `false' on input line 4066.
Package hyperref Info: Option `bookmarks' set `false' on input line 4066.
Package hyperref Info: Hyper figures OFF on input line 4195.
Package hyperref Info: Link nesting OFF on input line 4200.
Package hyperref Info: Hyper index ON on input line 4203.
Package hyperref Info: Plain pages OFF on input line 4210.
Package hyperref Info: Backreferencing OFF on input line 4215.
Package hyperref Info: Implicit mode ON; LaTeX internals redefined.
Package hyperref Info: Bookmarks OFF on input line 4468.
\c@Hy@tempcnt=\count481
LaTeX Info: Redefining \url on input line 4801.
\XeTeXLinkMargin=\dimen304

(C:\Users\Lenovo\AppData\Local\Programs\MiKTeX\tex/generic/bitset\bitset.sty
Package: bitset 2019/12/09 v1.3 Handle bit-vector datatype (HO)

(C:\Users\Lenovo\AppData\Local\Programs\MiKTeX\tex/generic/bigintcalc\bigintcal
c.sty
Package: bigintcalc 2019/12/15 v1.5 Expandable calculations on big integers (HO
)
))
\Fld@menulength=\count482
\Field@Width=\dimen305
\Fld@charsize=\dimen306
Package hyperref Info: Hyper figures OFF on input line 6078.
Package hyperref Info: Link nesting OFF on input line 6083.
Package hyperref Info: Hyper index ON on input line 6086.
Package hyperref Info: backreferencing OFF on input line 6093.
Package hyperref Info: Link coloring OFF on input line 6098.
Package hyperref Info: Link coloring with OCG OFF on input line 6103.
Package hyperref Info: PDF/A mode OFF on input line 6108.
\Hy@abspage=\count483
\c@Item=\count484
\c@Hfootnote=\count485
)
Package hyperref Info: Driver: hpdftex.

(C:\Users\Lenovo\AppData\Local\Programs\MiKTeX\tex/latex/hyperref\hpdftex.def
File: hpdftex.def 2025-07-12 v7.01o Hyperref driver for pdfTeX
\Fld@listcount=\count486
\c@bookmark@seq@number=\count487

(C:\Users\Lenovo\AppData\Local\Programs\MiKTeX\tex/latex/rerunfilecheck\rerunfi
lecheck.sty
Package: rerunfilecheck 2025-06-21 v1.11 Rerun checks for auxiliary files (HO)

(C:\Users\Lenovo\AppData\Local\Programs\MiKTeX\tex/generic/uniquecounter\unique
counter.sty
Package: uniquecounter 2019/12/15 v1.4 Provide unlimited unique counter (HO)
)
Package uniquecounter Info: New unique counter `rerunfilecheck' on input line 2
84.
)
\Hy@SectionHShift=\skip94
)
\c@theorem=\count488

(C:\Users\Lenovo\AppData\Local\Programs\MiKTeX\tex/generic/alphalph\alphalph.st
y
Package: alphalph 2019/12/09 v2.6 Convert numbers to letters (HO)
)) (notation_master.tex
\c@theoremI=\count489
\c@theoremII=\count490
\c@theoremIII=\count491
\c@theoremIV=\count492
) (document-info.tex)
\@quotelevel=\count493
\@quotereset=\count494
LaTeX Font Info:    Trying to load font information for T1+lmr on input line 11
.

(C:\Users\Lenovo\AppData\Local\Programs\MiKTeX\tex/latex/lm\t1lmr.fd
File: t1lmr.fd 2015/05/01 v1.6.1 Font defs for Latin Modern
) (main.aux)
\openout1 = `main.aux'.

LaTeX Font Info:    Checking defaults for OML/cmm/m/it on input line 11.
LaTeX Font Info:    ... okay on input line 11.
LaTeX Font Info:    Checking defaults for OMS/cmsy/m/n on input line 11.
LaTeX Font Info:    ... okay on input line 11.
LaTeX Font Info:    Checking defaults for OT1/cmr/m/n on input line 11.
LaTeX Font Info:    ... okay on input line 11.
LaTeX Font Info:    Checking defaults for T1/cmr/m/n on input line 11.
LaTeX Font Info:    ... okay on input line 11.
LaTeX Font Info:    Checking defaults for TS1/cmr/m/n on input line 11.
LaTeX Font Info:    ... okay on input line 11.
LaTeX Font Info:    Checking defaults for OMX/cmex/m/n on input line 11.
LaTeX Font Info:    ... okay on input line 11.
LaTeX Font Info:    Checking defaults for U/cmr/m/n on input line 11.
LaTeX Font Info:    ... okay on input line 11.
LaTeX Font Info:    Checking defaults for PD1/pdf/m/n on input line 11.
LaTeX Font Info:    ... okay on input line 11.
LaTeX Font Info:    Checking defaults for PU/pdf/m/n on input line 11.
LaTeX Font Info:    ... okay on input line 11.
LaTeX Info: Redefining \microtypecontext on input line 11.
Package microtype Info: Applying patch `item' on input line 11.
Package microtype Info: Applying patch `toc' on input line 11.
Package microtype Info: Applying patch `eqnum' on input line 11.
Package microtype Info: Applying patch `footnote' on input line 11.
Package microtype Info: Applying patch `verbatim' on input line 11.
LaTeX Info: Redefining \microtypesetup on input line 11.
Package microtype Info: Generating PDF output.
Package microtype Info: Character protrusion enabled (level 2).
Package microtype Info: Using default protrusion set `alltext'.
Package microtype Info: Automatic font expansion enabled (level 2),
(microtype)             stretch: 20, shrink: 20, step: 1, non-selected.
Package microtype Info: Using default expansion set `alltext-nott'.
Package microtype Info: Patching command `\showhyphens'.
Package microtype Info: No adjustment of tracking.
Package microtype Info: No adjustment of interword spacing.
Package microtype Info: No adjustment of character kerning.
 (C:\Users\Lenovo\AppData\Local\Programs\MiKTeX\tex/latex/microtype\mt-cmr.cfg
File: mt-cmr.cfg 2013/05/19 v2.2 microtype config. file: Computer Modern Roman 
(RS)
)
*geometry* driver: auto-detecting
*geometry* detected driver: pdftex
*geometry* verbose mode - [ preamble ] result:
* driver: pdftex
* paper: a4paper
* layout: <same size as paper>
* layoutoffset:(h,v)=(0.0pt,0.0pt)
* modes: 
* h-part:(L,W,R)=(72.26999pt, 452.9679pt, 72.26999pt)
* v-part:(T,H,B)=(72.26999pt, 700.50687pt, 72.26999pt)
* \paperwidth=597.50787pt
* \paperheight=845.04684pt
* \textwidth=452.9679pt
* \textheight=700.50687pt
* \oddsidemargin=0.0pt
* \evensidemargin=0.0pt
* \topmargin=-37.0pt
* \headheight=12.0pt
* \headsep=25.0pt
* \topskip=11.0pt
* \footskip=30.0pt
* \marginparwidth=50.0pt
* \marginparsep=10.0pt
* \columnsep=10.0pt
* \skip\footins=10.0pt plus 4.0pt minus 2.0pt
* \hoffset=0.0pt
* \voffset=0.0pt
* \mag=1000
* \@twocolumnfalse
* \@twosidefalse
* \@mparswitchfalse
* \@reversemarginfalse
* (1in=72.27pt=25.4mm, 1cm=28.453pt)


(C:\Users\Lenovo\AppData\Local\Programs\MiKTeX\tex/context/base/mkii\supp-pdf.m
kii
[Loading MPS to PDF converter (version 2006.09.02).]
\scratchcounter=\count495
\scratchdimen=\dimen307
\scratchbox=\box87
\nofMPsegments=\count496
\nofMParguments=\count497
\everyMPshowfont=\toks54
\MPscratchCnt=\count498
\MPscratchDim=\dimen308
\MPnumerator=\count499
\makeMPintoPDFobject=\count500
\everyMPtoPDFconversion=\toks55
)
(C:\Users\Lenovo\AppData\Local\Programs\MiKTeX\tex/latex/epstopdf-pkg\epstopdf-
base.sty
Package: epstopdf-base 2020-01-24 v2.11 Base part for package epstopdf
Package epstopdf-base Info: Redefining graphics rule for `.eps' on input line 4
85.

(C:\Users\Lenovo\AppData\Local\Programs\MiKTeX\tex/latex/00miktex\epstopdf-sys.
cfg
File: epstopdf-sys.cfg 2021/03/18 v2.0 Configuration of epstopdf for MiKTeX
))
Package biblatex Info: Trying to load language 'english'...
Package biblatex Info: ... file 'english.lbx' found.

(C:\Users\Lenovo\AppData\Local\Programs\MiKTeX\tex/latex/biblatex/lbx\english.l
bx
File: english.lbx 2025/07/10 v3.21 biblatex localization (PK/MW)
)
Package biblatex Info: Input encoding 'utf8' detected.
Package biblatex Info: Automatic encoding selection.
(biblatex)             Assuming data encoding 'utf8'.
\openout4 = `main.bcf'.

Package biblatex Info: Trying to load bibliographic data...
Package biblatex Info: ... file 'main.bbl' found.
 (main.bbl)
Package biblatex Info: Reference section=0 on input line 11.
Package biblatex Info: Reference segment=0 on input line 11.
Package hyperref Info: Link coloring OFF on input line 11.
LaTeX Font Info:    Trying to load font information for OT1+lmr on input line 1
3.

(C:\Users\Lenovo\AppData\Local\Programs\MiKTeX\tex/latex/lm\ot1lmr.fd
File: ot1lmr.fd 2015/05/01 v1.6.1 Font defs for Latin Modern
)
LaTeX Font Info:    Trying to load font information for OML+lmm on input line 1
3.

(C:\Users\Lenovo\AppData\Local\Programs\MiKTeX\tex/latex/lm\omllmm.fd
File: omllmm.fd 2015/05/01 v1.6.1 Font defs for Latin Modern
)
LaTeX Font Info:    Trying to load font information for OMS+lmsy on input line 
13.

(C:\Users\Lenovo\AppData\Local\Programs\MiKTeX\tex/latex/lm\omslmsy.fd
File: omslmsy.fd 2015/05/01 v1.6.1 Font defs for Latin Modern
)
LaTeX Font Info:    Trying to load font information for OMX+lmex on input line 
13.

(C:\Users\Lenovo\AppData\Local\Programs\MiKTeX\tex/latex/lm\omxlmex.fd
File: omxlmex.fd 2015/05/01 v1.6.1 Font defs for Latin Modern
)
LaTeX Font Info:    External font `lmex10' loaded for size
(Font)              <12> on input line 13.
LaTeX Font Info:    External font `lmex10' loaded for size
(Font)              <8> on input line 13.
LaTeX Font Info:    External font `lmex10' loaded for size
(Font)              <6> on input line 13.
LaTeX Font Info:    Trying to load font information for U+msa on input line 13.


(C:\Users\Lenovo\AppData\Local\Programs\MiKTeX\tex/latex/amsfonts\umsa.fd
File: umsa.fd 2013/01/14 v3.01 AMS symbols A
)
(C:\Users\Lenovo\AppData\Local\Programs\MiKTeX\tex/latex/microtype\mt-msa.cfg
File: mt-msa.cfg 2006/02/04 v1.1 microtype config. file: AMS symbols (a) (RS)
)
LaTeX Font Info:    Trying to load font information for U+msb on input line 13.


(C:\Users\Lenovo\AppData\Local\Programs\MiKTeX\tex/latex/amsfonts\umsb.fd
File: umsb.fd 2013/01/14 v3.01 AMS symbols B
)
(C:\Users\Lenovo\AppData\Local\Programs\MiKTeX\tex/latex/microtype\mt-msb.cfg
File: mt-msb.cfg 2005/06/01 v1.0 microtype config. file: AMS symbols (b) (RS)
)
LaTeX Font Info:    Trying to load font information for U+rsfs on input line 13
.

(C:\Users\Lenovo\AppData\Local\Programs\MiKTeX\tex/latex/jknappen\ursfs.fd
File: ursfs.fd 1998/03/24 rsfs font definition file (jk)
)
[1

{C:/Users/Lenovo/AppData/Local/MiKTeX/fonts/map/pdftex/pdftex.map}{C:/Users/Len
ovo/AppData/Local/Programs/MiKTeX/fonts/enc/dvips/lm/lm-ec.enc}]
(abstract_final.tex
LaTeX Font Info:    External font `lmex10' loaded for size
(Font)              <10.95> on input line 1.
) [1{C:/Users/Lenovo/AppData/Local/Programs/MiKTeX/fonts/enc/dvips/lm/lm-mathit
.enc}{C:/Users/Lenovo/AppData/Local/Programs/MiKTeX/fonts/enc/dvips/lm/lm-rm.en
c}{C:/Users/Lenovo/AppData/Local/Programs/MiKTeX/fonts/enc/dvips/lm/lm-mathsy.e
nc}] (main.toc [2

] [3] [4] [5] [6] [7] [8]
Overfull \hbox (3.89328pt too wide) detected at line 463
\T1/lmr/m/n/10.95 25.11.10 
 []


Overfull \hbox (3.89328pt too wide) detected at line 464
\T1/lmr/m/n/10.95 25.11.11 
 []


Overfull \hbox (3.89328pt too wide) detected at line 465
\T1/lmr/m/n/10.95 25.11.12 
 []


Overfull \hbox (3.89328pt too wide) detected at line 466
\T1/lmr/m/n/10.95 25.11.13 
 []


Overfull \hbox (3.89328pt too wide) detected at line 467
\T1/lmr/m/n/10.95 25.11.14 
 []

[9]
Overfull \hbox (3.89328pt too wide) detected at line 468
\T1/lmr/m/n/10.95 25.11.15 
 []


Overfull \hbox (3.89328pt too wide) detected at line 469
\T1/lmr/m/n/10.95 25.11.16 
 []


Overfull \hbox (3.89328pt too wide) detected at line 470
\T1/lmr/m/n/10.95 25.11.17 
 []


Overfull \hbox (3.89328pt too wide) detected at line 471
\T1/lmr/m/n/10.95 25.11.18 
 []


Overfull \hbox (3.89328pt too wide) detected at line 472
\T1/lmr/m/n/10.95 25.11.19 
 []


Overfull \hbox (3.89328pt too wide) detected at line 473
\T1/lmr/m/n/10.95 25.11.20 
 []


Overfull \hbox (3.89328pt too wide) detected at line 474
\T1/lmr/m/n/10.95 25.11.21 
 []


Overfull \hbox (3.89328pt too wide) detected at line 475
\T1/lmr/m/n/10.95 25.11.22 
 []


Overfull \hbox (3.89328pt too wide) detected at line 476
\T1/lmr/m/n/10.95 25.11.23 
 []


Overfull \hbox (3.89328pt too wide) detected at line 477
\T1/lmr/m/n/10.95 25.11.24 
 []


Overfull \hbox (3.89328pt too wide) detected at line 478
\T1/lmr/m/n/10.95 25.11.25 
 []


Overfull \hbox (3.89328pt too wide) detected at line 479
\T1/lmr/m/n/10.95 25.11.26 
 []


Overfull \hbox (3.89328pt too wide) detected at line 480
\T1/lmr/m/n/10.95 25.11.27 
 []


Overfull \hbox (3.89328pt too wide) detected at line 481
\T1/lmr/m/n/10.95 25.11.28 
 []


Overfull \hbox (3.89328pt too wide) detected at line 482
\T1/lmr/m/n/10.95 25.11.29 
 []


Overfull \hbox (3.89328pt too wide) detected at line 483
\T1/lmr/m/n/10.95 25.11.30 
 []


Overfull \hbox (3.89328pt too wide) detected at line 484
\T1/lmr/m/n/10.95 25.11.31 
 []


Overfull \hbox (3.89328pt too wide) detected at line 485
\T1/lmr/m/n/10.95 25.11.32 
 []


Overfull \hbox (3.89328pt too wide) detected at line 486
\T1/lmr/m/n/10.95 25.11.33 
 []


Overfull \hbox (3.89328pt too wide) detected at line 487
\T1/lmr/m/n/10.95 25.11.34 
 []


Overfull \hbox (3.89328pt too wide) detected at line 488
\T1/lmr/m/n/10.95 25.11.35 
 []


Overfull \hbox (3.89328pt too wide) detected at line 489
\T1/lmr/m/n/10.95 25.11.36 
 []


Overfull \hbox (3.89328pt too wide) detected at line 490
\T1/lmr/m/n/10.95 25.11.37 
 []


Overfull \hbox (3.89328pt too wide) detected at line 491
\T1/lmr/m/n/10.95 25.11.38 
 []


Overfull \hbox (3.89328pt too wide) detected at line 492
\T1/lmr/m/n/10.95 25.11.39 
 []


Overfull \hbox (3.89328pt too wide) detected at line 493
\T1/lmr/m/n/10.95 25.11.40 
 []


Overfull \hbox (3.89328pt too wide) detected at line 494
\T1/lmr/m/n/10.95 25.11.41 
 []


Overfull \hbox (3.89328pt too wide) detected at line 495
\T1/lmr/m/n/10.95 25.11.42 
 []


Overfull \hbox (3.89328pt too wide) detected at line 496
\T1/lmr/m/n/10.95 25.11.43 
 []


Overfull \hbox (3.89328pt too wide) detected at line 497
\T1/lmr/m/n/10.95 25.11.44 
 []


Overfull \hbox (3.89328pt too wide) detected at line 498
\T1/lmr/m/n/10.95 25.11.45 
 []


Overfull \hbox (3.89328pt too wide) detected at line 499
\T1/lmr/m/n/10.95 25.11.46 
 []


Overfull \hbox (3.89328pt too wide) detected at line 500
\T1/lmr/m/n/10.95 25.11.47 
 []


Overfull \hbox (3.89328pt too wide) detected at line 501
\T1/lmr/m/n/10.95 25.11.48 
 []


Overfull \hbox (3.89328pt too wide) detected at line 502
\T1/lmr/m/n/10.95 25.11.49 
 []


Overfull \hbox (3.89328pt too wide) detected at line 503
\T1/lmr/m/n/10.95 25.11.50 
 []


Overfull \hbox (3.89328pt too wide) detected at line 504
\T1/lmr/m/n/10.95 25.11.51 
 []


Overfull \hbox (3.89328pt too wide) detected at line 505
\T1/lmr/m/n/10.95 25.11.52 
 []


Overfull \hbox (3.89328pt too wide) detected at line 506
\T1/lmr/m/n/10.95 25.11.53 
 []


Overfull \hbox (3.89328pt too wide) detected at line 507
\T1/lmr/m/n/10.95 25.11.54 
 []


Overfull \hbox (3.89328pt too wide) detected at line 508
\T1/lmr/m/n/10.95 25.11.55 
 []


Overfull \hbox (3.89328pt too wide) detected at line 509
\T1/lmr/m/n/10.95 25.11.56 
 []

[10] [11] [12])
\tf@toc=\write5
\openout5 = `main.toc'.

 [13]
Chapter 1.
(sec01_introduction_final.tex [14

]
LaTeX Font Info:    Trying to load font information for TS1+lmr on input line 4
2.

(C:\Users\Lenovo\AppData\Local\Programs\MiKTeX\tex/latex/lm\ts1lmr.fd
File: ts1lmr.fd 2015/05/01 v1.6.1 Font defs for Latin Modern
))
[15{C:/Users/Lenovo/AppData/Local/Programs/MiKTeX/fonts/enc/dvips/lm/lm-ts1.enc
}]
Chapter 2.
(Ch1_Geometric_Foundation/sec02_lattice_foundations_final.tex [16

{C:/Users/Lenovo/AppData/Local/Programs/MiKTeX/fonts/enc/dvips/lm/lm-mathex.enc
}] [17]
[18] [19] [20]) (Ch1_Geometric_Foundation/sec03_strong_coupling_final.tex
[21] [22] [23] [24] [25])
(Ch1_Geometric_Foundation/app_hard_analysis_foundations.tex [26]
Chapter 3.
[27

] [28] [29] [30] [31]) (Ch1_Geometric_Foundation/app_thooft_loop.tex
[32]
Chapter 4.
[33

]) (Ch1_Geometric_Foundation/app_battle_federbush.tex [34]
Chapter 5.
[35

] [36]) (Ch1_Geometric_Foundation/app_mayer_montroll.tex [37] [38])
(Ch1_Geometric_Foundation/app_glueball_inequality.tex [39]
Chapter 6.
[40

]) [41] [42]
Chapter 7.
(Ch5_Synthesis_and_Final_Proof/app135_complete_rigorous_proof.tex [43

] [44]
[45] [46] [47] [48]
LaTeX Font Info:    Trying to load font information for U+euf on input line 270
.

(C:\Users\Lenovo\AppData\Local\Programs\MiKTeX\tex/latex/amsfonts\ueuf.fd
File: ueuf.fd 2013/01/14 v3.01 Euler Fraktur
)
(C:\Users\Lenovo\AppData\Local\Programs\MiKTeX\tex/latex/microtype\mt-euf.cfg
File: mt-euf.cfg 2006/07/03 v1.1 microtype config. file: AMS Euler Fraktur (RS)

)
[49] [50] [51] [52])
(Ch5_Synthesis_and_Final_Proof/app_computational_certificate.tex [53]
Chapter 8.
[54

] [55]
LaTeX Font Info:    External font `lmex10' loaded for size
(Font)              <14.4> on input line 104.
LaTeX Font Info:    External font `lmex10' loaded for size
(Font)              <10> on input line 104.
LaTeX Font Info:    External font `lmex10' loaded for size
(Font)              <7> on input line 104.
 [56] [57] [58] [59]
LaTeX Font Info:    Trying to load font information for T1+lmtt on input line 2
84.

(C:\Users\Lenovo\AppData\Local\Programs\MiKTeX\tex/latex/lm\t1lmtt.fd
File: t1lmtt.fd 2015/05/01 v1.6.1 Font defs for Latin Modern
)
Package microtype Info: Loading generic protrusion settings for font family
(microtype)             `lmtt' (encoding: T1).
(microtype)             For optimal results, create family-specific settings.
(microtype)             See the microtype manual for details.
 [60])
[61] [62]
Chapter 9.
(Ch3_Thermodynamic_Engine/sec13_uniform_lsi.tex [63

] [64])
(Ch3_Thermodynamic_Engine/app120_critical_gap_closed.tex [65]
Chapter 10.
[66

] [67] [68] [69] [70] [71] [72] [73])
(Ch3_Thermodynamic_Engine/app121_uniform_lsi_rigorous.tex [74]
Chapter 11.
[75

] [76] [77] [78] [79] [80] [81] [82] [83] [84])
(Ch3_Thermodynamic_Engine/app244_variance_transport_proof.tex [85]
Chapter 12.
[86

] [87]) (Ch3_Thermodynamic_Engine/app245_explicit_lsi_constants.tex [88]
Chapter 13.
[89

] [90] [91]) (Ch3_Thermodynamic_Engine/app_thermodynamic_limit.tex [92]
Chapter 14.
[93

]
Chapter 15.
) [94

] [95]
Chapter 16.
(Ch4_Continuum_Bridge/sec05_weak_coupling_final.tex [96

] [97] [98])
(Ch4_Continuum_Bridge/sec06_continuum_limit_final.tex [99] [100])
(Ch4_Continuum_Bridge/app77_rigorous_balaban_bounds_and_continuum_limit.tex
[101] [102] [103])
(Ch4_Continuum_Bridge/app134_rigorous_continuum_error_bounds.tex [104] [105])
(Ch4_Continuum_Bridge/app_rigorous_scale_setting.tex [106] [107] [108] [109]
[110]) (Ch4_Continuum_Bridge/app_ope_expansion.tex [111]
Chapter 17.
) [112

] [113] [114

]
Chapter 18.
(Ch5_Synthesis_and_Final_Proof/app158_definitive_mass_gap_proof.tex [115


]
[116] [117] [118] [119] [120] [121] [122] [123] [124] [125] [126] [127])
(Ch5_Synthesis_and_Final_Proof/app_giles_teper_bound.tex [128] [129] [130]
[131]) (Ch5_Synthesis_and_Final_Proof/app_rigorous_giles_teper_v2.tex [132]
[133] [134] [135] [136] [137])
(Ch5_Synthesis_and_Final_Proof/app_lattice_brst_construction.tex [138] [139])
(Ch5_Synthesis_and_Final_Proof/app_brst_unitarity.tex [140])
(Ch5_Synthesis_and_Final_Proof/app54_explicit_numerical_bounds_and_physical_pre
dictions.tex) [141] [142] [143

]
Chapter 19.
(sec07_conclusion_final.tex [144


] [145])
(Back_Matter/app_appendix_K_interval_arithmetic.tex [146]
Appendix A.
[147

]
Package hyperref Info: bookmark level for unknown algorithm defaults to 0 on in
put line 60.
 [148] [149]) (Ch1_Geometric_Foundation/app189_ollivier_ricci.tex [150]
Appendix B.
[151

]) (Ch2_Adjoint_Interpolation/app183_lattice_index_theorem.tex [152]
Appendix C.
[153

] [154]) (Ch2_Adjoint_Interpolation/app147_adjoint_qcd_proof.tex [155]
Appendix D.
[156

] [157] [158] [159])
(Ch3_Thermodynamic_Engine/app242_conditional_tensorization_resolution.tex
[160]
Appendix E.
[161

] [162] [163] [164]) (Ch3_Thermodynamic_Engine/app_dobrushin_theorem.tex
[165]
Appendix F.
[166

] [167] [168]) (Ch4_Continuum_Bridge/app_background_theorems.tex [169

]
Appendix G.
[170

]) (Ch4_Continuum_Bridge/app_appendix_D_balaban_sun.tex [171]
Appendix H.
[172

] [173] [174]) (Ch4_Continuum_Bridge/app_appendix_E_convergence.tex
[175]
Appendix I.
[176

] [177] [178]) (Back_Matter/app_open_problem_ledger.tex [179] [180])
(Back_Matter/app_executive_summary.tex
Overfull \hbox (0.60548pt too wide) in paragraph at lines 16--16
[]|\T1/lmr/bx/n/10.95 (-20) Ledger|  
 []


Overfull \hbox (18.28886pt too wide) in paragraph at lines 14--23
 [] 
 []

[181]) (Back_Matter/app_reference_fixes.tex [182]
Appendix J.
[183

]) [184

] (main.aux)
 ***********
LaTeX2e <2025-11-01>
L3 programming layer <2025-10-24>
 ***********


LaTeX Warning: There were undefined references.


Package biblatex Warning: Please (re)run Biber on the file:
(biblatex)                main
(biblatex)                and rerun LaTeX afterwards.

Package logreq Info: Writing requests to 'main.run.xml'.
\openout1 = `main.run.xml'.

 ) 
Here is how much of TeX's memory you used:
 38218 strings out of 467871
 728862 string characters out of 5417891
 1549016 words of memory out of 5000000
 63632 multiletter control sequences out of 15000+600000
 765844 words of font info for 366 fonts, out of 8000000 for 9000
 1141 hyphenation exceptions out of 8191
 121i,12n,124p,1043b,1509s stack positions out of 10000i,1000n,20000p,200000b,200000s

pdfTeX warning (dest): name{theorem.2183} has been referenced but does not exis
t, replaced by a fixed one


pdfTeX warning (dest): name{section*.2289} has been referenced but does not exi
st, replaced by a fixed one


pdfTeX warning (dest): name{section*.2288} has been referenced but does not exi
st, replaced by a fixed one


pdfTeX warning (dest): name{section*.2287} has been referenced but does not exi
st, replaced by a fixed one


pdfTeX warning (dest): name{equation.2227} has been referenced but does not exi
st, replaced by a fixed one


pdfTeX warning (dest): name{theorem.2226} has been referenced but does not exis
t, replaced by a fixed one


pdfTeX warning (dest): name{theorem.2126} has been referenced but does not exis
t, replaced by a fixed one


pdfTeX warning (dest): name{theorem.2119} has been referenced but does not exis
t, replaced by a fixed one


pdfTeX warning (dest): name{theorem.2110} has been referenced but does not exis
t, replaced by a fixed one


pdfTeX warning (dest): name{theorem.2103} has been referenced but does not exis
t, replaced by a fixed one


pdfTeX warning (dest): name{theorem.2088} has been referenced but does not exis
t, replaced by a fixed one


pdfTeX warning (dest): name{theorem.2056} has been referenced but does not exis
t, replaced by a fixed one


pdfTeX warning (dest): name{theorem.2086} has been referenced but does not exis
t, replaced by a fixed one


pdfTeX warning (dest): name{theorem.1324} has been referenced but does not exis
t, replaced by a fixed one


pdfTeX warning (dest): name{theorem.1195} has been referenced but does not exis
t, replaced by a fixed one


pdfTeX warning (dest): name{theorem.2052} has been referenced but does not exis
t, replaced by a fixed one


pdfTeX warning (dest): name{theorem.392} has been referenced but does not exist
, replaced by a fixed one


pdfTeX warning (dest): name{theorem.2066} has been referenced but does not exis
t, replaced by a fixed one


pdfTeX warning (dest): name{theorem.311} has been referenced but does not exist
, replaced by a fixed one


pdfTeX warning (dest): name{section*.2301} has been referenced but does not exi
st, replaced by a fixed one


pdfTeX warning (dest): name{section*.2300} has been referenced but does not exi
st, replaced by a fixed one


pdfTeX warning (dest): name{section*.2298} has been referenced but does not exi
st, replaced by a fixed one


pdfTeX warning (dest): name{section*.2297} has been referenced but does not exi
st, replaced by a fixed one


pdfTeX warning (dest): name{section*.2283} has been referenced but does not exi
st, replaced by a fixed one


pdfTeX warning (dest): name{section*.2282} has been referenced but does not exi
st, replaced by a fixed one


pdfTeX warning (dest): name{theorem.983} has been referenced but does not exist
, replaced by a fixed one


pdfTeX warning (dest): name{theorem.922} has been referenced but does not exist
, replaced by a fixed one


pdfTeX warning (dest): name{theorem.962} has been referenced but does not exist
, replaced by a fixed one


pdfTeX warning (dest): name{theorem.949} has been referenced but does not exist
, replaced by a fixed one


pdfTeX warning (dest): name{theorem.830} has been referenced but does not exist
, replaced by a fixed one


pdfTeX warning (dest): name{theorem.2178} has been referenced but does not exis
t, replaced by a fixed one


pdfTeX warning (dest): name{theorem.2176} has been referenced but does not exis
t, replaced by a fixed one


pdfTeX warning (dest): name{theorem.2175} has been referenced but does not exis
t, replaced by a fixed one


pdfTeX warning (dest): name{theorem.2174} has been referenced but does not exis
t, replaced by a fixed one


pdfTeX warning (dest): name{theorem.2181} has been referenced but does not exis
t, replaced by a fixed one


pdfTeX warning (dest): name{theorem.2180} has been referenced but does not exis
t, replaced by a fixed one


pdfTeX warning (dest): name{theorem.2177} has been referenced but does not exis
t, replaced by a fixed one


pdfTeX warning (dest): name{theorem.775} has been referenced but does not exist
, replaced by a fixed one


pdfTeX warning (dest): name{theorem.610} has been referenced but does not exist
, replaced by a fixed one


pdfTeX warning (dest): name{theorem.652} has been referenced but does not exist
, replaced by a fixed one


pdfTeX warning (dest): name{theorem.617} has been referenced but does not exist
, replaced by a fixed one


pdfTeX warning (dest): name{theorem.574} has been referenced but does not exist
, replaced by a fixed one


pdfTeX warning (dest): name{theorem.603} has been referenced but does not exist
, replaced by a fixed one


pdfTeX warning (dest): name{theorem.536} has been referenced but does not exist
, replaced by a fixed one


pdfTeX warning (dest): name{theorem.514} has been referenced but does not exist
, replaced by a fixed one


pdfTeX warning (dest): name{theorem.502} has been referenced but does not exist
, replaced by a fixed one


pdfTeX warning (dest): name{section*.2171} has been referenced but does not exi
st, replaced by a fixed one


pdfTeX warning (dest): name{theorem.489} has been referenced but does not exist
, replaced by a fixed one


pdfTeX warning (dest): name{theorem.374} has been referenced but does not exist
, replaced by a fixed one


pdfTeX warning (dest): name{section*.2299} has been referenced but does not exi
st, replaced by a fixed one


pdfTeX warning (dest): name{theorem.231} has been referenced but does not exist
, replaced by a fixed one


pdfTeX warning (dest): name{theorem.224} has been referenced but does not exist
, replaced by a fixed one


pdfTeX warning (dest): name{theorem.178} has been referenced but does not exist
, replaced by a fixed one


pdfTeX warning (dest): name{theorem.170} has been referenced but does not exist
, replaced by a fixed one


pdfTeX warning (dest): name{theorem.78} has been referenced but does not exist,
 replaced by a fixed one


pdfTeX warning (dest): name{theorem.88} has been referenced but does not exist,
 replaced by a fixed one


pdfTeX warning (dest): name{theorem.333} has been referenced but does not exist
, replaced by a fixed one


pdfTeX warning (dest): name{theorem.749} has been referenced but does not exist
, replaced by a fixed one


pdfTeX warning (dest): name{section.2280} has been referenced but does not exis
t, replaced by a fixed one


pdfTeX warning (dest): name{section.2274} has been referenced but does not exis
t, replaced by a fixed one


pdfTeX warning (dest): name{appendix.2273} has been referenced but does not exi
st, replaced by a fixed one


pdfTeX warning (dest): name{subsection.2272} has been referenced but does not e
xist, replaced by a fixed one


pdfTeX warning (dest): name{subsection.2271} has been referenced but does not e
xist, replaced by a fixed one


pdfTeX warning (dest): name{subsection.2270} has been referenced but does not e
xist, replaced by a fixed one


pdfTeX warning (dest): name{subsection.2269} has been referenced but does not e
xist, replaced by a fixed one


pdfTeX warning (dest): name{section.2268} has been referenced but does not exis
t, replaced by a fixed one


pdfTeX warning (dest): name{subsection.2267} has been referenced but does not e
xist, replaced by a fixed one


pdfTeX warning (dest): name{subsection.2264} has been referenced but does not e
xist, replaced by a fixed one


pdfTeX warning (dest): name{subsection.2261} has been referenced but does not e
xist, replaced by a fixed one


pdfTeX warning (dest): name{subsection.2258} has been referenced but does not e
xist, replaced by a fixed one


pdfTeX warning (dest): name{subsection.2255} has been referenced but does not e
xist, replaced by a fixed one


pdfTeX warning (dest): name{section.2254} has been referenced but does not exis
t, replaced by a fixed one


pdfTeX warning (dest): name{section.2250} has been referenced but does not exis
t, replaced by a fixed one


pdfTeX warning (dest): name{section.2247} has been referenced but does not exis
t, replaced by a fixed one


pdfTeX warning (dest): name{section.2225} has been referenced but does not exis
t, replaced by a fixed one


pdfTeX warning (dest): name{subsection.2220} has been referenced but does not e
xist, replaced by a fixed one


pdfTeX warning (dest): name{section.2219} has been referenced but does not exis
t, replaced by a fixed one


pdfTeX warning (dest): name{appendix.2218} has been referenced but does not exi
st, replaced by a fixed one


pdfTeX warning (dest): name{section.2216} has been referenced but does not exis
t, replaced by a fixed one


pdfTeX warning (dest): name{section.2212} has been referenced but does not exis
t, replaced by a fixed one


pdfTeX warning (dest): name{section.2205} has been referenced but does not exis
t, replaced by a fixed one


pdfTeX warning (dest): name{subsection.2201} has been referenced but does not e
xist, replaced by a fixed one


pdfTeX warning (dest): name{section.2192} has been referenced but does not exis
t, replaced by a fixed one


pdfTeX warning (dest): name{section.2189} has been referenced but does not exis
t, replaced by a fixed one


pdfTeX warning (dest): name{subsection.2187} has been referenced but does not e
xist, replaced by a fixed one


pdfTeX warning (dest): name{section.2186} has been referenced but does not exis
t, replaced by a fixed one


pdfTeX warning (dest): name{appendix.2185} has been referenced but does not exi
st, replaced by a fixed one


pdfTeX warning (dest): name{section.2184} has been referenced but does not exis
t, replaced by a fixed one


pdfTeX warning (dest): name{section.2182} has been referenced but does not exis
t, replaced by a fixed one


pdfTeX warning (dest): name{section.2179} has been referenced but does not exis
t, replaced by a fixed one


pdfTeX warning (dest): name{section.2173} has been referenced but does not exis
t, replaced by a fixed one


pdfTeX warning (dest): name{appendix.2172} has been referenced but does not exi
st, replaced by a fixed one


pdfTeX warning (dest): name{section.2168} has been referenced but does not exis
t, replaced by a fixed one


pdfTeX warning (dest): name{subsection.2167} has been referenced but does not e
xist, replaced by a fixed one


pdfTeX warning (dest): name{section.2165} has been referenced but does not exis
t, replaced by a fixed one


pdfTeX warning (dest): name{section.2162} has been referenced but does not exis
t, replaced by a fixed one


pdfTeX warning (dest): name{subsection.2160} has been referenced but does not e
xist, replaced by a fixed one


pdfTeX warning (dest): name{subsection.2157} has been referenced but does not e
xist, replaced by a fixed one


pdfTeX warning (dest): name{section.2155} has been referenced but does not exis
t, replaced by a fixed one


pdfTeX warning (dest): name{section.2150} has been referenced but does not exis
t, replaced by a fixed one


pdfTeX warning (dest): name{section.2147} has been referenced but does not exis
t, replaced by a fixed one


pdfTeX warning (dest): name{section.2146} has been referenced but does not exis
t, replaced by a fixed one


pdfTeX warning (dest): name{appendix.2145} has been referenced but does not exi
st, replaced by a fixed one


pdfTeX warning (dest): name{section.2140} has been referenced but does not exis
t, replaced by a fixed one


pdfTeX warning (dest): name{section.2132} has been referenced but does not exis
t, replaced by a fixed one


pdfTeX warning (dest): name{section.2129} has been referenced but does not exis
t, replaced by a fixed one


pdfTeX warning (dest): name{section.2125} has been referenced but does not exis
t, replaced by a fixed one


pdfTeX warning (dest): name{section.2118} has been referenced but does not exis
t, replaced by a fixed one


pdfTeX warning (dest): name{section.2109} has been referenced but does not exis
t, replaced by a fixed one


pdfTeX warning (dest): name{section.2102} has been referenced but does not exis
t, replaced by a fixed one


pdfTeX warning (dest): name{section.2097} has been referenced but does not exis
t, replaced by a fixed one


pdfTeX warning (dest): name{appendix.2096} has been referenced but does not exi
st, replaced by a fixed one


pdfTeX warning (dest): name{subsection.2091} has been referenced but does not e
xist, replaced by a fixed one


pdfTeX warning (dest): name{subsection.2087} has been referenced but does not e
xist, replaced by a fixed one


pdfTeX warning (dest): name{subsection.2060} has been referenced but does not e
xist, replaced by a fixed one


pdfTeX warning (dest): name{subsection.2055} has been referenced but does not e
xist, replaced by a fixed one


pdfTeX warning (dest): name{subsection.2051} has been referenced but does not e
xist, replaced by a fixed one


pdfTeX warning (dest): name{subsection.2048} has been referenced but does not e
xist, replaced by a fixed one


pdfTeX warning (dest): name{section.2043} has been referenced but does not exis
t, replaced by a fixed one


pdfTeX warning (dest): name{appendix.2042} has been referenced but does not exi
st, replaced by a fixed one


pdfTeX warning (dest): name{section.2041} has been referenced but does not exis
t, replaced by a fixed one


pdfTeX warning (dest): name{section.2039} has been referenced but does not exis
t, replaced by a fixed one


pdfTeX warning (dest): name{section.2035} has been referenced but does not exis
t, replaced by a fixed one


pdfTeX warning (dest): name{section.2030} has been referenced but does not exis
t, replaced by a fixed one


pdfTeX warning (dest): name{section.2025} has been referenced but does not exis
t, replaced by a fixed one


pdfTeX warning (dest): name{section.2024} has been referenced but does not exis
t, replaced by a fixed one


pdfTeX warning (dest): name{appendix.2023} has been referenced but does not exi
st, replaced by a fixed one


pdfTeX warning (dest): name{subsection.2016} has been referenced but does not e
xist, replaced by a fixed one


pdfTeX warning (dest): name{subsection.2014} has been referenced but does not e
xist, replaced by a fixed one


pdfTeX warning (dest): name{subsection.2013} has been referenced but does not e
xist, replaced by a fixed one


pdfTeX warning (dest): name{section.2012} has been referenced but does not exis
t, replaced by a fixed one


pdfTeX warning (dest): name{section.2008} has been referenced but does not exis
t, replaced by a fixed one


pdfTeX warning (dest): name{section.2007} has been referenced but does not exis
t, replaced by a fixed one


pdfTeX warning (dest): name{section.2006} has been referenced but does not exis
t, replaced by a fixed one


pdfTeX warning (dest): name{appendix.2005} has been referenced but does not exi
st, replaced by a fixed one


pdfTeX warning (dest): name{section.2004} has been referenced but does not exis
t, replaced by a fixed one


pdfTeX warning (dest): name{subsection.1998} has been referenced but does not e
xist, replaced by a fixed one


pdfTeX warning (dest): name{subsection.1996} has been referenced but does not e
xist, replaced by a fixed one


pdfTeX warning (dest): name{subsection.1990} has been referenced but does not e
xist, replaced by a fixed one


pdfTeX warning (dest): name{subsection.1989} has been referenced but does not e
xist, replaced by a fixed one


pdfTeX warning (dest): name{section.1988} has been referenced but does not exis
t, replaced by a fixed one


pdfTeX warning (dest): name{section.1984} has been referenced but does not exis
t, replaced by a fixed one


pdfTeX warning (dest): name{section.1983} has been referenced but does not exis
t, replaced by a fixed one


pdfTeX warning (dest): name{section.1982} has been referenced but does not exis
t, replaced by a fixed one


pdfTeX warning (dest): name{appendix.1981} has been referenced but does not exi
st, replaced by a fixed one


pdfTeX warning (dest): name{subsection.1967} has been referenced but does not e
xist, replaced by a fixed one


pdfTeX warning (dest): name{subsection.1965} has been referenced but does not e
xist, replaced by a fixed one


pdfTeX warning (dest): name{subsection.1964} has been referenced but does not e
xist, replaced by a fixed one


pdfTeX warning (dest): name{subsection.1960} has been referenced but does not e
xist, replaced by a fixed one


pdfTeX warning (dest): name{section.1959} has been referenced but does not exis
t, replaced by a fixed one


pdfTeX warning (dest): name{chapter.1958} has been referenced but does not exis
t, replaced by a fixed one


pdfTeX warning (dest): name{section*.1957} has been referenced but does not exi
st, replaced by a fixed one


pdfTeX warning (dest): name{section.1956} has been referenced but does not exis
t, replaced by a fixed one


pdfTeX warning (dest): name{section.1952} has been referenced but does not exis
t, replaced by a fixed one


pdfTeX warning (dest): name{section.1949} has been referenced but does not exis
t, replaced by a fixed one


pdfTeX warning (dest): name{section.1946} has been referenced but does not exis
t, replaced by a fixed one


pdfTeX warning (dest): name{section.1943} has been referenced but does not exis
t, replaced by a fixed one


pdfTeX warning (dest): name{section.1942} has been referenced but does not exis
t, replaced by a fixed one


pdfTeX warning (dest): name{chapter.1941} has been referenced but does not exis
t, replaced by a fixed one


pdfTeX warning (dest): name{subsection.1940} has been referenced but does not e
xist, replaced by a fixed one


pdfTeX warning (dest): name{subsection.1939} has been referenced but does not e
xist, replaced by a fixed one


pdfTeX warning (dest): name{subsection.1938} has been referenced but does not e
xist, replaced by a fixed one


pdfTeX warning (dest): name{subsection.1936} has been referenced but does not e
xist, replaced by a fixed one


pdfTeX warning (dest): name{section.1935} has been referenced but does not exis
t, replaced by a fixed one


pdfTeX warning (dest): name{section.1933} has been referenced but does not exis
t, replaced by a fixed one


pdfTeX warning (dest): name{section.1932} has been referenced but does not exis
t, replaced by a fixed one


pdfTeX warning (dest): name{chapter.1931} has been referenced but does not exis
t, replaced by a fixed one


pdfTeX warning (dest): name{subsection.1930} has been referenced but does not e
xist, replaced by a fixed one


pdfTeX warning (dest): name{subsection.1928} has been referenced but does not e
xist, replaced by a fixed one


pdfTeX warning (dest): name{subsection.1927} has been referenced but does not e
xist, replaced by a fixed one


pdfTeX warning (dest): name{subsection.1924} has been referenced but does not e
xist, replaced by a fixed one


pdfTeX warning (dest): name{section.1923} has been referenced but does not exis
t, replaced by a fixed one


pdfTeX warning (dest): name{section.1921} has been referenced but does not exis
t, replaced by a fixed one


pdfTeX warning (dest): name{section.1920} has been referenced but does not exis
t, replaced by a fixed one


pdfTeX warning (dest): name{chapter.1919} has been referenced but does not exis
t, replaced by a fixed one


pdfTeX warning (dest): name{section.1918} has been referenced but does not exis
t, replaced by a fixed one


pdfTeX warning (dest): name{section.1916} has been referenced but does not exis
t, replaced by a fixed one


pdfTeX warning (dest): name{subsection.1914} has been referenced but does not e
xist, replaced by a fixed one


pdfTeX warning (dest): name{section.1912} has been referenced but does not exis
t, replaced by a fixed one


pdfTeX warning (dest): name{section.1911} has been referenced but does not exis
t, replaced by a fixed one


pdfTeX warning (dest): name{chapter.1910} has been referenced but does not exis
t, replaced by a fixed one


pdfTeX warning (dest): name{subsection.1907} has been referenced but does not e
xist, replaced by a fixed one


pdfTeX warning (dest): name{subsection.1904} has been referenced but does not e
xist, replaced by a fixed one


pdfTeX warning (dest): name{subsection.1901} has been referenced but does not e
xist, replaced by a fixed one


pdfTeX warning (dest): name{subsection.1898} has been referenced but does not e
xist, replaced by a fixed one


pdfTeX warning (dest): name{subsection.1895} has been referenced but does not e
xist, replaced by a fixed one


pdfTeX warning (dest): name{subsection.1892} has been referenced but does not e
xist, replaced by a fixed one


pdfTeX warning (dest): name{subsection.1889} has been referenced but does not e
xist, replaced by a fixed one


pdfTeX warning (dest): name{subsection.1887} has been referenced but does not e
xist, replaced by a fixed one


pdfTeX warning (dest): name{subsection.1884} has been referenced but does not e
xist, replaced by a fixed one


pdfTeX warning (dest): name{subsection.1881} has been referenced but does not e
xist, replaced by a fixed one


pdfTeX warning (dest): name{subsection.1878} has been referenced but does not e
xist, replaced by a fixed one


pdfTeX warning (dest): name{subsection.1875} has been referenced but does not e
xist, replaced by a fixed one


pdfTeX warning (dest): name{subsection.1872} has been referenced but does not e
xist, replaced by a fixed one


pdfTeX warning (dest): name{subsection.1869} has been referenced but does not e
xist, replaced by a fixed one


pdfTeX warning (dest): name{subsection.1866} has been referenced but does not e
xist, replaced by a fixed one


pdfTeX warning (dest): name{subsection.1863} has been referenced but does not e
xist, replaced by a fixed one


pdfTeX warning (dest): name{subsection.1860} has been referenced but does not e
xist, replaced by a fixed one


pdfTeX warning (dest): name{subsection.1857} has been referenced but does not e
xist, replaced by a fixed one


pdfTeX warning (dest): name{subsection.1855} has been referenced but does not e
xist, replaced by a fixed one


pdfTeX warning (dest): name{subsection.1853} has been referenced but does not e
xist, replaced by a fixed one


pdfTeX warning (dest): name{subsection.1850} has been referenced but does not e
xist, replaced by a fixed one


pdfTeX warning (dest): name{subsection.1847} has been referenced but does not e
xist, replaced by a fixed one


pdfTeX warning (dest): name{subsection.1844} has been referenced but does not e
xist, replaced by a fixed one


pdfTeX warning (dest): name{subsection.1841} has been referenced but does not e
xist, replaced by a fixed one


pdfTeX warning (dest): name{subsection.1838} has been referenced but does not e
xist, replaced by a fixed one


pdfTeX warning (dest): name{subsection.1835} has been referenced but does not e
xist, replaced by a fixed one


pdfTeX warning (dest): name{subsection.1832} has been referenced but does not e
xist, replaced by a fixed one


pdfTeX warning (dest): name{subsection.1829} has been referenced but does not e
xist, replaced by a fixed one


pdfTeX warning (dest): name{subsection.1827} has been referenced but does not e
xist, replaced by a fixed one


pdfTeX warning (dest): name{subsection.1824} has been referenced but does not e
xist, replaced by a fixed one


pdfTeX warning (dest): name{subsection.1821} has been referenced but does not e
xist, replaced by a fixed one


pdfTeX warning (dest): name{subsection.1819} has been referenced but does not e
xist, replaced by a fixed one


pdfTeX warning (dest): name{subsection.1816} has been referenced but does not e
xist, replaced by a fixed one


pdfTeX warning (dest): name{subsection.1813} has been referenced but does not e
xist, replaced by a fixed one


pdfTeX warning (dest): name{subsection.1810} has been referenced but does not e
xist, replaced by a fixed one


pdfTeX warning (dest): name{subsection.1807} has been referenced but does not e
xist, replaced by a fixed one


pdfTeX warning (dest): name{subsection.1804} has been referenced but does not e
xist, replaced by a fixed one


pdfTeX warning (dest): name{subsection.1802} has been referenced but does not e
xist, replaced by a fixed one


pdfTeX warning (dest): name{subsection.1799} has been referenced but does not e
xist, replaced by a fixed one


pdfTeX warning (dest): name{subsection.1796} has been referenced but does not e
xist, replaced by a fixed one


pdfTeX warning (dest): name{subsection.1793} has been referenced but does not e
xist, replaced by a fixed one


pdfTeX warning (dest): name{subsection.1790} has been referenced but does not e
xist, replaced by a fixed one


pdfTeX warning (dest): name{subsection.1786} has been referenced but does not e
xist, replaced by a fixed one


pdfTeX warning (dest): name{subsection.1783} has been referenced but does not e
xist, replaced by a fixed one


pdfTeX warning (dest): name{subsection.1780} has been referenced but does not e
xist, replaced by a fixed one


pdfTeX warning (dest): name{subsection.1777} has been referenced but does not e
xist, replaced by a fixed one


pdfTeX warning (dest): name{subsection.1774} has been referenced but does not e
xist, replaced by a fixed one


pdfTeX warning (dest): name{subsection.1771} has been referenced but does not e
xist, replaced by a fixed one


pdfTeX warning (dest): name{subsection.1768} has been referenced but does not e
xist, replaced by a fixed one


pdfTeX warning (dest): name{subsection.1766} has been referenced but does not e
xist, replaced by a fixed one


pdfTeX warning (dest): name{subsection.1762} has been referenced but does not e
xist, replaced by a fixed one


pdfTeX warning (dest): name{subsection.1758} has been referenced but does not e
xist, replaced by a fixed one


pdfTeX warning (dest): name{subsection.1755} has been referenced but does not e
xist, replaced by a fixed one


pdfTeX warning (dest): name{subsection.1751} has been referenced but does not e
xist, replaced by a fixed one


pdfTeX warning (dest): name{subsection.1749} has been referenced but does not e
xist, replaced by a fixed one


pdfTeX warning (dest): name{subsection.1745} has been referenced but does not e
xist, replaced by a fixed one


pdfTeX warning (dest): name{section.1744} has been referenced but does not exis
t, replaced by a fixed one


pdfTeX warning (dest): name{subsection.1743} has been referenced but does not e
xist, replaced by a fixed one


pdfTeX warning (dest): name{subsection.1741} has been referenced but does not e
xist, replaced by a fixed one


pdfTeX warning (dest): name{subsection.1725} has been referenced but does not e
xist, replaced by a fixed one


pdfTeX warning (dest): name{subsection.1698} has been referenced but does not e
xist, replaced by a fixed one


pdfTeX warning (dest): name{subsection.1693} has been referenced but does not e
xist, replaced by a fixed one


pdfTeX warning (dest): name{subsection.1675} has been referenced but does not e
xist, replaced by a fixed one


pdfTeX warning (dest): name{subsection.1642} has been referenced but does not e
xist, replaced by a fixed one


pdfTeX warning (dest): name{subsection.1597} has been referenced but does not e
xist, replaced by a fixed one


pdfTeX warning (dest): name{subsection.1592} has been referenced but does not e
xist, replaced by a fixed one


pdfTeX warning (dest): name{section.1591} has been referenced but does not exis
t, replaced by a fixed one


pdfTeX warning (dest): name{subsection.1588} has been referenced but does not e
xist, replaced by a fixed one


pdfTeX warning (dest): name{subsection.1585} has been referenced but does not e
xist, replaced by a fixed one


pdfTeX warning (dest): name{subsection.1582} has been referenced but does not e
xist, replaced by a fixed one


pdfTeX warning (dest): name{subsection.1579} has been referenced but does not e
xist, replaced by a fixed one


pdfTeX warning (dest): name{subsection.1576} has been referenced but does not e
xist, replaced by a fixed one


pdfTeX warning (dest): name{subsection.1574} has been referenced but does not e
xist, replaced by a fixed one


pdfTeX warning (dest): name{subsection.1570} has been referenced but does not e
xist, replaced by a fixed one


pdfTeX warning (dest): name{subsection.1566} has been referenced but does not e
xist, replaced by a fixed one


pdfTeX warning (dest): name{section.1565} has been referenced but does not exis
t, replaced by a fixed one


pdfTeX warning (dest): name{subsection.1559} has been referenced but does not e
xist, replaced by a fixed one


pdfTeX warning (dest): name{subsection.1538} has been referenced but does not e
xist, replaced by a fixed one


pdfTeX warning (dest): name{subsection.1534} has been referenced but does not e
xist, replaced by a fixed one


pdfTeX warning (dest): name{section.1533} has been referenced but does not exis
t, replaced by a fixed one


pdfTeX warning (dest): name{subsection.1499} has been referenced but does not e
xist, replaced by a fixed one


pdfTeX warning (dest): name{subsection.1498} has been referenced but does not e
xist, replaced by a fixed one


pdfTeX warning (dest): name{subsection.1493} has been referenced but does not e
xist, replaced by a fixed one


pdfTeX warning (dest): name{subsection.1490} has been referenced but does not e
xist, replaced by a fixed one


pdfTeX warning (dest): name{subsection.1488} has been referenced but does not e
xist, replaced by a fixed one


pdfTeX warning (dest): name{section.1487} has been referenced but does not exis
t, replaced by a fixed one


pdfTeX warning (dest): name{subsection.1486} has been referenced but does not e
xist, replaced by a fixed one


pdfTeX warning (dest): name{section.1482} has been referenced but does not exis
t, replaced by a fixed one


pdfTeX warning (dest): name{subsection.1474} has been referenced but does not e
xist, replaced by a fixed one


pdfTeX warning (dest): name{subsection.1469} has been referenced but does not e
xist, replaced by a fixed one


pdfTeX warning (dest): name{subsection.1466} has been referenced but does not e
xist, replaced by a fixed one


pdfTeX warning (dest): name{subsection.1457} has been referenced but does not e
xist, replaced by a fixed one


pdfTeX warning (dest): name{section.1456} has been referenced but does not exis
t, replaced by a fixed one


pdfTeX warning (dest): name{subsection.1450} has been referenced but does not e
xist, replaced by a fixed one


pdfTeX warning (dest): name{subsection.1445} has been referenced but does not e
xist, replaced by a fixed one


pdfTeX warning (dest): name{subsection.1440} has been referenced but does not e
xist, replaced by a fixed one


pdfTeX warning (dest): name{subsection.1437} has been referenced but does not e
xist, replaced by a fixed one


pdfTeX warning (dest): name{subsection.1431} has been referenced but does not e
xist, replaced by a fixed one


pdfTeX warning (dest): name{section.1430} has been referenced but does not exis
t, replaced by a fixed one


pdfTeX warning (dest): name{subsection.1425} has been referenced but does not e
xist, replaced by a fixed one


pdfTeX warning (dest): name{subsection.1419} has been referenced but does not e
xist, replaced by a fixed one


pdfTeX warning (dest): name{subsection.1414} has been referenced but does not e
xist, replaced by a fixed one


pdfTeX warning (dest): name{subsection.1400} has been referenced but does not e
xist, replaced by a fixed one


pdfTeX warning (dest): name{subsection.1394} has been referenced but does not e
xist, replaced by a fixed one


pdfTeX warning (dest): name{subsection.1385} has been referenced but does not e
xist, replaced by a fixed one


pdfTeX warning (dest): name{subsection.1376} has been referenced but does not e
xist, replaced by a fixed one


pdfTeX warning (dest): name{section.1375} has been referenced but does not exis
t, replaced by a fixed one


pdfTeX warning (dest): name{subsection.1370} has been referenced but does not e
xist, replaced by a fixed one


pdfTeX warning (dest): name{subsection.1366} has been referenced but does not e
xist, replaced by a fixed one


pdfTeX warning (dest): name{subsection.1362} has been referenced but does not e
xist, replaced by a fixed one


pdfTeX warning (dest): name{subsection.1356} has been referenced but does not e
xist, replaced by a fixed one


pdfTeX warning (dest): name{section.1355} has been referenced but does not exis
t, replaced by a fixed one


pdfTeX warning (dest): name{chapter.1354} has been referenced but does not exis
t, replaced by a fixed one


pdfTeX warning (dest): name{section.1350} has been referenced but does not exis
t, replaced by a fixed one


pdfTeX warning (dest): name{section.1346} has been referenced but does not exis
t, replaced by a fixed one


pdfTeX warning (dest): name{chapter.1345} has been referenced but does not exis
t, replaced by a fixed one


pdfTeX warning (dest): name{subsection.1344} has been referenced but does not e
xist, replaced by a fixed one


pdfTeX warning (dest): name{subsection.1342} has been referenced but does not e
xist, replaced by a fixed one


pdfTeX warning (dest): name{subsection.1341} has been referenced but does not e
xist, replaced by a fixed one


pdfTeX warning (dest): name{subsection.1339} has been referenced but does not e
xist, replaced by a fixed one


pdfTeX warning (dest): name{section.1338} has been referenced but does not exis
t, replaced by a fixed one


pdfTeX warning (dest): name{section.1336} has been referenced but does not exis
t, replaced by a fixed one


pdfTeX warning (dest): name{section.1335} has been referenced but does not exis
t, replaced by a fixed one


pdfTeX warning (dest): name{chapter.1334} has been referenced but does not exis
t, replaced by a fixed one


pdfTeX warning (dest): name{section.1330} has been referenced but does not exis
t, replaced by a fixed one


pdfTeX warning (dest): name{section.1323} has been referenced but does not exis
t, replaced by a fixed one


pdfTeX warning (dest): name{section.1319} has been referenced but does not exis
t, replaced by a fixed one


pdfTeX warning (dest): name{section.1318} has been referenced but does not exis
t, replaced by a fixed one


pdfTeX warning (dest): name{chapter.1317} has been referenced but does not exis
t, replaced by a fixed one


pdfTeX warning (dest): name{section.1311} has been referenced but does not exis
t, replaced by a fixed one


pdfTeX warning (dest): name{section.1306} has been referenced but does not exis
t, replaced by a fixed one


pdfTeX warning (dest): name{section.1299} has been referenced but does not exis
t, replaced by a fixed one


pdfTeX warning (dest): name{section.1292} has been referenced but does not exis
t, replaced by a fixed one


pdfTeX warning (dest): name{section.1287} has been referenced but does not exis
t, replaced by a fixed one


pdfTeX warning (dest): name{section.1279} has been referenced but does not exis
t, replaced by a fixed one


pdfTeX warning (dest): name{section.1272} has been referenced but does not exis
t, replaced by a fixed one


pdfTeX warning (dest): name{section.1263} has been referenced but does not exis
t, replaced by a fixed one


pdfTeX warning (dest): name{section.1257} has been referenced but does not exis
t, replaced by a fixed one


pdfTeX warning (dest): name{chapter.1256} has been referenced but does not exis
t, replaced by a fixed one


pdfTeX warning (dest): name{subsection.1255} has been referenced but does not e
xist, replaced by a fixed one


pdfTeX warning (dest): name{subsection.1253} has been referenced but does not e
xist, replaced by a fixed one


pdfTeX warning (dest): name{subsection.1252} has been referenced but does not e
xist, replaced by a fixed one


pdfTeX warning (dest): name{subsection.1251} has been referenced but does not e
xist, replaced by a fixed one


pdfTeX warning (dest): name{section.1247} has been referenced but does not exis
t, replaced by a fixed one


pdfTeX warning (dest): name{chapter.1246} has been referenced but does not exis
t, replaced by a fixed one


pdfTeX warning (dest): name{section.1240} has been referenced but does not exis
t, replaced by a fixed one


pdfTeX warning (dest): name{subsection.1219} has been referenced but does not e
xist, replaced by a fixed one


pdfTeX warning (dest): name{subsection.1194} has been referenced but does not e
xist, replaced by a fixed one


pdfTeX warning (dest): name{subsection.1191} has been referenced but does not e
xist, replaced by a fixed one


pdfTeX warning (dest): name{section.1190} has been referenced but does not exis
t, replaced by a fixed one


pdfTeX warning (dest): name{chapter.1189} has been referenced but does not exis
t, replaced by a fixed one


pdfTeX warning (dest): name{section.1185} has been referenced but does not exis
t, replaced by a fixed one


pdfTeX warning (dest): name{subsection.1176} has been referenced but does not e
xist, replaced by a fixed one


pdfTeX warning (dest): name{subsection.1174} has been referenced but does not e
xist, replaced by a fixed one


pdfTeX warning (dest): name{section.1173} has been referenced but does not exis
t, replaced by a fixed one


pdfTeX warning (dest): name{subsection.1170} has been referenced but does not e
xist, replaced by a fixed one


pdfTeX warning (dest): name{subsection.1167} has been referenced but does not e
xist, replaced by a fixed one


pdfTeX warning (dest): name{subsection.1160} has been referenced but does not e
xist, replaced by a fixed one


pdfTeX warning (dest): name{subsection.1157} has been referenced but does not e
xist, replaced by a fixed one


pdfTeX warning (dest): name{subsection.1142} has been referenced but does not e
xist, replaced by a fixed one


pdfTeX warning (dest): name{subsection.1139} has been referenced but does not e
xist, replaced by a fixed one


pdfTeX warning (dest): name{section.1138} has been referenced but does not exis
t, replaced by a fixed one


pdfTeX warning (dest): name{subsection.1132} has been referenced but does not e
xist, replaced by a fixed one


pdfTeX warning (dest): name{subsection.1125} has been referenced but does not e
xist, replaced by a fixed one


pdfTeX warning (dest): name{subsection.1120} has been referenced but does not e
xist, replaced by a fixed one


pdfTeX warning (dest): name{subsection.1119} has been referenced but does not e
xist, replaced by a fixed one


pdfTeX warning (dest): name{subsection.1116} has been referenced but does not e
xist, replaced by a fixed one


pdfTeX warning (dest): name{subsection.1113} has been referenced but does not e
xist, replaced by a fixed one


pdfTeX warning (dest): name{subsection.1104} has been referenced but does not e
xist, replaced by a fixed one


pdfTeX warning (dest): name{subsection.1101} has been referenced but does not e
xist, replaced by a fixed one


pdfTeX warning (dest): name{subsection.1092} has been referenced but does not e
xist, replaced by a fixed one


pdfTeX warning (dest): name{subsection.1079} has been referenced but does not e
xist, replaced by a fixed one


pdfTeX warning (dest): name{subsection.1078} has been referenced but does not e
xist, replaced by a fixed one


pdfTeX warning (dest): name{section.1077} has been referenced but does not exis
t, replaced by a fixed one


pdfTeX warning (dest): name{subsection.1075} has been referenced but does not e
xist, replaced by a fixed one


pdfTeX warning (dest): name{subsection.1062} has been referenced but does not e
xist, replaced by a fixed one


pdfTeX warning (dest): name{subsection.1058} has been referenced but does not e
xist, replaced by a fixed one


pdfTeX warning (dest): name{subsection.1049} has been referenced but does not e
xist, replaced by a fixed one


pdfTeX warning (dest): name{subsection.1045} has been referenced but does not e
xist, replaced by a fixed one


pdfTeX warning (dest): name{subsection.1040} has been referenced but does not e
xist, replaced by a fixed one


pdfTeX warning (dest): name{subsection.1037} has been referenced but does not e
xist, replaced by a fixed one


pdfTeX warning (dest): name{section.1036} has been referenced but does not exis
t, replaced by a fixed one


pdfTeX warning (dest): name{subsection.1027} has been referenced but does not e
xist, replaced by a fixed one


pdfTeX warning (dest): name{subsection.1020} has been referenced but does not e
xist, replaced by a fixed one


pdfTeX warning (dest): name{subsection.1017} has been referenced but does not e
xist, replaced by a fixed one


pdfTeX warning (dest): name{subsection.987} has been referenced but does not ex
ist, replaced by a fixed one


pdfTeX warning (dest): name{subsection.982} has been referenced but does not ex
ist, replaced by a fixed one


pdfTeX warning (dest): name{subsection.970} has been referenced but does not ex
ist, replaced by a fixed one


pdfTeX warning (dest): name{subsection.942} has been referenced but does not ex
ist, replaced by a fixed one


pdfTeX warning (dest): name{subsection.941} has been referenced but does not ex
ist, replaced by a fixed one


pdfTeX warning (dest): name{subsection.935} has been referenced but does not ex
ist, replaced by a fixed one


pdfTeX warning (dest): name{subsection.926} has been referenced but does not ex
ist, replaced by a fixed one


pdfTeX warning (dest): name{subsection.918} has been referenced but does not ex
ist, replaced by a fixed one


pdfTeX warning (dest): name{subsection.911} has been referenced but does not ex
ist, replaced by a fixed one


pdfTeX warning (dest): name{subsection.904} has been referenced but does not ex
ist, replaced by a fixed one


pdfTeX warning (dest): name{section*.893} has been referenced but does not exis
t, replaced by a fixed one


pdfTeX warning (dest): name{subsection.892} has been referenced but does not ex
ist, replaced by a fixed one


pdfTeX warning (dest): name{subsection.891} has been referenced but does not ex
ist, replaced by a fixed one


pdfTeX warning (dest): name{subsection.889} has been referenced but does not ex
ist, replaced by a fixed one


pdfTeX warning (dest): name{section.887} has been referenced but does not exist
, replaced by a fixed one


pdfTeX warning (dest): name{section.885} has been referenced but does not exist
, replaced by a fixed one


pdfTeX warning (dest): name{section.884} has been referenced but does not exist
, replaced by a fixed one


pdfTeX warning (dest): name{chapter.883} has been referenced but does not exist
, replaced by a fixed one


pdfTeX warning (dest): name{subsection.877} has been referenced but does not ex
ist, replaced by a fixed one


pdfTeX warning (dest): name{subsection.868} has been referenced but does not ex
ist, replaced by a fixed one


pdfTeX warning (dest): name{subsection.861} has been referenced but does not ex
ist, replaced by a fixed one


pdfTeX warning (dest): name{subsection.853} has been referenced but does not ex
ist, replaced by a fixed one


pdfTeX warning (dest): name{subsection.847} has been referenced but does not ex
ist, replaced by a fixed one


pdfTeX warning (dest): name{subsection.841} has been referenced but does not ex
ist, replaced by a fixed one


pdfTeX warning (dest): name{subsection.839} has been referenced but does not ex
ist, replaced by a fixed one


pdfTeX warning (dest): name{subsection.831} has been referenced but does not ex
ist, replaced by a fixed one


pdfTeX warning (dest): name{subsection.827} has been referenced but does not ex
ist, replaced by a fixed one


pdfTeX warning (dest): name{section.826} has been referenced but does not exist
, replaced by a fixed one


pdfTeX warning (dest): name{subsection.822} has been referenced but does not ex
ist, replaced by a fixed one


pdfTeX warning (dest): name{subsection.819} has been referenced but does not ex
ist, replaced by a fixed one


pdfTeX warning (dest): name{section.808} has been referenced but does not exist
, replaced by a fixed one


pdfTeX warning (dest): name{subsection.798} has been referenced but does not ex
ist, replaced by a fixed one


pdfTeX warning (dest): name{subsection.791} has been referenced but does not ex
ist, replaced by a fixed one


pdfTeX warning (dest): name{section.790} has been referenced but does not exist
, replaced by a fixed one


pdfTeX warning (dest): name{subsection.788} has been referenced but does not ex
ist, replaced by a fixed one


pdfTeX warning (dest): name{subsection.781} has been referenced but does not ex
ist, replaced by a fixed one


pdfTeX warning (dest): name{subsection.774} has been referenced but does not ex
ist, replaced by a fixed one


pdfTeX warning (dest): name{section.773} has been referenced but does not exist
, replaced by a fixed one


pdfTeX warning (dest): name{subsection.760} has been referenced but does not ex
ist, replaced by a fixed one


pdfTeX warning (dest): name{subsection.758} has been referenced but does not ex
ist, replaced by a fixed one


pdfTeX warning (dest): name{subsection.756} has been referenced but does not ex
ist, replaced by a fixed one


pdfTeX warning (dest): name{subsection.751} has been referenced but does not ex
ist, replaced by a fixed one


pdfTeX warning (dest): name{subsection.748} has been referenced but does not ex
ist, replaced by a fixed one


pdfTeX warning (dest): name{section.747} has been referenced but does not exist
, replaced by a fixed one


pdfTeX warning (dest): name{chapter.746} has been referenced but does not exist
, replaced by a fixed one


pdfTeX warning (dest): name{section.742} has been referenced but does not exist
, replaced by a fixed one


pdfTeX warning (dest): name{section.739} has been referenced but does not exist
, replaced by a fixed one


pdfTeX warning (dest): name{section.738} has been referenced but does not exist
, replaced by a fixed one


pdfTeX warning (dest): name{chapter.737} has been referenced but does not exist
, replaced by a fixed one


pdfTeX warning (dest): name{subsection.735} has been referenced but does not ex
ist, replaced by a fixed one


pdfTeX warning (dest): name{section.730} has been referenced but does not exist
, replaced by a fixed one


pdfTeX warning (dest): name{section.729} has been referenced but does not exist
, replaced by a fixed one


pdfTeX warning (dest): name{chapter.728} has been referenced but does not exist
, replaced by a fixed one


pdfTeX warning (dest): name{section.726} has been referenced but does not exist
, replaced by a fixed one


pdfTeX warning (dest): name{section.722} has been referenced but does not exist
, replaced by a fixed one


pdfTeX warning (dest): name{subsection.718} has been referenced but does not ex
ist, replaced by a fixed one


pdfTeX warning (dest): name{subsection.714} has been referenced but does not ex
ist, replaced by a fixed one


pdfTeX warning (dest): name{section.710} has been referenced but does not exist
, replaced by a fixed one


pdfTeX warning (dest): name{subsection.708} has been referenced but does not ex
ist, replaced by a fixed one


pdfTeX warning (dest): name{subsection.706} has been referenced but does not ex
ist, replaced by a fixed one


pdfTeX warning (dest): name{subsection.702} has been referenced but does not ex
ist, replaced by a fixed one


pdfTeX warning (dest): name{subsection.700} has been referenced but does not ex
ist, replaced by a fixed one


pdfTeX warning (dest): name{subsection.699} has been referenced but does not ex
ist, replaced by a fixed one


pdfTeX warning (dest): name{section.698} has been referenced but does not exist
, replaced by a fixed one


pdfTeX warning (dest): name{section.695} has been referenced but does not exist
, replaced by a fixed one


pdfTeX warning (dest): name{chapter.694} has been referenced but does not exist
, replaced by a fixed one


pdfTeX warning (dest): name{section.693} has been referenced but does not exist
, replaced by a fixed one


pdfTeX warning (dest): name{section.688} has been referenced but does not exist
, replaced by a fixed one


pdfTeX warning (dest): name{section.681} has been referenced but does not exist
, replaced by a fixed one


pdfTeX warning (dest): name{subsection.676} has been referenced but does not ex
ist, replaced by a fixed one


pdfTeX warning (dest): name{subsection.670} has been referenced but does not ex
ist, replaced by a fixed one


pdfTeX warning (dest): name{subsection.664} has been referenced but does not ex
ist, replaced by a fixed one


pdfTeX warning (dest): name{section.663} has been referenced but does not exist
, replaced by a fixed one


pdfTeX warning (dest): name{chapter.662} has been referenced but does not exist
, replaced by a fixed one


pdfTeX warning (dest): name{section.658} has been referenced but does not exist
, replaced by a fixed one


pdfTeX warning (dest): name{section.651} has been referenced but does not exist
, replaced by a fixed one


pdfTeX warning (dest): name{section.646} has been referenced but does not exist
, replaced by a fixed one


pdfTeX warning (dest): name{section.634} has been referenced but does not exist
, replaced by a fixed one


pdfTeX warning (dest): name{section.628} has been referenced but does not exist
, replaced by a fixed one


pdfTeX warning (dest): name{section.624} has been referenced but does not exist
, replaced by a fixed one


pdfTeX warning (dest): name{section.616} has been referenced but does not exist
, replaced by a fixed one


pdfTeX warning (dest): name{subsection.615} has been referenced but does not ex
ist, replaced by a fixed one


pdfTeX warning (dest): name{section.607} has been referenced but does not exist
, replaced by a fixed one


pdfTeX warning (dest): name{section.600} has been referenced but does not exist
, replaced by a fixed one


pdfTeX warning (dest): name{section.594} has been referenced but does not exist
, replaced by a fixed one


pdfTeX warning (dest): name{subsection.573} has been referenced but does not ex
ist, replaced by a fixed one


pdfTeX warning (dest): name{subsection.570} has been referenced but does not ex
ist, replaced by a fixed one


pdfTeX warning (dest): name{section.563} has been referenced but does not exist
, replaced by a fixed one


pdfTeX warning (dest): name{chapter.561} has been referenced but does not exist
, replaced by a fixed one


pdfTeX warning (dest): name{section.554} has been referenced but does not exist
, replaced by a fixed one


pdfTeX warning (dest): name{section.546} has been referenced but does not exist
, replaced by a fixed one


pdfTeX warning (dest): name{section.510} has been referenced but does not exist
, replaced by a fixed one


pdfTeX warning (dest): name{section.501} has been referenced but does not exist
, replaced by a fixed one


pdfTeX warning (dest): name{section.493} has been referenced but does not exist
, replaced by a fixed one


pdfTeX warning (dest): name{section.491} has been referenced but does not exist
, replaced by a fixed one


pdfTeX warning (dest): name{section.488} has been referenced but does not exist
, replaced by a fixed one


pdfTeX warning (dest): name{section.476} has been referenced but does not exist
, replaced by a fixed one


pdfTeX warning (dest): name{section.470} has been referenced but does not exist
, replaced by a fixed one


pdfTeX warning (dest): name{section.466} has been referenced but does not exist
, replaced by a fixed one


pdfTeX warning (dest): name{chapter.465} has been referenced but does not exist
, replaced by a fixed one


pdfTeX warning (dest): name{subsection.458} has been referenced but does not ex
ist, replaced by a fixed one


pdfTeX warning (dest): name{subsection.451} has been referenced but does not ex
ist, replaced by a fixed one


pdfTeX warning (dest): name{subsection.449} has been referenced but does not ex
ist, replaced by a fixed one


pdfTeX warning (dest): name{subsection.446} has been referenced but does not ex
ist, replaced by a fixed one


pdfTeX warning (dest): name{subsection.444} has been referenced but does not ex
ist, replaced by a fixed one


pdfTeX warning (dest): name{chapter.442} has been referenced but does not exist
, replaced by a fixed one


pdfTeX warning (dest): name{section.440} has been referenced but does not exist
, replaced by a fixed one


pdfTeX warning (dest): name{section.435} has been referenced but does not exist
, replaced by a fixed one


pdfTeX warning (dest): name{section.428} has been referenced but does not exist
, replaced by a fixed one


pdfTeX warning (dest): name{subsection.427} has been referenced but does not ex
ist, replaced by a fixed one


pdfTeX warning (dest): name{subsection.422} has been referenced but does not ex
ist, replaced by a fixed one


pdfTeX warning (dest): name{section.421} has been referenced but does not exist
, replaced by a fixed one


pdfTeX warning (dest): name{subsection.418} has been referenced but does not ex
ist, replaced by a fixed one


pdfTeX warning (dest): name{subsection.410} has been referenced but does not ex
ist, replaced by a fixed one


pdfTeX warning (dest): name{subsection.406} has been referenced but does not ex
ist, replaced by a fixed one


pdfTeX warning (dest): name{section.405} has been referenced but does not exist
, replaced by a fixed one


pdfTeX warning (dest): name{subsection.400} has been referenced but does not ex
ist, replaced by a fixed one


pdfTeX warning (dest): name{subsection.396} has been referenced but does not ex
ist, replaced by a fixed one


pdfTeX warning (dest): name{section.395} has been referenced but does not exist
, replaced by a fixed one


pdfTeX warning (dest): name{subsection.391} has been referenced but does not ex
ist, replaced by a fixed one


pdfTeX warning (dest): name{subsection.388} has been referenced but does not ex
ist, replaced by a fixed one


pdfTeX warning (dest): name{subsection.382} has been referenced but does not ex
ist, replaced by a fixed one


pdfTeX warning (dest): name{section.381} has been referenced but does not exist
, replaced by a fixed one


pdfTeX warning (dest): name{subsection.373} has been referenced but does not ex
ist, replaced by a fixed one


pdfTeX warning (dest): name{subsection.372} has been referenced but does not ex
ist, replaced by a fixed one


pdfTeX warning (dest): name{section.371} has been referenced but does not exist
, replaced by a fixed one


pdfTeX warning (dest): name{chapter.364} has been referenced but does not exist
, replaced by a fixed one


pdfTeX warning (dest): name{subsection.363} has been referenced but does not ex
ist, replaced by a fixed one


pdfTeX warning (dest): name{section.361} has been referenced but does not exist
, replaced by a fixed one


pdfTeX warning (dest): name{subsection.360} has been referenced but does not ex
ist, replaced by a fixed one


pdfTeX warning (dest): name{section.358} has been referenced but does not exist
, replaced by a fixed one


pdfTeX warning (dest): name{subsection.355} has been referenced but does not ex
ist, replaced by a fixed one


pdfTeX warning (dest): name{subsection.350} has been referenced but does not ex
ist, replaced by a fixed one


pdfTeX warning (dest): name{section.344} has been referenced but does not exist
, replaced by a fixed one


pdfTeX warning (dest): name{subsection.338} has been referenced but does not ex
ist, replaced by a fixed one


pdfTeX warning (dest): name{subsection.332} has been referenced but does not ex
ist, replaced by a fixed one


pdfTeX warning (dest): name{subsection.310} has been referenced but does not ex
ist, replaced by a fixed one


pdfTeX warning (dest): name{subsection.306} has been referenced but does not ex
ist, replaced by a fixed one


pdfTeX warning (dest): name{subsection.304} has been referenced but does not ex
ist, replaced by a fixed one


pdfTeX warning (dest): name{subsection.297} has been referenced but does not ex
ist, replaced by a fixed one


pdfTeX warning (dest): name{section.296} has been referenced but does not exist
, replaced by a fixed one


pdfTeX warning (dest): name{chapter.295} has been referenced but does not exist
, replaced by a fixed one


pdfTeX warning (dest): name{section.291} has been referenced but does not exist
, replaced by a fixed one


pdfTeX warning (dest): name{subsection.289} has been referenced but does not ex
ist, replaced by a fixed one


pdfTeX warning (dest): name{subsection.283} has been referenced but does not ex
ist, replaced by a fixed one


pdfTeX warning (dest): name{section.282} has been referenced but does not exist
, replaced by a fixed one


pdfTeX warning (dest): name{section.279} has been referenced but does not exist
, replaced by a fixed one


pdfTeX warning (dest): name{chapter.278} has been referenced but does not exist
, replaced by a fixed one


pdfTeX warning (dest): name{subsection.275} has been referenced but does not ex
ist, replaced by a fixed one


pdfTeX warning (dest): name{subsection.271} has been referenced but does not ex
ist, replaced by a fixed one


pdfTeX warning (dest): name{subsection.268} has been referenced but does not ex
ist, replaced by a fixed one


pdfTeX warning (dest): name{subsection.265} has been referenced but does not ex
ist, replaced by a fixed one


pdfTeX warning (dest): name{subsection.257} has been referenced but does not ex
ist, replaced by a fixed one


pdfTeX warning (dest): name{subsection.251} has been referenced but does not ex
ist, replaced by a fixed one


pdfTeX warning (dest): name{section.250} has been referenced but does not exist
, replaced by a fixed one


pdfTeX warning (dest): name{section.244} has been referenced but does not exist
, replaced by a fixed one


pdfTeX warning (dest): name{section.241} has been referenced but does not exist
, replaced by a fixed one


pdfTeX warning (dest): name{section.238} has been referenced but does not exist
, replaced by a fixed one


pdfTeX warning (dest): name{section.230} has been referenced but does not exist
, replaced by a fixed one


pdfTeX warning (dest): name{section.223} has been referenced but does not exist
, replaced by a fixed one


pdfTeX warning (dest): name{section.220} has been referenced but does not exist
, replaced by a fixed one


pdfTeX warning (dest): name{chapter.219} has been referenced but does not exist
, replaced by a fixed one


pdfTeX warning (dest): name{section.216} has been referenced but does not exist
, replaced by a fixed one


pdfTeX warning (dest): name{section.212} has been referenced but does not exist
, replaced by a fixed one


pdfTeX warning (dest): name{subsection.208} has been referenced but does not ex
ist, replaced by a fixed one


pdfTeX warning (dest): name{subsection.206} has been referenced but does not ex
ist, replaced by a fixed one


pdfTeX warning (dest): name{section.204} has been referenced but does not exist
, replaced by a fixed one


pdfTeX warning (dest): name{chapter.203} has been referenced but does not exist
, replaced by a fixed one


pdfTeX warning (dest): name{subsection.201} has been referenced but does not ex
ist, replaced by a fixed one


pdfTeX warning (dest): name{subsection.185} has been referenced but does not ex
ist, replaced by a fixed one


pdfTeX warning (dest): name{subsection.177} has been referenced but does not ex
ist, replaced by a fixed one


pdfTeX warning (dest): name{subsection.169} has been referenced but does not ex
ist, replaced by a fixed one


pdfTeX warning (dest): name{subsection.154} has been referenced but does not ex
ist, replaced by a fixed one


pdfTeX warning (dest): name{subsection.138} has been referenced but does not ex
ist, replaced by a fixed one


pdfTeX warning (dest): name{subsection.119} has been referenced but does not ex
ist, replaced by a fixed one


pdfTeX warning (dest): name{chapter.118} has been referenced but does not exist
, replaced by a fixed one


pdfTeX warning (dest): name{subsection.114} has been referenced but does not ex
ist, replaced by a fixed one


pdfTeX warning (dest): name{subsection.109} has been referenced but does not ex
ist, replaced by a fixed one


pdfTeX warning (dest): name{subsection.92} has been referenced but does not exi
st, replaced by a fixed one


pdfTeX warning (dest): name{subsection.70} has been referenced but does not exi
st, replaced by a fixed one


pdfTeX warning (dest): name{subsection.66} has been referenced but does not exi
st, replaced by a fixed one


pdfTeX warning (dest): name{section.65} has been referenced but does not exist,
 replaced by a fixed one

<C:/Users/Lenovo/AppData/Local/Programs/MiKTeX/fonts/type1/public/amsfonts/eule
r/eufm10.pfb><C:/Users/Lenovo/AppData/Local/Programs/MiKTeX/fonts/type1/public/
lm/lmbx10.pfb><C:/Users/Lenovo/AppData/Local/Programs/MiKTeX/fonts/type1/public
/lm/lmbx12.pfb><C:/Users/Lenovo/AppData/Local/Programs/MiKTeX/fonts/type1/publi
c/lm/lmbxi10.pfb><C:/Users/Lenovo/AppData/Local/Programs/MiKTeX/fonts/type1/pub
lic/lm/lmex10.pfb><C:/Users/Lenovo/AppData/Local/Programs/MiKTeX/fonts/type1/pu
blic/lm/lmmi10.pfb><C:/Users/Lenovo/AppData/Local/Programs/MiKTeX/fonts/type1/p
ublic/lm/lmmi12.pfb><C:/Users/Lenovo/AppData/Local/Programs/MiKTeX/fonts/type1/
public/lm/lmmi6.pfb><C:/Users/Lenovo/AppData/Local/Programs/MiKTeX/fonts/type1/
public/lm/lmmi8.pfb><C:/Users/Lenovo/AppData/Local/Programs/MiKTeX/fonts/type1/
public/lm/lmr10.pfb><C:/Users/Lenovo/AppData/Local/Programs/MiKTeX/fonts/type1/
public/lm/lmr12.pfb><C:/Users/Lenovo/AppData/Local/Programs/MiKTeX/fonts/type1/
public/lm/lmr6.pfb><C:/Users/Lenovo/AppData/Local/Programs/MiKTeX/fonts/type1/p
ublic/lm/lmr8.pfb><C:/Users/Lenovo/AppData/Local/Programs/MiKTeX/fonts/type1/pu
blic/lm/lmr9.pfb><C:/Users/Lenovo/AppData/Local/Programs/MiKTeX/fonts/type1/pub
lic/lm/lmri10.pfb><C:/Users/Lenovo/AppData/Local/Programs/MiKTeX/fonts/type1/pu
blic/lm/lmri7.pfb><C:/Users/Lenovo/AppData/Local/Programs/MiKTeX/fonts/type1/pu
blic/lm/lmri8.pfb><C:/Users/Lenovo/AppData/Local/Programs/MiKTeX/fonts/type1/pu
blic/lm/lmsy10.pfb><C:/Users/Lenovo/AppData/Local/Programs/MiKTeX/fonts/type1/p
ublic/lm/lmsy6.pfb><C:/Users/Lenovo/AppData/Local/Programs/MiKTeX/fonts/type1/p
ublic/lm/lmsy8.pfb><C:/Users/Lenovo/AppData/Local/Programs/MiKTeX/fonts/type1/p
ublic/lm/lmtt10.pfb><C:/Users/Lenovo/AppData/Local/Programs/MiKTeX/fonts/type1/
public/lm/lmtti10.pfb><C:/Users/Lenovo/AppData/Local/Programs/MiKTeX/fonts/type
1/public/amsfonts/symbols/msam10.pfb><C:/Users/Lenovo/AppData/Local/Programs/Mi
KTeX/fonts/type1/public/amsfonts/symbols/msbm10.pfb>
Output written on C:\Users\Lenovo\papers\yang\yang_mills\split\out\main.pdf (18
5 pages, 1590205 bytes).
PDF statistics:
 4253 PDF objects out of 4296 (max. 8388607)
 2297 named destinations out of 2487 (max. 500000)
 68621 words of extra memory for PDF output out of 74296 (max. 10000000)

