kappa_r,kappa_f,p_z
0.05,0.0001,0.0001581139
0.05,0.0005,0.0001581139
0.05,0.001,0.0001581139
0.11,0.0001,0.0003477900
0.11,0.0005,0.0003477900
0.11,0.001,0.0003477900
0.2,0.0001,0.0006324555
0.2,0.0005,0.0006324555
0.2,0.001,0.0006324555
