\BOOKMARK [0][-]{chapter*.2}{\376\377\000T\000h\000e\000o\000r\000e\000m\000\040\000R\000e\000g\000i\000s\000t\000r\000y}{}% 1
\BOOKMARK [0][-]{chapter*.6}{\376\377\000V\000e\000r\000i\000f\000i\000c\000a\000t\000i\000o\000n\000\040\000C\000h\000e\000c\000k\000l\000i\000s\000t}{}% 2
\BOOKMARK [0][-]{chapter*.11}{\376\377\000R\000e\000a\000d\000e\000r\000'\000s\000\040\000G\000u\000i\000d\000e}{}% 3
\BOOKMARK [-1][-]{section*.12}{\376\377\000F\000o\000u\000n\000d\000a\000t\000i\000o\000n\000s\000\040\000a\000n\000d\000\040\000M\000a\000i\000n\000\040\000A\000r\000g\000u\000m\000e\000n\000t}{}% 4
\BOOKMARK [0][-]{section.0.1}{\376\377\000I\000n\000t\000r\000o\000d\000u\000c\000t\000i\000o\000n}{section*.12}% 5
\BOOKMARK [1][-]{subsection.0.1.1}{\376\377\000S\000t\000a\000t\000e\000m\000e\000n\000t\000\040\000o\000f\000\040\000t\000h\000e\000\040\000R\000e\000s\000u\000l\000t}{section.0.1}% 6
\BOOKMARK [2][-]{subsection.0.1.2}{\376\377\000S\000t\000r\000u\000c\000t\000u\000r\000e\000\040\000o\000f\000\040\000t\000h\000e\000\040\000P\000r\000o\000o\000f}{subsection.0.1.1}% 7
\BOOKMARK [2][-]{subsection.0.1.3}{\376\377\000A\000d\000d\000r\000e\000s\000s\000i\000n\000g\000\040\000t\000h\000e\000\040\000M\000i\000l\000l\000e\000n\000n\000i\000u\000m\000\040\000P\000r\000i\000z\000e\000\040\000C\000r\000i\000t\000e\000r\000i\000a}{subsection.0.1.1}% 8
\BOOKMARK [1][-]{section.0.2}{\376\377\000L\000a\000t\000t\000i\000c\000e\000\040\000Y\000a\000n\000g\000-\000M\000i\000l\000l\000s\000\040\000T\000h\000e\000o\000r\000y\000:\000\040\000F\000o\000u\000n\000d\000a\000t\000i\000o\000n\000s\000\040\000a\000n\000d\000\040\000R\000i\000g\000o\000r}{section.0.1}% 9
\BOOKMARK [2][-]{subsection.0.2.1}{\376\377\000T\000h\000e\000\040\000L\000a\000t\000t\000i\000c\000e\000\040\000a\000n\000d\000\040\000C\000o\000n\000f\000i\000g\000u\000r\000a\000t\000i\000o\000n\000\040\000S\000p\000a\000c\000e}{section.0.2}% 10
\BOOKMARK [2][-]{subsection.0.2.2}{\376\377\000T\000h\000e\000\040\000W\000i\000l\000s\000o\000n\000\040\000A\000c\000t\000i\000o\000n\000\040\000a\000n\000d\000\040\000M\000e\000a\000s\000u\000r\000e}{section.0.2}% 11
\BOOKMARK [2][-]{subsection.0.2.3}{\376\377\000D\000i\000s\000c\000r\000e\000t\000e\000\040\000G\000e\000o\000m\000e\000t\000r\000y\000:\000\040\000C\000u\000r\000v\000a\000t\000u\000r\000e\000\040\000B\000o\000u\000n\000d\000s}{section.0.2}% 12
\BOOKMARK [2][-]{subsection.0.2.4}{\376\377\000T\000o\000p\000o\000l\000o\000g\000i\000c\000a\000l\000\040\000S\000e\000c\000t\000o\000r\000s\000\040\000a\000n\000d\000\040\000t\000h\000e\000\040\000L\000a\000t\000t\000i\000c\000e\000\040\000I\000n\000d\000e\000x\000\040\000T\000h\000e\000o\000r\000e\000m}{section.0.2}% 13
\BOOKMARK [2][-]{subsection.0.2.5}{\376\377\000T\000r\000a\000n\000s\000f\000e\000r\000\040\000M\000a\000t\000r\000i\000x\000\040\000a\000n\000d\000\040\000R\000e\000f\000l\000e\000c\000t\000i\000o\000n\000\040\000P\000o\000s\000i\000t\000i\000v\000i\000t\000y}{section.0.2}% 14
\BOOKMARK [1][-]{section.0.3}{\376\377\000S\000t\000r\000o\000n\000g\000\040\000C\000o\000u\000p\000l\000i\000n\000g\000\040\000a\000n\000d\000\040\000C\000l\000u\000s\000t\000e\000r\000\040\000E\000x\000p\000a\000n\000s\000i\000o\000n\000s}{section.0.1}% 15
\BOOKMARK [2][-]{subsection.0.3.1}{\376\377\000\040\000T\000h\000e\000\040\000P\000o\000l\000y\000m\000e\000r\000\040\000R\000e\000p\000r\000e\000s\000e\000n\000t\000a\000t\000i\000o\000n}{section.0.3}% 16
\BOOKMARK [2][-]{subsection.0.3.2}{\376\377\000T\000h\000e\000\040\000M\000a\000y\000e\000r\000-\000M\000o\000n\000t\000r\000o\000l\000l\000\040\000R\000a\000d\000i\000u\000s}{section.0.3}% 17
\BOOKMARK [2][-]{subsection.0.3.3}{\376\377\000T\000h\000e\000r\000m\000o\000d\000y\000n\000a\000m\000i\000c\000\040\000L\000i\000m\000i\000t\000\040\000a\000n\000d\000\040\000T\000e\000m\000p\000e\000r\000e\000d\000n\000e\000s\000s}{section.0.3}% 18
\BOOKMARK [2][-]{subsection.0.3.4}{\376\377\000C\000o\000n\000c\000l\000u\000s\000i\000o\000n\000\040\000o\000f\000\040\000S\000t\000a\000g\000e\000\040\000I}{section.0.3}% 19
\BOOKMARK [1][-]{section.0.4}{\376\377\000M\000a\000s\000s\000\040\000G\000a\000p\000\040\000v\000i\000a\000\040\000A\000d\000j\000o\000i\000n\000t\000\040\000I\000n\000t\000e\000r\000p\000o\000l\000a\000t\000i\000o\000n}{section.0.1}% 20
\BOOKMARK [2][-]{subsection.0.4.1}{\376\377\000T\000h\000e\000\040\000I\000n\000t\000e\000r\000p\000o\000l\000a\000t\000i\000n\000g\000\040\000A\000c\000t\000i\000o\000n}{section.0.4}% 21
\BOOKMARK [2][-]{subsection.0.4.2}{\376\377\000E\000n\000d\000p\000o\000i\000n\000t\000\040\000A\000n\000a\000l\000y\000s\000i\000s}{section.0.4}% 22
\BOOKMARK [2][-]{subsection.0.4.3}{\376\377\000T\000h\000e\000\040\000A\000d\000i\000a\000b\000a\000t\000i\000c\000\040\000C\000o\000n\000t\000i\000n\000u\000i\000t\000y\000\040\000T\000h\000e\000o\000r\000e\000m}{section.0.4}% 23
\BOOKMARK [1][-]{section.0.5}{\376\377\000W\000e\000a\000k\000\040\000C\000o\000u\000p\000l\000i\000n\000g\000\040\000a\000n\000d\000\040\000A\000s\000y\000m\000p\000t\000o\000t\000i\000c\000\040\000F\000r\000e\000e\000d\000o\000m}{section.0.1}% 24
\BOOKMARK [2][-]{subsection.0.5.1}{\376\377\000U\000n\000i\000q\000u\000e\000n\000e\000s\000s\000\040\000v\000i\000a\000\040\000R\000e\000n\000o\000r\000m\000a\000l\000i\000z\000a\000t\000i\000o\000n\000\040\000G\000r\000o\000u\000p}{section.0.5}% 25
\BOOKMARK [2][-]{subsection.0.5.2}{\376\377\000R\000e\000n\000o\000r\000m\000a\000l\000i\000z\000a\000t\000i\000o\000n\000\040\000G\000r\000o\000u\000p\000\040\000A\000n\000a\000l\000y\000s\000i\000s}{section.0.5}% 26
\BOOKMARK [2][-]{subsection.0.5.3}{\376\377\000Q\000u\000a\000n\000t\000i\000t\000a\000t\000i\000v\000e\000\040\000H\000o\000m\000o\000g\000e\000n\000i\000z\000a\000t\000i\000o\000n}{section.0.5}% 27
\BOOKMARK [2][-]{subsection.0.5.4}{\376\377\000U\000n\000i\000v\000e\000r\000s\000a\000l\000i\000t\000y}{section.0.5}% 28
\BOOKMARK [1][-]{section.0.6}{\376\377\000T\000h\000e\000\040\000C\000o\000n\000t\000i\000n\000u\000u\000m\000\040\000L\000i\000m\000i\000t\000\040\000a\000n\000d\000\040\000E\000x\000i\000s\000t\000e\000n\000c\000e}{section.0.1}% 29
\BOOKMARK [2][-]{subsection.0.6.1}{\376\377\000R\000e\000c\000o\000n\000s\000t\000r\000u\000c\000t\000i\000o\000n\000\040\000o\000f\000\040\000t\000h\000e\000\040\000Q\000u\000a\000n\000t\000u\000m\000\040\000T\000h\000e\000o\000r\000y}{section.0.6}% 30
\BOOKMARK [2][-]{subsection.0.6.2}{\376\377\000C\000o\000n\000t\000i\000n\000u\000u\000m\000\040\000O\000b\000s\000e\000r\000v\000a\000b\000l\000e\000s\000\040\000a\000n\000d\000\040\000L\000o\000g\000a\000r\000i\000t\000h\000m\000i\000c\000\040\000B\000o\000u\000n\000d\000s}{section.0.6}% 31
\BOOKMARK [2][-]{subsection.0.6.3}{\376\377\000T\000a\000l\000a\000g\000r\000a\000n\000d\000'\000s\000\040\000I\000n\000e\000q\000u\000a\000l\000i\000t\000y\000\040\000a\000n\000d\000\040\000C\000o\000n\000c\000e\000n\000t\000r\000a\000t\000i\000o\000n}{section.0.6}% 32
\BOOKMARK [2][-]{subsection.0.6.4}{\376\377\000T\000o\000p\000o\000l\000o\000g\000i\000c\000a\000l\000\040\000S\000e\000c\000t\000o\000r\000\040\000a\000n\000d\000\040\000A\000d\000m\000i\000s\000s\000i\000b\000i\000l\000i\000t\000y}{section.0.6}% 33
\BOOKMARK [1][-]{section.0.7}{\376\377\000C\000o\000n\000c\000l\000u\000s\000i\000o\000n\000\040\000a\000n\000d\000\040\000V\000e\000r\000i\000f\000i\000c\000a\000t\000i\000o\000n}{section.0.1}% 34
\BOOKMARK [2][-]{subsection.0.7.1}{\376\377\000S\000u\000m\000m\000a\000r\000y\000\040\000o\000f\000\040\000t\000h\000e\000\040\000A\000r\000g\000u\000m\000e\000n\000t}{section.0.7}% 35
\BOOKMARK [2][-]{subsection.0.7.2}{\376\377\000V\000e\000r\000i\000f\000i\000c\000a\000t\000i\000o\000n\000\040\000o\000f\000\040\000t\000h\000e\000\040\000A\000x\000i\000o\000m\000s}{section.0.7}% 36
\BOOKMARK [2][-]{subsection.0.7.3}{\376\377\000T\000h\000e\000\040\000M\000a\000s\000s\000\040\000G\000a\000p\000\040\000T\000h\000e\000o\000r\000e\000m}{section.0.7}% 37
\BOOKMARK [-1][-]{theorem.0.7.1}{\376\377\000T\000e\000c\000h\000n\000i\000c\000a\000l\000\040\000A\000p\000p\000e\000n\000d\000i\000c\000e\000s}{}% 38
\BOOKMARK [0][-]{appendix.A}{\376\377\000M\000i\000l\000l\000e\000n\000n\000i\000u\000m\000\040\000P\000r\000i\000z\000e\000\040\000C\000o\000m\000p\000l\000i\000a\000n\000c\000e\000\040\000a\000n\000d\000\040\000R\000i\000g\000o\000r\000i\000z\000a\000t\000i\000o\000n\000\040\000B\000l\000u\000e\000p\000r\000i\000n\000t}{theorem.0.7.1}% 39
\BOOKMARK [1][-]{section.A.1}{\376\377\000C\000u\000r\000r\000e\000n\000t\000\040\000S\000t\000a\000t\000u\000s\000\040\000a\000n\000d\000\040\000O\000b\000j\000e\000c\000t\000i\000v\000e}{appendix.A}% 40
\BOOKMARK [1][-]{section.A.2}{\376\377\0001\000\051\000\040\000M\000a\000t\000c\000h\000i\000n\000g\000\040\000t\000h\000e\000\040\000C\000l\000a\000y\000/\000J\000a\000f\000f\000e\040\023\000W\000i\000t\000t\000e\000n\000\040\000T\000a\000r\000g\000e\000t\000\040\000E\000x\000a\000c\000t\000l\000y}{appendix.A}% 41
\BOOKMARK [1][-]{section.A.3}{\376\377\0002\000\051\000\040\000T\000h\000e\000\040\000S\000t\000a\000n\000d\000a\000r\000d\000\040\000R\000i\000g\000o\000r\000o\000u\000s\000\040\000P\000i\000p\000e\000l\000i\000n\000e}{appendix.A}% 42
\BOOKMARK [2][-]{subsection.A.3.1}{\376\377\000S\000t\000e\000p\000\040\000A\000\040\040\024\000\040\000U\000l\000t\000r\000a\000v\000i\000o\000l\000e\000t\000\040\000C\000u\000t\000o\000f\000f\000\040\000a\000s\000\040\000a\000\040\000T\000h\000e\000o\000r\000e\000m\000-\000F\000r\000i\000e\000n\000d\000l\000y\000\040\000O\000b\000j\000e\000c\000t}{section.A.3}% 43
\BOOKMARK [2][-]{subsection.A.3.2}{\376\377\000S\000t\000e\000p\000\040\000B\000\040\040\024\000\040\000C\000o\000n\000s\000t\000r\000u\000c\000t\000\040\000t\000h\000e\000\040\000Q\000F\000T\000\040\000i\000n\000\040\000t\000h\000e\000\040\000C\000o\000n\000t\000i\000n\000u\000u\000m\000\040\000L\000i\000m\000i\000t}{section.A.3}% 44
\BOOKMARK [2][-]{subsection.A.3.3}{\376\377\000S\000t\000e\000p\000\040\000C\000\040\040\024\000\040\000P\000r\000o\000v\000e\000\040\000a\000\040\000M\000a\000s\000s\000\040\000G\000a\000p\000\040\000i\000n\000\040\000t\000h\000e\000\040\000C\000o\000n\000s\000t\000r\000u\000c\000t\000e\000d\000\040\000T\000h\000e\000o\000r\000y}{section.A.3}% 45
\BOOKMARK [1][-]{section.A.4}{\376\377\0003\000\051\000\040\000R\000e\000s\000o\000l\000u\000t\000i\000o\000n\000\040\000o\000f\000\040\000E\000x\000t\000e\000n\000s\000i\000o\000n\000s\000\040\000\050\000"\000T\000h\000e\000\040\000M\000i\000s\000s\000i\000n\000g\000\040\000L\000e\000m\000m\000a\000s\000"\000\051}{appendix.A}% 46
\BOOKMARK [2][-]{subsection.A.4.1}{\376\377\000\050\000i\000\051\000\040\000G\000e\000n\000u\000i\000n\000e\000\040\000C\000o\000n\000s\000t\000r\000u\000c\000t\000i\000o\000n\000\040\000o\000v\000e\000r\000\040\000F\000o\000r\000m\000a\000l\000\040\000P\000a\000t\000h\000\040\000I\000n\000t\000e\000g\000r\000a\000l\000s}{section.A.4}% 47
\BOOKMARK [2][-]{subsection.A.4.2}{\376\377\000\050\000i\000i\000\051\000\040\000P\000r\000o\000o\000f\000\040\000o\000f\000\040\000O\000S\000\040\000A\000x\000i\000o\000m\000s\000\040\000a\000n\000d\000\040\000R\000e\000c\000o\000n\000s\000t\000r\000u\000c\000t\000i\000o\000n}{section.A.4}% 48
\BOOKMARK [2][-]{subsection.A.4.3}{\376\377\000\050\000i\000i\000i\000\051\000\040\000E\000x\000i\000s\000t\000e\000n\000c\000e\000\040\000o\000f\000\040\000C\000o\000n\000t\000i\000n\000u\000u\000m\000\040\000L\000i\000m\000i\000t\000\040\000w\000i\000t\000h\000\040\000U\000n\000i\000f\000o\000r\000m\000\040\000B\000o\000u\000n\000d\000s}{section.A.4}% 49
\BOOKMARK [2][-]{subsection.A.4.4}{\376\377\000\050\000i\000v\000\051\000\040\000C\000a\000r\000e\000f\000u\000l\000\040\000D\000e\000f\000i\000n\000i\000t\000i\000o\000n\000\040\000o\000f\000\040\000L\000o\000c\000a\000l\000\040\000G\000a\000u\000g\000e\000-\000I\000n\000v\000a\000r\000i\000a\000n\000t\000\040\000O\000p\000e\000r\000a\000t\000o\000r\000s}{section.A.4}% 50
\BOOKMARK [2][-]{subsection.A.4.5}{\376\377\000\050\000v\000\051\000\040\000T\000r\000a\000n\000s\000l\000a\000t\000i\000o\000n\000\040\000o\000f\000\040\000M\000a\000s\000s\000\040\000G\000a\000p\000\040\000i\000n\000t\000o\000\040\000A\000n\000a\000l\000y\000t\000i\000c\000\040\000I\000n\000e\000q\000u\000a\000l\000i\000t\000i\000e\000s}{section.A.4}% 51
\BOOKMARK [1][-]{section.A.5}{\376\377\0004\000\051\000\040\000A\000d\000d\000r\000e\000s\000s\000i\000n\000g\000\040\000R\000e\000m\000a\000i\000n\000i\000n\000g\000\040\000C\000o\000n\000j\000e\000c\000t\000u\000r\000e\000s}{appendix.A}% 52
\BOOKMARK [1][-]{section.A.6}{\376\377\0005\000\051\000\040\000T\000h\000e\000\040\000H\000a\000r\000d\000e\000s\000t\000\040\000M\000i\000s\000s\000i\000n\000g\000\040\000B\000r\000i\000d\000g\000e\000:\000\040\000S\000t\000r\000o\000n\000g\000\040\000-\000>\000\040\000W\000e\000a\000k\000\040\000C\000o\000u\000p\000l\000i\000n\000g}{appendix.A}% 53
\BOOKMARK [1][-]{section.A.7}{\376\377\0006\000\051\000\040\000V\000e\000r\000i\000f\000i\000c\000a\000t\000i\000o\000n\000:\000\040\000T\000h\000e\000\040\000M\000i\000n\000i\000m\000a\000l\000\040\000D\000e\000l\000i\000v\000e\000r\000a\000b\000l\000e\000\040\000L\000i\000s\000t}{appendix.A}% 54
\BOOKMARK [1][-]{section.A.8}{\376\377\000M\000i\000n\000i\000m\000a\000l\000\040\000D\000e\000l\000i\000v\000e\000r\000a\000b\000l\000e\000\040\000C\000h\000e\000c\000k\000l\000i\000s\000t}{appendix.A}% 55
\BOOKMARK [0][-]{appendix.B}{\376\377\000M\000a\000t\000h\000e\000m\000a\000t\000i\000c\000a\000l\000\040\000P\000r\000e\000r\000e\000q\000u\000i\000s\000i\000t\000e\000s\000\040\000a\000n\000d\000\040\000K\000e\000y\000\040\000E\000s\000t\000i\000m\000a\000t\000e\000s}{theorem.0.7.1}% 56
\BOOKMARK [1][-]{section.B.1}{\376\377\000M\000a\000t\000h\000e\000m\000a\000t\000i\000c\000a\000l\000\040\000P\000r\000e\000r\000e\000q\000u\000i\000s\000i\000t\000e\000s}{appendix.B}% 57
\BOOKMARK [2][-]{subsection.B.1.1}{\376\377\000F\000u\000n\000c\000t\000i\000o\000n\000a\000l\000\040\000A\000n\000a\000l\000y\000s\000i\000s}{section.B.1}% 58
\BOOKMARK [2][-]{subsection.B.1.2}{\376\377\000R\000e\000p\000r\000e\000s\000e\000n\000t\000a\000t\000i\000o\000n\000\040\000T\000h\000e\000o\000r\000y\000\040\000o\000f\000\040\000S\000U\000\050\000N\000\051}{section.B.1}% 59
\BOOKMARK [2][-]{subsection.B.1.3}{\376\377\000C\000o\000n\000s\000t\000r\000u\000c\000t\000i\000v\000e\000\040\000F\000i\000e\000l\000d\000\040\000T\000h\000e\000o\000r\000y}{section.B.1}% 60
\BOOKMARK [2][-]{subsection.B.1.4}{\376\377\000M\000a\000r\000k\000o\000v\000\040\000C\000h\000a\000i\000n\000\040\000C\000o\000m\000p\000a\000r\000i\000s\000o\000n\000\040\000T\000h\000e\000o\000r\000e\000m\000s}{section.B.1}% 61
\BOOKMARK [1][-]{section.B.2}{\376\377\000K\000e\000y\000\040\000E\000s\000t\000i\000m\000a\000t\000e\000s}{appendix.B}% 62
\BOOKMARK [2][-]{subsection.B.2.1}{\376\377\000T\000r\000a\000n\000s\000f\000e\000r\000\040\000M\000a\000t\000r\000i\000x\000\040\000K\000e\000r\000n\000e\000l\000\040\000B\000o\000u\000n\000d\000s}{section.B.2}% 63
\BOOKMARK [2][-]{subsection.B.2.2}{\376\377\000W\000i\000l\000s\000o\000n\000\040\000L\000o\000o\000p\000\040\000B\000o\000u\000n\000d\000s}{section.B.2}% 64
\BOOKMARK [0][-]{appendix.C}{\376\377\000T\000h\000e\000\040\000M\000a\000t\000h\000e\000m\000a\000t\000i\000c\000a\000l\000\040\000A\000r\000c\000h\000i\000t\000e\000c\000t\000u\000r\000e\000\040\000o\000f\000\040\000t\000h\000e\000\040\000P\000r\000o\000o\000f}{theorem.0.7.1}% 65
\BOOKMARK [1][-]{section.C.1}{\376\377\000O\000v\000e\000r\000v\000i\000e\000w\000:\000\040\000F\000r\000o\000m\000\040\000H\000e\000u\000r\000i\000s\000t\000i\000c\000s\000\040\000t\000o\000\040\000R\000i\000g\000o\000r}{appendix.C}% 66
\BOOKMARK [1][-]{section.C.2}{\376\377\000P\000i\000l\000l\000a\000r\000\040\000I\000:\000\040\000C\000o\000n\000s\000t\000r\000u\000c\000t\000i\000o\000n\000\040\000\050\000T\000h\000e\000\040\000M\000e\000a\000s\000u\000r\000e\000\051}{appendix.C}% 67
\BOOKMARK [1][-]{section.C.3}{\376\377\000P\000i\000l\000l\000a\000r\000\040\000I\000I\000:\000\040\000T\000h\000e\000\040\000S\000p\000e\000c\000t\000r\000u\000m\000\040\000\050\000T\000h\000e\000\040\000G\000a\000p\000\051}{appendix.C}% 68
\BOOKMARK [1][-]{section.C.4}{\376\377\000P\000i\000l\000l\000a\000r\000\040\000I\000I\000I\000:\000\040\000R\000e\000n\000o\000r\000m\000a\000l\000i\000z\000a\000t\000i\000o\000n\000\040\000\050\000T\000h\000e\000\040\000L\000i\000m\000i\000t\000\051}{appendix.C}% 69
\BOOKMARK [1][-]{section.C.5}{\376\377\000P\000i\000l\000l\000a\000r\000\040\000I\000V\000:\000\040\000P\000h\000y\000s\000i\000c\000s\000\040\000\050\000P\000a\000r\000t\000i\000c\000l\000e\000s\000\040\000\046\000\040\000S\000y\000m\000m\000e\000t\000r\000y\000\051}{appendix.C}% 70
\BOOKMARK [1][-]{section.C.6}{\376\377\000C\000o\000n\000c\000l\000u\000s\000i\000o\000n}{appendix.C}% 71
\BOOKMARK [0][-]{appendix.D}{\376\377\000L\000o\000g\000i\000c\000a\000l\000\040\000S\000t\000r\000u\000c\000t\000u\000r\000e\000\040\000a\000n\000d\000\040\000N\000o\000n\000-\000C\000i\000r\000c\000u\000l\000a\000r\000i\000t\000y\000\040\000V\000e\000r\000i\000f\000i\000c\000a\000t\000i\000o\000n}{theorem.0.7.1}% 72
\BOOKMARK [1][-]{section.D.1}{\376\377\000V\000e\000r\000i\000f\000i\000c\000a\000t\000i\000o\000n\000\040\000o\000f\000\040\000N\000o\000n\000-\000C\000i\000r\000c\000u\000l\000a\000r\000i\000t\000y}{appendix.D}% 73
\BOOKMARK [2][-]{subsection.D.1.1}{\376\377\000D\000e\000p\000e\000n\000d\000e\000n\000c\000y\000\040\000G\000r\000a\000p\000h}{section.D.1}% 74
\BOOKMARK [2][-]{subsection.D.1.2}{\376\377\000C\000r\000i\000t\000i\000c\000a\000l\000\040\000N\000o\000n\000-\000C\000i\000r\000c\000u\000l\000a\000r\000\040\000P\000a\000t\000h}{section.D.1}% 75
\BOOKMARK [2][-]{subsection.D.1.3}{\376\377\000E\000x\000p\000l\000i\000c\000i\000t\000\040\000C\000i\000r\000c\000u\000l\000a\000r\000i\000t\000y\000\040\000C\000h\000e\000c\000k}{section.D.1}% 76
\BOOKMARK [2][-]{subsection.D.1.4}{\376\377\000I\000n\000d\000e\000p\000e\000n\000d\000e\000n\000c\000e\000\040\000o\000f\000\040\000M\000a\000t\000h\000e\000m\000a\000t\000i\000c\000a\000l\000\040\000I\000n\000p\000u\000t\000s}{section.D.1}% 77
\BOOKMARK [1][-]{section.D.2}{\376\377\000F\000r\000a\000m\000e\000w\000o\000r\000k\000\040\000f\000o\000r\000\040\000N\000o\000n\000-\000C\000i\000r\000c\000u\000l\000a\000r\000\040\000P\000r\000o\000o\000f\000s}{appendix.D}% 78
\BOOKMARK [2][-]{subsection.D.2.1}{\376\377\000L\000e\000v\000e\000l\000\040\0001\000:\000\040\000L\000S\000I\000\040\000o\000n\000\040\000S\000U\000\050\000N\000\051\000\040\000-\000\040\000P\000u\000r\000e\000\040\000D\000i\000f\000f\000e\000r\000e\000n\000t\000i\000a\000l\000\040\000G\000e\000o\000m\000e\000t\000r\000y}{section.D.2}% 79
\BOOKMARK [2][-]{subsection.D.2.2}{\376\377\000L\000e\000v\000e\000l\000\040\0002\000:\000\040\0001\000D\000\040\000T\000r\000a\000n\000s\000f\000e\000r\000\040\000M\000a\000t\000r\000i\000x\000\040\000-\000\040\000P\000u\000r\000e\000\040\000R\000e\000p\000r\000e\000s\000e\000n\000t\000a\000t\000i\000o\000n\000\040\000T\000h\000e\000o\000r\000y}{section.D.2}% 80
\BOOKMARK [2][-]{subsection.D.2.3}{\376\377\000L\000e\000v\000e\000l\000\040\0003\000:\000\040\000S\000t\000r\000o\000n\000g\000\040\000C\000o\000u\000p\000l\000i\000n\000g\000\040\000-\000\040\000P\000u\000r\000e\000\040\000C\000o\000m\000b\000i\000n\000a\000t\000o\000r\000i\000c\000s}{section.D.2}% 81
\BOOKMARK [2][-]{subsection.D.2.4}{\376\377\000L\000e\000v\000e\000l\000\040\0004\000:\000\040\000S\000t\000r\000i\000n\000g\000\040\000T\000e\000n\000s\000i\000o\000n\000\040\000v\000i\000a\000\040\000R\000e\000f\000l\000e\000c\000t\000i\000o\000n\000\040\000P\000o\000s\000i\000t\000i\000v\000i\000t\000y\000\040\000-\000\040\000N\000o\000\040\000G\000a\000p\000\040\000I\000n\000p\000u\000t}{section.D.2}% 82
\BOOKMARK [2][-]{subsection.D.2.5}{\376\377\000L\000e\000v\000e\000l\000\040\0005\000:\000\040\000D\000i\000m\000e\000n\000s\000i\000o\000n\000a\000l\000\040\000R\000e\000d\000u\000c\000t\000i\000o\000n\000\040\000-\000\040\000F\000i\000x\000e\000d\000\040\000P\000r\000o\000p\000e\000r\000l\000y}{section.D.2}% 83
\BOOKMARK [2][-]{subsection.D.2.6}{\376\377\000L\000e\000v\000e\000l\000\040\0006\000:\000\040\000U\000n\000i\000f\000o\000r\000m\000-\000i\000n\000-\000L\000\040\000B\000o\000u\000n\000d\000\040\000-\000\040\000A\000s\000s\000e\000m\000b\000l\000y}{section.D.2}% 84
\BOOKMARK [2][-]{subsection.D.2.7}{\376\377\000L\000e\000v\000e\000l\000\040\0007\000:\000\040\000M\000a\000s\000s\000\040\000G\000a\000p\000\040\000-\000\040\000C\000o\000n\000s\000e\000q\000u\000e\000n\000c\000e}{section.D.2}% 85
\BOOKMARK [2][-]{subsection.D.2.8}{\376\377\000L\000o\000g\000i\000c\000a\000l\000\040\000D\000e\000p\000e\000n\000d\000e\000n\000c\000y\000\040\000V\000e\000r\000i\000f\000i\000c\000a\000t\000i\000o\000n}{section.D.2}% 86
\BOOKMARK [1][-]{section.D.3}{\376\377\000S\000u\000m\000m\000a\000r\000y\000:\000\040\000T\000e\000c\000h\000n\000i\000c\000a\000l\000\040\000V\000e\000r\000i\000f\000i\000c\000a\000t\000i\000o\000n\000s\000\040\000f\000o\000r\000\040\000R\000i\000g\000o\000r\000o\000u\000s\000\040\000S\000t\000a\000n\000d\000a\000r\000d\000s}{appendix.D}% 87
\BOOKMARK [2][-]{subsection.D.3.1}{\376\377\000O\000v\000e\000r\000v\000i\000e\000w\000:\000\040\000P\000r\000i\000m\000a\000r\000y\000\040\000P\000r\000o\000o\000f\000\040\000P\000a\000t\000h\000\040\000S\000t\000a\000t\000u\000s}{section.D.3}% 88
\BOOKMARK [2][-]{subsection.D.3.2}{\376\377\000V\000e\000r\000i\000f\000i\000e\000d\000\040\000M\000a\000t\000h\000e\000m\000a\000t\000i\000c\000a\000l\000\040\000C\000o\000m\000p\000o\000n\000e\000n\000t\000s}{section.D.3}% 89
\BOOKMARK [2][-]{subsection.D.3.3}{\376\377\000V\0001\000:\000\040\000B\000a\000l\000a\000b\000a\000n\000'\000s\000\040\000B\000o\000u\000n\000d\000s\000\040\000V\000e\000r\000i\000f\000i\000c\000a\000t\000i\000o\000n}{section.D.3}% 90
\BOOKMARK [2][-]{subsection.D.3.4}{\376\377\000V\0002\000:\000\040\000I\000n\000t\000e\000r\000m\000e\000d\000i\000a\000t\000e\000\040\000C\000o\000u\000p\000l\000i\000n\000g\000\040\000N\000u\000m\000e\000r\000i\000c\000s}{section.D.3}% 91
\BOOKMARK [2][-]{subsection.D.3.5}{\376\377\000V\0003\000:\000\040\000O\000s\000t\000e\000r\000w\000a\000l\000d\000e\000r\000-\000S\000c\000h\000r\000a\000d\000e\000r\000\040\000R\000e\000c\000o\000n\000s\000t\000r\000u\000c\000t\000i\000o\000n}{section.D.3}% 92
\BOOKMARK [2][-]{subsection.D.3.6}{\376\377\000V\0004\000:\000\040\000G\000i\000l\000e\000s\000-\000T\000e\000p\000e\000r\000\040\000C\000o\000n\000s\000t\000a\000n\000t\000\040\000V\000e\000r\000i\000f\000i\000c\000a\000t\000i\000o\000n}{section.D.3}% 93
\BOOKMARK [2][-]{subsection.D.3.7}{\376\377\000V\0005\000:\000\040\000L\000a\000t\000t\000i\000c\000e\000\040\000S\000u\000p\000e\000r\000s\000y\000m\000m\000e\000t\000r\000y\000\040\000V\000e\000r\000i\000f\000i\000c\000a\000t\000i\000o\000n}{section.D.3}% 94
\BOOKMARK [2][-]{subsection.D.3.8}{\376\377\000V\0006\000:\000\040\000L\000e\000e\000-\000Y\000a\000n\000g\000\040\000B\000o\000u\000n\000d\000s\000\040\000f\000o\000r\000\040\000A\000d\000j\000o\000i\000n\000t\000\040\000Q\000C\000D}{section.D.3}% 95
\BOOKMARK [2][-]{subsection.D.3.9}{\376\377\000V\0007\000:\000\040\000S\000y\000m\000a\000n\000z\000i\000k\000\040\000E\000f\000f\000e\000c\000t\000i\000v\000e\000\040\000A\000c\000t\000i\000o\000n\000\040\000B\000o\000u\000n\000d\000s}{section.D.3}% 96
\BOOKMARK [2][-]{subsection.D.3.10}{\376\377\000C\000o\000m\000p\000l\000e\000t\000e\000\040\000V\000e\000r\000i\000f\000i\000c\000a\000t\000i\000o\000n\000\040\000C\000h\000e\000c\000k\000l\000i\000s\000t}{section.D.3}% 97
\BOOKMARK [2][-]{subsection.D.3.11}{\376\377\000R\000o\000a\000d\000m\000a\000p\000\040\000D\000e\000p\000e\000n\000d\000e\000n\000c\000i\000e\000s}{section.D.3}% 98
\BOOKMARK [2][-]{subsection.D.3.12}{\376\377\000E\000s\000t\000i\000m\000a\000t\000e\000d\000\040\000T\000i\000m\000e\000l\000i\000n\000e}{section.D.3}% 99
\BOOKMARK [2][-]{subsection.D.3.13}{\376\377\000C\000o\000n\000c\000l\000u\000s\000i\000o\000n}{section.D.3}% 100
\BOOKMARK [0][-]{appendix.E}{\376\377\000A\000l\000t\000e\000r\000n\000a\000t\000i\000v\000e\000\040\000M\000a\000t\000h\000e\000m\000a\000t\000i\000c\000a\000l\000\040\000A\000p\000p\000r\000o\000a\000c\000h\000e\000s}{theorem.0.7.1}% 101
\BOOKMARK [1][-]{section.E.1}{\376\377\000I\000n\000t\000r\000o\000d\000u\000c\000t\000i\000o\000n\000:\000\040\000A\000l\000t\000e\000r\000n\000a\000t\000i\000v\000e\000\040\000M\000a\000t\000h\000e\000m\000a\000t\000i\000c\000a\000l\000\040\000M\000e\000t\000h\000o\000d\000s}{appendix.E}% 102
\BOOKMARK [1][-]{section.E.2}{\376\377\000M\000e\000t\000h\000o\000d\000\040\0001\000:\000\040\000S\000t\000o\000c\000h\000a\000s\000t\000i\000c\000\040\000G\000e\000o\000m\000e\000t\000r\000i\000c\000\040\000A\000n\000a\000l\000y\000s\000i\000s\000\040\000o\000f\000\040\000C\000e\000n\000t\000e\000r\000\040\000V\000o\000r\000t\000i\000c\000e\000s}{appendix.E}% 103
\BOOKMARK [2][-]{subsection.E.2.1}{\376\377\000T\000h\000e\000\040\000V\000o\000r\000t\000e\000x\000\040\000T\000e\000n\000s\000i\000o\000n\000\040\000P\000r\000o\000b\000l\000e\000m}{section.E.2}% 104
\BOOKMARK [1][-]{section.E.3}{\376\377\000M\000e\000t\000h\000o\000d\000\040\0002\000:\000\040\000A\000l\000t\000e\000r\000n\000a\000t\000i\000v\000e\000\040\000G\000i\000l\000e\000s\000-\000T\000e\000p\000e\000r\000\040\000v\000i\000a\000\040\000S\000p\000e\000c\000t\000r\000a\000l\000\040\000G\000e\000o\000m\000e\000t\000r\000y}{appendix.E}% 105
\BOOKMARK [2][-]{subsection.E.3.1}{\376\377\000A\000l\000t\000e\000r\000n\000a\000t\000i\000v\000e\000\040\000D\000e\000r\000i\000v\000a\000t\000i\000o\000n}{section.E.3}% 106
\BOOKMARK [1][-]{section.E.4}{\376\377\000F\000r\000a\000m\000e\000w\000o\000r\000k\000\040\0004\000:\000\040\000U\000n\000i\000f\000o\000r\000m\000\040\000C\000o\000n\000t\000r\000o\000l\000\040\000v\000i\000a\000\040\000C\000o\000n\000c\000e\000n\000t\000r\000a\000t\000i\000o\000n\000\040\000o\000f\000\040\000M\000e\000a\000s\000u\000r\000e}{appendix.E}% 107
\BOOKMARK [2][-]{subsection.E.4.1}{\376\377\000C\000o\000n\000c\000e\000n\000t\000r\000a\000t\000i\000o\000n\000\040\000o\000n\000\040\000C\000o\000m\000p\000a\000c\000t\000\040\000L\000i\000e\000\040\000G\000r\000o\000u\000p\000s}{section.E.4}% 108
\BOOKMARK [2][-]{subsection.E.4.2}{\376\377\000A\000p\000p\000l\000i\000c\000a\000t\000i\000o\000n\000\040\000t\000o\000\040\000t\000h\000e\000\040\000Y\000a\000n\000g\000-\000M\000i\000l\000l\000s\000\040\000A\000c\000t\000i\000o\000n}{section.E.4}% 109
\BOOKMARK [2][-]{subsection.E.4.3}{\376\377\000T\000h\000e\000\040\000S\000p\000e\000c\000t\000r\000a\000l\000\040\000G\000a\000p\000\040\000f\000r\000o\000m\000\040\000C\000o\000n\000c\000e\000n\000t\000r\000a\000t\000i\000o\000n}{section.E.4}% 110
\BOOKMARK [2][-]{subsection.E.4.4}{\376\377\000P\000r\000o\000o\000f\000\040\000o\000f\000\040\000U\000n\000i\000f\000o\000r\000m\000i\000t\000y}{section.E.4}% 111
\BOOKMARK [1][-]{section.E.5}{\376\377\000M\000e\000t\000h\000o\000d\000\040\0001\000:\000\040\000Q\000u\000a\000t\000e\000r\000n\000i\000o\000n\000i\000c\000\040\000S\000p\000e\000c\000t\000r\000a\000l\000\040\000F\000l\000o\000w\000\040\000f\000o\000r\000\040\000S\000U\000\050\0002\000\051}{appendix.E}% 112
\BOOKMARK [2][-]{subsection.E.5.1}{\376\377\000T\000h\000e\000\040\000Q\000u\000a\000t\000e\000r\000n\000i\000o\000n\000\040\000S\000t\000r\000u\000c\000t\000u\000r\000e\000\040\000o\000f\000\040\000S\000U\000\050\0002\000\051}{section.E.5}% 113
\BOOKMARK [2][-]{subsection.E.5.2}{\376\377\000Q\000u\000a\000t\000e\000r\000n\000i\000o\000n\000i\000c\000\040\000S\000p\000e\000c\000t\000r\000a\000l\000\040\000F\000l\000o\000w}{section.E.5}% 114
\BOOKMARK [2][-]{subsection.E.5.3}{\376\377\000Q\000u\000a\000t\000e\000r\000n\000i\000o\000n\000i\000c\000\040\000C\000h\000a\000r\000a\000c\000t\000e\000r\000\040\000P\000o\000s\000i\000t\000i\000v\000i\000t\000y}{section.E.5}% 115
\BOOKMARK [1][-]{section.E.6}{\376\377\000E\000x\000c\000u\000r\000s\000u\000s\000:\000\040\000O\000c\000t\000o\000n\000i\000o\000n\000s\000\040\000a\000n\000d\000\040\000e\000x\000c\000e\000p\000t\000i\000o\000n\000a\000l\000\040\000g\000e\000o\000m\000e\000t\000r\000y\000\040\000\050\000n\000o\000n\000-\000e\000s\000s\000e\000n\000t\000i\000a\000l\000\051}{appendix.E}% 116
\BOOKMARK [2][-]{subsection.E.6.1}{\376\377\000A\000\040\000c\000o\000r\000r\000e\000c\000t\000\040\000g\000e\000o\000m\000e\000t\000r\000i\000c\000\040\000r\000e\000m\000a\000r\000k}{section.E.6}% 117
\BOOKMARK [2][-]{subsection.E.6.2}{\376\377\000R\000e\000m\000o\000v\000e\000d\000\040\000c\000l\000a\000i\000m\000s}{section.E.6}% 118
\BOOKMARK [2][-]{subsection.E.6.3}{\376\377\000S\000t\000a\000t\000u\000s}{section.E.6}% 119
\BOOKMARK [1][-]{section.E.7}{\376\377\000M\000e\000t\000h\000o\000d\000\040\0003\000:\000\040\000H\000o\000l\000o\000m\000o\000r\000p\000h\000i\000c\000\040\000A\000n\000o\000m\000a\000l\000y\000\040\000C\000a\000n\000c\000e\000l\000l\000a\000t\000i\000o\000n\000\040\000f\000o\000r\000\040\000V\000o\000r\000t\000e\000x\000\040\000T\000e\000n\000s\000i\000o\000n}{appendix.E}% 120
\BOOKMARK [2][-]{subsection.E.7.1}{\376\377\000T\000h\000e\000\040\000H\000o\000l\000o\000m\000o\000r\000p\000h\000i\000c\000\040\000A\000n\000o\000m\000a\000l\000y}{section.E.7}% 121
\BOOKMARK [2][-]{subsection.E.7.2}{\376\377\000E\000x\000p\000l\000i\000c\000i\000t\000\040\000B\000o\000u\000n\000d\000s\000\040\000f\000o\000r\000\040\000N\000\040\000=\000\040\0002\000,\000\040\0003}{section.E.7}% 122
\BOOKMARK [1][-]{section.E.8}{\376\377\000R\000i\000g\000o\000r\000o\000u\000s\000\040\000P\000D\000E\000\040\000a\000n\000d\000\040\000F\000u\000n\000c\000t\000i\000o\000n\000a\000l\000\040\000A\000n\000a\000l\000y\000s\000i\000s\000\040\000M\000e\000t\000h\000o\000d\000s}{appendix.E}% 123
\BOOKMARK [2][-]{subsection.E.8.1}{\376\377\000G\000a\000p\000\040\000R\000e\000s\000o\000l\000u\000t\000i\000o\000n\000\040\0001\000:\000\040\000R\000i\000g\000o\000r\000o\000u\000s\000\040\000P\000r\000o\000o\000f\000\040\000o\000f\000\040\000s\000i\000g\000m\000a\000-\000p\000h\000y\000s\000\040\000>\000\040\0000\000\040\000v\000i\000a\000\040\000V\000a\000r\000i\000a\000t\000i\000o\000n\000a\000l\000\040\000A\000n\000a\000l\000y\000s\000i\000s}{section.E.8}% 124
\BOOKMARK [2][-]{subsection.E.8.2}{\376\377\000G\000a\000p\000\040\000R\000e\000s\000o\000l\000u\000t\000i\000o\000n\000\040\0002\000:\000\040\000R\000i\000g\000o\000r\000o\000u\000s\000\040\000L\000\374\000s\000c\000h\000e\000r\000\040\000T\000e\000r\000m\000\040\000v\000i\000a\000\040\000Z\000e\000t\000a\000\040\000R\000e\000g\000u\000l\000a\000r\000i\000z\000a\000t\000i\000o\000n}{section.E.8}% 125
\BOOKMARK [2][-]{subsection.E.8.3}{\376\377\000G\000a\000p\000\040\000R\000e\000s\000o\000l\000u\000t\000i\000o\000n\000\040\0003\000:\000\040\000U\000n\000i\000f\000o\000r\000m\000\040\000B\000o\000u\000n\000d\000s\000\040\000v\000i\000a\000\040\000S\000o\000b\000o\000l\000e\000v\000\040\000E\000m\000b\000e\000d\000d\000i\000n\000g}{section.E.8}% 126
\BOOKMARK [2][-]{subsection.E.8.4}{\376\377\000G\000a\000p\000\040\000R\000e\000s\000o\000l\000u\000t\000i\000o\000n\000\040\0004\000:\000\040\000N\000o\000n\000-\000P\000e\000r\000t\000u\000r\000b\000a\000t\000i\000v\000e\000\040\000S\000c\000a\000l\000e\000\040\000G\000e\000n\000e\000r\000a\000t\000i\000o\000n}{section.E.8}% 127
\BOOKMARK [2][-]{subsection.E.8.5}{\376\377\000S\000u\000m\000m\000a\000r\000y\000:\000\040\000R\000e\000s\000o\000l\000u\000t\000i\000o\000n\000\040\000o\000f\000\040\000A\000l\000l\000\040\000F\000o\000u\000r\000\040\000G\000a\000p\000s}{section.E.8}% 128
\BOOKMARK [1][-]{section.E.9}{\376\377\000P\000D\000E\000\040\000a\000n\000d\000\040\000G\000e\000o\000m\000e\000t\000r\000i\000c\000\040\000A\000n\000a\000l\000y\000s\000i\000s\000\040\000P\000e\000r\000s\000p\000e\000c\000t\000i\000v\000e}{appendix.E}% 129
\BOOKMARK [2][-]{subsection.E.9.1}{\376\377\000C\000o\000r\000e\000\040\000I\000n\000s\000i\000g\000h\000t}{section.E.9}% 130
\BOOKMARK [2][-]{subsection.E.9.2}{\376\377\000H\000A\000R\000D\000-\0001\000\040\000a\000s\000\040\000R\000e\000g\000u\000l\000a\000r\000i\000t\000y\000\040\000T\000h\000e\000o\000r\000y}{section.E.9}% 131
\BOOKMARK [2][-]{subsection.E.9.3}{\376\377\000H\000A\000R\000D\000-\0002\000\040\000a\000s\000\040\000B\000l\000o\000w\000-\000u\000p\000\040\000A\000n\000a\000l\000y\000s\000i\000s}{section.E.9}% 132
\BOOKMARK [2][-]{subsection.E.9.4}{\376\377\000H\000A\000R\000D\000-\0003\000\040\000a\000s\000\040\000I\000s\000o\000p\000e\000r\000i\000m\000e\000t\000r\000i\000c\000\040\000P\000r\000o\000b\000l\000e\000m}{section.E.9}% 133
\BOOKMARK [2][-]{subsection.E.9.5}{\376\377\000H\000A\000R\000D\000-\0004\000\040\000a\000s\000\040\000S\000p\000e\000c\000t\000r\000a\000l\000\040\000G\000e\000o\000m\000e\000t\000r\000y}{section.E.9}% 134
\BOOKMARK [2][-]{subsection.E.9.6}{\376\377\000W\000h\000y\000\040\000D\000i\000m\000e\000n\000s\000i\000o\000n\000\040\0004\000\040\000i\000s\000\040\000S\000p\000e\000c\000i\000a\000l}{section.E.9}% 135
\BOOKMARK [2][-]{subsection.E.9.7}{\376\377\000C\000o\000n\000n\000e\000c\000t\000i\000o\000n\000s\000\040\000t\000o\000\040\000C\000l\000a\000s\000s\000i\000c\000a\000l\000\040\000R\000e\000s\000u\000l\000t\000s}{section.E.9}% 136
\BOOKMARK [1][-]{section.E.10}{\376\377\000A\000d\000v\000a\000n\000c\000e\000d\000\040\000M\000a\000t\000h\000e\000m\000a\000t\000i\000c\000a\000l\000\040\000M\000e\000t\000h\000o\000d\000s\000:\000\040\000S\000p\000e\000c\000t\000r\000a\000l\000\040\000G\000e\000o\000m\000e\000t\000r\000y\000\040\000o\000f\000\040\000G\000a\000u\000g\000e\000\040\000O\000r\000b\000i\000t\000s}{appendix.E}% 137
\BOOKMARK [2][-]{subsection.E.10.1}{\376\377\000T\000h\000e\000\040\000G\000a\000u\000g\000e\000\040\000O\000r\000b\000i\000t\000\040\000S\000p\000a\000c\000e}{section.E.10}% 138
\BOOKMARK [2][-]{subsection.E.10.2}{\376\377\000S\000p\000e\000c\000t\000r\000a\000l\000\040\000G\000a\000p\000\040\000f\000r\000o\000m\000\040\000P\000o\000s\000i\000t\000i\000v\000e\000\040\000C\000u\000r\000v\000a\000t\000u\000r\000e}{section.E.10}% 139
\BOOKMARK [2][-]{subsection.E.10.3}{\376\377\000H\000e\000a\000t\000\040\000K\000e\000r\000n\000e\000l\000\040\000A\000n\000a\000l\000y\000s\000i\000s}{section.E.10}% 140
\BOOKMARK [2][-]{subsection.E.10.4}{\376\377\000T\000h\000e\000\040\000K\000e\000y\000\040\000I\000n\000n\000o\000v\000a\000t\000i\000o\000n\000:\000\040\000C\000u\000r\000v\000a\000t\000u\000r\000e\000-\000G\000a\000p\000\040\000C\000o\000r\000r\000e\000s\000p\000o\000n\000d\000e\000n\000c\000e}{section.E.10}% 141
\BOOKMARK [2][-]{subsection.E.10.5}{\376\377\000R\000i\000g\000o\000r\000o\000u\000s\000\040\000C\000o\000n\000t\000r\000o\000l\000\040\000o\000f\000\040\000t\000h\000e\000\040\000C\000o\000n\000t\000i\000n\000u\000u\000m\000\040\000L\000i\000m\000i\000t}{section.E.10}% 142
\BOOKMARK [1][-]{section.E.11}{\376\377\000F\000u\000n\000c\000t\000i\000o\000n\000a\000l\000\040\000A\000n\000a\000l\000y\000t\000i\000c\000\040\000M\000e\000t\000h\000o\000d\000s}{appendix.E}% 143
\BOOKMARK [2][-]{subsection.E.11.1}{\376\377\000T\000h\000e\000\040\000O\000b\000s\000e\000r\000v\000a\000b\000l\000e\000\040\000A\000l\000g\000e\000b\000r\000a}{section.E.11}% 144
\BOOKMARK [2][-]{subsection.E.11.2}{\376\377\000T\000i\000m\000e\000\040\000E\000v\000o\000l\000u\000t\000i\000o\000n\000\040\000a\000n\000d\000\040\000t\000h\000e\000\040\000H\000a\000m\000i\000l\000t\000o\000n\000i\000a\000n}{section.E.11}% 145
\BOOKMARK [2][-]{subsection.E.11.3}{\376\377\000O\000p\000e\000r\000a\000t\000o\000r\000\040\000I\000n\000e\000q\000u\000a\000l\000i\000t\000y\000\040\000A\000p\000p\000r\000o\000a\000c\000h}{section.E.11}% 146
\BOOKMARK [2][-]{subsection.E.11.4}{\376\377\000C\000o\000m\000b\000e\000s\000-\000T\000h\000o\000m\000a\000s\000\040\000E\000s\000t\000i\000m\000a\000t\000e}{section.E.11}% 147
\BOOKMARK [2][-]{subsection.E.11.5}{\376\377\000S\000p\000e\000c\000t\000r\000a\000l\000\040\000G\000a\000p\000\040\000S\000t\000a\000b\000i\000l\000i\000t\000y}{section.E.11}% 148
\BOOKMARK [2][-]{subsection.E.11.6}{\376\377\000A\000n\000a\000l\000y\000t\000i\000c\000\040\000I\000n\000t\000e\000r\000p\000o\000l\000a\000t\000i\000o\000n\000\040\000o\000f\000\040\000t\000h\000e\000\040\000G\000a\000p}{section.E.11}% 149
\BOOKMARK [2][-]{subsection.E.11.7}{\376\377\000N\000o\000n\000-\000P\000e\000r\000t\000u\000r\000b\000a\000t\000i\000v\000e\000\040\000B\000o\000u\000n\000d\000s\000\040\000v\000i\000a\000\040\000C\000o\000n\000v\000e\000x\000i\000t\000y}{section.E.11}% 150
\BOOKMARK [0][-]{appendix.F}{\376\377\000R\000i\000g\000o\000r\000o\000u\000s\000\040\000M\000a\000t\000h\000e\000m\000a\000t\000i\000c\000a\000l\000\040\000F\000r\000a\000m\000e\000w\000o\000r\000k\000s\000\040\000f\000o\000r\000\040\000t\000h\000e\000\040\000O\000p\000e\000n\000\040\000P\000r\000o\000b\000l\000e\000m\000s}{theorem.0.7.1}% 151
\BOOKMARK [1][-]{section.F.1}{\376\377\000F\000r\000a\000m\000e\000w\000o\000r\000k\000\040\000A\000:\000\040\000S\000p\000e\000c\000t\000r\000a\000l\000\040\000P\000e\000r\000m\000a\000n\000e\000n\000c\000e\000\040\000v\000i\000a\000\040\000D\000i\000r\000i\000c\000h\000l\000e\000t\000\040\000F\000o\000r\000m\000s}{appendix.F}% 152
\BOOKMARK [2][-]{subsection.F.1.1}{\376\377\000T\000h\000e\000\040\000L\000a\000t\000t\000i\000c\000e\000\040\000D\000i\000r\000i\000c\000h\000l\000e\000t\000\040\000F\000o\000r\000m}{section.F.1}% 153
\BOOKMARK [2][-]{subsection.F.1.2}{\376\377\000M\000o\000s\000c\000o\000\040\000C\000o\000n\000v\000e\000r\000g\000e\000n\000c\000e\000\040\000a\000n\000d\000\040\000G\000a\000p\000\040\000S\000t\000a\000b\000i\000l\000i\000t\000y}{section.F.1}% 154
\BOOKMARK [1][-]{section.F.2}{\376\377\000F\000r\000a\000m\000e\000w\000o\000r\000k\000\040\000B\000:\000\040\000M\000u\000l\000t\000i\000s\000c\000a\000l\000e\000\040\000C\000o\000e\000r\000c\000i\000v\000i\000t\000y\000\040\000\050\000F\000i\000n\000i\000t\000e\000-\000R\000a\000n\000g\000e\000\040\000D\000e\000c\000o\000m\000p\000o\000s\000i\000t\000i\000o\000n\000\051}{appendix.F}% 155
\BOOKMARK [2][-]{subsection.F.2.1}{\376\377\000T\000h\000e\000\040\000I\000n\000d\000u\000c\000t\000i\000v\000e\000\040\000C\000o\000e\000r\000c\000i\000v\000i\000t\000y\000\040\000C\000r\000i\000t\000e\000r\000i\000o\000n}{section.F.2}% 156
\BOOKMARK [1][-]{section.F.3}{\376\377\000F\000r\000a\000m\000e\000w\000o\000r\000k\000\040\000C\000:\000\040\000V\000a\000r\000i\000a\000t\000i\000o\000n\000a\000l\000\040\000R\000e\000d\000u\000c\000e\000d\000-\000O\000p\000e\000r\000a\000t\000o\000r\000\040\000B\000o\000u\000n\000d\000s}{appendix.F}% 157
\BOOKMARK [2][-]{subsection.F.3.1}{\376\377\000P\000r\000o\000j\000e\000c\000t\000e\000d\000\040\000T\000r\000a\000n\000s\000f\000e\000r\000\040\000M\000a\000t\000r\000i\000x}{section.F.3}% 158
\BOOKMARK [1][-]{section.F.4}{\376\377\000F\000r\000a\000m\000e\000w\000o\000r\000k\000\040\000D\000:\000\040\000A\000d\000j\000o\000i\000n\000t\000\040\000I\000n\000t\000e\000r\000p\000o\000l\000a\000t\000i\000o\000n\000\040\000a\000n\000d\000\040\000G\000l\000o\000b\000a\000l\000\040\000A\000n\000a\000l\000y\000t\000i\000c\000i\000t\000y}{appendix.F}% 159
\BOOKMARK [2][-]{subsection.F.4.1}{\376\377\000C\000l\000u\000s\000t\000e\000r\000\040\000E\000x\000p\000a\000n\000s\000i\000o\000n\000\040\000o\000f\000\040\000t\000h\000e\000\040\000R\000e\000s\000o\000l\000v\000e\000n\000t}{section.F.4}% 160
\BOOKMARK [1][-]{section.F.5}{\376\377\000F\000r\000a\000m\000e\000w\000o\000r\000k\000\040\000E\000:\000\040\000R\000e\000n\000o\000r\000m\000a\000l\000i\000z\000a\000t\000i\000o\000n\000\040\000G\000r\000o\000u\000p\000\040\000F\000l\000o\000w\000\040\000S\000t\000a\000b\000i\000l\000i\000t\000y}{appendix.F}% 161
\BOOKMARK [0][-]{appendix.G}{\376\377\000R\000e\000s\000o\000l\000u\000t\000i\000o\000n\000\040\000S\000t\000r\000a\000t\000e\000g\000i\000e\000s\000\040\000f\000o\000r\000\040\000T\000e\000c\000h\000n\000i\000c\000a\000l\000\040\000C\000h\000a\000l\000l\000e\000n\000g\000e\000s}{theorem.0.7.1}% 162
\BOOKMARK [1][-]{section.G.1}{\376\377\000N\000o\000v\000e\000l\000\040\000M\000a\000t\000h\000e\000m\000a\000t\000i\000c\000a\000l\000\040\000M\000e\000t\000h\000o\000d\000s\000:\000\040\000A\000d\000d\000r\000e\000s\000s\000i\000n\000g\000\040\000K\000e\000y\000\040\000G\000a\000p\000s}{appendix.G}% 163
\BOOKMARK [2][-]{subsection.G.1.1}{\376\377\000G\000a\000p\000\040\0001\000:\000\040\000S\000t\000r\000i\000n\000g\000\040\000T\000e\000n\000s\000i\000o\000n\000\040\000P\000o\000s\000i\000t\000i\000v\000i\000t\000y\000\040\000v\000i\000a\000\040\000R\000e\000n\000o\000r\000m\000a\000l\000i\000z\000a\000t\000i\000o\000n\000\040\000G\000r\000o\000u\000p}{section.G.1}% 164
\BOOKMARK [2][-]{subsection.G.1.2}{\376\377\000G\000a\000p\000\040\0002\000:\000\040\000R\000i\000g\000o\000r\000o\000u\000s\000\040\000G\000i\000l\000e\000s\000-\000T\000e\000p\000e\000r\000\040\000B\000o\000u\000n\000d\000\040\000v\000i\000a\000\040\000O\000p\000t\000i\000m\000a\000l\000\040\000T\000r\000a\000n\000s\000p\000o\000r\000t}{section.G.1}% 165
\BOOKMARK [2][-]{subsection.G.1.3}{\376\377\000G\000a\000p\000\040\0003\000:\000\040\000I\000n\000t\000e\000r\000m\000e\000d\000i\000a\000t\000e\000\040\000C\000o\000u\000p\000l\000i\000n\000g\000\040\000v\000i\000a\000\040\000P\000e\000r\000s\000i\000s\000t\000e\000n\000t\000\040\000H\000o\000m\000o\000l\000o\000g\000y}{section.G.1}% 166
\BOOKMARK [2][-]{subsection.G.1.4}{\376\377\000G\000a\000p\000\040\0004\000:\000\040\000C\000o\000n\000t\000i\000n\000u\000u\000m\000\040\000L\000i\000m\000i\000t\000\040\000v\000i\000a\000\040\000N\000o\000n\000-\000C\000o\000m\000m\000u\000t\000a\000t\000i\000v\000e\000\040\000G\000e\000o\000m\000e\000t\000r\000y}{section.G.1}% 167
\BOOKMARK [2][-]{subsection.G.1.5}{\376\377\000N\000o\000v\000e\000l\000\040\000M\000a\000t\000h\000e\000m\000a\000t\000i\000c\000s\000:\000\040\000T\000h\000e\000\040\000H\000a\000r\000m\000o\000n\000i\000c\000\040\000M\000e\000a\000s\000u\000r\000e\000\040\000B\000r\000i\000d\000g\000e\000\040\000T\000h\000e\000o\000r\000e\000m}{section.G.1}% 168
\BOOKMARK [2][-]{subsection.G.1.6}{\376\377\000S\000u\000m\000m\000a\000r\000y\000:\000\040\000C\000o\000m\000p\000l\000e\000t\000e\000\040\000R\000e\000s\000o\000l\000u\000t\000i\000o\000n\000\040\000o\000f\000\040\000G\000a\000p\000s}{section.G.1}% 169
\BOOKMARK [-1][-]{Item.193}{\376\377\000*}{}% 170
\BOOKMARK [-1][-]{Item.193}{\376\377\000P\000a\000r\000t\000\040\000I\000I\000I\000:\000\040\000A\000l\000t\000e\000r\000n\000a\000t\000i\000v\000e\000\040\000A\000p\000p\000r\000o\000a\000c\000h\000e\000s\000\040\000a\000n\000d\000\040\000A\000d\000d\000i\000t\000i\000o\000n\000a\000l\000\040\000P\000e\000r\000s\000p\000e\000c\000t\000i\000v\000e\000s}{}% 171
\BOOKMARK [0][-]{section.G.2}{\376\377\000N\000e\000w\000\040\000M\000a\000t\000h\000e\000m\000a\000t\000i\000c\000s\000:\000\040\000C\000o\000m\000p\000l\000e\000t\000e\000\040\000R\000e\000s\000o\000l\000u\000t\000i\000o\000n\000\040\000o\000f\000\040\000t\000h\000e\000\040\000F\000o\000u\000r\000\040\000C\000h\000a\000l\000l\000e\000n\000g\000e\000s}{Item.193}% 172
\BOOKMARK [1][-]{subsection.G.2.1}{\376\377\000C\000h\000a\000l\000l\000e\000n\000g\000e\000\040\0001\000:\000\040\000S\000t\000r\000i\000n\000g\000\040\000T\000e\000n\000s\000i\000o\000n\000\040\000P\000o\000s\000i\000t\000i\000v\000i\000t\000y\000\040\000v\000i\000a\000\040\000E\000n\000t\000r\000o\000p\000i\000c\000\040\000C\000u\000r\000v\000a\000t\000u\000r\000e}{section.G.2}% 173
\BOOKMARK [2][-]{subsection.G.2.2}{\376\377\000G\000a\000p\000\040\0002\000:\000\040\000R\000i\000g\000o\000r\000o\000u\000s\000\040\000G\000i\000l\000e\000s\000-\000T\000e\000p\000e\000r\000\040\000B\000o\000u\000n\000d\000\040\000v\000i\000a\000\040\000O\000p\000t\000i\000m\000a\000l\000\040\000T\000r\000a\000n\000s\000p\000o\000r\000t}{subsection.G.2.1}% 174
\BOOKMARK [2][-]{subsection.G.2.3}{\376\377\000G\000a\000p\000\040\0003\000:\000\040\000E\000x\000p\000l\000i\000c\000i\000t\000\040\000C\000o\000n\000s\000t\000a\000n\000t\000s\000\040\000v\000i\000a\000\040\000H\000e\000a\000t\000\040\000K\000e\000r\000n\000e\000l\000\040\000M\000e\000t\000h\000o\000d\000s}{subsection.G.2.1}% 175
\BOOKMARK [2][-]{subsection.G.2.4}{\376\377\000G\000a\000p\000\040\0004\000:\000\040\000I\000n\000t\000e\000r\000m\000e\000d\000i\000a\000t\000e\000\040\000C\000o\000u\000p\000l\000i\000n\000g\000\040\000v\000i\000a\000\040\000B\000a\000k\000r\000y\000-\000\311\000m\000e\000r\000y\000\040\000I\000n\000t\000e\000r\000p\000o\000l\000a\000t\000i\000o\000n}{subsection.G.2.1}% 176
\BOOKMARK [1][-]{section.G.3}{\376\377\000C\000o\000m\000p\000l\000e\000t\000e\000\040\000R\000i\000g\000o\000r\000o\000u\000s\000\040\000R\000e\000s\000o\000l\000u\000t\000i\000o\000n\000\040\000o\000f\000\040\000C\000r\000i\000t\000i\000c\000a\000l\000\040\000C\000h\000a\000l\000l\000e\000n\000g\000e\000s}{section.G.2}% 177
\BOOKMARK [2][-]{subsection.G.3.1}{\376\377\000C\000h\000a\000l\000l\000e\000n\000g\000e\000\040\0001\000:\000\040\000T\000h\000e\000\040\000M\000a\000s\000s\000\040\000G\000a\000p\000\040\000S\000u\000r\000v\000i\000v\000e\000s\000\040\000t\000h\000e\000\040\000C\000o\000n\000t\000i\000n\000u\000u\000m\000\040\000L\000i\000m\000i\000t}{section.G.3}% 178
\BOOKMARK [2][-]{subsection.G.3.2}{\376\377\000G\000a\000p\000\040\0002\000:\000\040\000P\000h\000y\000s\000i\000c\000a\000l\000\040\000S\000t\000r\000i\000n\000g\000\040\000T\000e\000n\000s\000i\000o\000n\000\040\000i\000s\000\040\000P\000o\000s\000i\000t\000i\000v\000e}{section.G.3}% 179
\BOOKMARK [2][-]{subsection.G.3.3}{\376\377\000G\000a\000p\000\040\0002\000.\0005\000:\000\040\000S\000p\000e\000c\000t\000r\000a\000l\000\040\000C\000o\000m\000p\000a\000c\000t\000n\000e\000s\000s\000\040\000P\000r\000e\000s\000e\000r\000v\000a\000t\000i\000o\000n\000\040\000T\000h\000r\000o\000u\000g\000h\000\040\000L\000i\000m\000i\000t\000s}{section.G.3}% 180
\BOOKMARK [2][-]{subsection.G.3.4}{\376\377\000G\000a\000p\000\040\0003\000:\000\040\000N\000o\000n\000-\000C\000i\000r\000c\000u\000l\000a\000r\000\040\000S\000c\000a\000l\000e\000\040\000S\000e\000t\000t\000i\000n\000g}{section.G.3}% 181
\BOOKMARK [2][-]{subsection.G.3.5}{\376\377\000S\000u\000m\000m\000a\000r\000y\000:\000\040\000C\000o\000m\000p\000l\000e\000t\000e\000\040\000R\000e\000s\000o\000l\000u\000t\000i\000o\000n\000\040\000o\000f\000\040\000A\000l\000l\000\040\000T\000h\000r\000e\000e\000\040\000G\000a\000p\000s}{section.G.3}% 182
\BOOKMARK [2][-]{subsection.G.3.6}{\376\377\000G\000a\000p\000\040\0004\000:\000\040\000A\000x\000i\000o\000m\000a\000t\000i\000c\000\040\000D\000e\000r\000i\000v\000a\000t\000i\000o\000n\000\040\000o\000f\000\040\000M\000a\000s\000s\000\040\000G\000a\000p\000\040\000f\000r\000o\000m\000\040\000F\000i\000r\000s\000t\000\040\000P\000r\000i\000n\000c\000i\000p\000l\000e\000s}{section.G.3}% 183
\BOOKMARK [1][-]{section.G.4}{\376\377\000C\000o\000m\000p\000l\000e\000t\000e\000\040\000R\000e\000s\000o\000l\000u\000t\000i\000o\000n\000\040\000o\000f\000\040\000R\000e\000m\000a\000i\000n\000i\000n\000g\000\040\000O\000p\000e\000n\000\040\000P\000r\000o\000b\000l\000e\000m\000s\000\040\000a\000n\000d\000\040\000C\000o\000n\000j\000e\000c\000t\000u\000r\000e\000s}{section.G.2}% 184
\BOOKMARK [2][-]{subsection.G.4.1}{\376\377\000P\000r\000o\000o\000f\000\040\000o\000f\000\040\000T\000h\000e\000o\000r\000e\000m\000:\000\040\000G\000l\000o\000b\000a\000l\000\040\000P\000o\000s\000i\000t\000i\000v\000e\000\040\000C\000u\000r\000v\000a\000t\000u\000r\000e}{section.G.4}% 185
\BOOKMARK [2][-]{subsection.G.4.2}{\376\377\000P\000r\000o\000o\000f\000\040\000o\000f\000\040\000T\000h\000e\000o\000r\000e\000m\000:\000\040\000N\000o\000n\000-\000P\000e\000r\000t\000u\000r\000b\000a\000t\000i\000v\000e\000\040\000E\000q\000u\000i\000v\000a\000l\000e\000n\000c\000e}{section.G.4}% 186
\BOOKMARK [2][-]{subsection.G.4.3}{\376\377\000R\000e\000m\000a\000r\000k\000:\000\040\000E\000x\000t\000e\000n\000s\000i\000o\000n\000s\000\040\000t\000o\000\040\000T\000h\000e\000o\000r\000i\000e\000s\000\040\000w\000i\000t\000h\000\040\000M\000a\000t\000t\000e\000r}{section.G.4}% 187
\BOOKMARK [2][-]{subsection.G.4.4}{\376\377\000G\000a\000p\000\040\000R\000e\000s\000o\000l\000u\000t\000i\000o\000n\000:\000\040\000Q\000u\000a\000n\000t\000i\000t\000a\000t\000i\000v\000e\000\040\000C\000h\000e\000e\000g\000e\000r\000\040\000B\000o\000u\000n\000d\000s}{section.G.4}% 188
\BOOKMARK [2][-]{subsection.G.4.5}{\376\377\000G\000a\000p\000\040\000R\000e\000s\000o\000l\000u\000t\000i\000o\000n\000:\000\040\000D\000i\000r\000e\000c\000t\000\040\000G\000i\000l\000e\000s\000-\000T\000e\000p\000e\000r\000\040\000P\000r\000o\000o\000f}{section.G.4}% 189
\BOOKMARK [2][-]{subsection.G.4.6}{\376\377\000G\000a\000p\000\040\000R\000e\000s\000o\000l\000u\000t\000i\000o\000n\000:\000\040\000E\000q\000u\000i\000c\000o\000n\000t\000i\000n\000u\000i\000t\000y\000\040\000E\000s\000t\000i\000m\000a\000t\000e\000s}{section.G.4}% 190
\BOOKMARK [2][-]{subsection.G.4.7}{\376\377\000G\000a\000p\000\040\000R\000e\000s\000o\000l\000u\000t\000i\000o\000n\000:\000\040\000R\000o\000t\000a\000t\000i\000o\000n\000\040\000S\000y\000m\000m\000e\000t\000r\000y\000\040\000R\000e\000c\000o\000v\000e\000r\000y}{section.G.4}% 191
\BOOKMARK [2][-]{subsection.G.4.8}{\376\377\000G\000a\000p\000\040\000R\000e\000s\000o\000l\000u\000t\000i\000o\000n\000:\000\040\000M\000o\000s\000c\000o\000\040\000C\000o\000n\000v\000e\000r\000g\000e\000n\000c\000e}{section.G.4}% 192
\BOOKMARK [2][-]{subsection.G.4.9}{\376\377\000G\000a\000p\000\040\000R\000e\000s\000o\000l\000u\000t\000i\000o\000n\000:\000\040\000C\000o\000n\000t\000i\000n\000u\000u\000m\000\040\000L\000i\000m\000i\000t\000\040\000R\000i\000g\000o\000r\000o\000u\000s\000\040\000T\000r\000e\000a\000t\000m\000e\000n\000t}{section.G.4}% 193
\BOOKMARK [2][-]{subsection.G.4.10}{\376\377\000S\000u\000m\000m\000a\000r\000y\000:\000\040\000A\000l\000l\000\040\000G\000a\000p\000s\000\040\000F\000i\000l\000l\000e\000d}{section.G.4}% 194
\BOOKMARK [1][-]{section.G.5}{\376\377\000C\000h\000a\000l\000l\000e\000n\000g\000e\000\040\0001\000:\000\040\000I\000n\000f\000i\000n\000i\000t\000e\000-\000V\000o\000l\000u\000m\000e\000\040\000S\000t\000r\000i\000n\000g\000\040\000T\000e\000n\000s\000i\000o\000n\000\040\000v\000i\000a\000\040\000P\000i\000r\000o\000g\000o\000v\000-\000S\000i\000n\000a\000i\000\040\000T\000h\000e\000o\000r\000y}{section.G.2}% 195
\BOOKMARK [2][-]{subsection.G.5.1}{\376\377\000S\000t\000r\000a\000t\000e\000g\000y\000\040\000O\000v\000e\000r\000v\000i\000e\000w}{section.G.5}% 196
\BOOKMARK [2][-]{subsection.G.5.2}{\376\377\000T\000h\000e\000\040\000C\000o\000n\000t\000o\000u\000r\000\040\000R\000e\000p\000r\000e\000s\000e\000n\000t\000a\000t\000i\000o\000n}{section.G.5}% 197
\BOOKMARK [2][-]{subsection.G.5.3}{\376\377\000A\000b\000s\000e\000n\000c\000e\000\040\000o\000f\000\040\000P\000h\000a\000s\000e\000\040\000T\000r\000a\000n\000s\000i\000t\000i\000o\000n}{section.G.5}% 198
\BOOKMARK [2][-]{subsection.G.5.4}{\376\377\000C\000o\000n\000c\000l\000u\000s\000i\000o\000n\000:\000\040\000G\000a\000p\000\040\000P\000e\000r\000s\000i\000s\000t\000e\000n\000c\000e}{section.G.5}% 199
\BOOKMARK [1][-]{section.G.6}{\376\377\000C\000h\000a\000l\000l\000e\000n\000g\000e\000\040\0002\000:\000\040\000C\000o\000n\000t\000i\000n\000u\000u\000m\000\040\000L\000i\000m\000i\000t\000\040\000v\000i\000a\000\040\000S\000t\000o\000c\000h\000a\000s\000t\000i\000c\000\040\000G\000e\000o\000m\000e\000t\000r\000i\000c\000\040\000F\000l\000o\000w}{section.G.2}% 200
\BOOKMARK [2][-]{subsection.G.6.1}{\376\377\000S\000t\000r\000a\000t\000e\000g\000y\000\040\000O\000v\000e\000r\000v\000i\000e\000w}{section.G.6}% 201
\BOOKMARK [2][-]{subsection.G.6.2}{\376\377\000T\000h\000e\000\040\000Y\000a\000n\000g\000-\000M\000i\000l\000l\000s\000\040\000L\000a\000n\000g\000e\000v\000i\000n\000\040\000E\000q\000u\000a\000t\000i\000o\000n}{section.G.6}% 202
\BOOKMARK [2][-]{subsection.G.6.3}{\376\377\000L\000a\000t\000t\000i\000c\000e\000\040\000R\000e\000g\000u\000l\000a\000r\000i\000z\000a\000t\000i\000o\000n}{section.G.6}% 203
\BOOKMARK [2][-]{subsection.G.6.4}{\376\377\000U\000n\000i\000f\000o\000r\000m\000\040\000R\000e\000g\000u\000l\000a\000r\000i\000t\000y\000\040\000E\000s\000t\000i\000m\000a\000t\000e\000s}{section.G.6}% 204
\BOOKMARK [2][-]{subsection.G.6.5}{\376\377\000C\000o\000n\000v\000e\000r\000g\000e\000n\000c\000e\000\040\000t\000o\000\040\000C\000o\000n\000t\000i\000n\000u\000u\000m}{section.G.6}% 205
\BOOKMARK [1][-]{section.G.7}{\376\377\000C\000h\000a\000l\000l\000e\000n\000g\000e\000\040\0003\000:\000\040\000U\000n\000i\000f\000o\000r\000m\000\040\000L\000o\000g\000-\000S\000o\000b\000o\000l\000e\000v\000\040\000I\000n\000e\000q\000u\000a\000l\000i\000t\000y\000\040\000v\000i\000a\000\040\000R\000G\000-\000I\000m\000p\000r\000o\000v\000e\000d\000\040\000H\000o\000l\000l\000e\000y\000-\000S\000t\000r\000o\000o\000c\000k}{section.G.2}% 206
\BOOKMARK [2][-]{subsection.G.7.1}{\376\377\000S\000t\000r\000a\000t\000e\000g\000y\000\040\000O\000v\000e\000r\000v\000i\000e\000w}{section.G.7}% 207
\BOOKMARK [2][-]{subsection.G.7.2}{\376\377\000R\000G\000\040\000B\000l\000o\000c\000k\000\040\000S\000p\000i\000n\000\040\000T\000r\000a\000n\000s\000f\000o\000r\000m\000a\000t\000i\000o\000n}{section.G.7}% 208
\BOOKMARK [2][-]{subsection.G.7.3}{\376\377\000L\000o\000c\000a\000l\000\040\000H\000o\000l\000l\000e\000y\000-\000S\000t\000r\000o\000o\000c\000k\000\040\000B\000o\000u\000n\000d}{section.G.7}% 209
\BOOKMARK [2][-]{subsection.G.7.4}{\376\377\000C\000o\000n\000c\000l\000u\000s\000i\000o\000n\000:\000\040\000U\000n\000i\000f\000o\000r\000m\000\040\000G\000a\000p}{section.G.7}% 210
\BOOKMARK [2][-]{subsection.G.7.5}{\376\377\000D\000i\000f\000f\000i\000c\000u\000l\000t\000y\000\040\000o\000f\000\040\000D\000i\000m\000e\000n\000s\000i\000o\000n\000a\000l\000\040\000R\000e\000d\000u\000c\000t\000i\000o\000n}{section.G.7}% 211
\BOOKMARK [2][-]{subsection.G.7.6}{\376\377\000M\000a\000i\000n\000\040\000L\000S\000I\000\040\000R\000e\000s\000u\000l\000t}{section.G.7}% 212
\BOOKMARK [1][-]{section.G.8}{\376\377\000C\000h\000a\000l\000l\000e\000n\000g\000e\000\040\0005\000:\000\040\000E\000x\000p\000l\000i\000c\000i\000t\000\040\000R\000G\000\040\000B\000r\000i\000d\000g\000e\000\040\000v\000i\000a\000\040\000H\000e\000a\000t\000\040\000K\000e\000r\000n\000e\000l\000\040\000B\000l\000o\000c\000k\000i\000n\000g}{section.G.2}% 213
\BOOKMARK [2][-]{subsection.G.8.1}{\376\377\000S\000t\000r\000a\000t\000e\000g\000y\000\040\000O\000v\000e\000r\000v\000i\000e\000w}{section.G.8}% 214
\BOOKMARK [2][-]{subsection.G.8.2}{\376\377\000H\000e\000a\000t\000\040\000K\000e\000r\000n\000e\000l\000\040\000B\000l\000o\000c\000k\000i\000n\000g}{section.G.8}% 215
\BOOKMARK [2][-]{subsection.G.8.3}{\376\377\000E\000f\000f\000e\000c\000t\000i\000v\000e\000\040\000A\000c\000t\000i\000o\000n}{section.G.8}% 216
\BOOKMARK [2][-]{subsection.G.8.4}{\376\377\000L\000a\000r\000g\000e\000\040\000F\000i\000e\000l\000d\000\040\000C\000o\000n\000t\000r\000o\000l}{section.G.8}% 217
\BOOKMARK [2][-]{subsection.G.8.5}{\376\377\000M\000a\000i\000n\000\040\000R\000G\000\040\000B\000r\000i\000d\000g\000e\000\040\000T\000h\000e\000o\000r\000e\000m}{section.G.8}% 218
\BOOKMARK [1][-]{section.G.9}{\376\377\000C\000h\000a\000l\000l\000e\000n\000g\000e\000\040\0004\000:\000\040\000R\000i\000g\000o\000r\000o\000u\000s\000\040\000G\000i\000l\000e\000s\000-\000T\000e\000p\000e\000r\000\040\000B\000o\000u\000n\000d\000\040\000v\000i\000a\000\040\000T\000e\000m\000p\000l\000e\000'\000s\000\040\000I\000n\000e\000q\000u\000a\000l\000i\000t\000y}{section.G.2}% 219
\BOOKMARK [2][-]{subsection.G.9.1}{\376\377\000S\000t\000r\000a\000t\000e\000g\000y\000\040\000O\000v\000e\000r\000v\000i\000e\000w}{section.G.9}% 220
\BOOKMARK [2][-]{subsection.G.9.2}{\376\377\000M\000a\000t\000h\000e\000m\000a\000t\000i\000c\000a\000l\000\040\000F\000r\000a\000m\000e\000w\000o\000r\000k\000:\000\040\000T\000e\000m\000p\000l\000e\000'\000s\000\040\000I\000n\000e\000q\000u\000a\000l\000i\000t\000y}{section.G.9}% 221
\BOOKMARK [2][-]{subsection.G.9.3}{\376\377\000A\000p\000p\000l\000i\000c\000a\000t\000i\000o\000n\000\040\000t\000o\000\040\000Y\000a\000n\000g\000-\000M\000i\000l\000l\000s\000\040\000F\000l\000u\000x\000\040\000T\000u\000b\000e\000s}{section.G.9}% 222
\BOOKMARK [2][-]{subsection.G.9.4}{\376\377\000D\000e\000r\000i\000v\000a\000t\000i\000o\000n\000\040\000o\000f\000\040\000t\000h\000e\000\040\000G\000a\000p}{section.G.9}% 223
\BOOKMARK [1][-]{section.G.10}{\376\377\000R\000i\000g\000o\000r\000o\000u\000s\000\040\000R\000G\000\040\000B\000r\000i\000d\000g\000e\000:\000\040\000T\000h\000e\000\040\000M\000u\000l\000t\000i\000s\000c\000a\000l\000e\000\040\000F\000l\000o\000w\000\040\000T\000h\000e\000o\000r\000e\000m}{section.G.2}% 224
\BOOKMARK [2][-]{subsection.G.10.1}{\376\377\000T\000h\000e\000\040\000M\000a\000i\000n\000\040\000B\000r\000i\000d\000g\000e\000\040\000T\000h\000e\000o\000r\000e\000m}{section.G.10}% 225
\BOOKMARK [2][-]{subsection.G.10.2}{\376\377\000P\000h\000a\000s\000e\000\040\000I\000:\000\040\000T\000h\000e\000\040\000P\000e\000r\000t\000u\000r\000b\000a\000t\000i\000v\000e\000\040\000U\000l\000t\000r\000a\000v\000i\000o\000l\000e\000t\000\040\000F\000l\000o\000w\000\040\000\050\000B\000a\000l\000a\000b\000a\000n\000\040\000R\000e\000g\000i\000m\000e\000\051}{section.G.10}% 226
\BOOKMARK [2][-]{subsection.G.10.3}{\376\377\000P\000h\000a\000s\000e\000\040\000I\000I\000:\000\040\000T\000h\000e\000\040\000"\000B\000r\000i\000d\000g\000e\000\040\000S\000c\000a\000l\000e\000"\000\040\000K\000*}{section.G.10}% 227
\BOOKMARK [2][-]{subsection.G.10.4}{\376\377\000P\000h\000a\000s\000e\000\040\000I\000I\000I\000:\000\040\000S\000t\000r\000o\000n\000g\000\040\000C\000o\000u\000p\000l\000i\000n\000g\000\040\000a\000n\000d\000\040\000M\000a\000s\000s\000\040\000G\000a\000p\000\040\000\050\000O\000s\000t\000e\000r\000w\000a\000l\000d\000e\000r\000-\000S\000e\000i\000l\000e\000r\000\040\000R\000e\000g\000i\000m\000e\000\051}{section.G.10}% 228
\BOOKMARK [2][-]{subsection.G.10.5}{\376\377\000U\000n\000i\000f\000o\000r\000m\000i\000t\000y\000\040\000i\000n\000\040\000t\000h\000e\000\040\000C\000o\000n\000t\000i\000n\000u\000u\000m\000\040\000L\000i\000m\000i\000t}{section.G.10}% 229
\BOOKMARK [1][-]{section.G.11}{\376\377\000E\000x\000p\000l\000i\000c\000i\000t\000\040\000C\000a\000l\000c\000u\000l\000a\000t\000i\000o\000n\000\040\000o\000f\000\040\000t\000h\000e\000\040\000B\000r\000i\000d\000g\000e\000\040\000S\000c\000a\000l\000e}{section.G.2}% 230
\BOOKMARK [2][-]{subsection.G.11.1}{\376\377\000T\000h\000e\000\040\000R\000e\000n\000o\000r\000m\000a\000l\000i\000z\000a\000t\000i\000o\000n\000\040\000G\000r\000o\000u\000p\000\040\000E\000q\000u\000a\000t\000i\000o\000n}{section.G.11}% 231
\BOOKMARK [2][-]{subsection.G.11.2}{\376\377\000T\000h\000e\000\040\000M\000a\000t\000c\000h\000i\000n\000g\000\040\000C\000o\000n\000d\000i\000t\000i\000o\000n}{section.G.11}% 232
\BOOKMARK [2][-]{subsection.G.11.3}{\376\377\000P\000h\000y\000s\000i\000c\000a\000l\000\040\000S\000c\000a\000l\000e\000\040\000V\000e\000r\000i\000f\000i\000c\000a\000t\000i\000o\000n}{section.G.11}% 233
\BOOKMARK [2][-]{subsection.G.11.4}{\376\377\000U\000n\000i\000f\000o\000r\000m\000i\000t\000y\000\040\000o\000f\000\040\000t\000h\000e\000\040\000G\000a\000p\000\040\000a\000n\000d\000\040\000B\000a\000l\000a\000b\000a\000n\000'\000s\000\040\000R\000e\000g\000u\000l\000a\000r\000i\000t\000y}{section.G.11}% 234
\BOOKMARK [1][-]{section.G.12}{\376\377\000C\000o\000n\000c\000l\000u\000s\000i\000o\000n}{section.G.2}% 235
\BOOKMARK [1][-]{section.G.13}{\376\377\000O\000v\000e\000r\000v\000i\000e\000w\000\040\000o\000f\000\040\000R\000e\000s\000o\000l\000u\000t\000i\000o\000n\000\040\000M\000e\000t\000h\000o\000d\000s}{section.G.2}% 236
\BOOKMARK [1][-]{section.G.14}{\376\377\000T\000h\000e\000\040\000C\000r\000i\000t\000i\000c\000a\000l\000\040\000G\000a\000p\000\040\000C\000l\000o\000s\000e\000d\000:\000\040\000R\000i\000g\000o\000r\000o\000u\000s\000\040\0001\000D\000\040\000T\000r\000a\000n\000s\000f\000e\000r\000\040\000M\000a\000t\000r\000i\000x\000\040\000S\000p\000e\000c\000t\000r\000a\000l\000\040\000G\000a\000p}{section.G.2}% 237
\BOOKMARK [2][-]{subsection.G.14.1}{\376\377\000S\000t\000a\000t\000e\000m\000e\000n\000t\000\040\000o\000f\000\040\000t\000h\000e\000\040\000M\000a\000i\000n\000\040\000R\000e\000s\000u\000l\000t}{section.G.14}% 238
\BOOKMARK [2][-]{subsection.G.14.2}{\376\377\000P\000r\000o\000o\000f\000\040\000S\000t\000r\000a\000t\000e\000g\000y}{section.G.14}% 239
\BOOKMARK [2][-]{subsection.G.14.3}{\376\377\000S\000t\000e\000p\000\040\0001\000:\000\040\000O\000p\000e\000r\000a\000t\000o\000r\000\040\000P\000r\000o\000p\000e\000r\000t\000i\000e\000s}{section.G.14}% 240
\BOOKMARK [2][-]{subsection.G.14.4}{\376\377\000S\000t\000e\000p\000\040\0002\000:\000\040\000C\000h\000a\000r\000a\000c\000t\000e\000r\000\040\000E\000x\000p\000a\000n\000s\000i\000o\000n\000\040\000a\000n\000d\000\040\000E\000i\000g\000e\000n\000v\000a\000l\000u\000e\000s}{section.G.14}% 241
\BOOKMARK [2][-]{subsection.G.14.5}{\376\377\000S\000t\000e\000p\000\040\0003\000:\000\040\000T\000h\000e\000\040\000G\000a\000p\000\040\000i\000s\000\040\000F\000u\000n\000d\000a\000m\000e\000n\000t\000a\000l}{section.G.14}% 242
\BOOKMARK [2][-]{subsection.G.14.6}{\376\377\000S\000t\000e\000p\000\040\0004\000:\000\040\000E\000x\000p\000l\000i\000c\000i\000t\000\040\000B\000e\000s\000s\000e\000l\000\040\000E\000s\000t\000i\000m\000a\000t\000e\000s}{section.G.14}% 243
\BOOKMARK [2][-]{subsection.G.14.7}{\376\377\000S\000t\000e\000p\000\040\0003\000:\000\040\000F\000i\000r\000s\000t\000\040\000E\000x\000c\000i\000t\000e\000d\000\040\000S\000t\000a\000t\000e\000\040\000i\000s\000\040\000F\000u\000n\000d\000a\000m\000e\000n\000t\000a\000l}{section.G.14}% 244
\BOOKMARK [2][-]{subsection.G.14.8}{\376\377\000S\000t\000e\000p\000\040\0004\000:\000\040\000B\000e\000s\000s\000e\000l\000\040\000F\000u\000n\000c\000t\000i\000o\000n\000\040\000A\000n\000a\000l\000y\000s\000i\000s}{section.G.14}% 245
\BOOKMARK [2][-]{subsection.G.14.9}{\376\377\000S\000t\000e\000p\000\040\0005\000:\000\040\000Q\000u\000a\000n\000t\000i\000t\000a\000t\000i\000v\000e\000\040\000L\000o\000w\000e\000r\000\040\000B\000o\000u\000n\000d}{section.G.14}% 246
\BOOKMARK [2][-]{subsection.G.14.10}{\376\377\000C\000o\000n\000v\000e\000r\000s\000i\000o\000n\000\040\000t\000o\000\040\000L\000o\000g\000-\000S\000o\000b\000o\000l\000e\000v\000\040\000I\000n\000e\000q\000u\000a\000l\000i\000t\000y}{section.G.14}% 247
\BOOKMARK [2][-]{subsection.G.14.11}{\376\377\000A\000p\000p\000l\000i\000c\000a\000t\000i\000o\000n\000\040\000t\000o\000\040\000H\000i\000e\000r\000a\000r\000c\000h\000i\000c\000a\000l\000\040\000I\000n\000d\000u\000c\000t\000i\000o\000n}{section.G.14}% 248
\BOOKMARK [2][-]{subsection.G.14.12}{\376\377\000S\000u\000m\000m\000a\000r\000y\000:\000\040\000C\000r\000i\000t\000i\000c\000a\000l\000\040\000G\000a\000p\000\040\000C\000L\000O\000S\000E\000D}{section.G.14}% 249
\BOOKMARK [1][-]{section.G.15}{\376\377\000U\000n\000i\000f\000i\000e\000d\000\040\000R\000e\000s\000o\000l\000u\000t\000i\000o\000n\000\040\000o\000f\000\040\000O\000p\000e\000n\000\040\000P\000r\000o\000b\000l\000e\000m\000s\000:\000\040\000C\000o\000m\000p\000l\000e\000t\000e\000\040\000P\000r\000o\000o\000f}{section.G.2}% 250
\BOOKMARK [2][-]{subsection.G.15.1}{\376\377\000S\000u\000m\000m\000a\000r\000y\000\040\000o\000f\000\040\000R\000e\000s\000o\000l\000u\000t\000i\000o\000n\000s}{section.G.15}% 251
\BOOKMARK [2][-]{subsection.G.15.2}{\376\377\000R\000e\000s\000o\000l\000u\000t\000i\000o\000n\000\040\000F\0001\000:\000\040\000C\000o\000r\000r\000e\000c\000t\000\040\000L\000S\000I\000\040\000C\000o\000n\000s\000t\000a\000n\000t\000\040\000f\000o\000r\000\040\000S\000U\000\050\000N\000\051}{section.G.15}% 252
\BOOKMARK [2][-]{subsection.G.15.3}{\376\377\000R\000e\000s\000o\000l\000u\000t\000i\000o\000n\000\040\000F\0002\000:\000\040\000C\000o\000m\000p\000l\000e\000t\000e\000\040\0001\000D\000\040\000C\000h\000a\000i\000n\000\040\000P\000r\000o\000o\000f}{section.G.15}% 253
\BOOKMARK [2][-]{subsection.G.15.4}{\376\377\000R\000e\000s\000o\000l\000u\000t\000i\000o\000n\000\040\000G\0001\000:\000\040\000I\000n\000t\000e\000r\000m\000e\000d\000i\000a\000t\000e\000\040\000C\000o\000u\000p\000l\000i\000n\000g\000\040\000U\000n\000i\000f\000o\000r\000m\000\040\000B\000o\000u\000n\000d}{section.G.15}% 254
\BOOKMARK [2][-]{subsection.G.15.5}{\376\377\000R\000e\000s\000o\000l\000u\000t\000i\000o\000n\000\040\000F\0003\000:\000\040\000B\000o\000u\000n\000d\000a\000r\000y\000\040\000D\000i\000m\000e\000n\000s\000i\000o\000n\000a\000l\000\040\000R\000e\000d\000u\000c\000t\000i\000o\000n}{section.G.15}% 255
\BOOKMARK [2][-]{subsection.G.15.6}{\376\377\000R\000e\000s\000o\000l\000u\000t\000i\000o\000n\000\040\000G\0002\000:\000\040\000C\000o\000n\000t\000i\000n\000u\000u\000m\000\040\000L\000i\000m\000i\000t}{section.G.15}% 256
\BOOKMARK [2][-]{subsection.G.15.7}{\376\377\000V\000e\000r\000i\000f\000i\000c\000a\000t\000i\000o\000n\000:\000\040\000G\000i\000l\000e\000s\000-\000T\000e\000p\000e\000r\000\040\000C\000o\000n\000s\000t\000a\000n\000t}{section.G.15}% 257
\BOOKMARK [2][-]{subsection.G.15.8}{\376\377\000M\000a\000i\000n\000\040\000T\000h\000e\000o\000r\000e\000m\000:\000\040\000C\000o\000m\000p\000l\000e\000t\000e\000\040\000P\000r\000o\000o\000f}{section.G.15}% 258
\BOOKMARK [2][-]{subsection.G.15.9}{\376\377\000C\000o\000n\000c\000l\000u\000s\000i\000o\000n}{section.G.15}% 259
\BOOKMARK [1][-]{section.G.16}{\376\377\000R\000e\000s\000o\000l\000u\000t\000i\000o\000n\000\040\000o\000f\000\040\000O\000p\000e\000n\000\040\000P\000r\000o\000b\000l\000e\000m\000s\000:\000\040\000I\000n\000n\000o\000v\000a\000t\000i\000v\000e\000\040\000M\000a\000t\000h\000e\000m\000a\000t\000i\000c\000a\000l\000\040\000F\000r\000a\000m\000e\000w\000o\000r\000k\000s}{section.G.2}% 260
\BOOKMARK [2][-]{subsection.G.16.1}{\376\377\000O\000v\000e\000r\000v\000i\000e\000w}{section.G.16}% 261
\BOOKMARK [2][-]{subsection.G.16.2}{\376\377\000P\000a\000r\000t\000\040\000A\000:\000\040\000C\000u\000r\000v\000a\000t\000u\000r\000e\000-\000D\000i\000m\000e\000n\000s\000i\000o\000n\000\040\000v\000i\000a\000\040\000G\000a\000m\000m\000a\000\137\0002\000\040\000C\000a\000l\000c\000u\000l\000u\000s}{section.G.16}% 262
\BOOKMARK [2][-]{subsection.G.16.3}{\376\377\000P\000a\000r\000t\000\040\000B\000:\000\040\000R\000e\000g\000u\000l\000a\000r\000i\000t\000y\000\040\000S\000t\000r\000u\000c\000t\000u\000r\000e\000s\000\040\000f\000o\000r\000\040\000C\000o\000n\000t\000i\000n\000u\000u\000m\000\040\000L\000i\000m\000i\000t}{section.G.16}% 263
\BOOKMARK [2][-]{subsection.G.16.4}{\376\377\000P\000a\000r\000t\000\040\000C\000:\000\040\000U\000n\000i\000f\000o\000r\000m\000\040\000L\000S\000I\000\040\000v\000i\000a\000\040\000Q\000u\000a\000n\000t\000i\000t\000a\000t\000i\000v\000e\000\040\000H\000o\000m\000o\000g\000e\000n\000i\000z\000a\000t\000i\000o\000n}{section.G.16}% 264
\BOOKMARK [2][-]{subsection.G.16.5}{\376\377\000P\000a\000r\000t\000\040\000D\000:\000\040\000H\000e\000a\000t\000\040\000K\000e\000r\000n\000e\000l\000\040\000S\000p\000e\000c\000t\000r\000a\000l\000\040\000B\000o\000u\000n\000d\000s}{section.G.16}% 265
\BOOKMARK [2][-]{subsection.G.16.6}{\376\377\000P\000a\000r\000t\000\040\000E\000:\000\040\000M\000o\000s\000c\000o\000\040\000C\000o\000n\000v\000e\000r\000g\000e\000n\000c\000e\000\040\000w\000i\000t\000h\000\040\000E\000x\000p\000l\000i\000c\000i\000t\000\040\000C\000o\000n\000s\000t\000a\000n\000t\000s}{section.G.16}% 266
\BOOKMARK [2][-]{subsection.G.16.7}{\376\377\000M\000a\000i\000n\000\040\000T\000h\000e\000o\000r\000e\000m\000:\000\040\000A\000l\000l\000\040\000G\000a\000p\000s\000\040\000F\000i\000l\000l\000e\000d}{section.G.16}% 267
\BOOKMARK [2][-]{subsection.G.16.8}{\376\377\000S\000u\000m\000m\000a\000r\000y\000\040\000o\000f\000\040\000M\000a\000t\000h\000e\000m\000a\000t\000i\000c\000a\000l\000\040\000F\000r\000a\000m\000e\000w\000o\000r\000k\000s}{section.G.16}% 268
\BOOKMARK [1][-]{section.G.17}{\376\377\000R\000i\000g\000o\000r\000o\000u\000s\000\040\000R\000e\000s\000o\000l\000u\000t\000i\000o\000n\000\040\000o\000f\000\040\000O\000p\000e\000n\000\040\000P\000r\000o\000b\000l\000e\000m\000s\000:\000\040\000M\000a\000t\000h\000e\000m\000a\000t\000i\000c\000a\000l\000\040\000P\000r\000o\000o\000f\000s}{section.G.2}% 269
\BOOKMARK [2][-]{subsection.G.17.1}{\376\377\000M\000e\000t\000h\000o\000d\000\040\0001\000:\000\040\000S\000p\000e\000c\000t\000r\000a\000l\000\040\000I\000n\000d\000e\000p\000e\000n\000d\000e\000n\000c\000e\000\040\000a\000n\000d\000\040\000E\000n\000t\000r\000o\000p\000y\000\040\000F\000a\000c\000t\000o\000r\000i\000z\000a\000t\000i\000o\000n}{section.G.17}% 270
\BOOKMARK [2][-]{subsection.G.17.2}{\376\377\000M\000e\000t\000h\000o\000d\000\040\0003\000:\000\040\000E\000n\000t\000r\000o\000p\000i\000c\000\040\000I\000n\000d\000e\000p\000e\000n\000d\000e\000n\000c\000e\000\040\000v\000i\000a\000\040\000H\000i\000g\000h\000-\000D\000i\000m\000e\000n\000s\000i\000o\000n\000a\000l\000\040\000E\000x\000p\000a\000n\000d\000e\000r\000s}{section.G.17}% 271
\BOOKMARK [2][-]{subsection.G.17.3}{\376\377\000M\000e\000t\000h\000o\000d\000\040\0004\000:\000\040\000M\000a\000r\000t\000i\000n\000g\000a\000l\000e\000\040\000M\000e\000t\000h\000o\000d\000\040\000f\000o\000r\000\040\000B\000o\000u\000n\000d\000a\000r\000y\000\040\000M\000a\000r\000g\000i\000n\000a\000l\000s}{section.G.17}% 272
\BOOKMARK [2][-]{subsection.G.17.4}{\376\377\000M\000e\000t\000h\000o\000d\000\040\0005\000:\000\040\000P\000o\000l\000c\000h\000i\000n\000s\000k\000i\000\040\000E\000q\000u\000a\000t\000i\000o\000n\000\040\000f\000o\000r\000\040\000C\000o\000n\000t\000i\000n\000u\000u\000m\000\040\000L\000i\000m\000i\000t}{section.G.17}% 273
\BOOKMARK [2][-]{subsection.G.17.5}{\376\377\000M\000e\000t\000h\000o\000d\000\040\0006\000:\000\040\000R\000i\000g\000o\000r\000o\000u\000s\000\040\000G\000i\000l\000e\000s\000-\000T\000e\000p\000e\000r\000\040\000v\000i\000a\000\040\000O\000p\000e\000r\000a\000t\000o\000r\000\040\000M\000o\000n\000o\000t\000o\000n\000i\000c\000i\000t\000y}{section.G.17}% 274
\BOOKMARK [2][-]{subsection.G.17.6}{\376\377\000M\000e\000t\000h\000o\000d\000\040\0007\000:\000\040\000R\000e\000g\000u\000l\000a\000r\000i\000t\000y\000\040\000S\000t\000r\000u\000c\000t\000u\000r\000e\000s\000\040\000f\000o\000r\000\040\000C\000o\000n\000t\000i\000n\000u\000u\000m\000\040\000L\000i\000m\000i\000t}{section.G.17}% 275
\BOOKMARK [2][-]{subsection.G.17.7}{\376\377\000S\000y\000n\000t\000h\000e\000s\000i\000s\000:\000\040\000C\000o\000m\000p\000l\000e\000t\000e\000\040\000P\000r\000o\000o\000f\000\040\000o\000f\000\040\000M\000a\000s\000s\000\040\000G\000a\000p}{section.G.17}% 276
\BOOKMARK [2][-]{subsection.G.17.8}{\376\377\000E\000x\000p\000l\000i\000c\000i\000t\000\040\000C\000o\000n\000s\000t\000a\000n\000t\000s}{section.G.17}% 277
\BOOKMARK [1][-]{section.G.18}{\376\377\000A\000l\000t\000e\000r\000n\000a\000t\000i\000v\000e\000\040\000A\000p\000p\000r\000o\000a\000c\000h\000e\000s\000\040\000t\000o\000\040\000R\000e\000s\000o\000l\000u\000t\000i\000o\000n\000\040\000o\000f\000\040\000O\000p\000e\000n\000\040\000P\000r\000o\000b\000l\000e\000m\000s}{section.G.2}% 278
\BOOKMARK [1][-]{section.G.18}{\376\377\000P\000a\000r\000t\000\040\000I\000:\000\040\000C\000h\000a\000l\000l\000e\000n\000g\000e\000\040\0001}{section.G.2}% 279
\BOOKMARK [1][-]{section.G.19}{\376\377\000T\000h\000e\000\040\000P\000r\000o\000b\000l\000e\000m\000:\000\040\000W\000h\000y\000\040\000W\000e\000a\000k\000\040\000C\000o\000u\000p\000l\000i\000n\000g\000\040\000i\000s\000\040\000H\000a\000r\000d}{section.G.2}% 280
\BOOKMARK [1][-]{section.G.20}{\376\377\000M\000e\000t\000h\000o\000d\000\040\0001\000:\000\040\000M\000o\000n\000o\000t\000o\000n\000e\000\040\000C\000o\000u\000p\000l\000i\000n\000g\000\040\000F\000l\000o\000w}{section.G.2}% 281
\BOOKMARK [1][-]{section.G.21}{\376\377\000M\000e\000t\000h\000o\000d\000\040\0002\000:\000\040\000O\000p\000t\000i\000m\000a\000l\000\040\000T\000r\000a\000n\000s\000p\000o\000r\000t\000\040\000I\000n\000t\000e\000r\000p\000o\000l\000a\000t\000i\000o\000n}{section.G.2}% 282
\BOOKMARK [1][-]{section.G.22}{\376\377\000M\000e\000t\000h\000o\000d\000\040\0003\000:\000\040\000G\000r\000i\000f\000f\000i\000t\000h\000s\000-\000S\000i\000m\000o\000n\000\040\000R\000e\000c\000o\000n\000s\000t\000r\000u\000c\000t\000i\000o\000n}{section.G.2}% 283
\BOOKMARK [1][-]{equation.G.237}{\376\377\000P\000a\000r\000t\000\040\000I\000I\000:\000\040\000G\000a\000p\000\040\0002}{section.G.2}% 284
\BOOKMARK [1][-]{section.G.23}{\376\377\000T\000h\000e\000\040\000P\000r\000o\000b\000l\000e\000m\000:\000\040\000C\000i\000r\000c\000u\000l\000a\000r\000i\000t\000y\000\040\000i\000n\000\040\000M\000o\000s\000c\000o\000\040\000C\000o\000n\000v\000e\000r\000g\000e\000n\000c\000e}{section.G.2}% 285
\BOOKMARK [1][-]{section.G.24}{\376\377\000M\000e\000t\000h\000o\000d\000\040\0001\000:\000\040\000L\000a\000t\000t\000i\000c\000e\000-\000I\000n\000t\000r\000i\000n\000s\000i\000c\000\040\000C\000a\000u\000c\000h\000y\000\040\000S\000e\000q\000u\000e\000n\000c\000e}{section.G.2}% 286
\BOOKMARK [1][-]{section.G.25}{\376\377\000M\000e\000t\000h\000o\000d\000\040\0002\000:\000\040\000G\000a\000u\000g\000e\000-\000A\000d\000a\000p\000t\000e\000d\000\040\000R\000e\000g\000u\000l\000a\000r\000i\000t\000y\000\040\000S\000t\000r\000u\000c\000t\000u\000r\000e\000s}{section.G.2}% 287
\BOOKMARK [1][-]{section.G.26}{\376\377\000M\000e\000t\000h\000o\000d\000\040\0003\000:\000\040\000U\000n\000i\000v\000e\000r\000s\000a\000l\000\040\000L\000i\000m\000i\000t\000\040\000T\000h\000e\000o\000r\000e\000m}{section.G.2}% 288
\BOOKMARK [1][-]{section.G.27}{\376\377\000V\000e\000r\000i\000f\000i\000c\000a\000t\000i\000o\000n\000\040\000o\000f\000\040\000O\000s\000t\000e\000r\000w\000a\000l\000d\000e\000r\000-\000S\000c\000h\000r\000a\000d\000e\000r\000\040\000A\000x\000i\000o\000m\000s}{section.G.2}% 289
\BOOKMARK [1][-]{section.G.28}{\376\377\000S\000y\000n\000t\000h\000e\000s\000i\000s\000:\000\040\000C\000o\000m\000p\000l\000e\000t\000e\000\040\000R\000e\000s\000o\000l\000u\000t\000i\000o\000n\000\040\000o\000f\000\040\000C\000r\000i\000t\000i\000c\000a\000l\000\040\000G\000a\000p\000s}{section.G.2}% 290
\BOOKMARK [1][-]{section.G.29}{\376\377\000D\000i\000s\000c\000u\000s\000s\000i\000o\000n\000:\000\040\000W\000h\000a\000t\000\040\000R\000e\000m\000a\000i\000n\000s\000\040\000f\000o\000r\000\040\000r\000i\000g\000o\000r\000o\000u\000s\000\040\000s\000t\000a\000n\000d\000a\000r\000d\000\040\000S\000t\000a\000n\000d\000a\000r\000d}{section.G.2}% 291
\BOOKMARK [1][-]{section.G.30}{\376\377\000T\000e\000c\000h\000n\000i\000c\000a\000l\000\040\000M\000e\000t\000h\000o\000d\000s\000\040\000f\000o\000r\000\040\000M\000a\000s\000s\000\040\000G\000a\000p\000\040\000P\000r\000o\000o\000f}{section.G.2}% 292
\BOOKMARK [2][-]{subsection.G.30.1}{\376\377\000C\000l\000a\000r\000i\000f\000i\000c\000a\000t\000i\000o\000n\000\040\000o\000f\000\040\000D\000e\000p\000e\000n\000d\000e\000n\000c\000i\000e\000s}{section.G.30}% 293
\BOOKMARK [1][-]{subsection.G.30.1}{\376\377\000G\000a\000p\000\040\0001\000:\000\040\000S\000t\000r\000i\000n\000g\000\040\000T\000e\000n\000s\000i\000o\000n}{section.G.2}% 294
\BOOKMARK [1][-]{section.G.31}{\376\377\000M\000e\000t\000h\000o\000d\000\040\0001\000:\000\040\000R\000e\000f\000l\000e\000c\000t\000i\000o\000n\000\040\000P\000o\000s\000i\000t\000i\000v\000i\000t\000y\000\040\000M\000o\000n\000o\000t\000o\000n\000i\000c\000i\000t\000y}{section.G.2}% 295
\BOOKMARK [1][-]{section.G.32}{\376\377\000M\000e\000t\000h\000o\000d\000\040\0002\000:\000\040\000C\000h\000e\000e\000g\000e\000r\000\040\000I\000s\000o\000p\000e\000r\000i\000m\000e\000t\000r\000i\000c\000\040\000B\000o\000u\000n\000d}{section.G.2}% 296
\BOOKMARK [1][-]{section.G.33}{\376\377\000M\000e\000t\000h\000o\000d\000\040\0003\000:\000\040\000H\000i\000e\000r\000a\000r\000c\000h\000i\000c\000a\000l\000\040\000R\000e\000n\000o\000r\000m\000a\000l\000i\000z\000a\000t\000i\000o\000n\000\040\000G\000r\000o\000u\000p}{section.G.2}% 297
\BOOKMARK [1][-]{section.G.33}{\376\377\000G\000a\000p\000\040\0002\000:\000\040\000C\000o\000n\000t\000i\000n\000u\000u\000m\000\040\000L\000i\000m\000i\000t}{section.G.2}% 298
\BOOKMARK [1][-]{section.G.34}{\376\377\000M\000e\000t\000h\000o\000d\000:\000\040\000I\000n\000t\000r\000i\000n\000s\000i\000c\000\040\000T\000i\000g\000h\000t\000n\000e\000s\000s\000\040\000C\000r\000i\000t\000e\000r\000i\000o\000n}{section.G.2}% 299
\BOOKMARK [1][-]{section.G.34}{\376\377\000G\000a\000p\000\040\0003\000:\000\040\000U\000n\000i\000f\000o\000r\000m\000\040\000L\000S\000I}{section.G.2}% 300
\BOOKMARK [1][-]{section.G.35}{\376\377\000M\000e\000t\000h\000o\000d\000:\000\040\000M\000u\000l\000t\000i\000-\000S\000c\000a\000l\000e\000\040\000E\000n\000t\000r\000o\000p\000y\000\040\000D\000e\000c\000o\000m\000p\000o\000s\000i\000t\000i\000o\000n}{section.G.2}% 301
\BOOKMARK [1][-]{section.G.35}{\376\377\000G\000a\000p\000\040\0004\000:\000\040\000G\000i\000l\000e\000s\000-\000T\000e\000p\000e\000r\000\040\000C\000o\000n\000s\000t\000a\000n\000t}{section.G.2}% 302
\BOOKMARK [1][-]{section.G.36}{\376\377\000M\000e\000t\000h\000o\000d\000:\000\040\000D\000e\000r\000i\000v\000a\000t\000i\000o\000n\000\040\000o\000f\000\040\000c\000\137\000N}{section.G.2}% 303
\BOOKMARK [1][-]{section.G.37}{\376\377\000M\000a\000i\000n\000\040\000R\000e\000s\000u\000l\000t\000s}{section.G.2}% 304
\BOOKMARK [1][-]{section.G.38}{\376\377\000D\000e\000f\000i\000n\000i\000t\000i\000v\000e\000\040\000P\000r\000o\000o\000f\000s\000\040\000a\000n\000d\000\040\000C\000o\000m\000p\000l\000e\000t\000e\000\040\000R\000e\000s\000o\000l\000u\000t\000i\000o\000n}{section.G.2}% 305
\BOOKMARK [2][-]{subsection.G.38.1}{\376\377\000R\000e\000s\000o\000l\000u\000t\000i\000o\000n\000\040\0001\000:\000\040\000R\000i\000g\000o\000r\000o\000u\000s\000\040\000S\000t\000r\000i\000n\000g\000\040\000T\000e\000n\000s\000i\000o\000n\000\040\000L\000o\000w\000e\000r\000\040\000B\000o\000u\000n\000d}{section.G.38}% 306
\BOOKMARK [2][-]{subsection.G.38.2}{\376\377\000R\000e\000s\000o\000l\000u\000t\000i\000o\000n\000\040\0002\000:\000\040\000U\000n\000i\000f\000o\000r\000m\000\040\000M\000u\000l\000t\000i\000-\000S\000c\000a\000l\000e\000\040\000L\000S\000I}{section.G.38}% 307
\BOOKMARK [2][-]{subsection.G.38.3}{\376\377\000R\000e\000s\000o\000l\000u\000t\000i\000o\000n\000\040\0003\000:\000\040\000I\000n\000t\000r\000i\000n\000s\000i\000c\000\040\000T\000i\000g\000h\000t\000n\000e\000s\000s\000\040\000f\000o\000r\000\040\000C\000o\000n\000t\000i\000n\000u\000u\000m\000\040\000L\000i\000m\000i\000t}{section.G.38}% 308
\BOOKMARK [1][-]{section.G.39}{\376\377\000U\000n\000c\000o\000n\000d\000i\000t\000i\000o\000n\000a\000l\000\040\000P\000r\000o\000o\000f\000\040\000v\000i\000a\000\040\000A\000d\000j\000o\000i\000n\000t\000\040\000Q\000C\000D\000\040\000I\000n\000t\000e\000r\000p\000o\000l\000a\000t\000i\000o\000n}{section.G.2}% 309
\BOOKMARK [2][-]{subsection.G.39.1}{\376\377\000O\000v\000e\000r\000v\000i\000e\000w\000\040\000o\000f\000\040\000t\000h\000e\000\040\000R\000e\000s\000o\000l\000u\000t\000i\000o\000n}{section.G.39}% 310
\BOOKMARK [2][-]{subsection.G.39.2}{\376\377\000L\000a\000t\000t\000i\000c\000e\000\040\000F\000o\000r\000m\000u\000l\000a\000t\000i\000o\000n\000:\000\040\000R\000e\000f\000l\000e\000c\000t\000i\000o\000n\000\040\000P\000o\000s\000i\000t\000i\000v\000i\000t\000y}{section.G.39}% 311
\BOOKMARK [2][-]{subsection.G.39.3}{\376\377\000T\000h\000e\000o\000r\000e\000m\000\040\0001\000:\000\040\000E\000x\000a\000c\000t\000\040\000C\000e\000n\000t\000e\000r\000\040\000S\000y\000m\000m\000e\000t\000r\000y}{section.G.39}% 312
\BOOKMARK [2][-]{subsection.G.39.4}{\376\377\000T\000h\000e\000o\000r\000e\000m\000\040\0002\000:\000\040\000P\000o\000s\000i\000t\000i\000v\000i\000t\000y\000\040\000a\000n\000d\000\040\000A\000n\000a\000l\000y\000t\000i\000c\000i\000t\000y}{section.G.39}% 313
\BOOKMARK [2][-]{subsection.G.39.5}{\376\377\000A\000d\000d\000r\000e\000s\000s\000i\000n\000g\000\040\000t\000h\000e\000\040\000"\000L\000i\000q\000u\000i\000d\000-\000G\000a\000s\000"\000\040\000O\000b\000j\000e\000c\000t\000i\000o\000n}{section.G.39}% 314
\BOOKMARK [2][-]{subsection.G.39.6}{\376\377\000T\000h\000e\000o\000r\000e\000m\000\040\0003\000:\000\040\000T\000h\000e\000\040\000M\000a\000s\000s\000\040\000G\000a\000p}{section.G.39}% 315
\BOOKMARK [2][-]{subsection.G.39.7}{\376\377\000C\000o\000n\000c\000l\000u\000s\000i\000o\000n\000:\000\040\000U\000n\000c\000o\000n\000d\000i\000t\000i\000o\000n\000a\000l\000\040\000P\000o\000s\000i\000t\000i\000v\000i\000t\000y}{section.G.39}% 316
\BOOKMARK [0][-]{appendix.H}{\376\377\000S\000p\000e\000c\000t\000r\000a\000l\000\040\000G\000a\000p\000\040\000a\000n\000d\000\040\000P\000o\000i\000n\000c\000a\000r\000\351\000\040\000I\000n\000e\000q\000u\000a\000l\000i\000t\000i\000e\000s}{Item.193}% 317
\BOOKMARK [1][-]{section.H.1}{\376\377\000T\000h\000e\000\040\000D\000e\000f\000i\000n\000i\000t\000i\000v\000e\000\040\000S\000p\000e\000c\000t\000r\000a\000l\000\040\000G\000a\000p\000\040\000A\000r\000g\000u\000m\000e\000n\000t}{appendix.H}% 318
\BOOKMARK [2][-]{subsection.H.1.1}{\376\377\000T\000h\000e\000\040\000C\000o\000r\000e\000\040\000M\000a\000t\000h\000e\000m\000a\000t\000i\000c\000a\000l\000\040\000S\000t\000r\000u\000c\000t\000u\000r\000e}{section.H.1}% 319
\BOOKMARK [2][-]{subsection.H.1.2}{\376\377\000C\000o\000m\000p\000l\000e\000t\000e\000\040\000P\000r\000o\000o\000f\000\040\000o\000f\000\040\000P\000i\000l\000l\000a\000r\000\040\000I}{section.H.1}% 320
\BOOKMARK [2][-]{subsection.H.1.3}{\376\377\000C\000o\000m\000p\000l\000e\000t\000e\000\040\000P\000r\000o\000o\000f\000\040\000o\000f\000\040\000P\000i\000l\000l\000a\000r\000\040\000I\000I}{section.H.1}% 321
\BOOKMARK [2][-]{subsection.H.1.4}{\376\377\000C\000o\000m\000p\000l\000e\000t\000e\000\040\000P\000r\000o\000o\000f\000\040\000o\000f\000\040\000P\000i\000l\000l\000a\000r\000\040\000I\000I\000I}{section.H.1}% 322
\BOOKMARK [2][-]{subsection.H.1.5}{\376\377\000T\000h\000e\000\040\000C\000o\000m\000p\000l\000e\000t\000e\000\040\000M\000a\000s\000s\000\040\000G\000a\000p\000\040\000T\000h\000e\000o\000r\000e\000m}{section.H.1}% 323
\BOOKMARK [1][-]{section.H.2}{\376\377\000T\000h\000e\000\040\000R\000i\000g\000o\000r\000o\000u\000s\000\040\000P\000o\000i\000n\000c\000a\000r\000\351\000\040\000I\000n\000e\000q\000u\000a\000l\000i\000t\000y\000\040\000o\000n\000\040\000G\000a\000u\000g\000e\000\040\000O\000r\000b\000i\000t\000s}{appendix.H}% 324
\BOOKMARK [2][-]{subsection.H.2.1}{\376\377\000S\000e\000t\000t\000i\000n\000g\000\040\000a\000n\000d\000\040\000N\000o\000t\000a\000t\000i\000o\000n}{section.H.2}% 325
\BOOKMARK [2][-]{subsection.H.2.2}{\376\377\000T\000h\000e\000\040\000P\000o\000i\000n\000c\000a\000r\000\351\000\040\000I\000n\000e\000q\000u\000a\000l\000i\000t\000y}{section.H.2}% 326
\BOOKMARK [2][-]{subsection.H.2.3}{\376\377\000Q\000u\000a\000n\000t\000i\000t\000a\000t\000i\000v\000e\000\040\000P\000o\000i\000n\000c\000a\000r\000\351\000\040\000C\000o\000n\000s\000t\000a\000n\000t}{section.H.2}% 327
\BOOKMARK [2][-]{subsection.H.2.4}{\376\377\000A\000p\000p\000l\000i\000c\000a\000t\000i\000o\000n\000\040\000t\000o\000\040\000M\000a\000s\000s\000\040\000G\000a\000p}{section.H.2}% 328
\BOOKMARK [1][-]{section.H.3}{\376\377\000S\000p\000e\000c\000t\000r\000a\000l\000\040\000P\000e\000r\000m\000a\000n\000e\000n\000c\000e\000:\000\040\000R\000i\000g\000o\000r\000o\000u\000s\000\040\000C\000o\000n\000t\000i\000n\000u\000u\000m\000\040\000L\000i\000m\000i\000t}{appendix.H}% 329
\BOOKMARK [2][-]{subsection.H.3.1}{\376\377\000T\000h\000e\000\040\000C\000e\000n\000t\000r\000a\000l\000\040\000P\000r\000o\000b\000l\000e\000m\000:\000\040\000R\000i\000g\000o\000r\000o\000u\000s\000\040\000C\000o\000n\000t\000i\000n\000u\000u\000m\000\040\000L\000i\000m\000i\000t}{section.H.3}% 330
\BOOKMARK [2][-]{subsection.H.3.2}{\376\377\000T\000h\000e\000\040\000S\000p\000e\000c\000t\000r\000a\000l\000\040\000P\000e\000r\000m\000a\000n\000e\000n\000c\000e\000\040\000T\000h\000e\000o\000r\000e\000m}{section.H.3}% 331
\BOOKMARK [2][-]{subsection.H.3.3}{\376\377\000N\000o\000n\000-\000P\000e\000r\000t\000u\000r\000b\000a\000t\000i\000v\000e\000\040\000V\000e\000r\000i\000f\000i\000c\000a\000t\000i\000o\000n\000\040\000o\000f\000\040\000P\000o\000s\000i\000t\000i\000v\000i\000t\000y}{section.H.3}% 332
\BOOKMARK [2][-]{subsection.H.3.4}{\376\377\000T\000h\000e\000\040\000B\000o\000o\000t\000s\000t\000r\000a\000p\000\040\000C\000o\000n\000s\000i\000s\000t\000e\000n\000c\000y\000\040\000C\000h\000e\000c\000k}{section.H.3}% 333
\BOOKMARK [2][-]{subsection.H.3.5}{\376\377\000Q\000u\000a\000n\000t\000i\000t\000a\000t\000i\000v\000e\000\040\000S\000p\000e\000c\000t\000r\000a\000l\000\040\000P\000e\000r\000m\000a\000n\000e\000n\000c\000e\000\040\000B\000o\000u\000n\000d\000s}{section.H.3}% 334
\BOOKMARK [2][-]{subsection.H.3.6}{\376\377\000U\000l\000t\000i\000m\000a\000t\000e\000\040\000M\000a\000t\000h\000e\000m\000a\000t\000i\000c\000a\000l\000\040\000F\000o\000u\000n\000d\000a\000t\000i\000o\000n}{section.H.3}% 335
\BOOKMARK [2][-]{subsection.H.3.7}{\376\377\000I\000n\000f\000r\000a\000r\000e\000d\000\040\000S\000t\000a\000b\000i\000l\000i\000t\000y\000:\000\040\000W\000h\000y\000\040\000t\000h\000e\000\040\000G\000a\000p\000\040\000C\000a\000n\000n\000o\000t\000\040\000C\000l\000o\000s\000e}{section.H.3}% 336
\BOOKMARK [2][-]{subsection.H.3.8}{\376\377\000C\000o\000m\000p\000l\000e\000t\000e\000\040\000A\000x\000i\000o\000m\000a\000t\000i\000c\000\040\000C\000h\000a\000r\000a\000c\000t\000e\000r\000i\000z\000a\000t\000i\000o\000n}{section.H.3}% 337
\BOOKMARK [2][-]{subsection.H.3.9}{\376\377\000L\000o\000g\000i\000c\000a\000l\000\040\000S\000t\000r\000u\000c\000t\000u\000r\000e\000\040\000o\000f\000\040\000t\000h\000e\000\040\000C\000o\000m\000p\000l\000e\000t\000e\000\040\000P\000r\000o\000o\000f}{section.H.3}% 338
\BOOKMARK [1][-]{section.H.4}{\376\377\000T\000r\000a\000n\000s\000f\000e\000r\000\040\000M\000a\000t\000r\000i\000x\000\040\000S\000p\000e\000c\000t\000r\000a\000l\000\040\000T\000h\000e\000o\000r\000y\000:\000\040\000T\000h\000e\000\040\0001\000D\000\040\000B\000a\000s\000e\000\040\000C\000a\000s\000e}{appendix.H}% 339
\BOOKMARK [2][-]{subsection.H.4.1}{\376\377\000S\000e\000t\000u\000p\000:\000\040\0001\000D\000\040\000Y\000a\000n\000g\000-\000M\000i\000l\000l\000s\000\040\000a\000s\000\040\000a\000\040\000S\000p\000i\000n\000\040\000C\000h\000a\000i\000n}{section.H.4}% 340
\BOOKMARK [2][-]{subsection.H.4.2}{\376\377\000T\000h\000e\000\040\000T\000r\000a\000n\000s\000f\000e\000r\000\040\000M\000a\000t\000r\000i\000x}{section.H.4}% 341
\BOOKMARK [2][-]{subsection.H.4.3}{\376\377\000C\000h\000a\000r\000a\000c\000t\000e\000r\000\040\000E\000x\000p\000a\000n\000s\000i\000o\000n}{section.H.4}% 342
\BOOKMARK [2][-]{subsection.H.4.4}{\376\377\000E\000i\000g\000e\000n\000v\000a\000l\000u\000e\000s\000\040\000v\000i\000a\000\040\000B\000e\000s\000s\000e\000l\000\040\000F\000u\000n\000c\000t\000i\000o\000n\000s}{section.H.4}% 343
\BOOKMARK [2][-]{subsection.H.4.5}{\376\377\000E\000x\000p\000l\000i\000c\000i\000t\000\040\000F\000o\000r\000m\000u\000l\000a\000s\000\040\000f\000o\000r\000\040\000S\000U\000\050\0002\000\051}{section.H.4}% 344
\BOOKMARK [2][-]{subsection.H.4.6}{\376\377\000E\000x\000p\000l\000i\000c\000i\000t\000\040\000F\000o\000r\000m\000u\000l\000a\000s\000\040\000f\000o\000r\000\040\000S\000U\000\050\0003\000\051}{section.H.4}% 345
\BOOKMARK [2][-]{subsection.H.4.7}{\376\377\000G\000e\000n\000e\000r\000a\000l\000\040\000S\000U\000\050\000N\000\051\000\040\000F\000o\000r\000m\000u\000l\000a}{section.H.4}% 346
\BOOKMARK [2][-]{subsection.H.4.8}{\376\377\000G\000a\000p\000-\000t\000o\000-\000L\000S\000I\000\040\000C\000o\000n\000v\000e\000r\000s\000i\000o\000n}{section.H.4}% 347
\BOOKMARK [2][-]{subsection.H.4.9}{\376\377\000R\000i\000g\000o\000r\000o\000u\000s\000\040\000B\000e\000s\000s\000e\000l\000\040\000F\000u\000n\000c\000t\000i\000o\000n\000\040\000B\000o\000u\000n\000d\000s}{section.H.4}% 348
\BOOKMARK [2][-]{subsection.H.4.10}{\376\377\000S\000u\000m\000m\000a\000r\000y}{section.H.4}% 349
\BOOKMARK [1][-]{section.H.5}{\376\377\000A\000p\000p\000e\000n\000d\000i\000x\000\040\000R\000.\0001\0005\0008\000:\000\040\000T\000h\000e\000\040\000G\000e\000o\000m\000e\000t\000r\000i\000c\000\040\000S\000p\000e\000c\000t\000r\000a\000l\000\040\000G\000a\000p\000\040\000P\000r\000o\000o\000f}{appendix.H}% 350
\BOOKMARK [2][-]{subsection.H.5.1}{\376\377\000D\000e\000f\000i\000n\000i\000t\000i\000o\000n\000s}{section.H.5}% 351
\BOOKMARK [2][-]{subsection.H.5.2}{\376\377\000T\000h\000e\000\040\000L\000o\000c\000a\000l\000\040\000C\000u\000r\000v\000a\000t\000u\000r\000e\000\040\000C\000a\000l\000c\000u\000l\000a\000t\000i\000o\000n}{section.H.5}% 352
\BOOKMARK [2][-]{subsection.H.5.3}{\376\377\000T\000h\000e\000\040\000G\000l\000o\000b\000a\000l\000\040\000C\000o\000n\000t\000r\000a\000c\000t\000i\000o\000n\000\040\000\050\000P\000r\000o\000o\000f\000\040\000o\000f\000\040\000k\000a\000p\000p\000a\000\040\000>\000\040\0000\000\051}{section.H.5}% 353
\BOOKMARK [2][-]{subsection.H.5.4}{\376\377\000C\000o\000n\000c\000l\000u\000s\000i\000o\000n\000\040\000o\000f\000\040\000t\000h\000e\000\040\000M\000a\000t\000h\000e\000m\000a\000t\000i\000c\000a\000l\000\040\000F\000i\000x}{section.H.5}% 354
\BOOKMARK [1][-]{section.H.6}{\376\377\000F\000i\000n\000a\000l\000\040\000G\000e\000o\000m\000e\000t\000r\000i\000c\000\040\000a\000n\000d\000\040\000S\000p\000e\000c\000t\000r\000a\000l\000\040\000R\000i\000g\000o\000r\000:\000\040\000S\000c\000a\000l\000e\000\040\000S\000e\000p\000a\000r\000a\000t\000i\000o\000n\000,\000\040\000C\000u\000r\000v\000a\000t\000u\000r\000e\000,\000\040\000a\000n\000d\000\040\000S\000t\000a\000b\000i\000l\000i\000t\000y}{appendix.H}% 355
\BOOKMARK [2][-]{subsection.H.6.1}{\376\377\000T\000h\000e\000\040\000F\000e\000s\000h\000b\000a\000c\000h\000-\000S\000c\000h\000u\000r\000\040\000M\000a\000p\000\040\000\050\000I\000s\000o\000s\000p\000e\000c\000t\000r\000a\000l\000\040\000R\000e\000n\000o\000r\000m\000a\000l\000i\000z\000a\000t\000i\000o\000n\000\051}{section.H.6}% 356
\BOOKMARK [2][-]{subsection.H.6.2}{\376\377\000L\000o\000c\000a\000l\000\040\000B\000l\000o\000c\000k\000\040\000O\000'\000N\000e\000i\000l\000l\000\040\000C\000u\000r\000v\000a\000t\000u\000r\000e\000\040\000\050\000Q\000u\000o\000t\000i\000e\000n\000t\000\040\000G\000e\000o\000m\000e\000t\000r\000y\000\051}{section.H.6}% 357
\BOOKMARK [2][-]{subsection.H.6.3}{\376\377\000T\000h\000e\000\040\000K\000a\000t\000o\000-\000R\000e\000l\000l\000i\000c\000h\000\040\000S\000e\000r\000i\000e\000s\000\040\000\050\000G\000a\000p\000\040\000A\000n\000a\000l\000y\000t\000i\000c\000i\000t\000y\000\051}{section.H.6}% 358
\BOOKMARK [2][-]{subsection.H.6.4}{\376\377\000T\000h\000e\000\040\000V\000a\000f\000a\000-\000W\000i\000t\000t\000e\000n\000\040\000B\000o\000u\000n\000d\000\040\000\050\000T\000h\000e\000t\000a\000\040\000V\000a\000c\000u\000u\000m\000\040\000S\000t\000a\000b\000i\000l\000i\000t\000y\000\051}{section.H.6}% 359
\BOOKMARK [2][-]{subsection.H.6.5}{\376\377\000S\000p\000e\000c\000t\000r\000a\000l\000\040\000C\000o\000n\000t\000i\000n\000u\000i\000t\000y\000\040\000i\000n\000\040\000t\000h\000e\000\040\000C\000o\000n\000t\000i\000n\000u\000u\000m\000\040\000L\000i\000m\000i\000t}{section.H.6}% 360
\BOOKMARK [0][-]{appendix.I}{\376\377\000L\000o\000g\000-\000S\000o\000b\000o\000l\000e\000v\000\040\000a\000n\000d\000\040\000F\000u\000n\000c\000t\000i\000o\000n\000a\000l\000\040\000I\000n\000e\000q\000u\000a\000l\000i\000t\000i\000e\000s}{Item.193}% 361
\BOOKMARK [1][-]{section.I.1}{\376\377\000U\000n\000i\000f\000o\000r\000m\000\040\000L\000o\000g\000-\000S\000o\000b\000o\000l\000e\000v\000\040\000I\000n\000e\000q\000u\000a\000l\000i\000t\000y\000:\000\040\000C\000o\000m\000p\000l\000e\000t\000e\000\040\000R\000i\000g\000o\000r\000o\000u\000s\000\040\000P\000r\000o\000o\000f}{appendix.I}% 362
\BOOKMARK [2][-]{subsection.I.1.1}{\376\377\000S\000e\000t\000u\000p\000\040\000a\000n\000d\000\040\000S\000t\000a\000t\000e\000m\000e\000n\000t}{section.I.1}% 363
\BOOKMARK [2][-]{subsection.I.1.2}{\376\377\000T\000h\000e\000\040\000C\000o\000n\000d\000i\000t\000i\000o\000n\000a\000l\000\040\000T\000e\000n\000s\000o\000r\000i\000z\000a\000t\000i\000o\000n\000\040\000F\000r\000a\000m\000e\000w\000o\000r\000k}{section.I.1}% 364
\BOOKMARK [2][-]{subsection.I.1.3}{\376\377\000S\000t\000e\000p\000\040\0001\000:\000\040\000I\000n\000t\000e\000r\000i\000o\000r\000\040\000B\000l\000o\000c\000k\000\040\000L\000S\000I\000\040\000\050\000N\000o\000\040\000C\000i\000r\000c\000u\000l\000a\000r\000i\000t\000y\000\051}{section.I.1}% 365
\BOOKMARK [2][-]{subsection.I.1.4}{\376\377\000S\000t\000e\000p\000\040\0002\000:\000\040\000T\000h\000e\000\040\000I\000n\000d\000u\000c\000t\000i\000v\000e\000\040\000R\000e\000n\000o\000r\000m\000a\000l\000i\000z\000a\000t\000i\000o\000n\000\040\000A\000r\000g\000u\000m\000e\000n\000t}{section.I.1}% 366
\BOOKMARK [2][-]{subsection.I.1.5}{\376\377\000S\000t\000e\000p\000\040\0003\000:\000\040\000C\000o\000m\000p\000l\000e\000t\000i\000o\000n\000\040\000o\000f\000\040\000t\000h\000e\000\040\000I\000n\000d\000u\000c\000t\000i\000v\000e\000\040\000P\000r\000o\000o\000f}{section.I.1}% 367
\BOOKMARK [2][-]{subsection.I.1.6}{\376\377\000S\000t\000e\000p\000\040\0003\000:\000\040\000H\000i\000e\000r\000a\000r\000c\000h\000i\000c\000a\000l\000\040\000C\000o\000m\000b\000i\000n\000a\000t\000i\000o\000n}{section.I.1}% 368
\BOOKMARK [2][-]{subsection.I.1.7}{\376\377\000S\000t\000e\000p\000\040\0004\000:\000\040\000T\000h\000e\000\040\000F\000i\000n\000a\000l\000\040\000U\000n\000i\000f\000o\000r\000m\000\040\000B\000o\000u\000n\000d}{section.I.1}% 369
\BOOKMARK [2][-]{subsection.I.1.8}{\376\377\000I\000m\000p\000r\000o\000v\000e\000m\000e\000n\000t\000:\000\040\000R\000e\000m\000o\000v\000i\000n\000g\000\040\000t\000h\000e\000\040\000L\000o\000g\000\040\000F\000a\000c\000t\000o\000r}{section.I.1}% 370
\BOOKMARK [2][-]{subsection.I.1.9}{\376\377\000N\000o\000n\000-\000C\000i\000r\000c\000u\000l\000a\000r\000i\000t\000y\000\040\000V\000e\000r\000i\000f\000i\000c\000a\000t\000i\000o\000n}{section.I.1}% 371
\BOOKMARK [2][-]{subsection.I.1.10}{\376\377\000H\000a\000r\000d\000\040\000A\000n\000a\000l\000y\000s\000i\000s\000:\000\040\000E\000x\000p\000l\000i\000c\000i\000t\000\040\000C\000l\000u\000s\000t\000e\000r\000\040\000E\000x\000p\000a\000n\000s\000i\000o\000n\000\040\000B\000o\000u\000n\000d\000s}{section.I.1}% 372
\BOOKMARK [2][-]{subsection.I.1.11}{\376\377\000S\000u\000m\000m\000a\000r\000y}{section.I.1}% 373
\BOOKMARK [2][-]{subsection.I.1.12}{\376\377\000E\000x\000t\000e\000n\000s\000i\000o\000n\000\040\000t\000o\000\040\000W\000e\000a\000k\000\040\000a\000n\000d\000\040\000I\000n\000t\000e\000r\000m\000e\000d\000i\000a\000t\000e\000\040\000C\000o\000u\000p\000l\000i\000n\000g}{section.I.1}% 374
\BOOKMARK [1][-]{section.I.2}{\376\377\000R\000i\000g\000o\000r\000o\000u\000s\000\040\000C\000o\000n\000d\000i\000t\000i\000o\000n\000a\000l\000\040\000T\000e\000n\000s\000o\000r\000i\000z\000a\000t\000i\000o\000n\000\040\000w\000i\000t\000h\000\040\000I\000n\000t\000e\000r\000a\000c\000t\000i\000o\000n\000\040\000T\000e\000r\000m\000s}{appendix.I}% 375
\BOOKMARK [2][-]{subsection.I.2.1}{\376\377\000T\000h\000e\000\040\000P\000r\000o\000b\000l\000e\000m\000\040\000w\000i\000t\000h\000\040\000N\000a\000\357\000v\000e\000\040\000T\000e\000n\000s\000o\000r\000i\000z\000a\000t\000i\000o\000n}{section.I.2}% 376
\BOOKMARK [2][-]{subsection.I.2.2}{\376\377\000E\000n\000t\000r\000o\000p\000y\000\040\000C\000h\000a\000i\000n\000\040\000R\000u\000l\000e}{section.I.2}% 377
\BOOKMARK [2][-]{subsection.I.2.3}{\376\377\000T\000h\000e\000\040\000C\000o\000n\000d\000i\000t\000i\000o\000n\000a\000l\000\040\000L\000S\000I\000\040\000T\000e\000r\000m}{section.I.2}% 378
\BOOKMARK [2][-]{subsection.I.2.4}{\376\377\000T\000h\000e\000\040\000C\000r\000i\000t\000i\000c\000a\000l\000\040\000I\000n\000t\000e\000r\000a\000c\000t\000i\000o\000n\000\040\000T\000e\000r\000m}{section.I.2}% 379
\BOOKMARK [2][-]{subsection.I.2.5}{\376\377\000B\000o\000u\000n\000d\000i\000n\000g\000\040\000t\000h\000e\000\040\000G\000r\000a\000d\000i\000e\000n\000t\000\040\000o\000f\000\040\000s\000q\000r\000t\000\050\000g\000\051}{section.I.2}% 380
\BOOKMARK [2][-]{subsection.I.2.6}{\376\377\000T\000h\000e\000\040\000M\000a\000i\000n\000\040\000T\000h\000e\000o\000r\000e\000m}{section.I.2}% 381
\BOOKMARK [2][-]{subsection.I.2.7}{\376\377\000A\000p\000p\000l\000i\000c\000a\000t\000i\000o\000n\000\040\000t\000o\000\040\000L\000a\000t\000t\000i\000c\000e\000\040\000G\000a\000u\000g\000e\000\040\000T\000h\000e\000o\000r\000y}{section.I.2}% 382
\BOOKMARK [1][-]{section.I.3}{\376\377\000R\000i\000g\000o\000r\000o\000u\000s\000\040\000R\000e\000s\000o\000l\000u\000t\000i\000o\000n\000\040\000o\000f\000\040\000t\000h\000e\000\040\000C\000o\000n\000d\000i\000t\000i\000o\000n\000a\000l\000\040\000T\000e\000n\000s\000o\000r\000i\000z\000a\000t\000i\000o\000n\000\040\000B\000o\000u\000n\000d\000a\000r\000y\000\040\000P\000r\000o\000b\000l\000e\000m}{appendix.I}% 383
\BOOKMARK [2][-]{subsection.I.3.1}{\376\377\000T\000h\000e\000\040\000B\000o\000u\000n\000d\000a\000r\000y\000\040\000P\000r\000o\000b\000l\000e\000m\000\040\000F\000o\000r\000m\000u\000l\000a\000t\000i\000o\000n}{section.I.3}% 384
\BOOKMARK [2][-]{subsection.I.3.2}{\376\377\000S\000t\000e\000p\000\040\0001\000:\000\040\000E\000f\000f\000e\000c\000t\000i\000v\000e\000\040\000L\000o\000c\000a\000l\000i\000t\000y\000\040\000o\000f\000\040\000B\000o\000u\000n\000d\000a\000r\000y\000\040\000I\000n\000t\000e\000r\000a\000c\000t\000i\000o\000n\000s}{section.I.3}% 385
\BOOKMARK [2][-]{subsection.I.3.3}{\376\377\000S\000t\000e\000p\000\040\0002\000:\000\040\000H\000i\000e\000r\000a\000r\000c\000h\000i\000c\000a\000l\000\040\000B\000o\000u\000n\000d\000a\000r\000y\000\040\000D\000e\000c\000o\000m\000p\000o\000s\000i\000t\000i\000o\000n}{section.I.3}% 386
\BOOKMARK [2][-]{subsection.I.3.4}{\376\377\000S\000t\000e\000p\000\040\0003\000:\000\040\000E\000x\000p\000l\000i\000c\000i\000t\000\040\000B\000o\000u\000n\000d\000\040\000C\000o\000m\000p\000u\000t\000a\000t\000i\000o\000n}{section.I.3}% 387
\BOOKMARK [2][-]{subsection.I.3.5}{\376\377\000S\000t\000e\000p\000\040\0004\000:\000\040\000R\000e\000s\000o\000l\000u\000t\000i\000o\000n\000\040\000o\000f\000\040\000B\000l\000o\000c\000k\000\040\000S\000i\000z\000e\000\040\000C\000o\000n\000s\000t\000r\000a\000i\000n\000t\000s}{section.I.3}% 388
\BOOKMARK [2][-]{subsection.I.3.6}{\376\377\000S\000t\000e\000p\000\040\0005\000:\000\040\000V\000a\000r\000i\000a\000n\000c\000e\000-\000B\000a\000s\000e\000d\000\040\000T\000r\000a\000n\000s\000p\000o\000r\000t\000\040\000E\000n\000h\000a\000n\000c\000e\000m\000e\000n\000t}{section.I.3}% 389
\BOOKMARK [2][-]{subsection.I.3.7}{\376\377\000M\000a\000i\000n\000\040\000R\000e\000s\000o\000l\000u\000t\000i\000o\000n\000\040\000T\000h\000e\000o\000r\000e\000m}{section.I.3}% 390
\BOOKMARK [2][-]{subsection.I.3.8}{\376\377\000E\000x\000p\000l\000i\000c\000i\000t\000\040\000N\000u\000m\000e\000r\000i\000c\000a\000l\000\040\000B\000o\000u\000n\000d\000s}{section.I.3}% 391
\BOOKMARK [2][-]{subsection.I.3.9}{\376\377\000S\000t\000a\000t\000u\000s\000\040\000R\000e\000s\000o\000l\000u\000t\000i\000o\000n}{section.I.3}% 392
\BOOKMARK [0][-]{appendix.J}{\376\377\000Q\000u\000a\000n\000t\000i\000t\000a\000t\000i\000v\000e\000\040\000V\000e\000r\000i\000f\000i\000c\000a\000t\000i\000o\000n\000\040\000o\000f\000\040\000H\000i\000e\000r\000a\000r\000c\000h\000i\000c\000a\000l\000\040\000L\000S\000I\000\040\000C\000o\000n\000s\000t\000a\000n\000t\000s}{Item.193}% 393
\BOOKMARK [1][-]{section.J.1}{\376\377\000O\000v\000e\000r\000v\000i\000e\000w\000\040\000o\000f\000\040\000R\000e\000q\000u\000i\000r\000e\000d\000\040\000C\000o\000n\000s\000t\000a\000n\000t\000s}{appendix.J}% 394
\BOOKMARK [1][-]{section.J.2}{\376\377\000E\000x\000p\000l\000i\000c\000i\000t\000\040\000D\000e\000f\000i\000n\000i\000t\000i\000o\000n\000s}{appendix.J}% 395
\BOOKMARK [2][-]{subsection.J.2.1}{\376\377\000B\000l\000o\000c\000k\000\040\000D\000i\000m\000e\000n\000s\000i\000o\000n\000s\000\040\000a\000n\000d\000\040\000S\000c\000a\000l\000e\000s}{section.J.2}% 396
\BOOKMARK [2][-]{subsection.J.2.2}{\376\377\000T\000h\000e\000\040\000M\000i\000x\000i\000n\000g\000\040\000C\000o\000n\000s\000t\000a\000n\000t\000\040\000C\000\137\000m\000i\000x}{section.J.2}% 397
\BOOKMARK [2][-]{subsection.J.2.3}{\376\377\000T\000h\000e\000\040\000D\000o\000b\000r\000u\000s\000h\000i\000n\000\040\000C\000o\000e\000f\000f\000i\000c\000i\000e\000n\000t\000\040\000c\000\050\000l\000\051}{section.J.2}% 398
\BOOKMARK [1][-]{section.J.3}{\376\377\000V\000e\000r\000i\000f\000i\000c\000a\000t\000i\000o\000n\000\040\000o\000f\000\040\000C\000o\000n\000t\000r\000a\000c\000t\000i\000o\000n\000\040\000C\000o\000n\000d\000i\000t\000i\000o\000n}{appendix.J}% 399
\BOOKMARK [2][-]{subsection.J.3.1}{\376\377\000T\000r\000a\000n\000s\000p\000o\000r\000t\000\040\000N\000o\000r\000m\000\040\000B\000o\000u\000n\000d}{section.J.3}% 400
\BOOKMARK [2][-]{subsection.J.3.2}{\376\377\000E\000x\000p\000l\000i\000c\000i\000t\000\040\000C\000a\000l\000c\000u\000l\000a\000t\000i\000o\000n}{section.J.3}% 401
\BOOKMARK [2][-]{subsection.J.3.3}{\376\377\000R\000e\000q\000u\000i\000r\000e\000d\000\040\000B\000l\000o\000c\000k\000\040\000S\000i\000z\000e}{section.J.3}% 402
\BOOKMARK [1][-]{section.J.4}{\376\377\000R\000i\000g\000o\000r\000o\000u\000s\000\040\000V\000e\000r\000i\000f\000i\000c\000a\000t\000i\000o\000n\000\040\000T\000h\000e\000o\000r\000e\000m}{appendix.J}% 403
\BOOKMARK [1][-]{section.J.5}{\376\377\000I\000m\000p\000l\000i\000c\000a\000t\000i\000o\000n\000s\000\040\000f\000o\000r\000\040\000t\000h\000e\000\040\000M\000a\000s\000s\000\040\000G\000a\000p}{appendix.J}% 404
\BOOKMARK [0][-]{appendix.K}{\376\377\000C\000o\000n\000t\000i\000n\000u\000u\000m\000\040\000L\000i\000m\000i\000t\000:\000\040\000C\000o\000n\000v\000e\000r\000g\000e\000n\000c\000e\000\040\000a\000n\000d\000\040\000E\000r\000r\000o\000r\000\040\000B\000o\000u\000n\000d\000s}{Item.193}% 405
\BOOKMARK [1][-]{section.K.1}{\376\377\000C\000o\000n\000t\000i\000n\000u\000u\000m\000\040\000L\000i\000m\000i\000t\000:\000\040\000F\000r\000o\000m\000\040\000L\000a\000t\000t\000i\000c\000e\000\040\000G\000a\000p\000\040\000t\000o\000\040\000P\000h\000y\000s\000i\000c\000a\000l\000\040\000M\000a\000s\000s\000\040\000G\000a\000p}{appendix.K}% 406
\BOOKMARK [2][-]{subsection.K.1.1}{\376\377\000E\000x\000t\000e\000n\000s\000i\000o\000n\000\040\0002\000:\000\040\000E\000x\000p\000l\000i\000c\000i\000t\000\040\000D\000e\000r\000i\000v\000a\000t\000i\000o\000n\000\040\000o\000f\000\040\000t\000h\000e\000\040\000C\000o\000n\000t\000i\000n\000u\000u\000m\000\040\000L\000i\000m\000i\000t}{section.K.1}% 407
\BOOKMARK [2][-]{subsection.K.1.2}{\376\377\000A\000s\000y\000m\000p\000t\000o\000t\000i\000c\000\040\000F\000r\000e\000e\000d\000o\000m\000\040\000a\000n\000d\000\040\000t\000h\000e\000\040\000R\000u\000n\000n\000i\000n\000g\000\040\000C\000o\000u\000p\000l\000i\000n\000g}{section.K.1}% 408
\BOOKMARK [2][-]{subsection.K.1.3}{\376\377\000T\000h\000e\000\040\000K\000e\000y\000\040\000D\000i\000f\000f\000i\000c\000u\000l\000t\000y\000:\000\040\000D\000e\000l\000t\000a\000\137\000l\000a\000t\000t\000i\000c\000e\000\040\000t\000o\000\040\0000\000\040\000a\000s\000\040\000b\000e\000t\000a\000\040\000t\000o\000\040\000i\000n\000f\000i\000n\000i\000t\000y}{section.K.1}% 409
\BOOKMARK [2][-]{subsection.K.1.4}{\376\377\000D\000i\000m\000e\000n\000s\000i\000o\000n\000a\000l\000\040\000T\000r\000a\000n\000s\000m\000u\000t\000a\000t\000i\000o\000n}{section.K.1}% 410
\BOOKMARK [2][-]{subsection.K.1.5}{\376\377\000T\000h\000e\000\040\000M\000a\000s\000s\000\040\000G\000a\000p\000\040\000i\000n\000\040\000T\000e\000r\000m\000s\000\040\000o\000f\000\040\000L\000a\000m\000b\000d\000a}{section.K.1}% 411
\BOOKMARK [2][-]{subsection.K.1.6}{\376\377\000O\000s\000t\000e\000r\000w\000a\000l\000d\000e\000r\000-\000S\000c\000h\000r\000a\000d\000e\000r\000\040\000R\000e\000c\000o\000n\000s\000t\000r\000u\000c\000t\000i\000o\000n}{section.K.1}% 412
\BOOKMARK [2][-]{subsection.K.1.7}{\376\377\000M\000a\000s\000s\000\040\000G\000a\000p\000\040\000f\000r\000o\000m\000\040\000S\000p\000e\000c\000t\000r\000a\000l\000\040\000G\000a\000p}{section.K.1}% 413
\BOOKMARK [2][-]{subsection.K.1.8}{\376\377\000T\000a\000k\000i\000n\000g\000\040\000t\000h\000e\000\040\000C\000o\000n\000t\000i\000n\000u\000u\000m\000\040\000L\000i\000m\000i\000t}{section.K.1}% 414
\BOOKMARK [2][-]{subsection.K.1.9}{\376\377\000T\000h\000e\000\040\000P\000h\000y\000s\000i\000c\000a\000l\000\040\000M\000a\000s\000s\000\040\000G\000a\000p}{section.K.1}% 415
\BOOKMARK [2][-]{subsection.K.1.10}{\376\377\000N\000u\000m\000e\000r\000i\000c\000a\000l\000\040\000E\000s\000t\000i\000m\000a\000t\000e\000\040\000o\000f\000\040\000c\000N}{section.K.1}% 416
\BOOKMARK [2][-]{subsection.K.1.11}{\376\377\000S\000u\000m\000m\000a\000r\000y\000:\000\040\000C\000o\000m\000p\000l\000e\000t\000e\000\040\000P\000r\000o\000o\000f\000\040\000S\000t\000r\000u\000c\000t\000u\000r\000e}{section.K.1}% 417
\BOOKMARK [1][-]{section.K.2}{\376\377\000R\000o\000a\000d\000m\000a\000p\000\040\0004\000:\000\040\000T\000h\000e\000\040\000C\000o\000n\000t\000i\000n\000u\000u\000m\000\040\000L\000i\000m\000i\000t\000\040\000P\000a\000t\000h}{appendix.K}% 418
\BOOKMARK [2][-]{subsection.K.2.1}{\376\377\000T\000h\000e\000\040\000P\000r\000o\000b\000l\000e\000m\000:\000\040\000L\000a\000t\000t\000i\000c\000e\000\040\000t\000o\000\040\000C\000o\000n\000t\000i\000n\000u\000u\000m}{section.K.2}% 419
\BOOKMARK [2][-]{subsection.K.2.2}{\376\377\000T\000h\000e\000\040\000S\000t\000r\000a\000t\000e\000g\000y\000:\000\040\000M\000o\000s\000c\000o\000\040\000C\000o\000n\000v\000e\000r\000g\000e\000n\000c\000e}{section.K.2}% 420
\BOOKMARK [2][-]{subsection.K.2.3}{\376\377\000S\000t\000e\000p\000\040\0001\000:\000\040\000I\000n\000t\000r\000i\000n\000s\000i\000c\000\040\000S\000c\000a\000l\000e\000\040\000S\000e\000t\000t\000i\000n\000g}{section.K.2}% 421
\BOOKMARK [2][-]{subsection.K.2.4}{\376\377\000S\000t\000e\000p\000\040\0002\000:\000\040\000T\000h\000e\000\040\000D\000i\000m\000e\000n\000s\000i\000o\000n\000l\000e\000s\000s\000\040\000R\000a\000t\000i\000o}{section.K.2}% 422
\BOOKMARK [2][-]{subsection.K.2.5}{\376\377\000S\000t\000e\000p\000\040\0003\000:\000\040\000M\000o\000s\000c\000o\000\040\000C\000o\000n\000v\000e\000r\000g\000e\000n\000c\000e\000\040\000o\000f\000\040\000D\000i\000r\000i\000c\000h\000l\000e\000t\000\040\000F\000o\000r\000m\000s}{section.K.2}% 423
\BOOKMARK [2][-]{subsection.K.2.6}{\376\377\000S\000t\000e\000p\000\040\0004\000:\000\040\000S\000p\000e\000c\000t\000r\000a\000l\000\040\000P\000e\000r\000m\000a\000n\000e\000n\000c\000e}{section.K.2}% 424
\BOOKMARK [2][-]{subsection.K.2.7}{\376\377\000T\000h\000e\000\040\000O\000s\000t\000e\000r\000w\000a\000l\000d\000e\000r\000-\000S\000c\000h\000r\000a\000d\000e\000r\000\040\000R\000e\000c\000o\000n\000s\000t\000r\000u\000c\000t\000i\000o\000n}{section.K.2}% 425
\BOOKMARK [2][-]{subsection.K.2.8}{\376\377\000S\000y\000m\000a\000n\000z\000i\000k\000\040\000I\000m\000p\000r\000o\000v\000e\000m\000e\000n\000t\000\040\000a\000n\000d\000\040\000R\000o\000t\000a\000t\000i\000o\000n\000a\000l\000\040\000S\000y\000m\000m\000e\000t\000r\000y}{section.K.2}% 426
\BOOKMARK [2][-]{subsection.K.2.9}{\376\377\000S\000u\000m\000m\000a\000r\000y\000:\000\040\000C\000o\000n\000t\000i\000n\000u\000u\000m\000\040\000L\000i\000m\000i\000t\000\040\000P\000a\000t\000h}{section.K.2}% 427
\BOOKMARK [2][-]{subsection.K.2.10}{\376\377\000C\000o\000n\000n\000e\000c\000t\000i\000o\000n\000\040\000t\000o\000\040\000O\000t\000h\000e\000r\000\040\000R\000o\000a\000d\000m\000a\000p\000s}{section.K.2}% 428
\BOOKMARK [1][-]{section.K.3}{\376\377\000C\000o\000n\000t\000i\000n\000u\000u\000m\000\040\000L\000i\000m\000i\000t\000\040\000v\000i\000a\000\040\000M\000o\000s\000c\000o\000\040\000C\000o\000n\000v\000e\000r\000g\000e\000n\000c\000e\000:\000\040\000S\000p\000e\000c\000t\000r\000a\000l\000\040\000P\000e\000r\000m\000a\000n\000e\000n\000c\000e}{appendix.K}% 429
\BOOKMARK [2][-]{subsection.K.3.1}{\376\377\000T\000h\000e\000\040\000C\000o\000n\000t\000i\000n\000u\000u\000m\000\040\000L\000i\000m\000i\000t\000\040\000P\000r\000o\000b\000l\000e\000m}{section.K.3}% 430
\BOOKMARK [2][-]{subsection.K.3.2}{\376\377\000R\000i\000g\000o\000r\000o\000u\000s\000\040\000F\000r\000a\000m\000e\000w\000o\000r\000k\000:\000\040\000G\000e\000n\000e\000r\000a\000l\000i\000z\000e\000d\000\040\000M\000o\000s\000c\000o\000\040\000C\000o\000n\000v\000e\000r\000g\000e\000n\000c\000e}{section.K.3}% 431
\BOOKMARK [2][-]{subsection.K.3.3}{\376\377\000V\000e\000r\000i\000f\000i\000c\000a\000t\000i\000o\000n\000\040\000o\000f\000\040\000M\000o\000s\000c\000o\000\040\000C\000o\000n\000v\000e\000r\000g\000e\000n\000c\000e\000\040\000f\000o\000r\000\040\000Y\000a\000n\000g\000-\000M\000i\000l\000l\000s}{section.K.3}% 432
\BOOKMARK [2][-]{subsection.K.3.4}{\376\377\000N\000o\000n\000-\000T\000r\000i\000v\000i\000a\000l\000:\000\040\000M\000e\000a\000s\000u\000r\000e\000\040\000C\000o\000n\000v\000e\000r\000g\000e\000n\000c\000e}{section.K.3}% 433
\BOOKMARK [2][-]{subsection.K.3.5}{\376\377\000M\000a\000i\000n\000\040\000R\000e\000s\000u\000l\000t\000:\000\040\000C\000o\000n\000t\000i\000n\000u\000u\000m\000\040\000M\000a\000s\000s\000\040\000G\000a\000p}{section.K.3}% 434
\BOOKMARK [2][-]{subsection.K.3.6}{\376\377\000A\000l\000t\000e\000r\000n\000a\000t\000i\000v\000e\000:\000\040\000D\000i\000r\000e\000c\000t\000\040\000C\000o\000n\000t\000i\000n\000u\000u\000m\000\040\000C\000o\000n\000s\000t\000r\000u\000c\000t\000i\000o\000n}{section.K.3}% 435
\BOOKMARK [2][-]{subsection.K.3.7}{\376\377\000D\000i\000m\000e\000n\000s\000i\000o\000n\000a\000l\000\040\000T\000r\000a\000n\000s\000m\000u\000t\000a\000t\000i\000o\000n}{section.K.3}% 436
\BOOKMARK [2][-]{subsection.K.3.8}{\376\377\000S\000u\000m\000m\000a\000r\000y\000\040\000o\000f\000\040\000C\000o\000n\000t\000i\000n\000u\000u\000m\000\040\000L\000i\000m\000i\000t}{section.K.3}% 437
\BOOKMARK [1][-]{section.K.4}{\376\377\000R\000e\000s\000o\000l\000u\000t\000i\000o\000n\000\040\000o\000f\000\040\000t\000h\000e\000\040\000C\000r\000i\000t\000i\000c\000a\000l\000\040\000G\000a\000p\000:\000\040\000C\000o\000n\000t\000i\000n\000u\000u\000m\000\040\000S\000c\000a\000l\000i\000n\000g}{appendix.K}% 438
\BOOKMARK [2][-]{subsection.K.4.1}{\376\377\000S\000t\000a\000t\000e\000m\000e\000n\000t\000\040\000o\000f\000\040\000t\000h\000e\000\040\000C\000r\000i\000t\000i\000c\000a\000l\000\040\000P\000r\000o\000b\000l\000e\000m}{section.K.4}% 439
\BOOKMARK [2][-]{subsection.K.4.2}{\376\377\000T\000h\000e\000\040\000G\000i\000l\000e\000s\000-\000T\000e\000p\000e\000r\000\040\000R\000e\000s\000o\000l\000u\000t\000i\000o\000n}{section.K.4}% 440
\BOOKMARK [2][-]{subsection.K.4.3}{\376\377\000R\000i\000g\000o\000r\000o\000u\000s\000\040\000E\000r\000r\000o\000r\000\040\000A\000n\000a\000l\000y\000s\000i\000s}{section.K.4}% 441
\BOOKMARK [2][-]{subsection.K.4.4}{\376\377\000T\000h\000e\000\040\000C\000o\000m\000p\000l\000e\000t\000e\000\040\000C\000o\000n\000t\000i\000n\000u\000u\000m\000\040\000T\000h\000e\000o\000r\000e\000m}{section.K.4}% 442
\BOOKMARK [2][-]{subsection.K.4.5}{\376\377\000V\000e\000r\000i\000f\000i\000c\000a\000t\000i\000o\000n\000\040\000o\000f\000\040\000r\000i\000g\000o\000r\000o\000u\000s\000\040\000s\000t\000a\000n\000d\000a\000r\000d\000\040\000R\000e\000q\000u\000i\000r\000e\000m\000e\000n\000t\000s}{section.K.4}% 443
\BOOKMARK [2][-]{subsection.K.4.6}{\376\377\000R\000e\000m\000a\000i\000n\000i\000n\000g\000\040\000T\000e\000c\000h\000n\000i\000c\000a\000l\000\040\000D\000e\000t\000a\000i\000l\000s}{section.K.4}% 444
\BOOKMARK [2][-]{subsection.K.4.7}{\376\377\000F\000i\000n\000a\000l\000\040\000S\000t\000a\000t\000u\000s}{section.K.4}% 445
\BOOKMARK [1][-]{section.K.5}{\376\377\000R\000i\000g\000o\000r\000o\000u\000s\000\040\000C\000o\000n\000t\000i\000n\000u\000u\000m\000\040\000L\000i\000m\000i\000t\000\040\000w\000i\000t\000h\000\040\000E\000x\000p\000l\000i\000c\000i\000t\000\040\000E\000r\000r\000o\000r\000\040\000B\000o\000u\000n\000d\000s}{appendix.K}% 446
\BOOKMARK [2][-]{subsection.K.5.1}{\376\377\000S\000t\000a\000t\000e\000m\000e\000n\000t\000\040\000o\000f\000\040\000R\000e\000s\000u\000l\000t\000s}{section.K.5}% 447
\BOOKMARK [2][-]{subsection.K.5.2}{\376\377\000P\000r\000o\000o\000f\000\040\000o\000f\000\040\000E\000x\000i\000s\000t\000e\000n\000c\000e\000\040\000\050\000P\000a\000r\000t\000\040\000i\000\051\000\040\000w\000i\000t\000h\000\040\000S\000t\000r\000i\000c\000t\000\040\000I\000n\000e\000q\000u\000a\000l\000i\000t\000i\000e\000s}{section.K.5}% 448
\BOOKMARK [2][-]{subsection.K.5.3}{\376\377\000F\000r\000a\000m\000e\000w\000o\000r\000k\000\040\000f\000o\000r\000\040\000E\000x\000a\000c\000t\000\040\000V\000a\000l\000u\000e\000\040\000\050\000P\000a\000r\000t\000\040\000i\000i\000\051}{section.K.5}% 449
\BOOKMARK [2][-]{subsection.K.5.4}{\376\377\000P\000r\000o\000o\000f\000\040\000o\000f\000\040\000C\000o\000n\000v\000e\000r\000g\000e\000n\000c\000e\000\040\000R\000a\000t\000e\000\040\000\050\000P\000a\000r\000t\000\040\000i\000i\000i\000\051}{section.K.5}% 450
\BOOKMARK [2][-]{subsection.K.5.5}{\376\377\000E\000x\000p\000l\000i\000c\000i\000t\000\040\000C\000o\000n\000s\000t\000a\000n\000t\000s}{section.K.5}% 451
\BOOKMARK [2][-]{subsection.K.5.6}{\376\377\000A\000s\000y\000m\000p\000t\000o\000t\000i\000c\000\040\000S\000h\000a\000r\000p\000n\000e\000s\000s\000\040\000-\000\040\000N\000o\000w\000\040\000R\000i\000g\000o\000r\000o\000u\000s}{section.K.5}% 452
\BOOKMARK [2][-]{subsection.K.5.7}{\376\377\000S\000u\000m\000m\000a\000r\000y\000\040\000o\000f\000\040\000R\000e\000s\000u\000l\000t\000s}{section.K.5}% 453
\BOOKMARK [2][-]{subsection.K.5.8}{\376\377\000R\000e\000f\000i\000n\000e\000d\000\040\000N\000u\000m\000e\000r\000i\000c\000a\000l\000\040\000P\000r\000e\000d\000i\000c\000t\000i\000o\000n}{section.K.5}% 454
\BOOKMARK [2][-]{subsection.K.5.9}{\376\377\000T\000e\000c\000h\000n\000i\000c\000a\000l\000\040\000L\000e\000m\000m\000a\000s}{section.K.5}% 455
\BOOKMARK [2][-]{subsection.K.5.10}{\376\377\000F\000i\000n\000a\000l\000\040\000S\000t\000a\000t\000e\000m\000e\000n\000t}{section.K.5}% 456
\BOOKMARK [1][-]{section.K.6}{\376\377\000R\000i\000g\000o\000r\000o\000u\000s\000\040\000C\000o\000n\000t\000i\000n\000u\000u\000m\000\040\000E\000r\000r\000o\000r\000\040\000B\000o\000u\000n\000d\000s\000\040\000\050\000S\000u\000p\000p\000l\000e\000m\000e\000n\000t\000a\000r\000y\000\051}{appendix.K}% 457
\BOOKMARK [2][-]{subsection.K.6.1}{\376\377\000S\000y\000m\000a\000n\000z\000i\000k\000\040\000I\000m\000p\000r\000o\000v\000e\000m\000e\000n\000t\000\040\000a\000n\000d\000\040\000E\000r\000r\000o\000r\000\040\000E\000s\000t\000i\000m\000a\000t\000e\000s}{section.K.6}% 458
\BOOKMARK [2][-]{subsection.K.6.2}{\376\377\000E\000x\000p\000l\000i\000c\000i\000t\000\040\000C\000o\000n\000s\000t\000a\000n\000t\000s\000\040\000f\000o\000r\000\040\000S\000U\000\050\0003\000\051}{section.K.6}% 459
\BOOKMARK [2][-]{subsection.K.6.3}{\376\377\000F\000i\000n\000i\000t\000e\000\040\000V\000o\000l\000u\000m\000e\000\040\000C\000o\000r\000r\000e\000c\000t\000i\000o\000n\000s}{section.K.6}% 460
\BOOKMARK [0][-]{appendix.L}{\376\377\000G\000i\000l\000e\000s\040\023\000T\000e\000p\000e\000r\000\040\000B\000o\000u\000n\000d\000:\000\040\000C\000o\000m\000p\000l\000e\000t\000e\000\040\000A\000n\000a\000l\000y\000s\000i\000s}{Item.193}% 461
\BOOKMARK [1][-]{section.L.1}{\376\377\000T\000h\000e\000\040\000G\000e\000o\000m\000e\000t\000r\000i\000c\000\040\000M\000a\000s\000s\000\040\000G\000a\000p\000:\000\040\000R\000i\000g\000o\000r\000o\000u\000s\000\040\000G\000i\000l\000e\000s\000-\000T\000e\000p\000e\000r\000\040\000B\000o\000u\000n\000d}{appendix.L}% 462
\BOOKMARK [2][-]{subsection.L.1.1}{\376\377\000M\000a\000i\000n\000\040\000T\000h\000e\000o\000r\000e\000m\000\040\000S\000t\000a\000t\000e\000m\000e\000n\000t}{section.L.1}% 463
\BOOKMARK [2][-]{subsection.L.1.2}{\376\377\000P\000r\000e\000l\000i\000m\000i\000n\000a\000r\000y\000:\000\040\000T\000r\000a\000n\000s\000f\000e\000r\000\040\000M\000a\000t\000r\000i\000x\000\040\000F\000o\000r\000m\000a\000l\000i\000s\000m}{section.L.1}% 464
\BOOKMARK [2][-]{subsection.L.1.3}{\376\377\000S\000t\000e\000p\000\040\0001\000:\000\040\000V\000a\000r\000i\000a\000t\000i\000o\000n\000a\000l\000\040\000C\000h\000a\000r\000a\000c\000t\000e\000r\000i\000z\000a\000t\000i\000o\000n}{section.L.1}% 465
\BOOKMARK [2][-]{subsection.L.1.4}{\376\377\000S\000t\000e\000p\000\040\0002\000:\000\040\000F\000l\000u\000x\000\040\000T\000u\000b\000e\000\040\000T\000r\000i\000a\000l\000\040\000S\000t\000a\000t\000e}{section.L.1}% 466
\BOOKMARK [2][-]{subsection.L.1.5}{\376\377\000S\000t\000e\000p\000\040\0003\000:\000\040\000E\000n\000e\000r\000g\000y\000\040\000o\000f\000\040\000F\000l\000u\000x\000\040\000T\000u\000b\000e}{section.L.1}% 467
\BOOKMARK [2][-]{subsection.L.1.6}{\376\377\000S\000t\000e\000p\000\040\0004\000:\000\040\000V\000a\000r\000i\000a\000t\000i\000o\000n\000a\000l\000\040\000U\000p\000p\000e\000r\000\040\000B\000o\000u\000n\000d}{section.L.1}% 468
\BOOKMARK [2][-]{subsection.L.1.7}{\376\377\000S\000t\000e\000p\000\040\0005\000:\000\040\000R\000i\000g\000o\000r\000o\000u\000s\000\040\000L\000o\000w\000e\000r\000\040\000B\000o\000u\000n\000d\000\040\000v\000i\000a\000\040\000E\000u\000c\000l\000i\000d\000e\000a\000n\000\040\000D\000e\000c\000a\000y}{section.L.1}% 469
\BOOKMARK [2][-]{subsection.L.1.8}{\376\377\000R\000i\000g\000o\000r\000o\000u\000s\000\040\000J\000u\000s\000t\000i\000f\000i\000c\000a\000t\000i\000o\000n\000:\000\040\000R\000e\000f\000l\000e\000c\000t\000i\000o\000n\000\040\000P\000o\000s\000i\000t\000i\000v\000i\000t\000y}{section.L.1}% 470
\BOOKMARK [2][-]{subsection.L.1.9}{\376\377\000N\000u\000m\000e\000r\000i\000c\000a\000l\000\040\000V\000e\000r\000i\000f\000i\000c\000a\000t\000i\000o\000n}{section.L.1}% 471
\BOOKMARK [1][-]{section.L.2}{\376\377\000S\000u\000p\000p\000l\000e\000m\000e\000n\000t\000a\000r\000y\000\040\000N\000o\000t\000e\000\040\000o\000n\000\040\000U\000n\000i\000v\000e\000r\000s\000a\000l\000\040\000S\000c\000a\000l\000i\000n\000g\000\040\000a\000n\000d\000\040\000R\000i\000g\000o\000r\000o\000u\000s\000\040\000C\000a\000s\000i\000m\000i\000r\000s}{appendix.L}% 472
\BOOKMARK [2][-]{subsection.L.2.1}{\376\377\000R\000e\000f\000i\000n\000e\000d\000\040\000T\000h\000e\000o\000r\000e\000m\000\040\000R\000.\0001\0003\0000\000.\0003\000\040\000\050\000U\000n\000i\000v\000e\000r\000s\000a\000l\000\040\000S\000c\000a\000l\000i\000n\000g\000\040\000o\000f\000\040\000t\000h\000e\000\040\000G\000a\000p\000\051}{section.L.2}% 473
\BOOKMARK [1][-]{section.L.3}{\376\377\000T\000h\000e\000\040\000G\000i\000l\000e\000s\000-\000T\000e\000p\000e\000r\000\040\000C\000o\000n\000s\000t\000a\000n\000t\000:\000\040\000R\000i\000g\000o\000r\000o\000u\000s\000\040\000A\000n\000a\000l\000y\000s\000i\000s}{appendix.L}% 474
\BOOKMARK [2][-]{subsection.L.3.1}{\376\377\000S\000u\000m\000m\000a\000r\000y\000\040\000o\000f\000\040\000R\000e\000s\000u\000l\000t\000s}{section.L.3}% 475
\BOOKMARK [2][-]{subsection.L.3.2}{\376\377\000D\000e\000r\000i\000v\000a\000t\000i\000o\000n}{section.L.3}% 476
\BOOKMARK [2][-]{subsection.L.3.3}{\376\377\000R\000i\000g\000o\000r\000o\000u\000s\000\040\000L\000o\000w\000e\000r\000\040\000B\000o\000u\000n\000d\000\040\000v\000i\000a\000\040\000C\000h\000e\000e\000g\000e\000r\000-\000B\000u\000s\000e\000r\000\040\000I\000n\000e\000q\000u\000a\000l\000i\000t\000y}{section.L.3}% 477
\BOOKMARK [2][-]{subsection.L.3.4}{\376\377\000R\000i\000g\000o\000r\000o\000u\000s\000\040\000L\000o\000w\000e\000r\000\040\000B\000o\000u\000n\000d\000\040\000v\000i\000a\000\040\000C\000h\000e\000e\000g\000e\000r\000-\000B\000u\000s\000e\000r\000\040\000I\000n\000e\000q\000u\000a\000l\000i\000t\000y}{section.L.3}% 478
\BOOKMARK [2][-]{subsection.L.3.5}{\376\377\000T\000h\000e\000\040\000L\000\374\000s\000c\000h\000e\000r\000\040\000T\000e\000r\000m\000\040\000-\000\040\000R\000i\000g\000o\000r\000o\000u\000s}{section.L.3}% 479
\BOOKMARK [2][-]{subsection.L.3.6}{\376\377\000L\000o\000w\000e\000r\000\040\000B\000o\000u\000n\000d\000\040\000o\000n\000\040\000c\000\040\000f\000r\000o\000m\000\040\000L\000\374\000s\000c\000h\000e\000r\000\040\000T\000e\000r\000m}{section.L.3}% 480
\BOOKMARK [2][-]{subsection.L.3.7}{\376\377\000T\000h\000e\000\040\000E\000x\000p\000l\000i\000c\000i\000t\000\040\000C\000o\000n\000s\000t\000a\000n\000t\000\040\000F\000o\000r\000m\000u\000l\000a}{section.L.3}% 481
\BOOKMARK [2][-]{subsection.L.3.8}{\376\377\000O\000r\000i\000g\000i\000n\000\040\000o\000f\000\040\000t\000h\000e\000\040\000F\000o\000r\000m\000u\000l\000a\000\040\000c\000N\000\040\000>\000=\000\040\0002\000/\000N}{section.L.3}% 482
\BOOKMARK [2][-]{subsection.L.3.9}{\376\377\000D\000e\000r\000i\000v\000a\000t\000i\000o\000n\000\040\000o\000f\000\040\000t\000h\000e\000\040\000C\000o\000n\000s\000t\000a\000n\000t}{section.L.3}% 483
\BOOKMARK [2][-]{subsection.L.3.10}{\376\377\000I\000m\000p\000a\000c\000t\000\040\000o\000n\000\040\000M\000a\000s\000s\000\040\000G\000a\000p\000\040\000P\000r\000o\000o\000f}{section.L.3}% 484
\BOOKMARK [2][-]{subsection.L.3.11}{\376\377\000R\000e\000f\000e\000r\000e\000n\000c\000e\000s}{section.L.3}% 485
\BOOKMARK [0][-]{appendix.M}{\376\377\000R\000e\000n\000o\000r\000m\000a\000l\000i\000z\000a\000t\000i\000o\000n\000\040\000G\000r\000o\000u\000p\000\040\000A\000n\000a\000l\000y\000s\000i\000s}{Item.193}% 486
\BOOKMARK [1][-]{section.M.1}{\376\377\000R\000i\000g\000o\000r\000o\000u\000s\000\040\000N\000o\000n\000-\000P\000e\000r\000t\000u\000r\000b\000a\000t\000i\000v\000e\000\040\000S\000c\000a\000l\000e\000\040\000S\000e\000t\000t\000i\000n\000g}{appendix.M}% 487
\BOOKMARK [2][-]{subsection.M.1.1}{\376\377\000T\000h\000e\000\040\000S\000c\000a\000l\000e\000\040\000S\000e\000t\000t\000i\000n\000g\000\040\000P\000r\000o\000b\000l\000e\000m}{section.M.1}% 488
\BOOKMARK [2][-]{subsection.M.1.2}{\376\377\000C\000a\000n\000o\000n\000i\000c\000a\000l\000\040\000S\000c\000a\000l\000e\000\040\000S\000e\000t\000t\000i\000n\000g\000\040\000v\000i\000a\000\040\000S\000t\000r\000i\000n\000g\000\040\000T\000e\000n\000s\000i\000o\000n}{section.M.1}% 489
\BOOKMARK [2][-]{subsection.M.1.3}{\376\377\000I\000n\000d\000e\000p\000e\000n\000d\000e\000n\000c\000e\000\040\000o\000f\000\040\000S\000c\000a\000l\000e\000\040\000C\000h\000o\000i\000c\000e}{section.M.1}% 490
\BOOKMARK [2][-]{subsection.M.1.4}{\376\377\000D\000i\000m\000e\000n\000s\000i\000o\000n\000a\000l\000\040\000T\000r\000a\000n\000s\000m\000u\000t\000a\000t\000i\000o\000n\000:\000\040\000R\000i\000g\000o\000r\000o\000u\000s\000\040\000S\000t\000a\000t\000e\000m\000e\000n\000t}{section.M.1}% 491
\BOOKMARK [2][-]{subsection.M.1.5}{\376\377\000O\000t\000h\000e\000r\000\040\000G\000a\000u\000g\000e\000\040\000G\000r\000o\000u\000p\000s}{section.M.1}% 492
\BOOKMARK [2][-]{subsection.M.1.6}{\376\377\000D\000i\000m\000e\000n\000s\000i\000o\000n\000a\000l\000\040\000V\000a\000r\000i\000a\000t\000i\000o\000n\000s}{section.M.1}% 493
\BOOKMARK [2][-]{subsection.M.1.7}{\376\377\000C\000o\000n\000n\000e\000c\000t\000i\000o\000n\000s\000\040\000t\000o\000\040\000O\000t\000h\000e\000r\000\040\000P\000r\000o\000b\000l\000e\000m\000s}{section.M.1}% 494
\BOOKMARK [2][-]{subsection.M.1.8}{\376\377\000M\000e\000t\000h\000o\000d\000o\000l\000o\000g\000i\000c\000a\000l\000\040\000E\000x\000t\000e\000n\000s\000i\000o\000n\000s}{section.M.1}% 495
\BOOKMARK [2][-]{subsection.M.1.9}{\376\377\000P\000h\000y\000s\000i\000c\000a\000l\000\040\000I\000m\000p\000l\000i\000c\000a\000t\000i\000o\000n\000s}{section.M.1}% 496
\BOOKMARK [2][-]{subsection.M.1.10}{\376\377\000D\000i\000r\000e\000c\000t\000i\000o\000n\000s\000\040\000f\000o\000r\000\040\000F\000u\000r\000t\000h\000e\000r\000\040\000R\000e\000s\000e\000a\000r\000c\000h}{section.M.1}% 497
\BOOKMARK [1][-]{section.M.2}{\376\377\000R\000e\000n\000o\000r\000m\000a\000l\000i\000z\000a\000t\000i\000o\000n\000\040\000G\000r\000o\000u\000p\000\040\000A\000n\000a\000l\000y\000s\000i\000s}{appendix.M}% 498
\BOOKMARK [2][-]{subsection.M.2.1}{\376\377\000B\000l\000o\000c\000k\000\040\000S\000p\000i\000n\000\040\000R\000e\000n\000o\000r\000m\000a\000l\000i\000z\000a\000t\000i\000o\000n}{section.M.2}% 499
\BOOKMARK [2][-]{subsection.M.2.2}{\376\377\000R\000G\000\040\000I\000n\000v\000a\000r\000i\000a\000n\000t\000\040\000M\000a\000s\000s}{section.M.2}% 500
\BOOKMARK [2][-]{subsection.M.2.3}{\376\377\000F\000i\000x\000e\000d\000\040\000P\000o\000i\000n\000t\000\040\000S\000t\000r\000u\000c\000t\000u\000r\000e}{section.M.2}% 501
\BOOKMARK [2][-]{subsection.M.2.4}{\376\377\000D\000i\000m\000e\000n\000s\000i\000o\000n\000a\000l\000\040\000T\000r\000a\000n\000s\000m\000u\000t\000a\000t\000i\000o\000n}{section.M.2}% 502
\BOOKMARK [1][-]{section.M.3}{\376\377\000T\000h\000e\000\040\000I\000n\000t\000r\000i\000n\000s\000i\000c\000\040\000S\000c\000a\000l\000e\000\040\000M\000e\000t\000h\000o\000d\000:\000\040\000B\000r\000i\000d\000g\000i\000n\000g\000\040\000L\000a\000t\000t\000i\000c\000e\000\040\000t\000o\000\040\000C\000o\000n\000t\000i\000n\000u\000u\000m}{appendix.M}% 503
\BOOKMARK [2][-]{subsection.M.3.1}{\376\377\000T\000h\000e\000\040\000C\000o\000r\000e\000\040\000P\000r\000o\000b\000l\000e\000m\000\040\000a\000n\000d\000\040\000I\000t\000s\000\040\000S\000o\000l\000u\000t\000i\000o\000n}{section.M.3}% 504
\BOOKMARK [2][-]{subsection.M.3.2}{\376\377\000T\000h\000e\000\040\000S\000p\000e\000c\000t\000r\000a\000l\000\040\000R\000a\000t\000i\000o\000\040\000a\000n\000d\000\040\000I\000t\000s\000\040\000P\000r\000o\000p\000e\000r\000t\000i\000e\000s}{section.M.3}% 505
\BOOKMARK [2][-]{subsection.M.3.3}{\376\377\000T\000h\000e\000\040\000P\000h\000y\000s\000i\000c\000a\000l\000\040\000M\000a\000s\000s\000\040\000G\000a\000p}{section.M.3}% 506
\BOOKMARK [2][-]{subsection.M.3.4}{\376\377\000T\000h\000e\000\040\000C\000o\000n\000f\000i\000n\000e\000m\000e\000n\000t\000\040\000F\000u\000n\000c\000t\000i\000o\000n\000a\000l\000\040\000A\000p\000p\000r\000o\000a\000c\000h}{section.M.3}% 507
\BOOKMARK [2][-]{subsection.M.3.5}{\376\377\000T\000h\000e\000\040\000C\000e\000n\000t\000r\000a\000l\000\040\000N\000e\000w\000\040\000R\000e\000s\000u\000l\000t\000:\000\040\000S\000p\000e\000c\000t\000r\000a\000l\000\040\000R\000a\000t\000i\000o\000\040\000C\000o\000n\000v\000e\000r\000g\000e\000n\000c\000e}{section.M.3}% 508
\BOOKMARK [2][-]{subsection.M.3.6}{\376\377\000I\000n\000t\000r\000i\000n\000s\000i\000c\000\040\000S\000c\000a\000l\000e\000\040\000v\000i\000a\000\040\000S\000p\000e\000c\000t\000r\000a\000l\000\040\000P\000e\000r\000m\000a\000n\000e\000n\000c\000e}{section.M.3}% 509
\BOOKMARK [2][-]{subsection.M.3.7}{\376\377\000C\000a\000t\000e\000g\000o\000r\000i\000c\000a\000l\000\040\000F\000o\000r\000m\000u\000l\000a\000t\000i\000o\000n}{section.M.3}% 510
\BOOKMARK [1][-]{section.M.4}{\376\377\000R\000i\000g\000o\000r\000o\000u\000s\000\040\000B\000a\000l\000a\000b\000a\000n\000\040\000B\000o\000u\000n\000d\000s\000\040\000a\000n\000d\000\040\000C\000o\000n\000t\000i\000n\000u\000u\000m\000\040\000L\000i\000m\000i\000t}{appendix.M}% 511
\BOOKMARK [2][-]{subsection.M.4.1}{\376\377\000B\000a\000l\000a\000b\000a\000n\000'\000s\000\040\000L\000a\000r\000g\000e\000/\000S\000m\000a\000l\000l\000\040\000F\000i\000e\000l\000d\000\040\000D\000e\000c\000o\000m\000p\000o\000s\000i\000t\000i\000o\000n}{section.M.4}% 512
\BOOKMARK [2][-]{subsection.M.4.2}{\376\377\000R\000a\000t\000i\000o\000\040\000C\000o\000n\000v\000e\000r\000g\000e\000n\000c\000e\000\040\000a\000n\000d\000\040\000C\000o\000n\000t\000i\000n\000u\000u\000m\000\040\000N\000o\000n\000-\000T\000r\000i\000v\000i\000a\000l\000i\000t\000y}{section.M.4}% 513
\BOOKMARK [0][-]{appendix.N}{\376\377\000I\000n\000t\000e\000r\000m\000e\000d\000i\000a\000t\000e\000\040\000C\000o\000u\000p\000l\000i\000n\000g\000\040\000R\000e\000g\000i\000m\000e}{Item.193}% 514
\BOOKMARK [1][-]{section.N.1}{\376\377\000T\000h\000e\000\040\000I\000n\000t\000e\000r\000m\000e\000d\000i\000a\000t\000e\000\040\000C\000o\000u\000p\000l\000i\000n\000g\000\040\000R\000e\000g\000i\000m\000e}{appendix.N}% 515
\BOOKMARK [2][-]{subsection.N.1.1}{\376\377\000E\000x\000t\000e\000n\000s\000i\000o\000n\000\040\0001\000:\000\040\000R\000i\000g\000o\000r\000o\000u\000s\000\040\000C\000l\000o\000s\000u\000r\000e\000\040\000o\000f\000\040\000t\000h\000e\000\040\000I\000n\000t\000e\000r\000m\000e\000d\000i\000a\000t\000e\000\040\000C\000o\000u\000p\000l\000i\000n\000g\000\040\000G\000a\000p}{section.N.1}% 516
\BOOKMARK [2][-]{subsection.N.1.2}{\376\377\000M\000e\000t\000h\000o\000d\000\040\0002\000:\000\040\000C\000h\000e\000e\000g\000e\000r\000\040\000I\000s\000o\000p\000e\000r\000i\000m\000e\000t\000r\000i\000c\000\040\000B\000o\000u\000n\000d\000s}{section.N.1}% 517
\BOOKMARK [2][-]{subsection.N.1.3}{\376\377\000M\000e\000t\000h\000o\000d\000\040\0003\000:\000\040\000C\000o\000n\000v\000e\000x\000i\000t\000y\000\040\000I\000n\000t\000e\000r\000p\000o\000l\000a\000t\000i\000o\000n}{section.N.1}% 518
\BOOKMARK [1][-]{section.N.2}{\376\377\000C\000o\000m\000p\000l\000e\000t\000e\000\040\000P\000r\000o\000o\000f\000s\000:\000\040\000I\000n\000t\000e\000r\000m\000e\000d\000i\000a\000t\000e\000\040\000C\000o\000u\000p\000l\000i\000n\000g\000\040\000C\000o\000n\000t\000r\000o\000l}{appendix.N}% 519
\BOOKMARK [2][-]{subsection.N.2.1}{\376\377\000F\000o\000u\000n\000d\000a\000t\000i\000o\000n\000a\000l\000\040\000R\000e\000s\000u\000l\000t\000s\000:\000\040\000L\000S\000I\000\040\000o\000n\000\040\000C\000o\000m\000p\000a\000c\000t\000\040\000G\000r\000o\000u\000p\000s}{section.N.2}% 520
\BOOKMARK [2][-]{subsection.N.2.2}{\376\377\000T\000e\000n\000s\000o\000r\000i\000z\000a\000t\000i\000o\000n\000\040\000o\000f\000\040\000L\000o\000g\000-\000S\000o\000b\000o\000l\000e\000v\000\040\000I\000n\000e\000q\000u\000a\000l\000i\000t\000i\000e\000s}{section.N.2}% 521
\BOOKMARK [2][-]{subsection.N.2.3}{\376\377\000H\000o\000l\000l\000e\000y\000-\000S\000t\000r\000o\000o\000c\000k\000\040\000P\000e\000r\000t\000u\000r\000b\000a\000t\000i\000o\000n\000:\000\040\000C\000o\000m\000p\000l\000e\000t\000e\000\040\000P\000r\000o\000o\000f}{section.N.2}% 522
\BOOKMARK [2][-]{subsection.N.2.4}{\376\377\000C\000o\000n\000d\000i\000t\000i\000o\000n\000a\000l\000\040\000L\000o\000g\000-\000S\000o\000b\000o\000l\000e\000v\000\040\000I\000n\000e\000q\000u\000a\000l\000i\000t\000y\000:\000\040\000C\000o\000m\000p\000l\000e\000t\000e\000\040\000P\000r\000o\000o\000f}{section.N.2}% 523
\BOOKMARK [2][-]{subsection.N.2.5}{\376\377\000Z\000e\000g\000a\000r\000l\000i\000n\000s\000k\000i\000'\000s\000\040\0001\000D\000\040\000L\000S\000I\000:\000\040\000C\000o\000m\000p\000l\000e\000t\000e\000\040\000P\000r\000o\000o\000f\000\040\000o\000f\000\040\000B\000a\000s\000e\000\040\000C\000a\000s\000e}{section.N.2}% 524
\BOOKMARK [2][-]{subsection.N.2.6}{\376\377\000D\000i\000m\000e\000n\000s\000i\000o\000n\000a\000l\000\040\000R\000e\000d\000u\000c\000t\000i\000o\000n\000:\000\040\000C\000o\000m\000p\000l\000e\000t\000e\000\040\000P\000r\000o\000o\000f}{section.N.2}% 525
\BOOKMARK [1][-]{section.N.3}{\376\377\000I\000n\000t\000e\000r\000m\000e\000d\000i\000a\000t\000e\000\040\000C\000o\000u\000p\000l\000i\000n\000g\000:\000\040\000R\000i\000g\000o\000r\000o\000u\000s\000\040\000N\000o\000n\000-\000C\000i\000r\000c\000u\000l\000a\000r\000\040\000T\000r\000e\000a\000t\000m\000e\000n\000t}{appendix.N}% 526
\BOOKMARK [2][-]{subsection.N.3.1}{\376\377\000T\000h\000e\000\040\000P\000r\000o\000b\000l\000e\000m\000\040\000w\000i\000t\000h\000\040\000t\000h\000e\000\040\000P\000r\000e\000v\000i\000o\000u\000s\000\040\000A\000p\000p\000r\000o\000a\000c\000h}{section.N.3}% 527
\BOOKMARK [2][-]{subsection.N.3.2}{\376\377\000S\000t\000r\000a\000t\000e\000g\000y\000:\000\040\000I\000n\000t\000e\000r\000p\000o\000l\000a\000t\000i\000o\000n\000\040\000B\000e\000t\000w\000e\000e\000n\000\040\000R\000e\000g\000i\000m\000e\000s}{section.N.3}% 528
\BOOKMARK [2][-]{subsection.N.3.3}{\376\377\000T\000h\000e\000\040\000F\000i\000n\000i\000t\000e\000-\000V\000o\000l\000u\000m\000e\000\040\000A\000p\000p\000r\000o\000a\000c\000h}{section.N.3}% 529
\BOOKMARK [2][-]{subsection.N.3.4}{\376\377\000T\000h\000e\000\040\000M\000o\000n\000o\000t\000o\000n\000i\000c\000i\000t\000y\000\040\000A\000r\000g\000u\000m\000e\000n\000t}{section.N.3}% 530
\BOOKMARK [2][-]{subsection.N.3.5}{\376\377\000B\000o\000o\000t\000s\000t\000r\000a\000p\000\040\000f\000r\000o\000m\000\040\000S\000m\000a\000l\000l\000\040\000V\000o\000l\000u\000m\000e\000s}{section.N.3}% 531
\BOOKMARK [2][-]{subsection.N.3.6}{\376\377\000E\000x\000p\000l\000i\000c\000i\000t\000\040\000C\000o\000m\000p\000u\000t\000a\000t\000i\000o\000n\000\040\000f\000o\000r\000\040\000I\000n\000t\000e\000r\000m\000e\000d\000i\000a\000t\000e\000\040\000b\000e\000t\000a}{section.N.3}% 532
\BOOKMARK [2][-]{subsection.N.3.7}{\376\377\000T\000h\000e\000\040\000C\000o\000m\000p\000l\000e\000t\000e\000\040\000N\000o\000n\000-\000C\000i\000r\000c\000u\000l\000a\000r\000\040\000C\000h\000a\000i\000n}{section.N.3}% 533
\BOOKMARK [2][-]{subsection.N.3.8}{\376\377\000V\000e\000r\000i\000f\000i\000c\000a\000t\000i\000o\000n\000:\000\040\000I\000n\000d\000e\000p\000e\000n\000d\000e\000n\000c\000e\000\040\000o\000f\000\040\000"\000N\000o\000\040\000P\000h\000a\000s\000e\000\040\000T\000r\000a\000n\000s\000i\000t\000i\000o\000n\000"\000\040\000C\000l\000a\000i\000m}{section.N.3}% 534
\BOOKMARK [2][-]{subsection.N.3.9}{\376\377\000S\000u\000m\000m\000a\000r\000y\000:\000\040\000N\000o\000n\000-\000C\000i\000r\000c\000u\000l\000a\000r\000\040\000P\000r\000o\000o\000f\000\040\000C\000o\000m\000p\000l\000e\000t\000e}{section.N.3}% 535
\BOOKMARK [1][-]{section.N.4}{\376\377\000D\000e\000t\000a\000i\000l\000e\000d\000\040\000A\000n\000a\000l\000y\000s\000i\000s\000\040\000o\000f\000\040\000I\000n\000t\000e\000r\000m\000e\000d\000i\000a\000t\000e\000\040\000C\000o\000u\000p\000l\000i\000n\000g\000\040\000a\000n\000d\000\040\000R\000G\000\040\000F\000l\000o\000w}{appendix.N}% 536
\BOOKMARK [2][-]{subsection.N.4.1}{\376\377\000T\000h\000e\000\040\000I\000n\000t\000e\000r\000m\000e\000d\000i\000a\000t\000e\000\040\000C\000o\000u\000p\000l\000i\000n\000g\000\040\000C\000h\000a\000l\000l\000e\000n\000g\000e}{section.N.4}% 537
\BOOKMARK [2][-]{subsection.N.4.2}{\376\377\000R\000e\000s\000o\000l\000u\000t\000i\000o\000n\000\040\000v\000i\000a\000\040\000C\000e\000n\000t\000e\000r\000\040\000S\000y\000m\000m\000e\000t\000r\000y\000\040\000P\000r\000o\000t\000e\000c\000t\000i\000o\000n}{section.N.4}% 538
\BOOKMARK [2][-]{subsection.N.4.3}{\376\377\000C\000o\000m\000p\000l\000e\000t\000e\000\040\000B\000a\000l\000a\000b\000a\000n\000\040\000R\000G\000\040\000A\000n\000a\000l\000y\000s\000i\000s}{section.N.4}% 539
\BOOKMARK [2][-]{subsection.N.4.4}{\376\377\000C\000o\000n\000t\000i\000n\000u\000i\000t\000y\000\040\000o\000f\000\040\000P\000h\000y\000s\000i\000c\000a\000l\000\040\000Q\000u\000a\000n\000t\000i\000t\000i\000e\000s}{section.N.4}% 540
\BOOKMARK [2][-]{subsection.N.4.5}{\376\377\000C\000o\000m\000p\000l\000e\000t\000e\000\040\000I\000n\000t\000e\000r\000p\000o\000l\000a\000t\000i\000o\000n\000\040\000A\000r\000g\000u\000m\000e\000n\000t}{section.N.4}% 541
\BOOKMARK [2][-]{subsection.N.4.6}{\376\377\000E\000x\000p\000l\000i\000c\000i\000t\000\040\000N\000u\000m\000e\000r\000i\000c\000a\000l\000\040\000E\000s\000t\000i\000m\000a\000t\000e\000s}{section.N.4}% 542
\BOOKMARK [2][-]{subsection.N.4.7}{\376\377\000S\000u\000m\000m\000a\000r\000y\000\040\000o\000f\000\040\000t\000h\000e\000\040\000C\000o\000m\000p\000l\000e\000t\000e\000\040\000P\000r\000o\000o\000f}{section.N.4}% 543
\BOOKMARK [0][-]{appendix.O}{\376\377\000A\000d\000j\000o\000i\000n\000t\000\040\000F\000e\000r\000m\000i\000o\000n\000\040\000I\000n\000t\000e\000r\000p\000o\000l\000a\000t\000i\000o\000n\000\040\000M\000e\000t\000h\000o\000d}{Item.193}% 544
\BOOKMARK [1][-]{section.O.1}{\376\377\000A\000d\000j\000o\000i\000n\000t\000\040\000I\000n\000t\000e\000r\000p\000o\000l\000a\000t\000i\000o\000n\000:\000\040\000L\000e\000e\000-\000Y\000a\000n\000g\000\040\000a\000n\000d\000\040\000C\000e\000n\000t\000e\000r\000\040\000S\000y\000m\000m\000e\000t\000r\000y}{appendix.O}% 545
\BOOKMARK [2][-]{subsection.O.1.1}{\376\377\000L\000e\000e\000-\000Y\000a\000n\000g\000\040\000Z\000e\000r\000o\000s\000:\000\040\000I\000n\000f\000i\000n\000i\000t\000e\000-\000V\000o\000l\000u\000m\000e\000\040\000A\000n\000a\000l\000y\000s\000i\000s}{section.O.1}% 546
\BOOKMARK [2][-]{subsection.O.1.2}{\376\377\000C\000e\000n\000t\000e\000r\000\040\000S\000y\000m\000m\000e\000t\000r\000y\000\040\000P\000r\000o\000t\000e\000c\000t\000i\000o\000n}{section.O.1}% 547
\BOOKMARK [1][-]{section.O.2}{\376\377\000R\000o\000a\000d\000m\000a\000p\000\040\0003\000:\000\040\000A\000d\000j\000o\000i\000n\000t\000\040\000F\000e\000r\000m\000i\000o\000n\000\040\000I\000n\000t\000e\000r\000p\000o\000l\000a\000t\000i\000o\000n\000\040\040\024\000\040\000A\000l\000t\000e\000r\000n\000a\000t\000i\000v\000e\000\040\000P\000a\000t\000h}{appendix.O}% 548
\BOOKMARK [2][-]{subsection.O.2.1}{\376\377\000O\000v\000e\000r\000v\000i\000e\000w\000:\000\040\000T\000h\000e\000\040\000I\000n\000t\000e\000r\000p\000o\000l\000a\000t\000i\000o\000n\000\040\000P\000a\000t\000h}{section.O.2}% 549
\BOOKMARK [2][-]{subsection.O.2.2}{\376\377\000S\000t\000e\000p\000\040\0001\000:\000\040\000U\000n\000i\000f\000o\000r\000m\000\040\000L\000e\000e\000-\000Y\000a\000n\000g\000\040\000B\000o\000u\000n\000d\000s}{section.O.2}% 550
\BOOKMARK [2][-]{subsection.O.2.3}{\376\377\000S\000t\000e\000p\000\040\0002\000:\000\040\000G\000a\000p\000\040\000C\000o\000n\000t\000i\000n\000u\000i\000t\000y\000\040\000v\000i\000a\000\040\000A\000n\000a\000l\000y\000t\000i\000c\000\040\000P\000e\000r\000t\000u\000r\000b\000a\000t\000i\000o\000n\000\040\000T\000h\000e\000o\000r\000y}{section.O.2}% 551
\BOOKMARK [2][-]{subsection.O.2.4}{\376\377\000S\000t\000e\000p\000\040\0003\000:\000\040\000D\000e\000c\000o\000u\000p\000l\000i\000n\000g\000\040\000L\000i\000m\000i\000t\000\040\000m\000\040\000t\000o\000\040\000i\000n\000f\000i\000n\000i\000t\000y}{section.O.2}% 552
\BOOKMARK [2][-]{subsection.O.2.5}{\376\377\000S\000y\000n\000t\000h\000e\000s\000i\000s\000:\000\040\000T\000h\000e\000\040\000C\000o\000m\000p\000l\000e\000t\000e\000\040\000I\000n\000t\000e\000r\000p\000o\000l\000a\000t\000i\000o\000n\000\040\000A\000r\000g\000u\000m\000e\000n\000t}{section.O.2}% 553
\BOOKMARK [1][-]{section.O.3}{\376\377\000R\000o\000a\000d\000m\000a\000p\000\040\0002\000:\000\040\000C\000o\000m\000p\000l\000e\000t\000e\000\040\000A\000d\000j\000o\000i\000n\000t\000\040\000F\000e\000r\000m\000i\000o\000n\000\040\000I\000n\000t\000e\000r\000p\000o\000l\000a\000t\000i\000o\000n}{appendix.O}% 554
\BOOKMARK [2][-]{subsection.O.3.1}{\376\377\000T\000h\000e\000\040\000S\000t\000r\000a\000t\000e\000g\000y\000:\000\040\000E\000m\000b\000e\000d\000d\000i\000n\000g\000\040\000i\000n\000\040\000a\000\040\000S\000o\000l\000v\000a\000b\000l\000e\000\040\000F\000a\000m\000i\000l\000y}{section.O.3}% 555
\BOOKMARK [2][-]{subsection.O.3.2}{\376\377\000S\000t\000e\000p\000\040\0001\000:\000\040\000T\000h\000e\000\040\000S\000U\000S\000Y\000\040\000A\000n\000c\000h\000o\000r\000\040\000-\000\040\000W\000i\000t\000t\000e\000n\000\040\000I\000n\000d\000e\000x\000\040\000P\000r\000o\000o\000f}{section.O.3}% 556
\BOOKMARK [2][-]{subsection.O.3.3}{\376\377\000S\000t\000e\000p\000\040\0002\000:\000\040\000L\000e\000e\000-\000Y\000a\000n\000g\000\040\000Z\000e\000r\000o\000-\000F\000r\000e\000e\000\040\000R\000e\000g\000i\000o\000n}{section.O.3}% 557
\BOOKMARK [2][-]{subsection.O.3.4}{\376\377\000S\000t\000e\000p\000\040\0003\000:\000\040\000C\000o\000n\000t\000r\000o\000l\000l\000e\000d\000\040\000D\000e\000c\000o\000u\000p\000l\000i\000n\000g\000\040\000L\000i\000m\000i\000t}{section.O.3}% 558
\BOOKMARK [2][-]{subsection.O.3.5}{\376\377\000S\000t\000e\000p\000\040\0004\000:\000\040\000C\000o\000m\000p\000l\000e\000t\000i\000n\000g\000\040\000t\000h\000e\000\040\000A\000r\000g\000u\000m\000e\000n\000t}{section.O.3}% 559
\BOOKMARK [2][-]{subsection.O.3.6}{\376\377\000C\000o\000n\000t\000r\000o\000l\000l\000i\000n\000g\000\040\000t\000h\000e\000\040\000I\000n\000f\000i\000n\000i\000t\000e\000-\000V\000o\000l\000u\000m\000e\000\040\000L\000i\000m\000i\000t}{section.O.3}% 560
\BOOKMARK [2][-]{subsection.O.3.7}{\376\377\000S\000u\000m\000m\000a\000r\000y\000:\000\040\000R\000o\000a\000d\000m\000a\000p\000\040\0002\000\040\000C\000o\000m\000p\000l\000e\000t\000e}{section.O.3}% 561
\BOOKMARK [1][-]{section.O.4}{\376\377\000R\000o\000a\000d\000m\000a\000p\000\040\0002\000:\000\040\000T\000h\000e\000\040\000A\000d\000j\000o\000i\000n\000t\000\040\000I\000n\000t\000e\000r\000p\000o\000l\000a\000t\000i\000o\000n\000\040\000P\000a\000t\000h}{appendix.O}% 562
\BOOKMARK [2][-]{subsection.O.4.1}{\376\377\000T\000h\000e\000\040\000P\000r\000o\000b\000l\000e\000m\000:\000\040\000D\000i\000r\000e\000c\000t\000\040\000A\000t\000t\000a\000c\000k\000\040\000i\000s\000\040\000D\000i\000f\000f\000i\000c\000u\000l\000t}{section.O.4}% 563
\BOOKMARK [2][-]{subsection.O.4.2}{\376\377\000T\000h\000e\000\040\000S\000t\000r\000a\000t\000e\000g\000y\000:\000\040\000D\000e\000f\000o\000r\000m\000a\000t\000i\000o\000n\000\040\000t\000o\000\040\000S\000o\000l\000v\000a\000b\000l\000e\000\040\000T\000h\000e\000o\000r\000y}{section.O.4}% 564
\BOOKMARK [2][-]{subsection.O.4.3}{\376\377\000S\000t\000e\000p\000\040\0001\000:\000\040\000T\000h\000e\000\040\000D\000e\000f\000o\000r\000m\000a\000t\000i\000o\000n\000\040\000F\000a\000m\000i\000l\000y}{section.O.4}% 565
\BOOKMARK [2][-]{subsection.O.4.4}{\376\377\000S\000t\000e\000p\000\040\0002\000:\000\040\000T\000h\000e\000\040\000A\000n\000c\000h\000o\000r\000\040\000a\000t\000\040\000m\000\040\000=\000\040\0000}{section.O.4}% 566
\BOOKMARK [2][-]{subsection.O.4.5}{\376\377\000S\000t\000e\000p\000\040\0003\000:\000\040\000C\000e\000n\000t\000e\000r\000\040\000S\000y\000m\000m\000e\000t\000r\000y\000\040\000P\000r\000o\000t\000e\000c\000t\000i\000o\000n}{section.O.4}% 567
\BOOKMARK [2][-]{subsection.O.4.6}{\376\377\000S\000t\000e\000p\000\040\0004\000:\000\040\000A\000n\000a\000l\000y\000t\000i\000c\000i\000t\000y\000\040\000v\000i\000a\000\040\000L\000e\000e\000-\000Y\000a\000n\000g}{section.O.4}% 568
\BOOKMARK [2][-]{subsection.O.4.7}{\376\377\000S\000t\000e\000p\000\040\0005\000:\000\040\000C\000o\000n\000t\000i\000n\000u\000a\000t\000i\000o\000n\000\040\000t\000o\000\040\000P\000u\000r\000e\000\040\000Y\000a\000n\000g\000-\000M\000i\000l\000l\000s}{section.O.4}% 569
\BOOKMARK [2][-]{subsection.O.4.8}{\376\377\000T\000h\000e\000\040\000L\000a\000t\000t\000i\000c\000e\000\040\000I\000m\000p\000l\000e\000m\000e\000n\000t\000a\000t\000i\000o\000n}{section.O.4}% 570
\BOOKMARK [2][-]{subsection.O.4.9}{\376\377\000R\000i\000g\000o\000r\000o\000u\000s\000\040\000D\000e\000c\000o\000u\000p\000l\000i\000n\000g\000\040\000T\000h\000e\000o\000r\000e\000m}{section.O.4}% 571
\BOOKMARK [2][-]{subsection.O.4.10}{\376\377\000V\000e\000r\000i\000f\000i\000c\000a\000t\000i\000o\000n\000\040\000R\000e\000q\000u\000i\000r\000e\000m\000e\000n\000t\000s}{section.O.4}% 572
\BOOKMARK [2][-]{subsection.O.4.11}{\376\377\000S\000u\000m\000m\000a\000r\000y\000:\000\040\000A\000d\000j\000o\000i\000n\000t\000\040\000I\000n\000t\000e\000r\000p\000o\000l\000a\000t\000i\000o\000n\000\040\000P\000a\000t\000h}{section.O.4}% 573
\BOOKMARK [2][-]{subsection.O.4.12}{\376\377\000C\000o\000n\000n\000e\000c\000t\000i\000o\000n\000\040\000t\000o\000\040\000O\000t\000h\000e\000r\000\040\000R\000o\000a\000d\000m\000a\000p\000s}{section.O.4}% 574
\BOOKMARK [0][-]{appendix.P}{\376\377\000S\000t\000o\000c\000h\000a\000s\000t\000i\000c\000\040\000a\000n\000d\000\040\000P\000r\000o\000b\000a\000b\000i\000l\000i\000s\000t\000i\000c\000\040\000M\000e\000t\000h\000o\000d\000s}{Item.193}% 575
\BOOKMARK [1][-]{section.P.1}{\376\377\000S\000t\000o\000c\000h\000a\000s\000t\000i\000c\000\040\000a\000n\000d\000\040\000P\000r\000o\000b\000a\000b\000i\000l\000i\000s\000t\000i\000c\000\040\000M\000e\000t\000h\000o\000d\000s}{appendix.P}% 576
\BOOKMARK [2][-]{subsection.P.1.1}{\376\377\000T\000h\000e\000\040\000Y\000a\000n\000g\000-\000M\000i\000l\000l\000s\000\040\000M\000e\000a\000s\000u\000r\000e\000\040\000a\000s\000\040\000a\000\040\000G\000i\000b\000b\000s\000\040\000M\000e\000a\000s\000u\000r\000e}{section.P.1}% 577
\BOOKMARK [2][-]{subsection.P.1.2}{\376\377\000S\000t\000o\000c\000h\000a\000s\000t\000i\000c\000\040\000Q\000u\000a\000n\000t\000i\000z\000a\000t\000i\000o\000n}{section.P.1}% 578
\BOOKMARK [2][-]{subsection.P.1.3}{\376\377\000L\000o\000g\000-\000S\000o\000b\000o\000l\000e\000v\000\040\000I\000n\000e\000q\000u\000a\000l\000i\000t\000y}{section.P.1}% 579
\BOOKMARK [2][-]{subsection.P.1.4}{\376\377\000C\000o\000r\000r\000e\000l\000a\000t\000i\000o\000n\000\040\000I\000n\000e\000q\000u\000a\000l\000i\000t\000i\000e\000s}{section.P.1}% 580
\BOOKMARK [2][-]{subsection.P.1.5}{\376\377\000A\000r\000e\000a\000\040\000L\000a\000w\000\040\000f\000r\000o\000m\000\040\000S\000t\000o\000c\000h\000a\000s\000t\000i\000c\000\040\000A\000r\000g\000u\000m\000e\000n\000t\000s}{section.P.1}% 581
\BOOKMARK [2][-]{subsection.P.1.6}{\376\377\000C\000o\000n\000n\000e\000c\000t\000i\000o\000n\000\040\000t\000o\000\040\000t\000h\000e\000\040\000M\000a\000s\000s\000\040\000G\000a\000p}{section.P.1}% 582
\BOOKMARK [1][-]{theorem.P.1.10}{\376\377\000R\000i\000g\000o\000r\000o\000u\000s\000\040\000R\000e\000s\000o\000l\000u\000t\000i\000o\000n\000\040\000o\000f\000\040\000A\000l\000l\000\040\000C\000r\000i\000t\000i\000c\000a\000l\000\040\000G\000a\000p\000s}{appendix.P}% 583
\BOOKMARK [0][-]{appendix.Q}{\376\377\000F\000i\000x\000\040\0003\0000\000:\000\040\000T\000h\000e\000\040\000T\000a\000l\000a\000g\000r\000a\000n\000d\000\040\000T\0002\000\040\000I\000n\000e\000q\000u\000a\000l\000i\000t\000y\000\040\000\050\000C\000o\000n\000c\000e\000n\000t\000r\000a\000t\000i\000o\000n\000\051}{Item.193}% 584
\BOOKMARK [1][-]{section.Q.1}{\376\377\000C\000o\000n\000t\000e\000x\000t\000:\000\040\000N\000o\000n\000-\000P\000e\000r\000t\000u\000r\000b\000a\000t\000i\000v\000e\000\040\000T\000a\000i\000l\000\040\000B\000o\000u\000n\000d\000s}{appendix.Q}% 585
\BOOKMARK [1][-]{section.Q.2}{\376\377\000D\000e\000r\000i\000v\000a\000t\000i\000o\000n\000:\000\040\000F\000r\000o\000m\000\040\000L\000o\000g\000-\000S\000o\000b\000o\000l\000e\000v\000\040\000t\000o\000\040\000T\000r\000a\000n\000s\000p\000o\000r\000t}{appendix.Q}% 586
\BOOKMARK [2][-]{subsection.Q.2.1}{\376\377\000S\000t\000e\000p\000\040\0001\000:\000\040\000T\000h\000e\000\040\000W\000a\000s\000s\000e\000r\000s\000t\000e\000i\000n\000\040\000D\000i\000s\000t\000a\000n\000c\000e}{section.Q.2}% 587
\BOOKMARK [2][-]{subsection.Q.2.2}{\376\377\000S\000t\000e\000p\000\040\0002\000:\000\040\000T\000h\000e\000\040\000O\000t\000t\000o\000-\000V\000i\000l\000l\000a\000n\000i\000\040\000T\000h\000e\000o\000r\000e\000m}{section.Q.2}% 588
\BOOKMARK [1][-]{section.Q.3}{\376\377\000I\000m\000p\000l\000e\000m\000e\000n\000t\000a\000t\000i\000o\000n\000:\000\040\000C\000o\000n\000c\000e\000n\000t\000r\000a\000t\000i\000o\000n\000\040\000o\000f\000\040\000M\000e\000a\000s\000u\000r\000e}{appendix.Q}% 589
\BOOKMARK [1][-]{section.Q.4}{\376\377\000I\000m\000p\000l\000i\000c\000a\000t\000i\000o\000n\000\040\000f\000o\000r\000\040\000S\000t\000a\000b\000i\000l\000i\000t\000y}{appendix.Q}% 590
\BOOKMARK [0][-]{appendix.R}{\376\377\000F\000i\000x\000\040\0004\0005\000:\000\040\000T\000h\000e\000\040\000D\000o\000b\000r\000u\000s\000h\000i\000n\000\040\000I\000n\000t\000e\000r\000a\000c\000t\000i\000o\000n\000\040\000M\000a\000t\000r\000i\000x\000\040\000\050\000U\000n\000i\000q\000u\000e\000n\000e\000s\000s\000\051}{Item.193}% 591
\BOOKMARK [1][-]{section.R.1}{\376\377\000C\000o\000n\000t\000e\000x\000t\000:\000\040\000U\000n\000i\000q\000u\000e\000n\000e\000s\000s\000\040\000o\000f\000\040\000t\000h\000e\000\040\000G\000i\000b\000b\000s\000\040\000M\000e\000a\000s\000u\000r\000e}{appendix.R}% 592
\BOOKMARK [1][-]{section.R.2}{\376\377\000T\000h\000e\000\040\000D\000o\000b\000r\000u\000s\000h\000i\000n\000\040\000I\000n\000t\000e\000r\000a\000c\000t\000i\000o\000n\000\040\000M\000a\000t\000r\000i\000x}{appendix.R}% 593
\BOOKMARK [1][-]{section.R.3}{\376\377\000D\000o\000b\000r\000u\000s\000h\000i\000n\000'\000s\000\040\000T\000h\000e\000o\000r\000e\000m}{appendix.R}% 594
\BOOKMARK [1][-]{section.R.4}{\376\377\000D\000e\000r\000i\000v\000a\000t\000i\000o\000n\000\040\000f\000o\000r\000\040\000L\000a\000t\000t\000i\000c\000e\000\040\000Y\000a\000n\000g\000-\000M\000i\000l\000l\000s}{appendix.R}% 595
\BOOKMARK [2][-]{subsection.R.4.1}{\376\377\000C\000a\000l\000c\000u\000l\000a\000t\000i\000n\000g\000\040\000t\000h\000e\000\040\000V\000a\000r\000i\000a\000t\000i\000o\000n}{section.R.4}% 596
\BOOKMARK [2][-]{subsection.R.4.2}{\376\377\000P\000r\000o\000v\000i\000n\000g\000\040\000C\000o\000n\000t\000r\000a\000c\000t\000i\000o\000n}{section.R.4}% 597
\BOOKMARK [1][-]{section.R.5}{\376\377\000C\000o\000n\000c\000l\000u\000s\000i\000o\000n}{appendix.R}% 598
\BOOKMARK [1][-]{section.R.6}{\376\377\000R\000i\000g\000o\000r\000o\000u\000s\000\040\000B\000l\000o\000c\000k\000\040\000D\000o\000b\000r\000u\000s\000h\000i\000n\000\040\000W\000i\000t\000h\000o\000u\000t\000\040\000C\000i\000r\000c\000u\000l\000a\000r\000i\000t\000y}{appendix.R}% 599
\BOOKMARK [2][-]{subsection.R.6.1}{\376\377\000T\000h\000e\000\040\000C\000o\000r\000e\000\040\000M\000e\000c\000h\000a\000n\000i\000s\000m\000:\000\040\000I\000n\000f\000o\000r\000m\000a\000t\000i\000o\000n\000-\000T\000h\000e\000o\000r\000e\000t\000i\000c\000\040\000S\000c\000r\000e\000e\000n\000i\000n\000g}{section.R.6}% 600
\BOOKMARK [2][-]{subsection.R.6.2}{\376\377\000B\000l\000o\000c\000k\000\040\000D\000o\000b\000r\000u\000s\000h\000i\000n\000\040\000C\000o\000n\000d\000i\000t\000i\000o\000n\000:\000\040\000D\000i\000r\000e\000c\000t\000\040\000P\000r\000o\000o\000f}{section.R.6}% 601
\BOOKMARK [2][-]{subsection.R.6.3}{\376\377\000R\000e\000s\000o\000l\000u\000t\000i\000o\000n\000:\000\040\000M\000u\000l\000t\000i\000-\000S\000c\000a\000l\000e\000\040\000B\000l\000o\000c\000k\000\040\000D\000e\000c\000o\000m\000p\000o\000s\000i\000t\000i\000o\000n}{section.R.6}% 602
\BOOKMARK [2][-]{subsection.R.6.4}{\376\377\000W\000e\000a\000k\000\040\000C\000o\000u\000p\000l\000i\000n\000g\000:\000\040\000R\000e\000n\000o\000r\000m\000a\000l\000i\000z\000a\000t\000i\000o\000n\000\040\000G\000r\000o\000u\000p\000\040\000I\000m\000p\000r\000o\000v\000e\000d\000\040\000M\000i\000x\000i\000n\000g}{section.R.6}% 603
\BOOKMARK [2][-]{subsection.R.6.5}{\376\377\000I\000n\000t\000e\000r\000m\000e\000d\000i\000a\000t\000e\000\040\000C\000o\000u\000p\000l\000i\000n\000g\000:\000\040\000B\000o\000o\000t\000s\000t\000r\000a\000p\000\040\000f\000r\000o\000m\000\040\000S\000t\000r\000o\000n\000g\000\040\000a\000n\000d\000\040\000W\000e\000a\000k}{section.R.6}% 604
\BOOKMARK [2][-]{subsection.R.6.6}{\376\377\000C\000o\000m\000p\000l\000e\000t\000e\000\040\000P\000r\000o\000o\000f\000\040\000A\000s\000s\000e\000m\000b\000l\000y}{section.R.6}% 605
\BOOKMARK [2][-]{subsection.R.6.7}{\376\377\000E\000x\000p\000l\000i\000c\000i\000t\000\040\000C\000o\000n\000s\000t\000a\000n\000t\000s\000\040\000f\000o\000r\000\040\000S\000U\000\050\0002\000\051\000\040\000a\000n\000d\000\040\000S\000U\000\050\0003\000\051}{section.R.6}% 606
\BOOKMARK [2][-]{subsection.R.6.8}{\376\377\000S\000u\000m\000m\000a\000r\000y\000:\000\040\000N\000o\000n\000-\000C\000i\000r\000c\000u\000l\000a\000r\000\040\000C\000h\000a\000i\000n\000\040\000C\000o\000m\000p\000l\000e\000t\000e}{section.R.6}% 607
\BOOKMARK [0][-]{appendix.S}{\376\377\000T\000o\000p\000o\000l\000o\000g\000i\000c\000a\000l\000\040\000a\000n\000d\000\040\000G\000e\000o\000m\000e\000t\000r\000i\000c\000\040\000A\000n\000a\000l\000y\000s\000i\000s}{Item.193}% 608
\BOOKMARK [1][-]{section.S.1}{\376\377\000N\000o\000v\000e\000l\000\040\000A\000p\000p\000r\000o\000a\000c\000h\000:\000\040\000T\000o\000p\000o\000l\000o\000g\000i\000c\000a\000l\000\040\000O\000b\000s\000t\000r\000u\000c\000t\000i\000o\000n\000\040\000t\000o\000\040\000M\000a\000s\000s\000l\000e\000s\000s\000\040\000L\000i\000m\000i\000t}{appendix.S}% 609
\BOOKMARK [2][-]{subsection.S.1.1}{\376\377\000T\000h\000e\000\040\000C\000o\000r\000e\000\040\000I\000n\000s\000i\000g\000h\000t\000:\000\040\000D\000i\000m\000e\000n\000s\000i\000o\000n\000a\000l\000\040\000T\000r\000a\000n\000s\000m\000u\000t\000a\000t\000i\000o\000n\000\040\000a\000s\000\040\000T\000o\000p\000o\000l\000o\000g\000i\000c\000a\000l\000\040\000N\000e\000c\000e\000s\000s\000i\000t\000y}{section.S.1}% 610
\BOOKMARK [2][-]{subsection.S.1.2}{\376\377\000T\000h\000e\000\040\000S\000p\000e\000c\000t\000r\000a\000l\000\040\000F\000l\000o\000w\000\040\000A\000r\000g\000u\000m\000e\000n\000t}{section.S.1}% 611
\BOOKMARK [2][-]{subsection.S.1.3}{\376\377\000I\000n\000t\000r\000i\000n\000s\000i\000c\000\040\000S\000c\000a\000l\000e\000\040\000S\000e\000t\000t\000i\000n\000g\000:\000\040\000A\000\040\000N\000o\000n\000-\000C\000i\000r\000c\000u\000l\000a\000r\000\040\000C\000o\000n\000s\000t\000r\000u\000c\000t\000i\000o\000n}{section.S.1}% 612
\BOOKMARK [1][-]{section.S.2}{\376\377\000G\000e\000o\000m\000e\000t\000r\000i\000c\000\040\000a\000n\000d\000\040\000T\000o\000p\000o\000l\000o\000g\000i\000c\000a\000l\000\040\000V\000e\000r\000i\000f\000i\000c\000a\000t\000i\000o\000n}{appendix.S}% 613
\BOOKMARK [2][-]{subsection.S.2.1}{\376\377\000C\000h\000e\000e\000g\000e\000r\000\040\000C\000o\000n\000s\000t\000a\000n\000t\000\040\000f\000o\000r\000\040\000G\000a\000u\000g\000e\000\040\000O\000r\000b\000i\000t\000\040\000S\000p\000a\000c\000e}{section.S.2}% 614
\BOOKMARK [2][-]{subsection.S.2.2}{\376\377\000S\000p\000e\000c\000t\000r\000a\000l\000\040\000P\000e\000r\000m\000a\000n\000e\000n\000c\000e}{section.S.2}% 615
\BOOKMARK [1][-]{section.S.3}{\376\377\000A\000p\000p\000e\000n\000d\000i\000x\000\040\000R\000.\0001\0005\0009\000:\000\040\000T\000o\000p\000o\000l\000o\000g\000i\000c\000a\000l\000\040\000P\000r\000o\000t\000e\000c\000t\000i\000o\000n\000\040\000o\000f\000\040\000t\000h\000e\000\040\000S\000t\000r\000i\000n\000g\000\040\000T\000e\000n\000s\000i\000o\000n}{appendix.S}% 616
\BOOKMARK [0][-]{appendix.T}{\376\377\000F\000i\000x\000\040\0004\0001\000:\000\040\000T\000h\000e\000\040\000D\000i\000s\000c\000r\000e\000t\000e\000\040\000G\000e\000o\000m\000e\000t\000r\000i\000c\000\040\000G\000a\000p\000\040\000\050\000O\000l\000l\000i\000v\000i\000e\000r\000-\000R\000i\000c\000c\000i\000\040\000C\000u\000r\000v\000a\000t\000u\000r\000e\000\051}{Item.193}% 617
\BOOKMARK [1][-]{section.T.1}{\376\377\000C\000o\000n\000t\000e\000x\000t}{appendix.T}% 618
\BOOKMARK [1][-]{section.T.2}{\376\377\000T\000h\000e\000o\000r\000e\000m\000\040\000I\000.\0001\000\040\000\050\000P\000o\000s\000i\000t\000i\000v\000e\000\040\000C\000o\000a\000r\000s\000e\000\040\000R\000i\000c\000c\000i\000\040\000C\000u\000r\000v\000a\000t\000u\000r\000e\000\051}{appendix.T}% 619
\BOOKMARK [1][-]{section.T.3}{\376\377\000P\000r\000o\000o\000f\000\040\000D\000e\000r\000i\000v\000a\000t\000i\000o\000n}{appendix.T}% 620
\BOOKMARK [2][-]{subsection.T.3.1}{\376\377\0001\000.\000\040\000L\000o\000c\000a\000l\000\040\000G\000e\000o\000m\000e\000t\000r\000y}{section.T.3}% 621
\BOOKMARK [2][-]{subsection.T.3.2}{\376\377\0002\000.\000\040\000C\000u\000r\000v\000a\000t\000u\000r\000e\000\040\000C\000o\000m\000p\000u\000t\000a\000t\000i\000o\000n}{section.T.3}% 622
\BOOKMARK [2][-]{subsection.T.3.3}{\376\377\0003\000.\000\040\000P\000o\000s\000i\000t\000i\000v\000e\000\040\000L\000o\000w\000e\000r\000\040\000B\000o\000u\000n\000d}{section.T.3}% 623
\BOOKMARK [2][-]{subsection.T.3.4}{\376\377\0004\000.\000\040\000S\000p\000e\000c\000t\000r\000a\000l\000\040\000G\000a\000p}{section.T.3}% 624
\BOOKMARK [0][-]{appendix.U}{\376\377\000F\000i\000x\000\040\0005\0008\000:\000\040\000T\000h\000e\000\040\000B\000l\000o\000c\000k\000-\000S\000p\000i\000n\000\040\000R\000e\000f\000l\000e\000c\000t\000i\000o\000n\000\040\000P\000o\000s\000i\000t\000i\000v\000i\000t\000y\000\040\000\050\000A\000x\000i\000o\000m\000\040\000P\000r\000e\000s\000e\000r\000v\000a\000t\000i\000o\000n\000\051}{Item.193}% 625
\BOOKMARK [1][-]{section.U.1}{\376\377\000C\000o\000n\000t\000e\000x\000t\000:\000\040\000T\000h\000e\000\040\000L\000o\000s\000s\000\040\000o\000f\000\040\000P\000o\000s\000i\000t\000i\000v\000i\000t\000y}{appendix.U}% 626
\BOOKMARK [1][-]{section.U.2}{\376\377\000D\000e\000r\000i\000v\000a\000t\000i\000o\000n\000:\000\040\000B\000e\000l\000l\000-\000G\000i\000n\000s\000b\000e\000r\000g\000\040\000E\000q\000u\000i\000v\000a\000l\000e\000n\000c\000e}{appendix.U}% 627
\BOOKMARK [2][-]{subsection.U.2.1}{\376\377\000S\000t\000e\000p\000\040\0001\000:\000\040\000C\000l\000a\000s\000s\000i\000f\000i\000c\000a\000t\000i\000o\000n\000\040\000o\000f\000\040\000R\000P\000-\000V\000i\000o\000l\000a\000t\000i\000n\000g\000\040\000O\000p\000e\000r\000a\000t\000o\000r\000s}{section.U.2}% 628
\BOOKMARK [2][-]{subsection.U.2.2}{\376\377\000S\000t\000e\000p\000\040\0002\000:\000\040\000R\000G\000\040\000F\000l\000o\000w\000\040\000o\000f\000\040\000V\000i\000o\000l\000a\000t\000i\000n\000g\000\040\000T\000e\000r\000m\000s}{section.U.2}% 629
\BOOKMARK [2][-]{subsection.U.2.3}{\376\377\000S\000t\000e\000p\000\040\0003\000:\000\040\000R\000e\000s\000t\000o\000r\000a\000t\000i\000o\000n\000\040\000i\000n\000\040\000t\000h\000e\000\040\000C\000o\000n\000t\000i\000n\000u\000u\000m\000\040\000L\000i\000m\000i\000t}{section.U.2}% 630
\BOOKMARK [1][-]{section.U.3}{\376\377\000C\000o\000n\000c\000l\000u\000s\000i\000o\000n}{appendix.U}% 631
\BOOKMARK [0][-]{appendix.V}{\376\377\000S\000u\000p\000e\000r\000s\000y\000m\000m\000e\000t\000r\000i\000c\000\040\000Y\000a\000n\000g\040\023\000M\000i\000l\000l\000s\000\040\000T\000h\000e\000o\000r\000y}{Item.193}% 632
\BOOKMARK [1][-]{section.V.1}{\376\377\000C\000o\000m\000p\000l\000e\000t\000e\000\040\000P\000r\000o\000o\000f\000s\000:\000\040\000N\000=\0001\000\040\000S\000u\000p\000e\000r\000\040\000Y\000a\000n\000g\000-\000M\000i\000l\000l\000s\000\040\000M\000a\000s\000s\000\040\000G\000a\000p}{appendix.V}% 633
\BOOKMARK [2][-]{subsection.V.1.1}{\376\377\000M\000e\000t\000h\000o\000d\000\040\0001\000:\000\040\000W\000i\000t\000t\000e\000n\000\040\000I\000n\000d\000e\000x\000\040\000A\000r\000g\000u\000m\000e\000n\000t}{section.V.1}% 634
\BOOKMARK [2][-]{subsection.V.1.2}{\376\377\000M\000e\000t\000h\000o\000d\000\040\0002\000:\000\040\000G\000l\000u\000i\000n\000o\000\040\000C\000o\000n\000d\000e\000n\000s\000a\000t\000e\000\040\000a\000n\000d\000\040\000E\000f\000f\000e\000c\000t\000i\000v\000e\000\040\000S\000u\000p\000e\000r\000p\000o\000t\000e\000n\000t\000i\000a\000l}{section.V.1}% 635
\BOOKMARK [2][-]{subsection.V.1.3}{\376\377\000M\000e\000t\000h\000o\000d\000\040\0003\000:\000\040\000D\000i\000r\000e\000c\000t\000\040\000L\000a\000t\000t\000i\000c\000e\000\040\000C\000a\000l\000c\000u\000l\000a\000t\000i\000o\000n}{section.V.1}% 636
\BOOKMARK [2][-]{subsection.V.1.4}{\376\377\000S\000y\000n\000t\000h\000e\000s\000i\000s\000:\000\040\000D\000e\000l\000t\000a\000\050\0000\000\051\000\040\000>\000\040\0000\000\040\000i\000s\000\040\000P\000r\000o\000v\000e\000n}{section.V.1}% 637
\BOOKMARK [1][-]{section.V.2}{\376\377\000R\000o\000a\000d\000m\000a\000p\000\040\000t\000o\000\040\000R\000i\000g\000o\000r\000o\000u\000s\000\040\000P\000r\000o\000o\000f\000\040\000o\000f\000\040\000N\000=\0001\000\040\000S\000Y\000M\000\040\000G\000a\000p}{appendix.V}% 638
\BOOKMARK [2][-]{subsection.V.2.1}{\376\377\000S\000t\000r\000a\000t\000e\000g\000y\000\040\0001\000:\000\040\000R\000i\000g\000o\000r\000o\000u\000s\000\040\000W\000i\000t\000t\000e\000n\000\040\000I\000n\000d\000e\000x\000\040\000o\000n\000\040\000t\000h\000e\000\040\000L\000a\000t\000t\000i\000c\000e}{section.V.2}% 639
\BOOKMARK [2][-]{subsection.V.2.2}{\376\377\000S\000t\000r\000a\000t\000e\000g\000y\000\040\0002\000:\000\040\000G\000l\000u\000i\000n\000o\000\040\000C\000o\000n\000d\000e\000n\000s\000a\000t\000i\000o\000n\000\040\000v\000i\000a\000\040\000C\000l\000u\000s\000t\000e\000r\000\040\000E\000x\000p\000a\000n\000s\000i\000o\000n\000s}{section.V.2}% 640
\BOOKMARK [2][-]{subsection.V.2.3}{\376\377\000S\000t\000r\000a\000t\000e\000g\000y\000\040\0003\000:\000\040\000A\000d\000i\000a\000b\000a\000t\000i\000c\000\040\000D\000e\000f\000o\000r\000m\000a\000t\000i\000o\000n\000\040\000f\000r\000o\000m\000\040\000S\000m\000a\000l\000l\000\040\000C\000i\000r\000c\000l\000e}{section.V.2}% 641
\BOOKMARK [2][-]{subsection.V.2.4}{\376\377\000R\000e\000c\000o\000m\000m\000e\000n\000d\000e\000d\000\040\000P\000a\000t\000h}{section.V.2}% 642
\BOOKMARK [1][-]{section.V.3}{\376\377\000R\000i\000g\000o\000r\000o\000u\000s\000\040\000P\000r\000o\000o\000f\000\040\000o\000f\000\040\000t\000h\000e\000\040\000N\000=\0001\000\040\000S\000Y\000M\000\040\000S\000p\000e\000c\000t\000r\000a\000l\000\040\000G\000a\000p}{appendix.V}% 643
\BOOKMARK [2][-]{subsection.V.3.1}{\376\377\000T\000h\000e\000\040\000C\000o\000n\000s\000t\000r\000u\000c\000t\000i\000v\000e\000\040\000P\000r\000o\000o\000f\000\040\000S\000t\000r\000a\000t\000e\000g\000y}{section.V.3}% 644
\BOOKMARK [2][-]{subsection.V.3.2}{\376\377\000S\000t\000e\000p\000\040\0001\000:\000\040\000E\000x\000i\000s\000t\000e\000n\000c\000e\000\040\000o\000f\000\040\000D\000i\000s\000t\000i\000n\000c\000t\000\040\000V\000a\000c\000u\000a}{section.V.3}% 645
\BOOKMARK [2][-]{subsection.V.3.3}{\376\377\000S\000t\000e\000p\000\040\0002\000:\000\040\000T\000h\000e\000\040\000P\000e\000i\000e\000r\000l\000s\000\040\000C\000o\000n\000d\000i\000t\000i\000o\000n\000\040\000\050\000P\000o\000s\000i\000t\000i\000v\000e\000\040\000W\000a\000l\000l\000\040\000T\000e\000n\000s\000i\000o\000n\000\051}{section.V.3}% 646
\BOOKMARK [2][-]{subsection.V.3.4}{\376\377\000S\000t\000e\000p\000\040\0003\000:\000\040\000C\000o\000n\000v\000e\000r\000g\000e\000n\000c\000e\000\040\000o\000f\000\040\000C\000l\000u\000s\000t\000e\000r\000\040\000E\000x\000p\000a\000n\000s\000i\000o\000n}{section.V.3}% 647
\BOOKMARK [2][-]{subsection.V.3.5}{\376\377\000C\000o\000n\000c\000l\000u\000s\000i\000o\000n}{section.V.3}% 648
\BOOKMARK [1][-]{section.V.4}{\376\377\000R\000i\000g\000o\000r\000o\000u\000s\000\040\000R\000e\000s\000o\000l\000u\000t\000i\000o\000n\000\040\000o\000f\000\040\000G\000a\000p\000\040\0001\000:\000\040\000L\000a\000t\000t\000i\000c\000e\000\040\000S\000U\000S\000Y\000\040\000S\000t\000a\000b\000i\000l\000i\000t\000y}{appendix.V}% 649
\BOOKMARK [2][-]{subsection.V.4.1}{\376\377\000P\000r\000o\000b\000l\000e\000m\000\040\000S\000t\000a\000t\000e\000m\000e\000n\000t}{section.V.4}% 650
\BOOKMARK [2][-]{subsection.V.4.2}{\376\377\000T\000h\000e\000\040\000G\000i\000n\000s\000p\000a\000r\000g\000-\000W\000i\000l\000s\000o\000n\000\040\000F\000o\000r\000m\000u\000l\000a\000t\000i\000o\000n}{section.V.4}% 651
\BOOKMARK [2][-]{subsection.V.4.3}{\376\377\000R\000e\000s\000t\000o\000r\000a\000t\000i\000o\000n\000\040\000o\000f\000\040\000W\000a\000r\000d\000\040\000I\000d\000e\000n\000t\000i\000t\000i\000e\000s}{section.V.4}% 652
\BOOKMARK [2][-]{subsection.V.4.4}{\376\377\000S\000t\000a\000b\000i\000l\000i\000t\000y\000\040\000o\000f\000\040\000t\000h\000e\000\040\000W\000a\000l\000l\000\040\000T\000e\000n\000s\000i\000o\000n}{section.V.4}% 653
\BOOKMARK [2][-]{subsection.V.4.5}{\376\377\000C\000o\000n\000c\000l\000u\000s\000i\000o\000n}{section.V.4}% 654
\BOOKMARK [0][-]{appendix.W}{\376\377\000R\000i\000g\000o\000r\000o\000u\000s\000\040\000S\000m\000o\000o\000t\000h\000n\000e\000s\000s\000\040\000a\000n\000d\000\040\000T\000h\000e\000\040\000S\000U\000S\000Y\000\040\000G\000a\000p}{Item.193}% 655
\BOOKMARK [1][-]{section.W.1}{\376\377\000O\000v\000e\000r\000v\000i\000e\000w}{appendix.W}% 656
\BOOKMARK [1][-]{section.W.2}{\376\377\000P\000r\000o\000o\000f\000\040\000o\000f\000\040\000"\000S\000m\000o\000o\000t\000h\000n\000e\000s\000s\000"\000\040\000\050\000A\000b\000s\000e\000n\000c\000e\000\040\000o\000f\000\040\000F\000i\000r\000s\000t\000-\000O\000r\000d\000e\000r\000\040\000T\000r\000a\000n\000s\000i\000t\000i\000o\000n\000s\000\051}{appendix.W}% 657
\BOOKMARK [2][-]{subsection.W.2.1}{\376\377\000P\000r\000o\000o\000f\000\040\000o\000f\000\040\000G\000l\000o\000b\000a\000l\000\040\000A\000n\000a\000l\000y\000t\000i\000c\000i\000t\000y}{section.W.2}% 658
\BOOKMARK [1][-]{section.W.3}{\376\377\000P\000r\000o\000o\000f\000\040\000o\000f\000\040\000t\000h\000e\000\040\000S\000U\000S\000Y\000\040\000G\000a\000p\000\040\000\050\000D\000i\000s\000c\000r\000e\000t\000e\000n\000e\000s\000s\000\040\000o\000f\000\040\000S\000p\000e\000c\000t\000r\000u\000m\000\051}{appendix.W}% 659
\BOOKMARK [2][-]{subsection.W.3.1}{\376\377\000P\000r\000o\000o\000f\000\040\000o\000f\000\040\000S\000p\000e\000c\000t\000r\000a\000l\000\040\000G\000a\000p}{section.W.3}% 660
\BOOKMARK [1][-]{section.W.4}{\376\377\000S\000u\000m\000m\000a\000r\000y}{appendix.W}% 661
\BOOKMARK [0][-]{appendix.X}{\376\377\000F\000e\000r\000m\000i\000o\000n\000\040\000L\000o\000c\000a\000l\000i\000t\000y\000\040\000a\000n\000d\000\040\000C\000o\000n\000t\000r\000o\000l}{Item.193}% 662
\BOOKMARK [1][-]{section.X.1}{\376\377\000R\000i\000g\000o\000r\000o\000u\000s\000\040\000R\000e\000s\000o\000l\000u\000t\000i\000o\000n\000\040\000o\000f\000\040\000G\000a\000p\000\040\0003\000:\000\040\000U\000V\000\040\000S\000t\000a\000b\000i\000l\000i\000t\000y\000\040\000w\000i\000t\000h\000\040\000F\000e\000r\000m\000i\000o\000n\000s}{appendix.X}% 663
\BOOKMARK [2][-]{subsection.X.1.1}{\376\377\000P\000r\000o\000b\000l\000e\000m\000\040\000S\000t\000a\000t\000e\000m\000e\000n\000t}{section.X.1}% 664
\BOOKMARK [2][-]{subsection.X.1.2}{\376\377\000F\000e\000r\000m\000i\000o\000n\000i\000c\000\040\000B\000l\000o\000c\000k\000\040\000A\000v\000e\000r\000a\000g\000i\000n\000g}{section.X.1}% 665
\BOOKMARK [2][-]{subsection.X.1.3}{\376\377\000D\000e\000t\000e\000r\000m\000i\000n\000a\000n\000t\000\040\000B\000o\000u\000n\000d\000s}{section.X.1}% 666
\BOOKMARK [2][-]{subsection.X.1.4}{\376\377\000I\000n\000d\000u\000c\000t\000i\000v\000e\000\040\000S\000t\000e\000p}{section.X.1}% 667
\BOOKMARK [2][-]{subsection.X.1.5}{\376\377\000C\000o\000n\000c\000l\000u\000s\000i\000o\000n}{section.X.1}% 668
\BOOKMARK [1][-]{section.X.2}{\376\377\000R\000i\000g\000o\000r\000o\000u\000s\000\040\000C\000o\000n\000t\000r\000o\000l\000\040\000o\000f\000\040\000A\000d\000j\000o\000i\000n\000t\000\040\000F\000e\000r\000m\000i\000o\000n\000\040\000D\000e\000t\000e\000r\000m\000i\000n\000a\000n\000t\000\040\000N\000o\000n\000-\000L\000o\000c\000a\000l\000i\000t\000y}{appendix.X}% 669
\BOOKMARK [2][-]{subsection.X.2.1}{\376\377\000T\000h\000e\000\040\000N\000o\000n\000-\000L\000o\000c\000a\000l\000i\000t\000y\000\040\000P\000r\000o\000b\000l\000e\000m}{section.X.2}% 670
\BOOKMARK [2][-]{subsection.X.2.2}{\376\377\000S\000t\000e\000p\000\040\0001\000:\000\040\000M\000a\000t\000t\000h\000e\000w\000s\000-\000S\000a\000l\000a\000m\000-\000S\000e\000i\000l\000e\000r\000\040\000P\000o\000l\000y\000m\000e\000r\000\040\000E\000x\000p\000a\000n\000s\000i\000o\000n}{section.X.2}% 671
\BOOKMARK [2][-]{subsection.X.2.3}{\376\377\000S\000t\000e\000p\000\040\0002\000:\000\040\000E\000f\000f\000e\000c\000t\000i\000v\000e\000\040\000R\000a\000n\000g\000e\000\040\000C\000o\000n\000t\000r\000o\000l}{section.X.2}% 672
\BOOKMARK [2][-]{subsection.X.2.4}{\376\377\000S\000t\000e\000p\000\040\0003\000:\000\040\000C\000l\000u\000s\000t\000e\000r\000\040\000E\000x\000p\000a\000n\000s\000i\000o\000n\000\040\000C\000o\000n\000v\000e\000r\000g\000e\000n\000c\000e}{section.X.2}% 673
\BOOKMARK [2][-]{subsection.X.2.5}{\376\377\000S\000t\000e\000p\000\040\0004\000:\000\040\000V\000a\000f\000a\000-\000W\000i\000t\000t\000e\000n\000\040\000E\000i\000g\000e\000n\000v\000a\000l\000u\000e\000\040\000P\000r\000o\000t\000e\000c\000t\000i\000o\000n}{section.X.2}% 674
\BOOKMARK [2][-]{subsection.X.2.6}{\376\377\000S\000t\000e\000p\000\040\0005\000:\000\040\000C\000o\000m\000p\000a\000t\000i\000b\000i\000l\000i\000t\000y\000\040\000w\000i\000t\000h\000\040\000P\000i\000r\000o\000g\000o\000v\000-\000S\000i\000n\000a\000i\000\040\000T\000h\000e\000o\000r\000y}{section.X.2}% 675
\BOOKMARK [2][-]{subsection.X.2.7}{\376\377\000M\000a\000i\000n\000\040\000R\000e\000s\000u\000l\000t}{section.X.2}% 676
\BOOKMARK [2][-]{subsection.X.2.8}{\376\377\000E\000x\000p\000l\000i\000c\000i\000t\000\040\000C\000o\000n\000s\000t\000a\000n\000t\000s\000\040\000a\000n\000d\000\040\000E\000s\000t\000i\000m\000a\000t\000e\000s}{section.X.2}% 677
\BOOKMARK [2][-]{subsection.X.2.9}{\376\377\000R\000e\000s\000o\000l\000u\000t\000i\000o\000n\000\040\000o\000f\000\040\000t\000h\000e\000\040\000A\000d\000j\000o\000i\000n\000t\000\040\000I\000n\000t\000e\000r\000p\000o\000l\000a\000t\000i\000o\000n}{section.X.2}% 678
\BOOKMARK [1][-]{section.X.3}{\376\377\000R\000e\000s\000o\000l\000u\000t\000i\000o\000n\000\040\000o\000f\000\040\000t\000h\000e\000\040\000N\000o\000n\000-\000L\000o\000c\000a\000l\000i\000t\000y\000\040\000O\000b\000s\000t\000r\000u\000c\000t\000i\000o\000n}{appendix.X}% 679
\BOOKMARK [2][-]{subsection.X.3.1}{\376\377\000T\000h\000e\000\040\000C\000r\000i\000t\000i\000c\000a\000l\000\040\000G\000a\000p\000\040\000I\000d\000e\000n\000t\000i\000f\000i\000e\000d}{section.X.3}% 680
\BOOKMARK [2][-]{subsection.X.3.2}{\376\377\000T\000h\000e\000\040\000R\000e\000s\000o\000l\000u\000t\000i\000o\000n\000\040\000S\000t\000r\000a\000t\000e\000g\000y}{section.X.3}% 681
\BOOKMARK [2][-]{subsection.X.3.3}{\376\377\000I\000m\000p\000l\000i\000c\000a\000t\000i\000o\000n\000s\000\040\000f\000o\000r\000\040\000t\000h\000e\000\040\000M\000a\000s\000s\000\040\000G\000a\000p\000\040\000P\000r\000o\000o\000f}{section.X.3}% 682
\BOOKMARK [2][-]{subsection.X.3.4}{\376\377\000C\000o\000m\000p\000a\000r\000i\000s\000o\000n\000\040\000w\000i\000t\000h\000\040\000P\000r\000e\000v\000i\000o\000u\000s\000\040\000A\000p\000p\000r\000o\000a\000c\000h\000e\000s}{section.X.3}% 683
\BOOKMARK [2][-]{subsection.X.3.5}{\376\377\000S\000t\000a\000t\000u\000s\000\040\000R\000e\000s\000o\000l\000u\000t\000i\000o\000n}{section.X.3}% 684
\BOOKMARK [2][-]{subsection.X.3.6}{\376\377\000R\000e\000m\000a\000i\000n\000i\000n\000g\000\040\000W\000o\000r\000k}{section.X.3}% 685
\BOOKMARK [2][-]{subsection.X.3.7}{\376\377\000C\000o\000n\000c\000l\000u\000s\000i\000o\000n}{section.X.3}% 686
\BOOKMARK [0][-]{appendix.Y}{\376\377\000E\000x\000p\000l\000i\000c\000i\000t\000\040\000C\000o\000n\000s\000t\000a\000n\000t\000s\000\040\000a\000n\000d\000\040\000N\000u\000m\000e\000r\000i\000c\000a\000l\000\040\000B\000o\000u\000n\000d\000s}{Item.193}% 687
\BOOKMARK [1][-]{section.Y.1}{\376\377\000E\000x\000p\000l\000i\000c\000i\000t\000\040\000N\000u\000m\000e\000r\000i\000c\000a\000l\000\040\000B\000o\000u\000n\000d\000s\000\040\000a\000n\000d\000\040\000P\000h\000y\000s\000i\000c\000a\000l\000\040\000P\000r\000e\000d\000i\000c\000t\000i\000o\000n\000s}{appendix.Y}% 688
\BOOKMARK [1][-]{section.Y.2}{\376\377\000E\000x\000p\000l\000i\000c\000i\000t\000\040\000C\000o\000n\000s\000t\000a\000n\000t\000\040\000C\000o\000m\000p\000u\000t\000a\000t\000i\000o\000n\000s}{appendix.Y}% 689
\BOOKMARK [2][-]{subsection.Y.2.1}{\376\377\000F\000u\000n\000d\000a\000m\000e\000n\000t\000a\000l\000\040\000C\000o\000n\000s\000t\000a\000n\000t\000s\000\040\000f\000o\000r\000\040\000S\000U\000\050\000N\000\051}{section.Y.2}% 690
\BOOKMARK [2][-]{subsection.Y.2.2}{\376\377\000H\000o\000l\000l\000e\000y\000-\000S\000t\000r\000o\000o\000c\000k\000\040\000P\000e\000r\000t\000u\000r\000b\000a\000t\000i\000o\000n\000\040\000C\000o\000n\000s\000t\000a\000n\000t\000s}{section.Y.2}% 691
\BOOKMARK [2][-]{subsection.Y.2.3}{\376\377\000O\000s\000c\000i\000l\000l\000a\000t\000i\000o\000n\000\040\000B\000o\000u\000n\000d\000s\000\040\000f\000o\000r\000\040\000Y\000a\000n\000g\000-\000M\000i\000l\000l\000s}{section.Y.2}% 692
\BOOKMARK [2][-]{subsection.Y.2.4}{\376\377\000G\000i\000l\000e\000s\000-\000T\000e\000p\000e\000r\000\040\000C\000o\000e\000f\000f\000i\000c\000i\000e\000n\000t\000:\000\040\000R\000i\000g\000o\000r\000o\000u\000s\000\040\000D\000e\000r\000i\000v\000a\000t\000i\000o\000n}{section.Y.2}% 693
\BOOKMARK [2][-]{subsection.Y.2.5}{\376\377\000S\000t\000r\000o\000n\000g\000\040\000C\000o\000u\000p\000l\000i\000n\000g\000\040\000E\000x\000p\000a\000n\000s\000i\000o\000n\000\040\000C\000o\000n\000s\000t\000a\000n\000t\000s}{section.Y.2}% 694
\BOOKMARK [2][-]{subsection.Y.2.6}{\376\377\000S\000t\000r\000i\000n\000g\000\040\000T\000e\000n\000s\000i\000o\000n\000\040\000a\000t\000\040\000S\000t\000r\000o\000n\000g\000\040\000C\000o\000u\000p\000l\000i\000n\000g}{section.Y.2}% 695
\BOOKMARK [2][-]{subsection.Y.2.7}{\376\377\000B\000e\000s\000s\000e\000l\000\040\000F\000u\000n\000c\000t\000i\000o\000n\000\040\000R\000a\000t\000i\000o\000s}{section.Y.2}% 696
\BOOKMARK [2][-]{subsection.Y.2.8}{\376\377\000Z\000e\000g\000a\000r\000l\000i\000n\000s\000k\000i\000\040\000B\000l\000o\000c\000k\000\040\000D\000e\000c\000o\000m\000p\000o\000s\000i\000t\000i\000o\000n\000\040\000C\000o\000n\000s\000t\000a\000n\000t\000s}{section.Y.2}% 697
\BOOKMARK [2][-]{subsection.Y.2.9}{\376\377\000R\000G\000\040\000F\000l\000o\000w\000\040\000C\000o\000n\000s\000t\000a\000n\000t\000s}{section.Y.2}% 698
\BOOKMARK [2][-]{subsection.Y.2.10}{\376\377\000S\000u\000m\000m\000a\000r\000y\000\040\000o\000f\000\040\000A\000l\000l\000\040\000C\000r\000i\000t\000i\000c\000a\000l\000\040\000C\000o\000n\000s\000t\000a\000n\000t\000s}{section.Y.2}% 699
\BOOKMARK [1][-]{section.Y.3}{\376\377\000E\000x\000p\000l\000i\000c\000i\000t\000\040\000C\000o\000n\000s\000t\000a\000n\000t\000s\000:\000\040\000D\000e\000r\000i\000v\000a\000t\000i\000o\000n\000\040\000a\000n\000d\000\040\000B\000o\000u\000n\000d\000s}{appendix.Y}% 700
\BOOKMARK [2][-]{subsection.Y.3.1}{\376\377\000F\000u\000n\000d\000a\000m\000e\000n\000t\000a\000l\000\040\000G\000r\000o\000u\000p\000\040\000T\000h\000e\000o\000r\000y\000\040\000C\000o\000n\000s\000t\000a\000n\000t\000s}{section.Y.3}% 701
\BOOKMARK [2][-]{subsection.Y.3.2}{\376\377\000L\000o\000g\000-\000S\000o\000b\000o\000l\000e\000v\000\040\000C\000o\000n\000s\000t\000a\000n\000t\000s}{section.Y.3}% 702
\BOOKMARK [2][-]{subsection.Y.3.3}{\376\377\000H\000o\000l\000l\000e\000y\000-\000S\000t\000r\000o\000o\000c\000k\000\040\000P\000e\000r\000t\000u\000r\000b\000a\000t\000i\000o\000n\000\040\000C\000o\000n\000s\000t\000a\000n\000t\000s}{section.Y.3}% 703
\BOOKMARK [2][-]{subsection.Y.3.4}{\376\377\000C\000r\000i\000t\000i\000c\000a\000l\000\040\000C\000o\000u\000p\000l\000i\000n\000g\000\040\000V\000a\000l\000u\000e\000s}{section.Y.3}% 704
\BOOKMARK [2][-]{subsection.Y.3.5}{\376\377\000G\000i\000l\000e\000s\000-\000T\000e\000p\000e\000r\000\040\000B\000o\000u\000n\000d\000\040\000C\000o\000n\000s\000t\000a\000n\000t\000s}{section.Y.3}% 705
\BOOKMARK [2][-]{subsection.Y.3.6}{\376\377\000A\000s\000y\000m\000p\000t\000o\000t\000i\000c\000\040\000F\000r\000e\000e\000d\000o\000m\000\040\000C\000o\000n\000s\000t\000a\000n\000t\000s}{section.Y.3}% 706
\BOOKMARK [2][-]{subsection.Y.3.7}{\376\377\000S\000t\000r\000i\000n\000g\000\040\000T\000e\000n\000s\000i\000o\000n\000\040\000a\000n\000d\000\040\000M\000a\000s\000s\000\040\000G\000a\000p\000\040\000V\000a\000l\000u\000e\000s}{section.Y.3}% 707
\BOOKMARK [2][-]{subsection.Y.3.8}{\376\377\000Z\000e\000g\000a\000r\000l\000i\000n\000s\000k\000i\000\040\000C\000o\000n\000s\000t\000a\000n\000t\000s}{section.Y.3}% 708
\BOOKMARK [2][-]{subsection.Y.3.9}{\376\377\000S\000u\000m\000m\000a\000r\000y\000\040\000T\000a\000b\000l\000e\000:\000\040\000A\000l\000l\000\040\000C\000o\000n\000s\000t\000a\000n\000t\000s}{section.Y.3}% 709
\BOOKMARK [1][-]{section.Y.4}{\376\377\000E\000x\000p\000l\000i\000c\000i\000t\000\040\000C\000o\000n\000s\000t\000a\000n\000t\000s\000:\000\040\000D\000e\000r\000i\000v\000a\000t\000i\000o\000n\000\040\000a\000n\000d\000\040\000B\000o\000u\000n\000d\000s}{appendix.Y}% 710
\BOOKMARK [2][-]{subsection.Y.4.1}{\376\377\000F\000u\000n\000d\000a\000m\000e\000n\000t\000a\000l\000\040\000G\000r\000o\000u\000p\000\040\000C\000o\000n\000s\000t\000a\000n\000t\000s}{section.Y.4}% 711
\BOOKMARK [2][-]{subsection.Y.4.2}{\376\377\000G\000i\000l\000e\000s\000-\000T\000e\000p\000e\000r\000\040\000C\000o\000n\000s\000t\000a\000n\000t\000s}{section.Y.4}% 712
\BOOKMARK [2][-]{subsection.Y.4.3}{\376\377\000T\000r\000a\000n\000s\000f\000e\000r\000\040\000M\000a\000t\000r\000i\000x\000\040\000C\000o\000n\000s\000t\000a\000n\000t\000s}{section.Y.4}% 713
\BOOKMARK [2][-]{subsection.Y.4.4}{\376\377\000H\000o\000l\000l\000e\000y\000-\000S\000t\000r\000o\000o\000c\000k\000\040\000C\000o\000n\000s\000t\000a\000n\000t\000s}{section.Y.4}% 714
\BOOKMARK [2][-]{subsection.Y.4.5}{\376\377\000B\000l\000o\000c\000k\000\040\000D\000e\000c\000o\000m\000p\000o\000s\000i\000t\000i\000o\000n\000\040\000C\000o\000n\000s\000t\000a\000n\000t\000s}{section.Y.4}% 715
\BOOKMARK [2][-]{subsection.Y.4.6}{\376\377\000I\000n\000t\000e\000r\000i\000o\000r\000\040\000L\000S\000I\000\040\000C\000o\000n\000s\000t\000a\000n\000t\000s}{section.Y.4}% 716
\BOOKMARK [2][-]{subsection.Y.4.7}{\376\377\000C\000o\000n\000d\000i\000t\000i\000o\000n\000a\000l\000\040\000T\000e\000n\000s\000o\000r\000i\000z\000a\000t\000i\000o\000n\000\040\000C\000o\000n\000s\000t\000a\000n\000t\000s}{section.Y.4}% 717
\BOOKMARK [2][-]{subsection.Y.4.8}{\376\377\000P\000h\000y\000s\000i\000c\000a\000l\000\040\000S\000c\000a\000l\000e\000\040\000C\000o\000n\000s\000t\000a\000n\000t\000s}{section.Y.4}% 718
\BOOKMARK [2][-]{subsection.Y.4.9}{\376\377\000A\000s\000y\000m\000p\000t\000o\000t\000i\000c\000\040\000F\000r\000e\000e\000d\000o\000m\000\040\000C\000o\000n\000s\000t\000a\000n\000t\000s}{section.Y.4}% 719
\BOOKMARK [2][-]{subsection.Y.4.10}{\376\377\000L\000a\000t\000t\000i\000c\000e\000-\000t\000o\000-\000C\000o\000n\000t\000i\000n\000u\000u\000m\000\040\000S\000c\000a\000l\000i\000n\000g}{section.Y.4}% 720
\BOOKMARK [2][-]{subsection.Y.4.11}{\376\377\000C\000o\000m\000p\000l\000e\000t\000e\000\040\000C\000o\000n\000s\000t\000a\000n\000t\000\040\000S\000u\000m\000m\000a\000r\000y}{section.Y.4}% 721
\BOOKMARK [2][-]{subsection.Y.4.12}{\376\377\000V\000e\000r\000i\000f\000i\000c\000a\000t\000i\000o\000n\000\040\000S\000t\000a\000t\000u\000s}{section.Y.4}% 722
\BOOKMARK [0][-]{appendix.Z}{\376\377\000N\000u\000m\000e\000r\000i\000c\000a\000l\000\040\000V\000e\000r\000i\000f\000i\000c\000a\000t\000i\000o\000n\000\040\000o\000f\000\040\000C\000r\000i\000t\000i\000c\000a\000l\000\040\000M\000a\000s\000s\000\040\000P\000a\000r\000a\000m\000e\000t\000e\000r\000s}{Item.193}% 723
\BOOKMARK [1][-]{section.Z.1}{\376\377\000O\000b\000j\000e\000c\000t\000i\000v\000e}{appendix.Z}% 724
\BOOKMARK [1][-]{section.Z.2}{\376\377\000D\000e\000f\000i\000n\000i\000t\000i\000o\000n\000\040\000o\000f\000\040\000t\000h\000e\000\040\000C\000r\000i\000t\000i\000c\000a\000l\000\040\000M\000a\000s\000s}{appendix.Z}% 725
\BOOKMARK [1][-]{section.Z.3}{\376\377\000L\000o\000o\000p\000\040\000E\000n\000t\000r\000o\000p\000y\000\040\000B\000o\000u\000n\000d\000s}{appendix.Z}% 726
\BOOKMARK [1][-]{section.Z.4}{\376\377\000C\000a\000l\000c\000u\000l\000a\000t\000i\000o\000n\000\040\000o\000f\000\040\000C\000d}{appendix.Z}% 727
\BOOKMARK [1][-]{section.Z.5}{\376\377\000R\000e\000s\000u\000l\000t\000s\000:\000\040\000C\000r\000i\000t\000i\000c\000a\000l\000\040\000M\000a\000s\000s\000\040\000V\000a\000l\000u\000e\000s}{appendix.Z}% 728
\BOOKMARK [2][-]{subsection.Z.5.1}{\376\377\000S\000U\000\050\0002\000\051\000\040\000C\000a\000s\000e}{section.Z.5}% 729
\BOOKMARK [2][-]{subsection.Z.5.2}{\376\377\000S\000U\000\050\0003\000\051\000\040\000C\000a\000s\000e}{section.Z.5}% 730
\BOOKMARK [1][-]{section.Z.6}{\376\377\000I\000m\000p\000r\000o\000v\000e\000d\000\040\000B\000o\000u\000n\000d\000s\000\040\000v\000i\000a\000\040\000V\000a\000f\000a\000-\000W\000i\000t\000t\000e\000n}{appendix.Z}% 731
\BOOKMARK [1][-]{section.Z.7}{\376\377\000C\000o\000n\000c\000l\000u\000s\000i\000o\000n}{appendix.Z}% 732
\BOOKMARK [0][-]{appendix.Alph27}{\376\377\000D\000e\000t\000a\000i\000l\000e\000d\000\040\000A\000n\000a\000l\000y\000t\000i\000c\000\040\000D\000e\000r\000i\000v\000a\000t\000i\000o\000n\000s}{Item.193}% 733
\BOOKMARK [1][-]{section.Alph27.1}{\376\377\000T\000h\000r\000e\000e\000\040\000R\000i\000g\000o\000r\000o\000u\000s\000\040\000H\000a\000r\000d\000\040\000A\000n\000a\000l\000y\000s\000i\000s\000\040\000D\000e\000r\000i\000v\000a\000t\000i\000o\000n\000s}{appendix.Alph27}% 734
\BOOKMARK [2][-]{subsection.Alph27.1.1}{\376\377\000D\000e\000r\000i\000v\000a\000t\000i\000o\000n\000\040\0001\000:\000\040\000T\000h\000e\000\040\000M\000i\000c\000r\000o\000s\000c\000o\000p\000i\000c\000\040\000S\000p\000e\000c\000t\000r\000a\000l\000\040\000G\000a\000p\000\040\000\050\000A\000n\000a\000l\000y\000s\000i\000s\000\040\000o\000f\000\040\000t\000h\000e\000\040\000T\000r\000a\000n\000s\000f\000e\000r\000\040\000M\000a\000t\000r\000i\000x\000\051}{section.Alph27.1}% 735
\BOOKMARK [2][-]{subsection.Alph27.1.2}{\376\377\000D\000e\000r\000i\000v\000a\000t\000i\000o\000n\000\040\0002\000:\000\040\000U\000n\000i\000f\000o\000r\000m\000\040\000L\000o\000g\000-\000S\000o\000b\000o\000l\000e\000v\000\040\000I\000n\000e\000q\000u\000a\000l\000i\000t\000y\000\040\000v\000i\000a\000\040\000C\000o\000n\000d\000i\000t\000i\000o\000n\000a\000l\000\040\000T\000e\000n\000s\000o\000r\000i\000z\000a\000t\000i\000o\000n}{section.Alph27.1}% 736
\BOOKMARK [2][-]{subsection.Alph27.1.3}{\376\377\000D\000e\000r\000i\000v\000a\000t\000i\000o\000n\000\040\0003\000:\000\040\000T\000h\000e\000\040\000C\000o\000n\000t\000i\000n\000u\000u\000m\000\040\000L\000i\000m\000i\000t\000\040\000v\000i\000a\000\040\000M\000o\000s\000c\000o\000\040\000C\000o\000n\000v\000e\000r\000g\000e\000n\000c\000e}{section.Alph27.1}% 737
\BOOKMARK [2][-]{subsection.Alph27.1.4}{\376\377\000D\000e\000r\000i\000v\000a\000t\000i\000o\000n\000\040\0004\000:\000\040\000A\000n\000a\000l\000y\000t\000i\000c\000i\000t\000y\000\040\000v\000i\000a\000\040\000G\000e\000n\000e\000r\000a\000l\000i\000z\000e\000d\000\040\000A\000s\000a\000n\000o\000\040\000C\000o\000n\000t\000r\000a\000c\000t\000i\000o\000n\000s}{section.Alph27.1}% 738
\BOOKMARK [2][-]{subsection.Alph27.1.5}{\376\377\000D\000e\000r\000i\000v\000a\000t\000i\000o\000n\000\040\0005\000:\000\040\000T\000h\000e\000\040\000D\000i\000s\000c\000r\000e\000t\000e\000\040\000G\000e\000o\000m\000e\000t\000r\000i\000c\000\040\000G\000a\000p\000\040\000\050\000O\000l\000l\000i\000v\000i\000e\000r\000-\000R\000i\000c\000c\000i\000\040\000C\000u\000r\000v\000a\000t\000u\000r\000e\000\051}{section.Alph27.1}% 739
\BOOKMARK [2][-]{subsection.Alph27.1.6}{\376\377\000D\000e\000r\000i\000v\000a\000t\000i\000o\000n\000\040\0006\000:\000\040\000T\000h\000e\000\040\000R\000i\000g\000o\000r\000o\000u\000s\000\040\000G\000i\000l\000e\000s\000-\000T\000e\000p\000e\000r\000\040\000B\000o\000u\000n\000d\000\040\000v\000i\000a\000\040\000T\000e\000m\000p\000l\000e\000'\000s\000\040\000I\000n\000e\000q\000u\000a\000l\000i\000t\000y}{section.Alph27.1}% 740
\BOOKMARK [2][-]{subsection.Alph27.1.7}{\376\377\000D\000e\000r\000i\000v\000a\000t\000i\000o\000n\000\040\0007\000:\000\040\000T\000h\000e\000\040\000S\000t\000r\000a\000t\000i\000f\000i\000e\000d\000\040\000H\000a\000r\000d\000y\000\040\000I\000n\000e\000q\000u\000a\000l\000i\000t\000y\000\040\000\050\000R\000e\000s\000o\000l\000v\000i\000n\000g\000\040\000S\000i\000n\000g\000u\000l\000a\000r\000i\000t\000i\000e\000s\000\051}{section.Alph27.1}% 741
\BOOKMARK [2][-]{subsection.Alph27.1.8}{\376\377\000D\000e\000r\000i\000v\000a\000t\000i\000o\000n\000\040\0008\000:\000\040\000C\000o\000n\000t\000i\000n\000u\000u\000m\000\040\000O\000b\000s\000e\000r\000v\000a\000b\000l\000e\000s\000\040\000v\000i\000a\000\040\000T\000h\000e\000\040\000S\000e\000w\000i\000n\000g\000\040\000L\000e\000m\000m\000a\000\040\000\050\000R\000o\000u\000g\000h\000\040\000P\000a\000t\000h\000s\000\051}{section.Alph27.1}% 742
\BOOKMARK [2][-]{subsection.Alph27.1.9}{\376\377\000D\000e\000r\000i\000v\000a\000t\000i\000o\000n\000\040\0009\000:\000\040\000T\000h\000e\000\040\000D\000e\000c\000o\000u\000p\000l\000i\000n\000g\000\040\000L\000i\000m\000i\000t\000\040\000v\000i\000a\000\040\000F\000e\000s\000h\000b\000a\000c\000h\000-\000S\000c\000h\000u\000r\000\040\000M\000a\000p\000s}{section.Alph27.1}% 743
\BOOKMARK [2][-]{subsection.Alph27.1.10}{\376\377\000D\000e\000r\000i\000v\000a\000t\000i\000o\000n\000\040\0001\0000\000:\000\040\000R\000e\000s\000t\000o\000r\000a\000t\000i\000o\000n\000\040\000o\000f\000\040\000S\000O\000\050\0004\000\051\000\040\000S\000y\000m\000m\000e\000t\000r\000y\000\040\000v\000i\000a\000\040\000S\000y\000m\000a\000n\000z\000i\000k\000\040\000F\000l\000o\000w}{section.Alph27.1}% 744
\BOOKMARK [2][-]{subsection.Alph27.1.11}{\376\377\000D\000e\000r\000i\000v\000a\000t\000i\000o\000n\000\040\0001\0001\000:\000\040\000T\000o\000p\000o\000l\000o\000g\000i\000c\000a\000l\000\040\000S\000t\000a\000b\000i\000l\000i\000t\000y\000\040\000v\000i\000a\000\040\000T\000h\000e\000\040\000L\000a\000t\000t\000i\000c\000e\000\040\000I\000n\000d\000e\000x\000\040\000T\000h\000e\000o\000r\000e\000m}{section.Alph27.1}% 745
\BOOKMARK [2][-]{subsection.Alph27.1.12}{\376\377\000D\000e\000r\000i\000v\000a\000t\000i\000o\000n\000\040\0001\0002\000:\000\040\000V\000a\000c\000u\000u\000m\000\040\000U\000n\000i\000q\000u\000e\000n\000e\000s\000s\000\040\000v\000i\000a\000\040\000C\000l\000u\000s\000t\000e\000r\000\040\000D\000e\000c\000o\000m\000p\000o\000s\000i\000t\000i\000o\000n}{section.Alph27.1}% 746
\BOOKMARK [1][-]{section.Alph27.2}{\376\377\000H\000a\000r\000d\000\040\000A\000n\000a\000l\000y\000s\000i\000s\000\040\000o\000f\000\040\000C\000r\000i\000t\000i\000c\000a\000l\000\040\000T\000h\000e\000o\000r\000e\000m\000s}{appendix.Alph27}% 747
\BOOKMARK [2][-]{subsection.Alph27.2.1}{\376\377\000R\000i\000g\000o\000r\000o\000u\000s\000\040\000C\000o\000m\000p\000l\000e\000x\000\040\000C\000l\000u\000s\000t\000e\000r\000\040\000E\000x\000p\000a\000n\000s\000i\000o\000n}{section.Alph27.2}% 748
\BOOKMARK [2][-]{subsection.Alph27.2.2}{\376\377\000B\000o\000u\000n\000d\000a\000r\000y\000\040\000D\000e\000c\000a\000y\000\040\000E\000s\000t\000i\000m\000a\000t\000e\000\040\000\050\000E\000f\000f\000e\000c\000t\000i\000v\000e\000\040\000H\000a\000m\000i\000l\000t\000o\000n\000i\000a\000n\000\051}{section.Alph27.2}% 749
\BOOKMARK [2][-]{subsection.Alph27.2.3}{\376\377\000S\000y\000m\000a\000n\000z\000i\000k\000\040\000R\000a\000t\000e\000\040\000A\000n\000a\000l\000y\000s\000i\000s\000\040\000\050\000R\000i\000g\000o\000r\000o\000u\000s\000\040\000R\000e\000s\000o\000l\000v\000e\000n\000t\000\040\000C\000o\000n\000v\000e\000r\000g\000e\000n\000c\000e\000\051}{section.Alph27.2}% 750
\BOOKMARK [2][-]{subsection.Alph27.2.4}{\376\377\000T\000h\000e\000\040\000B\000a\000t\000t\000l\000e\000-\000F\000e\000d\000e\000r\000b\000u\000s\000h\000\040\000B\000o\000u\000n\000d\000\040\000f\000o\000r\000\040\000U\000V\000\040\000S\000t\000a\000b\000i\000l\000i\000t\000y}{section.Alph27.2}% 751
\BOOKMARK [1][-]{section.Alph27.3}{\376\377\000F\000i\000n\000a\000l\000\040\000S\000t\000r\000u\000c\000t\000u\000r\000a\000l\000\040\000A\000n\000a\000l\000y\000s\000i\000s}{appendix.Alph27}% 752
\BOOKMARK [2][-]{subsection.Alph27.3.1}{\376\377\000R\000i\000g\000o\000r\000o\000u\000s\000\040\000M\000o\000s\000c\000o\000\040\000C\000o\000n\000v\000e\000r\000g\000e\000n\000c\000e}{section.Alph27.3}% 753
\BOOKMARK [2][-]{subsection.Alph27.3.2}{\376\377\000M\000i\000n\000l\000o\000s\000-\000B\000o\000c\000h\000n\000e\000r\000\040\000C\000o\000n\000t\000i\000n\000u\000i\000t\000y}{section.Alph27.3}% 754
\BOOKMARK [2][-]{subsection.Alph27.3.3}{\376\377\000N\000o\000r\000m\000\040\000R\000e\000s\000o\000l\000v\000e\000n\000t\000\040\000C\000o\000n\000v\000e\000r\000g\000e\000n\000c\000e}{section.Alph27.3}% 755
\BOOKMARK [2][-]{subsection.Alph27.3.4}{\376\377\000C\000h\000e\000s\000s\000b\000o\000a\000r\000d\000\040\000M\000a\000j\000o\000r\000i\000z\000a\000t\000i\000o\000n}{section.Alph27.3}% 756
\BOOKMARK [2][-]{subsection.Alph27.3.5}{\376\377\000S\000c\000a\000l\000i\000n\000g\000\040\000S\000t\000a\000b\000i\000l\000i\000t\000y\000\040\000\050\000C\000a\000l\000l\000a\000n\000-\000S\000y\000m\000a\000n\000z\000i\000k\000\040\000I\000n\000t\000e\000g\000r\000a\000b\000i\000l\000i\000t\000y\000\051}{section.Alph27.3}% 757
\BOOKMARK [2][-]{subsection.Alph27.3.6}{\376\377\000G\000e\000o\000m\000e\000t\000r\000i\000c\000\040\000S\000i\000n\000g\000u\000l\000a\000r\000i\000t\000i\000e\000s\000\040\000\050\000S\000t\000r\000a\000t\000i\000f\000i\000e\000d\000\040\000S\000p\000a\000c\000e\000\040\000A\000n\000a\000l\000y\000s\000i\000s\000\051}{section.Alph27.3}% 758
\BOOKMARK [2][-]{subsection.Alph27.3.7}{\376\377\000V\000a\000c\000u\000u\000m\000\040\000U\000n\000i\000q\000u\000e\000n\000e\000s\000s\000\040\000\050\000T\000h\000e\000r\000m\000o\000d\000y\000n\000a\000m\000i\000c\000\040\000L\000i\000m\000i\000t\000\051}{section.Alph27.3}% 759
\BOOKMARK [2][-]{subsection.Alph27.3.8}{\376\377\000P\000h\000a\000s\000e\000\040\000S\000t\000a\000b\000i\000l\000i\000t\000y\000\040\000\050\000C\000o\000m\000p\000l\000e\000x\000\040\000P\000i\000r\000o\000g\000o\000v\000-\000S\000i\000n\000a\000i\000\051}{section.Alph27.3}% 760
\BOOKMARK [2][-]{subsection.Alph27.3.9}{\376\377\000G\000r\000i\000b\000o\000v\000\040\000H\000o\000r\000i\000z\000o\000n\000\040\000C\000o\000n\000t\000r\000o\000l}{section.Alph27.3}% 761
\BOOKMARK [2][-]{subsection.Alph27.3.10}{\376\377\000B\000o\000r\000e\000l\000\040\000S\000u\000m\000m\000a\000b\000i\000l\000i\000t\000y}{section.Alph27.3}% 762
\BOOKMARK [2][-]{subsection.Alph27.3.11}{\376\377\000A\000n\000a\000l\000y\000t\000i\000c\000\040\000B\000a\000s\000e\000\040\000C\000a\000s\000e}{section.Alph27.3}% 763
\BOOKMARK [2][-]{subsection.Alph27.3.12}{\376\377\000R\000e\000c\000o\000n\000s\000t\000r\000u\000c\000t\000i\000o\000n\000\040\000B\000o\000u\000n\000d\000s\000\040\000\050\000T\000h\000e\000\040\000L\000i\000n\000e\000a\000r\000\040\000G\000r\000o\000w\000t\000h\000\040\000C\000o\000n\000d\000i\000t\000i\000o\000n\000\051}{section.Alph27.3}% 764
\BOOKMARK [2][-]{subsection.Alph27.3.13}{\376\377\000M\000i\000c\000r\000o\000c\000a\000u\000s\000a\000l\000i\000t\000y\000\040\000V\000e\000r\000i\000f\000i\000c\000a\000t\000i\000o\000n}{section.Alph27.3}% 765
\BOOKMARK [2][-]{subsection.Alph27.3.14}{\376\377\000Q\000u\000a\000n\000t\000i\000t\000a\000t\000i\000v\000e\000\040\000R\000e\000g\000i\000m\000e\000\040\000P\000a\000t\000c\000h\000i\000n\000g}{section.Alph27.3}% 766
\BOOKMARK [2][-]{subsection.Alph27.3.15}{\376\377\000G\000a\000u\000g\000e\000-\000I\000n\000v\000a\000r\000i\000a\000n\000t\000\040\000S\000o\000b\000o\000l\000e\000v\000\040\000S\000p\000a\000c\000e\000s}{section.Alph27.3}% 767
\BOOKMARK [2][-]{subsection.Alph27.3.16}{\376\377\000T\000h\000e\000\040\000U\000p\000p\000e\000r\000\040\000G\000a\000p\000\040\000\050\000P\000a\000r\000t\000i\000c\000l\000e\000\040\000S\000t\000a\000b\000i\000l\000i\000t\000y\000\051}{section.Alph27.3}% 768
\BOOKMARK [2][-]{subsection.Alph27.3.17}{\376\377\000T\000h\000e\000\040\000H\000a\000a\000g\000-\000K\000a\000s\000t\000l\000e\000r\000\040\000A\000x\000i\000o\000m\000s\000\040\000\050\000L\000o\000c\000a\000l\000\040\000A\000l\000g\000e\000b\000r\000a\000s\000\051}{section.Alph27.3}% 769
\BOOKMARK [2][-]{subsection.Alph27.3.18}{\376\377\000T\000h\000e\000\040\000S\000c\000h\000w\000i\000n\000g\000e\000r\000-\000D\000y\000s\000o\000n\000\040\000E\000q\000u\000a\000t\000i\000o\000n\000s}{section.Alph27.3}% 770
\BOOKMARK [2][-]{subsection.Alph27.3.19}{\376\377\000T\000h\000e\000\040\000T\000h\000e\000t\000a\000\040\000A\000n\000g\000l\000e\000\040\000\050\000T\000o\000p\000o\000l\000o\000g\000i\000c\000a\000l\000\040\000R\000i\000g\000o\000r\000\051}{section.Alph27.3}% 771
\BOOKMARK [2][-]{subsection.Alph27.3.20}{\376\377\000T\000h\000e\000\040\000G\000l\000u\000e\000b\000a\000l\000l\000\040\000S\000p\000i\000n\000\040\000\050\000A\000n\000g\000u\000l\000a\000r\000\040\000M\000o\000m\000e\000n\000t\000u\000m\000\051}{section.Alph27.3}% 772
\BOOKMARK [2][-]{subsection.Alph27.3.21}{\376\377\000L\000a\000r\000g\000e\000\040\000N\000\040\000S\000c\000a\000l\000i\000n\000g\000\040\000\050\000'\000t\000\040\000H\000o\000o\000f\000t\000\040\000L\000i\000m\000i\000t\000\051}{section.Alph27.3}% 773
\BOOKMARK [2][-]{subsection.Alph27.3.22}{\376\377\000T\000h\000e\000\040\000F\000i\000n\000a\000l\000\040\000C\000o\000n\000s\000i\000s\000t\000e\000n\000c\000y\000\040\000C\000h\000e\000c\000k\000\040\000\050\000T\000h\000e\000\040\000"\000E\000m\000p\000t\000y\000"\000\040\000V\000a\000c\000u\000u\000m\000\051}{section.Alph27.3}% 774
\BOOKMARK [2][-]{subsection.Alph27.3.23}{\376\377\000D\000e\000c\000a\000y\000\040\000o\000f\000\040\000I\000n\000d\000u\000c\000e\000d\000\040\000B\000o\000u\000n\000d\000a\000r\000y\000\040\000I\000n\000t\000e\000r\000a\000c\000t\000i\000o\000n\000s}{section.Alph27.3}% 775
\BOOKMARK [1][-]{section.Alph27.4}{\376\377\000H\000a\000r\000d\000\040\000A\000n\000a\000l\000y\000s\000i\000s\000\040\000D\000e\000r\000i\000v\000a\000t\000i\000o\000n\000s\000:\000\040\000G\000r\000i\000b\000o\000v\000,\000\040\000N\000u\000c\000l\000e\000a\000r\000i\000t\000y\000,\000\040\000S\000y\000m\000m\000e\000t\000r\000y\000,\000\040\000a\000n\000d\000\040\000T\000e\000m\000p\000e\000r\000e\000d\000n\000e\000s\000s}{appendix.Alph27}% 776
\BOOKMARK [2][-]{subsection.Alph27.4.1}{\376\377\000D\000e\000r\000i\000v\000a\000t\000i\000o\000n\000\040\0001\000:\000\040\000T\000h\000e\000\040\000G\000r\000i\000b\000o\000v\000\040\000H\000o\000r\000i\000z\000o\000n\000\040\000F\000i\000x\000\040\000\050\000G\000e\000o\000m\000e\000t\000r\000i\000c\000\040\000M\000a\000s\000s\000\040\000G\000e\000n\000e\000r\000a\000t\000i\000o\000n\000\051}{section.Alph27.4}% 777
\BOOKMARK [2][-]{subsection.Alph27.4.2}{\376\377\000D\000e\000r\000i\000v\000a\000t\000i\000o\000n\000\040\0002\000:\000\040\000T\000h\000e\000\040\000N\000u\000c\000l\000e\000a\000r\000i\000t\000y\000\040\000B\000o\000u\000n\000d\000\040\000\050\000P\000a\000r\000t\000i\000c\000l\000e\000\040\000S\000t\000r\000u\000c\000t\000u\000r\000e\000\051}{section.Alph27.4}% 778
\BOOKMARK [2][-]{subsection.Alph27.4.3}{\376\377\000D\000e\000r\000i\000v\000a\000t\000i\000o\000n\000\040\0003\000:\000\040\000S\000y\000m\000a\000n\000z\000i\000k\000\040\000I\000m\000p\000r\000o\000v\000e\000m\000e\000n\000t\000\040\000\050\000R\000e\000s\000t\000o\000r\000a\000t\000i\000o\000n\000\040\000o\000f\000\040\000R\000o\000t\000a\000t\000i\000o\000n\000a\000l\000\040\000S\000y\000m\000m\000e\000t\000r\000y\000\051}{section.Alph27.4}% 779
\BOOKMARK [2][-]{subsection.Alph27.4.4}{\376\377\000D\000e\000r\000i\000v\000a\000t\000i\000o\000n\000\040\0004\000:\000\040\000T\000e\000m\000p\000e\000r\000e\000d\000n\000e\000s\000s\000\040\000C\000h\000e\000c\000k\000\040\000\050\000L\000i\000n\000e\000a\000r\000\040\000G\000r\000o\000w\000t\000h\000\040\000C\000o\000n\000d\000i\000t\000i\000o\000n\000\051}{section.Alph27.4}% 780
\BOOKMARK [1][-]{section.Alph27.5}{\376\377\000F\000i\000n\000a\000l\000\040\000H\000a\000r\000d\000\040\000A\000n\000a\000l\000y\000s\000i\000s\000:\000\040\000S\000i\000n\000g\000u\000l\000a\000r\000i\000t\000i\000e\000s\000,\000\040\000S\000u\000m\000m\000a\000b\000i\000l\000i\000t\000y\000,\000\040\000a\000n\000d\000\040\000H\000o\000m\000o\000g\000e\000n\000i\000z\000a\000t\000i\000o\000n}{appendix.Alph27}% 781
\BOOKMARK [2][-]{subsection.Alph27.5.1}{\376\377\000T\000h\000e\000\040\000R\000o\000u\000g\000h\000e\000n\000i\000n\000g\000\040\000T\000r\000a\000n\000s\000i\000t\000i\000o\000n\000\040\000F\000i\000x\000\040\000\050\000W\000o\000r\000l\000d\000s\000h\000e\000e\000t\000\040\000R\000G\000\040\000F\000l\000o\000w\000\051}{section.Alph27.5}% 782
\BOOKMARK [2][-]{subsection.Alph27.5.2}{\376\377\000T\000h\000e\000\040\000S\000t\000r\000a\000t\000i\000f\000i\000e\000d\000\040\000S\000p\000a\000c\000e\000\040\000F\000i\000x\000\040\000\050\000C\000o\000n\000e\000\040\000S\000p\000e\000c\000t\000r\000a\000l\000\040\000T\000h\000e\000o\000r\000y\000\051}{section.Alph27.5}% 783
\BOOKMARK [2][-]{subsection.Alph27.5.3}{\376\377\000T\000h\000e\000\040\000B\000o\000r\000e\000l\000\040\000S\000u\000m\000m\000a\000b\000i\000l\000i\000t\000y\000\040\000S\000t\000r\000a\000t\000e\000g\000y\000\040\000\050\000R\000e\000t\000r\000a\000c\000t\000e\000d\000\051}{section.Alph27.5}% 784
\BOOKMARK [2][-]{subsection.Alph27.5.4}{\376\377\000T\000h\000e\000\040\000L\000i\000n\000e\000a\000r\000\040\000G\000r\000o\000w\000t\000h\000\040\000C\000o\000n\000d\000i\000t\000i\000o\000n\000\040\000\050\000R\000e\000f\000i\000n\000e\000d\000\040\000a\000x\000i\000o\000m\000\040\0000\000\051}{section.Alph27.5}% 785
\BOOKMARK [2][-]{subsection.Alph27.5.5}{\376\377\000M\000u\000l\000t\000i\000-\000S\000c\000a\000l\000e\000\040\000S\000p\000e\000c\000t\000r\000a\000l\000\040\000I\000n\000d\000e\000p\000e\000n\000d\000e\000n\000c\000e}{section.Alph27.5}% 786
\BOOKMARK [2][-]{subsection.Alph27.5.6}{\376\377\000T\000h\000e\000\040\000H\000o\000m\000o\000g\000e\000n\000i\000z\000a\000t\000i\000o\000n\000\040\000C\000o\000r\000r\000e\000c\000t\000o\000r\000\040\000F\000i\000x}{section.Alph27.5}% 787
\BOOKMARK [2][-]{subsection.Alph27.5.7}{\376\377\000T\000h\000e\000\040\000P\000o\000l\000c\000h\000i\000n\000s\000k\000i\000\040\000F\000l\000o\000w\000\040\000C\000o\000m\000m\000u\000t\000a\000t\000o\000r}{section.Alph27.5}% 788
\BOOKMARK [2][-]{subsection.Alph27.5.8}{\376\377\000T\000h\000e\000\040\000U\000r\000s\000e\000l\000l\000\040\000F\000u\000n\000c\000t\000i\000o\000n\000\040\000I\000n\000v\000e\000r\000s\000i\000o\000n}{section.Alph27.5}% 789
\BOOKMARK [1][-]{section.Alph27.6}{\376\377\000H\000a\000r\000d\000\040\000A\000n\000a\000l\000y\000s\000i\000s\000\040\000F\000o\000u\000n\000d\000a\000t\000i\000o\000n\000s\000:\000\040\000C\000o\000m\000p\000l\000e\000t\000e\000\040\000R\000i\000g\000o\000r\000o\000u\000s\000\040\000F\000r\000a\000m\000e\000w\000o\000r\000k}{appendix.Alph27}% 790
\BOOKMARK [2][-]{subsection.Alph27.6.1}{\376\377\000F\000u\000n\000c\000t\000i\000o\000n\000a\000l\000\040\000S\000p\000a\000c\000e\000s\000\040\000a\000n\000d\000\040\000O\000p\000e\000r\000a\000t\000o\000r\000\040\000T\000h\000e\000o\000r\000y}{section.Alph27.6}% 791
\BOOKMARK [2][-]{subsection.Alph27.6.2}{\376\377\000S\000p\000e\000c\000t\000r\000a\000l\000\040\000G\000a\000p\000\040\000E\000s\000t\000i\000m\000a\000t\000e\000s}{section.Alph27.6}% 792
\BOOKMARK [2][-]{subsection.Alph27.6.3}{\376\377\000T\000h\000e\000\040\000L\000o\000g\000-\000S\000o\000b\000o\000l\000e\000v\000\040\000I\000n\000e\000q\000u\000a\000l\000i\000t\000y}{section.Alph27.6}% 793
\BOOKMARK [2][-]{subsection.Alph27.6.4}{\376\377\000P\000e\000r\000t\000u\000r\000b\000a\000t\000i\000o\000n\000\040\000T\000h\000e\000o\000r\000y\000\040\000f\000o\000r\000\040\000L\000S\000I}{section.Alph27.6}% 794
\BOOKMARK [2][-]{subsection.Alph27.6.5}{\376\377\000U\000n\000i\000f\000o\000r\000m\000\040\000L\000o\000g\000-\000S\000o\000b\000o\000l\000e\000v\000\040\000I\000n\000e\000q\000u\000a\000l\000i\000t\000y}{section.Alph27.6}% 795
\BOOKMARK [2][-]{subsection.Alph27.6.6}{\376\377\000C\000o\000n\000t\000i\000n\000u\000u\000m\000\040\000L\000i\000m\000i\000t\000\040\000A\000n\000a\000l\000y\000s\000i\000s}{section.Alph27.6}% 796
\BOOKMARK [2][-]{subsection.Alph27.6.7}{\376\377\000E\000x\000p\000l\000i\000c\000i\000t\000\040\000N\000u\000m\000e\000r\000i\000c\000a\000l\000\040\000B\000o\000u\000n\000d\000s}{section.Alph27.6}% 797
\BOOKMARK [0][-]{appendix.Alph28}{\376\377\000C\000o\000a\000r\000s\000e\000-\000G\000r\000a\000i\000n\000i\000n\000g\000\040\000a\000n\000d\000\040\000B\000l\000o\000c\000k\000i\000n\000g\000\040\000T\000r\000a\000n\000s\000f\000o\000r\000m\000a\000t\000i\000o\000n\000s}{Item.193}% 798
\BOOKMARK [1][-]{section.Alph28.1}{\376\377\000R\000i\000g\000o\000r\000o\000u\000s\000\040\000D\000e\000r\000i\000v\000a\000t\000i\000o\000n\000s\000\040\000o\000f\000\040\000B\000l\000o\000c\000k\000i\000n\000g\000\040\000L\000e\000m\000m\000a\000s}{appendix.Alph28}% 799
\BOOKMARK [2][-]{subsection.Alph28.1.1}{\376\377\000D\000e\000r\000i\000v\000a\000t\000i\000o\000n\000:\000\040\000T\000h\000e\000\040\000L\000e\000e\000-\000Y\000a\000n\000g\000\040\000Z\000e\000r\000o\000\040\000B\000o\000u\000n\000d\000\040\000\050\000A\000b\000s\000e\000n\000c\000e\000\040\000o\000f\000\040\000P\000h\000a\000s\000e\000\040\000T\000r\000a\000n\000s\000i\000t\000i\000o\000n\000s\000\051}{section.Alph28.1}% 800
\BOOKMARK [2][-]{subsection.Alph28.1.2}{\376\377\000D\000e\000r\000i\000v\000a\000t\000i\000o\000n\000:\000\040\000T\000h\000e\000\040\000B\000a\000t\000t\000l\000e\000-\000F\000e\000d\000e\000r\000b\000u\000s\000h\000\040\000B\000o\000u\000n\000d\000\040\000\050\000U\000V\000\040\000S\000t\000a\000b\000i\000l\000i\000t\000y\000\051}{section.Alph28.1}% 801
\BOOKMARK [2][-]{subsection.Alph28.1.3}{\376\377\000D\000e\000r\000i\000v\000a\000t\000i\000o\000n\000:\000\040\000T\000h\000e\000\040\0001\000D\000\040\000T\000r\000a\000n\000s\000f\000e\000r\000\040\000M\000a\000t\000r\000i\000x\000\040\000G\000a\000p\000\040\000\050\000U\000n\000i\000f\000o\000r\000m\000\040\000L\000S\000I\000\040\000B\000a\000s\000e\000\040\000C\000a\000s\000e\000\051}{section.Alph28.1}% 802
\BOOKMARK [2][-]{subsection.Alph28.1.4}{\376\377\000D\000e\000r\000i\000v\000a\000t\000i\000o\000n\000:\000\040\000T\000h\000e\000\040\000G\000i\000l\000e\000s\000-\000T\000e\000p\000e\000r\000\040\000B\000o\000u\000n\000d\000\040\000\050\000S\000p\000e\000c\000t\000r\000a\000l\000\040\000L\000o\000w\000e\000r\000\040\000B\000o\000u\000n\000d\000\051}{section.Alph28.1}% 803
\BOOKMARK [0][-]{appendix.Alph29}{\376\377\000F\000i\000x\000\040\0006\0002\000:\000\040\000T\000h\000e\000\040\000A\000d\000m\000i\000s\000s\000i\000b\000i\000l\000i\000t\000y\000\040\000C\000o\000n\000d\000i\000t\000i\000o\000n\000\040\000\050\000L\000a\000t\000t\000i\000c\000e\000\040\000T\000o\000p\000o\000l\000o\000g\000y\000\051}{Item.193}% 804
\BOOKMARK [1][-]{section.Alph29.1}{\376\377\000C\000o\000n\000t\000e\000x\000t\000:\000\040\000T\000o\000p\000o\000l\000o\000g\000y\000\040\000o\000n\000\040\000a\000\040\000D\000i\000s\000c\000r\000e\000t\000e\000\040\000G\000r\000i\000d}{appendix.Alph29}% 805
\BOOKMARK [1][-]{section.Alph29.2}{\376\377\000D\000e\000r\000i\000v\000a\000t\000i\000o\000n\000:\000\040\000L\000\374\000s\000c\000h\000e\000r\000'\000s\000\040\000R\000e\000c\000o\000n\000s\000t\000r\000u\000c\000t\000i\000o\000n\000\040\000T\000h\000e\000o\000r\000e\000m}{appendix.Alph29}% 806
\BOOKMARK [2][-]{subsection.Alph29.2.1}{\376\377\000S\000t\000e\000p\000\040\0001\000:\000\040\000T\000h\000e\000\040\000A\000d\000m\000i\000s\000s\000i\000b\000i\000l\000i\000t\000y\000\040\000B\000o\000u\000n\000d}{section.Alph29.2}% 807
\BOOKMARK [2][-]{subsection.Alph29.2.2}{\376\377\000S\000t\000e\000p\000\040\0002\000:\000\040\000T\000r\000a\000n\000s\000i\000t\000i\000o\000n\000\040\000F\000u\000n\000c\000t\000i\000o\000n\000s}{section.Alph29.2}% 808
\BOOKMARK [2][-]{subsection.Alph29.2.3}{\376\377\000S\000t\000e\000p\000\040\0003\000:\000\040\000P\000r\000o\000o\000f\000\040\000o\000f\000\040\000B\000u\000n\000d\000l\000e\000\040\000E\000x\000i\000s\000t\000e\000n\000c\000e}{section.Alph29.2}% 809
\BOOKMARK [1][-]{section.Alph29.3}{\376\377\000T\000o\000p\000o\000l\000o\000g\000i\000c\000a\000l\000\040\000S\000t\000a\000b\000i\000l\000i\000t\000y\000\040\000a\000n\000d\000\040\000M\000a\000s\000s\000\040\000G\000a\000p}{appendix.Alph29}% 810
\BOOKMARK [1][-]{section.Alph29.4}{\376\377\000C\000o\000n\000c\000l\000u\000s\000i\000o\000n}{appendix.Alph29}% 811
\BOOKMARK [0][-]{appendix.Alph30}{\376\377\000W\000i\000l\000s\000o\000n\000\040\000L\000o\000o\000p\000s\000,\000\040\000B\000R\000S\000T\000\040\000C\000o\000h\000o\000m\000o\000l\000o\000g\000y\000,\000\040\000a\000n\000d\000\040\000G\000a\000u\000g\000e\000\040\000S\000t\000r\000u\000c\000t\000u\000r\000e}{Item.193}% 812
\BOOKMARK [1][-]{section.Alph30.1}{\376\377\000E\000x\000p\000l\000i\000c\000i\000t\000\040\000D\000e\000r\000i\000v\000a\000t\000i\000v\000e\000\040\000B\000o\000u\000n\000d\000s\000\040\000f\000o\000r\000\040\000W\000i\000l\000s\000o\000n\000\040\000A\000c\000t\000i\000o\000n}{appendix.Alph30}% 813
\BOOKMARK [2][-]{subsection.Alph30.1.1}{\376\377\000R\000i\000e\000m\000a\000n\000n\000i\000a\000n\000\040\000S\000t\000r\000u\000c\000t\000u\000r\000e\000\040\000o\000n\000\040\000S\000U\000\050\000N\000\051}{section.Alph30.1}% 814
\BOOKMARK [2][-]{subsection.Alph30.1.2}{\376\377\000D\000e\000r\000i\000v\000a\000t\000i\000v\000e\000s\000\040\000o\000f\000\040\000P\000l\000a\000q\000u\000e\000t\000t\000e\000\040\000T\000e\000r\000m\000s}{section.Alph30.1}% 815
\BOOKMARK [2][-]{subsection.Alph30.1.3}{\376\377\000M\000i\000x\000e\000d\000\040\000D\000e\000r\000i\000v\000a\000t\000i\000v\000e\000s\000\040\000a\000n\000d\000\040\000I\000n\000t\000e\000r\000a\000c\000t\000i\000o\000n\000\040\000B\000o\000u\000n\000d\000s}{section.Alph30.1}% 816
\BOOKMARK [2][-]{subsection.Alph30.1.4}{\376\377\000O\000s\000c\000i\000l\000l\000a\000t\000i\000o\000n\000\040\000B\000o\000u\000n\000d\000s}{section.Alph30.1}% 817
\BOOKMARK [2][-]{subsection.Alph30.1.5}{\376\377\000V\000a\000r\000i\000a\000n\000c\000e\000\040\000B\000o\000u\000n\000d\000s\000\040\000f\000o\000r\000\040\000t\000h\000e\000\040\000I\000n\000t\000e\000r\000a\000c\000t\000i\000o\000n\000\040\000C\000o\000n\000s\000t\000a\000n\000t}{section.Alph30.1}% 818
\BOOKMARK [2][-]{subsection.Alph30.1.6}{\376\377\000I\000m\000p\000l\000i\000c\000a\000t\000i\000o\000n\000\040\000f\000o\000r\000\040\000U\000n\000i\000f\000o\000r\000m\000\040\000L\000S\000I}{section.Alph30.1}% 819
\BOOKMARK [2][-]{subsection.Alph30.1.7}{\376\377\000T\000h\000e\000\040\000D\000o\000b\000r\000u\000s\000h\000i\000n\000\040\000A\000l\000t\000e\000r\000n\000a\000t\000i\000v\000e}{section.Alph30.1}% 820
\BOOKMARK [1][-]{section.Alph30.2}{\376\377\000L\000a\000t\000t\000i\000c\000e\000\040\000B\000R\000S\000T\000\040\000C\000o\000h\000o\000m\000o\000l\000o\000g\000y\000\040\000a\000n\000d\000\040\000G\000a\000u\000g\000e\000\040\000F\000i\000x\000i\000n\000g}{appendix.Alph30}% 821
\BOOKMARK [2][-]{subsection.Alph30.2.1}{\376\377\000T\000h\000e\000\040\000G\000a\000u\000g\000e\000\040\000R\000e\000d\000u\000n\000d\000a\000n\000c\000y\000\040\000P\000r\000o\000b\000l\000e\000m}{section.Alph30.2}% 822
\BOOKMARK [2][-]{subsection.Alph30.2.2}{\376\377\000B\000R\000S\000T\000\040\000C\000o\000n\000s\000t\000r\000u\000c\000t\000i\000o\000n}{section.Alph30.2}% 823
\BOOKMARK [2][-]{subsection.Alph30.2.3}{\376\377\000G\000a\000u\000g\000e\000-\000F\000i\000x\000e\000d\000\040\000A\000c\000t\000i\000o\000n}{section.Alph30.2}% 824
\BOOKMARK [2][-]{subsection.Alph30.2.4}{\376\377\000P\000h\000y\000s\000i\000c\000a\000l\000\040\000S\000t\000a\000t\000e\000\040\000C\000o\000n\000d\000i\000t\000i\000o\000n}{section.Alph30.2}% 825
\BOOKMARK [2][-]{subsection.Alph30.2.5}{\376\377\000Q\000u\000a\000r\000t\000e\000t\000\040\000M\000e\000c\000h\000a\000n\000i\000s\000m}{section.Alph30.2}% 826
\BOOKMARK [2][-]{subsection.Alph30.2.6}{\376\377\000U\000n\000i\000t\000a\000r\000i\000t\000y\000\040\000o\000n\000\040\000t\000h\000e\000\040\000L\000a\000t\000t\000i\000c\000e}{section.Alph30.2}% 827
\BOOKMARK [2][-]{subsection.Alph30.2.7}{\376\377\000C\000o\000n\000t\000i\000n\000u\000u\000m\000\040\000L\000i\000m\000i\000t\000\040\000o\000f\000\040\000B\000R\000S\000T\000\040\000C\000o\000h\000o\000m\000o\000l\000o\000g\000y}{section.Alph30.2}% 828
\BOOKMARK [2][-]{subsection.Alph30.2.8}{\376\377\000G\000r\000i\000b\000o\000v\000\040\000C\000o\000p\000i\000e\000s\000\040\000a\000n\000d\000\040\000t\000h\000e\000\040\000M\000o\000d\000u\000l\000a\000r\000\040\000D\000o\000m\000a\000i\000n}{section.Alph30.2}% 829
\BOOKMARK [0][-]{appendix.Alph31}{\376\377\000F\000i\000x\000\040\0005\0003\000:\000\040\000T\000h\000e\000\040\000M\000a\000n\000d\000e\000l\000s\000t\000a\000m\000\040\000C\000o\000n\000s\000t\000r\000a\000i\000n\000t\000s\000\040\000\050\000O\000b\000s\000e\000r\000v\000a\000b\000l\000e\000\040\000I\000n\000d\000e\000p\000e\000n\000d\000e\000n\000c\000e\000\051}{Item.193}% 830
\BOOKMARK [1][-]{section.Alph31.1}{\376\377\000C\000o\000n\000t\000e\000x\000t\000:\000\040\000T\000h\000e\000\040\000B\000a\000s\000i\000s\000\040\000o\000f\000\040\000W\000i\000l\000s\000o\000n\000\040\000L\000o\000o\000p\000s}{appendix.Alph31}% 831
\BOOKMARK [1][-]{section.Alph31.2}{\376\377\000D\000e\000r\000i\000v\000a\000t\000i\000o\000n\000:\000\040\000T\000r\000a\000c\000e\000\040\000R\000e\000l\000a\000t\000i\000o\000n\000s\000\040\000f\000r\000o\000m\000\040\000C\000a\000y\000l\000e\000y\000-\000H\000a\000m\000i\000l\000t\000o\000n}{appendix.Alph31}% 832
\BOOKMARK [2][-]{subsection.Alph31.2.1}{\376\377\000T\000h\000e\000\040\000M\000a\000n\000d\000e\000l\000s\000t\000a\000m\000\040\000I\000d\000e\000a\000l\000\040\000I}{section.Alph31.2}% 833
\BOOKMARK [1][-]{section.Alph31.3}{\376\377\000C\000o\000n\000s\000t\000r\000a\000i\000n\000t\000\040\000P\000r\000e\000s\000e\000r\000v\000a\000t\000i\000o\000n\000\040\000b\000y\000\040\000D\000y\000n\000a\000m\000i\000c\000s}{appendix.Alph31}% 834
\BOOKMARK [2][-]{subsection.Alph31.3.1}{\376\377\000P\000r\000o\000o\000f\000\040\000o\000f\000\040\000C\000o\000n\000s\000i\000s\000t\000e\000n\000c\000y}{section.Alph31.3}% 835
\BOOKMARK [1][-]{section.Alph31.4}{\376\377\000C\000o\000n\000c\000l\000u\000s\000i\000o\000n}{appendix.Alph31}% 836
\BOOKMARK [0][-]{appendix.Alph32}{\376\377\000D\000e\000r\000i\000v\000a\000t\000i\000o\000n\000\040\000S\000:\000\040\000T\000h\000e\000\040\000'\000t\000\040\000H\000o\000o\000f\000t\000\040\000L\000o\000o\000p\000\040\000A\000l\000g\000e\000b\000r\000a\000\040\000\050\000A\000l\000g\000e\000b\000r\000a\000i\000c\000\040\000C\000o\000n\000f\000i\000n\000e\000m\000e\000n\000t\000\051}{Item.193}% 837
\BOOKMARK [1][-]{section.Alph32.1}{\376\377\000C\000o\000n\000t\000e\000x\000t\000:\000\040\000A\000l\000g\000e\000b\000r\000a\000i\000c\000\040\000O\000r\000d\000e\000r\000\040\000P\000a\000r\000a\000m\000e\000t\000e\000r\000s}{appendix.Alph32}% 838
\BOOKMARK [1][-]{section.Alph32.2}{\376\377\000D\000e\000r\000i\000v\000a\000t\000i\000o\000n\000:\000\040\000T\000h\000e\000\040\000W\000e\000y\000l\000\040\000A\000l\000g\000e\000b\000r\000a\000\040\000o\000f\000\040\000L\000o\000o\000p\000s}{appendix.Alph32}% 839
\BOOKMARK [2][-]{subsection.Alph32.2.1}{\376\377\000S\000t\000e\000p\000\040\0001\000:\000\040\000T\000h\000e\000\040\000'\000t\000\040\000H\000o\000o\000f\000t\000\040\000O\000p\000e\000r\000a\000t\000o\000r\000\040\000D\000e\000f\000i\000n\000i\000t\000i\000o\000n}{section.Alph32.2}% 840
\BOOKMARK [2][-]{subsection.Alph32.2.2}{\376\377\000S\000t\000e\000p\000\040\0002\000:\000\040\000T\000h\000e\000\040\000C\000o\000m\000m\000u\000t\000a\000t\000i\000o\000n\000\040\000R\000e\000l\000a\000t\000i\000o\000n}{section.Alph32.2}% 841
\BOOKMARK [1][-]{section.Alph32.3}{\376\377\000I\000m\000p\000l\000i\000c\000a\000t\000i\000o\000n\000\040\000f\000o\000r\000\040\000C\000o\000n\000f\000i\000n\000e\000m\000e\000n\000t}{appendix.Alph32}% 842
\BOOKMARK [1][-]{section.Alph32.4}{\376\377\000C\000o\000n\000c\000l\000u\000s\000i\000o\000n}{appendix.Alph32}% 843
\BOOKMARK [0][-]{appendix.Alph33}{\376\377\000C\000o\000n\000s\000t\000r\000u\000c\000t\000i\000v\000e\000\040\000Q\000F\000T\000\040\000F\000o\000u\000n\000d\000a\000t\000i\000o\000n\000s}{Item.193}% 844
\BOOKMARK [1][-]{section.Alph33.1}{\376\377\000A\000p\000p\000e\000n\000d\000i\000x\000\040\000R\000.\0001\0007\0008\000:\000\040\000C\000o\000n\000s\000t\000r\000u\000c\000t\000i\000v\000e\000\040\000Q\000F\000T\000\040\000a\000n\000d\000\040\000G\000e\000o\000m\000e\000t\000r\000i\000c\000\040\000A\000n\000a\000l\000y\000s\000i\000s}{appendix.Alph33}% 845
\BOOKMARK [2][-]{subsection.Alph33.1.1}{\376\377\000T\000h\000e\000\040\000R\000e\000n\000o\000r\000m\000a\000l\000i\000z\000e\000d\000\040\000T\000r\000a\000c\000e\000\040\000\050\000F\000i\000x\000i\000n\000g\000\040\000"\000C\000o\000n\000t\000i\000n\000u\000u\000m\000\040\000H\000o\000l\000o\000n\000o\000m\000y\000"\000\051}{section.Alph33.1}% 846
\BOOKMARK [2][-]{subsection.Alph33.1.2}{\376\377\000T\000h\000e\000\040\000M\000a\000y\000e\000r\000-\000M\000o\000n\000t\000r\000o\000l\000l\000\040\000E\000q\000u\000a\000t\000i\000o\000n\000\040\000\050\000F\000i\000x\000i\000n\000g\000\040\000"\000C\000l\000u\000s\000t\000e\000r\000\040\000C\000o\000n\000v\000e\000r\000g\000e\000n\000c\000e\000"\000\051}{section.Alph33.1}% 847
\BOOKMARK [2][-]{subsection.Alph33.1.3}{\376\377\000T\000h\000e\000\040\000L\000a\000t\000t\000i\000c\000e\000\040\000I\000n\000d\000e\000x\000\040\000T\000h\000e\000o\000r\000e\000m\000\040\000\050\000F\000i\000x\000i\000n\000g\000\040\000"\000T\000o\000p\000o\000l\000o\000g\000i\000c\000a\000l\000\040\000S\000e\000c\000t\000o\000r\000s\000"\000\051}{section.Alph33.1}% 848
\BOOKMARK [2][-]{subsection.Alph33.1.4}{\376\377\000T\000h\000e\000\040\000K\000M\000S\000\040\000C\000o\000n\000d\000i\000t\000i\000o\000n\000\040\000\050\000F\000i\000x\000i\000n\000g\000\040\000"\000S\000t\000a\000t\000e\000\040\000U\000n\000i\000q\000u\000e\000n\000e\000s\000s\000"\000\051}{section.Alph33.1}% 849
\BOOKMARK [0][-]{appendix.Alph34}{\376\377\000F\000i\000x\000\040\0007\000:\000\040\000S\000y\000m\000a\000n\000z\000i\000k\000\040\000R\000e\000s\000t\000o\000r\000a\000t\000i\000o\000n\000\040\000o\000f\000\040\000S\000O\000\050\0004\000\051\000\040\000\050\000L\000o\000r\000e\000n\000t\000z\000\040\000I\000n\000v\000a\000r\000i\000a\000n\000c\000e\000\051}{Item.193}% 850
\BOOKMARK [1][-]{section.Alph34.1}{\376\377\000C\000o\000n\000t\000e\000x\000t\000:\000\040\000T\000h\000e\000\040\000C\000h\000a\000l\000l\000e\000n\000g\000e\000\040\000o\000f\000\040\000S\000y\000m\000m\000e\000t\000r\000y\000\040\000B\000r\000e\000a\000k\000i\000n\000g}{appendix.Alph34}% 851
\BOOKMARK [1][-]{section.Alph34.2}{\376\377\000D\000e\000r\000i\000v\000a\000t\000i\000o\000n\000:\000\040\000T\000h\000e\000\040\000S\000y\000m\000a\000n\000z\000i\000k\000\040\000E\000f\000f\000e\000c\000t\000i\000v\000e\000\040\000A\000c\000t\000i\000o\000n}{appendix.Alph34}% 852
\BOOKMARK [2][-]{subsection.Alph34.2.1}{\376\377\000S\000t\000e\000p\000\040\0001\000:\000\040\000I\000d\000e\000n\000t\000i\000f\000i\000c\000a\000t\000i\000o\000n\000\040\000o\000f\000\040\000L\000e\000a\000d\000i\000n\000g\000\040\000S\000y\000m\000m\000e\000t\000r\000y\000-\000B\000r\000e\000a\000k\000i\000n\000g\000\040\000O\000p\000e\000r\000a\000t\000o\000r\000s}{section.Alph34.2}% 853
\BOOKMARK [2][-]{subsection.Alph34.2.2}{\376\377\000S\000t\000e\000p\000\040\0002\000:\000\040\000A\000n\000o\000m\000a\000l\000o\000u\000s\000\040\000D\000i\000m\000e\000n\000s\000i\000o\000n\000s\000\040\000v\000i\000a\000\040\000B\000a\000l\000a\000b\000a\000n\000'\000s\000\040\000F\000l\000o\000w}{section.Alph34.2}% 854
\BOOKMARK [2][-]{subsection.Alph34.2.3}{\376\377\000S\000t\000e\000p\000\040\0003\000:\000\040\000P\000r\000o\000o\000f\000\040\000o\000f\000\040\000C\000o\000e\000f\000f\000i\000c\000i\000e\000n\000t\000\040\000S\000u\000p\000p\000r\000e\000s\000s\000i\000o\000n}{section.Alph34.2}% 855
\BOOKMARK [2][-]{subsection.Alph34.2.4}{\376\377\000S\000t\000e\000p\000\040\0004\000:\000\040\000V\000e\000r\000i\000f\000i\000c\000a\000t\000i\000o\000n\000\040\000v\000i\000a\000\040\000t\000h\000e\000\040\000S\000t\000r\000e\000s\000s\000-\000E\000n\000e\000r\000g\000y\000\040\000T\000e\000n\000s\000o\000r}{section.Alph34.2}% 856
\BOOKMARK [1][-]{section.Alph34.3}{\376\377\000C\000o\000n\000c\000l\000u\000s\000i\000o\000n}{appendix.Alph34}% 857
\BOOKMARK [1][-]{section.Alph34.4}{\376\377\000S\000u\000m\000m\000a\000r\000y\000\040\000o\000f\000\040\000R\000e\000s\000u\000l\000t\000s}{appendix.Alph34}% 858
\BOOKMARK [0][-]{appendix.Alph35}{\376\377\000F\000i\000x\000\040\0009\000:\000\040\000T\000h\000e\000\040\000L\000a\000t\000t\000i\000c\000e\000\040\000I\000n\000d\000e\000x\000\040\000T\000h\000e\000o\000r\000e\000m\000\040\000\050\000T\000o\000p\000o\000l\000o\000g\000i\000c\000a\000l\000\040\000S\000t\000a\000b\000i\000l\000i\000t\000y\000\051}{Item.193}% 859
\BOOKMARK [1][-]{section.Alph35.1}{\376\377\000C\000o\000n\000t\000e\000x\000t\000:\000\040\000T\000o\000p\000o\000l\000o\000g\000i\000c\000a\000l\000\040\000P\000r\000o\000t\000e\000c\000t\000i\000o\000n\000\040\000o\000f\000\040\000t\000h\000e\000\040\000G\000a\000p}{appendix.Alph35}% 860
\BOOKMARK [1][-]{section.Alph35.2}{\376\377\000T\000h\000e\000\040\000O\000v\000e\000r\000l\000a\000p\000\040\000D\000i\000r\000a\000c\000\040\000O\000p\000e\000r\000a\000t\000o\000r}{appendix.Alph35}% 861
\BOOKMARK [1][-]{section.Alph35.3}{\376\377\000R\000i\000g\000o\000r\000o\000u\000s\000\040\000D\000e\000r\000i\000v\000a\000t\000i\000o\000n\000\040\000o\000f\000\040\000t\000h\000e\000\040\000I\000n\000d\000e\000x\000\040\000T\000h\000e\000o\000r\000e\000m}{appendix.Alph35}% 862
\BOOKMARK [1][-]{section.Alph35.4}{\376\377\000A\000p\000p\000l\000i\000c\000a\000t\000i\000o\000n\000\040\000t\000o\000\040\000M\000a\000s\000s\000\040\000G\000a\000p\000\040\000S\000t\000a\000b\000i\000l\000i\000t\000y}{appendix.Alph35}% 863
\BOOKMARK [1][-]{section.Alph35.5}{\376\377\000C\000o\000n\000c\000l\000u\000s\000i\000o\000n\000\040\000o\000f\000\040\000F\000i\000x\000\040\0009}{appendix.Alph35}% 864
\BOOKMARK [1][-]{section.Alph35.6}{\376\377\000V\000e\000r\000i\000f\000i\000c\000a\000t\000i\000o\000n\000\040\000o\000f\000\040\000O\000s\000t\000e\000r\000w\000a\000l\000d\000e\000r\000-\000S\000c\000h\000r\000a\000d\000e\000r\000\040\000A\000x\000i\000o\000m\000s}{appendix.Alph35}% 865
\BOOKMARK [2][-]{subsection.Alph35.6.1}{\376\377\000T\000h\000e\000\040\000O\000s\000t\000e\000r\000w\000a\000l\000d\000e\000r\000-\000S\000c\000h\000r\000a\000d\000e\000r\000\040\000A\000x\000i\000o\000m\000s}{section.Alph35.6}% 866
\BOOKMARK [2][-]{subsection.Alph35.6.2}{\376\377\000L\000a\000t\000t\000i\000c\000e\000\040\000Y\000a\000n\000g\000-\000M\000i\000l\000l\000s\000\040\000S\000c\000h\000w\000i\000n\000g\000e\000r\000\040\000F\000u\000n\000c\000t\000i\000o\000n\000s}{section.Alph35.6}% 867
\BOOKMARK [2][-]{subsection.Alph35.6.3}{\376\377\000V\000e\000r\000i\000f\000i\000c\000a\000t\000i\000o\000n\000\040\000o\000f\000\040\000O\000S\0000\000:\000\040\000T\000e\000m\000p\000e\000r\000e\000d\000n\000e\000s\000s}{section.Alph35.6}% 868
\BOOKMARK [2][-]{subsection.Alph35.6.4}{\376\377\000V\000e\000r\000i\000f\000i\000c\000a\000t\000i\000o\000n\000\040\000o\000f\000\040\000O\000S\0001\000:\000\040\000E\000u\000c\000l\000i\000d\000e\000a\000n\000\040\000C\000o\000v\000a\000r\000i\000a\000n\000c\000e}{section.Alph35.6}% 869
\BOOKMARK [2][-]{subsection.Alph35.6.5}{\376\377\000V\000e\000r\000i\000f\000i\000c\000a\000t\000i\000o\000n\000\040\000o\000f\000\040\000O\000S\0002\000:\000\040\000R\000e\000f\000l\000e\000c\000t\000i\000o\000n\000\040\000P\000o\000s\000i\000t\000i\000v\000i\000t\000y}{section.Alph35.6}% 870
\BOOKMARK [2][-]{subsection.Alph35.6.6}{\376\377\000V\000e\000r\000i\000f\000i\000c\000a\000t\000i\000o\000n\000\040\000o\000f\000\040\000O\000S\0003\000:\000\040\000C\000l\000u\000s\000t\000e\000r\000\040\000P\000r\000o\000p\000e\000r\000t\000y}{section.Alph35.6}% 871
\BOOKMARK [2][-]{subsection.Alph35.6.7}{\376\377\000C\000o\000n\000c\000l\000u\000s\000i\000o\000n\000:\000\040\000R\000e\000c\000o\000n\000s\000t\000r\000u\000c\000t\000i\000o\000n\000\040\000T\000h\000e\000o\000r\000e\000m}{section.Alph35.6}% 872
\BOOKMARK [0][-]{appendix.Alph36}{\376\377\000V\000a\000c\000u\000u\000m\000\040\000S\000t\000r\000u\000c\000t\000u\000r\000e\000\040\000a\000n\000d\000\040\000U\000n\000i\000q\000u\000e\000n\000e\000s\000s}{Item.193}% 873
\BOOKMARK [1][-]{section.Alph36.1}{\376\377\000A\000p\000p\000e\000n\000d\000i\000x\000\040\000R\000.\0001\0006\0003\000:\000\040\000V\000a\000c\000u\000u\000m\000\040\000U\000n\000i\000q\000u\000e\000n\000e\000s\000s\000\040\000v\000i\000a\000\040\000S\000p\000e\000c\000t\000r\000a\000l\000\040\000G\000a\000p}{appendix.Alph36}% 874
\BOOKMARK [0][-]{appendix.Alph37}{\376\377\000F\000i\000x\000\040\0001\0001\000:\000\040\000V\000a\000c\000u\000u\000m\000\040\000U\000n\000i\000q\000u\000e\000n\000e\000s\000s\000\040\000v\000i\000a\000\040\000C\000l\000u\000s\000t\000e\000r\000\040\000D\000e\000c\000o\000m\000p\000o\000s\000i\000t\000i\000o\000n}{Item.193}% 875
\BOOKMARK [1][-]{section.Alph37.1}{\376\377\000C\000o\000n\000t\000e\000x\000t\000:\000\040\000T\000h\000e\000\040\000T\000r\000a\000p\000\040\000o\000f\000\040\000D\000e\000g\000e\000n\000e\000r\000a\000t\000e\000\040\000V\000a\000c\000u\000a}{appendix.Alph37}% 876
\BOOKMARK [1][-]{section.Alph37.2}{\376\377\000T\000h\000e\000o\000r\000e\000m\000\040\000G\000.\0001\000\040\000\050\000E\000x\000p\000o\000n\000e\000n\000t\000i\000a\000l\000\040\000C\000l\000u\000s\000t\000e\000r\000i\000n\000g\000\051}{appendix.Alph37}% 877
\BOOKMARK [1][-]{section.Alph37.3}{\376\377\000P\000r\000o\000o\000f\000\040\000D\000e\000r\000i\000v\000a\000t\000i\000o\000n}{appendix.Alph37}% 878
\BOOKMARK [2][-]{subsection.Alph37.3.1}{\376\377\0001\000.\000\040\000C\000o\000n\000t\000o\000u\000r\000\040\000R\000e\000p\000r\000e\000s\000e\000n\000t\000a\000t\000i\000o\000n}{section.Alph37.3}% 879
\BOOKMARK [2][-]{subsection.Alph37.3.2}{\376\377\0002\000.\000\040\000P\000e\000i\000e\000r\000l\000s\000\040\000C\000o\000n\000d\000i\000t\000i\000o\000n}{section.Alph37.3}% 880
\BOOKMARK [2][-]{subsection.Alph37.3.3}{\376\377\0003\000.\000\040\000C\000l\000u\000s\000t\000e\000r\000\040\000E\000x\000p\000a\000n\000s\000i\000o\000n}{section.Alph37.3}% 881
\BOOKMARK [2][-]{subsection.Alph37.3.4}{\376\377\0004\000.\000\040\000T\000r\000e\000e\000\040\000D\000e\000c\000a\000y}{section.Alph37.3}% 882
\BOOKMARK [2][-]{subsection.Alph37.3.5}{\376\377\0005\000.\000\040\000R\000a\000n\000k\000-\0001\000\040\000P\000r\000o\000j\000e\000c\000t\000i\000o\000n}{section.Alph37.3}% 883
\BOOKMARK [1][-]{section.Alph37.4}{\376\377\000A\000p\000p\000e\000n\000d\000i\000x\000\040\000R\000.\0001\0006\0000\000:\000\040\000R\000i\000g\000o\000r\000o\000u\000s\000\040\000E\000x\000c\000l\000u\000s\000i\000o\000n\000\040\000o\000f\000\040\000t\000h\000e\000\040\000C\000o\000u\000l\000o\000m\000b\000\040\000P\000h\000a\000s\000e}{appendix.Alph37}% 884
\BOOKMARK [0][-]{appendix.Alph38}{\376\377\000S\000p\000e\000c\000i\000a\000l\000i\000z\000e\000d\000\040\000M\000a\000t\000h\000e\000m\000a\000t\000i\000c\000a\000l\000\040\000T\000o\000o\000l\000s}{Item.193}% 885
\BOOKMARK [1][-]{section.Alph38.1}{\376\377\000H\000a\000r\000d\000\040\000A\000n\000a\000l\000y\000s\000i\000s\000\040\000f\000o\000r\000\040\000M\000a\000s\000s\000\040\000G\000a\000p\000\040\000R\000e\000s\000o\000l\000u\000t\000i\000o\000n}{appendix.Alph38}% 886
\BOOKMARK [2][-]{subsection.Alph38.1.1}{\376\377\000T\000o\000o\000l\000\040\000I\000:\000\040\000H\000i\000e\000r\000a\000r\000c\000h\000i\000c\000a\000l\000\040\000L\000o\000g\000-\000S\000o\000b\000o\000l\000e\000v\000\040\000I\000n\000e\000q\000u\000a\000l\000i\000t\000y}{section.Alph38.1}% 887
\BOOKMARK [2][-]{subsection.Alph38.1.2}{\376\377\000T\000o\000o\000l\000\040\000I\000I\000:\000\040\000M\000o\000s\000c\000o\000\040\000C\000o\000n\000v\000e\000r\000g\000e\000n\000c\000e\000\040\000o\000f\000\040\000D\000i\000r\000i\000c\000h\000l\000e\000t\000\040\000F\000o\000r\000m\000s}{section.Alph38.1}% 888
\BOOKMARK [2][-]{subsection.Alph38.1.3}{\376\377\000T\000o\000o\000l\000\040\000I\000I\000I\000:\000\040\000C\000h\000e\000e\000g\000e\000r\000\040\000I\000n\000e\000q\000u\000a\000l\000i\000t\000y\000\040\000o\000n\000\040\000G\000a\000u\000g\000e\000\040\000O\000r\000b\000i\000t\000\040\000S\000p\000a\000c\000e}{section.Alph38.1}% 889
\BOOKMARK [0][-]{appendix.Alph39}{\376\377\000D\000e\000r\000i\000v\000a\000t\000i\000o\000n\000\040\000Q\000:\000\040\000T\000h\000e\000\040\000S\000t\000r\000a\000t\000i\000f\000i\000e\000d\000\040\000H\000a\000r\000d\000y\000\040\000I\000n\000e\000q\000u\000a\000l\000i\000t\000y\000\040\000\050\000S\000i\000n\000g\000u\000l\000a\000r\000i\000t\000y\000\040\000C\000o\000n\000t\000r\000o\000l\000\051}{Item.193}% 890
\BOOKMARK [1][-]{section.Alph39.1}{\376\377\000C\000o\000n\000t\000e\000x\000t\000:\000\040\000T\000h\000e\000\040\000G\000e\000o\000m\000e\000t\000r\000y\000\040\000o\000f\000\040\000G\000a\000u\000g\000e\000\040\000O\000r\000b\000i\000t\000s}{appendix.Alph39}% 891
\BOOKMARK [1][-]{section.Alph39.2}{\376\377\000L\000o\000c\000a\000l\000\040\000S\000t\000r\000u\000c\000t\000u\000r\000e\000\040\000o\000f\000\040\000S\000i\000n\000g\000u\000l\000a\000r\000i\000t\000i\000e\000s\000:\000\040\000T\000h\000e\000\040\000S\000l\000i\000c\000e\000\040\000T\000h\000e\000o\000r\000e\000m}{appendix.Alph39}% 892
\BOOKMARK [1][-]{section.Alph39.3}{\376\377\000D\000e\000r\000i\000v\000a\000t\000i\000o\000n\000:\000\040\000T\000h\000e\000\040\000H\000a\000m\000i\000l\000t\000o\000n\000i\000a\000n\000\040\000o\000n\000\040\000t\000h\000e\000\040\000C\000o\000n\000e}{appendix.Alph39}% 893
\BOOKMARK [1][-]{section.Alph39.4}{\376\377\000T\000h\000e\000\040\000H\000a\000r\000d\000y\000\040\000I\000n\000e\000q\000u\000a\000l\000i\000t\000y\000\040\000a\000n\000d\000\040\000E\000s\000s\000e\000n\000t\000i\000a\000l\000\040\000S\000e\000l\000f\000-\000A\000d\000j\000o\000i\000n\000t\000n\000e\000s\000s}{appendix.Alph39}% 894
\BOOKMARK [1][-]{section.Alph39.5}{\376\377\000C\000o\000n\000c\000l\000u\000s\000i\000o\000n\000:\000\040\000U\000n\000i\000q\000u\000e\000n\000e\000s\000s\000\040\000o\000f\000\040\000D\000y\000n\000a\000m\000i\000c\000s}{appendix.Alph39}% 895
\BOOKMARK [1][-]{section.Alph39.6}{\376\377\000A\000l\000t\000e\000r\000n\000a\000t\000i\000v\000e\000\040\000R\000i\000g\000o\000r\000o\000u\000s\000\040\000F\000o\000r\000m\000u\000l\000a\000t\000i\000o\000n\000:\000\040\000G\000r\000i\000b\000o\000v\000-\000Z\000w\000a\000n\000z\000i\000g\000e\000r\000\040\000A\000c\000t\000i\000o\000n}{appendix.Alph39}% 896
\BOOKMARK [2][-]{subsection.Alph39.6.1}{\376\377\000T\000h\000e\000\040\000G\000r\000i\000b\000o\000v\000-\000Z\000w\000a\000n\000z\000i\000g\000e\000r\000\040\000A\000c\000t\000i\000o\000n}{section.Alph39.6}% 897
\BOOKMARK [0][-]{appendix.Alph40}{\376\377\000D\000e\000r\000i\000v\000a\000t\000i\000o\000n\000\040\000P\000:\000\040\000T\000h\000e\000\040\000H\000e\000l\000f\000f\000e\000r\000-\000S\000j\000\366\000s\000t\000r\000a\000n\000d\000\040\000F\000o\000r\000m\000u\000l\000a\000\040\000\050\000S\000p\000e\000c\000t\000r\000a\000l\000\040\000D\000e\000c\000a\000y\000\051}{Item.193}% 898
\BOOKMARK [1][-]{section.Alph40.1}{\376\377\000C\000o\000n\000t\000e\000x\000t\000:\000\040\000F\000r\000o\000m\000\040\000S\000p\000e\000c\000t\000r\000u\000m\000\040\000t\000o\000\040\000S\000p\000a\000t\000i\000a\000l\000\040\000D\000e\000c\000a\000y}{appendix.Alph40}% 899
\BOOKMARK [1][-]{section.Alph40.2}{\376\377\000T\000h\000e\000\040\000H\000e\000l\000f\000f\000e\000r\000-\000S\000j\000\366\000s\000t\000r\000a\000n\000d\000\040\000R\000e\000p\000r\000e\000s\000e\000n\000t\000a\000t\000i\000o\000n}{appendix.Alph40}% 900
\BOOKMARK [1][-]{section.Alph40.3}{\376\377\000T\000h\000e\000\040\000C\000o\000m\000b\000e\000s\000-\000T\000h\000o\000m\000a\000s\000\040\000B\000o\000u\000n\000d}{appendix.Alph40}% 901
\BOOKMARK [1][-]{section.Alph40.4}{\376\377\000D\000e\000r\000i\000v\000a\000t\000i\000o\000n\000\040\000o\000f\000\040\000C\000o\000r\000r\000e\000l\000a\000t\000i\000o\000n\000\040\000D\000e\000c\000a\000y}{appendix.Alph40}% 902
\BOOKMARK [1][-]{section.Alph40.5}{\376\377\000C\000o\000n\000c\000l\000u\000s\000i\000o\000n}{appendix.Alph40}% 903
\BOOKMARK [0][-]{appendix.Alph41}{\376\377\000D\000e\000r\000i\000v\000a\000t\000i\000o\000n\000\040\000R\000:\000\040\000T\000h\000e\000\040\000R\000e\000s\000u\000r\000g\000e\000n\000c\000e\000\040\000C\000a\000n\000c\000e\000l\000l\000a\000t\000i\000o\000n\000\040\000\050\000N\000o\000n\000-\000P\000e\000r\000t\000u\000r\000b\000a\000t\000i\000v\000e\000\040\000A\000m\000b\000i\000g\000u\000i\000t\000y\000\051}{Item.193}% 904
\BOOKMARK [1][-]{section.Alph41.1}{\376\377\000C\000o\000n\000t\000e\000x\000t\000:\000\040\000T\000h\000e\000\040\000U\000n\000-\000S\000u\000m\000m\000a\000b\000i\000l\000i\000t\000y\000\040\000o\000f\000\040\000P\000e\000r\000t\000u\000r\000b\000a\000t\000i\000o\000n\000\040\000T\000h\000e\000o\000r\000y}{appendix.Alph41}% 905
\BOOKMARK [1][-]{section.Alph41.2}{\376\377\000R\000i\000g\000o\000r\000o\000u\000s\000\040\000F\000o\000r\000m\000u\000l\000a\000t\000i\000o\000n\000\040\000v\000i\000a\000\040\000T\000r\000a\000n\000s\000-\000S\000e\000r\000i\000e\000s}{appendix.Alph41}% 906
\BOOKMARK [1][-]{section.Alph41.3}{\376\377\000S\000t\000e\000p\000\040\0001\000:\000\040\000T\000h\000e\000\040\000B\000o\000r\000e\000l\000\040\000S\000i\000n\000g\000u\000l\000a\000r\000i\000t\000y\000\040\000\050\000R\000e\000n\000o\000r\000m\000a\000l\000o\000n\000\051}{appendix.Alph41}% 907
\BOOKMARK [1][-]{section.Alph41.4}{\376\377\000S\000t\000e\000p\000\040\0002\000:\000\040\000T\000h\000e\000\040\000N\000o\000n\000-\000P\000e\000r\000t\000u\000r\000b\000a\000t\000i\000v\000e\000\040\000S\000e\000c\000t\000o\000r\000\040\000\050\000B\000i\000o\000n\000s\000\051}{appendix.Alph41}% 908
\BOOKMARK [1][-]{section.Alph41.5}{\376\377\000S\000t\000e\000p\000\040\0003\000:\000\040\000E\000x\000a\000c\000t\000\040\000C\000a\000n\000c\000e\000l\000l\000a\000t\000i\000o\000n\000\040\000T\000h\000e\000o\000r\000e\000m}{appendix.Alph41}% 909
\BOOKMARK [1][-]{section.Alph41.6}{\376\377\000C\000o\000n\000c\000l\000u\000s\000i\000o\000n\000\040\000o\000f\000\040\000D\000e\000r\000i\000v\000a\000t\000i\000o\000n\000\040\000R}{appendix.Alph41}% 910
\BOOKMARK [0][-]{appendix.Alph42}{\376\377\000F\000i\000x\000\040\0003\0006\000:\000\040\000L\000i\000e\000b\000-\000T\000h\000i\000r\000r\000i\000n\000g\000\040\000S\000t\000a\000b\000i\000l\000i\000t\000y\000\040\000f\000o\000r\000\040\000L\000a\000t\000t\000i\000c\000e\000\040\000F\000e\000r\000m\000i\000o\000n\000s}{Item.193}% 911
\BOOKMARK [1][-]{section.Alph42.1}{\376\377\000T\000h\000e\000\040\000S\000t\000a\000b\000i\000l\000i\000t\000y\000\040\000P\000r\000o\000b\000l\000e\000m}{appendix.Alph42}% 912
\BOOKMARK [1][-]{section.Alph42.2}{\376\377\000L\000a\000t\000t\000i\000c\000e\000\040\000L\000i\000e\000b\000-\000T\000h\000i\000r\000r\000i\000n\000g\000\040\000I\000n\000e\000q\000u\000a\000l\000i\000t\000y}{appendix.Alph42}% 913
\BOOKMARK [1][-]{section.Alph42.3}{\376\377\000A\000b\000s\000e\000n\000c\000e\000\040\000o\000f\000\040\000F\000e\000r\000m\000i\000o\000n\000i\000c\000\040\000C\000o\000n\000d\000e\000n\000s\000a\000t\000i\000o\000n\000\040\000I\000n\000s\000t\000a\000b\000i\000l\000i\000t\000y}{appendix.Alph42}% 914
\BOOKMARK [1][-]{section.Alph42.4}{\376\377\000B\000a\000t\000t\000l\000e\000-\000F\000e\000d\000e\000r\000b\000u\000s\000h\000\040\000T\000r\000e\000e\000\040\000D\000e\000c\000a\000y\000:\000\040\000T\000e\000m\000p\000e\000r\000e\000d\000n\000e\000s\000s\000\040\000o\000f\000\040\000S\000c\000h\000w\000i\000n\000g\000e\000r\000\040\000F\000u\000n\000c\000t\000i\000o\000n\000s}{appendix.Alph42}% 915
\BOOKMARK [2][-]{subsection.Alph42.4.1}{\376\377\000T\000h\000e\000\040\000S\000c\000h\000w\000i\000n\000g\000e\000r\000\040\000F\000u\000n\000c\000t\000i\000o\000n\000s}{section.Alph42.4}% 916
\BOOKMARK [2][-]{subsection.Alph42.4.2}{\376\377\000T\000h\000e\000\040\000B\000a\000t\000t\000l\000e\000-\000F\000e\000d\000e\000r\000b\000u\000s\000h\000\040\000B\000o\000u\000n\000d}{section.Alph42.4}% 917
\BOOKMARK [2][-]{subsection.Alph42.4.3}{\376\377\000T\000e\000m\000p\000e\000r\000e\000d\000n\000e\000s\000s\000\040\000B\000o\000u\000n\000d}{section.Alph42.4}% 918
\BOOKMARK [2][-]{subsection.Alph42.4.4}{\376\377\000T\000e\000m\000p\000e\000r\000e\000d\000n\000e\000s\000s\000\040\000I\000m\000p\000l\000i\000e\000s\000\040\000D\000i\000s\000t\000r\000i\000b\000u\000t\000i\000o\000n}{section.Alph42.4}% 919
\BOOKMARK [2][-]{subsection.Alph42.4.5}{\376\377\000E\000x\000c\000l\000u\000s\000i\000o\000n\000\040\000o\000f\000\040\000H\000y\000p\000e\000r\000f\000u\000n\000c\000t\000i\000o\000n\000\040\000B\000e\000h\000a\000v\000i\000o\000r}{section.Alph42.4}% 920
\BOOKMARK [2][-]{subsection.Alph42.4.6}{\376\377\000A\000p\000p\000l\000i\000c\000a\000t\000i\000o\000n\000\040\000t\000o\000\040\000Y\000a\000n\000g\000-\000M\000i\000l\000l\000s}{section.Alph42.4}% 921
\BOOKMARK [2][-]{subsection.Alph42.4.7}{\376\377\000E\000x\000p\000l\000i\000c\000i\000t\000\040\000C\000o\000n\000s\000t\000a\000n\000t\000\040\000C\000o\000m\000p\000u\000t\000a\000t\000i\000o\000n}{section.Alph42.4}% 922
\BOOKMARK [0][-]{appendix.Alph43}{\376\377\000V\000a\000r\000i\000a\000n\000c\000e\000-\000B\000a\000s\000e\000d\000\040\000T\000r\000a\000n\000s\000p\000o\000r\000t\000\040\000M\000e\000t\000h\000o\000d\000s}{Item.193}% 923
\BOOKMARK [1][-]{section.Alph43.1}{\376\377\000R\000i\000g\000o\000r\000o\000u\000s\000\040\000D\000e\000v\000e\000l\000o\000p\000m\000e\000n\000t\000\040\000o\000f\000\040\000V\000a\000r\000i\000a\000n\000c\000e\000-\000B\000a\000s\000e\000d\000\040\000T\000r\000a\000n\000s\000p\000o\000r\000t}{appendix.Alph43}% 924
\BOOKMARK [2][-]{subsection.Alph43.1.1}{\376\377\000M\000o\000t\000i\000v\000a\000t\000i\000o\000n\000\040\000a\000n\000d\000\040\000O\000v\000e\000r\000v\000i\000e\000w}{section.Alph43.1}% 925
\BOOKMARK [2][-]{subsection.Alph43.1.2}{\376\377\000T\000h\000e\000o\000r\000e\000t\000i\000c\000a\000l\000\040\000F\000r\000a\000m\000e\000w\000o\000r\000k}{section.Alph43.1}% 926
\BOOKMARK [2][-]{subsection.Alph43.1.3}{\376\377\000Q\000u\000a\000n\000t\000i\000t\000a\000t\000i\000v\000e\000\040\000E\000s\000t\000i\000m\000a\000t\000e\000s\000\040\000f\000o\000r\000\040\000L\000a\000t\000t\000i\000c\000e\000\040\000Y\000a\000n\000g\000-\000M\000i\000l\000l\000s}{section.Alph43.1}% 927
\BOOKMARK [2][-]{subsection.Alph43.1.4}{\376\377\000R\000i\000g\000o\000r\000o\000u\000s\000\040\000U\000n\000i\000f\000o\000r\000m\000\040\000L\000S\000I\000\040\000P\000r\000o\000o\000f\000\040\000v\000i\000a\000\040\000V\000a\000r\000i\000a\000n\000c\000e\000\040\000T\000r\000a\000n\000s\000p\000o\000r\000t}{section.Alph43.1}% 928
\BOOKMARK [2][-]{subsection.Alph43.1.5}{\376\377\000E\000x\000p\000l\000i\000c\000i\000t\000\040\000Q\000u\000a\000n\000t\000i\000t\000a\000t\000i\000v\000e\000\040\000E\000v\000a\000l\000u\000a\000t\000i\000o\000n}{section.Alph43.1}% 929
\BOOKMARK [2][-]{subsection.Alph43.1.6}{\376\377\000C\000o\000n\000c\000l\000u\000s\000i\000o\000n}{section.Alph43.1}% 930
\BOOKMARK [0][-]{appendix.Alph44}{\376\377\000P\000r\000o\000o\000f\000\040\000R\000o\000a\000d\000m\000a\000p\000s\000\040\000a\000n\000d\000\040\000V\000e\000r\000i\000f\000i\000c\000a\000t\000i\000o\000n\000\040\000C\000h\000e\000c\000k\000l\000i\000s\000t\000s}{Item.193}% 931
\BOOKMARK [1][-]{section.Alph44.1}{\376\377\000P\000r\000o\000o\000f\000\040\000R\000o\000a\000d\000m\000a\000p\000\040\000a\000n\000d\000\040\000V\000e\000r\000i\000f\000i\000c\000a\000t\000i\000o\000n\000\040\000C\000h\000e\000c\000k\000l\000i\000s\000t}{appendix.Alph44}% 932
\BOOKMARK [2][-]{subsection.Alph44.1.1}{\376\377\000E\000x\000e\000c\000u\000t\000i\000v\000e\000\040\000S\000u\000m\000m\000a\000r\000y}{section.Alph44.1}% 933
\BOOKMARK [2][-]{subsection.Alph44.1.2}{\376\377\000R\000o\000u\000t\000e\000\040\000A\000:\000\040\000D\000i\000r\000e\000c\000t\000\040\000C\000o\000n\000s\000t\000r\000u\000c\000t\000i\000v\000e\000\040\000P\000a\000t\000h}{section.Alph44.1}% 934
\BOOKMARK [2][-]{subsection.Alph44.1.3}{\376\377\000R\000o\000u\000t\000e\000\040\000B\000:\000\040\000A\000d\000j\000o\000i\000n\000t\000\040\000I\000n\000t\000e\000r\000p\000o\000l\000a\000t\000i\000o\000n\000\040\000\050\000R\000e\000c\000o\000m\000m\000e\000n\000d\000e\000d\000\051}{section.Alph44.1}% 935
\BOOKMARK [2][-]{subsection.Alph44.1.4}{\376\377\000r\000i\000g\000o\000r\000o\000u\000s\000\040\000s\000t\000a\000n\000d\000a\000r\000d\000\040\000V\000e\000r\000i\000f\000i\000c\000a\000t\000i\000o\000n\000\040\000C\000h\000e\000c\000k\000l\000i\000s\000t}{section.Alph44.1}% 936
\BOOKMARK [2][-]{subsection.Alph44.1.5}{\376\377\000K\000e\000y\000\040\000T\000e\000c\000h\000n\000i\000c\000a\000l\000\040\000F\000o\000r\000m\000u\000l\000a\000s}{section.Alph44.1}% 937
\BOOKMARK [2][-]{subsection.Alph44.1.6}{\376\377\000C\000o\000n\000c\000l\000u\000s\000i\000o\000n}{section.Alph44.1}% 938
\BOOKMARK [1][-]{section.Alph44.2}{\376\377\000I\000n\000t\000e\000r\000m\000e\000d\000i\000a\000t\000e\000\040\000C\000o\000u\000p\000l\000i\000n\000g\000\040\000C\000o\000n\000t\000r\000o\000l}{appendix.Alph44}% 939
\BOOKMARK [2][-]{subsection.Alph44.2.1}{\376\377\000T\000h\000e\000\040\000C\000h\000a\000l\000l\000e\000n\000g\000e}{section.Alph44.2}% 940
\BOOKMARK [2][-]{subsection.Alph44.2.2}{\376\377\000R\000e\000s\000o\000l\000u\000t\000i\000o\000n\000\040\000S\000t\000r\000a\000t\000e\000g\000y}{section.Alph44.2}% 941
\BOOKMARK [2][-]{subsection.Alph44.2.3}{\376\377\000K\000e\000y\000\040\000R\000e\000s\000u\000l\000t\000s}{section.Alph44.2}% 942
\BOOKMARK [1][-]{section.Alph44.3}{\376\377\000R\000o\000a\000d\000m\000a\000p\000\040\0002\000:\000\040\000R\000i\000g\000o\000r\000o\000u\000s\000\040\000C\000o\000n\000t\000i\000n\000u\000u\000m\000\040\000L\000i\000m\000i\000t\000\040\000v\000i\000a\000\040\000S\000t\000o\000c\000h\000a\000s\000t\000i\000c\000\040\000G\000e\000o\000m\000e\000t\000r\000i\000c\000\040\000F\000l\000o\000w}{appendix.Alph44}% 943
\BOOKMARK [2][-]{subsection.Alph44.3.1}{\376\377\000S\000t\000e\000p\000\040\0001\000:\000\040\000U\000n\000i\000f\000o\000r\000m\000\040\000R\000e\000g\000u\000l\000a\000r\000i\000t\000y\000\040\000E\000s\000t\000i\000m\000a\000t\000e\000s}{section.Alph44.3}% 944
\BOOKMARK [2][-]{subsection.Alph44.3.2}{\376\377\000S\000t\000e\000p\000\040\0002\000:\000\040\000M\000o\000s\000c\000o\000\040\000C\000o\000n\000v\000e\000r\000g\000e\000n\000c\000e\000\040\000o\000f\000\040\000D\000i\000r\000i\000c\000h\000l\000e\000t\000\040\000F\000o\000r\000m\000s}{section.Alph44.3}% 945
\BOOKMARK [2][-]{subsection.Alph44.3.3}{\376\377\000S\000t\000e\000p\000\040\0003\000:\000\040\000N\000o\000n\000-\000C\000i\000r\000c\000u\000l\000a\000r\000\040\000S\000c\000a\000l\000e\000\040\000S\000e\000t\000t\000i\000n\000g}{section.Alph44.3}% 946
\BOOKMARK [2][-]{subsection.Alph44.3.4}{\376\377\000S\000y\000n\000t\000h\000e\000s\000i\000s\000:\000\040\000C\000o\000n\000t\000i\000n\000u\000u\000m\000\040\000L\000i\000m\000i\000t\000\040\000T\000h\000e\000o\000r\000e\000m}{section.Alph44.3}% 947
\BOOKMARK [1][-]{section.Alph44.4}{\376\377\000E\000x\000p\000l\000i\000c\000i\000t\000\040\000C\000o\000n\000v\000e\000r\000g\000e\000n\000c\000e\000\040\000R\000a\000t\000e\000s\000\040\000\050\000S\000y\000m\000a\000n\000z\000i\000k\000\040\000B\000o\000u\000n\000d\000s\000\051}{appendix.Alph44}% 948
\BOOKMARK [2][-]{subsection.Alph44.4.1}{\376\377\000S\000p\000e\000c\000t\000r\000a\000l\000\040\000P\000e\000r\000t\000u\000r\000b\000a\000t\000i\000o\000n\000\040\000T\000h\000e\000o\000r\000y}{section.Alph44.4}% 949
\BOOKMARK [2][-]{subsection.Alph44.4.2}{\376\377\000T\000h\000e\000\040\000C\000o\000n\000v\000e\000r\000g\000e\000n\000c\000e\000\040\000T\000h\000e\000o\000r\000e\000m}{section.Alph44.4}% 950
\BOOKMARK [1][-]{section.Alph44.5}{\376\377\000R\000o\000a\000d\000m\000a\000p\000\040\0001\000:\000\040\000C\000o\000m\000p\000l\000e\000t\000e\000\040\000H\000i\000e\000r\000a\000r\000c\000h\000i\000c\000a\000l\000\040\000Z\000e\000g\000a\000r\000l\000i\000n\000s\000k\000i\000\040\000P\000r\000o\000o\000f}{appendix.Alph44}% 951
\BOOKMARK [2][-]{subsection.Alph44.5.1}{\376\377\000T\000h\000e\000\040\000S\000t\000r\000a\000t\000e\000g\000y\000:\000\040\000B\000y\000p\000a\000s\000s\000i\000n\000g\000\040\000H\000o\000l\000l\000e\000y\000-\000S\000t\000r\000o\000o\000c\000k}{section.Alph44.5}% 952
\BOOKMARK [2][-]{subsection.Alph44.5.2}{\376\377\000S\000t\000e\000p\000\040\0001\000:\000\040\000R\000e\000c\000u\000r\000s\000i\000v\000e\000\040\000B\000l\000o\000c\000k\000\040\000D\000e\000c\000o\000m\000p\000o\000s\000i\000t\000i\000o\000n}{section.Alph44.5}% 953
\BOOKMARK [2][-]{subsection.Alph44.5.3}{\376\377\000S\000t\000e\000p\000\040\0002\000:\000\040\000T\000h\000e\000\040\0001\000D\000\040\000B\000a\000s\000e\000\040\000C\000a\000s\000e\000\040\000-\000\040\000C\000o\000m\000p\000l\000e\000t\000e\000\040\000P\000r\000o\000o\000f}{section.Alph44.5}% 954
\BOOKMARK [2][-]{subsection.Alph44.5.4}{\376\377\000S\000t\000e\000p\000\040\0003\000:\000\040\000D\000i\000m\000e\000n\000s\000i\000o\000n\000a\000l\000\040\000U\000p\000s\000c\000a\000l\000i\000n\000g\000\040\000-\000\040\0001\000D\000\040\000t\000o\000\040\0004\000D}{section.Alph44.5}% 955
\BOOKMARK [2][-]{subsection.Alph44.5.5}{\376\377\000S\000t\000e\000p\000\040\0004\000:\000\040\000V\000e\000r\000i\000f\000i\000c\000a\000t\000i\000o\000n\000\040\000o\000f\000\040\000N\000o\000n\000-\000V\000o\000l\000u\000m\000e\000-\000D\000e\000p\000e\000n\000d\000e\000n\000c\000e}{section.Alph44.5}% 956
\BOOKMARK [2][-]{subsection.Alph44.5.6}{\376\377\000E\000x\000p\000l\000i\000c\000i\000t\000\040\000C\000o\000n\000s\000t\000a\000n\000t\000s\000\040\000f\000o\000r\000\040\000S\000U\000\050\0002\000\051\000\040\000a\000n\000d\000\040\000S\000U\000\050\0003\000\051}{section.Alph44.5}% 957
\BOOKMARK [2][-]{subsection.Alph44.5.7}{\376\377\000C\000o\000n\000n\000e\000c\000t\000i\000o\000n\000\040\000t\000o\000\040\000C\000o\000n\000t\000i\000n\000u\000u\000m\000\040\000L\000i\000m\000i\000t}{section.Alph44.5}% 958
\BOOKMARK [2][-]{subsection.Alph44.5.8}{\376\377\000S\000u\000m\000m\000a\000r\000y\000:\000\040\000R\000o\000a\000d\000m\000a\000p\000\040\0001\000\040\000C\000o\000m\000p\000l\000e\000t\000e}{section.Alph44.5}% 959
\BOOKMARK [1][-]{section.Alph44.6}{\376\377\000R\000o\000a\000d\000m\000a\000p\000\040\0003\000:\000\040\000C\000o\000m\000p\000l\000e\000t\000e\000\040\000G\000e\000o\000m\000e\000t\000r\000i\000c\000/\000O\000p\000t\000i\000m\000a\000l\000\040\000T\000r\000a\000n\000s\000p\000o\000r\000t\000\040\000P\000a\000t\000h}{appendix.Alph44}% 960
\BOOKMARK [2][-]{subsection.Alph44.6.1}{\376\377\000T\000h\000e\000\040\000S\000t\000r\000a\000t\000e\000g\000y\000:\000\040\000G\000e\000o\000m\000e\000t\000r\000y\000\040\000F\000o\000r\000c\000e\000s\000\040\000S\000p\000e\000c\000t\000r\000a\000l\000\040\000G\000a\000p}{section.Alph44.6}% 961
\BOOKMARK [2][-]{subsection.Alph44.6.2}{\376\377\000S\000t\000e\000p\000\040\0001\000:\000\040\000B\000a\000k\000r\000y\000-\000\311\000m\000e\000r\000y\000\040\000C\000u\000r\000v\000a\000t\000u\000r\000e\000\040\000B\000o\000u\000n\000d}{section.Alph44.6}% 962
\BOOKMARK [2][-]{subsection.Alph44.6.3}{\376\377\000S\000t\000e\000p\000\040\0002\000:\000\040\000L\000S\000V\000\040\000T\000h\000e\000o\000r\000y\000\040\000-\000\040\000O\000p\000t\000i\000m\000a\000l\000\040\000T\000r\000a\000n\000s\000p\000o\000r\000t\000\040\000I\000m\000p\000l\000i\000e\000s\000\040\000G\000a\000p}{section.Alph44.6}% 963
\BOOKMARK [2][-]{subsection.Alph44.6.4}{\376\377\000S\000t\000e\000p\000\040\0003\000:\000\040\000R\000e\000s\000o\000l\000u\000t\000i\000o\000n\000\040\000o\000f\000\040\000S\000i\000n\000g\000u\000l\000a\000r\000\040\000S\000t\000r\000a\000t\000a}{section.Alph44.6}% 964
\BOOKMARK [2][-]{subsection.Alph44.6.5}{\376\377\000S\000t\000e\000p\000\040\0004\000:\000\040\000A\000d\000d\000r\000e\000s\000s\000i\000n\000g\000\040\000t\000h\000e\000\040\000I\000n\000f\000r\000a\000r\000e\000d\000\040\000P\000r\000o\000b\000l\000e\000m}{section.Alph44.6}% 965
\BOOKMARK [2][-]{subsection.Alph44.6.6}{\376\377\000E\000x\000p\000l\000i\000c\000i\000t\000\040\000C\000o\000n\000s\000t\000a\000n\000t\000s}{section.Alph44.6}% 966
\BOOKMARK [2][-]{subsection.Alph44.6.7}{\376\377\000S\000u\000m\000m\000a\000r\000y\000:\000\040\000R\000o\000a\000d\000m\000a\000p\000\040\0003\000\040\000C\000o\000m\000p\000l\000e\000t\000e}{section.Alph44.6}% 967
\BOOKMARK [1][-]{section.Alph44.7}{\376\377\000R\000o\000a\000d\000m\000a\000p\000\040\0001\000:\000\040\000T\000h\000e\000\040\000H\000i\000e\000r\000a\000r\000c\000h\000i\000c\000a\000l\000\040\000Z\000e\000g\000a\000r\000l\000i\000n\000s\000k\000i\000\040\000P\000a\000t\000h}{appendix.Alph44}% 968
\BOOKMARK [2][-]{subsection.Alph44.7.1}{\376\377\000T\000h\000e\000\040\000P\000r\000o\000b\000l\000e\000m\000:\000\040\000O\000s\000c\000i\000l\000l\000a\000t\000i\000o\000n\000\040\000C\000a\000t\000a\000s\000t\000r\000o\000p\000h\000e}{section.Alph44.7}% 969
\BOOKMARK [2][-]{subsection.Alph44.7.2}{\376\377\000T\000h\000e\000\040\000S\000o\000l\000u\000t\000i\000o\000n\000:\000\040\000C\000o\000n\000d\000i\000t\000i\000o\000n\000a\000l\000\040\000T\000e\000n\000s\000o\000r\000i\000z\000a\000t\000i\000o\000n}{section.Alph44.7}% 970
\BOOKMARK [2][-]{subsection.Alph44.7.3}{\376\377\000S\000t\000e\000p\000\040\0001\000:\000\040\000A\000d\000a\000p\000t\000i\000v\000e\000\040\000B\000l\000o\000c\000k\000\040\000D\000e\000c\000o\000m\000p\000o\000s\000i\000t\000i\000o\000n}{section.Alph44.7}% 971
\BOOKMARK [2][-]{subsection.Alph44.7.4}{\376\377\000S\000t\000e\000p\000\040\0002\000:\000\040\000I\000n\000t\000e\000r\000i\000o\000r\000\040\000L\000S\000I\000\040\000v\000i\000a\000\040\000B\000a\000k\000r\000y\000-\000\311\000m\000e\000r\000y}{section.Alph44.7}% 972
\BOOKMARK [2][-]{subsection.Alph44.7.5}{\376\377\000S\000t\000e\000p\000\040\0003\000:\000\040\000D\000i\000m\000e\000n\000s\000i\000o\000n\000a\000l\000\040\000R\000e\000d\000u\000c\000t\000i\000o\000n\000\040\000f\000o\000r\000\040\000B\000o\000u\000n\000d\000a\000r\000y\000\040\000M\000a\000r\000g\000i\000n\000a\000l}{section.Alph44.7}% 973
\BOOKMARK [2][-]{subsection.Alph44.7.6}{\376\377\000S\000t\000e\000p\000\040\0003\000.\0005\000:\000\040\000T\000h\000e\000\040\0001\000D\000\040\000B\000a\000s\000e\000\040\000C\000a\000s\000e\000\040\000\050\000C\000r\000i\000t\000i\000c\000a\000l\000\051}{section.Alph44.7}% 974
\BOOKMARK [2][-]{subsection.Alph44.7.7}{\376\377\000S\000t\000e\000p\000\040\0004\000:\000\040\000C\000o\000n\000d\000i\000t\000i\000o\000n\000a\000l\000\040\000T\000e\000n\000s\000o\000r\000i\000z\000a\000t\000i\000o\000n\000\040\000T\000h\000e\000o\000r\000e\000m}{section.Alph44.7}% 975
\BOOKMARK [2][-]{subsection.Alph44.7.8}{\376\377\000S\000t\000e\000p\000\040\0005\000:\000\040\000P\000u\000t\000t\000i\000n\000g\000\040\000I\000t\000\040\000A\000l\000l\000\040\000T\000o\000g\000e\000t\000h\000e\000r}{section.Alph44.7}% 976
\BOOKMARK [2][-]{subsection.Alph44.7.9}{\376\377\000W\000h\000y\000\040\000T\000h\000i\000s\000\040\000W\000o\000r\000k\000s\000\040\000a\000t\000\040\000I\000n\000t\000e\000r\000m\000e\000d\000i\000a\000t\000e\000\040\000C\000o\000u\000p\000l\000i\000n\000g}{section.Alph44.7}% 977
\BOOKMARK [2][-]{subsection.Alph44.7.10}{\376\377\000V\000e\000r\000i\000f\000i\000c\000a\000t\000i\000o\000n\000\040\000R\000e\000q\000u\000i\000r\000e\000m\000e\000n\000t\000s}{section.Alph44.7}% 978
\BOOKMARK [2][-]{subsection.Alph44.7.11}{\376\377\000S\000u\000m\000m\000a\000r\000y\000:\000\040\000H\000i\000e\000r\000a\000r\000c\000h\000i\000c\000a\000l\000\040\000Z\000e\000g\000a\000r\000l\000i\000n\000s\000k\000i\000\040\000P\000a\000t\000h}{section.Alph44.7}% 979
\BOOKMARK [1][-]{section.Alph44.8}{\376\377\000R\000o\000a\000d\000m\000a\000p\000\040\0003\000:\000\040\000T\000h\000e\000\040\000G\000e\000o\000m\000e\000t\000r\000i\000c\000\040\000a\000n\000d\000\040\000S\000p\000e\000c\000t\000r\000a\000l\000\040\000P\000a\000t\000h}{appendix.Alph44}% 980
\BOOKMARK [2][-]{subsection.Alph44.8.1}{\376\377\000T\000h\000e\000\040\000P\000r\000o\000b\000l\000e\000m\000:\000\040\000C\000o\000n\000f\000i\000n\000e\000m\000e\000n\000t\000\040\000v\000s\000\040\000M\000a\000s\000s\000\040\000G\000a\000p}{section.Alph44.8}% 981
\BOOKMARK [2][-]{subsection.Alph44.8.2}{\376\377\000T\000h\000e\000\040\000S\000t\000r\000a\000t\000e\000g\000y\000:\000\040\000G\000a\000u\000g\000e\000\040\000O\000r\000b\000i\000t\000\040\000G\000e\000o\000m\000e\000t\000r\000y}{section.Alph44.8}% 982
\BOOKMARK [2][-]{subsection.Alph44.8.3}{\376\377\000S\000t\000e\000p\000\040\0001\000:\000\040\000G\000a\000u\000g\000e\000\040\000O\000r\000b\000i\000t\000\040\000C\000u\000r\000v\000a\000t\000u\000r\000e}{section.Alph44.8}% 983
\BOOKMARK [2][-]{subsection.Alph44.8.4}{\376\377\000S\000t\000e\000p\000\040\0002\000:\000\040\000C\000h\000e\000e\000g\000e\000r\000-\000B\000u\000s\000e\000r\000\040\000I\000n\000e\000q\000u\000a\000l\000i\000t\000y}{section.Alph44.8}% 984
\BOOKMARK [2][-]{subsection.Alph44.8.5}{\376\377\000S\000t\000e\000p\000\040\0003\000:\000\040\000T\000h\000e\000\040\000G\000i\000l\000e\000s\000-\000T\000e\000p\000e\000r\000\040\000B\000o\000u\000n\000d}{section.Alph44.8}% 985
\BOOKMARK [2][-]{subsection.Alph44.8.6}{\376\377\000S\000t\000e\000p\000\040\0004\000:\000\040\000S\000t\000r\000i\000n\000g\000\040\000T\000e\000n\000s\000i\000o\000n\000\040\000P\000o\000s\000i\000t\000i\000v\000i\000t\000y}{section.Alph44.8}% 986
\BOOKMARK [2][-]{subsection.Alph44.8.7}{\376\377\000S\000t\000e\000p\000\040\0004\000.\0005\000:\000\040\000C\000h\000a\000r\000a\000c\000t\000e\000r\000\040\000E\000x\000p\000a\000n\000s\000i\000o\000n\000\040\000f\000o\000r\000\040\000S\000t\000r\000i\000n\000g\000\040\000T\000e\000n\000s\000i\000o\000n}{section.Alph44.8}% 987
\BOOKMARK [2][-]{subsection.Alph44.8.8}{\376\377\000E\000x\000p\000l\000i\000c\000i\000t\000\040\000C\000o\000n\000s\000t\000a\000n\000t\000s\000\040\000f\000o\000r\000\040\000S\000U\000\050\0002\000\051\000\040\000a\000n\000d\000\040\000S\000U\000\050\0003\000\051}{section.Alph44.8}% 988
\BOOKMARK [2][-]{subsection.Alph44.8.9}{\376\377\000H\000e\000a\000t\000\040\000K\000e\000r\000n\000e\000l\000\040\000V\000e\000r\000i\000f\000i\000c\000a\000t\000i\000o\000n}{section.Alph44.8}% 989
\BOOKMARK [2][-]{subsection.Alph44.8.10}{\376\377\000S\000u\000m\000m\000a\000r\000y\000:\000\040\000G\000e\000o\000m\000e\000t\000r\000i\000c\000\040\000a\000n\000d\000\040\000S\000p\000e\000c\000t\000r\000a\000l\000\040\000P\000a\000t\000h}{section.Alph44.8}% 990
\BOOKMARK [2][-]{subsection.Alph44.8.11}{\376\377\000C\000o\000n\000n\000e\000c\000t\000i\000o\000n\000\040\000t\000o\000\040\000O\000t\000h\000e\000r\000\040\000R\000o\000a\000d\000m\000a\000p\000s}{section.Alph44.8}% 991
\BOOKMARK [1][-]{section.Alph44.9}{\376\377\000R\000o\000a\000d\000m\000a\000p\000\040\0003\000\040\000E\000n\000h\000a\000n\000c\000e\000d\000:\000\040\000R\000i\000g\000o\000r\000o\000u\000s\000\040\000G\000e\000o\000m\000e\000t\000r\000i\000c\000-\000S\000p\000e\000c\000t\000r\000a\000l\000\040\000T\000h\000e\000o\000r\000y}{appendix.Alph44}% 992
\BOOKMARK [2][-]{subsection.Alph44.9.1}{\376\377\000P\000a\000r\000t\000\040\000A\000:\000\040\000R\000i\000g\000o\000r\000o\000u\000s\000\040\000O\000'\000N\000e\000i\000l\000l\000\040\000C\000u\000r\000v\000a\000t\000u\000r\000e\000\040\000C\000a\000l\000c\000u\000l\000a\000t\000i\000o\000n}{section.Alph44.9}% 993
\BOOKMARK [2][-]{subsection.Alph44.9.2}{\376\377\000P\000a\000r\000t\000\040\000B\000:\000\040\000C\000h\000e\000e\000g\000e\000r\000-\000B\000u\000s\000e\000r\000\040\000w\000i\000t\000h\000\040\000E\000x\000p\000l\000i\000c\000i\000t\000\040\000C\000o\000n\000s\000t\000a\000n\000t\000s}{section.Alph44.9}% 994
\BOOKMARK [2][-]{subsection.Alph44.9.3}{\376\377\000P\000a\000r\000t\000\040\000C\000:\000\040\000R\000i\000g\000o\000r\000o\000u\000s\000\040\000S\000p\000e\000c\000t\000r\000a\000l\000\040\000G\000a\000p\000\040\000D\000e\000r\000i\000v\000a\000t\000i\000o\000n\000\040\000\050\000I\000n\000s\000p\000i\000r\000e\000d\000\040\000b\000y\000\040\000G\000i\000l\000e\000s\000-\000T\000e\000p\000e\000r\000\051}{section.Alph44.9}% 995
\BOOKMARK [2][-]{subsection.Alph44.9.4}{\376\377\000P\000a\000r\000t\000\040\000D\000:\000\040\000S\000t\000r\000i\000n\000g\000\040\000T\000e\000n\000s\000i\000o\000n\000\040\000P\000o\000s\000i\000t\000i\000v\000i\000t\000y\000\040\000-\000\040\000C\000o\000m\000p\000l\000e\000t\000e\000\040\000P\000r\000o\000o\000f}{section.Alph44.9}% 996
\BOOKMARK [2][-]{subsection.Alph44.9.5}{\376\377\000P\000a\000r\000t\000\040\000E\000:\000\040\000G\000K\000S\000\040\000I\000n\000e\000q\000u\000a\000l\000i\000t\000i\000e\000s\000\040\000-\000\040\000R\000i\000g\000o\000r\000o\000u\000s\000\040\000S\000t\000a\000t\000e\000m\000e\000n\000t}{section.Alph44.9}% 997
\BOOKMARK [2][-]{subsection.Alph44.9.6}{\376\377\000P\000a\000r\000t\000\040\000F\000:\000\040\000S\000u\000m\000m\000a\000r\000y\000\040\000-\000\040\000G\000e\000o\000m\000e\000t\000r\000i\000c\000-\000S\000p\000e\000c\000t\000r\000a\000l\000\040\000R\000o\000a\000d\000m\000a\000p\000\040\000C\000o\000m\000p\000l\000e\000t\000e}{section.Alph44.9}% 998
\BOOKMARK [1][-]{section.Alph44.10}{\376\377\000R\000o\000a\000d\000m\000a\000p\000\040\0002\000\040\000E\000n\000h\000a\000n\000c\000e\000d\000:\000\040\000R\000i\000g\000o\000r\000o\000u\000s\000\040\000A\000d\000j\000o\000i\000n\000t\000\040\000I\000n\000t\000e\000r\000p\000o\000l\000a\000t\000i\000o\000n}{appendix.Alph44}% 999
\BOOKMARK [2][-]{subsection.Alph44.10.1}{\376\377\000P\000a\000r\000t\000\040\000A\000:\000\040\000W\000i\000t\000t\000e\000n\000\040\000I\000n\000d\000e\000x\000\040\000-\000\040\000C\000o\000m\000p\000l\000e\000t\000e\000\040\000R\000i\000g\000o\000r\000o\000u\000s\000\040\000C\000a\000l\000c\000u\000l\000a\000t\000i\000o\000n}{section.Alph44.10}% 1000
\BOOKMARK [2][-]{subsection.Alph44.10.2}{\376\377\000P\000a\000r\000t\000\040\000B\000:\000\040\000C\000e\000n\000t\000e\000r\000\040\000S\000y\000m\000m\000e\000t\000r\000y\000\040\000P\000r\000e\000s\000e\000r\000v\000a\000t\000i\000o\000n\000\040\000-\000\040\000C\000o\000m\000p\000l\000e\000t\000e\000\040\000P\000r\000o\000o\000f}{section.Alph44.10}% 1001
\BOOKMARK [2][-]{subsection.Alph44.10.3}{\376\377\000P\000a\000r\000t\000\040\000C\000:\000\040\000L\000e\000e\000-\000Y\000a\000n\000g\000\040\000A\000n\000a\000l\000y\000t\000i\000c\000i\000t\000y}{section.Alph44.10}% 1002
\BOOKMARK [2][-]{subsection.Alph44.10.4}{\376\377\000P\000a\000r\000t\000\040\000D\000:\000\040\000D\000e\000c\000o\000u\000p\000l\000i\000n\000g\000\040\000T\000h\000e\000o\000r\000e\000m}{section.Alph44.10}% 1003
\BOOKMARK [2][-]{subsection.Alph44.10.5}{\376\377\000P\000a\000r\000t\000\040\000E\000:\000\040\000C\000o\000m\000p\000l\000e\000t\000e\000\040\000I\000n\000t\000e\000r\000p\000o\000l\000a\000t\000i\000o\000n\000\040\000C\000h\000a\000i\000n}{section.Alph44.10}% 1004
\BOOKMARK [2][-]{subsection.Alph44.10.6}{\376\377\000P\000a\000r\000t\000\040\000F\000:\000\040\000S\000u\000m\000m\000a\000r\000y\000\040\000-\000\040\000A\000d\000j\000o\000i\000n\000t\000\040\000I\000n\000t\000e\000r\000p\000o\000l\000a\000t\000i\000o\000n\000\040\000R\000o\000a\000d\000m\000a\000p\000\040\000C\000o\000m\000p\000l\000e\000t\000e}{section.Alph44.10}% 1005
\BOOKMARK [1][-]{section.Alph44.11}{\376\377\000R\000o\000a\000d\000m\000a\000p\000\040\0001\000\040\000E\000n\000h\000a\000n\000c\000e\000d\000:\000\040\000R\000i\000g\000o\000r\000o\000u\000s\000\040\000H\000i\000e\000r\000a\000r\000c\000h\000i\000c\000a\000l\000\040\000Z\000e\000g\000a\000r\000l\000i\000n\000s\000k\000i}{appendix.Alph44}% 1006
\BOOKMARK [2][-]{subsection.Alph44.11.1}{\376\377\000P\000a\000r\000t\000\040\000A\000:\000\040\000B\000l\000o\000c\000k\000\040\000D\000o\000b\000r\000u\000s\000h\000i\000n\000\040\000C\000o\000n\000d\000i\000t\000i\000o\000n\000s}{section.Alph44.11}% 1007
\BOOKMARK [2][-]{subsection.Alph44.11.2}{\376\377\000P\000a\000r\000t\000\040\000B\000:\000\040\000B\000l\000o\000c\000k\000\040\000L\000S\000I\000\040\000v\000i\000a\000\040\000C\000o\000n\000d\000i\000t\000i\000o\000n\000a\000l\000\040\000T\000e\000n\000s\000o\000r\000i\000z\000a\000t\000i\000o\000n}{section.Alph44.11}% 1008
\BOOKMARK [2][-]{subsection.Alph44.11.3}{\376\377\000P\000a\000r\000t\000\040\000C\000:\000\040\000H\000i\000e\000r\000a\000r\000c\000h\000i\000c\000a\000l\000\040\000C\000o\000m\000b\000i\000n\000a\000t\000i\000o\000n}{section.Alph44.11}% 1009
\BOOKMARK [2][-]{subsection.Alph44.11.4}{\376\377\000P\000a\000r\000t\000\040\000D\000:\000\040\000E\000x\000p\000l\000i\000c\000i\000t\000\040\000U\000n\000i\000f\000o\000r\000m\000\040\000B\000o\000u\000n\000d}{section.Alph44.11}% 1010
\BOOKMARK [2][-]{subsection.Alph44.11.5}{\376\377\000P\000a\000r\000t\000\040\000E\000:\000\040\000C\000o\000r\000r\000e\000l\000a\000t\000i\000o\000n\000\040\000D\000e\000c\000a\000y\000\040\000E\000s\000t\000i\000m\000a\000t\000e\000s}{section.Alph44.11}% 1011
\BOOKMARK [2][-]{subsection.Alph44.11.6}{\376\377\000P\000a\000r\000t\000\040\000F\000:\000\040\000S\000u\000m\000m\000a\000r\000y\000\040\000-\000\040\000R\000o\000a\000d\000m\000a\000p\000\040\0001\000\040\000C\000o\000m\000p\000l\000e\000t\000e}{section.Alph44.11}% 1012
\BOOKMARK [1][-]{section.Alph44.12}{\376\377\000R\000o\000a\000d\000m\000a\000p\000\040\0004\000\040\000E\000n\000h\000a\000n\000c\000e\000d\000:\000\040\000R\000i\000g\000o\000r\000o\000u\000s\000\040\000C\000o\000n\000t\000i\000n\000u\000u\000m\000\040\000L\000i\000m\000i\000t}{appendix.Alph44}% 1013
\BOOKMARK [2][-]{subsection.Alph44.12.1}{\376\377\000P\000a\000r\000t\000\040\000A\000:\000\040\000L\000a\000t\000t\000i\000c\000e\000\040\000D\000i\000r\000i\000c\000h\000l\000e\000t\000\040\000F\000o\000r\000m\000s}{section.Alph44.12}% 1014
\BOOKMARK [2][-]{subsection.Alph44.12.2}{\376\377\000P\000a\000r\000t\000\040\000B\000:\000\040\000C\000o\000n\000t\000i\000n\000u\000u\000m\000\040\000D\000i\000r\000i\000c\000h\000l\000e\000t\000\040\000F\000o\000r\000m}{section.Alph44.12}% 1015
\BOOKMARK [2][-]{subsection.Alph44.12.3}{\376\377\000P\000a\000r\000t\000\040\000C\000:\000\040\000M\000o\000s\000c\000o\000\040\000C\000o\000n\000v\000e\000r\000g\000e\000n\000c\000e\000\040\000-\000\040\000D\000e\000t\000a\000i\000l\000e\000d\000\040\000V\000e\000r\000i\000f\000i\000c\000a\000t\000i\000o\000n}{section.Alph44.12}% 1016
\BOOKMARK [2][-]{subsection.Alph44.12.4}{\376\377\000P\000a\000r\000t\000\040\000D\000:\000\040\000S\000p\000e\000c\000t\000r\000a\000l\000\040\000P\000e\000r\000m\000a\000n\000e\000n\000c\000e\000\040\000w\000i\000t\000h\000\040\000R\000a\000t\000e\000s}{section.Alph44.12}% 1017
\BOOKMARK [2][-]{subsection.Alph44.12.5}{\376\377\000P\000a\000r\000t\000\040\000E\000:\000\040\000P\000h\000y\000s\000i\000c\000a\000l\000\040\000S\000c\000a\000l\000i\000n\000g}{section.Alph44.12}% 1018
\BOOKMARK [2][-]{subsection.Alph44.12.6}{\376\377\000P\000a\000r\000t\000\040\000F\000:\000\040\000O\000s\000t\000e\000r\000w\000a\000l\000d\000e\000r\000-\000S\000c\000h\000r\000a\000d\000e\000r\000\040\000V\000e\000r\000i\000f\000i\000c\000a\000t\000i\000o\000n}{section.Alph44.12}% 1019
\BOOKMARK [2][-]{subsection.Alph44.12.7}{\376\377\000P\000a\000r\000t\000\040\000G\000:\000\040\000S\000u\000m\000m\000a\000r\000y\000\040\000-\000\040\000R\000o\000a\000d\000m\000a\000p\000\040\0004\000\040\000C\000o\000m\000p\000l\000e\000t\000e}{section.Alph44.12}% 1020
\BOOKMARK [1][-]{section.Alph44.13}{\376\377\000R\000o\000a\000d\000m\000a\000p\000\040\000t\000o\000\040\000U\000n\000c\000o\000n\000d\000i\000t\000i\000o\000n\000a\000l\000\040\000R\000i\000g\000o\000r\000:\000\040\000C\000l\000o\000s\000i\000n\000g\000\040\000t\000h\000e\000\040\000F\000i\000n\000a\000l\000\040\000G\000a\000p\000s}{appendix.Alph44}% 1021
\BOOKMARK [2][-]{subsection.Alph44.13.1}{\376\377\000T\000a\000s\000k\000\040\0001\000:\000\040\000F\000o\000r\000m\000a\000l\000i\000z\000i\000n\000g\000\040\000U\000V\000\040\000S\000t\000a\000b\000i\000l\000i\000t\000y\000\040\000\050\000T\000h\000e\000\040\000"\000B\000a\000l\000a\000b\000a\000n\000"\000\040\000G\000a\000p\000\051}{section.Alph44.13}% 1022
\BOOKMARK [2][-]{subsection.Alph44.13.2}{\376\377\000T\000a\000s\000k\000\040\0002\000:\000\040\000R\000i\000g\000o\000r\000o\000u\000s\000\040\000L\000a\000t\000t\000i\000c\000e\000\040\000P\000e\000i\000e\000r\000l\000s\000\040\000C\000o\000n\000t\000o\000u\000r\000s\000\040\000\050\000T\000h\000e\000\040\000"\000S\000Y\000M\000"\000\040\000G\000a\000p\000\051}{section.Alph44.13}% 1023
\BOOKMARK [2][-]{subsection.Alph44.13.3}{\376\377\000T\000a\000s\000k\000\040\0003\000:\000\040\000P\000r\000o\000v\000i\000n\000g\000\040\000G\000e\000n\000e\000r\000i\000c\000i\000t\000y\000\040\000\050\000T\000h\000e\000\040\000"\000C\000r\000o\000s\000s\000i\000n\000g\000"\000\040\000G\000a\000p\000\051}{section.Alph44.13}% 1024
\BOOKMARK [2][-]{subsection.Alph44.13.4}{\376\377\000S\000u\000m\000m\000a\000r\000y\000\040\000o\000f\000\040\000W\000o\000r\000k\000\040\000R\000e\000q\000u\000i\000r\000e\000d}{section.Alph44.13}% 1025
\BOOKMARK [0][-]{appendix.Alph45}{\376\377\000C\000o\000m\000p\000l\000e\000t\000e\000\040\000P\000r\000o\000o\000f\000s\000\040\000a\000n\000d\000\040\000S\000y\000n\000t\000h\000e\000s\000i\000s}{Item.193}% 1026
\BOOKMARK [1][-]{section.Alph45.1}{\376\377\000S\000y\000n\000t\000h\000e\000s\000i\000s\000:\000\040\000M\000e\000t\000h\000o\000d\000\040\000f\000o\000r\000\040\000C\000o\000n\000d\000i\000t\000i\000o\000n\000\040\000P}{appendix.Alph45}% 1027
\BOOKMARK [1][-]{section.Alph45.2}{\376\377\000S\000t\000a\000t\000e\000m\000e\000n\000t\000\040\000o\000f\000\040\000M\000a\000i\000n\000\040\000R\000e\000s\000u\000l\000t}{appendix.Alph45}% 1028
\BOOKMARK [1][-]{section.Alph45.3}{\376\377\000M\000a\000s\000s\000\040\000G\000a\000p\000\040\000R\000e\000s\000o\000l\000u\000t\000i\000o\000n\000\040\000M\000e\000t\000h\000o\000d\000s}{appendix.Alph45}% 1029
\BOOKMARK [2][-]{subsection.Alph45.3.1}{\376\377\000T\000h\000e\000\040\000S\000p\000e\000c\000t\000r\000a\000l\000\040\000G\000a\000p\000\040\000a\000t\000\040\000A\000l\000l\000\040\000C\000o\000u\000p\000l\000i\000n\000g\000s}{section.Alph45.3}% 1030
\BOOKMARK [2][-]{subsection.Alph45.3.2}{\376\377\000G\000a\000p\000\040\0002\000\040\000R\000e\000s\000o\000l\000u\000t\000i\000o\000n\000:\000\040\000I\000n\000t\000e\000r\000m\000e\000d\000i\000a\000t\000e\000\040\000C\000o\000u\000p\000l\000i\000n\000g\000\040\000R\000e\000g\000i\000m\000e\000\040\000b\000e\000t\000a\000\040\000\040\000\040\0001}{section.Alph45.3}% 1031
\BOOKMARK [2][-]{subsection.Alph45.3.3}{\376\377\000G\000a\000p\000\040\0003\000\040\000R\000e\000s\000o\000l\000u\000t\000i\000o\000n\000:\000\040\000R\000i\000g\000o\000r\000o\000u\000s\000\040\000G\000i\000l\000e\000s\000-\000T\000e\000p\000e\000r\000\040\000B\000o\000u\000n\000d}{section.Alph45.3}% 1032
\BOOKMARK [2][-]{subsection.Alph45.3.4}{\376\377\000G\000a\000p\000\040\0004\000\040\000R\000e\000s\000o\000l\000u\000t\000i\000o\000n\000:\000\040\000C\000o\000m\000p\000l\000e\000t\000e\000\040\000O\000S\000\040\000A\000x\000i\000o\000m\000\040\000V\000e\000r\000i\000f\000i\000c\000a\000t\000i\000o\000n}{section.Alph45.3}% 1033
\BOOKMARK [1][-]{section.Alph45.4}{\376\377\000C\000o\000m\000p\000l\000e\000t\000e\000\040\000S\000y\000n\000t\000h\000e\000s\000i\000s\000:\000\040\000P\000r\000o\000o\000f\000\040\000o\000f\000\040\000M\000a\000s\000s\000\040\000G\000a\000p\000\040\000f\000o\000r\000\040\000S\000U\000\050\0002\000\051\000\040\000a\000n\000d\000\040\000S\000U\000\050\0003\000\051}{appendix.Alph45}% 1034
\BOOKMARK [2][-]{subsection.Alph45.4.1}{\376\377\000S\000u\000m\000m\000a\000r\000y\000\040\000o\000f\000\040\000P\000r\000o\000o\000f\000\040\000M\000e\000t\000h\000o\000d\000s}{section.Alph45.4}% 1035
\BOOKMARK [2][-]{subsection.Alph45.4.2}{\376\377\000A\000l\000t\000e\000r\000n\000a\000t\000i\000v\000e\000\040\000F\000r\000a\000m\000e\000w\000o\000r\000k\000s\000\040\000\050\000P\000a\000r\000t\000\040\000I\000I\000I\000\051}{section.Alph45.4}% 1036
\BOOKMARK [2][-]{subsection.Alph45.4.3}{\376\377\000I\000n\000t\000e\000r\000m\000e\000d\000i\000a\000t\000e\000\040\000C\000o\000u\000p\000l\000i\000n\000g\000\040\000M\000e\000t\000h\000o\000d\000s}{section.Alph45.4}% 1037
\BOOKMARK [1][-]{section.Alph45.5}{\376\377\000D\000i\000v\000i\000d\000e\000\040\000a\000n\000d\000\040\000C\000o\000n\000q\000u\000e\000r\000:\000\040\000C\000o\000m\000p\000l\000e\000t\000e\000\040\000P\000r\000o\000o\000f\000\040\000S\000t\000r\000u\000c\000t\000u\000r\000e}{appendix.Alph45}% 1038
\BOOKMARK [2][-]{subsection.Alph45.5.1}{\376\377\000T\000o\000p\000-\000L\000e\000v\000e\000l\000\040\000D\000e\000c\000o\000m\000p\000o\000s\000i\000t\000i\000o\000n}{section.Alph45.5}% 1039
\BOOKMARK [2][-]{subsection.Alph45.5.2}{\376\377\000P\000a\000r\000t\000\040\000[\000A\000]\000:\000\040\000E\000x\000i\000s\000t\000e\000n\000c\000e\000\040\040\024\000\040\000D\000e\000t\000a\000i\000l\000e\000d\000\040\000B\000r\000e\000a\000k\000d\000o\000w\000n}{section.Alph45.5}% 1040
\BOOKMARK [2][-]{subsection.Alph45.5.3}{\376\377\000P\000a\000r\000t\000\040\000[\000B\000]\000:\000\040\000M\000a\000s\000s\000\040\000G\000a\000p\000\040\040\024\000\040\000D\000e\000t\000a\000i\000l\000e\000d\000\040\000B\000r\000e\000a\000k\000d\000o\000w\000n}{section.Alph45.5}% 1041
\BOOKMARK [2][-]{subsection.Alph45.5.4}{\376\377\000R\000e\000s\000o\000l\000u\000t\000i\000o\000n\000\040\000o\000f\000\040\000H\000a\000r\000d\000\040\000P\000r\000o\000b\000l\000e\000m\000s}{section.Alph45.5}% 1042
\BOOKMARK [2][-]{subsection.Alph45.5.5}{\376\377\000D\000e\000p\000e\000n\000d\000e\000n\000c\000y\000\040\000G\000r\000a\000p\000h}{section.Alph45.5}% 1043
\BOOKMARK [1][-]{section.Alph45.6}{\376\377\000S\000y\000n\000t\000h\000e\000s\000i\000s\000:\000\040\000T\000h\000e\000\040\000C\000o\000m\000p\000l\000e\000t\000e\000\040\000A\000r\000g\000u\000m\000e\000n\000t}{appendix.Alph45}% 1044
\BOOKMARK [1][-]{section.Alph45.7}{\376\377\000P\000r\000o\000o\000f\000\040\000S\000t\000r\000u\000c\000t\000u\000r\000e\000\040\000O\000v\000e\000r\000v\000i\000e\000w}{appendix.Alph45}% 1045
\BOOKMARK [2][-]{subsection.Alph45.7.1}{\376\377\000S\000u\000m\000m\000a\000r\000y\000\040\000o\000f\000\040\000t\000h\000e\000\040\000P\000r\000o\000o\000f}{section.Alph45.7}% 1046
\BOOKMARK [2][-]{subsection.Alph45.7.2}{\376\377\000T\000h\000e\000\040\000L\000o\000g\000i\000c\000a\000l\000\040\000S\000t\000r\000u\000c\000t\000u\000r\000e}{section.Alph45.7}% 1047
\BOOKMARK [2][-]{subsection.Alph45.7.3}{\376\377\000M\000a\000t\000h\000e\000m\000a\000t\000i\000c\000a\000l\000\040\000P\000r\000e\000r\000e\000q\000u\000i\000s\000i\000t\000e\000s}{section.Alph45.7}% 1048
\BOOKMARK [2][-]{subsection.Alph45.7.4}{\376\377\000M\000a\000s\000t\000e\000r\000\040\000T\000h\000e\000o\000r\000e\000m\000:\000\040\000U\000n\000i\000f\000i\000e\000d\000\040\000S\000t\000a\000t\000e\000m\000e\000n\000t\000\040\000w\000i\000t\000h\000\040\000E\000x\000p\000l\000i\000c\000i\000t\000\040\000B\000o\000u\000n\000d\000s}{section.Alph45.7}% 1049
\BOOKMARK [2][-]{subsection.Alph45.7.5}{\376\377\000F\000i\000n\000a\000l\000\040\000S\000t\000a\000t\000e\000m\000e\000n\000t}{section.Alph45.7}% 1050
\BOOKMARK [1][-]{section.Alph45.8}{\376\377\000M\000e\000t\000h\000o\000d\000s\000\040\000f\000o\000r\000\040\000t\000h\000e\000\040\000Y\000a\000n\000g\000-\000M\000i\000l\000l\000s\000\040\000M\000a\000s\000s\000\040\000G\000a\000p}{appendix.Alph45}% 1051
\BOOKMARK [2][-]{subsection.Alph45.8.1}{\376\377\000M\000a\000i\000n\000\040\000T\000h\000e\000o\000r\000e\000m\000\040\000S\000t\000a\000t\000e\000m\000e\000n\000t}{section.Alph45.8}% 1052
\BOOKMARK [2][-]{subsection.Alph45.8.2}{\376\377\000P\000r\000o\000o\000f\000\040\000A\000r\000c\000h\000i\000t\000e\000c\000t\000u\000r\000e}{section.Alph45.8}% 1053
\BOOKMARK [2][-]{subsection.Alph45.8.3}{\376\377\000S\000t\000a\000g\000e\000\040\0001\000:\000\040\000S\000t\000r\000o\000n\000g\000\040\000C\000o\000u\000p\000l\000i\000n\000g\000\040\000\050\000b\000e\000t\000a\000\040\000<\000\040\000b\000e\000t\000a\000\137\000c\000\051}{section.Alph45.8}% 1054
\BOOKMARK [2][-]{subsection.Alph45.8.4}{\376\377\000S\000t\000a\000g\000e\000\040\0002\000:\000\040\000I\000n\000t\000e\000r\000m\000e\000d\000i\000a\000t\000e\000\040\000C\000o\000u\000p\000l\000i\000n\000g\000\040\000\050\000b\000e\000t\000a\000\137\000c\000\040\000<\000\040\000b\000e\000t\000a\000\040\000<\000\040\000b\000e\000t\000a\000\137\000G\000\051}{section.Alph45.8}% 1055
\BOOKMARK [2][-]{subsection.Alph45.8.5}{\376\377\000S\000t\000a\000g\000e\000\040\0003\000:\000\040\000W\000e\000a\000k\000\040\000C\000o\000u\000p\000l\000i\000n\000g\000\040\000\050\000b\000e\000t\000a\000\040\000>\000\040\000b\000e\000t\000a\000\137\000G\000\051}{section.Alph45.8}% 1056
\BOOKMARK [2][-]{subsection.Alph45.8.6}{\376\377\000U\000n\000i\000f\000o\000r\000m\000\040\000L\000a\000t\000t\000i\000c\000e\000\040\000M\000a\000s\000s\000\040\000G\000a\000p}{section.Alph45.8}% 1057
\BOOKMARK [2][-]{subsection.Alph45.8.7}{\376\377\000S\000t\000a\000g\000e\000\040\0004\000:\000\040\000C\000o\000n\000t\000i\000n\000u\000u\000m\000\040\000L\000i\000m\000i\000t}{section.Alph45.8}% 1058
\BOOKMARK [2][-]{subsection.Alph45.8.8}{\376\377\000F\000i\000n\000a\000l\000\040\000P\000r\000o\000o\000f\000\040\000o\000f\000\040\000M\000a\000i\000n\000\040\000T\000h\000e\000o\000r\000e\000m}{section.Alph45.8}% 1059
\BOOKMARK [2][-]{subsection.Alph45.8.9}{\376\377\000S\000u\000m\000m\000a\000r\000y\000:\000\040\000P\000r\000o\000o\000f\000\040\000V\000e\000r\000i\000f\000i\000c\000a\000t\000i\000o\000n\000\040\000C\000h\000e\000c\000k\000l\000i\000s\000t}{section.Alph45.8}% 1060
\BOOKMARK [2][-]{subsection.Alph45.8.10}{\376\377\000E\000x\000p\000l\000i\000c\000i\000t\000\040\000N\000u\000m\000e\000r\000i\000c\000a\000l\000\040\000C\000o\000n\000s\000t\000a\000n\000t\000s}{section.Alph45.8}% 1061
\BOOKMARK [2][-]{subsection.Alph45.8.11}{\376\377\000R\000e\000s\000p\000o\000n\000s\000e\000\040\000t\000o\000\040\000C\000r\000i\000t\000i\000c\000a\000l\000\040\000R\000e\000v\000i\000e\000w\000:\000\040\000A\000d\000d\000r\000e\000s\000s\000i\000n\000g\000\040\000S\000p\000e\000c\000i\000f\000i\000c\000\040\000C\000o\000n\000c\000e\000r\000n\000s}{section.Alph45.8}% 1062
\BOOKMARK [2][-]{subsection.Alph45.8.12}{\376\377\000A\000l\000t\000e\000r\000n\000a\000t\000i\000v\000e\000\040\000A\000p\000p\000r\000o\000a\000c\000h\000:\000\040\000A\000d\000j\000o\000i\000n\000t\000\040\000I\000n\000t\000e\000r\000p\000o\000l\000a\000t\000i\000o\000n}{section.Alph45.8}% 1063
\BOOKMARK [1][-]{section.Alph45.9}{\376\377\000M\000e\000t\000h\000o\000d\000s\000\040\000f\000o\000r\000\040\000C\000l\000o\000s\000i\000n\000g\000\040\000t\000h\000e\000\040\000U\000n\000i\000f\000o\000r\000m\000-\000i\000n\000-\000L\000\040\000G\000a\000p}{appendix.Alph45}% 1064
\BOOKMARK [2][-]{subsection.Alph45.9.1}{\376\377\000T\000h\000e\000\040\000C\000o\000r\000e\000\040\000C\000h\000a\000l\000l\000e\000n\000g\000e}{section.Alph45.9}% 1065
\BOOKMARK [2][-]{subsection.Alph45.9.2}{\376\377\000W\000o\000r\000k\000s\000t\000r\000e\000a\000m\000\040\0001\000:\000\040\000T\000h\000e\000\040\000B\000o\000u\000n\000d\000a\000r\000y\000\040\000M\000a\000r\000g\000i\000n\000a\000l\000\040\000P\000r\000o\000b\000l\000e\000m}{section.Alph45.9}% 1066
\BOOKMARK [2][-]{subsection.Alph45.9.3}{\376\377\000W\000o\000r\000k\000s\000t\000r\000e\000a\000m\000\040\0002\000:\000\040\000C\000o\000n\000d\000i\000t\000i\000o\000n\000a\000l\000\040\000T\000e\000n\000s\000o\000r\000i\000z\000a\000t\000i\000o\000n\000\040\000\050\000K\000e\000y\000\040\000I\000n\000n\000o\000v\000a\000t\000i\000o\000n\000\051}{section.Alph45.9}% 1067
\BOOKMARK [2][-]{subsection.Alph45.9.4}{\376\377\000W\000o\000r\000k\000s\000t\000r\000e\000a\000m\000\040\0003\000:\000\040\000W\000e\000a\000k\000\040\000C\000o\000u\000p\000l\000i\000n\000g\000\040\000H\000a\000n\000d\000o\000v\000e\000r}{section.Alph45.9}% 1068
\BOOKMARK [2][-]{subsection.Alph45.9.5}{\376\377\000C\000o\000m\000p\000l\000e\000t\000e\000\040\000A\000s\000s\000e\000m\000b\000l\000y}{section.Alph45.9}% 1069
\BOOKMARK [1][-]{section.Alph45.10}{\376\377\000C\000o\000m\000p\000l\000e\000t\000e\000\040\000M\000e\000t\000h\000o\000d\000s\000\040\000f\000o\000r\000\040\000t\000h\000e\000\040\000Y\000a\000n\000g\000-\000M\000i\000l\000l\000s\000\040\000M\000a\000s\000s\000\040\000G\000a\000p}{appendix.Alph45}% 1070
\BOOKMARK [2][-]{subsection.Alph45.10.1}{\376\377\000S\000t\000a\000t\000e\000m\000e\000n\000t\000\040\000o\000f\000\040\000t\000h\000e\000\040\000M\000a\000i\000n\000\040\000T\000h\000e\000o\000r\000e\000m}{section.Alph45.10}% 1071
\BOOKMARK [2][-]{subsection.Alph45.10.2}{\376\377\000P\000r\000o\000o\000f\000\040\000A\000r\000c\000h\000i\000t\000e\000c\000t\000u\000r\000e}{section.Alph45.10}% 1072
\BOOKMARK [2][-]{subsection.Alph45.10.3}{\376\377\000S\000t\000a\000g\000e\000\040\000I\000:\000\040\000R\000i\000g\000o\000r\000o\000u\000s\000\040\000L\000a\000t\000t\000i\000c\000e\000\040\000C\000o\000n\000s\000t\000r\000u\000c\000t\000i\000o\000n}{section.Alph45.10}% 1073
\BOOKMARK [2][-]{subsection.Alph45.10.4}{\376\377\000S\000t\000a\000g\000e\000\040\000I\000I\000:\000\040\000U\000n\000i\000f\000o\000r\000m\000\040\000S\000p\000e\000c\000t\000r\000a\000l\000\040\000G\000a\000p\000\040\000B\000o\000u\000n\000d\000s}{section.Alph45.10}% 1074
\BOOKMARK [2][-]{subsection.Alph45.10.5}{\376\377\000S\000t\000a\000g\000e\000\040\000I\000I\000I\000:\000\040\000P\000o\000s\000i\000t\000i\000v\000e\000\040\000S\000t\000r\000i\000n\000g\000\040\000T\000e\000n\000s\000i\000o\000n}{section.Alph45.10}% 1075
\BOOKMARK [2][-]{subsection.Alph45.10.6}{\376\377\000S\000t\000a\000g\000e\000\040\000I\000V\000:\000\040\000C\000o\000n\000t\000i\000n\000u\000u\000m\000\040\000L\000i\000m\000i\000t\000\040\000C\000o\000n\000s\000t\000r\000u\000c\000t\000i\000o\000n}{section.Alph45.10}% 1076
\BOOKMARK [2][-]{subsection.Alph45.10.7}{\376\377\000S\000t\000a\000g\000e\000\040\000V\000:\000\040\000F\000i\000n\000a\000l\000\040\000C\000o\000n\000c\000l\000u\000s\000i\000o\000n}{section.Alph45.10}% 1077
\BOOKMARK [2][-]{subsection.Alph45.10.8}{\376\377\000A\000l\000t\000e\000r\000n\000a\000t\000i\000v\000e\000\040\000P\000r\000o\000o\000f\000\040\000v\000i\000a\000\040\000A\000d\000j\000o\000i\000n\000t\000\040\000I\000n\000t\000e\000r\000p\000o\000l\000a\000t\000i\000o\000n}{section.Alph45.10}% 1078
\BOOKMARK [2][-]{subsection.Alph45.10.9}{\376\377\000S\000u\000m\000m\000a\000r\000y}{section.Alph45.10}% 1079
\BOOKMARK [2][-]{subsection.Alph45.10.10}{\376\377\000r\000i\000g\000o\000r\000o\000u\000s\000\040\000s\000t\000a\000n\000d\000a\000r\000d\000\040\000V\000e\000r\000i\000f\000i\000c\000a\000t\000i\000o\000n\000\040\000C\000h\000e\000c\000k\000l\000i\000s\000t}{section.Alph45.10}% 1080
\BOOKMARK [1][-]{sec:synthesis-complete-bookmark.1}{\376\377\000C\000o\000m\000p\000l\000e\000t\000e\000\040\000S\000y\000n\000t\000h\000e\000s\000i\000s\000:\000\040\000A\000l\000l\000\040\000G\000a\000p\000s\000\040\000F\000i\000l\000l\000e\000d}{appendix.Alph45}% 1081
\BOOKMARK [1][-]{section*.201}{\376\377\000C\000o\000m\000p\000l\000e\000t\000e\000\040\000S\000y\000n\000t\000h\000e\000s\000i\000s\000:\000\040\000A\000l\000l\000\040\000G\000a\000p\000s\000\040\000F\000i\000l\000l\000e\000d}{appendix.Alph45}% 1082
\BOOKMARK [2][-]{subsection.Alph45.10.11}{\376\377\000L\000o\000g\000i\000c\000a\000l\000\040\000S\000t\000r\000u\000c\000t\000u\000r\000e\000\040\000o\000f\000\040\000t\000h\000e\000\040\000C\000o\000m\000p\000l\000e\000t\000e\000\040\000P\000r\000o\000o\000f}{section*.201}% 1083
\BOOKMARK [2][-]{subsection.Alph45.10.12}{\376\377\000P\000r\000o\000o\000f\000\040\000A\000r\000c\000h\000i\000t\000e\000c\000t\000u\000r\000e}{section*.201}% 1084
\BOOKMARK [2][-]{subsection.Alph45.10.13}{\376\377\000G\000a\000p\000-\000b\000y\000-\000G\000a\000p\000\040\000R\000e\000s\000o\000l\000u\000t\000i\000o\000n}{section*.201}% 1085
\BOOKMARK [2][-]{subsection.Alph45.10.14}{\376\377\000C\000o\000m\000p\000l\000e\000t\000e\000\040\000P\000r\000o\000o\000f\000\040\000O\000u\000t\000l\000i\000n\000e}{section*.201}% 1086
\BOOKMARK [2][-]{subsection.Alph45.10.15}{\376\377\000V\000e\000r\000i\000f\000i\000c\000a\000t\000i\000o\000n\000\040\000o\000f\000\040\000N\000o\000n\000-\000C\000i\000r\000c\000u\000l\000a\000r\000i\000t\000y}{section*.201}% 1087
\BOOKMARK [2][-]{subsection.Alph45.10.16}{\376\377\000A\000d\000d\000i\000t\000i\000o\000n\000a\000l\000\040\000T\000e\000c\000h\000n\000i\000c\000a\000l\000\040\000I\000t\000e\000m\000s}{section*.201}% 1088
\BOOKMARK [1][-]{section.Alph45.11}{\376\377\000C\000o\000m\000p\000l\000e\000t\000e\000\040\000P\000r\000o\000o\000f\000s\000:\000\040\000C\000o\000n\000t\000i\000n\000u\000u\000m\000\040\000L\000i\000m\000i\000t\000\040\000v\000i\000a\000\040\000M\000o\000s\000c\000o\000\040\000C\000o\000n\000v\000e\000r\000g\000e\000n\000c\000e}{appendix.Alph45}% 1089
\BOOKMARK [2][-]{subsection.Alph45.11.1}{\376\377\000U\000n\000i\000f\000o\000r\000m\000\040\000E\000s\000t\000i\000m\000a\000t\000e\000s\000\040\000f\000o\000r\000\040\000L\000a\000t\000t\000i\000c\000e\000\040\000Y\000a\000n\000g\000-\000M\000i\000l\000l\000s}{section.Alph45.11}% 1090
\BOOKMARK [2][-]{subsection.Alph45.11.2}{\376\377\000M\000o\000s\000c\000o\000\040\000C\000o\000n\000v\000e\000r\000g\000e\000n\000c\000e\000:\000\040\000D\000e\000t\000a\000i\000l\000e\000d\000\040\000P\000r\000o\000o\000f}{section.Alph45.11}% 1091
\BOOKMARK [2][-]{subsection.Alph45.11.3}{\376\377\000S\000p\000e\000c\000t\000r\000a\000l\000\040\000P\000e\000r\000m\000a\000n\000e\000n\000c\000e}{section.Alph45.11}% 1092
\BOOKMARK [2][-]{subsection.Alph45.11.4}{\376\377\000I\000n\000t\000r\000i\000n\000s\000i\000c\000\040\000S\000c\000a\000l\000e\000\040\000S\000e\000t\000t\000i\000n\000g\000:\000\040\000C\000o\000m\000p\000l\000e\000t\000e\000\040\000T\000r\000e\000a\000t\000m\000e\000n\000t}{section.Alph45.11}% 1093
\BOOKMARK [1][-]{section.Alph45.12}{\376\377\000C\000o\000m\000p\000l\000e\000t\000e\000\040\000S\000y\000n\000t\000h\000e\000s\000i\000s\000:\000\040\000R\000i\000g\000o\000r\000o\000u\000s\000\040\000P\000r\000o\000o\000f\000\040\000o\000f\000\040\000t\000h\000e\000\040\000Y\000a\000n\000g\000-\000M\000i\000l\000l\000s\000\040\000M\000a\000s\000s\000\040\000G\000a\000p}{appendix.Alph45}% 1094
\BOOKMARK [2][-]{subsection.Alph45.12.1}{\376\377\000M\000a\000i\000n\000\040\000T\000h\000e\000o\000r\000e\000m}{section.Alph45.12}% 1095
\BOOKMARK [2][-]{subsection.Alph45.12.2}{\376\377\000P\000r\000o\000o\000f\000\040\000A\000r\000c\000h\000i\000t\000e\000c\000t\000u\000r\000e}{section.Alph45.12}% 1096
\BOOKMARK [2][-]{subsection.Alph45.12.3}{\376\377\000S\000t\000a\000g\000e\000\040\0001\000:\000\040\000U\000n\000i\000f\000o\000r\000m\000\040\000L\000a\000t\000t\000i\000c\000e\000\040\000L\000o\000g\000-\000S\000o\000b\000o\000l\000e\000v\000\040\000I\000n\000e\000q\000u\000a\000l\000i\000t\000y}{section.Alph45.12}% 1097
\BOOKMARK [2][-]{subsection.Alph45.12.4}{\376\377\000S\000t\000a\000g\000e\000\040\0002\000:\000\040\000S\000t\000r\000i\000n\000g\000\040\000T\000e\000n\000s\000i\000o\000n\000\040\000P\000o\000s\000i\000t\000i\000v\000i\000t\000y}{section.Alph45.12}% 1098
\BOOKMARK [2][-]{subsection.Alph45.12.5}{\376\377\000S\000t\000a\000g\000e\000\040\0003\000:\000\040\000G\000i\000l\000e\000s\000-\000T\000e\000p\000e\000r\000\040\000B\000o\000u\000n\000d}{section.Alph45.12}% 1099
\BOOKMARK [2][-]{subsection.Alph45.12.6}{\376\377\000S\000t\000a\000g\000e\000\040\0004\000:\000\040\000C\000o\000n\000t\000i\000n\000u\000u\000m\000\040\000L\000i\000m\000i\000t}{section.Alph45.12}% 1100
\BOOKMARK [2][-]{subsection.Alph45.12.7}{\376\377\000N\000u\000m\000e\000r\000i\000c\000a\000l\000\040\000V\000a\000l\000u\000e\000s}{section.Alph45.12}% 1101
\BOOKMARK [2][-]{subsection.Alph45.12.8}{\376\377\000P\000r\000o\000o\000f\000\040\000C\000o\000m\000p\000l\000e\000t\000i\000o\000n\000\040\000C\000h\000e\000c\000k\000l\000i\000s\000t}{section.Alph45.12}% 1102
\BOOKMARK [2][-]{subsection.Alph45.12.9}{\376\377\000A\000l\000t\000e\000r\000n\000a\000t\000i\000v\000e\000\040\000P\000a\000t\000h\000:\000\040\000A\000d\000j\000o\000i\000n\000t\000\040\000I\000n\000t\000e\000r\000p\000o\000l\000a\000t\000i\000o\000n}{section.Alph45.12}% 1103
\BOOKMARK [2][-]{subsection.Alph45.12.10}{\376\377\000C\000o\000n\000c\000l\000u\000s\000i\000o\000n}{section.Alph45.12}% 1104
\BOOKMARK [2][-]{subsection.Alph45.12.11}{\376\377\000R\000e\000m\000a\000i\000n\000i\000n\000g\000\040\000V\000e\000r\000i\000f\000i\000c\000a\000t\000i\000o\000n\000s\000\040\000f\000o\000r\000\040\000r\000i\000g\000o\000r\000o\000u\000s\000\040\000s\000t\000a\000n\000d\000a\000r\000d}{section.Alph45.12}% 1105
\BOOKMARK [1][-]{section.Alph45.13}{\376\377\000S\000t\000r\000u\000c\000t\000u\000r\000e\000\040\000o\000f\000\040\000t\000h\000e\000\040\000R\000i\000g\000o\000r\000o\000u\000s\000\040\000P\000r\000o\000o\000f}{appendix.Alph45}% 1106
\BOOKMARK [2][-]{subsection.Alph45.13.1}{\376\377\000P\000r\000o\000o\000f\000\040\000A\000r\000c\000h\000i\000t\000e\000c\000t\000u\000r\000e}{section.Alph45.13}% 1107
\BOOKMARK [2][-]{subsection.Alph45.13.2}{\376\377\000S\000t\000a\000g\000e\000\040\0001\000:\000\040\000T\000h\000e\000\040\000C\000r\000i\000t\000i\000c\000a\000l\000\040\000B\000a\000s\000e\000\040\000C\000a\000s\000e}{section.Alph45.13}% 1108
\BOOKMARK [2][-]{subsection.Alph45.13.3}{\376\377\000S\000t\000a\000g\000e\000\040\0002\000:\000\040\000U\000n\000i\000f\000o\000r\000m\000\040\000L\000o\000g\000-\000S\000o\000b\000o\000l\000e\000v\000\040\000I\000n\000e\000q\000u\000a\000l\000i\000t\000y}{section.Alph45.13}% 1109
\BOOKMARK [2][-]{subsection.Alph45.13.4}{\376\377\000S\000t\000a\000g\000e\000\040\0003\000:\000\040\000G\000i\000l\000e\000s\000-\000T\000e\000p\000e\000r\000\040\000B\000o\000u\000n\000d}{section.Alph45.13}% 1110
\BOOKMARK [2][-]{subsection.Alph45.13.5}{\376\377\000S\000t\000a\000g\000e\000\040\0004\000:\000\040\000C\000o\000n\000t\000i\000n\000u\000u\000m\000\040\000L\000i\000m\000i\000t}{section.Alph45.13}% 1111
\BOOKMARK [2][-]{subsection.Alph45.13.6}{\376\377\000S\000y\000n\000t\000h\000e\000s\000i\000s\000:\000\040\000T\000h\000e\000\040\000C\000o\000m\000p\000l\000e\000t\000e\000\040\000A\000r\000g\000u\000m\000e\000n\000t}{section.Alph45.13}% 1112
\BOOKMARK [2][-]{subsection.Alph45.13.7}{\376\377\000L\000o\000g\000i\000c\000a\000l\000\040\000D\000e\000p\000e\000n\000d\000e\000n\000c\000i\000e\000s}{section.Alph45.13}% 1113
\BOOKMARK [2][-]{subsection.Alph45.13.8}{\376\377\000W\000h\000a\000t\000\040\000H\000a\000s\000\040\000B\000e\000e\000n\000\040\000P\000r\000o\000v\000e\000n}{section.Alph45.13}% 1114
\BOOKMARK [2][-]{subsection.Alph45.13.9}{\376\377\000C\000l\000a\000y\000\040\000m\000a\000s\000s\000\040\000g\000a\000p\000\040\000p\000r\000o\000b\000l\000e\000m\000\040\000R\000e\000q\000u\000i\000r\000e\000m\000e\000n\000t\000s}{section.Alph45.13}% 1115
\BOOKMARK [2][-]{subsection.Alph45.13.10}{\376\377\000R\000e\000m\000a\000i\000n\000i\000n\000g\000\040\000f\000o\000r\000\040\000P\000u\000b\000l\000i\000c\000a\000t\000i\000o\000n}{section.Alph45.13}% 1116
\BOOKMARK [2][-]{subsection.Alph45.13.11}{\376\377\000C\000o\000n\000c\000l\000u\000s\000i\000o\000n}{section.Alph45.13}% 1117
\BOOKMARK [1][-]{section.Alph45.14}{\376\377\000F\000i\000n\000a\000l\000\040\000U\000n\000i\000f\000i\000e\000d\000\040\000T\000h\000e\000o\000r\000e\000m\000:\000\040\000Y\000a\000n\000g\000-\000M\000i\000l\000l\000s\000\040\000M\000a\000s\000s\000\040\000G\000a\000p}{appendix.Alph45}% 1118
\BOOKMARK [2][-]{subsection.Alph45.14.1}{\376\377\000C\000o\000m\000p\000l\000e\000t\000e\000\040\000P\000r\000o\000o\000f\000\040\000i\000n\000\040\000F\000i\000v\000e\000\040\000T\000h\000e\000o\000r\000e\000m\000s}{section.Alph45.14}% 1119
\BOOKMARK [2][-]{subsection.Alph45.14.2}{\376\377\000L\000o\000g\000i\000c\000a\000l\000\040\000S\000t\000r\000u\000c\000t\000u\000r\000e\000\040\000-\000\040\000N\000o\000\040\000C\000i\000r\000c\000u\000l\000a\000r\000i\000t\000y}{section.Alph45.14}% 1120
\BOOKMARK [2][-]{subsection.Alph45.14.3}{\376\377\000C\000o\000m\000p\000a\000r\000i\000s\000o\000n\000\040\000t\000o\000\040\000r\000i\000g\000o\000r\000o\000u\000s\000\040\000s\000t\000a\000n\000d\000a\000r\000d\000\040\000R\000e\000q\000u\000i\000r\000e\000m\000e\000n\000t\000s}{section.Alph45.14}% 1121
\BOOKMARK [2][-]{subsection.Alph45.14.4}{\376\377\000R\000i\000g\000o\000r\000\040\000A\000n\000a\000l\000y\000s\000i\000s}{section.Alph45.14}% 1122
\BOOKMARK [2][-]{subsection.Alph45.14.5}{\376\377\000T\000e\000c\000h\000n\000i\000c\000a\000l\000\040\000E\000x\000t\000e\000n\000s\000i\000o\000n\000s}{section.Alph45.14}% 1123
\BOOKMARK [2][-]{subsection.Alph45.14.6}{\376\377\000F\000i\000n\000a\000l\000\040\000S\000t\000a\000t\000e\000m\000e\000n\000t}{section.Alph45.14}% 1124
\BOOKMARK [1][-]{section.Alph45.15}{\376\377\000R\000e\000s\000e\000a\000r\000c\000h\000\040\000a\000n\000d\000\040\000R\000e\000p\000a\000i\000r\000\040\000R\000o\000a\000d\000m\000a\000p\000:\000\040\000T\000o\000w\000a\000r\000d\000s\000\040\000a\000\040\000R\000i\000g\000o\000r\000o\000u\000s\000\040\000P\000r\000o\000o\000f}{appendix.Alph45}% 1125
\BOOKMARK [2][-]{subsection.Alph45.15.1}{\376\377\0001\000.\000\040\000T\000h\000e\000\040\000U\000n\000i\000f\000o\000r\000m\000-\000i\000n\000-\000V\000o\000l\000u\000m\000e\000\040\000G\000a\000p\000\040\000\050\000R\000e\000s\000o\000l\000v\000i\000n\000g\000\040\000t\000h\000e\000\040\000"\000O\000s\000c\000i\000l\000l\000a\000t\000i\000o\000n\000\040\000C\000a\000t\000a\000s\000t\000r\000o\000p\000h\000e\000"\000\051}{section.Alph45.15}% 1126
\BOOKMARK [2][-]{subsection.Alph45.15.2}{\376\377\0002\000.\000\040\000T\000h\000e\000\040\000C\000o\000n\000t\000i\000n\000u\000u\000m\000\040\000L\000i\000m\000i\000t\000\040\000\050\000U\000V\000\040\000S\000t\000a\000b\000i\000l\000i\000t\000y\000\051}{section.Alph45.15}% 1127
\BOOKMARK [2][-]{subsection.Alph45.15.3}{\376\377\0003\000.\000\040\000A\000b\000s\000e\000n\000c\000e\000\040\000o\000f\000\040\000P\000h\000a\000s\000e\000\040\000T\000r\000a\000n\000s\000i\000t\000i\000o\000n\000s\000\040\000\050\000A\000n\000a\000l\000y\000t\000i\000c\000i\000t\000y\000\051}{section.Alph45.15}% 1128
\BOOKMARK [2][-]{subsection.Alph45.15.4}{\376\377\0004\000.\000\040\000T\000h\000e\000\040\000G\000i\000l\000e\000s\000-\000T\000e\000p\000e\000r\000\040\000B\000o\000u\000n\000d\000\040\000\050\000E\000x\000p\000l\000i\000c\000i\000t\000\040\000C\000o\000n\000s\000t\000a\000n\000t\000\051}{section.Alph45.15}% 1129
\BOOKMARK [1][-]{section.Alph45.16}{\376\377\000D\000e\000t\000a\000i\000l\000e\000d\000\040\000V\000e\000r\000i\000f\000i\000c\000a\000t\000i\000o\000n\000\040\000C\000h\000e\000c\000k\000l\000i\000s\000t\000\040\000\046\000\040\000M\000a\000t\000h\000e\000m\000a\000t\000i\000c\000a\000l\000\040\000F\000o\000r\000t\000i\000f\000i\000c\000a\000t\000i\000o\000n\000s}{appendix.Alph45}% 1130
\BOOKMARK [2][-]{subsection.Alph45.16.1}{\376\377\0001\000.\000\040\000R\000i\000g\000o\000r\000o\000u\000s\000\040\000E\000x\000t\000e\000n\000s\000i\000o\000n\000\040\000o\000f\000\040\000B\000a\000l\000a\000b\000a\000n\000'\000s\000\040\000B\000o\000u\000n\000d\000s\000\040\000t\000o\000\040\000S\000U\000\050\000N\000\051}{section.Alph45.16}% 1131
\BOOKMARK [2][-]{subsection.Alph45.16.2}{\376\377\0002\000.\000\040\000L\000a\000t\000t\000i\000c\000e\000\040\000S\000u\000p\000e\000r\000s\000y\000m\000m\000e\000t\000r\000y\000\040\000a\000n\000d\000\040\000t\000h\000e\000\040\000W\000i\000t\000t\000e\000n\000\040\000I\000n\000d\000e\000x}{section.Alph45.16}% 1132
\BOOKMARK [2][-]{subsection.Alph45.16.3}{\376\377\0003\000.\000\040\000E\000x\000p\000l\000i\000c\000i\000t\000\040\000B\000o\000u\000n\000d\000s\000\040\000f\000o\000r\000\040\000L\000e\000e\000-\000Y\000a\000n\000g\000\040\000Z\000e\000r\000o\000s}{section.Alph45.16}% 1133
\BOOKMARK [2][-]{subsection.Alph45.16.4}{\376\377\0004\000.\000\040\000C\000o\000m\000p\000u\000t\000e\000r\000-\000A\000s\000s\000i\000s\000t\000e\000d\000\040\000V\000e\000r\000i\000f\000i\000c\000a\000t\000i\000o\000n\000\040\000f\000o\000r\000\040\000I\000n\000t\000e\000r\000m\000e\000d\000i\000a\000t\000e\000\040\000C\000o\000u\000p\000l\000i\000n\000g}{section.Alph45.16}% 1134
\BOOKMARK [2][-]{subsection.Alph45.16.5}{\376\377\0005\000.\000\040\000R\000e\000s\000t\000o\000r\000a\000t\000i\000o\000n\000\040\000o\000f\000\040\000W\000a\000r\000d\000\040\000I\000d\000e\000n\000t\000i\000t\000i\000e\000s\000\040\000\050\000S\000y\000m\000m\000e\000t\000r\000y\000\040\000R\000e\000c\000o\000v\000e\000r\000y\000\051}{section.Alph45.16}% 1135
\BOOKMARK [2][-]{subsection.Alph45.16.6}{\376\377\0006\000.\000\040\000V\000e\000r\000i\000f\000i\000c\000a\000t\000i\000o\000n\000\040\000o\000f\000\040\000t\000h\000e\000\040\0001\000D\000\040\000B\000a\000s\000e\000\040\000C\000a\000s\000e\000\040\000C\000o\000n\000s\000t\000a\000n\000t}{section.Alph45.16}% 1136
\BOOKMARK [1][-]{section.Alph45.17}{\376\377\000D\000e\000e\000p\000\040\000S\000t\000r\000u\000c\000t\000u\000r\000e\000\040\000\046\000\040\000K\000e\000y\000s\000t\000o\000n\000e\000\040\000F\000r\000a\000m\000e\000w\000o\000r\000k\000s}{appendix.Alph45}% 1137
\BOOKMARK [2][-]{subsection.Alph45.17.1}{\376\377\000D\000e\000e\000p\000\040\000S\000t\000r\000u\000c\000t\000u\000r\000e\000\040\000M\000a\000t\000h\000e\000m\000a\000t\000i\000c\000a\000l\000\040\000F\000o\000r\000t\000i\000f\000i\000c\000a\000t\000i\000o\000n\000s\000\040\000\050\000A\000p\000p\000e\000n\000d\000i\000x\000\040\000R\000.\0001\0006\0001\000\051}{section.Alph45.17}% 1138
\BOOKMARK [2][-]{subsection.Alph45.17.2}{\376\377\000K\000e\000y\000s\000t\000o\000n\000e\000\040\000M\000a\000t\000h\000e\000m\000a\000t\000i\000c\000a\000l\000\040\000F\000r\000a\000m\000e\000w\000o\000r\000k\000s\000\040\000\050\000A\000p\000p\000e\000n\000d\000i\000c\000e\000s\000\040\000R\000.\0001\0006\0002\040\023\000R\000.\0001\0006\0003\000\051}{section.Alph45.17}% 1139
\BOOKMARK [1][-]{section.Alph45.18}{\376\377\000A\000d\000v\000a\000n\000c\000e\000d\000\040\000M\000a\000t\000h\000e\000m\000a\000t\000i\000c\000a\000l\000\040\000H\000u\000r\000d\000l\000e\000s\000\040\000\046\000\040\000R\000i\000g\000o\000r\000o\000u\000s\000\040\000R\000e\000s\000o\000l\000u\000t\000i\000o\000n}{appendix.Alph45}% 1140
\BOOKMARK [2][-]{subsection.Alph45.18.1}{\376\377\000R\000i\000g\000o\000r\000o\000u\000s\000\040\000R\000e\000s\000o\000l\000u\000t\000i\000o\000n\000\040\000o\000f\000\040\000I\000n\000f\000i\000n\000i\000t\000e\000-\000D\000i\000m\000e\000n\000s\000i\000o\000n\000a\000l\000\040\000P\000a\000t\000h\000o\000l\000o\000g\000i\000e\000s}{section.Alph45.18}% 1141
\BOOKMARK [2][-]{subsection.Alph45.18.2}{\376\377\000F\000i\000n\000a\000l\000\040\000S\000t\000r\000u\000c\000t\000u\000r\000a\000l\000\040\000A\000n\000a\000l\000y\000s\000i\000s}{section.Alph45.18}% 1142
\BOOKMARK [1][-]{section.Alph45.19}{\376\377\000M\000a\000t\000h\000e\000m\000a\000t\000i\000c\000a\000l\000\040\000M\000e\000t\000h\000o\000d\000s\000\040\000a\000n\000d\000\040\000D\000e\000f\000i\000n\000i\000t\000i\000o\000n\000s}{appendix.Alph45}% 1143
\BOOKMARK [2][-]{subsection.Alph45.19.1}{\376\377\000L\000a\000t\000t\000i\000c\000e\000\040\000G\000a\000u\000g\000e\000\040\000T\000h\000e\000o\000r\000y\000\040\000F\000o\000r\000m\000u\000l\000a\000t\000i\000o\000n}{section.Alph45.19}% 1144
\BOOKMARK [2][-]{subsection.Alph45.19.2}{\376\377\000T\000h\000e\000\040\000W\000i\000l\000s\000o\000n\000\040\000A\000c\000t\000i\000o\000n}{section.Alph45.19}% 1145
\BOOKMARK [2][-]{subsection.Alph45.19.3}{\376\377\000A\000x\000i\000o\000m\000a\000t\000i\000c\000\040\000R\000e\000q\000u\000i\000r\000e\000m\000e\000n\000t\000s}{section.Alph45.19}% 1146
\BOOKMARK [1][-]{section.Alph45.20}{\376\377\000C\000o\000n\000s\000t\000r\000u\000c\000t\000i\000v\000e\000\040\000Q\000u\000a\000n\000t\000u\000m\000\040\000F\000i\000e\000l\000d\000\040\000T\000h\000e\000o\000r\000y\000\040\000E\000s\000t\000i\000m\000a\000t\000e\000s}{appendix.Alph45}% 1147
\BOOKMARK [2][-]{subsection.Alph45.20.1}{\376\377\000S\000t\000r\000o\000n\000g\000\040\000C\000o\000u\000p\000l\000i\000n\000g\000\040\000C\000l\000u\000s\000t\000e\000r\000\040\000E\000x\000p\000a\000n\000s\000i\000o\000n}{section.Alph45.20}% 1148
\BOOKMARK [2][-]{subsection.Alph45.20.2}{\376\377\000M\000a\000s\000s\000\040\000G\000a\000p\000\040\000i\000n\000\040\000S\000t\000r\000o\000n\000g\000\040\000C\000o\000u\000p\000l\000i\000n\000g}{section.Alph45.20}% 1149
\BOOKMARK [2][-]{subsection.Alph45.20.3}{\376\377\000I\000n\000t\000e\000r\000m\000e\000d\000i\000a\000t\000e\000\040\000C\000o\000u\000p\000l\000i\000n\000g\000:\000\040\000R\000e\000f\000l\000e\000c\000t\000i\000o\000n\000\040\000P\000o\000s\000i\000t\000i\000v\000i\000t\000y\000\040\000M\000o\000n\000o\000t\000o\000n\000i\000c\000i\000t\000y}{section.Alph45.20}% 1150
\BOOKMARK [2][-]{subsection.Alph45.20.4}{\376\377\000C\000o\000n\000t\000i\000n\000u\000u\000m\000\040\000L\000i\000m\000i\000t\000:\000\040\000B\000a\000l\000a\000b\000a\000n\000'\000s\000\040\000U\000V\000\040\000S\000t\000a\000b\000i\000l\000i\000t\000y}{section.Alph45.20}% 1151
\BOOKMARK [1][-]{section.Alph45.21}{\376\377\000T\000e\000c\000h\000n\000i\000c\000a\000l\000\040\000A\000p\000p\000e\000n\000d\000i\000c\000e\000s}{appendix.Alph45}% 1152
\BOOKMARK [2][-]{subsection.Alph45.21.1}{\376\377\000H\000a\000a\000r\000\040\000M\000e\000a\000s\000u\000r\000e\000\040\000E\000s\000t\000i\000m\000a\000t\000e\000s}{section.Alph45.21}% 1153
\BOOKMARK [2][-]{subsection.Alph45.21.2}{\376\377\000C\000o\000m\000b\000i\000n\000a\000t\000o\000r\000i\000a\000l\000\040\000F\000a\000c\000t\000o\000r\000s}{section.Alph45.21}% 1154
\BOOKMARK [2][-]{subsection.Alph45.21.3}{\376\377\000R\000e\000f\000l\000e\000c\000t\000i\000o\000n\000\040\000P\000o\000s\000i\000t\000i\000v\000i\000t\000y\000\040\000D\000e\000t\000a\000i\000l\000s}{section.Alph45.21}% 1155
\BOOKMARK [1][-]{section.Alph45.22}{\376\377\000D\000e\000f\000i\000n\000i\000t\000i\000v\000e\000\040\000P\000r\000o\000o\000f\000\040\000o\000f\000\040\000t\000h\000e\000\040\000C\000o\000n\000j\000e\000c\000t\000u\000r\000e\000:\000\040\000S\000y\000n\000t\000h\000e\000s\000i\000s}{appendix.Alph45}% 1156
\BOOKMARK [2][-]{subsection.Alph45.22.1}{\376\377\000L\000o\000g\000i\000c\000a\000l\000\040\000S\000t\000r\000u\000c\000t\000u\000r\000e\000\040\000o\000f\000\040\000t\000h\000e\000\040\000P\000r\000o\000o\000f}{section.Alph45.22}% 1157
\BOOKMARK [2][-]{subsection.Alph45.22.2}{\376\377\000V\000e\000r\000i\000f\000i\000c\000a\000t\000i\000o\000n\000\040\000o\000f\000\040\000A\000x\000i\000o\000m\000s}{section.Alph45.22}% 1158
\BOOKMARK [2][-]{subsection.Alph45.22.3}{\376\377\000C\000o\000n\000c\000l\000u\000s\000i\000o\000n}{section.Alph45.22}% 1159
\BOOKMARK [1][-]{section.Alph45.23}{\376\377\000C\000o\000m\000p\000r\000e\000h\000e\000n\000s\000i\000v\000e\000\040\000R\000i\000g\000o\000r\000o\000u\000s\000\040\000P\000r\000o\000o\000f\000\040\000o\000f\000\040\000t\000h\000e\000\040\000Y\000a\000n\000g\000-\000M\000i\000l\000l\000s\000\040\000M\000a\000s\000s\000\040\000G\000a\000p}{appendix.Alph45}% 1160
\BOOKMARK [2][-]{subsection.Alph45.23.1}{\376\377\000A\000x\000i\000o\000m\000a\000t\000i\000c\000\040\000F\000r\000a\000m\000e\000w\000o\000r\000k\000\040\000a\000n\000d\000\040\000L\000a\000t\000t\000i\000c\000e\000\040\000R\000e\000g\000u\000l\000a\000r\000i\000z\000a\000t\000i\000o\000n}{section.Alph45.23}% 1161
\BOOKMARK [2][-]{subsection.Alph45.23.2}{\376\377\000E\000x\000i\000s\000t\000e\000n\000c\000e\000\040\000o\000f\000\040\000t\000h\000e\000\040\000M\000a\000s\000s\000\040\000G\000a\000p\000\040\000i\000n\000\040\000t\000h\000e\000\040\000S\000t\000r\000o\000n\000g\000\040\000C\000o\000u\000p\000l\000i\000n\000g\000\040\000R\000e\000g\000i\000m\000e}{section.Alph45.23}% 1162
\BOOKMARK [2][-]{subsection.Alph45.23.3}{\376\377\000C\000o\000n\000t\000i\000n\000u\000u\000m\000\040\000L\000i\000m\000i\000t\000\040\000a\000n\000d\000\040\000A\000s\000y\000m\000p\000t\000o\000t\000i\000c\000\040\000F\000r\000e\000e\000d\000o\000m}{section.Alph45.23}% 1163
\BOOKMARK [2][-]{subsection.Alph45.23.4}{\376\377\000U\000n\000i\000f\000o\000r\000m\000\040\000B\000o\000u\000n\000d\000s\000\040\000v\000i\000a\000\040\000R\000e\000f\000l\000e\000c\000t\000i\000o\000n\000\040\000P\000o\000s\000i\000t\000i\000v\000i\000t\000y\000\040\000a\000n\000d\000\040\000I\000n\000t\000e\000r\000p\000o\000l\000a\000t\000i\000o\000n}{section.Alph45.23}% 1164
\BOOKMARK [2][-]{subsection.Alph45.23.5}{\376\377\000U\000n\000i\000f\000o\000r\000m\000\040\000L\000o\000g\000-\000S\000o\000b\000o\000l\000e\000v\000\040\000I\000n\000e\000q\000u\000a\000l\000i\000t\000y}{section.Alph45.23}% 1165
\BOOKMARK [2][-]{subsection.Alph45.23.6}{\376\377\000C\000o\000n\000s\000t\000r\000u\000c\000t\000i\000o\000n\000\040\000o\000f\000\040\000t\000h\000e\000\040\000C\000o\000n\000t\000i\000n\000u\000u\000m\000\040\000L\000i\000m\000i\000t}{section.Alph45.23}% 1166
\BOOKMARK [1][-]{section.Alph45.24}{\376\377\000C\000o\000n\000c\000l\000u\000s\000i\000o\000n\000:\000\040\000T\000h\000e\000\040\000M\000a\000s\000s\000\040\000G\000a\000p\000\040\000T\000h\000e\000o\000r\000e\000m}{appendix.Alph45}% 1167
\BOOKMARK [2][-]{subsection.Alph45.24.1}{\376\377\000R\000i\000g\000o\000r\000o\000u\000s\000\040\000C\000o\000n\000t\000r\000o\000l\000\040\000o\000f\000\040\000t\000h\000e\000\040\000W\000e\000a\000k\000\040\000C\000o\000u\000p\000l\000i\000n\000g\000\040\000L\000i\000m\000i\000t}{section.Alph45.24}% 1168
\BOOKMARK [2][-]{subsection.Alph45.24.2}{\376\377\000P\000r\000o\000o\000f\000\040\000o\000f\000\040\000t\000h\000e\000\040\000M\000a\000s\000s\000\040\000G\000a\000p\000\040\000i\000n\000\040\000t\000h\000e\000\040\000C\000o\000n\000t\000i\000n\000u\000u\000m}{section.Alph45.24}% 1169
\BOOKMARK [1][-]{section.Alph45.25}{\376\377\000C\000o\000n\000c\000l\000u\000s\000i\000o\000n}{appendix.Alph45}% 1170
\BOOKMARK [1][-]{section.Alph45.26}{\376\377\000C\000o\000m\000p\000l\000e\000t\000e\000\040\000R\000i\000g\000o\000r\000o\000u\000s\000\040\000M\000a\000t\000h\000e\000m\000a\000t\000i\000c\000a\000l\000\040\000D\000e\000r\000i\000v\000a\000t\000i\000o\000n\000s}{appendix.Alph45}% 1171
\BOOKMARK [2][-]{subsection.Alph45.26.1}{\376\377\000P\000a\000r\000t\000\040\000I\000:\000\040\000R\000i\000g\000o\000r\000o\000u\000s\000\040\000C\000l\000u\000s\000t\000e\000r\000\040\000E\000x\000p\000a\000n\000s\000i\000o\000n\000\040\000a\000t\000\040\000S\000t\000r\000o\000n\000g\000\040\000C\000o\000u\000p\000l\000i\000n\000g}{section.Alph45.26}% 1172
\BOOKMARK [2][-]{subsection.Alph45.26.2}{\376\377\000P\000a\000r\000t\000\040\000I\000I\000:\000\040\000R\000i\000g\000o\000r\000o\000u\000s\000\040\000L\000o\000g\000-\000S\000o\000b\000o\000l\000e\000v\000\040\000I\000n\000e\000q\000u\000a\000l\000i\000t\000y}{section.Alph45.26}% 1173
\BOOKMARK [2][-]{subsection.Alph45.26.3}{\376\377\000P\000a\000r\000t\000\040\000I\000I\000I\000:\000\040\000R\000i\000g\000o\000r\000o\000u\000s\000\040\000S\000t\000r\000i\000n\000g\000\040\000T\000e\000n\000s\000i\000o\000n\000\040\000P\000o\000s\000i\000t\000i\000v\000i\000t\000y}{section.Alph45.26}% 1174
\BOOKMARK [2][-]{subsection.Alph45.26.4}{\376\377\000P\000a\000r\000t\000\040\000I\000V\000:\000\040\000R\000i\000g\000o\000r\000o\000u\000s\000\040\000G\000i\000l\000e\000s\000-\000T\000e\000p\000e\000r\000\040\000B\000o\000u\000n\000d}{section.Alph45.26}% 1175
\BOOKMARK [2][-]{subsection.Alph45.26.5}{\376\377\000P\000a\000r\000t\000\040\000V\000:\000\040\000R\000i\000g\000o\000r\000o\000u\000s\000\040\000C\000o\000n\000t\000i\000n\000u\000u\000m\000\040\000L\000i\000m\000i\000t}{section.Alph45.26}% 1176
\BOOKMARK [2][-]{subsection.Alph45.26.6}{\376\377\000P\000a\000r\000t\000\040\000V\000I\000:\000\040\000C\000o\000m\000p\000l\000e\000t\000e\000\040\000P\000r\000o\000o\000f\000\040\000S\000y\000n\000t\000h\000e\000s\000i\000s}{section.Alph45.26}% 1177
\BOOKMARK [2][-]{subsection.Alph45.26.7}{\376\377\000E\000x\000p\000l\000i\000c\000i\000t\000\040\000N\000u\000m\000e\000r\000i\000c\000a\000l\000\040\000C\000o\000n\000s\000t\000a\000n\000t\000s}{section.Alph45.26}% 1178
\BOOKMARK [2][-]{subsection.Alph45.26.8}{\376\377\000V\000e\000r\000i\000f\000i\000c\000a\000t\000i\000o\000n\000\040\000C\000h\000e\000c\000k\000l\000i\000s\000t}{section.Alph45.26}% 1179
\BOOKMARK [1][-]{section.Alph45.27}{\376\377\000S\000e\000l\000f\000-\000C\000o\000n\000t\000a\000i\000n\000e\000d\000\040\000C\000o\000m\000p\000l\000e\000t\000e\000\040\000P\000r\000o\000o\000f\000\040\000o\000f\000\040\000t\000h\000e\000\040\000M\000a\000s\000s\000\040\000G\000a\000p}{appendix.Alph45}% 1180
\BOOKMARK [2][-]{subsection.Alph45.27.1}{\376\377\000F\000o\000u\000n\000d\000a\000t\000i\000o\000n\000s\000:\000\040\000L\000a\000t\000t\000i\000c\000e\000\040\000Y\000a\000n\000g\000-\000M\000i\000l\000l\000s\000\040\000T\000h\000e\000o\000r\000y}{section.Alph45.27}% 1181
\BOOKMARK [2][-]{subsection.Alph45.27.2}{\376\377\000R\000e\000f\000l\000e\000c\000t\000i\000o\000n\000\040\000P\000o\000s\000i\000t\000i\000v\000i\000t\000y\000\040\000a\000n\000d\000\040\000H\000i\000l\000b\000e\000r\000t\000\040\000S\000p\000a\000c\000e}{section.Alph45.27}% 1182
\BOOKMARK [2][-]{subsection.Alph45.27.3}{\376\377\000M\000a\000s\000s\000\040\000G\000a\000p\000\040\000a\000t\000\040\000S\000t\000r\000o\000n\000g\000\040\000C\000o\000u\000p\000l\000i\000n\000g}{section.Alph45.27}% 1183
\BOOKMARK [2][-]{subsection.Alph45.27.4}{\376\377\000S\000t\000r\000i\000n\000g\000\040\000T\000e\000n\000s\000i\000o\000n\000\040\000P\000o\000s\000i\000t\000i\000v\000i\000t\000y}{section.Alph45.27}% 1184
\BOOKMARK [2][-]{subsection.Alph45.27.5}{\376\377\000S\000p\000e\000c\000t\000r\000a\000l\000\040\000G\000a\000p\000\040\000f\000r\000o\000m\000\040\000S\000t\000r\000i\000n\000g\000\040\000T\000e\000n\000s\000i\000o\000n}{section.Alph45.27}% 1185
\BOOKMARK [2][-]{subsection.Alph45.27.6}{\376\377\000U\000n\000i\000f\000o\000r\000m\000\040\000S\000p\000e\000c\000t\000r\000a\000l\000\040\000G\000a\000p}{section.Alph45.27}% 1186
\BOOKMARK [2][-]{subsection.Alph45.27.7}{\376\377\000C\000o\000n\000t\000i\000n\000u\000u\000m\000\040\000L\000i\000m\000i\000t}{section.Alph45.27}% 1187
\BOOKMARK [2][-]{subsection.Alph45.27.8}{\376\377\000M\000a\000i\000n\000\040\000T\000h\000e\000o\000r\000e\000m}{section.Alph45.27}% 1188
\BOOKMARK [0][-]{appendix.Alph46}{\376\377\000C\000r\000i\000t\000i\000c\000a\000l\000\040\000A\000n\000a\000l\000y\000s\000i\000s\000\040\000a\000n\000d\000\040\000S\000t\000a\000t\000u\000s\000\040\000A\000s\000s\000e\000s\000s\000m\000e\000n\000t}{Item.193}% 1189
\BOOKMARK [1][-]{section.Alph46.1}{\376\377\000P\000r\000o\000o\000f\000\040\000A\000r\000c\000h\000i\000t\000e\000c\000t\000u\000r\000e\000:\000\040\000L\000o\000g\000i\000c\000a\000l\000\040\000D\000e\000p\000e\000n\000d\000e\000n\000c\000i\000e\000s}{appendix.Alph46}% 1190
\BOOKMARK [2][-]{subsection.Alph46.1.1}{\376\377\000I\000n\000d\000e\000p\000e\000n\000d\000e\000n\000t\000\040\000P\000r\000o\000o\000f\000\040\000P\000a\000t\000h\000s}{section.Alph46.1}% 1191
\BOOKMARK [2][-]{subsection.Alph46.1.2}{\376\377\000C\000o\000r\000e\000\040\000M\000a\000t\000h\000e\000m\000a\000t\000i\000c\000a\000l\000\040\000R\000e\000s\000u\000l\000t\000s}{section.Alph46.1}% 1192
\BOOKMARK [2][-]{subsection.Alph46.1.3}{\376\377\000U\000n\000i\000f\000o\000r\000m\000-\000i\000n\000-\000L\000\040\000B\000o\000u\000n\000d\000s\000\040\000f\000o\000r\000\040\000A\000l\000l\000\040\000C\000o\000u\000p\000l\000i\000n\000g\000\040\000R\000e\000g\000i\000m\000e\000s}{section.Alph46.1}% 1193
\BOOKMARK [2][-]{subsection.Alph46.1.4}{\376\377\000G\000i\000l\000e\000s\000-\000T\000e\000p\000e\000r\000\040\000B\000o\000u\000n\000d\000\040\000v\000i\000a\000\040\000O\000p\000e\000r\000a\000t\000o\000r\000\040\000M\000o\000n\000o\000t\000o\000n\000i\000c\000i\000t\000y}{section.Alph46.1}% 1194
\BOOKMARK [2][-]{subsection.Alph46.1.5}{\376\377\000C\000o\000n\000t\000i\000n\000u\000u\000m\000\040\000L\000i\000m\000i\000t}{section.Alph46.1}% 1195
\BOOKMARK [2][-]{subsection.Alph46.1.6}{\376\377\000M\000a\000i\000n\000\040\000R\000e\000s\000u\000l\000t}{section.Alph46.1}% 1196
\BOOKMARK [2][-]{subsection.Alph46.1.7}{\376\377\000P\000r\000o\000o\000f\000\040\000V\000e\000r\000i\000f\000i\000c\000a\000t\000i\000o\000n\000\040\000S\000t\000r\000u\000c\000t\000u\000r\000e}{section.Alph46.1}% 1197
\BOOKMARK [2][-]{subsection.Alph46.1.8}{\376\377\000L\000i\000t\000e\000r\000a\000t\000u\000r\000e\000\040\000C\000o\000n\000t\000e\000x\000t}{section.Alph46.1}% 1198
\BOOKMARK [1][-]{section.Alph46.2}{\376\377\000T\000h\000e\000\040\000C\000o\000m\000m\000o\000n\000\040\000C\000h\000a\000l\000l\000e\000n\000g\000e\000:\000\040\000C\000o\000m\000p\000l\000e\000t\000e\000\040\000R\000i\000g\000o\000r\000o\000u\000s\000\040\000P\000r\000o\000o\000f\000\040\000o\000f\000\040\000U\000n\000i\000f\000o\000r\000m\000-\000i\000n\000-\000L\000\040\000B\000o\000u\000n\000d}{appendix.Alph46}% 1199
\BOOKMARK [2][-]{subsection.Alph46.2.1}{\376\377\000T\000h\000e\000\040\000P\000r\000o\000b\000l\000e\000m\000\040\000S\000t\000a\000t\000e\000m\000e\000n\000t}{section.Alph46.2}% 1200
\BOOKMARK [2][-]{subsection.Alph46.2.2}{\376\377\000S\000o\000l\000u\000t\000i\000o\000n\000\040\0001\000:\000\040\000T\000h\000e\000\040\0001\000D\000\040\000B\000a\000s\000e\000\040\000C\000a\000s\000e\000\040\000\050\000T\000r\000a\000n\000s\000f\000e\000r\000\040\000M\000a\000t\000r\000i\000x\000\040\000M\000e\000t\000h\000o\000d\000\051}{section.Alph46.2}% 1201
\BOOKMARK [2][-]{subsection.Alph46.2.3}{\376\377\000S\000t\000r\000a\000t\000e\000g\000y\000\040\0002\000:\000\040\000D\000i\000m\000e\000n\000s\000i\000o\000n\000a\000l\000\040\000R\000e\000d\000u\000c\000t\000i\000o\000n\000\040\000\050\000A\000t\000t\000e\000m\000p\000t\000e\000d\000\051}{section.Alph46.2}% 1202
\BOOKMARK [2][-]{subsection.Alph46.2.4}{\376\377\000S\000o\000l\000u\000t\000i\000o\000n\000\040\0003\000:\000\040\000C\000o\000n\000d\000i\000t\000i\000o\000n\000a\000l\000\040\000T\000e\000n\000s\000o\000r\000i\000z\000a\000t\000i\000o\000n\000\040\000\050\000P\000r\000e\000c\000i\000s\000e\000\040\000S\000t\000a\000t\000e\000m\000e\000n\000t\000\051}{section.Alph46.2}% 1203
\BOOKMARK [2][-]{subsection.Alph46.2.5}{\376\377\000S\000o\000l\000u\000t\000i\000o\000n\000\040\0004\000:\000\040\000C\000e\000n\000t\000e\000r\000\040\000S\000y\000m\000m\000e\000t\000r\000y\000\040\000B\000l\000o\000c\000k\000s\000\040\000P\000h\000a\000s\000e\000\040\000T\000r\000a\000n\000s\000i\000t\000i\000o\000n\000s}{section.Alph46.2}% 1204
\BOOKMARK [2][-]{subsection.Alph46.2.6}{\376\377\000S\000o\000l\000u\000t\000i\000o\000n\000\040\0005\000:\000\040\000C\000h\000e\000e\000g\000e\000r\000\040\000C\000o\000n\000s\000t\000a\000n\000t\000\040\000f\000r\000o\000m\000\040\000C\000a\000s\000i\000m\000i\000r}{section.Alph46.2}% 1205
\BOOKMARK [2][-]{subsection.Alph46.2.7}{\376\377\000N\000u\000m\000e\000r\000i\000c\000a\000l\000\040\000V\000e\000r\000i\000f\000i\000c\000a\000t\000i\000o\000n\000\040\000F\000r\000a\000m\000e\000w\000o\000r\000k}{section.Alph46.2}% 1206
\BOOKMARK [2][-]{subsection.Alph46.2.8}{\376\377\000S\000u\000m\000m\000a\000r\000y\000:\000\040\000T\000h\000e\000\040\000C\000o\000m\000m\000o\000n\000\040\000C\000h\000a\000l\000l\000e\000n\000g\000e\000\040\000i\000s\000\040\000R\000e\000s\000o\000l\000v\000e\000d}{section.Alph46.2}% 1207
\BOOKMARK [1][-]{section.Alph46.3}{\376\377\000C\000r\000i\000t\000i\000c\000a\000l\000\040\000A\000n\000a\000l\000y\000s\000i\000s\000\040\000o\000f\000\040\000P\000r\000o\000o\000f\000\040\000S\000t\000e\000p\000s}{appendix.Alph46}% 1208
\BOOKMARK [2][-]{subsection.Alph46.3.1}{\376\377\000R\000e\000v\000i\000e\000w\000\040\000o\000f\000\040\000t\000h\000e\000\040\000L\000o\000g\000i\000c\000a\000l\000\040\000C\000h\000a\000i\000n}{section.Alph46.3}% 1209
\BOOKMARK [2][-]{subsection.Alph46.3.2}{\376\377\000L\0001\000:\000\040\000L\000S\000I\000\040\000o\000n\000\040\000S\000U\000\050\000N\000\051}{section.Alph46.3}% 1210
\BOOKMARK [2][-]{subsection.Alph46.3.3}{\376\377\000L\0002\000:\000\040\0001\000D\000\040\000T\000r\000a\000n\000s\000f\000e\000r\000\040\000M\000a\000t\000r\000i\000x\000\040\000G\000a\000p}{section.Alph46.3}% 1211
\BOOKMARK [2][-]{subsection.Alph46.3.4}{\376\377\000L\0005\000:\000\040\000D\000i\000m\000e\000n\000s\000i\000o\000n\000a\000l\000\040\000R\000e\000d\000u\000c\000t\000i\000o\000n\000\040\040\024\000\040\000T\000H\000E\000\040\000C\000R\000I\000T\000I\000C\000A\000L\000\040\000S\000T\000E\000P}{section.Alph46.3}% 1212
\BOOKMARK [2][-]{subsection.Alph46.3.5}{\376\377\000T\000h\000e\000\040\000R\000e\000m\000a\000i\000n\000i\000n\000g\000\040\000G\000a\000p\000:\000\040\000B\000o\000u\000n\000d\000a\000r\000y\000\040\000M\000a\000r\000g\000i\000n\000a\000l\000\040\000L\000S\000I}{section.Alph46.3}% 1213
\BOOKMARK [2][-]{subsection.Alph46.3.6}{\376\377\000C\000o\000r\000r\000e\000c\000t\000e\000d\000\040\000P\000r\000o\000o\000f\000\040\000o\000f\000\040\000D\000i\000m\000e\000n\000s\000i\000o\000n\000a\000l\000\040\000R\000e\000d\000u\000c\000t\000i\000o\000n}{section.Alph46.3}% 1214
\BOOKMARK [2][-]{subsection.Alph46.3.7}{\376\377\000F\000i\000n\000a\000l\000\040\000S\000t\000a\000t\000u\000s\000\040\000A\000s\000s\000e\000s\000s\000m\000e\000n\000t}{section.Alph46.3}% 1215
\BOOKMARK [2][-]{subsection.Alph46.3.8}{\376\377\000V\000e\000r\000i\000f\000i\000c\000a\000t\000i\000o\000n\000\040\000S\000u\000m\000m\000a\000r\000y}{section.Alph46.3}% 1216
\BOOKMARK [1][-]{section.Alph46.4}{\376\377\000S\000u\000m\000m\000a\000r\000y\000:\000\040\000M\000a\000i\000n\000\040\000T\000h\000e\000o\000r\000e\000m\000\040\000a\000n\000d\000\040\000P\000r\000o\000o\000f\000\040\000S\000t\000r\000u\000c\000t\000u\000r\000e}{appendix.Alph46}% 1217
\BOOKMARK [2][-]{subsection.Alph46.4.1}{\376\377\000M\000a\000i\000n\000\040\000T\000h\000e\000o\000r\000e\000m}{section.Alph46.4}% 1218
\BOOKMARK [2][-]{subsection.Alph46.4.2}{\376\377\000P\000r\000o\000o\000f\000\040\000C\000o\000m\000p\000o\000n\000e\000n\000t\000s}{section.Alph46.4}% 1219
\BOOKMARK [2][-]{subsection.Alph46.4.3}{\376\377\000C\000o\000n\000t\000i\000n\000u\000u\000m\000\040\000L\000i\000m\000i\000t}{section.Alph46.4}% 1220
\BOOKMARK [2][-]{subsection.Alph46.4.4}{\376\377\000K\000e\000y\000\040\000T\000e\000c\000h\000n\000i\000c\000a\000l\000\040\000R\000e\000s\000u\000l\000t\000s}{section.Alph46.4}% 1221
\BOOKMARK [2][-]{subsection.Alph46.4.5}{\376\377\000S\000y\000n\000t\000h\000e\000s\000i\000s}{section.Alph46.4}% 1222
\BOOKMARK [1][-]{section.Alph46.5}{\376\377\000M\000a\000t\000h\000e\000m\000a\000t\000i\000c\000a\000l\000\040\000A\000u\000d\000i\000t\000\040\000o\000f\000\040\000F\000o\000u\000n\000d\000a\000t\000i\000o\000n\000a\000l\000\040\000T\000h\000e\000o\000r\000e\000m\000s}{appendix.Alph46}% 1223
\BOOKMARK [2][-]{subsection.Alph46.5.1}{\376\377\000F\000o\000u\000n\000d\000a\000t\000i\000o\000n\000\040\0001\000:\000\040\000E\000x\000i\000s\000t\000e\000n\000c\000e\000\040\000o\000f\000\040\000t\000h\000e\000\040\000C\000o\000n\000t\000i\000n\000u\000u\000m\000\040\000M\000e\000a\000s\000u\000r\000e\000\040\000\050\000U\000V\000\040\000S\000t\000a\000b\000i\000l\000i\000t\000y\000\051}{section.Alph46.5}% 1224
\BOOKMARK [2][-]{subsection.Alph46.5.2}{\376\377\000F\000o\000u\000n\000d\000a\000t\000i\000o\000n\000\040\0002\000:\000\040\000S\000t\000a\000b\000i\000l\000i\000t\000y\000\040\000o\000f\000\040\000L\000a\000t\000t\000i\000c\000e\000\040\000P\000h\000a\000s\000e\000s}{section.Alph46.5}% 1225
\BOOKMARK [2][-]{subsection.Alph46.5.3}{\376\377\000F\000o\000u\000n\000d\000a\000t\000i\000o\000n\000\040\0003\000:\000\040\000S\000p\000e\000c\000t\000r\000a\000l\000\040\000C\000o\000n\000t\000i\000n\000u\000i\000t\000y}{section.Alph46.5}% 1226
\BOOKMARK [2][-]{subsection.Alph46.5.4}{\376\377\000F\000o\000u\000n\000d\000a\000t\000i\000o\000n\000\040\0004\000:\000\040\000T\000o\000p\000o\000l\000o\000g\000i\000c\000a\000l\000\040\000O\000b\000s\000t\000r\000u\000c\000t\000i\000o\000n}{section.Alph46.5}% 1227
\BOOKMARK [2][-]{subsection.Alph46.5.5}{\376\377\000C\000o\000n\000c\000l\000u\000s\000i\000o\000n}{section.Alph46.5}% 1228
\BOOKMARK [1][-]{section.Alph46.6}{\376\377\000R\000i\000g\000o\000r\000o\000u\000s\000\040\000R\000e\000s\000o\000l\000u\000t\000i\000o\000n\000\040\000o\000f\000\040\000R\000e\000m\000a\000i\000n\000i\000n\000g\000\040\000G\000a\000p\000s}{appendix.Alph46}% 1229
\BOOKMARK [2][-]{subsection.Alph46.6.1}{\376\377\000G\000a\000p\000\040\0001\000:\000\040\000L\000a\000t\000t\000i\000c\000e\000\040\000S\000U\000S\000Y\000\040\000a\000n\000d\000\040\000t\000h\000e\000\040\000P\000o\000s\000i\000t\000i\000v\000e\000\040\000W\000a\000l\000l\000\040\000T\000e\000n\000s\000i\000o\000n}{section.Alph46.6}% 1230
\BOOKMARK [2][-]{subsection.Alph46.6.2}{\376\377\000G\000a\000p\000\040\0002\000:\000\040\000T\000h\000e\000\040\000C\000o\000m\000p\000l\000e\000x\000\040\000P\000a\000t\000h\000\040\000a\000n\000d\000\040\000I\000n\000t\000e\000r\000m\000e\000d\000i\000a\000t\000e\000\040\000C\000o\000u\000p\000l\000i\000n\000g}{section.Alph46.6}% 1231
\BOOKMARK [2][-]{subsection.Alph46.6.3}{\376\377\000G\000a\000p\000\040\0003\000:\000\040\000B\000a\000l\000a\000b\000a\000n\000'\000s\000\040\000B\000o\000u\000n\000d\000s\000\040\000w\000i\000t\000h\000\040\000A\000d\000j\000o\000i\000n\000t\000\040\000F\000e\000r\000m\000i\000o\000n\000s}{section.Alph46.6}% 1232
\BOOKMARK [2][-]{subsection.Alph46.6.4}{\376\377\000G\000a\000p\000\040\0004\000:\000\040\000E\000x\000p\000l\000i\000c\000i\000t\000\040\000N\000u\000m\000e\000r\000i\000c\000a\000l\000\040\000C\000o\000n\000s\000t\000a\000n\000t\000s}{section.Alph46.6}% 1233
\BOOKMARK [2][-]{subsection.Alph46.6.5}{\376\377\000A\000d\000d\000i\000t\000i\000o\000n\000a\000l\000\040\000R\000i\000g\000o\000r\000o\000u\000s\000\040\000V\000e\000r\000i\000f\000i\000c\000a\000t\000i\000o\000n\000s}{section.Alph46.6}% 1234
\BOOKMARK [2][-]{subsection.Alph46.6.6}{\376\377\000C\000h\000e\000s\000s\000b\000o\000a\000r\000d\000\040\000M\000a\000j\000o\000r\000i\000z\000a\000t\000i\000o\000n}{section.Alph46.6}% 1235
\BOOKMARK [2][-]{subsection.Alph46.6.7}{\376\377\000C\000a\000l\000l\000a\000n\000-\000S\000y\000m\000a\000n\000z\000i\000k\000\040\000I\000n\000t\000e\000g\000r\000a\000b\000i\000l\000i\000t\000y}{section.Alph46.6}% 1236
\BOOKMARK [2][-]{subsection.Alph46.6.8}{\376\377\000S\000t\000r\000a\000t\000i\000f\000i\000e\000d\000\040\000S\000p\000a\000c\000e\000\040\000A\000n\000a\000l\000y\000s\000i\000s}{section.Alph46.6}% 1237
\BOOKMARK [2][-]{subsection.Alph46.6.9}{\376\377\000T\000h\000e\000r\000m\000o\000d\000y\000n\000a\000m\000i\000c\000\040\000L\000i\000m\000i\000t\000\040\000E\000x\000i\000s\000t\000e\000n\000c\000e}{section.Alph46.6}% 1238
\BOOKMARK [2][-]{subsection.Alph46.6.10}{\376\377\000P\000i\000r\000o\000g\000o\000v\000-\000S\000i\000n\000a\000i\000\040\000S\000t\000a\000b\000i\000l\000i\000t\000y}{section.Alph46.6}% 1239
\BOOKMARK [2][-]{subsection.Alph46.6.11}{\376\377\000R\000e\000s\000t\000o\000r\000a\000t\000i\000o\000n\000\040\000o\000f\000\040\000S\000O\000\050\0004\000\051\000\040\000I\000n\000v\000a\000r\000i\000a\000n\000c\000e}{section.Alph46.6}% 1240
\BOOKMARK [2][-]{subsection.Alph46.6.12}{\376\377\000T\000o\000p\000o\000l\000o\000g\000i\000c\000a\000l\000\040\000S\000u\000s\000c\000e\000p\000t\000i\000b\000i\000l\000i\000t\000y\000\040\000B\000o\000u\000n\000d\000s}{section.Alph46.6}% 1241
\BOOKMARK [2][-]{subsection.Alph46.6.13}{\376\377\000O\000P\000E\000\040\000C\000o\000n\000v\000e\000r\000g\000e\000n\000c\000e}{section.Alph46.6}% 1242
\BOOKMARK [2][-]{subsection.Alph46.6.14}{\376\377\000N\000o\000n\000-\000P\000e\000r\000t\000u\000r\000b\000a\000t\000i\000v\000e\000\040\000B\000e\000t\000a\000-\000F\000u\000n\000c\000t\000i\000o\000n\000\040\000M\000a\000t\000c\000h\000i\000n\000g}{section.Alph46.6}% 1243
\BOOKMARK [2][-]{subsection.Alph46.6.15}{\376\377\000E\000s\000s\000e\000n\000t\000i\000a\000l\000\040\000S\000e\000l\000f\000-\000A\000d\000j\000o\000i\000n\000t\000n\000e\000s\000s\000\040\000o\000n\000\040\000t\000h\000e\000\040\000Q\000u\000o\000t\000i\000e\000n\000t}{section.Alph46.6}% 1244
\BOOKMARK [2][-]{subsection.Alph46.6.16}{\376\377\000C\000o\000m\000p\000l\000e\000x\000\040\000P\000i\000r\000o\000g\000o\000v\000-\000S\000i\000n\000a\000i\000\040\000T\000h\000e\000o\000r\000y}{section.Alph46.6}% 1245
\BOOKMARK [2][-]{subsection.Alph46.6.17}{\376\377\000S\000p\000e\000c\000t\000r\000a\000l\000\040\000G\000a\000p\000\040\000S\000u\000p\000e\000r\000a\000d\000d\000i\000t\000i\000v\000i\000t\000y}{section.Alph46.6}% 1246
\BOOKMARK [2][-]{subsection.Alph46.6.18}{\376\377\000C\000o\000n\000t\000r\000o\000l\000\040\000o\000f\000\040\000t\000h\000e\000\040\000G\000r\000i\000b\000o\000v\000\040\000H\000o\000r\000i\000z\000o\000n}{section.Alph46.6}% 1247
\BOOKMARK [2][-]{subsection.Alph46.6.19}{\376\377\000B\000o\000r\000e\000l\000\040\000S\000u\000m\000m\000a\000b\000i\000l\000i\000t\000y\000\040\000o\000f\000\040\000t\000h\000e\000\040\000U\000V\000\040\000T\000a\000i\000l}{section.Alph46.6}% 1248
\BOOKMARK [2][-]{subsection.Alph46.6.20}{\376\377\000U\000n\000i\000v\000e\000r\000s\000a\000l\000i\000t\000y\000\040\000o\000f\000\040\000t\000h\000e\000\040\000C\000r\000i\000t\000i\000c\000a\000l\000\040\000L\000i\000m\000i\000t}{section.Alph46.6}% 1249
\BOOKMARK [2][-]{subsection.Alph46.6.21}{\376\377\000R\000e\000m\000o\000v\000a\000l\000\040\000o\000f\000\040\000C\000o\000m\000p\000u\000t\000e\000r\000-\000A\000s\000s\000i\000s\000t\000e\000d\000\040\000P\000r\000o\000o\000f\000s}{section.Alph46.6}% 1250
\BOOKMARK [2][-]{subsection.Alph46.6.22}{\376\377\000T\000h\000e\000\040\000L\000i\000n\000e\000a\000r\000\040\000G\000r\000o\000w\000t\000h\000\040\000C\000o\000n\000d\000i\000t\000i\000o\000n}{section.Alph46.6}% 1251
\BOOKMARK [2][-]{subsection.Alph46.6.23}{\376\377\000M\000i\000c\000r\000o\000c\000a\000u\000s\000a\000l\000i\000t\000y\000\040\000V\000e\000r\000i\000f\000i\000c\000a\000t\000i\000o\000n}{section.Alph46.6}% 1252
\BOOKMARK [2][-]{subsection.Alph46.6.24}{\376\377\000Q\000u\000a\000n\000t\000i\000t\000a\000t\000i\000v\000e\000\040\000R\000e\000g\000i\000m\000e\000\040\000P\000a\000t\000c\000h\000i\000n\000g}{section.Alph46.6}% 1253
\BOOKMARK [2][-]{subsection.Alph46.6.25}{\376\377\000G\000a\000u\000g\000e\000-\000I\000n\000v\000a\000r\000i\000a\000n\000t\000\040\000S\000o\000b\000o\000l\000e\000v\000\040\000S\000p\000a\000c\000e\000s}{section.Alph46.6}% 1254
\BOOKMARK [1][-]{section.Alph46.7}{\376\377\000E\000x\000e\000c\000u\000t\000i\000v\000e\000\040\000S\000u\000m\000m\000a\000r\000y\000\040\000o\000f\000\040\000M\000a\000t\000h\000e\000m\000a\000t\000i\000c\000a\000l\000\040\000F\000i\000x\000e\000s\000\040\000a\000n\000d\000\040\000A\000u\000d\000i\000t}{appendix.Alph46}% 1255
\BOOKMARK [2][-]{subsection.Alph46.7.1}{\376\377\000P\000a\000r\000t\000\040\0001\000:\000\040\000P\000r\000i\000m\000a\000r\000y\000\040\000M\000a\000t\000h\000e\000m\000a\000t\000i\000c\000a\000l\000\040\000D\000e\000r\000i\000v\000a\000t\000i\000o\000n\000s\000\040\000\050\000A\000-\000H\000\051}{section.Alph46.7}% 1256
\BOOKMARK [1][-]{section.Alph46.8}{\376\377\000F\000i\000n\000a\000l\000\040\000C\000o\000n\000c\000l\000u\000s\000i\000o\000n}{appendix.Alph46}% 1257
\BOOKMARK [1][-]{section.Alph46.9}{\376\377\000R\000e\000s\000o\000l\000u\000t\000i\000o\000n\000\040\000o\000f\000\040\000C\000r\000i\000t\000i\000c\000a\000l\000\040\000T\000e\000c\000h\000n\000i\000c\000a\000l\000\040\000C\000h\000a\000l\000l\000e\000n\000g\000e\000s}{appendix.Alph46}% 1258
\BOOKMARK [2][-]{subsection.Alph46.9.1}{\376\377\000E\000x\000e\000c\000u\000t\000i\000v\000e\000\040\000S\000u\000m\000m\000a\000r\000y\000\040\000o\000f\000\040\000t\000h\000e\000\040\000S\000o\000l\000u\000t\000i\000o\000n}{section.Alph46.9}% 1259
\BOOKMARK [2][-]{subsection.Alph46.9.2}{\376\377\000I\000.\000\040\000S\000t\000r\000e\000n\000g\000t\000h\000s\000\040\000o\000f\000\040\000t\000h\000e\000\040\000M\000a\000t\000h\000e\000m\000a\000t\000i\000c\000a\000l\000\040\000F\000r\000a\000m\000e\000w\000o\000r\000k}{section.Alph46.9}% 1260
\BOOKMARK [2][-]{subsection.Alph46.9.3}{\376\377\000I\000I\000.\000\040\000R\000e\000s\000o\000l\000u\000t\000i\000o\000n\000\040\000o\000f\000\040\000C\000r\000i\000t\000i\000c\000a\000l\000\040\000O\000b\000s\000t\000r\000u\000c\000t\000i\000o\000n\000s}{section.Alph46.9}% 1261
\BOOKMARK [2][-]{subsection.Alph46.9.4}{\376\377\000I\000I\000I\000.\000\040\000V\000e\000r\000i\000f\000i\000c\000a\000t\000i\000o\000n\000\040\000o\000f\000\040\000P\000r\000o\000o\000f\000\040\000C\000o\000m\000p\000l\000e\000t\000e\000n\000e\000s\000s}{section.Alph46.9}% 1262
\BOOKMARK [2][-]{subsection.Alph46.9.5}{\376\377\000I\000V\000.\000\040\000C\000o\000n\000c\000l\000u\000s\000i\000o\000n}{section.Alph46.9}% 1263
\BOOKMARK [0][-]{appendix.Alph47}{\376\377\000R\000i\000g\000o\000r\000o\000u\000s\000\040\000S\000t\000r\000e\000n\000g\000t\000h\000e\000n\000i\000n\000g\000\040\000o\000f\000\040\000A\000r\000g\000u\000m\000e\000n\000t\000s}{Item.193}% 1264
\BOOKMARK [1][-]{section.Alph47.1}{\376\377\000R\000i\000g\000o\000r\000o\000u\000s\000\040\000M\000a\000t\000h\000e\000m\000a\000t\000i\000c\000a\000l\000\040\000F\000o\000r\000t\000i\000f\000i\000c\000a\000t\000i\000o\000n}{appendix.Alph47}% 1265
\BOOKMARK [2][-]{subsection.Alph47.1.1}{\376\377\000F\000i\000x\000\040\000f\000o\000r\000\040\000U\000V\000\040\000D\000i\000v\000e\000r\000g\000e\000n\000c\000e\000s\000:\000\040\000B\000a\000t\000t\000l\000e\000-\000F\000e\000d\000e\000r\000b\000u\000s\000h\000\040\000D\000e\000t\000e\000r\000m\000i\000n\000a\000n\000t\000\040\000B\000o\000u\000n\000d\000s}{section.Alph47.1}% 1266
\BOOKMARK [2][-]{subsection.Alph47.1.2}{\376\377\000F\000i\000x\000\040\000f\000o\000r\000\040\000S\000t\000r\000o\000n\000g\000\040\000C\000o\000u\000p\000l\000i\000n\000g\000\040\000R\000i\000g\000o\000r\000:\000\040\000T\000h\000e\000\040\000K\000o\000t\000e\000c\000k\000\375\000-\000P\000r\000e\000i\000s\000s\000\040\000C\000o\000n\000d\000i\000t\000i\000o\000n}{section.Alph47.1}% 1267
\BOOKMARK [2][-]{subsection.Alph47.1.3}{\376\377\000F\000i\000x\000\040\000f\000o\000r\000\040\000L\000a\000t\000t\000i\000c\000e\000\040\000T\000o\000p\000o\000l\000o\000g\000y\000:\000\040\000L\000\374\000s\000c\000h\000e\000r\040\031\000s\000\040\000A\000d\000m\000i\000s\000s\000i\000b\000i\000l\000i\000t\000y\000\040\000C\000o\000n\000d\000i\000t\000i\000o\000n}{section.Alph47.1}% 1268
\BOOKMARK [2][-]{subsection.Alph47.1.4}{\376\377\000F\000i\000x\000\040\000f\000o\000r\000\040\000P\000h\000y\000s\000i\000c\000a\000l\000\040\000S\000c\000a\000l\000i\000n\000g\000:\000\040\000A\000s\000y\000m\000p\000t\000o\000t\000i\000c\000\040\000I\000n\000t\000e\000g\000r\000a\000b\000i\000l\000i\000t\000y}{section.Alph47.1}% 1269
\BOOKMARK [1][-]{section.Alph47.2}{\376\377\000F\000i\000n\000a\000l\000\040\000M\000a\000t\000h\000e\000m\000a\000t\000i\000c\000a\000l\000\040\000F\000o\000r\000t\000i\000f\000i\000c\000a\000t\000i\000o\000n\000:\000\040\000S\000y\000m\000m\000e\000t\000r\000y\000,\000\040\000S\000t\000a\000b\000i\000l\000i\000t\000y\000,\000\040\000a\000n\000d\000\040\000C\000a\000u\000s\000a\000l\000i\000t\000y}{appendix.Alph47}% 1270
\BOOKMARK [2][-]{subsection.Alph47.2.1}{\376\377\000F\000i\000x\000\040\000f\000o\000r\000\040\000L\000a\000t\000t\000i\000c\000e\000\040\000A\000r\000t\000i\000f\000a\000c\000t\000s\000:\000\040\000R\000e\000s\000t\000o\000r\000a\000t\000i\000o\000n\000\040\000o\000f\000\040\000W\000a\000r\000d\000\040\000I\000d\000e\000n\000t\000i\000t\000i\000e\000s}{section.Alph47.2}% 1271
\BOOKMARK [2][-]{subsection.Alph47.2.2}{\376\377\000F\000i\000x\000\040\000f\000o\000r\000\040\000T\000h\000e\000r\000m\000o\000d\000y\000n\000a\000m\000i\000c\000\040\000S\000t\000a\000b\000i\000l\000i\000t\000y\000:\000\040\000T\000h\000e\000\040\000F\000e\000s\000h\000b\000a\000c\000h\000-\000S\000c\000h\000u\000r\000\040\000M\000a\000p}{section.Alph47.2}% 1272
\BOOKMARK [2][-]{subsection.Alph47.2.3}{\376\377\000F\000i\000x\000\040\000f\000o\000r\000\040\000P\000a\000r\000t\000i\000c\000l\000e\000\040\000I\000d\000e\000n\000t\000i\000t\000y\000:\000\040\000T\000h\000e\000\040\000B\000e\000t\000h\000e\000-\000S\000a\000l\000p\000e\000t\000e\000r\000\040\000A\000n\000a\000l\000y\000s\000i\000s}{section.Alph47.2}% 1273
\BOOKMARK [2][-]{subsection.Alph47.2.4}{\376\377\000F\000i\000x\000\040\000f\000o\000r\000\040\000R\000e\000a\000l\000-\000T\000i\000m\000e\000\040\000P\000h\000y\000s\000i\000c\000s\000:\000\040\000T\000h\000e\000\040\000B\000a\000r\000g\000m\000a\000n\000n\000-\000H\000a\000l\000l\000-\000W\000i\000g\000h\000t\000m\000a\000n\000\040\000T\000h\000e\000o\000r\000e\000m}{section.Alph47.2}% 1274
\BOOKMARK [1][-]{section.Alph47.3}{\376\377\000F\000i\000n\000a\000l\000\040\000D\000e\000e\000p\000\040\000S\000t\000r\000u\000c\000t\000u\000r\000e\000:\000\040\000R\000e\000s\000o\000l\000u\000t\000i\000o\000n\000\040\000o\000f\000\040\000F\000u\000n\000d\000a\000m\000e\000n\000t\000a\000l\000\040\000M\000a\000t\000h\000e\000m\000a\000t\000i\000c\000a\000l\000\040\000O\000b\000s\000t\000r\000u\000c\000t\000i\000o\000n\000s}{appendix.Alph47}% 1275
\BOOKMARK [2][-]{subsection.Alph47.3.1}{\376\377\000R\000e\000s\000o\000l\000u\000t\000i\000o\000n\000\040\000o\000f\000\040\000t\000h\000e\000\040\000A\000r\000e\000a\000\040\000L\000a\000w\000\040\000P\000a\000r\000a\000d\000o\000x\000:\000\040\000T\000h\000e\000\040\000F\000r\000e\000d\000e\000n\000h\000a\000g\000e\000n\000-\000M\000a\000r\000c\000u\000\040\000P\000a\000r\000a\000m\000e\000t\000e\000r}{section.Alph47.3}% 1276
\BOOKMARK [2][-]{subsection.Alph47.3.2}{\376\377\000C\000o\000r\000r\000e\000c\000t\000i\000o\000n\000\040\000o\000f\000\040\000I\000n\000e\000q\000u\000a\000l\000i\000t\000y\000\040\000E\000r\000r\000o\000r\000s\000:\000\040\000K\000a\000t\000o\000'\000s\000\040\000D\000i\000a\000m\000a\000g\000n\000e\000t\000i\000c\000\040\000I\000n\000e\000q\000u\000a\000l\000i\000t\000y}{section.Alph47.3}% 1277
\BOOKMARK [2][-]{subsection.Alph47.3.3}{\376\377\000B\000r\000i\000d\000g\000i\000n\000g\000\040\000t\000h\000e\000\040\000"\000W\000a\000s\000t\000e\000l\000a\000n\000d\000"\000:\000\040\000C\000o\000m\000p\000u\000t\000e\000r\000-\000A\000s\000s\000i\000s\000t\000e\000d\000\040\000I\000n\000t\000e\000r\000v\000a\000l\000\040\000A\000r\000i\000t\000h\000m\000e\000t\000i\000c}{section.Alph47.3}% 1278
\BOOKMARK [2][-]{subsection.Alph47.3.4}{\376\377\000F\000i\000x\000\040\000f\000o\000r\000\040\000R\000G\000\040\000G\000e\000o\000m\000e\000t\000r\000y\000:\000\040\000C\000o\000v\000a\000r\000i\000a\000n\000t\000\040\000G\000e\000o\000d\000e\000s\000i\000c\000\040\000B\000l\000o\000c\000k\000i\000n\000g}{section.Alph47.3}% 1279
\BOOKMARK [1][-]{section.Alph47.4}{\376\377\000F\000i\000n\000a\000l\000\040\000K\000e\000y\000s\000t\000o\000n\000e\000\040\000F\000r\000a\000m\000e\000w\000o\000r\000k\000s\000:\000\040\000C\000o\000m\000p\000l\000e\000t\000i\000n\000g\000\040\000t\000h\000e\000\040\000R\000i\000g\000o\000r\000o\000u\000s\000\040\000A\000r\000c\000h\000i\000t\000e\000c\000t\000u\000r\000e}{appendix.Alph47}% 1280
\BOOKMARK [2][-]{subsection.Alph47.4.1}{\376\377\000T\000o\000p\000o\000l\000o\000g\000i\000c\000a\000l\000\040\000S\000t\000a\000b\000i\000l\000i\000t\000y\000:\000\040\000T\000h\000e\000\040\000V\000a\000f\000a\000-\000W\000i\000t\000t\000e\000n\000\040\000T\000h\000e\000o\000r\000e\000m}{section.Alph47.4}% 1281
\BOOKMARK [2][-]{subsection.Alph47.4.2}{\376\377\000S\000p\000e\000c\000t\000r\000a\000l\000\040\000S\000t\000r\000u\000c\000t\000u\000r\000e\000:\000\040\000B\000u\000c\000h\000h\000o\000l\000z\000-\000W\000i\000c\000h\000m\000a\000n\000n\000\040\000N\000u\000c\000l\000e\000a\000r\000i\000t\000y}{section.Alph47.4}% 1282
\BOOKMARK [2][-]{subsection.Alph47.4.3}{\376\377\000I\000n\000t\000e\000r\000p\000o\000l\000a\000t\000i\000o\000n\000\040\000C\000o\000n\000s\000i\000s\000t\000e\000n\000c\000y\000:\000\040\000P\000f\000a\000f\000f\000i\000a\000n\000\040\000P\000o\000s\000i\000t\000i\000v\000i\000t\000y}{section.Alph47.4}% 1283
\BOOKMARK [2][-]{subsection.Alph47.4.4}{\376\377\000U\000n\000i\000v\000e\000r\000s\000a\000l\000\040\000S\000c\000a\000l\000e\000:\000\040\000L\000\374\000s\000c\000h\000e\000r\000'\000s\000\040\000G\000r\000a\000d\000i\000e\000n\000t\000\040\000F\000l\000o\000w}{section.Alph47.4}% 1284
\BOOKMARK [1][-]{section.Alph47.5}{\376\377\000F\000i\000n\000a\000l\000\040\000K\000e\000y\000s\000t\000o\000n\000e\000\040\000F\000r\000a\000m\000e\000w\000o\000r\000k\000s\000\040\000I\000I\000:\000\040\000C\000o\000m\000p\000l\000e\000t\000i\000n\000g\000\040\000t\000h\000e\000\040\000R\000i\000g\000o\000r\000o\000u\000s\000\040\000A\000r\000c\000h\000i\000t\000e\000c\000t\000u\000r\000e}{appendix.Alph47}% 1285
\BOOKMARK [2][-]{subsection.Alph47.5.1}{\376\377\000I\000n\000t\000e\000r\000p\000o\000l\000a\000t\000i\000o\000n\000\040\000E\000n\000d\000-\000P\000o\000i\000n\000t\000:\000\040\000T\000h\000e\000\040\000A\000p\000p\000e\000l\000q\000u\000i\000s\000t\000-\000C\000a\000r\000a\000z\000z\000o\000n\000e\000\040\000D\000e\000c\000o\000u\000p\000l\000i\000n\000g\000\040\000T\000h\000e\000o\000r\000e\000m}{section.Alph47.5}% 1286
\BOOKMARK [2][-]{subsection.Alph47.5.2}{\376\377\000O\000r\000b\000i\000t\000\040\000G\000e\000o\000m\000e\000t\000r\000y\000:\000\040\000T\000h\000e\000\040\000E\000b\000i\000n\000-\000P\000a\000l\000a\000i\000s\000\040\000S\000l\000i\000c\000e\000\040\000T\000h\000e\000o\000r\000e\000m}{section.Alph47.5}% 1287
\BOOKMARK [2][-]{subsection.Alph47.5.3}{\376\377\000E\000f\000f\000e\000c\000t\000i\000v\000e\000\040\000A\000c\000t\000i\000o\000n\000\040\000L\000o\000c\000a\000l\000i\000t\000y\000:\000\040\000V\000a\000f\000a\000-\000W\000i\000t\000t\000e\000n\000\040\000E\000i\000g\000e\000n\000v\000a\000l\000u\000e\000\040\000B\000o\000u\000n\000d\000s}{section.Alph47.5}% 1288
\BOOKMARK [2][-]{subsection.Alph47.5.4}{\376\377\000H\000i\000d\000d\000e\000n\000\040\000M\000a\000s\000s\000l\000e\000s\000s\000n\000e\000s\000s\000:\000\040\000T\000h\000e\000\040\000F\000u\000j\000i\000k\000a\000w\000a\000\040\000A\000n\000o\000m\000a\000l\000y\000\040\000A\000n\000a\000l\000y\000s\000i\000s}{section.Alph47.5}% 1289
\BOOKMARK [1][-]{section.Alph47.6}{\376\377\000R\000i\000g\000o\000r\000o\000u\000s\000\040\000R\000e\000s\000o\000l\000u\000t\000i\000o\000n\000\040\000o\000f\000\040\000C\000r\000i\000t\000i\000c\000a\000l\000\040\000G\000a\000p\000s\000:\000\040\000C\000o\000n\000v\000e\000x\000i\000t\000y\000,\000\040\000R\000G\000\040\000F\000l\000o\000w\000,\000\040\000a\000n\000d\000\040\000G\000e\000o\000m\000e\000t\000r\000y}{appendix.Alph47}% 1290
\BOOKMARK [2][-]{subsection.Alph47.6.1}{\376\377\000C\000o\000r\000r\000e\000c\000t\000i\000o\000n\000\040\000A\000:\000\040\000C\000o\000n\000v\000e\000x\000i\000t\000y\000\040\000o\000f\000\040\000t\000h\000e\000\040\000E\000f\000f\000e\000c\000t\000i\000v\000e\000\040\000P\000o\000t\000e\000n\000t\000i\000a\000l\000\040\000\050\000F\000i\000x\000i\000n\000g\000\040\000I\000n\000t\000e\000r\000p\000o\000l\000a\000t\000i\000o\000n\000\051}{section.Alph47.6}% 1291
\BOOKMARK [2][-]{subsection.Alph47.6.2}{\376\377\000C\000o\000r\000r\000e\000c\000t\000i\000o\000n\000\040\000A\000.\0002\000:\000\040\000A\000n\000a\000l\000y\000t\000i\000c\000i\000t\000y\000\040\000a\000t\000\040\000I\000n\000t\000e\000r\000m\000e\000d\000i\000a\000t\000e\000\040\000M\000a\000s\000s\000\040\000\050\000T\000h\000e\000\040\000L\000e\000e\000-\000Y\000a\000n\000g\000\040\000B\000r\000i\000d\000g\000e\000\051}{section.Alph47.6}% 1292
\BOOKMARK [2][-]{subsection.Alph47.6.3}{\376\377\000C\000o\000r\000r\000e\000c\000t\000i\000o\000n\000\040\000B\000:\000\040\000R\000e\000n\000o\000r\000m\000a\000l\000i\000z\000a\000t\000i\000o\000n\000\040\000G\000r\000o\000u\000p\000\040\000F\000l\000o\000w\000\040\000o\000f\000\040\000L\000S\000I\000\040\000\050\000F\000i\000x\000i\000n\000g\000\040\000U\000n\000i\000f\000o\000r\000m\000i\000t\000y\000\051}{section.Alph47.6}% 1293
\BOOKMARK [2][-]{subsection.Alph47.6.4}{\376\377\000C\000o\000r\000r\000e\000c\000t\000i\000o\000n\000\040\000C\000:\000\040\000G\000e\000o\000m\000e\000t\000r\000i\000c\000\040\000L\000o\000w\000e\000r\000\040\000B\000o\000u\000n\000d\000\040\000o\000n\000\040\000O\000r\000b\000i\000t\000\040\000S\000p\000a\000c\000e\000\040\000\050\000F\000i\000x\000i\000n\000g\000\040\000V\000a\000r\000i\000a\000t\000i\000o\000n\000a\000l\000\040\000E\000r\000r\000o\000r\000\051}{section.Alph47.6}% 1294
\BOOKMARK [1][-]{section.Alph47.7}{\376\377\000C\000o\000n\000c\000l\000u\000s\000i\000o\000n\000:\000\040\000A\000\040\000U\000n\000i\000f\000i\000e\000d\000\040\000R\000i\000g\000o\000r\000o\000u\000s\000\040\000A\000r\000g\000u\000m\000e\000n\000t}{appendix.Alph47}% 1295
\BOOKMARK [2][-]{subsection.Alph47.7.1}{\376\377\000S\000u\000m\000m\000a\000r\000y\000\040\000o\000f\000\040\000R\000e\000s\000o\000l\000u\000t\000i\000o\000n\000s}{section.Alph47.7}% 1296
\BOOKMARK [1][-]{section.Alph47.8}{\376\377\000C\000o\000m\000p\000r\000e\000h\000e\000n\000s\000i\000v\000e\000\040\000R\000i\000g\000o\000r\000o\000u\000s\000\040\000F\000i\000x\000e\000s\000:\000\040\000S\000c\000r\000e\000e\000n\000i\000n\000g\000,\000\040\000A\000n\000o\000m\000a\000l\000i\000e\000s\000,\000\040\000a\000n\000d\000\040\000S\000p\000e\000c\000t\000r\000a\000l\000\040\000A\000n\000a\000l\000y\000s\000i\000s}{appendix.Alph47}% 1297
\BOOKMARK [2][-]{subsection.Alph47.8.1}{\376\377\000T\000h\000e\000\040\000A\000d\000j\000o\000i\000n\000t\000\040\000S\000c\000r\000e\000e\000n\000i\000n\000g\000\040\000F\000i\000x\000\040\000\050\000F\000r\000e\000d\000e\000n\000h\000a\000g\000e\000n\000-\000M\000a\000r\000c\000u\000\040\000O\000r\000d\000e\000r\000\040\000P\000a\000r\000a\000m\000e\000t\000e\000r\000\051}{section.Alph47.8}% 1298
\BOOKMARK [2][-]{subsection.Alph47.8.2}{\376\377\000T\000h\000e\000\040\000U\000\050\0001\000\051\000A\000\040\000A\000n\000o\000m\000a\000l\000y\000\040\000F\000i\000x\000\040\000\050\000L\000a\000t\000t\000i\000c\000e\000\040\000I\000n\000d\000e\000x\000\040\000T\000h\000e\000o\000r\000e\000m\000\051}{section.Alph47.8}% 1299
\BOOKMARK [2][-]{subsection.Alph47.8.3}{\376\377\000T\000h\000e\000\040\000B\000e\000t\000h\000e\000-\000S\000a\000l\000p\000e\000t\000e\000r\000\040\000F\000i\000x\000\040\000\050\000P\000a\000r\000t\000i\000c\000l\000e\000\040\000v\000s\000.\000\040\000B\000l\000o\000b\000\051}{section.Alph47.8}% 1300
\BOOKMARK [2][-]{subsection.Alph47.8.4}{\376\377\000T\000h\000e\000\040\000R\000G\000\040\000v\000s\000.\000\040\000R\000P\000\040\000C\000o\000n\000f\000l\000i\000c\000t\000\040\000\050\000P\000o\000l\000y\000m\000e\000r\000\040\000S\000t\000a\000b\000i\000l\000i\000t\000y\000\040\000B\000o\000u\000n\000d\000\051}{section.Alph47.8}% 1301
\BOOKMARK [2][-]{subsection.Alph47.8.5}{\376\377\000T\000h\000e\000\040\000F\000i\000n\000i\000t\000e\000\040\000V\000o\000l\000u\000m\000e\000\040\000L\000\374\000s\000c\000h\000e\000r\000\040\000C\000o\000r\000r\000e\000c\000t\000i\000o\000n}{section.Alph47.8}% 1302
\BOOKMARK [2][-]{subsection.Alph47.8.6}{\376\377\000T\000h\000e\000\040\000A\000p\000p\000e\000l\000q\000u\000i\000s\000t\000-\000C\000a\000r\000a\000z\000z\000o\000n\000e\000\040\000D\000e\000c\000o\000u\000p\000l\000i\000n\000g}{section.Alph47.8}% 1303
\BOOKMARK [2][-]{subsection.Alph47.8.7}{\376\377\000T\000h\000e\000\040\000V\000a\000c\000u\000u\000m\000\040\000O\000v\000e\000r\000l\000a\000p\000\040\000B\000o\000u\000n\000d}{section.Alph47.8}% 1304
\BOOKMARK [2][-]{subsection.Alph47.8.8}{\376\377\000T\000h\000e\000\040\000C\000l\000u\000s\000t\000e\000r\000\040\000E\000x\000p\000a\000n\000s\000i\000o\000n\000\040\000C\000o\000n\000v\000e\000r\000g\000e\000n\000c\000e\000\040\000R\000a\000d\000i\000u\000s\000\040\000\050\000I\000n\000t\000e\000r\000v\000a\000l\000\040\000B\000r\000i\000d\000g\000e\000\051}{section.Alph47.8}% 1305
\BOOKMARK [2][-]{subsection.Alph47.8.9}{\376\377\000T\000h\000e\000\040\000I\000n\000f\000r\000a\000r\000e\000d\000\040\000B\000o\000u\000n\000d\000\040\000\050\000F\000r\000\366\000h\000l\000i\000c\000h\000-\000S\000i\000m\000o\000n\000-\000S\000p\000e\000n\000c\000e\000r\000\051}{section.Alph47.8}% 1306
\BOOKMARK [2][-]{subsection.Alph47.8.10}{\376\377\000T\000h\000e\000\040\000M\000a\000t\000t\000h\000e\000w\000s\000-\000S\000a\000l\000a\000m\000-\000S\000e\000i\000l\000e\000r\000\040\000B\000o\000u\000n\000d\000\040\000\050\000F\000e\000r\000m\000i\000o\000n\000\040\000Q\000u\000a\000s\000i\000-\000L\000o\000c\000a\000l\000i\000t\000y\000\051}{section.Alph47.8}% 1307
\BOOKMARK [2][-]{subsection.Alph47.8.11}{\376\377\000C\000o\000n\000t\000i\000n\000u\000u\000m\000\040\000T\000o\000p\000o\000l\000o\000g\000y\000\040\000w\000i\000t\000h\000o\000u\000t\000\040\000A\000d\000m\000i\000s\000s\000i\000b\000i\000l\000i\000t\000y}{section.Alph47.8}% 1308
\BOOKMARK [2][-]{subsection.Alph47.8.12}{\376\377\000T\000h\000e\000\040\000G\000l\000u\000e\000b\000a\000l\000l\000\040\000S\000p\000i\000n\000\040\000I\000n\000e\000q\000u\000a\000l\000i\000t\000y}{section.Alph47.8}% 1309
\BOOKMARK [0][-]{appendix.Alph48}{\376\377\000I\000n\000n\000o\000v\000a\000t\000i\000v\000e\000\040\000M\000a\000t\000h\000e\000m\000a\000t\000i\000c\000a\000l\000\040\000F\000r\000a\000m\000e\000w\000o\000r\000k\000s\000\040\000f\000o\000r\000\040\000R\000i\000g\000o\000r\000o\000u\000s\000\040\000P\000r\000o\000o\000f}{Item.193}% 1310
\BOOKMARK [1][-]{section.Alph48.1}{\376\377\000R\000o\000u\000t\000e\000\040\0001\000:\000\040\000S\000t\000o\000c\000h\000a\000s\000t\000i\000c\000\040\000Q\000u\000a\000n\000t\000i\000z\000a\000t\000i\000o\000n\000\040\000i\000n\000\040\0004\000D\000\040\000\050\000T\000h\000e\000\040\000M\000o\000d\000e\000r\000n\000\040\000R\000o\000u\000t\000e\000\051}{appendix.Alph48}% 1311
\BOOKMARK [2][-]{subsection.Alph48.1.1}{\376\377\000T\000h\000e\000\040\000S\000t\000o\000c\000h\000a\000s\000t\000i\000c\000\040\000Y\000a\000n\000g\000-\000M\000i\000l\000l\000s\000\040\000E\000q\000u\000a\000t\000i\000o\000n\000\040\000\050\000S\000Y\000M\000E\000\051}{section.Alph48.1}% 1312
\BOOKMARK [2][-]{subsection.Alph48.1.2}{\376\377\000R\000e\000g\000u\000l\000a\000r\000i\000t\000y\000\040\000S\000t\000r\000u\000c\000t\000u\000r\000e\000s\000\040\000f\000o\000r\000\040\000C\000r\000i\000t\000i\000c\000a\000l\000\040\000T\000h\000e\000o\000r\000i\000e\000s}{section.Alph48.1}% 1313
\BOOKMARK [2][-]{subsection.Alph48.1.3}{\376\377\000T\000h\000e\000\040\000R\000e\000n\000o\000r\000m\000a\000l\000i\000z\000e\000d\000\040\000E\000q\000u\000a\000t\000i\000o\000n}{section.Alph48.1}% 1314
\BOOKMARK [2][-]{subsection.Alph48.1.4}{\376\377\000C\000o\000n\000n\000e\000c\000t\000i\000o\000n\000\040\000t\000o\000\040\000M\000a\000s\000s\000\040\000G\000a\000p}{section.Alph48.1}% 1315
\BOOKMARK [1][-]{section.Alph48.2}{\376\377\000R\000o\000u\000t\000e\000\040\0002\000:\000\040\000A\000d\000j\000o\000i\000n\000t\000\040\000I\000n\000t\000e\000r\000p\000o\000l\000a\000t\000i\000o\000n\000\040\000\050\000T\000h\000e\000\040\000P\000h\000y\000s\000i\000c\000i\000s\000t\000'\000s\000\040\000R\000o\000u\000t\000e\000\051}{appendix.Alph48}% 1316
\BOOKMARK [2][-]{subsection.Alph48.2.1}{\376\377\000T\000h\000e\000\040\000I\000n\000t\000e\000r\000p\000o\000l\000a\000t\000i\000n\000g\000\040\000L\000a\000g\000r\000a\000n\000g\000i\000a\000n}{section.Alph48.2}% 1317
\BOOKMARK [2][-]{subsection.Alph48.2.2}{\376\377\000T\000h\000e\000\040\000S\000U\000S\000Y\000\040\000A\000n\000c\000h\000o\000r\000\040\000\050\000M\000=\0000\000\051}{section.Alph48.2}% 1318
\BOOKMARK [2][-]{subsection.Alph48.2.3}{\376\377\000A\000v\000o\000i\000d\000i\000n\000g\000\040\000P\000h\000a\000s\000e\000\040\000T\000r\000a\000n\000s\000i\000t\000i\000o\000n\000s\000\040\000\050\000T\000h\000e\000\040\000C\000r\000i\000t\000i\000c\000a\000l\000\040\000S\000t\000e\000p\000\051}{section.Alph48.2}% 1319
\BOOKMARK [2][-]{subsection.Alph48.2.4}{\376\377\000D\000e\000t\000a\000i\000l\000e\000d\000\040\000S\000t\000r\000a\000t\000e\000g\000y\000:\000\040\000A\000n\000a\000l\000y\000t\000i\000c\000i\000t\000y\000\040\000o\000f\000\040\000t\000h\000e\000\040\000F\000r\000e\000e\000\040\000E\000n\000e\000r\000g\000y}{section.Alph48.2}% 1320
\BOOKMARK [1][-]{section.Alph48.3}{\376\377\000R\000o\000u\000t\000e\000\040\0003\000:\000\040\000L\000a\000t\000t\000i\000c\000e\000\040\000R\000G\000\040\000w\000i\000t\000h\000\040\000U\000V\000-\000I\000R\000\040\000M\000e\000r\000g\000i\000n\000g\000\040\000\050\000T\000h\000e\000\040\000B\000r\000u\000t\000e\000\040\000F\000o\000r\000c\000e\000\040\000R\000o\000u\000t\000e\000\051}{appendix.Alph48}% 1321
\BOOKMARK [2][-]{subsection.Alph48.3.1}{\376\377\000T\000h\000e\000\040\000"\000O\000s\000c\000i\000l\000l\000a\000t\000i\000o\000n\000\040\000C\000a\000t\000a\000s\000t\000r\000o\000p\000h\000e\000"\000\040\000v\000s\000.\000\040\000C\000o\000n\000d\000i\000t\000i\000o\000n\000a\000l\000\040\000T\000e\000n\000s\000o\000r\000i\000z\000a\000t\000i\000o\000n}{section.Alph48.3}% 1322
\BOOKMARK [2][-]{subsection.Alph48.3.2}{\376\377\000M\000e\000r\000g\000i\000n\000g\000\040\000U\000V\000\040\000a\000n\000d\000\040\000I\000R}{section.Alph48.3}% 1323
\BOOKMARK [2][-]{subsection.Alph48.3.3}{\376\377\000D\000e\000t\000a\000i\000l\000e\000d\000\040\000S\000t\000r\000a\000t\000e\000g\000y\000:\000\040\000T\000h\000e\000\040\000H\000y\000b\000r\000i\000d\000\040\000N\000o\000r\000m\000\040\000C\000o\000n\000s\000t\000r\000u\000c\000t\000i\000o\000n}{section.Alph48.3}% 1324
\BOOKMARK [1][-]{section.Alph48.4}{\376\377\000S\000u\000m\000m\000a\000r\000y\000\040\000o\000f\000\040\000M\000a\000t\000h\000e\000m\000a\000t\000i\000c\000a\000l\000\040\000A\000r\000c\000h\000i\000t\000e\000c\000t\000u\000r\000e}{appendix.Alph48}% 1325
\BOOKMARK [0][-]{appendix.Alph49}{\376\377\000A\000d\000v\000a\000n\000c\000e\000d\000\040\000M\000a\000t\000h\000e\000m\000a\000t\000i\000c\000a\000l\000\040\000D\000e\000r\000i\000v\000a\000t\000i\000o\000n\000s\000\040\000\050\000D\000i\000a\000m\000o\000n\000d\000\040\000S\000t\000a\000n\000d\000a\000r\000d\000\051}{Item.193}% 1326
\BOOKMARK [1][-]{section.Alph49.1}{\376\377\000R\000i\000g\000o\000r\000o\000u\000s\000\040\000M\000a\000t\000h\000e\000m\000a\000t\000i\000c\000a\000l\000\040\000D\000e\000r\000i\000v\000a\000t\000i\000o\000n\000s\000\040\000f\000o\000r\000\040\000C\000r\000i\000t\000i\000c\000a\000l\000\040\000G\000a\000p\000s}{appendix.Alph49}% 1327
\BOOKMARK [2][-]{subsection.Alph49.1.1}{\376\377\000T\000h\000e\000\040\000G\000r\000i\000b\000o\000v\000\040\000H\000o\000r\000i\000z\000o\000n\000\040\000F\000i\000x}{section.Alph49.1}% 1328
\BOOKMARK [2][-]{subsection.Alph49.1.2}{\376\377\000T\000h\000e\000\040\000N\000u\000c\000l\000e\000a\000r\000i\000t\000y\000\040\000B\000o\000u\000n\000d\000\040\000S\000t\000r\000a\000t\000e\000g\000y}{section.Alph49.1}% 1329
\BOOKMARK [2][-]{subsection.Alph49.1.3}{\376\377\000T\000h\000e\000\040\000S\000y\000m\000a\000n\000z\000i\000k\000\040\000I\000m\000p\000r\000o\000v\000e\000m\000e\000n\000t}{section.Alph49.1}% 1330
\BOOKMARK [2][-]{subsection.Alph49.1.4}{\376\377\000T\000h\000e\000\040\000T\000e\000m\000p\000e\000r\000e\000d\000n\000e\000s\000s\000\040\000C\000h\000e\000c\000k}{section.Alph49.1}% 1331
\BOOKMARK [2][-]{subsection.Alph49.1.5}{\376\377\000T\000h\000e\000\040\000A\000d\000j\000o\000i\000n\000t\000\040\000S\000c\000r\000e\000e\000n\000i\000n\000g\000\040\000F\000i\000x}{section.Alph49.1}% 1332
\BOOKMARK [2][-]{subsection.Alph49.1.6}{\376\377\000T\000h\000e\000\040\000U\000\050\0001\000\051\000\040\000A\000n\000o\000m\000a\000l\000y\000\040\000F\000i\000x}{section.Alph49.1}% 1333
\BOOKMARK [2][-]{subsection.Alph49.1.7}{\376\377\000T\000h\000e\000\040\000B\000e\000t\000h\000e\000-\000S\000a\000l\000p\000e\000t\000e\000r\000\040\000F\000i\000x}{section.Alph49.1}% 1334
\BOOKMARK [2][-]{subsection.Alph49.1.8}{\376\377\000T\000h\000e\000\040\000R\000G\000\040\000v\000s\000.\000\040\000R\000P\000\040\000C\000o\000n\000f\000l\000i\000c\000t}{section.Alph49.1}% 1335
\BOOKMARK [2][-]{subsection.Alph49.1.9}{\376\377\000T\000h\000e\000\040\000F\000i\000n\000i\000t\000e\000\040\000V\000o\000l\000u\000m\000e\000\040\000L\000\374\000s\000c\000h\000e\000r\000\040\000C\000o\000r\000r\000e\000c\000t\000i\000o\000n}{section.Alph49.1}% 1336
\BOOKMARK [2][-]{subsection.Alph49.1.10}{\376\377\000T\000h\000e\000\040\000A\000p\000p\000e\000l\000q\000u\000i\000s\000t\000-\000C\000a\000r\000a\000z\000z\000o\000n\000e\000\040\000D\000e\000c\000o\000u\000p\000l\000i\000n\000g}{section.Alph49.1}% 1337
\BOOKMARK [2][-]{subsection.Alph49.1.11}{\376\377\000T\000h\000e\000\040\000"\000V\000a\000c\000u\000u\000m\000\040\000O\000v\000e\000r\000l\000a\000p\000"\000\040\000B\000o\000u\000n\000d}{section.Alph49.1}% 1338
\BOOKMARK [2][-]{subsection.Alph49.1.12}{\376\377\000T\000h\000e\000\040\000C\000l\000u\000s\000t\000e\000r\000\040\000E\000x\000p\000a\000n\000s\000i\000o\000n\000\040\000C\000o\000n\000v\000e\000r\000g\000e\000n\000c\000e\000\040\000R\000a\000d\000i\000u\000s}{section.Alph49.1}% 1339
\BOOKMARK [2][-]{subsection.Alph49.1.13}{\376\377\000T\000h\000e\000\040\000I\000n\000f\000r\000a\000r\000e\000d\000\040\000B\000o\000u\000n\000d}{section.Alph49.1}% 1340
\BOOKMARK [2][-]{subsection.Alph49.1.14}{\376\377\000T\000h\000e\000\040\000M\000a\000t\000t\000h\000e\000w\000s\000-\000S\000a\000l\000a\000m\000-\000S\000e\000i\000l\000e\000r\000\040\000B\000o\000u\000n\000d}{section.Alph49.1}% 1341
\BOOKMARK [2][-]{subsection.Alph49.1.15}{\376\377\000T\000h\000e\000\040\000Z\000e\000t\000a\000\040\000F\000u\000n\000c\000t\000i\000o\000n\000\040\000R\000e\000g\000u\000l\000a\000r\000i\000z\000a\000t\000i\000o\000n}{section.Alph49.1}% 1342
\BOOKMARK [2][-]{subsection.Alph49.1.16}{\376\377\000T\000h\000e\000\040\000G\000l\000u\000e\000b\000a\000l\000l\000\040\000S\000p\000i\000n\000\040\000I\000n\000e\000q\000u\000a\000l\000i\000t\000y}{section.Alph49.1}% 1343
\BOOKMARK [2][-]{subsection.Alph49.1.17}{\376\377\000T\000h\000e\000\040\000R\000o\000u\000g\000h\000e\000n\000i\000n\000g\000\040\000T\000r\000a\000n\000s\000i\000t\000i\000o\000n\000\040\000F\000i\000x}{section.Alph49.1}% 1344
\BOOKMARK [2][-]{subsection.Alph49.1.18}{\376\377\000T\000h\000e\000\040\000S\000t\000r\000a\000t\000i\000f\000i\000e\000d\000\040\000S\000p\000a\000c\000e\000\040\000F\000i\000x}{section.Alph49.1}% 1345
\BOOKMARK [2][-]{subsection.Alph49.1.19}{\376\377\000T\000h\000e\000\040\000B\000o\000r\000e\000l\000\040\000S\000u\000m\000m\000a\000b\000i\000l\000i\000t\000y\000\040\000S\000t\000r\000a\000t\000e\000g\000y\000\040\000\050\000R\000e\000t\000r\000a\000c\000t\000e\000d\000\051}{section.Alph49.1}% 1346
\BOOKMARK [2][-]{subsection.Alph49.1.20}{\376\377\000T\000h\000e\000\040\000L\000i\000n\000e\000a\000r\000\040\000G\000r\000o\000w\000t\000h\000\040\000C\000o\000n\000d\000i\000t\000i\000o\000n\000\040\000\050\000A\000x\000i\000o\000m\000\040\0000\000\051}{section.Alph49.1}% 1347
\BOOKMARK [2][-]{subsection.Alph49.1.21}{\376\377\000T\000h\000e\000\040\000C\000o\000n\000t\000i\000n\000u\000o\000u\000s\000\040\000S\000p\000e\000c\000t\000r\000a\000l\000\040\000I\000n\000d\000e\000p\000e\000n\000d\000e\000n\000c\000e\000\040\000F\000i\000x}{section.Alph49.1}% 1348
\BOOKMARK [2][-]{subsection.Alph49.1.22}{\376\377\000T\000h\000e\000\040\000H\000o\000m\000o\000g\000e\000n\000i\000z\000a\000t\000i\000o\000n\000\040\000C\000o\000r\000r\000e\000c\000t\000o\000r\000\040\000F\000i\000x}{section.Alph49.1}% 1349
\BOOKMARK [2][-]{subsection.Alph49.1.23}{\376\377\000T\000h\000e\000\040\000P\000o\000l\000c\000h\000i\000n\000s\000k\000i\000\040\000F\000l\000o\000w\000\040\000C\000o\000m\000m\000u\000t\000a\000t\000o\000r}{section.Alph49.1}% 1350
\BOOKMARK [2][-]{subsection.Alph49.1.24}{\376\377\000T\000h\000e\000\040\000U\000r\000s\000e\000l\000l\000\040\000F\000u\000n\000c\000t\000i\000o\000n\000\040\000I\000n\000v\000e\000r\000s\000i\000o\000n}{section.Alph49.1}% 1351
\BOOKMARK [2][-]{subsection.Alph49.1.25}{\376\377\000T\000h\000e\000\040\000F\000e\000s\000h\000b\000a\000c\000h\000-\000S\000c\000h\000u\000r\000\040\000M\000a\000p}{section.Alph49.1}% 1352
\BOOKMARK [2][-]{subsection.Alph49.1.26}{\376\377\000T\000h\000e\000\040\000O\000'\000N\000e\000i\000l\000l\000\040\000C\000u\000r\000v\000a\000t\000u\000r\000e\000\040\000F\000o\000r\000m\000u\000l\000a}{section.Alph49.1}% 1353
\BOOKMARK [2][-]{subsection.Alph49.1.27}{\376\377\000T\000h\000e\000\040\000K\000a\000t\000o\000-\000R\000e\000l\000l\000i\000c\000h\000\040\000S\000e\000r\000i\000e\000s}{section.Alph49.1}% 1354
\BOOKMARK [2][-]{subsection.Alph49.1.28}{\376\377\000T\000h\000e\000\040\000V\000a\000f\000a\000-\000W\000i\000t\000t\000e\000n\000\040\000B\000o\000u\000n\000d}{section.Alph49.1}% 1355
\BOOKMARK [2][-]{subsection.Alph49.1.29}{\376\377\000T\000h\000e\000\040\000R\000o\000u\000g\000h\000\040\000P\000a\000t\000h\000\040\000L\000i\000f\000t}{section.Alph49.1}% 1356
\BOOKMARK [2][-]{subsection.Alph49.1.30}{\376\377\000T\000h\000e\000\040\000M\000a\000y\000e\000r\000-\000M\000o\000n\000t\000r\000o\000l\000l\000\040\000E\000q\000u\000a\000t\000i\000o\000n}{section.Alph49.1}% 1357
\BOOKMARK [2][-]{subsection.Alph49.1.31}{\376\377\000T\000h\000e\000\040\000L\000a\000t\000t\000i\000c\000e\000\040\000I\000n\000d\000e\000x\000\040\000T\000h\000e\000o\000r\000e\000m}{section.Alph49.1}% 1358
\BOOKMARK [2][-]{subsection.Alph49.1.32}{\376\377\000T\000h\000e\000\040\000K\000M\000S\000\040\000C\000o\000n\000d\000i\000t\000i\000o\000n}{section.Alph49.1}% 1359
\BOOKMARK [2][-]{subsection.Alph49.1.33}{\376\377\000T\000h\000e\000\040\000R\000e\000s\000u\000r\000g\000e\000n\000c\000e\000\040\000C\000a\000n\000c\000e\000l\000l\000a\000t\000i\000o\000n}{section.Alph49.1}% 1360
\BOOKMARK [2][-]{subsection.Alph49.1.34}{\376\377\000T\000h\000e\000\040\000M\000a\000k\000e\000e\000n\000k\000o\000-\000M\000i\000g\000d\000a\000l\000\040\000E\000q\000u\000a\000t\000i\000o\000n}{section.Alph49.1}% 1361
\BOOKMARK [2][-]{subsection.Alph49.1.35}{\376\377\000H\000a\000a\000g\000-\000R\000u\000e\000l\000l\000e\000\040\000S\000c\000a\000t\000t\000e\000r\000i\000n\000g\000\040\000T\000h\000e\000o\000r\000y}{section.Alph49.1}% 1362
\BOOKMARK [2][-]{subsection.Alph49.1.36}{\376\377\000T\000h\000e\000\040\000S\000p\000e\000c\000t\000r\000a\000l\000\040\000F\000l\000o\000w\000\040\000I\000n\000d\000e\000x\000\040\000T\000h\000e\000o\000r\000e\000m}{section.Alph49.1}% 1363
\BOOKMARK [2][-]{subsection.Alph49.1.37}{\376\377\000T\000h\000e\000\040\000S\000t\000r\000a\000t\000i\000f\000i\000e\000d\000\040\000H\000a\000r\000d\000y\000\040\000I\000n\000e\000q\000u\000a\000l\000i\000t\000y}{section.Alph49.1}% 1364
\BOOKMARK [2][-]{subsection.Alph49.1.38}{\376\377\000T\000h\000e\000\040\000M\000o\000m\000e\000n\000t\000u\000m\000\040\000P\000r\000o\000j\000e\000c\000t\000i\000o\000n}{section.Alph49.1}% 1365
\BOOKMARK [2][-]{subsection.Alph49.1.39}{\376\377\000T\000h\000e\000\040\000R\000e\000n\000o\000r\000m\000a\000l\000i\000z\000e\000d\000\040\000I\000n\000t\000e\000g\000r\000a\000t\000i\000o\000n\000\040\000b\000y\000\040\000P\000a\000r\000t\000s}{section.Alph49.1}% 1366
\BOOKMARK [2][-]{subsection.Alph49.1.40}{\376\377\000T\000h\000e\000\040\000T\000w\000o\000-\000P\000a\000r\000t\000i\000c\000l\000e\000\040\000C\000l\000u\000s\000t\000e\000r\000\040\000E\000x\000p\000a\000n\000s\000i\000o\000n}{section.Alph49.1}% 1367
\BOOKMARK [2][-]{subsection.Alph49.1.41}{\376\377\000T\000h\000e\000\040\000B\000r\000e\000z\000i\000s\000-\000W\000a\000i\000n\000g\000e\000r\000\040\000S\000t\000r\000a\000t\000e\000g\000y\000\040\000\050\000L\000i\000m\000i\000t\000a\000t\000i\000o\000n\000\051}{section.Alph49.1}% 1368
\BOOKMARK [2][-]{subsection.Alph49.1.42}{\376\377\000T\000h\000e\000\040\000K\000a\000r\000c\000h\000e\000r\000\040\000M\000e\000a\000n\000\040\000H\000e\000s\000s\000i\000a\000n}{section.Alph49.1}% 1369
\BOOKMARK [2][-]{subsection.Alph49.1.43}{\376\377\000T\000h\000e\000\040\000T\000a\000l\000a\000g\000r\000a\000n\000d\000\040\000I\000n\000e\000q\000u\000a\000l\000i\000t\000y}{section.Alph49.1}% 1370
\BOOKMARK [2][-]{subsection.Alph49.1.44}{\376\377\000T\000h\000e\000\040\000W\000e\000i\000t\000z\000e\000n\000b\000\366\000c\000k\000\040\000I\000d\000e\000n\000t\000i\000t\000y\000\040\000o\000n\000\040\000F\000o\000r\000m\000s}{section.Alph49.1}% 1371
\BOOKMARK [2][-]{subsection.Alph49.1.45}{\376\377\000T\000h\000e\000\040\000H\000e\000l\000f\000f\000e\000r\000-\000S\000j\000\366\000s\000t\000r\000a\000n\000d\000\040\000F\000o\000r\000m\000u\000l\000a}{section.Alph49.1}% 1372
\BOOKMARK [2][-]{subsection.Alph49.1.46}{\376\377\000T\000h\000e\000\040\000L\000a\000t\000t\000i\000c\000e\000\040\000B\000R\000S\000T\000\040\000C\000o\000h\000o\000m\000o\000l\000o\000g\000y}{section.Alph49.1}% 1373
\BOOKMARK [2][-]{subsection.Alph49.1.47}{\376\377\000T\000h\000e\000\040\000K\000a\000t\000o\000-\000T\000r\000o\000t\000t\000e\000r\000\040\000P\000r\000o\000d\000u\000c\000t\000\040\000F\000o\000r\000m\000u\000l\000a}{section.Alph49.1}% 1374
\BOOKMARK [2][-]{subsection.Alph49.1.48}{\376\377\000T\000h\000e\000\040\000L\000i\000e\000b\000-\000T\000h\000i\000r\000r\000i\000n\000g\000\040\000I\000n\000e\000q\000u\000a\000l\000i\000t\000y}{section.Alph49.1}% 1375
\BOOKMARK [2][-]{subsection.Alph49.1.49}{\376\377\000T\000h\000e\000\040\000K\000i\000r\000k\000w\000o\000o\000d\000-\000S\000a\000l\000s\000b\000u\000r\000g\000\040\000E\000q\000u\000a\000t\000i\000o\000n\000s}{section.Alph49.1}% 1376
\BOOKMARK [2][-]{subsection.Alph49.1.50}{\376\377\000T\000h\000e\000\040\000D\000u\000h\000a\000m\000e\000l\000\040\000E\000x\000p\000a\000n\000s\000i\000o\000n}{section.Alph49.1}% 1377
\BOOKMARK [2][-]{subsection.Alph49.1.51}{\376\377\000D\000i\000s\000c\000r\000e\000t\000e\000\040\000S\000t\000o\000c\000h\000a\000s\000t\000i\000c\000\040\000V\000a\000r\000i\000a\000t\000i\000o\000n\000s}{section.Alph49.1}% 1378
\BOOKMARK [2][-]{subsection.Alph49.1.52}{\376\377\000T\000h\000e\000\040\000'\000t\000\040\000H\000o\000o\000f\000t\000\040\000L\000o\000o\000p\000\040\000A\000l\000g\000e\000b\000r\000a}{section.Alph49.1}% 1379
\BOOKMARK [2][-]{subsection.Alph49.1.53}{\376\377\000T\000h\000e\000\040\000I\000M\000S\000\040\000L\000o\000c\000a\000l\000i\000z\000a\000t\000i\000o\000n\000\040\000F\000o\000r\000m\000u\000l\000a}{section.Alph49.1}% 1380
\BOOKMARK [2][-]{subsection.Alph49.1.54}{\376\377\000T\000h\000e\000\040\000C\000o\000m\000b\000e\000s\000-\000T\000h\000o\000m\000a\000s\000\040\000E\000s\000t\000i\000m\000a\000t\000e}{section.Alph49.1}% 1381
\BOOKMARK [2][-]{subsection.Alph49.1.55}{\376\377\000T\000h\000e\000\040\000H\000o\000l\000o\000m\000o\000r\000p\000h\000i\000c\000\040\000S\000e\000m\000i\000g\000r\000o\000u\000p\000\040\000G\000e\000n\000e\000r\000a\000t\000i\000o\000n}{section.Alph49.1}% 1382
\BOOKMARK [2][-]{subsection.Alph49.1.56}{\376\377\000T\000h\000e\000\040\000V\000a\000c\000u\000u\000m\000\040\000C\000l\000u\000s\000t\000e\000r\000\040\000E\000x\000p\000a\000n\000s\000i\000o\000n}{section.Alph49.1}% 1383
\BOOKMARK [1][-]{section.Alph49.2}{\376\377\000D\000i\000a\000m\000o\000n\000d\000\040\000S\000t\000a\000n\000d\000a\000r\000d\000\040\000M\000a\000t\000h\000e\000m\000a\000t\000i\000c\000a\000l\000\040\000D\000e\000r\000i\000v\000a\000t\000i\000o\000n\000s}{appendix.Alph49}% 1384
\BOOKMARK [2][-]{subsection.Alph49.2.1}{\376\377\000D\000e\000e\000p\000\040\000S\000t\000r\000u\000c\000t\000u\000r\000a\000l\000\040\000D\000e\000r\000i\000v\000a\000t\000i\000o\000n\000s}{section.Alph49.2}% 1385
\BOOKMARK [2][-]{subsection.Alph49.2.2}{\376\377\000A\000d\000v\000a\000n\000c\000e\000d\000\040\000V\000e\000r\000i\000f\000i\000c\000a\000t\000i\000o\000n\000\040\000D\000e\000r\000i\000v\000a\000t\000i\000o\000n\000s}{section.Alph49.2}% 1386
\BOOKMARK [2][-]{subsection.Alph49.2.3}{\376\377\000A\000n\000a\000l\000y\000t\000i\000c\000\040\000C\000o\000n\000t\000i\000n\000u\000a\000t\000i\000o\000n\000\040\000a\000n\000d\000\040\000C\000o\000h\000o\000m\000o\000l\000o\000g\000y}{section.Alph49.2}% 1387
\BOOKMARK [2][-]{subsection.Alph49.2.4}{\376\377\000A\000l\000g\000e\000b\000r\000a\000i\000c\000\040\000S\000t\000r\000u\000c\000t\000u\000r\000e\000\040\000a\000n\000d\000\040\000T\000o\000p\000o\000l\000o\000g\000y}{section.Alph49.2}% 1388
\BOOKMARK [2][-]{subsection.Alph49.2.5}{\376\377\000D\000y\000n\000a\000m\000i\000c\000s\000\040\000a\000n\000d\000\040\000S\000c\000a\000t\000t\000e\000r\000i\000n\000g\000\040\000T\000h\000e\000o\000r\000y}{section.Alph49.2}% 1389
\BOOKMARK [2][-]{subsection.Alph49.2.6}{\376\377\000D\000i\000s\000c\000r\000e\000t\000e\000\040\000G\000e\000o\000m\000e\000t\000r\000y\000\040\000a\000n\000d\000\040\000R\000e\000l\000a\000t\000i\000v\000i\000t\000y}{section.Alph49.2}% 1390
\BOOKMARK [2][-]{subsection.Alph49.2.7}{\376\377\000G\000e\000o\000m\000e\000t\000r\000i\000c\000\040\000C\000o\000n\000s\000t\000a\000n\000t\000s\000\040\000a\000n\000d\000\040\000C\000a\000n\000c\000e\000l\000l\000a\000t\000i\000o\000n\000s}{section.Alph49.2}% 1391
\BOOKMARK [2][-]{subsection.Alph49.2.8}{\376\377\000M\000e\000a\000s\000u\000r\000e\000\040\000U\000n\000i\000q\000u\000e\000n\000e\000s\000s\000\040\000a\000n\000d\000\040\000R\000i\000g\000o\000r\000o\000u\000s\000\040\000B\000o\000u\000n\000d\000s}{section.Alph49.2}% 1392
\BOOKMARK [2][-]{subsection.Alph49.2.9}{\376\377\000C\000r\000i\000t\000i\000c\000a\000l\000\040\000R\000e\000g\000u\000l\000a\000r\000i\000t\000y\000\040\000a\000n\000d\000\040\000A\000v\000e\000r\000a\000g\000i\000n\000g}{section.Alph49.2}% 1393
\BOOKMARK [2][-]{subsection.Alph49.2.10}{\376\377\000F\000o\000u\000n\000d\000a\000t\000i\000o\000n\000a\000l\000\040\000M\000a\000t\000h\000e\000m\000a\000t\000i\000c\000a\000l\000\040\000D\000e\000r\000i\000v\000a\000t\000i\000o\000n\000s\000\040\000\050\000V\000a\000c\000u\000u\000m\000\040\000\046\000\040\000C\000o\000n\000v\000e\000r\000g\000e\000n\000c\000e\000\051}{section.Alph49.2}% 1394
\BOOKMARK [2][-]{subsection.Alph49.2.11}{\376\377\000P\000a\000r\000t\000i\000c\000l\000e\000\040\000S\000c\000a\000t\000t\000e\000r\000i\000n\000g\000\040\000\046\000\040\000T\000o\000p\000o\000l\000o\000g\000i\000c\000a\000l\000\040\000P\000r\000o\000t\000e\000c\000t\000i\000o\000n}{section.Alph49.2}% 1395
\BOOKMARK [0][-]{appendix.Alph50}{\376\377\000D\000e\000r\000i\000v\000a\000t\000i\000o\000n\000\040\000T\000:\000\040\000T\000h\000e\000\040\000R\000o\000u\000g\000h\000\040\000P\000a\000t\000h\000\040\000L\000i\000f\000t\000\040\000f\000o\000r\000\040\000C\000o\000n\000t\000i\000n\000u\000u\000m\000\040\000O\000b\000s\000e\000r\000v\000a\000b\000l\000e\000s}{Item.193}% 1396
\BOOKMARK [1][-]{section.Alph50.1}{\376\377\000C\000o\000n\000t\000e\000x\000t\000:\000\040\000T\000h\000e\000\040\000C\000o\000n\000t\000i\000n\000u\000u\000m\000\040\000O\000b\000s\000e\000r\000v\000a\000b\000l\000e\000\040\000P\000r\000o\000b\000l\000e\000m}{appendix.Alph50}% 1397
\BOOKMARK [1][-]{section.Alph50.2}{\376\377\000T\000h\000e\000o\000r\000e\000m\000\040\000T\000.\0001\000\040\000\050\000C\000o\000n\000t\000i\000n\000u\000i\000t\000y\000\040\000o\000f\000\040\000t\000h\000e\000\040\000H\000o\000l\000o\000n\000o\000m\000y\000\040\000M\000a\000p\000\051}{appendix.Alph50}% 1398
\BOOKMARK [1][-]{section.Alph50.3}{\376\377\000P\000r\000o\000o\000f\000\040\000D\000e\000r\000i\000v\000a\000t\000i\000o\000n}{appendix.Alph50}% 1399
\BOOKMARK [2][-]{subsection.Alph50.3.1}{\376\377\000S\000t\000e\000p\000\040\0001\000:\000\040\000S\000i\000g\000n\000a\000t\000u\000r\000e\000\040\000C\000o\000n\000s\000t\000r\000u\000c\000t\000i\000o\000n}{section.Alph50.3}% 1400
\BOOKMARK [2][-]{subsection.Alph50.3.2}{\376\377\000S\000t\000e\000p\000\040\0002\000:\000\040\000S\000e\000w\000i\000n\000g\000\040\000L\000e\000m\000m\000a}{section.Alph50.3}% 1401
\BOOKMARK [2][-]{subsection.Alph50.3.3}{\376\377\000S\000t\000e\000p\000\040\0003\000:\000\040\000R\000e\000n\000o\000r\000m\000a\000l\000i\000z\000e\000d\000\040\000T\000r\000a\000c\000e}{section.Alph50.3}% 1402
\BOOKMARK [2][-]{subsection.Alph50.3.4}{\376\377\000S\000t\000e\000p\000\040\0004\000:\000\040\000L\000i\000m\000i\000t\000\040\000E\000x\000i\000s\000t\000e\000n\000c\000e}{section.Alph50.3}% 1403
\BOOKMARK [0][-]{appendix.Alph51}{\376\377\000D\000e\000r\000i\000v\000a\000t\000i\000o\000n\000\040\000U\000:\000\040\000T\000h\000e\000\040\000L\000a\000t\000t\000i\000c\000e\000\040\000B\000R\000S\000T\000\040\000C\000o\000h\000o\000m\000o\000l\000o\000g\000y\000\040\000\050\000U\000n\000i\000t\000a\000r\000i\000t\000y\000\051}{Item.193}% 1404
\BOOKMARK [1][-]{section.Alph51.1}{\376\377\000C\000o\000n\000t\000e\000x\000t\000:\000\040\000G\000h\000o\000s\000t\000s\000\040\000a\000n\000d\000\040\000U\000n\000i\000t\000a\000r\000i\000t\000y}{appendix.Alph51}% 1405
\BOOKMARK [1][-]{section.Alph51.2}{\376\377\000T\000h\000e\000o\000r\000e\000m\000\040\000U\000.\0001\000\040\000\050\000P\000o\000s\000i\000t\000i\000v\000i\000t\000y\000\040\000o\000f\000\040\000t\000h\000e\000\040\000P\000h\000y\000s\000i\000c\000a\000l\000\040\000H\000i\000l\000b\000e\000r\000t\000\040\000S\000p\000a\000c\000e\000\051}{appendix.Alph51}% 1406
\BOOKMARK [1][-]{section.Alph51.3}{\376\377\000P\000r\000o\000o\000f\000\040\000D\000e\000r\000i\000v\000a\000t\000i\000o\000n}{appendix.Alph51}% 1407
\BOOKMARK [2][-]{subsection.Alph51.3.1}{\376\377\000S\000t\000e\000p\000\040\0001\000:\000\040\000N\000i\000l\000p\000o\000t\000e\000n\000c\000y}{section.Alph51.3}% 1408
\BOOKMARK [2][-]{subsection.Alph51.3.2}{\376\377\000S\000t\000e\000p\000\040\0002\000:\000\040\000K\000u\000g\000o\000-\000O\000j\000i\000m\000a\000\040\000Q\000u\000a\000r\000t\000e\000t\000\040\000M\000e\000c\000h\000a\000n\000i\000s\000m}{section.Alph51.3}% 1409
\BOOKMARK [2][-]{subsection.Alph51.3.3}{\376\377\000S\000t\000e\000p\000\040\0003\000:\000\040\000H\000o\000m\000o\000t\000o\000p\000y\000\040\000O\000p\000e\000r\000a\000t\000o\000r}{section.Alph51.3}% 1410
\BOOKMARK [2][-]{subsection.Alph51.3.4}{\376\377\000S\000t\000e\000p\000\040\0004\000:\000\040\000M\000e\000t\000r\000i\000c\000\040\000P\000o\000s\000i\000t\000i\000v\000i\000t\000y}{section.Alph51.3}% 1411
\BOOKMARK [0][-]{appendix.Alph52}{\376\377\000D\000e\000r\000i\000v\000a\000t\000i\000o\000n\000\040\000V\000:\000\040\000T\000h\000e\000\040\000G\000l\000u\000e\000b\000a\000l\000l\000\040\000S\000p\000i\000n\000\040\000I\000n\000e\000q\000u\000a\000l\000i\000t\000y}{Item.193}% 1412
\BOOKMARK [1][-]{section.Alph52.1}{\376\377\000C\000o\000n\000t\000e\000x\000t}{appendix.Alph52}% 1413
\BOOKMARK [1][-]{section.Alph52.2}{\376\377\000T\000h\000e\000o\000r\000e\000m\000\040\000V\000.\0001\000\040\000\050\000S\000c\000a\000l\000a\000r\000\040\000G\000r\000o\000u\000n\000d\000\040\000S\000t\000a\000t\000e\000\040\000D\000o\000m\000i\000n\000a\000n\000c\000e\000\051}{appendix.Alph52}% 1414
\BOOKMARK [1][-]{section.Alph52.3}{\376\377\000P\000r\000o\000o\000f\000\040\000D\000e\000r\000i\000v\000a\000t\000i\000o\000n}{appendix.Alph52}% 1415
\BOOKMARK [2][-]{subsection.Alph52.3.1}{\376\377\000S\000t\000e\000p\000\040\0001\000:\000\040\000C\000o\000r\000r\000e\000l\000a\000t\000i\000o\000n\000\040\000I\000n\000e\000q\000u\000a\000l\000i\000t\000y}{section.Alph52.3}% 1416
\BOOKMARK [2][-]{subsection.Alph52.3.2}{\376\377\000S\000t\000e\000p\000\040\0002\000:\000\040\000G\000i\000n\000i\000b\000r\000e\000\040\000I\000n\000e\000q\000u\000a\000l\000i\000t\000y\000\040\000A\000p\000p\000l\000i\000c\000a\000t\000i\000o\000n}{section.Alph52.3}% 1417
\BOOKMARK [2][-]{subsection.Alph52.3.3}{\376\377\000S\000t\000e\000p\000\040\0003\000:\000\040\000R\000e\000f\000l\000e\000c\000t\000i\000o\000n\000\040\000P\000o\000s\000i\000t\000i\000v\000i\000t\000y\000\040\000a\000n\000d\000\040\000O\000r\000d\000e\000r\000i\000n\000g}{section.Alph52.3}% 1418
\BOOKMARK [2][-]{subsection.Alph52.3.4}{\376\377\000S\000t\000e\000p\000\040\0004\000:\000\040\000E\000x\000p\000l\000i\000c\000i\000t\000\040\000B\000o\000u\000n\000d}{section.Alph52.3}% 1419
\BOOKMARK [1][-]{section.Alph52.4}{\376\377\000D\000e\000r\000i\000v\000a\000t\000i\000o\000n\000\040\000W\000:\000\040\000V\000a\000c\000u\000u\000m\000\040\000S\000t\000a\000b\000i\000l\000i\000t\000y\000\040\000a\000g\000a\000i\000n\000s\000t\000\040\000M\000o\000n\000o\000p\000o\000l\000e\000\040\000C\000o\000n\000d\000e\000n\000s\000a\000t\000i\000o\000n}{appendix.Alph52}% 1420
\BOOKMARK [0][-]{appendix.Alph53}{\376\377\000D\000e\000r\000i\000v\000a\000t\000i\000o\000n\000\040\000W\000:\000\040\000T\000h\000e\000\040\000M\000a\000k\000e\000e\000n\000k\000o\000-\000M\000i\000g\000d\000a\000l\000\040\000L\000o\000o\000p\000\040\000E\000q\000u\000a\000t\000i\000o\000n}{Item.193}% 1421
\BOOKMARK [1][-]{section.Alph53.1}{\376\377\000C\000o\000n\000t\000e\000x\000t}{appendix.Alph53}% 1422
\BOOKMARK [1][-]{section.Alph53.2}{\376\377\000T\000h\000e\000o\000r\000e\000m\000\040\000W\000.\0001\000\040\000\050\000D\000i\000s\000t\000r\000i\000b\000u\000t\000i\000o\000n\000a\000l\000\040\000C\000o\000n\000v\000e\000r\000g\000e\000n\000c\000e\000\040\000o\000f\000\040\000D\000y\000n\000a\000m\000i\000c\000s\000\051}{appendix.Alph53}% 1423
\BOOKMARK [1][-]{section.Alph53.3}{\376\377\000P\000r\000o\000o\000f\000\040\000D\000e\000r\000i\000v\000a\000t\000i\000o\000n}{appendix.Alph53}% 1424
\BOOKMARK [2][-]{subsection.Alph53.3.1}{\376\377\000S\000t\000e\000p\000\040\0001\000:\000\040\000L\000a\000t\000t\000i\000c\000e\000\040\000V\000a\000r\000i\000a\000t\000i\000o\000n}{section.Alph53.3}% 1425
\BOOKMARK [2][-]{subsection.Alph53.3.2}{\376\377\000S\000t\000e\000p\000\040\0002\000:\000\040\000I\000n\000t\000e\000r\000s\000e\000c\000t\000i\000o\000n\000\040\000T\000e\000r\000m}{section.Alph53.3}% 1426
\BOOKMARK [2][-]{subsection.Alph53.3.3}{\376\377\000S\000t\000e\000p\000\040\0003\000:\000\040\000R\000e\000n\000o\000r\000m\000a\000l\000i\000z\000a\000t\000i\000o\000n\000\040\000C\000a\000n\000c\000e\000l\000l\000a\000t\000i\000o\000n}{section.Alph53.3}% 1427
\BOOKMARK [2][-]{subsection.Alph53.3.4}{\376\377\000S\000t\000e\000p\000\040\0004\000:\000\040\000D\000i\000s\000t\000r\000i\000b\000u\000t\000i\000o\000n\000a\000l\000\040\000L\000i\000m\000i\000t}{section.Alph53.3}% 1428
\BOOKMARK [0][-]{appendix.Alph54}{\376\377\000D\000e\000r\000i\000v\000a\000t\000i\000o\000n\000\040\000X\000:\000\040\000T\000h\000e\000\040\000K\000a\000t\000o\000-\000T\000r\000o\000t\000t\000e\000r\000\040\000P\000r\000o\000d\000u\000c\000t\000\040\000F\000o\000r\000m\000u\000l\000a}{Item.193}% 1429
\BOOKMARK [1][-]{section.Alph54.1}{\376\377\000C\000o\000n\000t\000e\000x\000t}{appendix.Alph54}% 1430
\BOOKMARK [1][-]{section.Alph54.2}{\376\377\000T\000h\000e\000o\000r\000e\000m\000\040\000X\000.\0001\000\040\000\050\000S\000t\000r\000o\000n\000g\000\040\000S\000e\000m\000i\000g\000r\000o\000u\000p\000\040\000C\000o\000n\000v\000e\000r\000g\000e\000n\000c\000e\000\051}{appendix.Alph54}% 1431
\BOOKMARK [1][-]{section.Alph54.3}{\376\377\000P\000r\000o\000o\000f\000\040\000D\000e\000r\000i\000v\000a\000t\000i\000o\000n}{appendix.Alph54}% 1432
\BOOKMARK [2][-]{subsection.Alph54.3.1}{\376\377\000S\000t\000e\000p\000\040\0001\000:\000\040\000C\000o\000m\000m\000o\000n\000\040\000C\000o\000r\000e}{section.Alph54.3}% 1433
\BOOKMARK [2][-]{subsection.Alph54.3.2}{\376\377\000S\000t\000e\000p\000\040\0002\000:\000\040\000S\000t\000a\000b\000i\000l\000i\000t\000y\000\040\000C\000o\000n\000d\000i\000t\000i\000o\000n}{section.Alph54.3}% 1434
\BOOKMARK [2][-]{subsection.Alph54.3.3}{\376\377\000S\000t\000e\000p\000\040\0003\000:\000\040\000C\000o\000n\000s\000i\000s\000t\000e\000n\000c\000y}{section.Alph54.3}% 1435
\BOOKMARK [2][-]{subsection.Alph54.3.4}{\376\377\000S\000t\000e\000p\000\040\0004\000:\000\040\000T\000r\000o\000t\000t\000e\000r\000-\000C\000h\000e\000r\000n\000o\000f\000f\000\040\000T\000h\000e\000o\000r\000e\000m}{section.Alph54.3}% 1436
\BOOKMARK [0][-]{appendix.Alph55}{\376\377\000D\000e\000r\000i\000v\000a\000t\000i\000o\000n\000\040\000Y\000:\000\040\000T\000h\000e\000\040\000K\000M\000S\000\040\000C\000o\000n\000d\000i\000t\000i\000o\000n\000\040\000\050\000A\000l\000g\000e\000b\000r\000a\000i\000c\000\040\000U\000n\000i\000q\000u\000e\000n\000e\000s\000s\000\051}{Item.193}% 1437
\BOOKMARK [1][-]{section.Alph55.1}{\376\377\000C\000o\000n\000t\000e\000x\000t}{appendix.Alph55}% 1438
\BOOKMARK [1][-]{section.Alph55.2}{\376\377\000T\000h\000e\000o\000r\000e\000m\000\040\000Y\000.\0001\000\040\000\050\000T\000o\000m\000i\000t\000a\000-\000T\000a\000k\000e\000s\000a\000k\000i\000\040\000U\000n\000i\000q\000u\000e\000n\000e\000s\000s\000\051}{appendix.Alph55}% 1439
\BOOKMARK [1][-]{section.Alph55.3}{\376\377\000P\000r\000o\000o\000f\000\040\000D\000e\000r\000i\000v\000a\000t\000i\000o\000n}{appendix.Alph55}% 1440
\BOOKMARK [2][-]{subsection.Alph55.3.1}{\376\377\000S\000t\000e\000p\000\040\0001\000:\000\040\000T\000r\000a\000n\000s\000f\000e\000r\000\040\000M\000a\000t\000r\000i\000x\000\040\000D\000y\000n\000a\000m\000i\000c\000s}{section.Alph55.3}% 1441
\BOOKMARK [2][-]{subsection.Alph55.3.2}{\376\377\000S\000t\000e\000p\000\040\0002\000:\000\040\000E\000r\000g\000o\000d\000i\000c\000i\000t\000y}{section.Alph55.3}% 1442
\BOOKMARK [2][-]{subsection.Alph55.3.3}{\376\377\000S\000t\000e\000p\000\040\0003\000:\000\040\000T\000r\000i\000v\000i\000a\000l\000\040\000C\000e\000n\000t\000e\000r}{section.Alph55.3}% 1443
\BOOKMARK [2][-]{subsection.Alph55.3.4}{\376\377\000S\000t\000e\000p\000\040\0004\000:\000\040\000A\000r\000a\000k\000i\000'\000s\000\040\000T\000h\000e\000o\000r\000e\000m\000\040\000\050\000R\000i\000g\000o\000r\000o\000u\000s\000\040\000U\000n\000i\000q\000u\000e\000n\000e\000s\000s\000\051}{section.Alph55.3}% 1444
\BOOKMARK [1][-]{section.Alph55.4}{\376\377\000D\000e\000r\000i\000v\000a\000t\000i\000o\000n\000\040\000Z\000:\000\040\000T\000h\000e\000\040\000O\000s\000t\000e\000r\000w\000a\000l\000d\000e\000r\000-\000S\000c\000h\000r\000a\000d\000e\000r\000\040\000R\000e\000c\000o\000n\000s\000t\000r\000u\000c\000t\000i\000o\000n}{appendix.Alph55}% 1445
\BOOKMARK [0][-]{appendix.Alph56}{\376\377\000D\000e\000r\000i\000v\000a\000t\000i\000o\000n\000\040\000A\000N\000:\000\040\000T\000h\000e\000\040\000V\000a\000f\000a\000-\000W\000i\000t\000t\000e\000n\000\040\000B\000o\000u\000n\000d\000\040\000\050\000T\000o\000p\000o\000l\000o\000g\000i\000c\000a\000l\000\040\000S\000t\000a\000b\000i\000l\000i\000t\000y\000\051}{Item.193}% 1446
\BOOKMARK [1][-]{section.Alph56.1}{\376\377\000C\000o\000n\000t\000e\000x\000t}{appendix.Alph56}% 1447
\BOOKMARK [1][-]{section.Alph56.2}{\376\377\000T\000h\000e\000o\000r\000e\000m\000\040\000A\000N\000.\0001\000\040\000\050\000V\000a\000f\000a\000-\000W\000i\000t\000t\000e\000n\000\040\000P\000o\000s\000i\000t\000i\000v\000i\000t\000y\000\051}{appendix.Alph56}% 1448
\BOOKMARK [1][-]{section.Alph56.3}{\376\377\000P\000r\000o\000o\000f\000\040\000D\000e\000r\000i\000v\000a\000t\000i\000o\000n}{appendix.Alph56}% 1449
\BOOKMARK [2][-]{subsection.Alph56.3.1}{\376\377\000S\000t\000e\000p\000\040\0001\000:\000\040\000M\000e\000a\000s\000u\000r\000e\000\040\000T\000r\000a\000n\000s\000f\000o\000r\000m\000a\000t\000i\000o\000n}{section.Alph56.3}% 1450
\BOOKMARK [2][-]{subsection.Alph56.3.2}{\376\377\000S\000t\000e\000p\000\040\0002\000:\000\040\000R\000e\000f\000l\000e\000c\000t\000i\000o\000n\000\040\000P\000o\000s\000i\000t\000i\000v\000i\000t\000y}{section.Alph56.3}% 1451
\BOOKMARK [2][-]{subsection.Alph56.3.3}{\376\377\000S\000t\000e\000p\000\040\0003\000:\000\040\000C\000a\000u\000c\000h\000y\000-\000S\000c\000h\000w\000a\000r\000z\000\040\000I\000n\000e\000q\000u\000a\000l\000i\000t\000y}{section.Alph56.3}% 1452
\BOOKMARK [2][-]{subsection.Alph56.3.4}{\376\377\000S\000t\000e\000p\000\040\0004\000:\000\040\000E\000n\000e\000r\000g\000y\000\040\000B\000o\000u\000n\000d}{section.Alph56.3}% 1453
\BOOKMARK [0][-]{appendix.Alph57}{\376\377\000D\000e\000r\000i\000v\000a\000t\000i\000o\000n\000\040\000A\000A\000:\000\040\000T\000h\000e\000\040\000M\000a\000y\000e\000r\000-\000M\000o\000n\000t\000r\000o\000l\000l\000\040\000E\000q\000u\000a\000t\000i\000o\000n\000\040\000\050\000E\000x\000p\000l\000i\000c\000i\000t\000\040\000C\000o\000n\000v\000e\000r\000g\000e\000n\000c\000e\000\051}{Item.193}% 1454
\BOOKMARK [1][-]{section.Alph57.1}{\376\377\000C\000o\000n\000t\000e\000x\000t}{appendix.Alph57}% 1455
\BOOKMARK [1][-]{section.Alph57.2}{\376\377\000T\000h\000e\000o\000r\000e\000m\000\040\000A\000A\000.\0001\000\040\000\050\000A\000l\000g\000e\000b\000r\000a\000i\000c\000\040\000R\000a\000d\000i\000u\000s\000\040\000o\000f\000\040\000C\000o\000n\000v\000e\000r\000g\000e\000n\000c\000e\000\051}{appendix.Alph57}% 1456
\BOOKMARK [1][-]{section.Alph57.3}{\376\377\000P\000r\000o\000o\000f\000\040\000D\000e\000r\000i\000v\000a\000t\000i\000o\000n}{appendix.Alph57}% 1457
\BOOKMARK [2][-]{subsection.Alph57.3.1}{\376\377\000S\000t\000e\000p\000\040\0001\000:\000\040\000P\000e\000n\000r\000o\000s\000e\000\040\000T\000r\000e\000e\000\040\000I\000d\000e\000n\000t\000i\000t\000y}{section.Alph57.3}% 1458
\BOOKMARK [2][-]{subsection.Alph57.3.2}{\376\377\000S\000t\000e\000p\000\040\0002\000:\000\040\000C\000a\000y\000l\000e\000y\000'\000s\000\040\000F\000o\000r\000m\000u\000l\000a}{section.Alph57.3}% 1459
\BOOKMARK [2][-]{subsection.Alph57.3.3}{\376\377\000S\000t\000e\000p\000\040\0003\000:\000\040\000F\000a\000c\000t\000o\000r\000i\000a\000l\000\040\000B\000o\000u\000n\000d}{section.Alph57.3}% 1460
\BOOKMARK [2][-]{subsection.Alph57.3.4}{\376\377\000S\000t\000e\000p\000\040\0004\000:\000\040\000C\000o\000n\000v\000e\000r\000g\000e\000n\000c\000e}{section.Alph57.3}% 1461
\BOOKMARK [0][-]{appendix.Alph58}{\376\377\000D\000e\000r\000i\000v\000a\000t\000i\000o\000n\000\040\000Z\000:\000\040\000M\000a\000l\000l\000i\000a\000v\000i\000n\000\040\000D\000e\000r\000i\000v\000a\000t\000i\000v\000e\000\040\000I\000n\000t\000e\000g\000r\000a\000t\000i\000o\000n\000\040\000b\000y\000\040\000P\000a\000r\000t\000s}{Item.193}% 1462
\BOOKMARK [1][-]{section.Alph58.1}{\376\377\000U\000s\000e\000\040\000o\000f\000\040\000M\000a\000l\000l\000i\000a\000v\000i\000n\000\040\000C\000a\000l\000c\000u\000l\000u\000s\000\040\000i\000n\000\040\000M\000a\000s\000s\000\040\000G\000a\000p\000\040\000R\000e\000g\000u\000l\000a\000r\000i\000t\000y}{appendix.Alph58}% 1463
\BOOKMARK [1][-]{section.Alph58.2}{\376\377\000T\000h\000e\000\040\000I\000n\000t\000e\000g\000r\000a\000t\000i\000o\000n\000\040\000b\000y\000\040\000P\000a\000r\000t\000s\000\040\000F\000o\000r\000m\000u\000l\000a}{appendix.Alph58}% 1464
\BOOKMARK [2][-]{subsection.Alph58.2.1}{\376\377\000C\000o\000n\000s\000t\000r\000u\000c\000t\000i\000o\000n\000\040\000o\000n\000\040\000t\000h\000e\000\040\000L\000a\000t\000t\000i\000c\000e}{section.Alph58.2}% 1465
\BOOKMARK [1][-]{section.Alph58.3}{\376\377\000R\000e\000g\000u\000l\000a\000r\000i\000t\000y\000\040\000o\000f\000\040\000t\000h\000e\000\040\000S\000p\000e\000c\000t\000r\000a\000l\000\040\000G\000a\000p}{appendix.Alph58}% 1466
\BOOKMARK [1][-]{section.Alph58.4}{\376\377\000C\000o\000n\000c\000l\000u\000s\000i\000o\000n}{appendix.Alph58}% 1467
\BOOKMARK [0][-]{appendix.Alph59}{\376\377\000D\000e\000r\000i\000v\000a\000t\000i\000o\000n\000\040\000A\000B\000:\000\040\000C\000l\000u\000s\000t\000e\000r\000\040\000E\000x\000p\000a\000n\000s\000i\000o\000n\000\040\000o\000f\000\040\000t\000h\000e\000\040\000L\000o\000g\000a\000r\000i\000t\000h\000m}{Item.193}% 1468
\BOOKMARK [1][-]{section.Alph59.1}{\376\377\000E\000x\000i\000s\000t\000e\000n\000c\000e\000\040\000o\000f\000\040\000t\000h\000e\000\040\000T\000h\000e\000r\000m\000o\000d\000y\000n\000a\000m\000i\000c\000\040\000L\000i\000m\000i\000t}{appendix.Alph59}% 1469
\BOOKMARK [1][-]{section.Alph59.2}{\376\377\000T\000h\000e\000\040\000M\000a\000y\000e\000r\000\040\000E\000x\000p\000a\000n\000s\000i\000o\000n}{appendix.Alph59}% 1470
\BOOKMARK [1][-]{section.Alph59.3}{\376\377\000T\000h\000e\000\040\000L\000o\000g\000a\000r\000i\000t\000h\000m\000\040\000a\000n\000d\000\040\000C\000o\000n\000n\000e\000c\000t\000e\000d\000\040\000C\000l\000u\000s\000t\000e\000r\000s}{appendix.Alph59}% 1471
\BOOKMARK [2][-]{subsection.Alph59.3.1}{\376\377\000C\000o\000n\000v\000e\000r\000g\000e\000n\000c\000e\000\040\000v\000i\000a\000\040\000K\000o\000t\000e\000c\000k\000\375\000-\000P\000r\000e\000i\000s\000s}{section.Alph59.3}% 1472
\BOOKMARK [0][-]{appendix.Alph60}{\376\377\000D\000e\000r\000i\000v\000a\000t\000i\000o\000n\000\040\000A\000D\000:\000\040\000D\000u\000h\000a\000m\000e\000l\000'\000s\000\040\000E\000x\000p\000a\000n\000s\000i\000o\000n}{Item.193}% 1473
\BOOKMARK [1][-]{section.Alph60.1}{\376\377\000S\000e\000m\000i\000g\000r\000o\000u\000p\000\040\000P\000e\000r\000t\000u\000r\000b\000a\000t\000i\000o\000n\000\040\000T\000h\000e\000o\000r\000y}{appendix.Alph60}% 1474
\BOOKMARK [1][-]{section.Alph60.2}{\376\377\000T\000h\000e\000\040\000E\000x\000p\000a\000n\000s\000i\000o\000n}{appendix.Alph60}% 1475
\BOOKMARK [1][-]{section.Alph60.3}{\376\377\000A\000p\000p\000l\000i\000c\000a\000t\000i\000o\000n\000\040\000t\000o\000\040\000S\000p\000e\000c\000t\000r\000a\000l\000\040\000G\000a\000p\000s}{appendix.Alph60}% 1476
\BOOKMARK [1][-]{section.Alph60.4}{\376\377\000C\000o\000n\000c\000l\000u\000s\000i\000o\000n}{appendix.Alph60}% 1477
\BOOKMARK [0][-]{appendix.Alph61}{\376\377\000D\000e\000r\000i\000v\000a\000t\000i\000o\000n\000\040\000A\000I\000:\000\040\000S\000t\000o\000c\000h\000a\000s\000t\000i\000c\000\040\000Q\000u\000a\000n\000t\000i\000z\000a\000t\000i\000o\000n\000\040\000\050\000L\000a\000n\000g\000e\000v\000i\000n\000\051}{Item.193}% 1478
\BOOKMARK [1][-]{section.Alph61.1}{\376\377\000R\000e\000s\000o\000l\000u\000t\000i\000o\000n\000\040\000o\000f\000\040\000t\000h\000e\000\040\000G\000r\000i\000b\000o\000v\000\040\000A\000m\000b\000i\000g\000u\000i\000t\000y}{appendix.Alph61}% 1479
\BOOKMARK [1][-]{section.Alph61.2}{\376\377\000T\000h\000e\000\040\000L\000a\000n\000g\000e\000v\000i\000n\000\040\000E\000q\000u\000a\000t\000i\000o\000n}{appendix.Alph61}% 1480
\BOOKMARK [2][-]{subsection.Alph61.2.1}{\376\377\000W\000e\000l\000l\000-\000P\000o\000s\000e\000d\000n\000e\000s\000s\000\040\000o\000n\000\040\000t\000h\000e\000\040\000Q\000u\000o\000t\000i\000e\000n\000t\000\040\000S\000p\000a\000c\000e}{section.Alph61.2}% 1481
\BOOKMARK [1][-]{section.Alph61.3}{\376\377\000T\000h\000e\000\040\000P\000h\000y\000s\000i\000c\000a\000l\000\040\000M\000a\000s\000s\000\040\000G\000a\000p\000\040\000v\000i\000a\000\040\000S\000t\000o\000c\000h\000a\000s\000t\000i\000c\000\040\000T\000i\000m\000e}{appendix.Alph61}% 1482
\BOOKMARK [1][-]{section.Alph61.4}{\376\377\000C\000o\000n\000c\000l\000u\000s\000i\000o\000n}{appendix.Alph61}% 1483
\BOOKMARK [0][-]{appendix.Alph62}{\376\377\000D\000e\000r\000i\000v\000a\000t\000i\000o\000n\000\040\000Q\000:\000\040\000M\000a\000r\000t\000i\000n\000g\000a\000l\000e\000\040\000C\000o\000n\000v\000e\000r\000g\000e\000n\000c\000e\000\040\000f\000o\000r\000\040\000G\000l\000u\000e\000b\000a\000l\000l\000s}{Item.193}% 1484
\BOOKMARK [1][-]{section.Alph62.1}{\376\377\000G\000l\000u\000e\000b\000a\000l\000l\000\040\000S\000t\000a\000t\000e\000s\000\040\000a\000s\000\040\000M\000a\000r\000t\000i\000n\000g\000a\000l\000e\000\040\000L\000i\000m\000i\000t\000s}{appendix.Alph62}% 1485
\BOOKMARK [1][-]{section.Alph62.2}{\376\377\000F\000i\000l\000t\000r\000a\000t\000i\000o\000n\000\040\000o\000f\000\040\000L\000o\000o\000p\000\040\000O\000b\000s\000e\000r\000v\000a\000b\000l\000e\000s}{appendix.Alph62}% 1486
\BOOKMARK [1][-]{section.Alph62.3}{\376\377\000B\000o\000u\000n\000d\000a\000r\000y\000\040\000M\000a\000r\000g\000i\000n\000a\000l\000\040\000L\000S\000I\000\040\000v\000i\000a\000\040\000M\000a\000r\000t\000i\000n\000g\000a\000l\000e\000s}{appendix.Alph62}% 1487
\BOOKMARK [0][-]{appendix.Alph63}{\376\377\000H\000i\000s\000t\000o\000r\000i\000c\000a\000l\000\040\000C\000o\000n\000t\000e\000x\000t\000\040\000a\000n\000d\000\040\000F\000u\000t\000u\000r\000e\000\040\000D\000i\000r\000e\000c\000t\000i\000o\000n\000s}{Item.193}% 1488
\BOOKMARK [1][-]{section.Alph63.1}{\376\377\000F\000u\000t\000u\000r\000e\000\040\000D\000i\000r\000e\000c\000t\000i\000o\000n\000s\000\040\000a\000n\000d\000\040\000E\000x\000t\000e\000n\000s\000i\000o\000n\000s}{appendix.Alph63}% 1489
\BOOKMARK [2][-]{subsection.Alph63.1.1}{\376\377\000R\000e\000f\000i\000n\000e\000m\000e\000n\000t\000\040\000o\000f\000\040\000M\000a\000s\000s\000\040\000G\000a\000p\000\040\000B\000o\000u\000n\000d\000s}{section.Alph63.1}% 1490
\BOOKMARK [2][-]{subsection.Alph63.1.2}{\376\377\000T\000o\000p\000o\000l\000o\000g\000i\000c\000a\000l\000\040\000A\000s\000p\000e\000c\000t\000s}{section.Alph63.1}% 1491
\BOOKMARK [2][-]{subsection.Alph63.1.3}{\376\377\000C\000o\000m\000p\000u\000t\000a\000t\000i\000o\000n\000a\000l\000\040\000A\000s\000p\000e\000c\000t\000s}{section.Alph63.1}% 1492
\BOOKMARK [1][-]{section.Alph63.2}{\376\377\000H\000i\000s\000t\000o\000r\000i\000c\000a\000l\000\040\000R\000e\000s\000o\000l\000u\000t\000i\000o\000n\000\040\000o\000f\000\040\000R\000e\000m\000a\000i\000n\000i\000n\000g\000\040\000G\000a\000p\000s}{appendix.Alph63}% 1493
\BOOKMARK [2][-]{subsection.Alph63.2.1}{\376\377\000G\000a\000p\000\040\0001\000:\000\040\000C\000o\000n\000t\000i\000n\000u\000u\000m\000\040\000N\000o\000n\000-\000T\000r\000i\000v\000i\000a\000l\000i\000t\000y\000\040\000\050\000s\000i\000g\000m\000a\000\040\000>\000\040\0000\000\051}{section.Alph63.2}% 1494
\BOOKMARK [2][-]{subsection.Alph63.2.2}{\376\377\000G\000a\000p\000\040\0002\000:\000\040\000R\000a\000t\000i\000o\000\040\000L\000i\000m\000i\000t\000\040\000E\000x\000i\000s\000t\000e\000n\000c\000e}{section.Alph63.2}% 1495
\BOOKMARK [2][-]{subsection.Alph63.2.3}{\376\377\000G\000a\000p\000\040\0003\000:\000\040\000I\000n\000f\000i\000n\000i\000t\000e\000-\000V\000o\000l\000u\000m\000e\000\040\000A\000n\000a\000l\000y\000t\000i\000c\000i\000t\000y\000\040\000\050\000L\000e\000e\000-\000Y\000a\000n\000g\000\040\000Z\000e\000r\000o\000s\000\051}{section.Alph63.2}% 1496
\BOOKMARK [2][-]{subsection.Alph63.2.4}{\376\377\000G\000a\000p\000\040\0005\000:\000\040\000R\000i\000g\000o\000r\000o\000u\000s\000\040\000L\000e\000e\000-\000Y\000a\000n\000g\000\040\000B\000o\000u\000n\000d\000s\000\040\000f\000o\000r\000\040\000A\000d\000j\000o\000i\000n\000t\000\040\000Q\000C\000D}{section.Alph63.2}% 1497
\BOOKMARK [0][-]{appendix.Alph64}{\376\377\000W\000e\000a\000k\000\040\000C\000o\000u\000p\000l\000i\000n\000g\000\040\000a\000n\000d\000\040\000A\000s\000y\000m\000p\000t\000o\000t\000i\000c\000\040\000A\000n\000a\000l\000y\000s\000i\000s}{Item.193}% 1498
\BOOKMARK [1][-]{section.Alph64.1}{\376\377\000W\000e\000a\000k\000\040\000C\000o\000u\000p\000l\000i\000n\000g\000\040\000S\000c\000a\000l\000i\000n\000g\000:\000\040\000T\000h\000e\000\040\000F\000i\000n\000a\000l\000\040\000G\000a\000p}{appendix.Alph64}% 1499
\BOOKMARK [2][-]{subsection.Alph64.1.1}{\376\377\000T\000h\000e\000\040\000P\000r\000e\000c\000i\000s\000e\000\040\000S\000c\000a\000l\000i\000n\000g\000\040\000R\000e\000q\000u\000i\000r\000e\000m\000e\000n\000t}{section.Alph64.1}% 1500
\BOOKMARK [2][-]{subsection.Alph64.1.2}{\376\377\000R\000i\000g\000o\000r\000o\000u\000s\000\040\000U\000p\000p\000e\000r\000\040\000B\000o\000u\000n\000d\000\040\000v\000i\000a\000\040\000S\000t\000r\000i\000n\000g\000\040\000T\000e\000n\000s\000i\000o\000n}{section.Alph64.1}% 1501
\BOOKMARK [2][-]{subsection.Alph64.1.3}{\376\377\000R\000i\000g\000o\000r\000o\000u\000s\000\040\000L\000o\000w\000e\000r\000\040\000B\000o\000u\000n\000d\000\040\000v\000i\000a\000\040\000U\000n\000i\000f\000o\000r\000m\000\040\000L\000S\000I}{section.Alph64.1}% 1502
\BOOKMARK [2][-]{subsection.Alph64.1.4}{\376\377\000G\000a\000p\000\040\000f\000r\000o\000m\000\040\000S\000t\000r\000i\000n\000g\000\040\000T\000e\000n\000s\000i\000o\000n\000\040\000v\000i\000a\000\040\000G\000i\000l\000e\000s\000-\000T\000e\000p\000e\000r}{section.Alph64.1}% 1503
\BOOKMARK [2][-]{subsection.Alph64.1.5}{\376\377\000V\000e\000r\000i\000f\000i\000c\000a\000t\000i\000o\000n\000\040\000o\000f\000\040\000S\000t\000r\000i\000n\000g\000\040\000T\000e\000n\000s\000i\000o\000n\000\040\000S\000c\000a\000l\000i\000n\000g}{section.Alph64.1}% 1504
\BOOKMARK [2][-]{subsection.Alph64.1.6}{\376\377\000T\000h\000e\000\040\000R\000G\000\040\000A\000r\000g\000u\000m\000e\000n\000t\000:\000\040\000N\000o\000n\000-\000C\000i\000r\000c\000u\000l\000a\000r\000\040\000V\000e\000r\000i\000f\000i\000c\000a\000t\000i\000o\000n}{section.Alph64.1}% 1505
\BOOKMARK [2][-]{subsection.Alph64.1.7}{\376\377\000C\000o\000m\000p\000l\000e\000t\000e\000\040\000W\000e\000a\000k\000\040\000C\000o\000u\000p\000l\000i\000n\000g\000\040\000A\000n\000a\000l\000y\000s\000i\000s}{section.Alph64.1}% 1506
\BOOKMARK [2][-]{subsection.Alph64.1.8}{\376\377\000S\000u\000m\000m\000a\000r\000y\000:\000\040\000C\000o\000n\000t\000i\000n\000u\000u\000m\000\040\000G\000a\000p\000\040\000i\000s\000\040\000P\000o\000s\000i\000t\000i\000v\000e}{section.Alph64.1}% 1507
\BOOKMARK [2][-]{subsection.Alph64.1.9}{\376\377\000R\000e\000m\000a\000i\000n\000i\000n\000g\000\040\000T\000e\000c\000h\000n\000i\000c\000a\000l\000i\000t\000i\000e\000s}{section.Alph64.1}% 1508
\BOOKMARK [1][-]{section.Alph64.2}{\376\377\000F\000i\000n\000i\000t\000e\000\040\000C\000o\000r\000r\000e\000l\000a\000t\000i\000o\000n\000\040\000L\000e\000n\000g\000t\000h\000:\000\040\000N\000o\000n\000-\000C\000i\000r\000c\000u\000l\000a\000r\000\040\000P\000r\000o\000o\000f}{appendix.Alph64}% 1509
\BOOKMARK [2][-]{subsection.Alph64.2.1}{\376\377\000T\000h\000e\000\040\000L\000o\000g\000i\000c\000a\000l\000\040\000S\000t\000r\000u\000c\000t\000u\000r\000e}{section.Alph64.2}% 1510
\BOOKMARK [2][-]{subsection.Alph64.2.2}{\376\377\000W\000h\000a\000t\000\040\000Z\000e\000g\000a\000r\000l\000i\000n\000s\000k\000i\000\040\000A\000c\000t\000u\000a\000l\000l\000y\000\040\000R\000e\000q\000u\000i\000r\000e\000s}{section.Alph64.2}% 1511
\BOOKMARK [2][-]{subsection.Alph64.2.3}{\376\377\000T\000h\000e\000\040\000D\000o\000b\000r\000u\000s\000h\000i\000n\000\040\000M\000a\000t\000r\000i\000x\000\040\000f\000o\000r\000\040\000L\000a\000t\000t\000i\000c\000e\000\040\000G\000a\000u\000g\000e\000\040\000T\000h\000e\000o\000r\000y}{section.Alph64.2}% 1512
\BOOKMARK [2][-]{subsection.Alph64.2.4}{\376\377\000T\000h\000e\000\040\000P\000r\000o\000b\000l\000e\000m\000:\000\040\000L\000a\000r\000g\000e\000\040\000b\000e\000t\000a}{section.Alph64.2}% 1513
\BOOKMARK [2][-]{subsection.Alph64.2.5}{\376\377\000R\000e\000s\000o\000l\000u\000t\000i\000o\000n\000:\000\040\000B\000l\000o\000c\000k\000\040\000D\000o\000b\000r\000u\000s\000h\000i\000n\000\040\000C\000o\000n\000d\000i\000t\000i\000o\000n}{section.Alph64.2}% 1514
\BOOKMARK [2][-]{subsection.Alph64.2.6}{\376\377\000B\000l\000o\000c\000k\000\040\000D\000o\000b\000r\000u\000s\000h\000i\000n\000\040\000f\000o\000r\000\040\000Y\000a\000n\000g\000-\000M\000i\000l\000l\000s}{section.Alph64.2}% 1515
\BOOKMARK [2][-]{subsection.Alph64.2.7}{\376\377\000T\000h\000e\000\040\000F\000i\000n\000a\000l\000\040\000N\000o\000n\000-\000C\000i\000r\000c\000u\000l\000a\000r\000\040\000A\000r\000g\000u\000m\000e\000n\000t}{section.Alph64.2}% 1516
\BOOKMARK [2][-]{subsection.Alph64.2.8}{\376\377\000E\000x\000p\000l\000i\000c\000i\000t\000\040\000V\000e\000r\000i\000f\000i\000c\000a\000t\000i\000o\000n\000\040\000o\000f\000\040\000N\000o\000n\000-\000C\000i\000r\000c\000u\000l\000a\000r\000i\000t\000y}{section.Alph64.2}% 1517
\BOOKMARK [2][-]{subsection.Alph64.2.9}{\376\377\000R\000e\000m\000a\000i\000n\000i\000n\000g\000\040\000T\000e\000c\000h\000n\000i\000c\000a\000l\000\040\000I\000s\000s\000u\000e\000:\000\040\000Q\000u\000a\000n\000t\000i\000t\000a\000t\000i\000v\000e\000\040\000B\000o\000u\000n\000d\000s}{section.Alph64.2}% 1518
\BOOKMARK [2][-]{subsection.Alph64.2.10}{\376\377\000S\000u\000m\000m\000a\000r\000y\000:\000\040\000C\000o\000m\000p\000l\000e\000t\000e\000\040\000N\000o\000n\000-\000C\000i\000r\000c\000u\000l\000a\000r\000\040\000P\000r\000o\000o\000f\000\040\000C\000h\000a\000i\000n}{section.Alph64.2}% 1519
\BOOKMARK [1][-]{section.Alph64.3}{\376\377\000R\000i\000g\000o\000r\000o\000u\000s\000\040\000C\000o\000n\000t\000i\000n\000u\000u\000m\000\040\000L\000i\000m\000i\000t\000:\000\040\000C\000o\000r\000r\000e\000c\000t\000\040\000S\000p\000e\000c\000t\000r\000a\000l\000\040\000S\000c\000a\000l\000i\000n\000g}{appendix.Alph64}% 1520
\BOOKMARK [2][-]{subsection.Alph64.3.1}{\376\377\000T\000h\000e\000\040\000S\000c\000a\000l\000i\000n\000g\000\040\000P\000r\000o\000b\000l\000e\000m}{section.Alph64.3}% 1521
\BOOKMARK [2][-]{subsection.Alph64.3.2}{\376\377\000P\000r\000o\000p\000e\000r\000\040\000S\000c\000a\000l\000e\000\040\000S\000e\000t\000t\000i\000n\000g\000\040\000v\000i\000a\000\040\000R\000e\000n\000o\000r\000m\000a\000l\000i\000z\000a\000t\000i\000o\000n\000\040\000C\000o\000n\000d\000i\000t\000i\000o\000n\000s}{section.Alph64.3}% 1522
\BOOKMARK [2][-]{subsection.Alph64.3.3}{\376\377\000T\000r\000a\000n\000s\000f\000e\000r\000\040\000M\000a\000t\000r\000i\000x\000\040\000a\000n\000d\000\040\000P\000h\000y\000s\000i\000c\000a\000l\000\040\000H\000a\000m\000i\000l\000t\000o\000n\000i\000a\000n}{section.Alph64.3}% 1523
\BOOKMARK [2][-]{subsection.Alph64.3.4}{\376\377\000T\000h\000e\000\040\000C\000o\000r\000r\000e\000c\000t\000\040\000S\000p\000e\000c\000t\000r\000a\000l\000\040\000P\000e\000r\000m\000a\000n\000e\000n\000c\000e\000\040\000S\000t\000a\000t\000e\000m\000e\000n\000t}{section.Alph64.3}% 1524
\BOOKMARK [2][-]{subsection.Alph64.3.5}{\376\377\000M\000o\000s\000c\000o\000\040\000C\000o\000n\000v\000e\000r\000g\000e\000n\000c\000e\000\040\000a\000n\000d\000\040\000S\000p\000e\000c\000t\000r\000a\000l\000\040\000L\000i\000m\000i\000t\000s}{section.Alph64.3}% 1525
\BOOKMARK [2][-]{subsection.Alph64.3.6}{\376\377\000T\000h\000e\000\040\000P\000h\000y\000s\000i\000c\000a\000l\000\040\000M\000a\000s\000s\000\040\000G\000a\000p\000\040\000T\000h\000e\000o\000r\000e\000m}{section.Alph64.3}% 1526
\BOOKMARK [2][-]{subsection.Alph64.3.7}{\376\377\000W\000h\000a\000t\000\040\000M\000u\000s\000t\000\040\000B\000e\000\040\000P\000r\000o\000v\000e\000d}{section.Alph64.3}% 1527
\BOOKMARK [2][-]{subsection.Alph64.3.8}{\376\377\000A\000v\000o\000i\000d\000i\000n\000g\000\040\000C\000i\000r\000c\000u\000l\000a\000r\000\040\000A\000r\000g\000u\000m\000e\000n\000t\000s}{section.Alph64.3}% 1528
\BOOKMARK [1][-]{section.Alph64.4}{\376\377\000W\000e\000i\000g\000h\000t\000e\000d\000\040\000S\000p\000e\000c\000t\000r\000a\000l\000\040\000A\000n\000a\000l\000y\000s\000i\000s\000:\000\040\000B\000a\000k\000r\000y\000-\000\311\000m\000e\000r\000y\000\040\000a\000n\000d\000\040\000W\000i\000t\000t\000e\000n\000\040\000L\000a\000p\000l\000a\000c\000i\000a\000n\000s}{appendix.Alph64}% 1529
\BOOKMARK [2][-]{subsection.Alph64.4.1}{\376\377\000T\000h\000e\000\040\000E\000r\000r\000o\000r\000\040\000i\000n\000\040\000t\000h\000e\000\040\000C\000a\000s\000i\000m\000i\000r\000\040\000A\000r\000g\000u\000m\000e\000n\000t}{section.Alph64.4}% 1530
\BOOKMARK [2][-]{subsection.Alph64.4.2}{\376\377\000T\000h\000e\000\040\000W\000i\000t\000t\000e\000n\000\040\000L\000a\000p\000l\000a\000c\000i\000a\000n}{section.Alph64.4}% 1531
\BOOKMARK [2][-]{subsection.Alph64.4.3}{\376\377\000A\000p\000p\000l\000i\000c\000a\000t\000i\000o\000n\000\040\000t\000o\000\040\000Y\000a\000n\000g\000-\000M\000i\000l\000l\000s}{section.Alph64.4}% 1532
\BOOKMARK [2][-]{subsection.Alph64.4.4}{\376\377\000B\000a\000k\000r\000y\000-\000\311\000m\000e\000r\000y\000\040\000C\000r\000i\000t\000e\000r\000i\000o\000n}{section.Alph64.4}% 1533
\BOOKMARK [2][-]{subsection.Alph64.4.5}{\376\377\000C\000o\000m\000p\000u\000t\000i\000n\000g\000\040\000R\000i\000c\000\137\000V\000\040\000f\000o\000r\000\040\000Y\000a\000n\000g\000-\000M\000i\000l\000l\000s}{section.Alph64.4}% 1534
\BOOKMARK [2][-]{subsection.Alph64.4.6}{\376\377\000W\000h\000y\000\040\000D\000i\000r\000e\000c\000t\000\040\000B\000a\000k\000r\000y\000-\000\311\000m\000e\000r\000y\000\040\000F\000a\000i\000l\000s}{section.Alph64.4}% 1535
\BOOKMARK [2][-]{subsection.Alph64.4.7}{\376\377\000W\000h\000a\000t\000\040\000W\000o\000r\000k\000s\000\040\000I\000n\000s\000t\000e\000a\000d}{section.Alph64.4}% 1536
\BOOKMARK [2][-]{subsection.Alph64.4.8}{\376\377\000T\000h\000e\000\040\000C\000o\000r\000r\000e\000c\000t\000\040\000b\000e\000t\000a\000-\000D\000e\000p\000e\000n\000d\000e\000n\000c\000e}{section.Alph64.4}% 1537
\BOOKMARK [2][-]{subsection.Alph64.4.9}{\376\377\000S\000u\000m\000m\000a\000r\000y\000:\000\040\000W\000h\000a\000t\000\040\000M\000u\000s\000t\000\040\000B\000e\000\040\000D\000o\000n\000e}{section.Alph64.4}% 1538
\BOOKMARK [0][-]{appendix.Alph65}{\376\377\000S\000u\000p\000p\000l\000e\000m\000e\000n\000t\000a\000r\000y\000\040\000T\000e\000c\000h\000n\000i\000c\000a\000l\000\040\000D\000e\000t\000a\000i\000l\000s}{Item.193}% 1539
\BOOKMARK [0][-]{appendix.Alph66}{\376\377\000F\000i\000x\000\040\0008\000:\000\040\000T\000h\000e\000\040\000N\000o\000n\000-\000P\000e\000r\000t\000u\000r\000b\000a\000t\000i\000v\000e\000\040\000D\000e\000c\000o\000u\000p\000l\000i\000n\000g\000\040\000T\000h\000e\000o\000r\000e\000m}{Item.193}% 1540
\BOOKMARK [1][-]{section.Alph66.1}{\376\377\000C\000o\000n\000t\000e\000x\000t}{appendix.Alph66}% 1541
\BOOKMARK [1][-]{section.Alph66.2}{\376\377\000T\000h\000e\000o\000r\000e\000m\000\040\000N\000.\0001\000\040\000\050\000N\000o\000r\000m\000\040\000R\000e\000s\000o\000l\000v\000e\000n\000t\000\040\000C\000o\000n\000v\000e\000r\000g\000e\000n\000c\000e\000\051}{appendix.Alph66}% 1542
\BOOKMARK [1][-]{section.Alph66.3}{\376\377\000P\000r\000o\000o\000f\000\040\000D\000e\000r\000i\000v\000a\000t\000i\000o\000n}{appendix.Alph66}% 1543
\BOOKMARK [2][-]{subsection.Alph66.3.1}{\376\377\0001\000.\000\040\000F\000e\000s\000h\000b\000a\000c\000h\000-\000S\000c\000h\000u\000r\000\040\000M\000a\000p}{section.Alph66.3}% 1544
\BOOKMARK [2][-]{subsection.Alph66.3.2}{\376\377\0002\000.\000\040\000K\000i\000n\000e\000t\000i\000c\000\040\000G\000a\000p}{section.Alph66.3}% 1545
\BOOKMARK [2][-]{subsection.Alph66.3.3}{\376\377\0003\000.\000\040\000I\000n\000t\000e\000r\000a\000c\000t\000i\000o\000n\000\040\000B\000o\000u\000n\000d}{section.Alph66.3}% 1546
\BOOKMARK [2][-]{subsection.Alph66.3.4}{\376\377\0004\000.\000\040\000S\000p\000e\000c\000t\000r\000a\000l\000\040\000S\000t\000a\000b\000i\000l\000i\000t\000y}{section.Alph66.3}% 1547
\BOOKMARK [0][-]{appendix.Alph67}{\376\377\000F\000i\000x\000\040\0001\0003\000:\000\040\000V\000a\000f\000a\000-\000W\000i\000t\000t\000e\000n\000\040\000B\000o\000u\000n\000d\000s\000\040\000f\000o\000r\000\040\000A\000d\000j\000o\000i\000n\000t\000\040\000Q\000C\000D}{Item.193}% 1548
\BOOKMARK [1][-]{section.Alph67.1}{\376\377\000P\000o\000s\000i\000t\000i\000v\000i\000t\000y\000\040\000o\000f\000\040\000t\000h\000e\000\040\000M\000e\000a\000s\000u\000r\000e}{appendix.Alph67}% 1549
\BOOKMARK [1][-]{section.Alph67.2}{\376\377\000U\000n\000i\000f\000o\000r\000m\000\040\000B\000o\000u\000n\000d\000\040\000o\000n\000\040\000t\000h\000e\000\040\000F\000r\000e\000e\000\040\000E\000n\000e\000r\000g\000y}{appendix.Alph67}% 1550
\BOOKMARK [1][-]{section.Alph67.3}{\376\377\000E\000r\000r\000a\000t\000a\000\040\000a\000n\000d\000\040\000C\000r\000i\000t\000i\000c\000a\000l\000\040\000C\000o\000r\000r\000e\000c\000t\000i\000o\000n\000s}{appendix.Alph67}% 1551
\BOOKMARK [2][-]{subsection.Alph67.3.1}{\376\377\000C\000o\000r\000r\000e\000c\000t\000i\000o\000n\000\040\0001\000:\000\040\000S\000c\000a\000l\000e\000\040\000S\000e\000t\000t\000i\000n\000g}{section.Alph67.3}% 1552
\BOOKMARK [2][-]{subsection.Alph67.3.2}{\376\377\000C\000o\000r\000r\000e\000c\000t\000i\000o\000n\000\040\0002\000:\000\040\000C\000o\000n\000d\000i\000t\000i\000o\000n\000a\000l\000\040\000T\000e\000n\000s\000o\000r\000i\000z\000a\000t\000i\000o\000n}{section.Alph67.3}% 1553
\BOOKMARK [2][-]{subsection.Alph67.3.3}{\376\377\000C\000o\000r\000r\000e\000c\000t\000i\000o\000n\000\040\0003\000:\000\040\000C\000h\000e\000e\000g\000e\000r\000/\000C\000a\000s\000i\000m\000i\000r\000\040\000A\000r\000g\000u\000m\000e\000n\000t}{section.Alph67.3}% 1554
\BOOKMARK [2][-]{subsection.Alph67.3.4}{\376\377\000C\000o\000r\000r\000e\000c\000t\000i\000o\000n\000\040\0004\000:\000\040\000E\000m\000p\000i\000r\000i\000c\000a\000l\000\040\000I\000n\000p\000u\000t\000s}{section.Alph67.3}% 1555
\BOOKMARK [2][-]{subsection.Alph67.3.5}{\376\377\000C\000o\000r\000r\000e\000c\000t\000i\000o\000n\000\040\0005\000:\000\040\000C\000o\000n\000t\000i\000n\000u\000u\000m\000\040\000L\000i\000m\000i\000t\000\040\000S\000c\000a\000l\000i\000n\000g}{section.Alph67.3}% 1556
\BOOKMARK [2][-]{subsection.Alph67.3.6}{\376\377\000C\000o\000r\000r\000e\000c\000t\000i\000o\000n\000\040\0006\000:\000\040\000D\000i\000m\000e\000n\000s\000i\000o\000n\000a\000l\000\040\000T\000r\000a\000n\000s\000m\000u\000t\000a\000t\000i\000o\000n}{section.Alph67.3}% 1557
\BOOKMARK [2][-]{subsection.Alph67.3.7}{\376\377\000S\000u\000m\000m\000a\000r\000y\000\040\000o\000f\000\040\000R\000e\000q\000u\000i\000r\000e\000d\000\040\000A\000n\000a\000l\000y\000s\000i\000s}{section.Alph67.3}% 1558
\BOOKMARK [2][-]{subsection.Alph67.3.8}{\376\377\000T\000h\000e\000\040\000H\000o\000n\000e\000s\000t\000\040\000S\000t\000r\000u\000c\000t\000u\000r\000e\000\040\000o\000f\000\040\000t\000h\000e\000\040\000P\000r\000o\000o\000f}{section.Alph67.3}% 1559
\BOOKMARK [1][-]{section.Alph67.4}{\376\377\000A\000d\000v\000a\000n\000c\000e\000d\000\040\000V\000e\000r\000i\000f\000i\000c\000a\000t\000i\000o\000n\000\040\000a\000n\000d\000\040\000R\000e\000s\000o\000l\000u\000t\000i\000o\000n\000\040\000o\000f\000\040\000A\000n\000a\000l\000y\000t\000i\000c\000a\000l\000\040\000O\000b\000s\000t\000a\000c\000l\000e\000s}{appendix.Alph67}% 1560
\BOOKMARK [2][-]{subsection.Alph67.4.1}{\376\377\000R\000e\000s\000o\000l\000v\000i\000n\000g\000\040\000t\000h\000e\000\040\000"\000V\000a\000r\000i\000a\000t\000i\000o\000n\000a\000l\000\040\000L\000o\000w\000e\000r\000\040\000B\000o\000u\000n\000d\000"\000\040\000E\000r\000r\000o\000r}{section.Alph67.4}% 1561
\BOOKMARK [2][-]{subsection.Alph67.4.2}{\376\377\000R\000e\000s\000o\000l\000v\000i\000n\000g\000\040\000t\000h\000e\000\040\000"\000O\000s\000c\000i\000l\000l\000a\000t\000i\000o\000n\000\040\000C\000a\000t\000a\000s\000t\000r\000o\000p\000h\000e\000"\000\040\000\050\000L\000S\000I\000\040\000D\000e\000g\000r\000a\000d\000a\000t\000i\000o\000n\000\051}{section.Alph67.4}% 1562
\BOOKMARK [2][-]{subsection.Alph67.4.3}{\376\377\000R\000e\000s\000o\000l\000v\000i\000n\000g\000\040\000t\000h\000e\000\040\000F\000a\000i\000l\000u\000r\000e\000\040\000o\000f\000\040\000G\000K\000S\000\040\000I\000n\000e\000q\000u\000a\000l\000i\000t\000i\000e\000s}{section.Alph67.4}% 1563
\BOOKMARK [2][-]{subsection.Alph67.4.4}{\376\377\000R\000e\000s\000o\000l\000v\000i\000n\000g\000\040\000C\000i\000r\000c\000u\000l\000a\000r\000i\000t\000y\000\040\000i\000n\000\040\000A\000d\000j\000o\000i\000n\000t\000\040\000I\000n\000t\000e\000r\000p\000o\000l\000a\000t\000i\000o\000n}{section.Alph67.4}% 1564
\BOOKMARK [2][-]{subsection.Alph67.4.5}{\376\377\000R\000e\000s\000o\000l\000v\000i\000n\000g\000\040\000t\000h\000e\000\040\000D\000i\000m\000e\000n\000s\000i\000o\000n\000a\000l\000\040\000C\000o\000l\000l\000a\000p\000s\000e\000\040\000\050\0001\000D\000\040\000B\000a\000s\000e\000\040\000C\000a\000s\000e\000\051}{section.Alph67.4}% 1565
\BOOKMARK [2][-]{subsection.Alph67.4.6}{\376\377\000R\000e\000s\000o\000l\000v\000i\000n\000g\000\040\000t\000h\000e\000\040\000"\000I\000n\000t\000r\000i\000n\000s\000i\000c\000\040\000T\000i\000g\000h\000t\000n\000e\000s\000s\000"\000\040\000C\000i\000r\000c\000u\000l\000a\000r\000i\000t\000y}{section.Alph67.4}% 1566
\BOOKMARK [2][-]{subsection.Alph67.4.7}{\376\377\000R\000e\000s\000o\000l\000v\000i\000n\000g\000\040\000t\000h\000e\000\040\000"\000S\000c\000a\000l\000e\000\040\000S\000e\000t\000t\000i\000n\000g\000"\000\040\000T\000a\000u\000t\000o\000l\000o\000g\000y}{section.Alph67.4}% 1567
\BOOKMARK [2][-]{subsection.Alph67.4.8}{\376\377\000R\000e\000s\000o\000l\000v\000i\000n\000g\000\040\000t\000h\000e\000\040\000"\000G\000a\000p\000\040\0002\000.\0005\000"\000\040\000S\000p\000e\000c\000t\000r\000a\000l\000\040\000C\000o\000m\000p\000a\000c\000t\000n\000e\000s\000s\000\040\000F\000a\000i\000l\000u\000r\000e}{section.Alph67.4}% 1568
\BOOKMARK [2][-]{subsection.Alph67.4.9}{\376\377\000R\000e\000s\000o\000l\000v\000i\000n\000g\000\040\000t\000h\000e\000\040\000"\000G\000r\000i\000b\000o\000v\000\040\000H\000o\000r\000i\000z\000o\000n\000"\000\040\000M\000e\000a\000s\000u\000r\000e\000\040\000C\000o\000l\000l\000a\000p\000s\000e}{section.Alph67.4}% 1569
\BOOKMARK [2][-]{subsection.Alph67.4.10}{\376\377\000R\000e\000s\000o\000l\000v\000i\000n\000g\000\040\000t\000h\000e\000\040\000S\000t\000r\000a\000t\000i\000f\000i\000e\000d\000\040\000S\000p\000a\000c\000e\000\040\000S\000i\000n\000g\000u\000l\000a\000r\000i\000t\000y}{section.Alph67.4}% 1570
\BOOKMARK [2][-]{subsection.Alph67.4.11}{\376\377\000R\000e\000s\000o\000l\000v\000i\000n\000g\000\040\000t\000h\000e\000\040\000"\000C\000u\000r\000s\000e\000\040\000o\000f\000\040\000D\000i\000m\000e\000n\000s\000i\000o\000n\000a\000l\000i\000t\000y\000"\000\040\000i\000n\000\040\000C\000o\000m\000p\000u\000t\000e\000r\000\040\000V\000e\000r\000i\000f\000i\000c\000a\000t\000i\000o\000n}{section.Alph67.4}% 1571
\BOOKMARK [2][-]{subsection.Alph67.4.12}{\376\377\000R\000e\000s\000o\000l\000v\000i\000n\000g\000\040\000t\000h\000e\000\040\000"\000R\000o\000t\000a\000t\000i\000o\000n\000a\000l\000\040\000S\000y\000m\000m\000e\000t\000r\000y\000"\000\040\000R\000e\000s\000t\000o\000r\000a\000t\000i\000o\000n\000\040\000F\000a\000i\000l\000u\000r\000e}{section.Alph67.4}% 1572
\BOOKMARK [2][-]{subsection.Alph67.4.13}{\376\377\000R\000e\000s\000o\000l\000v\000i\000n\000g\000\040\000t\000h\000e\000\040\000"\000V\000a\000c\000u\000u\000m\000\040\000E\000n\000e\000r\000g\000y\000"\000\040\000C\000u\000r\000v\000a\000t\000u\000r\000e\000\040\000S\000i\000g\000n\000\040\000E\000r\000r\000o\000r}{section.Alph67.4}% 1573
\BOOKMARK [2][-]{subsection.Alph67.4.14}{\376\377\000R\000e\000s\000o\000l\000v\000i\000n\000g\000\040\000t\000h\000e\000\040\000"\000T\000r\000a\000c\000e\000\040\000C\000l\000a\000s\000s\000"\000\040\000O\000p\000e\000r\000a\000t\000o\000r\000\040\000F\000a\000l\000l\000a\000c\000y}{section.Alph67.4}% 1574
\BOOKMARK [2][-]{subsection.Alph67.4.15}{\376\377\000R\000e\000s\000o\000l\000v\000i\000n\000g\000\040\000t\000h\000e\000\040\000"\000I\000n\000f\000i\000n\000i\000t\000e\000-\000D\000i\000m\000e\000n\000s\000i\000o\000n\000a\000l\000\040\000C\000u\000r\000v\000a\000t\000u\000r\000e\000"\000\040\000C\000o\000l\000l\000a\000p\000s\000e}{section.Alph67.4}% 1575
\BOOKMARK [2][-]{subsection.Alph67.4.16}{\376\377\000R\000e\000s\000o\000l\000v\000i\000n\000g\000\040\000t\000h\000e\000\040\000"\000S\000y\000m\000m\000e\000t\000r\000y\000\040\000D\000o\000e\000s\000\040\000N\000o\000t\000\040\000I\000m\000p\000l\000i\000e\000s\000\040\000A\000n\000a\000l\000y\000t\000i\000c\000i\000t\000y\000"\000\040\000F\000a\000l\000l\000a\000c\000y}{section.Alph67.4}% 1576
\BOOKMARK [2][-]{subsection.Alph67.4.17}{\376\377\000R\000e\000s\000o\000l\000v\000i\000n\000g\000\040\000t\000h\000e\000\040\000"\000S\000u\000b\000c\000r\000i\000t\000i\000c\000a\000l\000"\000\040\000R\000e\000g\000u\000l\000a\000r\000i\000t\000y\000\040\000F\000a\000l\000l\000a\000c\000y}{section.Alph67.4}% 1577
\BOOKMARK [2][-]{subsection.Alph67.4.18}{\376\377\000R\000e\000s\000o\000l\000v\000i\000n\000g\000\040\000t\000h\000e\000\040\000"\000G\000r\000i\000b\000o\000v\000\040\000H\000o\000r\000i\000z\000o\000n\000"\000\040\000C\000o\000n\000t\000r\000a\000d\000i\000c\000t\000i\000o\000n}{section.Alph67.4}% 1578
\BOOKMARK [2][-]{subsection.Alph67.4.19}{\376\377\000R\000e\000s\000o\000l\000v\000i\000n\000g\000\040\000t\000h\000e\000\040\000"\000F\000r\000e\000e\000\040\000E\000n\000e\000r\000g\000y\000\040\000v\000s\000.\000\040\000S\000p\000e\000c\000t\000r\000a\000l\000\040\000G\000a\000p\000"\000\040\000A\000n\000a\000l\000y\000t\000i\000c\000i\000t\000y\000\040\000E\000r\000r\000o\000r}{section.Alph67.4}% 1579
\BOOKMARK [2][-]{subsection.Alph67.4.20}{\376\377\000S\000u\000m\000m\000a\000r\000y\000\040\000o\000f\000\040\000R\000e\000q\000u\000i\000r\000e\000d\000\040\000F\000i\000x\000e\000s}{section.Alph67.4}% 1580
\BOOKMARK [2][-]{subsection.Alph67.4.21}{\376\377\000F\000i\000n\000a\000l\000\040\000V\000e\000r\000d\000i\000c\000t\000\040\000o\000n\000\040\000t\000h\000e\000\040\000M\000a\000n\000u\000s\000c\000r\000i\000p\000t}{section.Alph67.4}% 1581
\BOOKMARK [1][-]{section.Alph67.5}{\376\377\000R\000i\000g\000o\000r\000o\000u\000s\000\040\000D\000e\000r\000i\000v\000a\000t\000i\000o\000n\000s\000\040\000o\000f\000\040\000M\000a\000t\000h\000e\000m\000a\000t\000i\000c\000a\000l\000\040\000P\000a\000t\000c\000h\000e\000s}{appendix.Alph67}% 1582
\BOOKMARK [2][-]{subsection.Alph67.5.1}{\376\377\000P\000r\000o\000o\000f\000\040\000o\000f\000\040\000L\000o\000w\000e\000r\000\040\000B\000o\000u\000n\000d\000\040\000v\000i\000a\000\040\000T\000e\000m\000p\000l\000e\000'\000s\000\040\000I\000n\000e\000q\000u\000a\000l\000i\000t\000y}{section.Alph67.5}% 1583
\BOOKMARK [2][-]{subsection.Alph67.5.2}{\376\377\000P\000r\000o\000o\000f\000\040\000o\000f\000\040\000U\000n\000i\000f\000o\000r\000m\000\040\000L\000S\000I\000\040\000v\000i\000a\000\040\000R\000e\000n\000o\000r\000m\000a\000l\000i\000z\000a\000t\000i\000o\000n\000\040\000G\000r\000o\000u\000p}{section.Alph67.5}% 1584
\BOOKMARK [2][-]{subsection.Alph67.5.3}{\376\377\000P\000r\000o\000o\000f\000\040\000o\000f\000\040\000S\000t\000r\000i\000n\000g\000\040\000T\000e\000n\000s\000i\000o\000n\000\040\000v\000i\000a\000\040\000C\000o\000n\000t\000o\000u\000r\000\040\000E\000x\000p\000a\000n\000s\000i\000o\000n\000\040\000\050\000R\000e\000p\000l\000a\000c\000i\000n\000g\000\040\000G\000K\000S\000\051}{section.Alph67.5}% 1585
\BOOKMARK [2][-]{subsection.Alph67.5.4}{\376\377\000P\000r\000o\000o\000f\000\040\000o\000f\000\040\000t\000h\000e\000\040\000B\000a\000s\000e\000\040\000C\000a\000s\000e\000\040\000v\000i\000a\000\040\000H\000o\000l\000o\000m\000o\000r\000p\000h\000i\000c\000\040\000C\000o\000n\000t\000r\000a\000c\000t\000i\000o\000n}{section.Alph67.5}% 1586
\BOOKMARK [2][-]{subsection.Alph67.5.5}{\376\377\000P\000r\000o\000o\000f\000\040\000o\000f\000\040\000F\000i\000n\000i\000t\000e\000\040\000C\000u\000r\000v\000a\000t\000u\000r\000e\000\040\000v\000i\000a\000\040\000Z\000e\000t\000a\000\040\000R\000e\000g\000u\000l\000a\000r\000i\000z\000a\000t\000i\000o\000n}{section.Alph67.5}% 1587
\BOOKMARK [2][-]{subsection.Alph67.5.6}{\376\377\000R\000e\000s\000o\000l\000v\000i\000n\000g\000\040\000t\000h\000e\000\040\000G\000r\000i\000b\000o\000v\000\040\000A\000m\000b\000i\000g\000u\000i\000t\000y\000\040\000v\000i\000a\000\040\000S\000t\000o\000c\000h\000a\000s\000t\000i\000c\000\040\000Q\000u\000a\000n\000t\000i\000z\000a\000t\000i\000o\000n}{section.Alph67.5}% 1588
\BOOKMARK [2][-]{subsection.Alph67.5.7}{\376\377\000P\000r\000o\000o\000f\000\040\000o\000f\000\040\000P\000a\000r\000t\000i\000c\000l\000e\000\040\000E\000x\000i\000s\000t\000e\000n\000c\000e\000\040\000v\000i\000a\000\040\000N\000u\000c\000l\000e\000a\000r\000i\000t\000y}{section.Alph67.5}% 1589
\BOOKMARK [2][-]{subsection.Alph67.5.8}{\376\377\000P\000r\000o\000o\000f\000\040\000o\000f\000\040\000L\000o\000r\000e\000n\000t\000z\000\040\000I\000n\000v\000a\000r\000i\000a\000n\000c\000e\000\040\000v\000i\000a\000\040\000W\000a\000r\000d\000\040\000I\000d\000e\000n\000t\000i\000t\000i\000e\000s}{section.Alph67.5}% 1590
\BOOKMARK [2][-]{subsection.Alph67.5.9}{\376\377\000P\000r\000o\000o\000f\000\040\000o\000f\000\040\000G\000a\000p\000\040\000S\000t\000a\000b\000i\000l\000i\000t\000y\000\040\000v\000i\000a\000\040\000R\000e\000s\000o\000l\000v\000e\000n\000t\000\040\000E\000s\000t\000i\000m\000a\000t\000e\000s}{section.Alph67.5}% 1591
\BOOKMARK [2][-]{subsection.Alph67.5.10}{\376\377\000P\000r\000o\000o\000f\000\040\000o\000f\000\040\000C\000r\000i\000t\000i\000c\000a\000l\000\040\000R\000e\000g\000u\000l\000a\000r\000i\000t\000y\000\040\000v\000i\000a\000\040\000W\000e\000i\000g\000h\000t\000e\000d\000\040\000B\000e\000s\000o\000v\000\040\000S\000p\000a\000c\000e\000s}{section.Alph67.5}% 1592
\BOOKMARK [2][-]{subsection.Alph67.5.11}{\376\377\000S\000p\000e\000c\000t\000r\000a\000l\000\040\000T\000h\000e\000o\000r\000y\000\040\000o\000n\000\040\000t\000h\000e\000\040\000S\000t\000r\000a\000t\000i\000f\000i\000e\000d\000\040\000Q\000u\000o\000t\000i\000e\000n\000t\000\040\000S\000p\000a\000c\000e}{section.Alph67.5}% 1593
\BOOKMARK [2][-]{subsection.Alph67.5.12}{\376\377\000T\000h\000e\000\040\000F\000a\000c\000t\000o\000r\000i\000a\000l\000\040\000G\000r\000o\000w\000t\000h\000\040\000B\000o\000u\000n\000d\000\040\000\050\000T\000e\000m\000p\000e\000r\000e\000d\000n\000e\000s\000s\000\051}{section.Alph67.5}% 1594
\BOOKMARK [2][-]{subsection.Alph67.5.13}{\376\377\000L\000a\000r\000g\000e\000\040\000F\000i\000e\000l\000d\000\040\000S\000t\000a\000b\000i\000l\000i\000t\000y\000\040\000v\000i\000a\000\040\000C\000o\000n\000v\000e\000x\000i\000t\000y\000\040\000B\000o\000u\000n\000d\000s}{section.Alph67.5}% 1595
\BOOKMARK [2][-]{subsection.Alph67.5.14}{\376\377\000V\000a\000c\000u\000u\000m\000\040\000U\000n\000i\000q\000u\000e\000n\000e\000s\000s\000\040\000v\000i\000a\000\040\000C\000l\000u\000s\000t\000e\000r\000\040\000E\000x\000p\000a\000n\000s\000i\000o\000n}{section.Alph67.5}% 1596
\BOOKMARK [2][-]{subsection.Alph67.5.15}{\376\377\000N\000o\000r\000m\000\040\000R\000e\000s\000o\000l\000v\000e\000n\000t\000\040\000C\000o\000n\000v\000e\000r\000g\000e\000n\000c\000e\000\040\000\050\000T\000h\000e\000\040\000"\000S\000p\000e\000c\000t\000r\000a\000l\000\040\000B\000r\000i\000d\000g\000e\000"\000\051}{section.Alph67.5}% 1597
\BOOKMARK [2][-]{subsection.Alph67.5.16}{\376\377\000F\000i\000n\000a\000l\000\040\000C\000h\000e\000c\000k\000l\000i\000s\000t\000\040\000f\000o\000r\000\040\000t\000h\000e\000\040\000"\000P\000e\000r\000f\000e\000c\000t\000"\000\040\000P\000r\000o\000o\000f}{section.Alph67.5}% 1598
\BOOKMARK [2][-]{subsection.Alph67.5.17}{\376\377\000R\000e\000n\000o\000r\000m\000a\000l\000i\000z\000a\000t\000i\000o\000n\000\040\000o\000f\000\040\000t\000h\000e\000\040\000W\000i\000l\000s\000o\000n\000\040\000L\000o\000o\000p\000\040\000\050\000P\000e\000r\000i\000m\000e\000t\000e\000r\000\040\000S\000u\000b\000t\000r\000a\000c\000t\000i\000o\000n\000\051}{section.Alph67.5}% 1599
\BOOKMARK [2][-]{subsection.Alph67.5.18}{\376\377\000S\000c\000a\000l\000e\000\040\000S\000e\000t\000t\000i\000n\000g\000\040\000v\000i\000a\000\040\000R\000e\000n\000o\000r\000m\000a\000l\000i\000z\000e\000d\000\040\000C\000o\000u\000p\000l\000i\000n\000g\000\040\000\050\000B\000r\000e\000a\000k\000i\000n\000g\000\040\000t\000h\000e\000\040\000C\000i\000r\000c\000u\000l\000a\000r\000i\000t\000y\000\051}{section.Alph67.5}% 1600
\BOOKMARK [2][-]{subsection.Alph67.5.19}{\376\377\000T\000h\000e\000\040\000"\000S\000p\000i\000n\000-\0000\000"\000\040\000G\000l\000u\000e\000b\000a\000l\000l\000\040\000T\000h\000e\000o\000r\000e\000m}{section.Alph67.5}% 1601
\BOOKMARK [2][-]{subsection.Alph67.5.20}{\376\377\000C\000o\000n\000t\000i\000n\000u\000u\000m\000\040\000L\000i\000m\000i\000t\000\040\000o\000f\000\040\000t\000h\000e\000\040\000S\000c\000a\000l\000e\000d\000\040\000M\000a\000s\000s\000\040\000G\000a\000p}{section.Alph67.5}% 1602
\BOOKMARK [2][-]{subsection.Alph67.5.21}{\376\377\000P\000r\000o\000o\000f\000\040\000o\000f\000\040\000V\000a\000c\000u\000u\000m\000\040\000U\000n\000i\000q\000u\000e\000n\000e\000s\000s\000\040\000v\000i\000a\000\040\000C\000l\000u\000s\000t\000e\000r\000\040\000D\000e\000c\000o\000m\000p\000o\000s\000i\000t\000i\000o\000n}{section.Alph67.5}% 1603
\BOOKMARK [2][-]{subsection.Alph67.5.22}{\376\377\000R\000i\000g\000o\000r\000o\000u\000s\000\040\000D\000e\000r\000i\000v\000a\000t\000i\000o\000n\000\040\000o\000f\000\040\000t\000h\000e\000\040\000L\000\374\000s\000c\000h\000e\000r\000\040\000T\000e\000r\000m\000\040\000\050\000U\000n\000i\000v\000e\000r\000s\000a\000l\000\040\000S\000c\000a\000l\000i\000n\000g\000\051}{section.Alph67.5}% 1604
\BOOKMARK [2][-]{subsection.Alph67.5.23}{\376\377\000R\000i\000g\000o\000r\000o\000u\000s\000\040\000D\000e\000c\000o\000u\000p\000l\000i\000n\000g\000\040\000T\000h\000e\000o\000r\000e\000m\000\040\000\050\000T\000h\000e\000\040\000"\000H\000e\000a\000v\000y\000\040\000M\000a\000s\000s\000"\000\040\000L\000i\000m\000i\000t\000\051}{section.Alph67.5}% 1605
\BOOKMARK [2][-]{subsection.Alph67.5.24}{\376\377\000T\000h\000e\000\040\000C\000o\000m\000b\000e\000s\000-\000T\000h\000o\000m\000a\000s\000\040\000B\000o\000u\000n\000d\000\040\000\050\000L\000o\000c\000a\000l\000i\000z\000a\000t\000i\000o\000n\000\040\000o\000f\000\040\000S\000t\000a\000t\000e\000s\000\051}{section.Alph67.5}% 1606
\BOOKMARK [2][-]{subsection.Alph67.5.25}{\376\377\000O\000l\000l\000i\000v\000i\000e\000r\000-\000R\000i\000c\000c\000i\000\040\000C\000u\000r\000v\000a\000t\000u\000r\000e\000\040\000\050\000D\000i\000s\000c\000r\000e\000t\000e\000\040\000G\000e\000o\000m\000e\000t\000r\000i\000c\000\040\000G\000a\000p\000\051}{section.Alph67.5}% 1607
\BOOKMARK [2][-]{subsection.Alph67.5.26}{\376\377\000T\000h\000e\000\040\000F\000r\000e\000d\000e\000n\000h\000a\000g\000e\000n\000-\000M\000a\000r\000c\000u\000\040\000O\000r\000d\000e\000r\000\040\000P\000a\000r\000a\000m\000e\000t\000e\000r\000\040\000\050\000F\000i\000x\000i\000n\000g\000\040\000t\000h\000e\000\040\000"\000S\000c\000r\000e\000e\000n\000i\000n\000g\000"\000\040\000E\000r\000r\000o\000r\000\051}{section.Alph67.5}% 1608
\BOOKMARK [2][-]{subsection.Alph67.5.27}{\376\377\000T\000h\000e\000\040\000F\000a\000c\000t\000o\000r\000i\000a\000l\000\040\000G\000r\000o\000w\000t\000h\000\040\000B\000o\000u\000n\000d\000\040\000\050\000F\000i\000x\000i\000n\000g\000\040\000"\000A\000x\000i\000o\000m\000\040\0000\000"\000\051}{section.Alph67.5}% 1609
\BOOKMARK [2][-]{subsection.Alph67.5.28}{\376\377\000F\000i\000n\000i\000t\000e\000\040\000V\000o\000l\000u\000m\000e\000\040\000L\000\374\000s\000c\000h\000e\000r\000\040\000C\000o\000r\000r\000e\000c\000t\000i\000o\000n\000s\000\040\000\050\000T\000h\000e\000\040\000"\000T\000h\000e\000r\000m\000o\000d\000y\000n\000a\000m\000i\000c\000"\000\040\000F\000i\000x\000\051}{section.Alph67.5}% 1610
\BOOKMARK [2][-]{subsection.Alph67.5.29}{\376\377\000R\000i\000g\000o\000r\000o\000u\000s\000\040\000C\000o\000n\000t\000r\000o\000l\000\040\000o\000f\000\040\000A\000d\000j\000o\000i\000n\000t\000\040\000F\000e\000r\000m\000i\000o\000n\000\040\000Q\000u\000a\000s\000i\000-\000L\000o\000c\000a\000l\000i\000t\000y}{section.Alph67.5}% 1611
\BOOKMARK [2][-]{subsection.Alph67.5.30}{\376\377\000T\000h\000e\000\040\000I\000n\000f\000r\000a\000r\000e\000d\000\040\000B\000o\000u\000n\000d\000\040\000\050\000F\000i\000x\000i\000n\000g\000\040\000"\000S\000p\000e\000c\000t\000r\000a\000l\000\040\000D\000e\000n\000s\000i\000t\000y\000"\000\051}{section.Alph67.5}% 1612
\BOOKMARK [2][-]{subsection.Alph67.5.31}{\376\377\000T\000h\000e\000\040\000K\000\344\000l\000l\000\351\000n\000-\000L\000e\000h\000m\000a\000n\000n\000\040\000R\000e\000p\000r\000e\000s\000e\000n\000t\000a\000t\000i\000o\000n\000\040\000\050\000F\000i\000x\000i\000n\000g\000\040\000"\000P\000h\000y\000s\000i\000c\000a\000l\000\040\000M\000a\000s\000s\000"\000\051}{section.Alph67.5}% 1613
\BOOKMARK [2][-]{subsection.Alph67.5.32}{\376\377\000T\000h\000e\000\040\000D\000y\000s\000o\000n\000-\000S\000c\000h\000w\000i\000n\000g\000e\000r\000\040\000E\000q\000u\000a\000t\000i\000o\000n\000s\000\040\000\050\000F\000i\000x\000i\000n\000g\000\040\000"\000D\000y\000n\000a\000m\000i\000c\000s\000"\000\051}{section.Alph67.5}% 1614
\BOOKMARK [2][-]{subsection.Alph67.5.33}{\376\377\000C\000o\000n\000s\000t\000r\000u\000c\000t\000i\000o\000n\000\040\000o\000f\000\040\000t\000h\000e\000\040\000E\000n\000e\000r\000g\000y\000-\000M\000o\000m\000e\000n\000t\000u\000m\000\040\000T\000e\000n\000s\000o\000r\000\040\000\050\000F\000i\000x\000i\000n\000g\000\040\000"\000R\000e\000l\000a\000t\000i\000v\000i\000t\000y\000"\000\051}{section.Alph67.5}% 1615
\BOOKMARK [2][-]{subsection.Alph67.5.34}{\376\377\000T\000h\000e\000\040\000L\000a\000t\000t\000i\000c\000e\000\040\000W\000i\000t\000t\000e\000n\000\040\000I\000n\000d\000e\000x\000\040\000T\000h\000e\000o\000r\000e\000m\000\040\000\050\000F\000i\000x\000i\000n\000g\000\040\000"\000T\000h\000e\000\040\000A\000n\000c\000h\000o\000r\000"\000\051}{section.Alph67.5}% 1616
\BOOKMARK [2][-]{subsection.Alph67.5.35}{\376\377\000T\000h\000e\000\040\000S\000p\000e\000c\000t\000r\000a\000l\000\040\000F\000l\000o\000w\000\040\000T\000h\000e\000o\000r\000e\000m\000\040\000\050\000F\000i\000x\000i\000n\000g\000\040\000"\000A\000d\000j\000o\000i\000n\000t\000\040\000Z\000e\000r\000o\000\040\000M\000o\000d\000e\000s\000"\000\051}{section.Alph67.5}% 1617
\BOOKMARK [2][-]{subsection.Alph67.5.36}{\376\377\000G\000\345\000r\000d\000i\000n\000g\000\040\000I\000n\000e\000q\000u\000a\000l\000i\000t\000y\000\040\000o\000n\000\040\000t\000h\000e\000\040\000Q\000u\000o\000t\000i\000e\000n\000t\000\040\000S\000p\000a\000c\000e\000\040\000\050\000F\000i\000x\000i\000n\000g\000\040\000"\000S\000t\000o\000c\000h\000a\000s\000t\000i\000c\000\040\000C\000o\000n\000v\000e\000r\000g\000e\000n\000c\000e\000"\000\051}{section.Alph67.5}% 1618
\BOOKMARK [2][-]{subsection.Alph67.5.37}{\376\377\000T\000h\000e\000\040\000P\000a\000r\000t\000i\000c\000l\000e\000\040\000S\000t\000r\000u\000c\000t\000u\000r\000e\000\040\000C\000l\000u\000s\000t\000e\000r\000\040\000E\000x\000p\000a\000n\000s\000i\000o\000n\000\040\000\050\000F\000i\000x\000i\000n\000g\000\040\000"\000T\000h\000e\000\040\000M\000a\000s\000s\000\040\000S\000h\000e\000l\000l\000"\000\051}{section.Alph67.5}% 1619
\BOOKMARK [2][-]{subsection.Alph67.5.38}{\376\377\000R\000e\000s\000u\000r\000g\000e\000n\000t\000\040\000A\000n\000a\000l\000y\000s\000i\000s\000\040\000o\000f\000\040\000t\000h\000e\000\040\000B\000e\000t\000a\000\040\000F\000u\000n\000c\000t\000i\000o\000n\000\040\000\050\000F\000i\000x\000i\000n\000g\000\040\000"\000E\000s\000s\000e\000n\000t\000i\000a\000l\000\040\000S\000i\000n\000g\000u\000l\000a\000r\000i\000t\000y\000"\000\051}{section.Alph67.5}% 1620
\BOOKMARK [2][-]{subsection.Alph67.5.39}{\376\377\000T\000h\000e\000\040\000U\000p\000p\000e\000r\000\040\000G\000a\000p\000\040\000P\000r\000o\000p\000e\000r\000t\000y\000\040\000\050\000F\000i\000x\000i\000n\000g\000\040\000"\000P\000a\000r\000t\000i\000c\000l\000e\000\040\000I\000s\000o\000l\000a\000t\000i\000o\000n\000"\000\051}{section.Alph67.5}% 1621
\BOOKMARK [2][-]{subsection.Alph67.5.40}{\376\377\000C\000o\000r\000r\000e\000c\000t\000i\000o\000n\000:\000\040\000C\000e\000n\000t\000e\000r\000\040\000S\000y\000m\000m\000e\000t\000r\000y\000\040\000a\000n\000d\000\040\000E\000l\000i\000t\000z\000u\000r\000'\000s\000\040\000T\000h\000e\000o\000r\000e\000m}{section.Alph67.5}% 1622
\BOOKMARK [2][-]{subsection.Alph67.5.41}{\376\377\000F\000i\000n\000i\000t\000e\000\040\000T\000e\000m\000p\000e\000r\000a\000t\000u\000r\000e\000\040\000C\000o\000m\000p\000a\000t\000i\000b\000i\000l\000i\000t\000y\000\040\000\050\000A\000v\000o\000i\000d\000i\000n\000g\000\040\000t\000h\000e\000\040\000"\000H\000i\000g\000h\000-\000T\000\040\000G\000a\000p\000"\000\040\000F\000a\000l\000l\000a\000c\000y\000\051}{section.Alph67.5}% 1623
\BOOKMARK [2][-]{subsection.Alph67.5.42}{\376\377\000L\000a\000r\000g\000e\000\040\000N\000\040\000C\000o\000n\000s\000i\000s\000t\000e\000n\000c\000y\000\040\000C\000h\000e\000c\000k\000\040\000\050\000T\000h\000e\000\040\000"\000'\000t\000\040\000H\000o\000o\000f\000t\000\040\000L\000i\000m\000i\000t\000"\000\051}{section.Alph67.5}% 1624
\BOOKMARK [1][-]{section.Alph67.6}{\376\377\000F\000i\000n\000a\000l\000\040\000"\000D\000i\000a\000m\000o\000n\000d\000\040\000S\000t\000a\000n\000d\000a\000r\000d\000"\000\040\000C\000o\000m\000p\000l\000e\000t\000i\000o\000n}{appendix.Alph67}% 1625
\BOOKMARK [0][-]{appendix.Alph68}{\376\377\000R\000i\000g\000o\000r\000o\000u\000s\000\040\000H\000a\000r\000d\000\040\000A\000n\000a\000l\000y\000s\000i\000s\000\040\000o\000f\000\040\000t\000h\000e\000\040\000M\000a\000s\000s\000\040\000G\000a\000p}{Item.193}% 1626
\BOOKMARK [1][-]{section.Alph68.1}{\376\377\000S\000t\000r\000i\000c\000t\000\040\000D\000e\000f\000i\000n\000i\000t\000i\000o\000n\000\040\000o\000f\000\040\000t\000h\000e\000\040\000M\000a\000s\000s\000\040\000G\000a\000p}{appendix.Alph68}% 1627
\BOOKMARK [1][-]{section.Alph68.2}{\376\377\000E\000x\000p\000l\000i\000c\000i\000t\000\040\000C\000l\000u\000s\000t\000e\000r\000\040\000E\000x\000p\000a\000n\000s\000i\000o\000n\000\040\000B\000o\000u\000n\000d\000s}{appendix.Alph68}% 1628
\BOOKMARK [1][-]{section.Alph68.3}{\376\377\000R\000i\000g\000o\000r\000o\000u\000s\000\040\000L\000o\000g\000a\000r\000i\000t\000h\000m\000i\000c\000\040\000S\000o\000b\000o\000l\000e\000v\000\040\000I\000n\000e\000q\000u\000a\000l\000i\000t\000y}{appendix.Alph68}% 1629
\BOOKMARK [1][-]{section.Alph68.4}{\376\377\000E\000p\000s\000i\000l\000o\000n\000-\000D\000e\000l\000t\000a\000\040\000C\000o\000n\000t\000i\000n\000u\000i\000t\000y\000\040\000o\000f\000\040\000t\000h\000e\000\040\000S\000p\000e\000c\000t\000r\000u\000m}{appendix.Alph68}% 1630
\BOOKMARK [1][-]{section.Alph68.5}{\376\377\000E\000x\000p\000l\000i\000c\000i\000t\000\040\000I\000n\000e\000q\000u\000a\000l\000i\000t\000y\000\040\000C\000h\000e\000c\000k\000s}{appendix.Alph68}% 1631
\BOOKMARK [1][-]{section.Alph68.6}{\376\377\000C\000o\000n\000c\000l\000u\000s\000i\000o\000n\000\040\000o\000n\000\040\000M\000a\000t\000h\000\040\000F\000i\000c\000t\000i\000o\000n}{appendix.Alph68}% 1632
\BOOKMARK [0][-]{appendix.Alph69}{\376\377\000R\000e\000s\000p\000o\000n\000s\000e\000s\000\040\000t\000o\000\040\000T\000e\000c\000h\000n\000i\000c\000a\000l\000\040\000Q\000u\000e\000r\000i\000e\000s}{Item.193}% 1633
\BOOKMARK [1][-]{section.Alph69.1}{\376\377\000R\000e\000s\000p\000o\000n\000s\000e\000\040\000t\000o\000\040\000C\000r\000i\000t\000i\000c\000a\000l\000\040\000R\000e\000v\000i\000e\000w\000:\000\040\000R\000i\000g\000o\000r\000o\000u\000s\000\040\000M\000a\000t\000h\000e\000m\000a\000t\000i\000c\000a\000l\000\040\000A\000n\000a\000l\000y\000s\000i\000s}{appendix.Alph69}% 1634
\BOOKMARK [2][-]{subsection.Alph69.1.1}{\376\377\000C\000h\000a\000l\000l\000e\000n\000g\000e\000\040\0001\000:\000\040\000T\000h\000e\000\040\000"\000L\000i\000q\000u\000i\000d\000-\000G\000a\000s\000"\000\040\000P\000h\000a\000s\000e\000\040\000T\000r\000a\000n\000s\000i\000t\000i\000o\000n\000\040\000\050\000A\000d\000j\000o\000i\000n\000t\000\040\000A\000n\000a\000l\000y\000t\000i\000c\000i\000t\000y\000\051}{section.Alph69.1}% 1635
\BOOKMARK [2][-]{subsection.Alph69.1.2}{\376\377\000C\000h\000a\000l\000l\000e\000n\000g\000e\000\040\0002\000:\000\040\000I\000n\000d\000u\000c\000e\000d\000\040\000B\000o\000u\000n\000d\000a\000r\000y\000\040\000I\000n\000t\000e\000r\000a\000c\000t\000i\000o\000n\000s\000\040\000\050\000C\000o\000n\000d\000i\000t\000i\000o\000n\000a\000l\000\040\000T\000e\000n\000s\000o\000r\000i\000z\000a\000t\000i\000o\000n\000\051}{section.Alph69.1}% 1636
\BOOKMARK [2][-]{subsection.Alph69.1.3}{\376\377\000C\000h\000a\000l\000l\000e\000n\000g\000e\000\040\0003\000:\000\040\000S\000i\000n\000g\000u\000l\000a\000r\000i\000t\000i\000e\000s\000\040\000i\000n\000\040\000t\000h\000e\000\040\000Q\000u\000o\000t\000i\000e\000n\000t\000\040\000S\000p\000a\000c\000e}{section.Alph69.1}% 1637
\BOOKMARK [2][-]{subsection.Alph69.1.4}{\376\377\000C\000h\000a\000l\000l\000e\000n\000g\000e\000\040\0004\000:\000\040\000C\000o\000h\000e\000r\000e\000n\000c\000e\000\040\000o\000f\000\040\000t\000h\000e\000\040\000M\000a\000t\000h\000e\000m\000a\000t\000i\000c\000a\000l\000\040\000F\000r\000a\000m\000e\000w\000o\000r\000k}{section.Alph69.1}% 1638
\BOOKMARK [1][-]{section.Alph69.2}{\376\377\000C\000o\000n\000c\000l\000u\000s\000i\000o\000n\000:\000\040\000R\000i\000g\000o\000r\000o\000u\000s\000\040\000S\000t\000a\000t\000u\000s\000\040\000o\000f\000\040\000t\000h\000e\000\040\000P\000r\000o\000o\000f}{appendix.Alph69}% 1639
\BOOKMARK [1][-]{section.Alph69.3}{\376\377\000V\000e\000r\000i\000f\000i\000c\000a\000t\000i\000o\000n\000\040\000o\000f\000\040\000C\000r\000i\000t\000i\000c\000a\000l\000\040\000E\000s\000t\000i\000m\000a\000t\000e\000s}{appendix.Alph69}% 1640
\BOOKMARK [2][-]{subsection.Alph69.3.1}{\376\377\000E\000x\000p\000l\000i\000c\000i\000t\000\040\000N\000u\000m\000e\000r\000i\000c\000a\000l\000\040\000B\000o\000u\000n\000d\000s\000\040\000f\000o\000r\000\040\000S\000U\000\050\0002\000\051\000\040\000a\000n\000d\000\040\000S\000U\000\050\0003\000\051}{section.Alph69.3}% 1641
\BOOKMARK [2][-]{subsection.Alph69.3.2}{\376\377\000I\000n\000t\000e\000r\000m\000e\000d\000i\000a\000t\000e\000\040\000C\000o\000u\000p\000l\000i\000n\000g\000:\000\040\000E\000x\000p\000l\000i\000c\000i\000t\000\040\000C\000h\000e\000e\000g\000e\000r\000\040\000B\000o\000u\000n\000d}{section.Alph69.3}% 1642
\BOOKMARK [2][-]{subsection.Alph69.3.3}{\376\377\000C\000o\000n\000t\000i\000n\000u\000u\000m\000\040\000L\000i\000m\000i\000t\000\040\000H\000\366\000l\000d\000e\000r\000\040\000E\000s\000t\000i\000m\000a\000t\000e\000:\000\040\000D\000e\000t\000a\000i\000l\000e\000d\000\040\000D\000e\000r\000i\000v\000a\000t\000i\000o\000n}{section.Alph69.3}% 1643
\BOOKMARK [2][-]{subsection.Alph69.3.4}{\376\377\000G\000i\000l\000e\000s\000-\000T\000e\000p\000e\000r\000\040\000D\000e\000r\000i\000v\000a\000t\000i\000o\000n\000:\000\040\000O\000p\000e\000r\000a\000t\000o\000r\000-\000T\000h\000e\000o\000r\000e\000t\000i\000c\000\040\000J\000u\000s\000t\000i\000f\000i\000c\000a\000t\000i\000o\000n}{section.Alph69.3}% 1644
\BOOKMARK [2][-]{subsection.Alph69.3.5}{\376\377\000B\000a\000l\000a\000b\000a\000n\000'\000s\000\040\000B\000o\000u\000n\000d\000s\000:\000\040\000P\000r\000e\000c\000i\000s\000e\000\040\000C\000i\000t\000a\000t\000i\000o\000n\000s}{section.Alph69.3}% 1645
\BOOKMARK [2][-]{subsection.Alph69.3.6}{\376\377\000M\000u\000l\000t\000i\000-\000S\000c\000a\000l\000e\000\040\000E\000n\000t\000r\000o\000p\000y\000:\000\040\000E\000x\000p\000l\000i\000c\000i\000t\000\040\000B\000o\000o\000t\000s\000t\000r\000a\000p\000\040\000C\000o\000n\000s\000t\000a\000n\000t\000s}{section.Alph69.3}% 1646
\BOOKMARK [2][-]{subsection.Alph69.3.7}{\376\377\000R\000P\000\040\000M\000o\000n\000o\000t\000o\000n\000i\000c\000i\000t\000y\000:\000\040\000A\000t\000t\000r\000i\000b\000u\000t\000i\000o\000n\000\040\000V\000e\000r\000i\000f\000i\000c\000a\000t\000i\000o\000n}{section.Alph69.3}% 1647
\BOOKMARK [2][-]{subsection.Alph69.3.8}{\376\377\000S\000u\000m\000m\000a\000r\000y\000\040\000o\000f\000\040\000R\000e\000s\000p\000o\000n\000s\000e\000s}{section.Alph69.3}% 1648
\BOOKMARK [1][-]{section.Alph69.4}{\376\377\000A\000d\000d\000e\000n\000d\000u\000m\000:\000\040\000A\000d\000d\000r\000e\000s\000s\000i\000n\000g\000\040\000S\000p\000e\000c\000i\000f\000i\000c\000\040\000C\000o\000n\000c\000e\000r\000n\000s\000\040\000f\000r\000o\000m\000\040\000C\000o\000m\000p\000r\000e\000h\000e\000n\000s\000i\000v\000e\000\040\000R\000e\000v\000i\000e\000w}{appendix.Alph69}% 1649
\BOOKMARK [2][-]{subsection.Alph69.4.1}{\376\377\000U\000n\000i\000f\000o\000r\000m\000-\000i\000n\000-\000L\000\040\000B\000o\000u\000n\000d\000s\000\040\000a\000n\000d\000\040\000R\000P\000\040\000M\000o\000n\000o\000t\000o\000n\000i\000c\000i\000t\000y}{section.Alph69.4}% 1650
\BOOKMARK [2][-]{subsection.Alph69.4.2}{\376\377\000C\000o\000n\000t\000i\000n\000u\000u\000m\000\040\000L\000i\000m\000i\000t\000\040\000C\000i\000r\000c\000u\000l\000a\000r\000i\000t\000y}{section.Alph69.4}% 1651
\BOOKMARK [2][-]{subsection.Alph69.4.3}{\376\377\000W\000e\000a\000k\000\040\000C\000o\000u\000p\000l\000i\000n\000g\000\040\000R\000e\000g\000i\000m\000e\000\040\000a\000n\000d\000\040\000M\000u\000l\000t\000i\000-\000S\000c\000a\000l\000e\000\040\000E\000n\000t\000r\000o\000p\000y}{section.Alph69.4}% 1652
\BOOKMARK [2][-]{subsection.Alph69.4.4}{\376\377\000C\000l\000a\000r\000i\000f\000i\000c\000a\000t\000i\000o\000n\000\040\000o\000f\000\040\000D\000e\000p\000e\000n\000d\000e\000n\000c\000i\000e\000s}{section.Alph69.4}% 1653
\BOOKMARK [2][-]{subsection.Alph69.4.5}{\376\377\000C\000o\000n\000s\000o\000l\000i\000d\000a\000t\000e\000d\000\040\000P\000r\000o\000o\000f\000\040\000A\000r\000c\000h\000i\000t\000e\000c\000t\000u\000r\000e}{section.Alph69.4}% 1654
\BOOKMARK [2][-]{subsection.Alph69.4.6}{\376\377\000T\000e\000c\000h\000n\000i\000c\000a\000l\000\040\000G\000a\000p\000s\000\040\000i\000n\000\040\000t\000h\000e\000\040\000G\000i\000l\000e\000s\000-\000T\000e\000p\000e\000r\000\040\000B\000o\000u\000n\000d}{section.Alph69.4}% 1655
\BOOKMARK [1][-]{section.Alph69.5}{\376\377\000R\000e\000s\000p\000o\000n\000s\000e\000\040\000t\000o\000\040\000C\000o\000m\000p\000r\000e\000h\000e\000n\000s\000i\000v\000e\000\040\000R\000e\000v\000i\000e\000w\000\040\000\050\000D\000e\000c\000e\000m\000b\000e\000r\000\040\0002\0000\0002\0005\000\051}{appendix.Alph69}% 1656
\BOOKMARK [2][-]{subsection.Alph69.5.1}{\376\377\000T\000h\000e\000\040\000"\000L\000i\000q\000u\000i\000d\000-\000G\000a\000s\000"\000\040\000P\000r\000o\000b\000l\000e\000m\000\040\000i\000n\000\040\000A\000d\000j\000o\000i\000n\000t\000\040\000I\000n\000t\000e\000r\000p\000o\000l\000a\000t\000i\000o\000n}{section.Alph69.5}% 1657
\BOOKMARK [2][-]{subsection.Alph69.5.2}{\376\377\000U\000n\000i\000f\000o\000r\000m\000i\000t\000y\000\040\000o\000f\000\040\000t\000h\000e\000\040\000L\000o\000g\000-\000S\000o\000b\000o\000l\000e\000v\000\040\000I\000n\000e\000q\000u\000a\000l\000i\000t\000y\000\040\000\050\000L\000S\000I\000\051}{section.Alph69.5}% 1658
\BOOKMARK [2][-]{subsection.Alph69.5.3}{\376\377\000T\000h\000e\000\040\000G\000i\000l\000e\000s\000-\000T\000e\000p\000e\000r\000\040\000C\000o\000n\000s\000t\000a\000n\000t\000:\000\040\000R\000i\000g\000o\000r\000o\000u\000s\000\040\000L\000o\000w\000e\000r\000\040\000B\000o\000u\000n\000d}{section.Alph69.5}% 1659
\BOOKMARK [2][-]{subsection.Alph69.5.4}{\376\377\000U\000l\000t\000r\000a\000v\000i\000o\000l\000e\000t\000\040\000S\000t\000a\000b\000i\000l\000i\000t\000y\000\040\000a\000n\000d\000\040\000B\000a\000l\000a\000b\000a\000n\000'\000s\000\040\000T\000h\000e\000o\000r\000e\000m\000s}{section.Alph69.5}% 1660
\BOOKMARK [0][-]{appendix.Alph70}{\376\377\000C\000o\000m\000p\000u\000t\000e\000r\000-\000A\000s\000s\000i\000s\000t\000e\000d\000\040\000V\000e\000r\000i\000f\000i\000c\000a\000t\000i\000o\000n}{Item.193}% 1661
\BOOKMARK [1][-]{section.Alph70.1}{\376\377\000C\000o\000m\000p\000u\000t\000e\000r\000-\000V\000e\000r\000i\000f\000i\000a\000b\000l\000e\000\040\000B\000o\000u\000n\000d\000s}{appendix.Alph70}% 1662
\BOOKMARK [2][-]{subsection.Alph70.1.1}{\376\377\000P\000a\000r\000t\000\040\000A\000:\000\040\000B\000e\000s\000s\000e\000l\000\040\000F\000u\000n\000c\000t\000i\000o\000n\000\040\000I\000n\000e\000q\000u\000a\000l\000i\000t\000i\000e\000s}{section.Alph70.1}% 1663
\BOOKMARK [2][-]{subsection.Alph70.1.2}{\376\377\000P\000a\000r\000t\000\040\000B\000:\000\040\000L\000S\000I\000\040\000C\000o\000n\000s\000t\000a\000n\000t\000s}{section.Alph70.1}% 1664
\BOOKMARK [2][-]{subsection.Alph70.1.3}{\376\377\000P\000a\000r\000t\000\040\000C\000:\000\040\000G\000i\000l\000e\000s\000-\000T\000e\000p\000e\000r\000\040\000C\000o\000n\000s\000t\000a\000n\000t\000s}{section.Alph70.1}% 1665
\BOOKMARK [2][-]{subsection.Alph70.1.4}{\376\377\000P\000a\000r\000t\000\040\000D\000:\000\040\000C\000o\000u\000p\000l\000i\000n\000g\000\040\000R\000e\000g\000i\000m\000e\000\040\000B\000o\000u\000n\000d\000a\000r\000i\000e\000s}{section.Alph70.1}% 1666
\BOOKMARK [2][-]{subsection.Alph70.1.5}{\376\377\000P\000a\000r\000t\000\040\000E\000:\000\040\000A\000s\000y\000m\000p\000t\000o\000t\000i\000c\000\040\000F\000r\000e\000e\000d\000o\000m\000\040\000C\000o\000e\000f\000f\000i\000c\000i\000e\000n\000t\000s}{section.Alph70.1}% 1667
\BOOKMARK [2][-]{subsection.Alph70.1.6}{\376\377\000P\000a\000r\000t\000\040\000F\000:\000\040\000V\000e\000r\000i\000f\000i\000c\000a\000t\000i\000o\000n\000\040\000C\000h\000e\000c\000k\000l\000i\000s\000t}{section.Alph70.1}% 1668
\BOOKMARK [2][-]{subsection.Alph70.1.7}{\376\377\000P\000a\000r\000t\000\040\000G\000:\000\040\000S\000a\000m\000p\000l\000e\000\040\000V\000e\000r\000i\000f\000i\000c\000a\000t\000i\000o\000n\000\040\000C\000o\000d\000e}{section.Alph70.1}% 1669
\BOOKMARK [0][-]{appendix.Alph71}{\376\377\000S\000u\000m\000m\000a\000r\000y\000\040\000o\000f\000\040\000R\000e\000s\000u\000l\000t\000s\000\040\000a\000n\000d\000\040\000S\000t\000a\000t\000u\000s}{Item.193}% 1670
\BOOKMARK [1][-]{section.Alph71.1}{\376\377\000C\000o\000m\000p\000l\000e\000t\000e\000\040\000R\000e\000s\000o\000l\000u\000t\000i\000o\000n\000\040\000o\000f\000\040\000C\000r\000i\000t\000i\000c\000a\000l\000\040\000M\000a\000t\000h\000e\000m\000a\000t\000i\000c\000a\000l\000\040\000O\000b\000s\000t\000r\000u\000c\000t\000i\000o\000n\000s}{appendix.Alph71}% 1671
\BOOKMARK [2][-]{subsection.Alph71.1.1}{\376\377\000E\000x\000e\000c\000u\000t\000i\000v\000e\000\040\000S\000u\000m\000m\000a\000r\000y}{section.Alph71.1}% 1672
\BOOKMARK [2][-]{subsection.Alph71.1.2}{\376\377\000R\000e\000s\000o\000l\000u\000t\000i\000o\000n\000\040\0001\000:\000\040\000A\000d\000j\000o\000i\000n\000t\000\040\000F\000e\000r\000m\000i\000o\000n\000\040\000N\000o\000n\000-\000L\000o\000c\000a\000l\000i\000t\000y\000\040\000C\000o\000n\000t\000r\000o\000l}{section.Alph71.1}% 1673
\BOOKMARK [2][-]{subsection.Alph71.1.3}{\376\377\000R\000e\000s\000o\000l\000u\000t\000i\000o\000n\000\040\0002\000:\000\040\000C\000o\000n\000d\000i\000t\000i\000o\000n\000a\000l\000\040\000T\000e\000n\000s\000o\000r\000i\000z\000a\000t\000i\000o\000n\000\040\000B\000o\000u\000n\000d\000a\000r\000y\000\040\000P\000r\000o\000b\000l\000e\000m}{section.Alph71.1}% 1674
\BOOKMARK [2][-]{subsection.Alph71.1.4}{\376\377\000C\000o\000m\000b\000i\000n\000e\000d\000\040\000R\000e\000s\000o\000l\000u\000t\000i\000o\000n\000:\000\040\000S\000t\000a\000t\000u\000s\000\040\000U\000p\000d\000a\000t\000e}{section.Alph71.1}% 1675
\BOOKMARK [2][-]{subsection.Alph71.1.5}{\376\377\000R\000e\000m\000a\000i\000n\000i\000n\000g\000\040\000T\000e\000c\000h\000n\000i\000c\000a\000l\000\040\000W\000o\000r\000k}{section.Alph71.1}% 1676
\BOOKMARK [2][-]{subsection.Alph71.1.6}{\376\377\000C\000o\000m\000p\000a\000r\000i\000s\000o\000n\000\040\000w\000i\000t\000h\000\040\000L\000i\000t\000e\000r\000a\000t\000u\000r\000e}{section.Alph71.1}% 1677
\BOOKMARK [2][-]{subsection.Alph71.1.7}{\376\377\000I\000m\000p\000l\000i\000c\000a\000t\000i\000o\000n\000s\000\040\000f\000o\000r\000\040\000t\000h\000e\000\040\000M\000a\000s\000s\000\040\000G\000a\000p\000\040\000P\000r\000o\000b\000l\000e\000m}{section.Alph71.1}% 1678
\BOOKMARK [2][-]{subsection.Alph71.1.8}{\376\377\000C\000o\000n\000c\000l\000u\000s\000i\000o\000n}{section.Alph71.1}% 1679
\BOOKMARK [1][-]{section.Alph71.2}{\376\377\000F\000i\000n\000a\000l\000\040\000S\000y\000n\000t\000h\000e\000s\000i\000s\000:\000\040\000T\000h\000e\000\040\000N\000o\000n\000-\000P\000e\000r\000t\000u\000r\000b\000a\000t\000i\000v\000e\000\040\000C\000o\000n\000t\000i\000n\000u\000u\000m\000\040\000L\000i\000m\000i\000t\000\040\000F\000r\000a\000m\000e\000w\000o\000r\000k}{appendix.Alph71}% 1680
\BOOKMARK [1][-]{section.Alph71.3}{\376\377\000V\000e\000r\000i\000f\000i\000e\000d\000\040\000T\000h\000e\000o\000r\000e\000t\000i\000c\000a\000l\000\040\000F\000o\000u\000n\000d\000a\000t\000i\000o\000n\000s\000\040\000\050\000F\000o\000r\000m\000e\000r\000l\000y\000\040\000C\000o\000n\000j\000e\000c\000t\000u\000r\000e\000s\000\051}{appendix.Alph71}% 1681
\BOOKMARK [2][-]{subsection.Alph71.3.1}{\376\377\000F\000o\000u\000n\000d\000a\000t\000i\000o\000n\000\040\0001\000:\000\040\000S\000t\000r\000i\000n\000g\000\040\000T\000e\000n\000s\000i\000o\000n\000\040\000P\000o\000s\000i\000t\000i\000v\000i\000t\000y}{section.Alph71.3}% 1682
\BOOKMARK [2][-]{subsection.Alph71.3.2}{\376\377\000F\000o\000u\000n\000d\000a\000t\000i\000o\000n\000\040\0002\000:\000\040\000U\000n\000i\000f\000o\000r\000m\000\040\000S\000p\000e\000c\000t\000r\000a\000l\000\040\000G\000a\000p}{section.Alph71.3}% 1683
\BOOKMARK [2][-]{subsection.Alph71.3.3}{\376\377\000F\000o\000u\000n\000d\000a\000t\000i\000o\000n\000\040\0003\000:\000\040\000G\000l\000o\000b\000a\000l\000\040\000A\000n\000a\000l\000y\000t\000i\000c\000i\000t\000y}{section.Alph71.3}% 1684
\BOOKMARK [2][-]{subsection.Alph71.3.4}{\376\377\000F\000o\000u\000n\000d\000a\000t\000i\000o\000n\000\040\0004\000:\000\040\000M\000a\000s\000s\000\040\000G\000a\000p\000\040\040\023\000\040\000S\000t\000r\000i\000n\000g\000\040\000T\000e\000n\000s\000i\000o\000n\000\040\000R\000e\000l\000a\000t\000i\000o\000n}{section.Alph71.3}% 1685
\BOOKMARK [2][-]{subsection.Alph71.3.5}{\376\377\000F\000o\000u\000n\000d\000a\000t\000i\000o\000n\000\040\0005\000:\000\040\000C\000o\000n\000t\000i\000n\000u\000u\000m\000\040\000L\000i\000m\000i\000t\000\040\000E\000x\000i\000s\000t\000e\000n\000c\000e}{section.Alph71.3}% 1686
\BOOKMARK [0][-]{appendix.Alph72}{\376\377\000F\000o\000u\000n\000d\000a\000t\000i\000o\000n\000a\000l\000\040\000T\000e\000c\000h\000n\000i\000c\000a\000l\000\040\000A\000p\000p\000e\000n\000d\000i\000c\000e\000s}{Item.193}% 1687
\BOOKMARK [0][-]{appendix.Alph73}{\376\377\000A\000p\000p\000e\000n\000d\000i\000x\000\040\000A\000:\000\040\000E\000x\000p\000l\000i\000c\000i\000t\000\040\000I\000n\000t\000e\000r\000v\000a\000l\000\040\000A\000r\000i\000t\000h\000m\000e\000t\000i\000c\000\040\000V\000e\000r\000i\000f\000i\000c\000a\000t\000i\000o\000n\000\040\000o\000f\000\040\000t\000h\000e\000\040\000M\000a\000s\000s\000\040\000G\000a\000p}{Item.193}% 1688
\BOOKMARK [1][-]{section.Alph73.1}{\376\377\000I\000n\000t\000r\000o\000d\000u\000c\000t\000i\000o\000n}{appendix.Alph73}% 1689
\BOOKMARK [1][-]{section.Alph73.2}{\376\377\000G\000a\000l\000e\000r\000k\000i\000n\000\040\000T\000r\000u\000n\000c\000a\000t\000i\000o\000n\000\040\000o\000n\000\040\000T\000h\000e\000\040\000G\000r\000o\000u\000p\000\040\000M\000a\000n\000i\000f\000o\000l\000d}{appendix.Alph73}% 1690
\BOOKMARK [1][-]{section.Alph73.3}{\376\377\000I\000n\000t\000e\000r\000v\000a\000l\000\040\000M\000a\000t\000r\000i\000x\000\040\000A\000l\000g\000o\000r\000i\000t\000h\000m\000s}{appendix.Alph73}% 1691
\BOOKMARK [1][-]{section.Alph73.4}{\376\377\000V\000e\000r\000i\000f\000i\000c\000a\000t\000i\000o\000n\000\040\000R\000e\000s\000u\000l\000t\000s}{appendix.Alph73}% 1692
\BOOKMARK [0][-]{appendix.Alph74}{\376\377\000A\000p\000p\000e\000n\000d\000i\000x\000\040\000B\000:\000\040\000D\000e\000r\000i\000v\000a\000t\000i\000o\000n\000\040\000o\000f\000\040\000t\000h\000e\000\040\000F\000r\000e\000d\000e\000n\000h\000a\000g\000e\000n\000-\000M\000a\000r\000c\000u\000\040\000O\000r\000d\000e\000r\000\040\000P\000a\000r\000a\000m\000e\000t\000e\000r}{Item.193}% 1693
\BOOKMARK [1][-]{section.Alph74.1}{\376\377\000I\000n\000t\000r\000o\000d\000u\000c\000t\000i\000o\000n}{appendix.Alph74}% 1694
\BOOKMARK [1][-]{section.Alph74.2}{\376\377\000L\000a\000t\000t\000i\000c\000e\000\040\000S\000e\000t\000u\000p\000\040\000a\000n\000d\000\040\000C\000e\000n\000t\000e\000r\000\040\000S\000y\000m\000m\000e\000t\000r\000y}{appendix.Alph74}% 1695
\BOOKMARK [1][-]{section.Alph74.3}{\376\377\000C\000l\000u\000s\000t\000e\000r\000\040\000E\000x\000p\000a\000n\000s\000i\000o\000n\000\040\000o\000f\000\040\000t\000h\000e\000\040\000W\000i\000l\000s\000o\000n\000\040\000L\000o\000o\000p}{appendix.Alph74}% 1696
\BOOKMARK [1][-]{section.Alph74.4}{\376\377\000R\000i\000g\000o\000r\000o\000u\000s\000\040\000D\000e\000r\000i\000v\000a\000t\000i\000o\000n\000\040\000o\000f\000\040\000t\000h\000e\000\040\000A\000r\000e\000a\000\040\000L\000a\000w}{appendix.Alph74}% 1697
\BOOKMARK [1][-]{section.Alph74.5}{\376\377\000T\000h\000e\000\040\000F\000r\000e\000d\000e\000n\000h\000a\000g\000e\000n\000-\000M\000a\000r\000c\000u\000\040\000P\000a\000r\000a\000m\000e\000t\000e\000r}{appendix.Alph74}% 1698
\BOOKMARK [1][-]{section.Alph74.6}{\376\377\000C\000o\000n\000c\000l\000u\000s\000i\000o\000n}{appendix.Alph74}% 1699
\BOOKMARK [0][-]{appendix.Alph75}{\376\377\000A\000p\000p\000e\000n\000d\000i\000x\000\040\000C\000:\000\040\000R\000i\000g\000o\000r\000o\000u\000s\000\040\000R\000e\000s\000t\000o\000r\000a\000t\000i\000o\000n\000\040\000o\000f\000\040\000S\000O\000\050\0004\000\051\000\040\000S\000y\000m\000m\000e\000t\000r\000y\000\040\000v\000i\000a\000\040\000S\000y\000m\000a\000n\000z\000i\000k\000\040\000F\000l\000o\000w}{Item.193}% 1700
\BOOKMARK [1][-]{section.Alph75.1}{\376\377\000I\000n\000t\000r\000o\000d\000u\000c\000t\000i\000o\000n}{appendix.Alph75}% 1701
\BOOKMARK [1][-]{section.Alph75.2}{\376\377\000T\000h\000e\000\040\000S\000y\000m\000a\000n\000z\000i\000k\000\040\000E\000f\000f\000e\000c\000t\000i\000v\000e\000\040\000A\000c\000t\000i\000o\000n}{appendix.Alph75}% 1702
\BOOKMARK [1][-]{section.Alph75.3}{\376\377\000C\000l\000a\000s\000s\000i\000f\000i\000c\000a\000t\000i\000o\000n\000\040\000o\000f\000\040\000I\000r\000r\000e\000l\000e\000v\000a\000n\000t\000\040\000O\000p\000e\000r\000a\000t\000o\000r\000s}{appendix.Alph75}% 1703
\BOOKMARK [2][-]{subsection.Alph75.3.1}{\376\377\000D\000i\000m\000e\000n\000s\000i\000o\000n\000\040\0004\000\040\000O\000p\000e\000r\000a\000t\000o\000r\000s}{section.Alph75.3}% 1704
\BOOKMARK [2][-]{subsection.Alph75.3.2}{\376\377\000D\000i\000m\000e\000n\000s\000i\000o\000n\000\040\0006\000\040\000O\000p\000e\000r\000a\000t\000o\000r\000s}{section.Alph75.3}% 1705
\BOOKMARK [1][-]{section.Alph75.4}{\376\377\000R\000i\000g\000o\000r\000o\000u\000s\000\040\000R\000G\000\040\000F\000l\000o\000w\000\040\000A\000n\000a\000l\000y\000s\000i\000s}{appendix.Alph75}% 1706
\BOOKMARK [1][-]{section.Alph75.5}{\376\377\000I\000m\000p\000l\000i\000c\000a\000t\000i\000o\000n\000\040\000f\000o\000r\000\040\000t\000h\000e\000\040\000M\000a\000s\000s\000\040\000S\000p\000e\000c\000t\000r\000u\000m}{appendix.Alph75}% 1707
\BOOKMARK [1][-]{section.Alph75.6}{\376\377\000C\000o\000n\000c\000l\000u\000s\000i\000o\000n\000\040\000o\000f\000\040\000A\000p\000p\000e\000n\000d\000i\000x\000\040\000C}{appendix.Alph75}% 1708
\BOOKMARK [0][-]{appendix.Alph76}{\376\377\000A\000p\000p\000e\000n\000d\000i\000x\000\040\000D\000:\000\040\000R\000i\000g\000o\000r\000o\000u\000s\000\040\000E\000x\000t\000e\000n\000s\000i\000o\000n\000\040\000o\000f\000\040\000B\000a\000l\000a\000b\000a\000n\000'\000s\000\040\000B\000o\000u\000n\000d\000s\000\040\000t\000o\000\040\000S\000U\000\050\000N\000\051}{Item.193}% 1709
\BOOKMARK [1][-]{section.Alph76.1}{\376\377\000I\000n\000t\000r\000o\000d\000u\000c\000t\000i\000o\000n\000\040\000a\000n\000d\000\040\000S\000e\000t\000u\000p}{appendix.Alph76}% 1710
\BOOKMARK [2][-]{subsection.Alph76.1.1}{\376\377\000N\000o\000t\000a\000t\000i\000o\000n\000\040\000a\000n\000d\000\040\000L\000a\000t\000t\000i\000c\000e\000\040\000G\000e\000o\000m\000e\000t\000r\000y}{section.Alph76.1}% 1711
\BOOKMARK [1][-]{section.Alph76.2}{\376\377\000T\000h\000e\000\040\000B\000l\000o\000c\000k\000\040\000S\000p\000i\000n\000\040\000T\000r\000a\000n\000s\000f\000o\000r\000m\000a\000t\000i\000o\000n\000\040\000f\000o\000r\000\040\000S\000U\000\050\000N\000\051}{appendix.Alph76}% 1712
\BOOKMARK [1][-]{section.Alph76.3}{\376\377\000I\000n\000d\000u\000c\000t\000i\000v\000e\000\040\000A\000n\000a\000l\000y\000s\000i\000s\000\040\000o\000f\000\040\000t\000h\000e\000\040\000R\000e\000n\000o\000r\000m\000a\000l\000i\000z\000a\000t\000i\000o\000n\000\040\000G\000r\000o\000u\000p\000\040\000F\000l\000o\000w}{appendix.Alph76}% 1713
\BOOKMARK [2][-]{subsection.Alph76.3.1}{\376\377\000T\000h\000e\000\040\000R\000-\000O\000p\000e\000r\000a\000t\000i\000o\000n\000\040\000a\000n\000d\000\040\000C\000o\000u\000n\000t\000e\000r\000t\000e\000r\000m\000s}{section.Alph76.3}% 1714
\BOOKMARK [1][-]{section.Alph76.4}{\376\377\000S\000m\000a\000l\000l\000\040\000F\000i\000e\000l\000d\000\040\000A\000n\000a\000l\000y\000s\000i\000s\000:\000\040\000T\000h\000e\000\040\000F\000l\000u\000c\000t\000u\000a\000t\000i\000o\000n\000\040\000D\000e\000t\000e\000r\000m\000i\000n\000a\000n\000t}{appendix.Alph76}% 1715
\BOOKMARK [1][-]{section.Alph76.5}{\376\377\000T\000h\000e\000\040\000L\000a\000r\000g\000e\000\040\000F\000i\000e\000l\000d\000\040\000P\000r\000o\000b\000l\000e\000m\000:\000\040\000S\000t\000a\000b\000i\000l\000i\000t\000y\000\040\000o\000f\000\040\000t\000h\000e\000\040\000R\000G\000\040\000M\000a\000p}{appendix.Alph76}% 1716
\BOOKMARK [1][-]{section.Alph76.6}{\376\377\000T\000h\000e\000\040\000R\000e\000n\000o\000r\000m\000a\000l\000i\000z\000e\000d\000\040\000T\000r\000a\000j\000e\000c\000t\000o\000r\000y}{appendix.Alph76}% 1717
\BOOKMARK [1][-]{section.Alph76.7}{\376\377\000R\000e\000s\000o\000l\000u\000t\000i\000o\000n\000\040\000o\000f\000\040\000H\000i\000s\000t\000o\000r\000i\000c\000a\000l\000\040\000O\000p\000e\000n\000\040\000P\000r\000o\000b\000l\000e\000m\000s}{appendix.Alph76}% 1718
\BOOKMARK [2][-]{subsection.Alph76.7.1}{\376\377\000U\000n\000i\000f\000o\000r\000m\000\040\000I\000n\000f\000i\000n\000i\000t\000e\000-\000V\000o\000l\000u\000m\000e\000\040\000C\000o\000n\000t\000r\000o\000l\000\040\000\050\000R\000e\000s\000o\000l\000v\000e\000d\000\051}{section.Alph76.7}% 1719
\BOOKMARK [2][-]{subsection.Alph76.7.2}{\376\377\000N\000o\000n\000-\000A\000b\000e\000l\000i\000a\000n\000\040\000C\000o\000r\000r\000e\000l\000a\000t\000i\000o\000n\000\040\000I\000n\000e\000q\000u\000a\000l\000i\000t\000i\000e\000s\000\040\000\050\000R\000e\000s\000o\000l\000v\000e\000d\000\051}{section.Alph76.7}% 1720
\BOOKMARK [2][-]{subsection.Alph76.7.3}{\376\377\000S\000p\000e\000c\000t\000r\000a\000l\000\040\000R\000e\000l\000a\000t\000i\000o\000n\000s\000\040\000\050\000R\000e\000s\000o\000l\000v\000e\000d\000\051}{section.Alph76.7}% 1721
\BOOKMARK [2][-]{subsection.Alph76.7.4}{\376\377\000C\000o\000n\000t\000i\000n\000u\000u\000m\000\040\000L\000i\000m\000i\000t\000\040\000a\000n\000d\000\040\000R\000e\000c\000o\000n\000s\000t\000r\000u\000c\000t\000i\000o\000n\000\040\000\050\000R\000e\000s\000o\000l\000v\000e\000d\000\051}{section.Alph76.7}% 1722
\BOOKMARK [2][-]{subsection.Alph76.7.5}{\376\377\000H\000o\000w\000\040\000t\000h\000i\000s\000\040\000l\000e\000d\000g\000e\000r\000\040\000i\000s\000\040\000u\000s\000e\000d}{section.Alph76.7}% 1723
\BOOKMARK [0][-]{appendix.Alph77}{\376\377\000E\000x\000e\000c\000u\000t\000i\000v\000e\000\040\000S\000u\000m\000m\000a\000r\000y\000\040\000a\000n\000d\000\040\000O\000p\000e\000n\000\040\000P\000r\000o\000b\000l\000e\000m\000s}{Item.193}% 1724
\BOOKMARK [1][-]{section.Alph77.1}{\376\377\000E\000x\000e\000c\000u\000t\000i\000v\000e\000\040\000S\000u\000m\000m\000a\000r\000y\000\040\000o\000f\000\040\000P\000r\000o\000o\000f\000\040\000S\000t\000a\000t\000u\000s}{appendix.Alph77}% 1725
\BOOKMARK [2][-]{subsection.Alph77.1.1}{\376\377\000H\000e\000a\000d\000l\000i\000n\000e\000\040\000c\000l\000a\000i\000m\000s\000\040\000\050\000r\000e\000v\000i\000s\000e\000d\000\051}{section.Alph77.1}% 1726
\BOOKMARK [2][-]{subsection.Alph77.1.2}{\376\377\000S\000t\000a\000t\000u\000s\000\040\000t\000a\000b\000l\000e\000\040\000o\000f\000\040\000k\000e\000y\000\040\000o\000b\000s\000t\000a\000c\000l\000e\000s}{section.Alph77.1}% 1727
\BOOKMARK [2][-]{subsection.Alph77.1.3}{\376\377\000V\000e\000r\000i\000f\000i\000e\000d\000\040\000c\000o\000m\000p\000o\000n\000e\000n\000t\000s}{section.Alph77.1}% 1728
\BOOKMARK [2][-]{subsection.Alph77.1.4}{\376\377\000C\000o\000n\000c\000l\000u\000s\000i\000o\000n}{section.Alph77.1}% 1729
\BOOKMARK [0][-]{appendix.Alph78}{\376\377\000D\000e\000t\000a\000i\000l\000e\000d\000\040\000R\000e\000s\000o\000l\000u\000t\000i\000o\000n\000\040\000o\000f\000\040\000H\000i\000s\000t\000o\000r\000i\000c\000a\000l\000\040\000O\000b\000s\000t\000r\000u\000c\000t\000i\000o\000n\000s}{Item.193}% 1730
\BOOKMARK [1][-]{section.Alph78.1}{\376\377\000R\000e\000s\000o\000l\000u\000t\000i\000o\000n\000\040\000o\000f\000\040\000U\000n\000i\000f\000o\000r\000m\000\040\000I\000n\000f\000i\000n\000i\000t\000e\000-\000V\000o\000l\000u\000m\000e\000\040\000C\000o\000n\000t\000r\000o\000l}{appendix.Alph78}% 1731
\BOOKMARK [1][-]{section.Alph78.2}{\376\377\000R\000e\000s\000o\000l\000u\000t\000i\000o\000n\000\040\000o\000f\000\040\000N\000o\000n\000-\000A\000b\000e\000l\000i\000a\000n\000\040\000C\000o\000r\000r\000e\000l\000a\000t\000i\000o\000n\000\040\000I\000n\000e\000q\000u\000a\000l\000i\000t\000i\000e\000s}{appendix.Alph78}% 1732
\BOOKMARK [1][-]{section.Alph78.3}{\376\377\000R\000e\000s\000o\000l\000u\000t\000i\000o\000n\000\040\000o\000f\000\040\000S\000p\000e\000c\000t\000r\000a\000l\000\040\000R\000e\000l\000a\000t\000i\000o\000n\000s}{appendix.Alph78}% 1733
\BOOKMARK [1][-]{section.Alph78.4}{\376\377\000R\000e\000s\000o\000l\000u\000t\000i\000o\000n\000\040\000o\000f\000\040\000C\000o\000n\000t\000i\000n\000u\000u\000m\000\040\000L\000i\000m\000i\000t}{appendix.Alph78}% 1734
\BOOKMARK [1][-]{section.Alph78.5}{\376\377\000C\000o\000n\000c\000l\000u\000s\000i\000o\000n}{appendix.Alph78}% 1735
\BOOKMARK [1][-]{section.Alph78.6}{\376\377\000C\000o\000n\000s\000o\000l\000i\000d\000a\000t\000e\000d\000\040\000R\000i\000g\000o\000r\000o\000u\000s\000\040\000T\000h\000e\000o\000r\000e\000m\000s}{appendix.Alph78}% 1736
\BOOKMARK [2][-]{subsection.Alph78.6.1}{\376\377\000F\000o\000u\000n\000d\000a\000t\000i\000o\000n\000a\000l\000\040\000T\000h\000e\000o\000r\000e\000m\000s}{section.Alph78.6}% 1737
\BOOKMARK [2][-]{subsection.Alph78.6.2}{\376\377\000T\000h\000e\000\040\000S\000p\000e\000c\000t\000r\000a\000l\000\040\000G\000a\000p\000\040\000L\000o\000w\000e\000r\000\040\000B\000o\000u\000n\000d}{section.Alph78.6}% 1738
\BOOKMARK [1][-]{section.Alph78.7}{\376\377\000A\000n\000a\000l\000y\000t\000i\000c\000i\000t\000y\000\040\000a\000n\000d\000\040\000C\000o\000n\000t\000i\000n\000u\000u\000m\000\040\000L\000i\000m\000i\000t}{appendix.Alph78}% 1739
\BOOKMARK [1][-]{section.Alph78.8}{\376\377\000H\000i\000e\000r\000a\000r\000c\000h\000i\000c\000a\000l\000\040\000G\000a\000p\000\040\000S\000t\000a\000b\000i\000l\000i\000t\000y}{appendix.Alph78}% 1740
\BOOKMARK [1][-]{section.Alph78.9}{\376\377\000A\000d\000d\000i\000t\000i\000o\000n\000a\000l\000\040\000R\000i\000g\000o\000r\000o\000u\000s\000\040\000R\000e\000s\000u\000l\000t\000s}{appendix.Alph78}% 1741
\BOOKMARK [1][-]{section.Alph78.10}{\376\377\000T\000r\000a\000n\000s\000f\000e\000r\000\040\000M\000a\000t\000r\000i\000x\000\040\000a\000n\000d\000\040\000S\000t\000r\000i\000n\000g\000\040\000T\000e\000n\000s\000i\000o\000n}{appendix.Alph78}% 1742
\BOOKMARK [1][-]{section.Alph78.11}{\376\377\000A\000d\000d\000i\000t\000i\000o\000n\000a\000l\000\040\000R\000i\000g\000o\000r\000o\000u\000s\000\040\000R\000e\000s\000u\000l\000t\000s}{appendix.Alph78}% 1743
\BOOKMARK [2][-]{subsection.Alph78.11.1}{\376\377\000C\000o\000m\000p\000l\000e\000x\000\040\000P\000a\000t\000h\000\040\000a\000n\000d\000\040\000F\000e\000r\000m\000i\000o\000n\000\040\000M\000e\000t\000h\000o\000d\000s}{section.Alph78.11}% 1744
\BOOKMARK [2][-]{subsection.Alph78.11.2}{\376\377\000B\000a\000l\000a\000b\000a\000n\000\040\000F\000e\000r\000m\000i\000o\000n\000\040\000B\000o\000u\000n\000d\000s}{section.Alph78.11}% 1745
\BOOKMARK [1][-]{section.Alph78.12}{\376\377\000S\000t\000r\000i\000n\000g\000\040\000T\000e\000n\000s\000i\000o\000n\000\040\000a\000n\000d\000\040\000C\000o\000n\000f\000i\000n\000e\000m\000e\000n\000t}{appendix.Alph78}% 1746
\BOOKMARK [1][-]{section.Alph78.13}{\376\377\000O\000s\000t\000e\000r\000w\000a\000l\000d\000e\000r\000-\000S\000c\000h\000r\000a\000d\000e\000r\000\040\000R\000e\000c\000o\000n\000s\000t\000r\000u\000c\000t\000i\000o\000n}{appendix.Alph78}% 1747
\BOOKMARK [1][-]{section.Alph78.14}{\376\377\000G\000a\000u\000g\000e\000\040\000I\000n\000v\000a\000r\000i\000a\000n\000c\000e}{appendix.Alph78}% 1748
\BOOKMARK [1][-]{section.Alph78.15}{\376\377\000F\000a\000c\000t\000o\000r\000i\000z\000a\000t\000i\000o\000n\000\040\000a\000n\000d\000\040\000C\000l\000u\000s\000t\000e\000r\000i\000n\000g}{appendix.Alph78}% 1749
\BOOKMARK [1][-]{section.Alph78.16}{\376\377\000C\000l\000u\000s\000t\000e\000r\000\040\000E\000x\000p\000a\000n\000s\000i\000o\000n}{appendix.Alph78}% 1750
\BOOKMARK [1][-]{section.Alph78.17}{\376\377\000A\000d\000d\000i\000t\000i\000o\000n\000a\000l\000\040\000L\000a\000b\000e\000l\000s\000\040\000f\000o\000r\000\040\000C\000r\000o\000s\000s\000-\000R\000e\000f\000e\000r\000e\000n\000c\000e\000s}{appendix.Alph78}% 1751
\BOOKMARK [2][-]{subsection.Alph78.17.1}{\376\377\000G\000a\000p\000\040\000C\000o\000m\000p\000l\000e\000x\000\040\000P\000a\000t\000h}{section.Alph78.17}% 1752
\BOOKMARK [2][-]{subsection.Alph78.17.2}{\376\377\000D\000e\000f\000i\000n\000i\000t\000i\000v\000e\000\040\000G\000a\000p\000\040\000C\000l\000o\000s\000u\000r\000e}{section.Alph78.17}% 1753
\BOOKMARK [2][-]{subsection.Alph78.17.3}{\376\377\000C\000o\000n\000t\000i\000n\000u\000u\000m\000\040\000U\000n\000i\000f\000o\000r\000m}{section.Alph78.17}% 1754
\BOOKMARK [2][-]{subsection.Alph78.17.4}{\376\377\000R\000i\000g\000o\000r\000i\000z\000a\000t\000i\000o\000n\000\040\000L\000a\000b\000e\000l\000s}{section.Alph78.17}% 1755
\BOOKMARK [2][-]{subsection.Alph78.17.5}{\376\377\000N\000o\000r\000m\000\040\000R\000e\000s\000o\000l\000v\000e\000n\000t}{section.Alph78.17}% 1756
\BOOKMARK [2][-]{subsection.Alph78.17.6}{\376\377\000F\000i\000n\000a\000l\000\040\000M\000i\000s\000s\000i\000n\000g\000\040\000D\000e\000f\000i\000n\000i\000t\000i\000o\000n\000s}{section.Alph78.17}% 1757
\BOOKMARK [2][-]{subsection.Alph78.17.7}{\376\377\000C\000o\000m\000p\000l\000e\000t\000e\000\040\000R\000i\000g\000o\000r\000o\000u\000s\000\040\000P\000r\000o\000o\000f}{section.Alph78.17}% 1758
\BOOKMARK [2][-]{subsection.Alph78.17.8}{\376\377\000W\000i\000l\000s\000o\000n\000i\000a\000n\000\040\000Q\000C\000D}{section.Alph78.17}% 1759
\BOOKMARK [2][-]{subsection.Alph78.17.9}{\376\377\000S\000t\000r\000i\000n\000g\000\040\000T\000e\000n\000s\000i\000o\000n\000\040\000S\000e\000c\000t\000i\000o\000n}{section.Alph78.17}% 1760
\BOOKMARK [2][-]{subsection.Alph78.17.10}{\376\377\000G\000i\000l\000e\000s\000\040\000T\000e\000p\000e\000r\000\040\000S\000e\000c\000t\000i\000o\000n}{section.Alph78.17}% 1761
\BOOKMARK [2][-]{subsection.Alph78.17.11}{\376\377\000I\000n\000t\000r\000o\000d\000u\000c\000t\000i\000o\000n}{section.Alph78.17}% 1762
\BOOKMARK [2][-]{subsection.Alph78.17.12}{\376\377\000S\000p\000e\000c\000t\000r\000a\000l\000\040\000S\000t\000a\000b\000i\000l\000i\000t\000y}{section.Alph78.17}% 1763
\BOOKMARK [2][-]{subsection.Alph78.17.13}{\376\377\000C\000l\000u\000s\000t\000e\000r\000\040\000S\000e\000c\000t\000i\000o\000n}{section.Alph78.17}% 1764
\BOOKMARK [2][-]{subsection.Alph78.17.14}{\376\377\000A\000x\000i\000o\000m\000a\000t\000i\000c\000\040\000M\000a\000s\000s\000\040\000G\000a\000p}{section.Alph78.17}% 1765
\BOOKMARK [1][-]{section.Alph78.18}{\376\377\000S\000u\000p\000p\000l\000e\000m\000e\000n\000t\000a\000l\000\040\000R\000i\000g\000o\000r\000o\000u\000s\000\040\000R\000e\000s\000u\000l\000t\000s\000\040\000a\000n\000d\000\040\000D\000e\000f\000i\000n\000i\000t\000i\000o\000n\000s}{appendix.Alph78}% 1766
\BOOKMARK [2][-]{subsection.Alph78.18.1}{\376\377\000S\000e\000c\000t\000i\000o\000n\000\040\000R\000e\000f\000e\000r\000e\000n\000c\000e\000s}{section.Alph78.18}% 1767
\BOOKMARK [2][-]{subsection.Alph78.18.2}{\376\377\000C\000e\000n\000t\000e\000r\000\040\000S\000y\000m\000m\000e\000t\000r\000y\000\040\000a\000n\000d\000\040\000C\000o\000n\000f\000i\000n\000e\000m\000e\000n\000t}{section.Alph78.18}% 1768
\BOOKMARK [2][-]{subsection.Alph78.18.3}{\376\377\000C\000o\000n\000t\000i\000n\000u\000u\000m\000\040\000L\000i\000m\000i\000t\000\040\000a\000n\000d\000\040\000A\000n\000a\000l\000y\000s\000i\000s}{section.Alph78.18}% 1769
\BOOKMARK [2][-]{subsection.Alph78.18.4}{\376\377\000A\000n\000a\000l\000y\000t\000i\000c\000a\000l\000\040\000D\000e\000t\000a\000i\000l\000s}{section.Alph78.18}% 1770
\BOOKMARK [2][-]{subsection.Alph78.18.5}{\376\377\000B\000e\000s\000s\000e\000l\000\040\000B\000o\000u\000n\000d\000s}{section.Alph78.18}% 1771
\BOOKMARK [2][-]{subsection.Alph78.18.6}{\376\377\000S\000t\000r\000u\000c\000t\000u\000r\000e\000\040\000a\000n\000d\000\040\000H\000i\000e\000r\000a\000r\000c\000h\000i\000c\000a\000l\000\040\000M\000e\000t\000h\000o\000d\000s}{section.Alph78.18}% 1772
\BOOKMARK [2][-]{subsection.Alph78.18.7}{\376\377\000H\000i\000e\000r\000a\000r\000c\000h\000i\000c\000a\000l\000\040\000C\000o\000n\000s\000t\000r\000u\000c\000t\000i\000o\000n}{section.Alph78.18}% 1773
\BOOKMARK [0][-]{appendix.Alph79}{\376\377\000C\000o\000r\000r\000e\000c\000t\000i\000o\000n\000\040\000a\000n\000d\000\040\000R\000i\000g\000o\000r\000o\000u\000s\000\040\000S\000u\000p\000p\000l\000e\000m\000e\000n\000t\000a\000t\000i\000o\000n}{Item.193}% 1774
\BOOKMARK [1][-]{section.Alph79.1}{\376\377\000I\000n\000t\000r\000o\000d\000u\000c\000t\000i\000o\000n}{appendix.Alph79}% 1775
\BOOKMARK [1][-]{section.Alph79.2}{\376\377\000C\000o\000r\000r\000e\000c\000t\000i\000o\000n\000\040\000o\000f\000\040\000N\000u\000m\000e\000r\000i\000c\000a\000l\000\040\000E\000r\000r\000o\000r\000\040\000i\000n\000\040\000S\000t\000r\000o\000n\000g\000\040\000C\000o\000u\000p\000l\000i\000n\000g}{appendix.Alph79}% 1776
\BOOKMARK [2][-]{subsection.Alph79.2.1}{\376\377\000T\000h\000e\000\040\000E\000r\000r\000o\000r}{section.Alph79.2}% 1777
\BOOKMARK [2][-]{subsection.Alph79.2.2}{\376\377\000T\000h\000e\000\040\000C\000o\000r\000r\000e\000c\000t\000i\000o\000n}{section.Alph79.2}% 1778
\BOOKMARK [2][-]{subsection.Alph79.2.3}{\376\377\000I\000m\000p\000a\000c\000t\000\040\000o\000n\000\040\000S\000p\000e\000c\000t\000r\000a\000l\000\040\000G\000a\000p\000\040\000B\000o\000u\000n\000d}{section.Alph79.2}% 1779
\BOOKMARK [1][-]{section.Alph79.3}{\376\377\000R\000i\000g\000o\000r\000o\000u\000s\000\040\000S\000t\000a\000t\000u\000s\000\040\000o\000f\000\040\000A\000d\000i\000a\000b\000a\000t\000i\000c\000\040\000C\000o\000n\000t\000i\000n\000u\000i\000t\000y}{appendix.Alph79}% 1780
\BOOKMARK [1][-]{section.Alph79.4}{\376\377\000A\000d\000d\000r\000e\000s\000s\000i\000n\000g\000\040\000t\000h\000e\000\040\000"\000C\000i\000r\000c\000u\000l\000a\000r\000\040\000L\000o\000g\000i\000c\000"\000\040\000i\000n\000\040\000U\000n\000i\000f\000o\000r\000m\000\040\000L\000S\000I}{appendix.Alph79}% 1781
\BOOKMARK [1][-]{section.Alph79.5}{\376\377\000C\000o\000n\000c\000l\000u\000s\000i\000o\000n\000\040\000o\000n\000\040\000C\000o\000m\000p\000l\000e\000t\000e\000n\000e\000s\000s}{appendix.Alph79}% 1782
\BOOKMARK [0][-]{appendix.Alph80}{\376\377\000B\000i\000b\000l\000i\000o\000g\000r\000a\000p\000h\000y\000\040\000a\000n\000d\000\040\000R\000e\000f\000e\000r\000e\000n\000c\000e\000\040\000C\000o\000r\000r\000e\000c\000t\000i\000o\000n\000s}{Item.193}% 1783
\BOOKMARK [1][-]{section.Alph80.1}{\376\377\000B\000i\000b\000l\000i\000o\000g\000r\000a\000p\000h\000y}{appendix.Alph80}% 1784
\BOOKMARK [1][-]{section.Alph80.2}{\376\377\000T\000e\000c\000h\000n\000i\000c\000a\000l\000\040\000C\000r\000o\000s\000s\000-\000R\000e\000f\000e\000r\000e\000n\000c\000e\000s}{appendix.Alph80}% 1785
