\BOOKMARK [0][-]{section*.1}{\376\377\000M\000a\000i\000n\000\040\000T\000e\000x\000t}{}% 1
\BOOKMARK [1][-]{section.1}{\376\377\000I\000n\000t\000r\000o\000d\000u\000c\000t\000i\000o\000n}{section*.1}% 2
\BOOKMARK [2][-]{subsection.1.1}{\376\377\000S\000t\000r\000u\000c\000t\000u\000r\000e\000\040\000a\000n\000d\000\040\000S\000c\000o\000p\000e}{section.1}% 3
\BOOKMARK [3][-]{subsubsection.1.1.1}{\376\377\000T\000h\000e\000\040\000P\000r\000o\000o\000f\000\040\000A\000r\000c\000h\000i\000t\000e\000c\000t\000u\000r\000e}{subsection.1.1}% 4
\BOOKMARK [3][-]{subsubsection.1.1.2}{\376\377\000M\000a\000t\000h\000e\000m\000a\000t\000i\000c\000a\000l\000\040\000R\000i\000g\000o\000r\000\040\000a\000n\000d\000\040\000F\000o\000u\000n\000d\000a\000t\000i\000o\000n\000a\000l\000\040\000T\000h\000e\000o\000r\000e\000m\000s}{subsection.1.1}% 5
\BOOKMARK [2][-]{subsection.1.2}{\376\377\000P\000r\000o\000b\000l\000e\000m\000\040\000S\000t\000a\000t\000e\000m\000e\000n\000t}{section.1}% 6
\BOOKMARK [2][-]{subsection.1.3}{\376\377\000P\000r\000o\000o\000f\000\040\000S\000t\000r\000a\000t\000e\000g\000y}{section.1}% 7
\BOOKMARK [2][-]{subsection.1.4}{\376\377\000T\000h\000e\000\040\000P\000r\000o\000o\000f\000\040\000S\000t\000r\000a\000t\000e\000g\000y}{section.1}% 8
\BOOKMARK [3][-]{subsubsection.1.4.1}{\376\377\000D\000e\000t\000a\000i\000l\000e\000d\000\040\000S\000t\000r\000a\000t\000e\000g\000y\000\040\000f\000o\000r\000\040\000t\000h\000e\000\040\000P\000r\000o\000o\000f}{subsection.1.4}% 9
\BOOKMARK [3][-]{subsubsection.1.4.2}{\376\377\000R\000i\000g\000o\000r\000o\000u\000s\000\040\000P\000r\000o\000g\000r\000e\000s\000s\000\040\000T\000o\000w\000a\000r\000d\000\040\000A\000n\000a\000l\000y\000t\000i\000c\000i\000t\000y\000\040\000i\000n\000\040\000m}{subsection.1.4}% 10
\BOOKMARK [3][-]{subsubsection.1.4.3}{\376\377\000E\000x\000p\000l\000i\000c\000i\000t\000\040\000M\000a\000t\000h\000e\000m\000a\000t\000i\000c\000a\000l\000\040\000F\000o\000r\000m\000u\000l\000a\000s\000\040\000f\000o\000r\000\040\000A\000d\000j\000o\000i\000n\000t\000\040\000Q\000C\000D}{subsection.1.4}% 11
\BOOKMARK [1][-]{section.2}{\376\377\000L\000a\000t\000t\000i\000c\000e\000\040\000Y\000a\000n\000g\040\023\000M\000i\000l\000l\000s\000\040\000T\000h\000e\000o\000r\000y}{section*.1}% 12
\BOOKMARK [2][-]{subsection.2.1}{\376\377\000T\000h\000e\000\040\000L\000a\000t\000t\000i\000c\000e}{section.2}% 13
\BOOKMARK [2][-]{subsection.2.2}{\376\377\000G\000a\000u\000g\000e\000\040\000F\000i\000e\000l\000d\000s}{section.2}% 14
\BOOKMARK [2][-]{subsection.2.3}{\376\377\000T\000h\000e\000\040\000W\000i\000l\000s\000o\000n\000\040\000A\000c\000t\000i\000o\000n}{section.2}% 15
\BOOKMARK [2][-]{subsection.2.4}{\376\377\000T\000h\000e\000\040\000P\000a\000r\000t\000i\000t\000i\000o\000n\000\040\000F\000u\000n\000c\000t\000i\000o\000n\000\040\000a\000n\000d\000\040\000M\000e\000a\000s\000u\000r\000e}{section.2}% 16
\BOOKMARK [2][-]{subsection.2.5}{\376\377\000W\000i\000l\000s\000o\000n\000\040\000L\000o\000o\000p\000s\000\040\000a\000n\000d\000\040\000O\000b\000s\000e\000r\000v\000a\000b\000l\000e\000s}{section.2}% 17
\BOOKMARK [2][-]{subsection.2.6}{\376\377\000G\000a\000u\000g\000e\000\040\000I\000n\000v\000a\000r\000i\000a\000n\000c\000e}{section.2}% 18
\BOOKMARK [2][-]{subsection.2.7}{\376\377\000F\000r\000e\000e\000\040\000E\000n\000e\000r\000g\000y}{section.2}% 19
\BOOKMARK [1][-]{section.3}{\376\377\000T\000r\000a\000n\000s\000f\000e\000r\000\040\000M\000a\000t\000r\000i\000x\000\040\000a\000n\000d\000\040\000R\000e\000f\000l\000e\000c\000t\000i\000o\000n\000\040\000P\000o\000s\000i\000t\000i\000v\000i\000t\000y}{section*.1}% 20
\BOOKMARK [2][-]{subsection.3.1}{\376\377\000L\000a\000t\000t\000i\000c\000e\000\040\000D\000e\000c\000o\000m\000p\000o\000s\000i\000t\000i\000o\000n}{section.3}% 21
\BOOKMARK [2][-]{subsection.3.2}{\376\377\000T\000r\000a\000n\000s\000f\000e\000r\000\040\000M\000a\000t\000r\000i\000x\000\040\000C\000o\000n\000s\000t\000r\000u\000c\000t\000i\000o\000n}{section.3}% 22
\BOOKMARK [2][-]{subsection.3.3}{\376\377\000S\000p\000e\000c\000t\000r\000a\000l\000\040\000T\000h\000e\000o\000r\000y}{section.3}% 23
\BOOKMARK [2][-]{subsection.3.4}{\376\377\000R\000e\000f\000l\000e\000c\000t\000i\000o\000n\000\040\000P\000o\000s\000i\000t\000i\000v\000i\000t\000y}{section.3}% 24
\BOOKMARK [2][-]{subsection.3.5}{\376\377\000O\000s\000t\000e\000r\000w\000a\000l\000d\000e\000r\040\023\000S\000c\000h\000r\000a\000d\000e\000r\000\040\000R\000e\000c\000o\000n\000s\000t\000r\000u\000c\000t\000i\000o\000n}{section.3}% 25
\BOOKMARK [1][-]{section.4}{\376\377\000F\000i\000n\000i\000t\000e\000\040\000V\000o\000l\000u\000m\000e\000\040\000S\000p\000e\000c\000t\000r\000a\000l\000\040\000G\000a\000p\000\040\000\050\000P\000e\000r\000r\000o\000n\000-\000F\000r\000o\000b\000e\000n\000i\000u\000s\000\051}{section*.1}% 26
\BOOKMARK [2][-]{subsection.4.1}{\376\377\000T\000h\000e\000\040\000T\000r\000a\000n\000s\000f\000e\000r\000\040\000M\000a\000t\000r\000i\000x\000\040\000K\000e\000r\000n\000e\000l}{section.4}% 27
\BOOKMARK [2][-]{subsection.4.2}{\376\377\000J\000e\000n\000t\000z\000s\000c\000h\040\031\000s\000\040\000T\000h\000e\000o\000r\000e\000m}{section.4}% 28
\BOOKMARK [2][-]{subsection.4.3}{\376\377\000T\000h\000e\000\040\000F\000i\000n\000i\000t\000e\000\040\000V\000o\000l\000u\000m\000e\000\040\000G\000a\000p}{section.4}% 29
\BOOKMARK [2][-]{subsection.4.4}{\376\377\000T\000h\000e\000\040\000F\000u\000n\000d\000a\000m\000e\000n\000t\000a\000l\000\040\000G\000a\000p\000\040\000T\000h\000e\000o\000r\000e\000m\000\040\000v\000i\000a\000\040\000S\000p\000e\000c\000t\000r\000a\000l\000\040\000G\000e\000o\000m\000e\000t\000r\000y}{section.4}% 30
\BOOKMARK [3][-]{subsubsection.4.4.1}{\376\377\000R\000i\000g\000o\000r\000o\000u\000s\000\040\000A\000r\000g\000u\000m\000e\000n\000t\000s\000\040\000A\000g\000a\000i\000n\000s\000t\000\040\000T\000r\000i\000v\000i\000a\000l\000i\000t\000y}{subsection.4.4}% 31
\BOOKMARK [2][-]{subsection.4.5}{\376\377\000K\000e\000y\000\040\000I\000n\000s\000i\000g\000h\000t\000:\000\040\000W\000h\000y\000\040\000t\000h\000e\000\040\000G\000a\000p\000\040\000C\000a\000n\000n\000o\000t\000\040\000C\000l\000o\000s\000e}{section.4}% 32
\BOOKMARK [1][-]{section.5}{\376\377\000R\000i\000g\000o\000r\000o\000u\000s\000\040\000S\000t\000r\000o\000n\000g\000\040\000C\000o\000u\000p\000l\000i\000n\000g\000\040\000R\000e\000s\000u\000l\000t\000s}{section*.1}% 33
\BOOKMARK [2][-]{subsection.5.1}{\376\377\000M\000a\000i\000n\000\040\000T\000h\000e\000o\000r\000e\000m\000:\000\040\000S\000t\000r\000o\000n\000g\000\040\000C\000o\000u\000p\000l\000i\000n\000g\000\040\000M\000a\000s\000s\000\040\000G\000a\000p}{section.5}% 34
\BOOKMARK [2][-]{subsection.5.2}{\376\377\000C\000l\000u\000s\000t\000e\000r\000\040\000E\000x\000p\000a\000n\000s\000i\000o\000n\000\040\000f\000o\000r\000\040\000t\000h\000e\000\040\000W\000i\000l\000s\000o\000n\000\040\000A\000c\000t\000i\000o\000n}{section.5}% 35
\BOOKMARK [2][-]{subsection.5.3}{\376\377\000C\000o\000n\000v\000e\000r\000g\000e\000n\000c\000e\000\040\000o\000f\000\040\000t\000h\000e\000\040\000E\000x\000p\000a\000n\000s\000i\000o\000n}{section.5}% 36
\BOOKMARK [2][-]{subsection.5.4}{\376\377\000E\000x\000p\000o\000n\000e\000n\000t\000i\000a\000l\000\040\000D\000e\000c\000a\000y\000\040\000a\000n\000d\000\040\000M\000a\000s\000s\000\040\000G\000a\000p}{section.5}% 37
\BOOKMARK [2][-]{subsection.5.5}{\376\377\000T\000h\000e\000\040\0001\000D\000\040\000T\000r\000a\000n\000s\000f\000e\000r\000\040\000M\000a\000t\000r\000i\000x\000\040\000A\000n\000c\000h\000o\000r}{section.5}% 38
\BOOKMARK [3][-]{subsubsection.5.5.1}{\376\377\000T\000h\000e\000\040\0001\000D\000\040\000T\000r\000a\000n\000s\000f\000e\000r\000\040\000O\000p\000e\000r\000a\000t\000o\000r}{subsection.5.5}% 39
\BOOKMARK [3][-]{subsubsection.5.5.2}{\376\377\000E\000x\000a\000c\000t\000\040\000E\000i\000g\000e\000n\000v\000a\000l\000u\000e\000s\000\040\000v\000i\000a\000\040\000C\000h\000a\000r\000a\000c\000t\000e\000r\000\040\000E\000x\000p\000a\000n\000s\000i\000o\000n}{subsection.5.5}% 40
\BOOKMARK [3][-]{subsubsection.5.5.3}{\376\377\000T\000h\000e\000\040\000S\000p\000e\000c\000t\000r\000a\000l\000\040\000G\000a\000p\000\040\000F\000o\000r\000m\000u\000l\000a}{subsection.5.5}% 41
\BOOKMARK [2][-]{subsection.5.6}{\376\377\000U\000n\000i\000f\000o\000r\000m\000\040\000T\000h\000e\000r\000m\000o\000d\000y\000n\000a\000m\000i\000c\000\040\000L\000i\000m\000i\000t}{section.5}% 42
\BOOKMARK [1][-]{section.6}{\376\377\000T\000h\000e\000\040\000R\000i\000g\000o\000r\000o\000u\000s\000\040\000P\000r\000o\000o\000f\000\040\000S\000t\000r\000u\000c\000t\000u\000r\000e\000:\000\040\000T\000h\000e\000\040\000A\000d\000j\000o\000i\000n\000t\000\040\000I\000n\000t\000e\000r\000p\000o\000l\000a\000t\000i\000o\000n\000\040\000P\000r\000o\000g\000r\000a\000m}{section*.1}% 43
\BOOKMARK [2][-]{subsection.6.1}{\376\377\000T\000h\000e\000\040\000L\000o\000g\000i\000c\000a\000l\000\040\000S\000t\000r\000u\000c\000t\000u\000r\000e}{section.6}% 44
\BOOKMARK [2][-]{subsection.6.2}{\376\377\000M\000o\000d\000u\000l\000e\000\040\0001\000:\000\040\000T\000h\000e\000\040\000S\000u\000p\000e\000r\000s\000y\000m\000m\000e\000t\000r\000i\000c\000\040\000L\000i\000m\000i\000t\000\040\000\050\000P\000r\000o\000o\000f\000\040\000C\000o\000m\000p\000l\000e\000t\000i\000o\000n\000\051}{section.6}% 45
\BOOKMARK [2][-]{subsection.6.3}{\376\377\000M\000o\000d\000u\000l\000e\000\040\0002\000:\000\040\000T\000h\000e\000\040\000I\000n\000t\000e\000r\000p\000o\000l\000a\000t\000i\000o\000n\000\040\000t\000o\000\040\000P\000u\000r\000e\000\040\000Y\000a\000n\000g\000-\000M\000i\000l\000l\000s\000\040\000\050\000P\000r\000o\000o\000f\000\040\000C\000o\000m\000p\000l\000e\000t\000i\000o\000n\000\051}{section.6}% 46
\BOOKMARK [2][-]{subsection.6.4}{\376\377\000M\000o\000d\000u\000l\000e\000\040\0003\000:\000\040\000T\000h\000e\000\040\000C\000o\000n\000t\000i\000n\000u\000u\000m\000\040\000L\000i\000m\000i\000t\000\040\000\050\000P\000r\000o\000o\000f\000\040\000C\000o\000m\000p\000l\000e\000t\000i\000o\000n\000\051}{section.6}% 47
\BOOKMARK [2][-]{subsection.6.5}{\376\377\000C\000o\000n\000c\000l\000u\000s\000i\000o\000n}{section.6}% 48
\BOOKMARK [1][-]{section.7}{\376\377\000U\000n\000i\000f\000o\000r\000m\000\040\000L\000o\000g\000-\000S\000o\000b\000o\000l\000e\000v\000\040\000I\000n\000e\000q\000u\000a\000l\000i\000t\000y}{section*.1}% 49
\BOOKMARK [2][-]{subsection.7.1}{\376\377\000C\000o\000n\000d\000i\000t\000i\000o\000n\000a\000l\000\040\000T\000e\000n\000s\000o\000r\000i\000z\000a\000t\000i\000o\000n}{section.7}% 50
\BOOKMARK [1][-]{section.8}{\376\377\000T\000h\000e\000\040\000M\000a\000s\000s\000\040\000G\000a\000p\000\040\000I\000n\000e\000q\000u\000a\000l\000i\000t\000y}{section*.1}% 51
\BOOKMARK [2][-]{subsection.8.1}{\376\377\000C\000a\000s\000i\000m\000i\000r\000\040\000S\000c\000a\000l\000i\000n\000g\000\040\000a\000n\000d\000\040\000S\000p\000e\000c\000t\000r\000a\000l\000\040\000B\000o\000u\000n\000d\000s}{section.8}% 52
\BOOKMARK [1][-]{section.9}{\376\377\000C\000o\000n\000s\000t\000r\000u\000c\000t\000i\000o\000n\000\040\000o\000f\000\040\000t\000h\000e\000\040\000C\000o\000n\000t\000i\000n\000u\000u\000m\000\040\000L\000i\000m\000i\000t}{section*.1}% 53
\BOOKMARK [2][-]{subsection.9.1}{\376\377\000E\000x\000p\000l\000i\000c\000i\000t\000\040\000C\000o\000n\000s\000t\000r\000u\000c\000t\000i\000o\000n\000\040\000o\000f\000\040\000t\000h\000e\000\040\000C\000o\000n\000t\000i\000n\000u\000u\000m\000\040\000M\000e\000a\000s\000u\000r\000e}{section.9}% 54
\BOOKMARK [2][-]{subsection.9.2}{\376\377\000U\000n\000i\000q\000u\000e\000n\000e\000s\000s\000\040\000o\000f\000\040\000t\000h\000e\000\040\000L\000i\000m\000i\000t}{section.9}% 55
\BOOKMARK [2][-]{subsection.9.3}{\376\377\000S\000u\000m\000m\000a\000r\000y\000\040\000o\000f\000\040\000M\000a\000t\000h\000e\000m\000a\000t\000i\000c\000a\000l\000\040\000R\000e\000s\000u\000l\000t\000s}{section.9}% 56
\BOOKMARK [1][-]{section.10}{\376\377\000A\000b\000s\000e\000n\000c\000e\000\040\000o\000f\000\040\000P\000h\000a\000s\000e\000\040\000T\000r\000a\000n\000s\000i\000t\000i\000o\000n\000s\000:\000\040\000P\000r\000o\000o\000f\000\040\000o\000f\000\040\000A\000n\000a\000l\000y\000t\000i\000c\000i\000t\000y}{section*.1}% 57
\BOOKMARK [2][-]{subsection.10.1}{\376\377\000P\000r\000i\000m\000a\000r\000y\000\040\000P\000r\000o\000o\000f\000:\000\040\000A\000n\000a\000l\000y\000t\000i\000c\000i\000t\000y\000\040\000v\000i\000a\000\040\000A\000d\000j\000o\000i\000n\000t\000\040\000F\000e\000r\000m\000i\000o\000n\000\040\000I\000n\000t\000e\000r\000p\000o\000l\000a\000t\000i\000o\000n}{section.10}% 58
\BOOKMARK [2][-]{subsection.10.2}{\376\377\000C\000o\000n\000s\000e\000q\000u\000e\000n\000c\000e\000:\000\040\000A\000n\000a\000l\000y\000t\000i\000c\000i\000t\000y\000\040\000v\000i\000a\000\040\000U\000n\000i\000f\000o\000r\000m\000\040\000L\000S\000I}{section.10}% 59
\BOOKMARK [2][-]{subsection.10.3}{\376\377\000T\000h\000e\000\040\000D\000e\000c\000o\000u\000p\000l\000i\000n\000g\000\040\000L\000i\000m\000i\000t}{section.10}% 60
\BOOKMARK [1][-]{section.11}{\376\377\000V\000e\000r\000i\000f\000i\000c\000a\000t\000i\000o\000n\000\040\000o\000f\000\040\000A\000x\000i\000o\000m\000s}{section*.1}% 61
\BOOKMARK [2][-]{subsection.11.1}{\376\377\000V\000e\000r\000i\000f\000i\000c\000a\000t\000i\000o\000n\000\040\000o\000f\000\040\000A\000x\000i\000o\000m\000s}{section.11}% 62
\BOOKMARK [2][-]{subsection.11.2}{\376\377\000T\000h\000e\000\040\000R\000e\000c\000o\000n\000s\000t\000r\000u\000c\000t\000i\000o\000n}{section.11}% 63
\BOOKMARK [2][-]{subsection.11.3}{\376\377\000W\000e\000a\000k\000\040\000C\000o\000u\000p\000l\000i\000n\000g\000\040\000S\000t\000a\000b\000i\000l\000i\000t\000y\000\040\000\050\000B\000a\000l\000a\000b\000a\000n\000'\000s\000\040\000D\000e\000c\000o\000m\000p\000o\000s\000i\000t\000i\000o\000n\000\051}{section.11}% 64
\BOOKMARK [3][-]{subsubsection.11.3.1}{\376\377\000P\000h\000a\000s\000e\000\040\000S\000p\000a\000c\000e\000\040\000D\000e\000c\000o\000m\000p\000o\000s\000i\000t\000i\000o\000n}{subsection.11.3}% 65
\BOOKMARK [3][-]{subsubsection.11.3.2}{\376\377\000L\000a\000r\000g\000e\000\040\000F\000i\000e\000l\000d\000\040\000S\000u\000p\000p\000r\000e\000s\000s\000i\000o\000n}{subsection.11.3}% 66
\BOOKMARK [3][-]{subsubsection.11.3.3}{\376\377\000S\000m\000a\000l\000l\000\040\000F\000i\000e\000l\000d\000\040\000S\000t\000a\000b\000i\000l\000i\000t\000y}{subsection.11.3}% 67
\BOOKMARK [1][-]{section.12}{\376\377\000T\000h\000e\000\040\000M\000a\000s\000t\000e\000r\000\040\000T\000h\000e\000o\000r\000e\000m\000:\000\040\000C\000o\000n\000t\000i\000n\000u\000u\000m\000\040\000E\000x\000i\000s\000t\000e\000n\000c\000e\000\040\000a\000n\000d\000\040\000G\000a\000p}{section*.1}% 68
\BOOKMARK [2][-]{subsection.12.1}{\376\377\000T\000h\000e\000\040\000G\000i\000l\000e\000s\000-\000T\000e\000p\000e\000r\000\040\000B\000o\000u\000n\000d}{section.12}% 69
\BOOKMARK [3][-]{subsubsection.12.1.1}{\376\377\000T\000h\000e\000\040\000V\000a\000r\000i\000a\000t\000i\000o\000n\000a\000l\000\040\000P\000r\000i\000n\000c\000i\000p\000l\000e}{subsection.12.1}% 70
\BOOKMARK [3][-]{subsubsection.12.1.2}{\376\377\000T\000h\000e\000\040\000F\000l\000u\000x\000\040\000T\000u\000b\000e\000\040\000T\000r\000i\000a\000l\000\040\000S\000t\000a\000t\000e}{subsection.12.1}% 71
\BOOKMARK [3][-]{subsubsection.12.1.3}{\376\377\000O\000p\000t\000i\000m\000i\000z\000a\000t\000i\000o\000n\000\040\000a\000n\000d\000\040\000C\000o\000n\000s\000t\000a\000n\000t\000\040\000D\000e\000t\000e\000r\000m\000i\000n\000a\000t\000i\000o\000n}{subsection.12.1}% 72
\BOOKMARK [2][-]{subsection.12.2}{\376\377\000C\000o\000n\000t\000i\000n\000u\000u\000m\000\040\000L\000i\000m\000i\000t\000\040\000v\000i\000a\000\040\000M\000o\000s\000c\000o\000\040\000C\000o\000n\000v\000e\000r\000g\000e\000n\000c\000e}{section.12}% 73
\BOOKMARK [3][-]{subsubsection.12.2.1}{\376\377\000D\000e\000f\000i\000n\000i\000t\000i\000o\000n\000\040\000o\000f\000\040\000L\000a\000t\000t\000i\000c\000e\000\040\000D\000i\000r\000i\000c\000h\000l\000e\000t\000\040\000F\000o\000r\000m}{subsection.12.2}% 74
\BOOKMARK [3][-]{subsubsection.12.2.2}{\376\377\000M\000o\000s\000c\000o\000\040\000C\000o\000n\000v\000e\000r\000g\000e\000n\000c\000e\000\040\000C\000o\000n\000d\000i\000t\000i\000o\000n\000s}{subsection.12.2}% 75
\BOOKMARK [3][-]{subsubsection.12.2.3}{\376\377\000S\000p\000e\000c\000t\000r\000a\000l\000\040\000P\000e\000r\000m\000a\000n\000e\000n\000c\000e\000\040\000T\000h\000e\000o\000r\000e\000m}{subsection.12.2}% 76
\BOOKMARK [2][-]{subsection.12.3}{\376\377\000R\000e\000s\000t\000o\000r\000a\000t\000i\000o\000n\000\040\000o\000f\000\040\000R\000o\000t\000a\000t\000i\000o\000n\000a\000l\000\040\000S\000y\000m\000m\000e\000t\000r\000y\000\040\000\050\000S\000O\000\050\0004\000\051\000\051}{section.12}% 77
\BOOKMARK [3][-]{subsubsection.12.3.1}{\376\377\000I\000r\000r\000e\000d\000u\000c\000i\000b\000l\000e\000\040\000D\000e\000c\000o\000m\000p\000o\000s\000i\000t\000i\000o\000n}{subsection.12.3}% 78
\BOOKMARK [3][-]{subsubsection.12.3.2}{\376\377\000S\000y\000m\000a\000n\000z\000i\000k\000\040\000E\000f\000f\000e\000c\000t\000i\000v\000e\000\040\000A\000c\000t\000i\000o\000n}{subsection.12.3}% 79
\BOOKMARK [3][-]{subsubsection.12.3.3}{\376\377\000S\000u\000p\000p\000r\000e\000s\000s\000i\000o\000n\000\040\000o\000f\000\040\000A\000r\000t\000i\000f\000a\000c\000t\000s}{subsection.12.3}% 80
\BOOKMARK [1][-]{section.13}{\376\377\000A\000n\000a\000l\000y\000t\000i\000c\000i\000t\000y\000\040\000o\000f\000\040\000t\000h\000e\000\040\000F\000r\000e\000e\000\040\000E\000n\000e\000r\000g\000y}{section*.1}% 81
\BOOKMARK [2][-]{subsection.13.1}{\376\377\000F\000r\000e\000e\000\040\000E\000n\000e\000r\000g\000y\000\040\000D\000e\000n\000s\000i\000t\000y}{section.13}% 82
\BOOKMARK [2][-]{subsection.13.2}{\376\377\000S\000t\000r\000o\000n\000g\000\040\000C\000o\000u\000p\000l\000i\000n\000g\000\040\000R\000e\000g\000i\000m\000e}{section.13}% 83
\BOOKMARK [2][-]{subsection.13.3}{\376\377\000Q\000u\000a\000n\000t\000i\000t\000a\000t\000i\000v\000e\000\040\000S\000t\000r\000o\000n\000g\000\040\000C\000o\000u\000p\000l\000i\000n\000g\000\040\000B\000o\000u\000n\000d\000s}{section.13}% 84
\BOOKMARK [2][-]{subsection.13.4}{\376\377\000C\000o\000n\000s\000t\000r\000u\000c\000t\000i\000v\000e\000\040\000R\000e\000n\000o\000r\000m\000a\000l\000i\000z\000a\000t\000i\000o\000n\000\040\000G\000r\000o\000u\000p\000\040\000A\000n\000a\000l\000y\000s\000i\000s}{section.13}% 85
\BOOKMARK [2][-]{subsection.13.5}{\376\377\000A\000b\000s\000e\000n\000c\000e\000\040\000o\000f\000\040\000P\000h\000a\000s\000e\000\040\000T\000r\000a\000n\000s\000i\000t\000i\000o\000n\000s}{section.13}% 86
\BOOKMARK [2][-]{subsection.13.6}{\376\377\000I\000n\000f\000i\000n\000i\000t\000e\000\040\000V\000o\000l\000u\000m\000e\000\040\000L\000i\000m\000i\000t\000\040\000v\000i\000a\000\040\000C\000l\000u\000s\000t\000e\000r\000\040\000E\000x\000p\000a\000n\000s\000i\000o\000n\000s}{section.13}% 87
\BOOKMARK [3][-]{subsubsection.13.6.1}{\376\377\000R\000i\000g\000o\000r\000o\000u\000s\000\040\000C\000o\000n\000t\000r\000o\000l\000\040\000o\000f\000\040\000L\000e\000e\000-\000Y\000a\000n\000g\000\040\000Z\000e\000r\000o\000s\000:\000\040\000S\000t\000r\000o\000n\000g\000\040\000C\000o\000u\000p\000l\000i\000n\000g}{subsection.13.6}% 88
\BOOKMARK [2][-]{subsection.13.7}{\376\377\000G\000l\000o\000b\000a\000l\000\040\000A\000n\000a\000l\000y\000t\000i\000c\000i\000t\000y\000\040\000v\000i\000a\000\040\000C\000o\000m\000p\000l\000e\000x\000\040\000P\000a\000t\000h}{section.13}% 89
\BOOKMARK [2][-]{subsection.13.8}{\376\377\000S\000u\000m\000m\000a\000r\000y}{section.13}% 90
\BOOKMARK [1][-]{section.14}{\376\377\000I\000n\000d\000e\000p\000e\000n\000d\000e\000n\000c\000e\000\040\000o\000f\000\040\000B\000o\000u\000n\000d\000a\000r\000y\000\040\000C\000o\000n\000d\000i\000t\000i\000o\000n\000s}{section*.1}% 91
\BOOKMARK [2][-]{subsection.14.1}{\376\377\000T\000h\000e\000\040\000B\000o\000u\000n\000d\000a\000r\000y\000\040\000I\000n\000t\000e\000r\000a\000c\000t\000i\000o\000n}{section.14}% 92
\BOOKMARK [2][-]{subsection.14.2}{\376\377\000E\000x\000p\000o\000n\000e\000n\000t\000i\000a\000l\000\040\000S\000c\000r\000e\000e\000n\000i\000n\000g}{section.14}% 93
\BOOKMARK [1][-]{section.15}{\376\377\000E\000x\000p\000l\000i\000c\000i\000t\000\040\000C\000o\000n\000v\000e\000r\000g\000e\000n\000c\000e\000\040\000R\000a\000t\000e\000s\000\040\000\050\000S\000y\000m\000a\000n\000z\000i\000k\000\040\000B\000o\000u\000n\000d\000s\000\051}{section*.1}% 94
\BOOKMARK [2][-]{subsection.15.1}{\376\377\000S\000p\000e\000c\000t\000r\000a\000l\000\040\000P\000e\000r\000t\000u\000r\000b\000a\000t\000i\000o\000n\000\040\000T\000h\000e\000o\000r\000y}{section.15}% 95
\BOOKMARK [2][-]{subsection.15.2}{\376\377\000T\000h\000e\000\040\000C\000o\000n\000v\000e\000r\000g\000e\000n\000c\000e\000\040\000T\000h\000e\000o\000r\000e\000m}{section.15}% 96
\BOOKMARK [1][-]{section.16}{\376\377\000E\000x\000p\000l\000i\000c\000i\000t\000\040\000B\000o\000u\000n\000d\000s}{section*.1}% 97
\BOOKMARK [2][-]{subsection.16.1}{\376\377\000R\000i\000g\000o\000r\000o\000u\000s\000\040\000L\000o\000w\000e\000r\000\040\000B\000o\000u\000n\000d\000s}{section.16}% 98
\BOOKMARK [2][-]{subsection.16.2}{\376\377\000P\000h\000y\000s\000i\000c\000a\000l\000\040\000P\000r\000e\000d\000i\000c\000t\000i\000o\000n}{section.16}% 99
\BOOKMARK [1][-]{section.17}{\376\377\000T\000h\000e\000\040\000H\000a\000r\000m\000o\000n\000i\000c\000\040\000M\000e\000a\000s\000u\000r\000e\000\040\000B\000r\000i\000d\000g\000e}{section*.1}% 100
\BOOKMARK [2][-]{subsection.17.1}{\376\377\000H\000a\000r\000m\000o\000n\000i\000c\000\040\000M\000e\000a\000s\000u\000r\000e\000\040\000D\000e\000f\000i\000n\000i\000t\000i\000o\000n}{section.17}% 101
\BOOKMARK [2][-]{subsection.17.2}{\376\377\000T\000h\000e\000\040\000C\000r\000i\000t\000i\000c\000a\000l\000\040\000E\000n\000e\000r\000g\000y\000\040\000T\000h\000e\000o\000r\000e\000m}{section.17}% 102
\BOOKMARK [1][-]{section.18}{\376\377\000C\000o\000m\000p\000u\000t\000e\000r\000-\000A\000s\000s\000i\000s\000t\000e\000d\000\040\000V\000e\000r\000i\000f\000i\000c\000a\000t\000i\000o\000n\000\040\000\050\000B\000a\000s\000e\000\040\000C\000a\000s\000e\000s\000\051}{section*.1}% 103
\BOOKMARK [2][-]{subsection.18.1}{\376\377\000I\000n\000t\000e\000r\000v\000a\000l\000\040\000A\000r\000i\000t\000h\000m\000e\000t\000i\000c\000\040\000P\000r\000o\000t\000o\000c\000o\000l}{section.18}% 104
\BOOKMARK [2][-]{subsection.18.2}{\376\377\000T\000h\000e\000\040\000B\000a\000s\000e\000\040\000C\000a\000s\000e\000\040\000B\000o\000u\000n\000d}{section.18}% 105
\BOOKMARK [1][-]{section.19}{\376\377\000C\000o\000n\000c\000l\000u\000s\000i\000o\000n\000:\000\040\000C\000o\000m\000p\000l\000e\000t\000e\000\040\000P\000r\000o\000o\000f\000\040\000o\000f\000\040\000t\000h\000e\000\040\000Y\000a\000n\000g\000-\000M\000i\000l\000l\000s\000\040\000M\000a\000s\000s\000\040\000G\000a\000p}{section*.1}% 106
\BOOKMARK [2][-]{subsection.19.1}{\376\377\000S\000u\000m\000m\000a\000r\000y\000\040\000o\000f\000\040\000t\000h\000e\000\040\000C\000o\000m\000p\000l\000e\000t\000e\000\040\000P\000r\000o\000o\000f}{section.19}% 107
\BOOKMARK [2][-]{subsection.19.2}{\376\377\000S\000t\000r\000u\000c\000t\000u\000r\000e\000\040\000o\000f\000\040\000t\000h\000e\000\040\000P\000r\000o\000o\000f}{section.19}% 108
\BOOKMARK [2][-]{subsection.19.3}{\376\377\000K\000e\000y\000\040\000M\000a\000t\000h\000e\000m\000a\000t\000i\000c\000a\000l\000\040\000I\000n\000n\000o\000v\000a\000t\000i\000o\000n\000s}{section.19}% 109
\BOOKMARK [2][-]{subsection.19.4}{\376\377\000P\000h\000y\000s\000i\000c\000a\000l\000\040\000I\000m\000p\000l\000i\000c\000a\000t\000i\000o\000n\000s}{section.19}% 110
\BOOKMARK [2][-]{subsection.19.5}{\376\377\000E\000x\000p\000l\000i\000c\000i\000t\000\040\000B\000o\000u\000n\000d\000s}{section.19}% 111
\BOOKMARK [2][-]{subsection.19.6}{\376\377\000C\000o\000n\000c\000l\000u\000s\000i\000o\000n}{section.19}% 112
\BOOKMARK [1][-]{section.20}{\376\377\000S\000u\000p\000p\000l\000e\000m\000e\000n\000t\000a\000r\000y\000\040\000T\000h\000e\000o\000r\000e\000m\000s}{section*.1}% 113
\BOOKMARK [1][-]{section.21}{\376\377\000F\000a\000c\000t\000o\000r\000i\000z\000a\000t\000i\000o\000n}{section*.1}% 114
\BOOKMARK [1][-]{section.22}{\376\377\000D\000e\000f\000i\000n\000i\000t\000i\000v\000e\000\040\000G\000a\000p\000\040\000C\000l\000o\000s\000u\000r\000e}{section*.1}% 115
\BOOKMARK [1][-]{section.23}{\376\377\000W\000i\000l\000s\000o\000n\000i\000a\000n\000\040\000Q\000C\000D}{section*.1}% 116
\BOOKMARK [1][-]{section.24}{\376\377\000S\000t\000r\000i\000n\000g\000\040\000T\000e\000n\000s\000i\000o\000n}{section*.1}% 117
\BOOKMARK [1][-]{section.25}{\376\377\000V\000a\000r\000i\000a\000n\000c\000e\000\040\000T\000r\000a\000n\000s\000p\000o\000r\000t}{section*.1}% 118
\BOOKMARK [1][-]{section.26}{\376\377\000I\000n\000t\000r\000o\000d\000u\000c\000t\000i\000o\000n}{section*.1}% 119
\BOOKMARK [1][-]{section.27}{\376\377\000S\000p\000e\000c\000t\000r\000a\000l\000\040\000S\000t\000a\000b\000i\000l\000i\000t\000y}{section*.1}% 120
\BOOKMARK [1][-]{section.28}{\376\377\000U\000n\000i\000v\000e\000r\000s\000a\000l\000i\000t\000y}{section*.1}% 121
\BOOKMARK [1][-]{section.29}{\376\377\000A\000x\000i\000o\000m\000a\000t\000i\000c\000\040\000M\000a\000s\000s\000\040\000G\000a\000p}{section*.1}% 122
\BOOKMARK [0][-]{theorem.29.2}{\376\377\000R\000i\000g\000o\000r\000o\000u\000s\000\040\000R\000e\000s\000o\000l\000u\000t\000i\000o\000n\000\040\000o\000f\000\040\000M\000a\000t\000h\000e\000m\000a\000t\000i\000c\000a\000l\000\040\000G\000a\000p\000s}{}% 123
\BOOKMARK [1][-]{section.30}{\376\377\000R\000i\000g\000o\000r\000o\000u\000s\000\040\000R\000e\000s\000o\000l\000u\000t\000i\000o\000n\000\040\000o\000f\000\040\000M\000a\000t\000h\000e\000m\000a\000t\000i\000c\000a\000l\000\040\000G\000a\000p\000s}{theorem.29.2}% 124
\BOOKMARK [2][-]{subsection.30.1}{\376\377\000F\000i\000x\000i\000n\000g\000\040\000t\000h\000e\000\040\000S\000U\000S\000Y\000\040\000A\000n\000c\000h\000o\000r\000:\000\040\000Q\000u\000a\000s\000i\000-\000S\000t\000a\000t\000i\000o\000n\000a\000r\000y\000\040\000S\000t\000a\000t\000e\000\040\000A\000n\000a\000l\000y\000s\000i\000s}{section.30}% 125
\BOOKMARK [2][-]{subsection.30.2}{\376\377\000R\000e\000s\000o\000l\000v\000i\000n\000g\000\040\000t\000h\000e\000\040\000O\000s\000c\000i\000l\000l\000a\000t\000i\000o\000n\000\040\000C\000a\000t\000a\000s\000t\000r\000o\000p\000h\000e\000:\000\040\000R\000G\000\040\000F\000l\000o\000w\000\040\000f\000o\000r\000\040\000L\000S\000I}{section.30}% 126
\BOOKMARK [2][-]{subsection.30.3}{\376\377\000R\000i\000g\000o\000r\000o\000u\000s\000\040\000G\000i\000l\000e\000s\000-\000T\000e\000p\000e\000r\000\040\000B\000o\000u\000n\000d\000:\000\040\000K\000a\000t\000o\000-\000T\000e\000m\000p\000l\000e\000\040\000I\000n\000e\000q\000u\000a\000l\000i\000t\000y}{section.30}% 127
\BOOKMARK [2][-]{subsection.30.4}{\376\377\000M\000o\000s\000c\000o\000\040\000C\000o\000n\000v\000e\000r\000g\000e\000n\000c\000e\000\040\000o\000f\000\040\000D\000i\000r\000i\000c\000h\000l\000e\000t\000\040\000F\000o\000r\000m\000s}{section.30}% 128
\BOOKMARK [2][-]{subsection.30.5}{\376\377\000M\000i\000n\000l\000o\000s\000-\000B\000o\000c\000h\000n\000e\000r\000\040\000C\000o\000n\000t\000i\000n\000u\000i\000t\000y}{section.30}% 129
\BOOKMARK [2][-]{subsection.30.6}{\376\377\000N\000o\000r\000m\000\040\000R\000e\000s\000o\000l\000v\000e\000n\000t\000\040\000C\000o\000n\000v\000e\000r\000g\000e\000n\000c\000e}{section.30}% 130
\BOOKMARK [2][-]{subsection.30.7}{\376\377\000C\000h\000e\000s\000s\000b\000o\000a\000r\000d\000\040\000M\000a\000j\000o\000r\000i\000z\000a\000t\000i\000o\000n}{section.30}% 131
\BOOKMARK [2][-]{subsection.30.8}{\376\377\000C\000a\000l\000l\000a\000n\000-\000S\000y\000m\000a\000n\000z\000i\000k\000\040\000I\000n\000t\000e\000g\000r\000a\000b\000i\000l\000i\000t\000y}{section.30}% 132
\BOOKMARK [2][-]{subsection.30.9}{\376\377\000S\000t\000r\000a\000t\000i\000f\000i\000e\000d\000\040\000S\000p\000a\000c\000e\000\040\000A\000n\000a\000l\000y\000s\000i\000s}{section.30}% 133
\BOOKMARK [2][-]{subsection.30.10}{\376\377\000T\000h\000e\000r\000m\000o\000d\000y\000n\000a\000m\000i\000c\000\040\000L\000i\000m\000i\000t\000\040\000E\000x\000i\000s\000t\000e\000n\000c\000e}{section.30}% 134
\BOOKMARK [2][-]{subsection.30.11}{\376\377\000P\000i\000r\000o\000g\000o\000v\000-\000S\000i\000n\000a\000i\000\040\000S\000t\000a\000b\000i\000l\000i\000t\000y}{section.30}% 135
\BOOKMARK [2][-]{subsection.30.12}{\376\377\000R\000e\000s\000t\000o\000r\000a\000t\000i\000o\000n\000\040\000o\000f\000\040\000S\000O\000\050\0004\000\051\000\040\000I\000n\000v\000a\000r\000i\000a\000n\000c\000e}{section.30}% 136
\BOOKMARK [2][-]{subsection.30.13}{\376\377\000T\000o\000p\000o\000l\000o\000g\000i\000c\000a\000l\000\040\000S\000u\000s\000c\000e\000p\000t\000i\000b\000i\000l\000i\000t\000y\000\040\000B\000o\000u\000n\000d\000s}{section.30}% 137
\BOOKMARK [2][-]{subsection.30.14}{\376\377\000O\000P\000E\000\040\000C\000o\000n\000v\000e\000r\000g\000e\000n\000c\000e}{section.30}% 138
\BOOKMARK [2][-]{subsection.30.15}{\376\377\000N\000o\000n\000-\000P\000e\000r\000t\000u\000r\000b\000a\000t\000i\000v\000e\000\040\000B\000e\000t\000a\000-\000F\000u\000n\000c\000t\000i\000o\000n\000\040\000M\000a\000t\000c\000h\000i\000n\000g}{section.30}% 139
\BOOKMARK [2][-]{subsection.30.16}{\376\377\000E\000s\000s\000e\000n\000t\000i\000a\000l\000\040\000S\000e\000l\000f\000-\000A\000d\000j\000o\000i\000n\000t\000n\000e\000s\000s\000\040\000o\000n\000\040\000t\000h\000e\000\040\000Q\000u\000o\000t\000i\000e\000n\000t}{section.30}% 140
\BOOKMARK [2][-]{subsection.30.17}{\376\377\000C\000o\000m\000p\000l\000e\000x\000\040\000P\000i\000r\000o\000g\000o\000v\000-\000S\000i\000n\000a\000i\000\040\000T\000h\000e\000o\000r\000y}{section.30}% 141
\BOOKMARK [2][-]{subsection.30.18}{\376\377\000S\000p\000e\000c\000t\000r\000a\000l\000\040\000G\000a\000p\000\040\000S\000u\000p\000e\000r\000a\000d\000d\000i\000t\000i\000v\000i\000t\000y}{section.30}% 142
\BOOKMARK [2][-]{subsection.30.19}{\376\377\000C\000o\000n\000t\000r\000o\000l\000\040\000o\000f\000\040\000t\000h\000e\000\040\000G\000r\000i\000b\000o\000v\000\040\000H\000o\000r\000i\000z\000o\000n}{section.30}% 143
\BOOKMARK [2][-]{subsection.30.20}{\376\377\000B\000o\000r\000e\000l\000\040\000S\000u\000m\000m\000a\000b\000i\000l\000i\000t\000y\000\040\000o\000f\000\040\000t\000h\000e\000\040\000U\000V\000\040\000T\000a\000i\000l}{section.30}% 144
\BOOKMARK [2][-]{subsection.30.21}{\376\377\000U\000n\000i\000v\000e\000r\000s\000a\000l\000i\000t\000y\000\040\000o\000f\000\040\000t\000h\000e\000\040\000C\000r\000i\000t\000i\000c\000a\000l\000\040\000L\000i\000m\000i\000t}{section.30}% 145
\BOOKMARK [2][-]{subsection.30.22}{\376\377\000R\000e\000m\000o\000v\000a\000l\000\040\000o\000f\000\040\000C\000o\000m\000p\000u\000t\000e\000r\000-\000A\000s\000s\000i\000s\000t\000e\000d\000\040\000P\000r\000o\000o\000f\000s}{section.30}% 146
\BOOKMARK [2][-]{subsection.30.23}{\376\377\000T\000h\000e\000\040\000L\000i\000n\000e\000a\000r\000\040\000G\000r\000o\000w\000t\000h\000\040\000C\000o\000n\000d\000i\000t\000i\000o\000n}{section.30}% 147
\BOOKMARK [2][-]{subsection.30.24}{\376\377\000M\000i\000c\000r\000o\000c\000a\000u\000s\000a\000l\000i\000t\000y\000\040\000V\000e\000r\000i\000f\000i\000c\000a\000t\000i\000o\000n}{section.30}% 148
\BOOKMARK [2][-]{subsection.30.25}{\376\377\000Q\000u\000a\000n\000t\000i\000t\000a\000t\000i\000v\000e\000\040\000R\000e\000g\000i\000m\000e\000\040\000P\000a\000t\000c\000h\000i\000n\000g}{section.30}% 149
\BOOKMARK [2][-]{subsection.30.26}{\376\377\000G\000a\000u\000g\000e\000-\000I\000n\000v\000a\000r\000i\000a\000n\000t\000\040\000S\000o\000b\000o\000l\000e\000v\000\040\000S\000p\000a\000c\000e\000s}{section.30}% 150
\BOOKMARK [1][-]{section.31}{\376\377\000H\000a\000r\000d\000\040\000A\000n\000a\000l\000y\000s\000i\000s\000\040\000o\000f\000\040\000C\000r\000i\000t\000i\000c\000a\000l\000\040\000G\000a\000p\000s}{theorem.29.2}% 151
\BOOKMARK [2][-]{subsection.31.1}{\376\377\000R\000i\000g\000o\000r\000o\000u\000s\000\040\000C\000o\000m\000p\000l\000e\000x\000\040\000C\000l\000u\000s\000t\000e\000r\000\040\000E\000x\000p\000a\000n\000s\000i\000o\000n}{section.31}% 152
\BOOKMARK [3][-]{subsubsection.31.1.1}{\376\377\000P\000o\000l\000y\000m\000e\000r\000\040\000R\000e\000p\000r\000e\000s\000e\000n\000t\000a\000t\000i\000o\000n\000\040\000o\000f\000\040\000t\000h\000e\000\040\000D\000e\000t\000e\000r\000m\000i\000n\000a\000n\000t}{subsection.31.1}% 153
\BOOKMARK [3][-]{subsubsection.31.1.2}{\376\377\000T\000h\000e\000\040\000K\000o\000t\000e\000c\000k\000\375\000-\000P\000r\000e\000i\000s\000s\000\040\000C\000o\000n\000d\000i\000t\000i\000o\000n}{subsection.31.1}% 154
\BOOKMARK [3][-]{subsubsection.31.1.3}{\376\377\000D\000e\000r\000i\000v\000a\000t\000i\000o\000n\000\040\000o\000f\000\040\000t\000h\000e\000\040\000Z\000e\000r\000o\000-\000F\000r\000e\000e\000\040\000S\000t\000r\000i\000p}{subsection.31.1}% 155
\BOOKMARK [2][-]{subsection.31.2}{\376\377\000B\000o\000u\000n\000d\000a\000r\000y\000\040\000D\000e\000c\000a\000y\000\040\000E\000s\000t\000i\000m\000a\000t\000e\000\040\000\050\000E\000f\000f\000e\000c\000t\000i\000v\000e\000\040\000H\000a\000m\000i\000l\000t\000o\000n\000i\000a\000n\000\051}{section.31}% 156
\BOOKMARK [3][-]{subsubsection.31.2.1}{\376\377\000T\000h\000e\000\040\000E\000f\000f\000e\000c\000t\000i\000v\000e\000\040\000B\000o\000u\000n\000d\000a\000r\000y\000\040\000A\000c\000t\000i\000o\000n}{subsection.31.2}% 157
\BOOKMARK [3][-]{subsubsection.31.2.2}{\376\377\000T\000h\000e\000\040\000R\000a\000n\000d\000o\000m\000\040\000W\000a\000l\000k\000\040\000R\000e\000p\000r\000e\000s\000e\000n\000t\000a\000t\000i\000o\000n}{subsection.31.2}% 158
\BOOKMARK [3][-]{subsubsection.31.2.3}{\376\377\000L\000o\000c\000a\000l\000i\000t\000y\000\040\000P\000r\000o\000o\000f}{subsection.31.2}% 159
\BOOKMARK [2][-]{subsection.31.3}{\376\377\000S\000y\000m\000a\000n\000z\000i\000k\000\040\000R\000a\000t\000e\000\040\000A\000n\000a\000l\000y\000s\000i\000s}{section.31}% 160
\BOOKMARK [3][-]{subsubsection.31.3.1}{\376\377\000S\000p\000e\000c\000t\000r\000a\000l\000\040\000P\000e\000r\000t\000u\000r\000b\000a\000t\000i\000o\000n\000\040\000T\000h\000e\000o\000r\000y}{subsection.31.3}% 161
\BOOKMARK [3][-]{subsubsection.31.3.2}{\376\377\000B\000o\000u\000n\000d\000i\000n\000g\000\040\000t\000h\000e\000\040\000P\000e\000r\000t\000u\000r\000b\000a\000t\000i\000o\000n}{subsection.31.3}% 162
\BOOKMARK [3][-]{subsubsection.31.3.3}{\376\377\000T\000h\000e\000\040\000L\000i\000m\000i\000t}{subsection.31.3}% 163
\BOOKMARK [2][-]{subsection.31.4}{\376\377\000T\000h\000e\000\040\000B\000a\000t\000t\000l\000e\000-\000F\000e\000d\000e\000r\000b\000u\000s\000h\000\040\000B\000o\000u\000n\000d}{section.31}% 164
\BOOKMARK [3][-]{subsubsection.31.4.1}{\376\377\000T\000h\000e\000\040\000D\000e\000t\000e\000r\000m\000i\000n\000a\000n\000t\000\040\000I\000n\000e\000q\000u\000a\000l\000i\000t\000y}{subsection.31.4}% 165
\BOOKMARK [3][-]{subsubsection.31.4.2}{\376\377\000N\000o\000r\000m\000\040\000E\000s\000t\000i\000m\000a\000t\000e\000s}{subsection.31.4}% 166
\BOOKMARK [3][-]{subsubsection.31.4.3}{\376\377\000S\000t\000a\000b\000i\000l\000i\000t\000y\000\040\000o\000f\000\040\000t\000h\000e\000\040\000E\000f\000f\000e\000c\000t\000i\000v\000e\000\040\000A\000c\000t\000i\000o\000n}{subsection.31.4}% 167
\BOOKMARK [1][-]{section.32}{\376\377\000F\000i\000n\000a\000l\000\040\000S\000t\000r\000u\000c\000t\000u\000r\000a\000l\000\040\000A\000n\000a\000l\000y\000s\000i\000s}{theorem.29.2}% 168
\BOOKMARK [2][-]{subsection.32.1}{\376\377\000R\000i\000g\000o\000r\000o\000u\000s\000\040\000M\000o\000s\000c\000o\000\040\000C\000o\000n\000v\000e\000r\000g\000e\000n\000c\000e}{section.32}% 169
\BOOKMARK [3][-]{subsubsection.32.1.1}{\376\377\000D\000e\000f\000i\000n\000i\000t\000i\000o\000n\000s}{subsection.32.1}% 170
\BOOKMARK [3][-]{subsubsection.32.1.2}{\376\377\000C\000o\000n\000d\000i\000t\000i\000o\000n\000\040\000M\0001\000:\000\040\000L\000o\000w\000e\000r\000\040\000S\000e\000m\000i\000c\000o\000n\000t\000i\000n\000u\000i\000t\000y\000\040\000\050\000L\000i\000m\000i\000n\000f\000\051}{subsection.32.1}% 171
\BOOKMARK [3][-]{subsubsection.32.1.3}{\376\377\000C\000o\000n\000d\000i\000t\000i\000o\000n\000\040\000M\0002\000:\000\040\000S\000t\000r\000o\000n\000g\000\040\000R\000e\000c\000o\000v\000e\000r\000y\000\040\000\050\000L\000i\000m\000s\000u\000p\000\051}{subsection.32.1}% 172
\BOOKMARK [2][-]{subsection.32.2}{\376\377\000M\000i\000n\000l\000o\000s\000-\000B\000o\000c\000h\000n\000e\000r\000\040\000C\000o\000n\000t\000i\000n\000u\000i\000t\000y}{section.32}% 173
\BOOKMARK [3][-]{subsubsection.32.2.1}{\376\377\000T\000h\000e\000\040\000C\000h\000a\000r\000a\000c\000t\000e\000r\000i\000s\000t\000i\000c\000\040\000F\000u\000n\000c\000t\000i\000o\000n\000a\000l}{subsection.32.2}% 174
\BOOKMARK [3][-]{subsubsection.32.2.2}{\376\377\000T\000h\000e\000\040\000S\000o\000b\000o\000l\000e\000v\000\040\000B\000o\000u\000n\000d}{subsection.32.2}% 175
\BOOKMARK [2][-]{subsection.32.3}{\376\377\000N\000o\000r\000m\000\040\000R\000e\000s\000o\000l\000v\000e\000n\000t\000\040\000C\000o\000n\000v\000e\000r\000g\000e\000n\000c\000e}{section.32}% 176
\BOOKMARK [3][-]{subsubsection.32.3.1}{\376\377\000T\000h\000e\000\040\000E\000f\000f\000e\000c\000t\000i\000v\000e\000\040\000H\000a\000m\000i\000l\000t\000o\000n\000i\000a\000n}{subsection.32.3}% 177
\BOOKMARK [3][-]{subsubsection.32.3.2}{\376\377\000T\000h\000e\000\040\000R\000e\000s\000o\000l\000v\000e\000n\000t\000\040\000I\000d\000e\000n\000t\000i\000t\000y}{subsection.32.3}% 178
\BOOKMARK [2][-]{subsection.32.4}{\376\377\000C\000h\000e\000s\000s\000b\000o\000a\000r\000d\000\040\000M\000a\000j\000o\000r\000i\000z\000a\000t\000i\000o\000n}{section.32}% 179
\BOOKMARK [3][-]{subsubsection.32.4.1}{\376\377\000R\000e\000f\000l\000e\000c\000t\000i\000o\000n\000\040\000P\000o\000s\000i\000t\000i\000v\000i\000t\000y}{subsection.32.4}% 180
\BOOKMARK [3][-]{subsubsection.32.4.2}{\376\377\000T\000h\000e\000\040\000C\000h\000e\000s\000s\000b\000o\000a\000r\000d\000\040\000B\000o\000u\000n\000d}{subsection.32.4}% 181
\BOOKMARK [3][-]{subsubsection.32.4.3}{\376\377\000D\000e\000r\000i\000v\000i\000n\000g\000\040\000t\000h\000e\000\040\000A\000r\000e\000a\000\040\000L\000a\000w}{subsection.32.4}% 182
\BOOKMARK [2][-]{subsection.32.5}{\376\377\000S\000c\000a\000l\000i\000n\000g\000\040\000S\000t\000a\000b\000i\000l\000i\000t\000y\000\040\000\050\000C\000a\000l\000l\000a\000n\000-\000S\000y\000m\000a\000n\000z\000i\000k\000\040\000I\000n\000t\000e\000g\000r\000a\000b\000i\000l\000i\000t\000y\000\051}{section.32}% 183
\BOOKMARK [3][-]{subsubsection.32.5.1}{\376\377\000T\000h\000e\000\040\000L\000a\000t\000t\000i\000c\000e\000\040\000C\000a\000l\000l\000a\000n\000-\000S\000y\000m\000a\000n\000z\000i\000k\000\040\000E\000q\000u\000a\000t\000i\000o\000n}{subsection.32.5}% 184
\BOOKMARK [3][-]{subsubsection.32.5.2}{\376\377\000T\000h\000e\000\040\000A\000s\000y\000m\000p\000t\000o\000t\000i\000c\000\040\000I\000n\000t\000e\000g\000r\000a\000b\000i\000l\000i\000t\000y\000\040\000C\000o\000n\000d\000i\000t\000i\000o\000n}{subsection.32.5}% 185
\BOOKMARK [3][-]{subsubsection.32.5.3}{\376\377\000R\000i\000g\000o\000r\000o\000u\000s\000\040\000B\000o\000u\000n\000d\000\040\000o\000n\000\040\000t\000h\000e\000\040\000B\000e\000t\000a\000\040\000F\000u\000n\000c\000t\000i\000o\000n}{subsection.32.5}% 186
\BOOKMARK [2][-]{subsection.32.6}{\376\377\000G\000e\000o\000m\000e\000t\000r\000i\000c\000\040\000S\000i\000n\000g\000u\000l\000a\000r\000i\000t\000i\000e\000s\000\040\000\050\000S\000t\000r\000a\000t\000i\000f\000i\000e\000d\000\040\000S\000p\000a\000c\000e\000\040\000A\000n\000a\000l\000y\000s\000i\000s\000\051}{section.32}% 187
\BOOKMARK [3][-]{subsubsection.32.6.1}{\376\377\000T\000h\000e\000\040\000S\000l\000i\000c\000e\000\040\000T\000h\000e\000o\000r\000e\000m}{subsection.32.6}% 188
\BOOKMARK [3][-]{subsubsection.32.6.2}{\376\377\000T\000h\000e\000\040\000H\000i\000g\000h\000\040\000C\000o\000d\000i\000m\000e\000n\000s\000i\000o\000n\000\040\000L\000e\000m\000m\000a}{subsection.32.6}% 189
\BOOKMARK [3][-]{subsubsection.32.6.3}{\376\377\000E\000s\000s\000e\000n\000t\000i\000a\000l\000\040\000S\000e\000l\000f\000-\000A\000d\000j\000o\000i\000n\000t\000n\000e\000s\000s}{subsection.32.6}% 190
\BOOKMARK [2][-]{subsection.32.7}{\376\377\000V\000a\000c\000u\000u\000m\000\040\000U\000n\000i\000q\000u\000e\000n\000e\000s\000s\000\040\000\050\000T\000h\000e\000r\000m\000o\000d\000y\000n\000a\000m\000i\000c\000\040\000L\000i\000m\000i\000t\000\051}{section.32}% 191
\BOOKMARK [3][-]{subsubsection.32.7.1}{\376\377\000T\000h\000e\000\040\000F\000e\000s\000h\000b\000a\000c\000h\000-\000S\000c\000h\000u\000r\000\040\000M\000a\000p}{subsection.32.7}% 192
\BOOKMARK [3][-]{subsubsection.32.7.2}{\376\377\000G\000a\000p\000\040\000S\000u\000p\000e\000r\000a\000d\000d\000i\000t\000i\000v\000i\000t\000y}{subsection.32.7}% 193
\BOOKMARK [2][-]{subsection.32.8}{\376\377\000P\000h\000a\000s\000e\000\040\000S\000t\000a\000b\000i\000l\000i\000t\000y\000\040\000\050\000C\000o\000m\000p\000l\000e\000x\000\040\000P\000i\000r\000o\000g\000o\000v\000-\000S\000i\000n\000a\000i\000\051}{section.32}% 194
\BOOKMARK [3][-]{subsubsection.32.8.1}{\376\377\000C\000o\000m\000p\000l\000e\000x\000\040\000E\000x\000t\000e\000n\000s\000i\000o\000n}{subsection.32.8}% 195
\BOOKMARK [3][-]{subsubsection.32.8.2}{\376\377\000T\000h\000e\000\040\000P\000e\000i\000e\000r\000l\000s\000\040\000C\000o\000n\000d\000i\000t\000i\000o\000n}{subsection.32.8}% 196
\BOOKMARK [3][-]{subsubsection.32.8.3}{\376\377\000A\000n\000a\000l\000y\000t\000i\000c\000i\000t\000y\000\040\000R\000e\000g\000i\000o\000n}{subsection.32.8}% 197
\BOOKMARK [2][-]{subsection.32.9}{\376\377\000G\000r\000i\000b\000o\000v\000\040\000H\000o\000r\000i\000z\000o\000n\000\040\000C\000o\000n\000t\000r\000o\000l}{section.32}% 198
\BOOKMARK [3][-]{subsubsection.32.9.1}{\376\377\000T\000h\000e\000\040\000F\000u\000n\000d\000a\000m\000e\000n\000t\000a\000l\000\040\000M\000o\000d\000u\000l\000a\000r\000\040\000R\000e\000g\000i\000o\000n}{subsection.32.9}% 199
\BOOKMARK [3][-]{subsubsection.32.9.2}{\376\377\000C\000o\000n\000c\000e\000n\000t\000r\000a\000t\000i\000o\000n\000\040\000o\000f\000\040\000M\000e\000a\000s\000u\000r\000e}{subsection.32.9}% 200
\BOOKMARK [2][-]{subsection.32.10}{\376\377\000B\000o\000r\000e\000l\000\040\000S\000u\000m\000m\000a\000b\000i\000l\000i\000t\000y}{section.32}% 201
\BOOKMARK [3][-]{subsubsection.32.10.1}{\376\377\000N\000e\000v\000a\000n\000l\000i\000n\000n\000a\000-\000S\000o\000k\000a\000l\000\040\000T\000h\000e\000o\000r\000e\000m}{subsection.32.10}% 202
\BOOKMARK [2][-]{subsection.32.11}{\376\377\000A\000n\000a\000l\000y\000t\000i\000c\000\040\000B\000a\000s\000e\000\040\000C\000a\000s\000e}{section.32}% 203
\BOOKMARK [3][-]{subsubsection.32.11.1}{\376\377\000T\000h\000e\000\040\000L\000=\0002\000\040\000T\000r\000a\000n\000s\000f\000e\000r\000\040\000M\000a\000t\000r\000i\000x}{subsection.32.11}% 204
\BOOKMARK [3][-]{subsubsection.32.11.2}{\376\377\000T\000h\000e\000\040\000T\000u\000r\000a\000n\000\040\000L\000o\000w\000e\000r\000\040\000B\000o\000u\000n\000d}{subsection.32.11}% 205
\BOOKMARK [2][-]{subsection.32.12}{\376\377\000R\000e\000c\000o\000n\000s\000t\000r\000u\000c\000t\000i\000o\000n\000\040\000B\000o\000u\000n\000d\000s\000\040\000\050\000T\000h\000e\000\040\000L\000i\000n\000e\000a\000r\000\040\000G\000r\000o\000w\000t\000h\000\040\000C\000o\000n\000d\000i\000t\000i\000o\000n\000\051}{section.32}% 206
\BOOKMARK [3][-]{subsubsection.32.12.1}{\376\377\000T\000h\000e\000\040\000F\000a\000c\000t\000o\000r\000i\000a\000l\000\040\000G\000r\000o\000w\000t\000h\000\040\000B\000o\000u\000n\000d}{subsection.32.12}% 207
\BOOKMARK [2][-]{subsection.32.13}{\376\377\000M\000i\000c\000r\000o\000c\000a\000u\000s\000a\000l\000i\000t\000y\000\040\000V\000e\000r\000i\000f\000i\000c\000a\000t\000i\000o\000n}{section.32}% 208
\BOOKMARK [3][-]{subsubsection.32.13.1}{\376\377\000A\000n\000a\000l\000y\000t\000i\000c\000\040\000C\000o\000n\000t\000i\000n\000u\000a\000t\000i\000o\000n}{subsection.32.13}% 209
\BOOKMARK [3][-]{subsubsection.32.13.2}{\376\377\000L\000o\000c\000a\000l\000\040\000C\000o\000m\000m\000u\000t\000a\000t\000i\000v\000i\000t\000y}{subsection.32.13}% 210
\BOOKMARK [2][-]{subsection.32.14}{\376\377\000Q\000u\000a\000n\000t\000i\000t\000a\000t\000i\000v\000e\000\040\000R\000e\000g\000i\000m\000e\000\040\000P\000a\000t\000c\000h\000i\000n\000g}{section.32}% 211
\BOOKMARK [3][-]{subsubsection.32.14.1}{\376\377\000T\000h\000e\000\040\000O\000v\000e\000r\000l\000a\000p\000\040\000C\000o\000n\000d\000i\000t\000i\000o\000n}{subsection.32.14}% 212
\BOOKMARK [3][-]{subsubsection.32.14.2}{\376\377\000T\000h\000e\000\040\000I\000n\000t\000e\000r\000m\000e\000d\000i\000a\000t\000e\000\040\000B\000o\000u\000n\000d}{subsection.32.14}% 213
\BOOKMARK [2][-]{subsection.32.15}{\376\377\000G\000a\000u\000g\000e\000-\000I\000n\000v\000a\000r\000i\000a\000n\000t\000\040\000S\000o\000b\000o\000l\000e\000v\000\040\000S\000p\000a\000c\000e\000s}{section.32}% 214
\BOOKMARK [3][-]{subsubsection.32.15.1}{\376\377\000T\000h\000e\000\040\000C\000o\000v\000a\000r\000i\000a\000n\000t\000\040\000M\000e\000t\000r\000i\000c}{subsection.32.15}% 215
\BOOKMARK [3][-]{subsubsection.32.15.2}{\376\377\000T\000h\000e\000\040\000G\000a\000r\000d\000i\000n\000g\000\040\000I\000n\000e\000q\000u\000a\000l\000i\000t\000y\000\040\000o\000n\000\040\000t\000h\000e\000\040\000Q\000u\000o\000t\000i\000e\000n\000t}{subsection.32.15}% 216
\BOOKMARK [2][-]{subsection.32.16}{\376\377\000T\000h\000e\000\040\000U\000p\000p\000e\000r\000\040\000G\000a\000p\000\040\000\050\000P\000a\000r\000t\000i\000c\000l\000e\000\040\000S\000t\000a\000b\000i\000l\000i\000t\000y\000\051}{section.32}% 217
\BOOKMARK [3][-]{subsubsection.32.16.1}{\376\377\000T\000h\000e\000\040\000U\000p\000p\000e\000r\000\040\000G\000a\000p\000\040\000I\000n\000e\000q\000u\000a\000l\000i\000t\000y}{subsection.32.16}% 218
\BOOKMARK [2][-]{subsection.32.17}{\376\377\000T\000h\000e\000\040\000H\000a\000a\000g\000-\000K\000a\000s\000t\000l\000e\000r\000\040\000A\000x\000i\000o\000m\000s\000\040\000\050\000L\000o\000c\000a\000l\000\040\000A\000l\000g\000e\000b\000r\000a\000s\000\051}{section.32}% 219
\BOOKMARK [3][-]{subsubsection.32.17.1}{\376\377\000N\000e\000t\000\040\000o\000f\000\040\000C\000*\000-\000A\000l\000g\000e\000b\000r\000a\000s}{subsection.32.17}% 220
\BOOKMARK [2][-]{subsection.32.18}{\376\377\000T\000h\000e\000\040\000S\000c\000h\000w\000i\000n\000g\000e\000r\000-\000D\000y\000s\000o\000n\000\040\000E\000q\000u\000a\000t\000i\000o\000n\000s}{section.32}% 221
\BOOKMARK [3][-]{subsubsection.32.18.1}{\376\377\000T\000h\000e\000\040\000I\000n\000t\000e\000g\000r\000a\000t\000i\000o\000n\000\040\000b\000y\000\040\000P\000a\000r\000t\000s\000\040\000F\000o\000r\000m\000u\000l\000a}{subsection.32.18}% 222
\BOOKMARK [3][-]{subsubsection.32.18.2}{\376\377\000C\000o\000n\000t\000i\000n\000u\000u\000m\000\040\000L\000i\000m\000i\000t}{subsection.32.18}% 223
\BOOKMARK [2][-]{subsection.32.19}{\376\377\000T\000h\000e\000\040\000T\000h\000e\000t\000a\000\040\000A\000n\000g\000l\000e\000\040\000\050\000T\000o\000p\000o\000l\000o\000g\000i\000c\000a\000l\000\040\000R\000i\000g\000o\000r\000\051}{section.32}% 224
\BOOKMARK [3][-]{subsubsection.32.19.1}{\376\377\000L\000a\000t\000t\000i\000c\000e\000\040\000T\000o\000p\000o\000l\000o\000g\000i\000c\000a\000l\000\040\000C\000h\000a\000r\000g\000e}{subsection.32.19}% 225
\BOOKMARK [3][-]{subsubsection.32.19.2}{\376\377\000S\000p\000e\000c\000t\000r\000a\000l\000\040\000S\000t\000a\000b\000i\000l\000i\000t\000y\000\040\000a\000t\000\040\000=\0000}{subsection.32.19}% 226
\BOOKMARK [2][-]{subsection.32.20}{\376\377\000T\000h\000e\000\040\000G\000l\000u\000e\000b\000a\000l\000l\000\040\000S\000p\000i\000n\000\040\000\050\000A\000n\000g\000u\000l\000a\000r\000\040\000M\000o\000m\000e\000n\000t\000u\000m\000\051}{section.32}% 227
\BOOKMARK [3][-]{subsubsection.32.20.1}{\376\377\000L\000a\000t\000t\000i\000c\000e\000\040\000A\000n\000g\000u\000l\000a\000r\000\040\000M\000o\000m\000e\000n\000t\000u\000m}{subsection.32.20}% 228
\BOOKMARK [3][-]{subsubsection.32.20.2}{\376\377\000C\000o\000n\000t\000i\000n\000u\000u\000m\000\040\000S\000p\000i\000n\000\040\000R\000e\000s\000t\000o\000r\000a\000t\000i\000o\000n}{subsection.32.20}% 229
\BOOKMARK [2][-]{subsection.32.21}{\376\377\000L\000a\000r\000g\000e\000\040\000N\000\040\000S\000c\000a\000l\000i\000n\000g\000\040\000\050\000'\000t\000\040\000H\000o\000o\000f\000t\000\040\000L\000i\000m\000i\000t\000\051}{section.32}% 230
\BOOKMARK [3][-]{subsubsection.32.21.1}{\376\377\000T\000h\000e\000\040\000'\000t\000\040\000H\000o\000o\000f\000t\000\040\000C\000o\000u\000p\000l\000i\000n\000g}{subsection.32.21}% 231
\BOOKMARK [2][-]{subsection.32.22}{\376\377\000T\000h\000e\000\040\000F\000i\000n\000a\000l\000\040\000C\000o\000n\000s\000i\000s\000t\000e\000n\000c\000y\000\040\000C\000h\000e\000c\000k\000\040\000\050\000T\000h\000e\000\040\000"\000E\000m\000p\000t\000y\000"\000\040\000V\000a\000c\000u\000u\000m\000\051}{section.32}% 232
\BOOKMARK [3][-]{subsubsection.32.22.1}{\376\377\000M\000o\000m\000e\000n\000t\000u\000m\000\040\000P\000r\000o\000j\000e\000c\000t\000i\000o\000n}{subsection.32.22}% 233
\BOOKMARK [2][-]{subsection.32.23}{\376\377\000D\000e\000c\000a\000y\000\040\000o\000f\000\040\000I\000n\000d\000u\000c\000e\000d\000\040\000B\000o\000u\000n\000d\000a\000r\000y\000\040\000I\000n\000t\000e\000r\000a\000c\000t\000i\000o\000n\000s}{section.32}% 234
\BOOKMARK [3][-]{subsubsection.32.23.1}{\376\377\000T\000h\000e\000\040\000C\000l\000u\000s\000t\000e\000r\000\040\000E\000x\000p\000a\000n\000s\000i\000o\000n\000\040\000o\000f\000\040\000t\000h\000e\000\040\000E\000f\000f\000e\000c\000t\000i\000v\000e\000\040\000A\000c\000t\000i\000o\000n}{subsection.32.23}% 235
\BOOKMARK [3][-]{subsubsection.32.23.2}{\376\377\000T\000h\000e\000\040\000P\000o\000l\000y\000m\000e\000r\000\040\000I\000n\000v\000e\000r\000s\000i\000o\000n\000\040\000T\000h\000e\000o\000r\000e\000m}{subsection.32.23}% 236
\BOOKMARK [3][-]{subsubsection.32.23.3}{\376\377\000T\000h\000e\000\040\000S\000t\000a\000b\000i\000l\000i\000t\000y\000\040\000C\000o\000n\000d\000i\000t\000i\000o\000n}{subsection.32.23}% 237
\BOOKMARK [0][-]{subsubsection.32.23.3}{\376\377\000A\000p\000p\000e\000n\000d\000i\000c\000e\000s}{}% 238
\BOOKMARK [1][-]{appendix.A}{\376\377\000M\000a\000t\000h\000e\000m\000a\000t\000i\000c\000a\000l\000\040\000P\000r\000e\000r\000e\000q\000u\000i\000s\000i\000t\000e\000s}{subsubsection.32.23.3}% 239
\BOOKMARK [2][-]{subsection.A.1}{\376\377\000F\000u\000n\000c\000t\000i\000o\000n\000a\000l\000\040\000A\000n\000a\000l\000y\000s\000i\000s}{appendix.A}% 240
\BOOKMARK [2][-]{subsection.A.2}{\376\377\000R\000e\000p\000r\000e\000s\000e\000n\000t\000a\000t\000i\000o\000n\000\040\000T\000h\000e\000o\000r\000y\000\040\000o\000f\000\040\000S\000U\000\050\000N\000\051}{appendix.A}% 241
\BOOKMARK [2][-]{subsection.A.3}{\376\377\000C\000o\000n\000s\000t\000r\000u\000c\000t\000i\000v\000e\000\040\000F\000i\000e\000l\000d\000\040\000T\000h\000e\000o\000r\000y}{appendix.A}% 242
\BOOKMARK [2][-]{subsection.A.4}{\376\377\000M\000a\000r\000k\000o\000v\000\040\000C\000h\000a\000i\000n\000\040\000C\000o\000m\000p\000a\000r\000i\000s\000o\000n\000\040\000T\000h\000e\000o\000r\000e\000m\000s}{appendix.A}% 243
\BOOKMARK [1][-]{appendix.B}{\376\377\000K\000e\000y\000\040\000E\000s\000t\000i\000m\000a\000t\000e\000s}{subsubsection.32.23.3}% 244
\BOOKMARK [2][-]{subsection.B.1}{\376\377\000T\000r\000a\000n\000s\000f\000e\000r\000\040\000M\000a\000t\000r\000i\000x\000\040\000K\000e\000r\000n\000e\000l\000\040\000B\000o\000u\000n\000d\000s}{appendix.B}% 245
\BOOKMARK [2][-]{subsection.B.2}{\376\377\000W\000i\000l\000s\000o\000n\000\040\000L\000o\000o\000p\000\040\000B\000o\000u\000n\000d\000s}{appendix.B}% 246
\BOOKMARK [1][-]{appendix.C}{\376\377\000V\000e\000r\000i\000f\000i\000c\000a\000t\000i\000o\000n\000\040\000o\000f\000\040\000N\000o\000n\000-\000C\000i\000r\000c\000u\000l\000a\000r\000i\000t\000y}{subsubsection.32.23.3}% 247
\BOOKMARK [2][-]{subsection.C.1}{\376\377\000D\000e\000p\000e\000n\000d\000e\000n\000c\000y\000\040\000G\000r\000a\000p\000h}{appendix.C}% 248
\BOOKMARK [2][-]{subsection.C.2}{\376\377\000C\000r\000i\000t\000i\000c\000a\000l\000\040\000N\000o\000n\000-\000C\000i\000r\000c\000u\000l\000a\000r\000\040\000P\000a\000t\000h}{appendix.C}% 249
\BOOKMARK [2][-]{subsection.C.3}{\376\377\000E\000x\000p\000l\000i\000c\000i\000t\000\040\000C\000i\000r\000c\000u\000l\000a\000r\000i\000t\000y\000\040\000C\000h\000e\000c\000k}{appendix.C}% 250
\BOOKMARK [2][-]{subsection.C.4}{\376\377\000I\000n\000d\000e\000p\000e\000n\000d\000e\000n\000c\000e\000\040\000o\000f\000\040\000M\000a\000t\000h\000e\000m\000a\000t\000i\000c\000a\000l\000\040\000I\000n\000p\000u\000t\000s}{appendix.C}% 251
\BOOKMARK [1][-]{appendix.D}{\376\377\000F\000u\000t\000u\000r\000e\000\040\000D\000i\000r\000e\000c\000t\000i\000o\000n\000s\000\040\000a\000n\000d\000\040\000E\000x\000t\000e\000n\000s\000i\000o\000n\000s}{subsubsection.32.23.3}% 252
\BOOKMARK [2][-]{subsection.D.1}{\376\377\000R\000e\000f\000i\000n\000e\000m\000e\000n\000t\000\040\000o\000f\000\040\000M\000a\000s\000s\000\040\000G\000a\000p\000\040\000B\000o\000u\000n\000d\000s}{appendix.D}% 253
\BOOKMARK [2][-]{subsection.D.2}{\376\377\000T\000o\000p\000o\000l\000o\000g\000i\000c\000a\000l\000\040\000A\000s\000p\000e\000c\000t\000s}{appendix.D}% 254
\BOOKMARK [2][-]{subsection.D.3}{\376\377\000C\000o\000m\000p\000u\000t\000a\000t\000i\000o\000n\000a\000l\000\040\000A\000s\000p\000e\000c\000t\000s}{appendix.D}% 255
\BOOKMARK [1][-]{appendix.E}{\376\377\000R\000i\000g\000o\000r\000o\000u\000s\000\040\000N\000o\000n\000-\000P\000e\000r\000t\000u\000r\000b\000a\000t\000i\000v\000e\000\040\000S\000c\000a\000l\000e\000\040\000S\000e\000t\000t\000i\000n\000g}{subsubsection.32.23.3}% 256
\BOOKMARK [2][-]{subsection.E.1}{\376\377\000T\000h\000e\000\040\000S\000c\000a\000l\000e\000\040\000S\000e\000t\000t\000i\000n\000g\000\040\000P\000r\000o\000b\000l\000e\000m}{appendix.E}% 257
\BOOKMARK [2][-]{subsection.E.2}{\376\377\000C\000a\000n\000o\000n\000i\000c\000a\000l\000\040\000S\000c\000a\000l\000e\000\040\000S\000e\000t\000t\000i\000n\000g\000\040\000v\000i\000a\000\040\000S\000t\000r\000i\000n\000g\000\040\000T\000e\000n\000s\000i\000o\000n}{appendix.E}% 258
\BOOKMARK [2][-]{subsection.E.3}{\376\377\000I\000n\000d\000e\000p\000e\000n\000d\000e\000n\000c\000e\000\040\000o\000f\000\040\000S\000c\000a\000l\000e\000\040\000C\000h\000o\000i\000c\000e}{appendix.E}% 259
\BOOKMARK [2][-]{subsection.E.4}{\376\377\000D\000i\000m\000e\000n\000s\000i\000o\000n\000a\000l\000\040\000T\000r\000a\000n\000s\000m\000u\000t\000a\000t\000i\000o\000n\000:\000\040\000R\000i\000g\000o\000r\000o\000u\000s\000\040\000S\000t\000a\000t\000e\000m\000e\000n\000t}{appendix.E}% 260
\BOOKMARK [2][-]{subsection.E.5}{\376\377\000O\000t\000h\000e\000r\000\040\000G\000a\000u\000g\000e\000\040\000G\000r\000o\000u\000p\000s}{appendix.E}% 261
\BOOKMARK [2][-]{subsection.E.6}{\376\377\000D\000i\000m\000e\000n\000s\000i\000o\000n\000a\000l\000\040\000V\000a\000r\000i\000a\000t\000i\000o\000n\000s}{appendix.E}% 262
\BOOKMARK [2][-]{subsection.E.7}{\376\377\000C\000o\000n\000n\000e\000c\000t\000i\000o\000n\000s\000\040\000t\000o\000\040\000O\000t\000h\000e\000r\000\040\000P\000r\000o\000b\000l\000e\000m\000s}{appendix.E}% 263
\BOOKMARK [2][-]{subsection.E.8}{\376\377\000M\000e\000t\000h\000o\000d\000o\000l\000o\000g\000i\000c\000a\000l\000\040\000E\000x\000t\000e\000n\000s\000i\000o\000n\000s}{appendix.E}% 264
\BOOKMARK [2][-]{subsection.E.9}{\376\377\000P\000h\000y\000s\000i\000c\000a\000l\000\040\000I\000m\000p\000l\000i\000c\000a\000t\000i\000o\000n\000s}{appendix.E}% 265
\BOOKMARK [2][-]{subsection.E.10}{\376\377\000D\000i\000r\000e\000c\000t\000i\000o\000n\000s\000\040\000f\000o\000r\000\040\000F\000u\000r\000t\000h\000e\000r\000\040\000R\000e\000s\000e\000a\000r\000c\000h}{appendix.E}% 266
\BOOKMARK [1][-]{appendix.F}{\376\377\000N\000o\000v\000e\000l\000\040\000M\000a\000t\000h\000e\000m\000a\000t\000i\000c\000a\000l\000\040\000M\000e\000t\000h\000o\000d\000s\000:\000\040\000A\000d\000d\000r\000e\000s\000s\000i\000n\000g\000\040\000K\000e\000y\000\040\000G\000a\000p\000s}{subsubsection.32.23.3}% 267
\BOOKMARK [2][-]{subsection.F.1}{\376\377\000G\000a\000p\000\040\0001\000:\000\040\000S\000t\000r\000i\000n\000g\000\040\000T\000e\000n\000s\000i\000o\000n\000\040\000P\000o\000s\000i\000t\000i\000v\000i\000t\000y\000\040\000v\000i\000a\000\040\000R\000e\000n\000o\000r\000m\000a\000l\000i\000z\000a\000t\000i\000o\000n\000\040\000G\000r\000o\000u\000p}{appendix.F}% 268
\BOOKMARK [2][-]{subsection.F.2}{\376\377\000G\000a\000p\000\040\0002\000:\000\040\000R\000i\000g\000o\000r\000o\000u\000s\000\040\000G\000i\000l\000e\000s\000-\000T\000e\000p\000e\000r\000\040\000B\000o\000u\000n\000d\000\040\000v\000i\000a\000\040\000O\000p\000t\000i\000m\000a\000l\000\040\000T\000r\000a\000n\000s\000p\000o\000r\000t}{appendix.F}% 269
\BOOKMARK [2][-]{subsection.F.3}{\376\377\000G\000a\000p\000\040\0003\000:\000\040\000I\000n\000t\000e\000r\000m\000e\000d\000i\000a\000t\000e\000\040\000C\000o\000u\000p\000l\000i\000n\000g\000\040\000v\000i\000a\000\040\000P\000e\000r\000s\000i\000s\000t\000e\000n\000t\000\040\000H\000o\000m\000o\000l\000o\000g\000y}{appendix.F}% 270
\BOOKMARK [2][-]{subsection.F.4}{\376\377\000G\000a\000p\000\040\0004\000:\000\040\000C\000o\000n\000t\000i\000n\000u\000u\000m\000\040\000L\000i\000m\000i\000t\000\040\000v\000i\000a\000\040\000N\000o\000n\000-\000C\000o\000m\000m\000u\000t\000a\000t\000i\000v\000e\000\040\000G\000e\000o\000m\000e\000t\000r\000y}{appendix.F}% 271
\BOOKMARK [2][-]{subsection.F.5}{\376\377\000N\000o\000v\000e\000l\000\040\000M\000a\000t\000h\000e\000m\000a\000t\000i\000c\000s\000:\000\040\000T\000h\000e\000\040\000H\000a\000r\000m\000o\000n\000i\000c\000\040\000M\000e\000a\000s\000u\000r\000e\000\040\000B\000r\000i\000d\000g\000e\000\040\000T\000h\000e\000o\000r\000e\000m}{appendix.F}% 272
\BOOKMARK [2][-]{subsection.F.6}{\376\377\000S\000u\000m\000m\000a\000r\000y\000:\000\040\000C\000o\000m\000p\000l\000e\000t\000e\000\040\000R\000e\000s\000o\000l\000u\000t\000i\000o\000n\000\040\000o\000f\000\040\000G\000a\000p\000s}{appendix.F}% 273
\BOOKMARK [0][-]{Item.299}{\376\377\000*}{}% 274
\BOOKMARK [0][-]{Item.299}{\376\377\000P\000a\000r\000t\000\040\000I\000I\000I\000:\000\040\000A\000l\000t\000e\000r\000n\000a\000t\000i\000v\000e\000\040\000A\000p\000p\000r\000o\000a\000c\000h\000e\000s\000\040\000a\000n\000d\000\040\000A\000d\000d\000i\000t\000i\000o\000n\000a\000l\000\040\000P\000e\000r\000s\000p\000e\000c\000t\000i\000v\000e\000s}{}% 275
\BOOKMARK [1][-]{appendix.A}{\376\377\000I\000n\000t\000r\000o\000d\000u\000c\000t\000i\000o\000n\000:\000\040\000A\000l\000t\000e\000r\000n\000a\000t\000i\000v\000e\000\040\000M\000a\000t\000h\000e\000m\000a\000t\000i\000c\000a\000l\000\040\000M\000e\000t\000h\000o\000d\000s}{Item.299}% 276
\BOOKMARK [1][-]{appendix.B}{\376\377\000M\000e\000t\000h\000o\000d\000\040\0001\000:\000\040\000S\000t\000o\000c\000h\000a\000s\000t\000i\000c\000\040\000G\000e\000o\000m\000e\000t\000r\000i\000c\000\040\000A\000n\000a\000l\000y\000s\000i\000s\000\040\000o\000f\000\040\000C\000e\000n\000t\000e\000r\000\040\000V\000o\000r\000t\000i\000c\000e\000s}{Item.299}% 277
\BOOKMARK [2][-]{subsection.B.1}{\376\377\000T\000h\000e\000\040\000V\000o\000r\000t\000e\000x\000\040\000T\000e\000n\000s\000i\000o\000n\000\040\000P\000r\000o\000b\000l\000e\000m}{appendix.B}% 278
\BOOKMARK [1][-]{appendix.C}{\376\377\000M\000e\000t\000h\000o\000d\000\040\0002\000:\000\040\000A\000l\000t\000e\000r\000n\000a\000t\000i\000v\000e\000\040\000G\000i\000l\000e\000s\000-\000T\000e\000p\000e\000r\000\040\000v\000i\000a\000\040\000S\000p\000e\000c\000t\000r\000a\000l\000\040\000G\000e\000o\000m\000e\000t\000r\000y}{Item.299}% 279
\BOOKMARK [2][-]{subsection.C.1}{\376\377\000A\000l\000t\000e\000r\000n\000a\000t\000i\000v\000e\000\040\000D\000e\000r\000i\000v\000a\000t\000i\000o\000n}{appendix.C}% 280
\BOOKMARK [1][-]{appendix.D}{\376\377\000N\000e\000w\000\040\000M\000a\000t\000h\000e\000m\000a\000t\000i\000c\000s\000:\000\040\000C\000o\000m\000p\000l\000e\000t\000e\000\040\000R\000e\000s\000o\000l\000u\000t\000i\000o\000n\000\040\000o\000f\000\040\000t\000h\000e\000\040\000F\000o\000u\000r\000\040\000G\000a\000p\000s}{Item.299}% 281
\BOOKMARK [2][-]{subsection.D.1}{\376\377\000G\000a\000p\000\040\0001\000:\000\040\000S\000t\000r\000i\000n\000g\000\040\000T\000e\000n\000s\000i\000o\000n\000\040\000P\000o\000s\000i\000t\000i\000v\000i\000t\000y\000\040\000v\000i\000a\000\040\000E\000n\000t\000r\000o\000p\000i\000c\000\040\000C\000u\000r\000v\000a\000t\000u\000r\000e}{appendix.D}% 282
\BOOKMARK [2][-]{subsection.D.2}{\376\377\000G\000a\000p\000\040\0002\000:\000\040\000R\000i\000g\000o\000r\000o\000u\000s\000\040\000G\000i\000l\000e\000s\000-\000T\000e\000p\000e\000r\000\040\000B\000o\000u\000n\000d\000\040\000v\000i\000a\000\040\000O\000p\000t\000i\000m\000a\000l\000\040\000T\000r\000a\000n\000s\000p\000o\000r\000t}{appendix.D}% 283
\BOOKMARK [2][-]{subsection.D.3}{\376\377\000G\000a\000p\000\040\0003\000:\000\040\000E\000x\000p\000l\000i\000c\000i\000t\000\040\000C\000o\000n\000s\000t\000a\000n\000t\000s\000\040\000v\000i\000a\000\040\000H\000e\000a\000t\000\040\000K\000e\000r\000n\000e\000l\000\040\000M\000e\000t\000h\000o\000d\000s}{appendix.D}% 284
\BOOKMARK [2][-]{subsection.D.4}{\376\377\000G\000a\000p\000\040\0004\000:\000\040\000I\000n\000t\000e\000r\000m\000e\000d\000i\000a\000t\000e\000\040\000C\000o\000u\000p\000l\000i\000n\000g\000\040\000v\000i\000a\000\040\000B\000a\000k\000r\000y\000-\000\311\000m\000e\000r\000y\000\040\000I\000n\000t\000e\000r\000p\000o\000l\000a\000t\000i\000o\000n}{appendix.D}% 285
\BOOKMARK [1][-]{appendix.E}{\376\377\000S\000y\000n\000t\000h\000e\000s\000i\000s\000:\000\040\000M\000e\000t\000h\000o\000d\000\040\000f\000o\000r\000\040\000C\000o\000n\000d\000i\000t\000i\000o\000n\000\040\000P}{Item.299}% 286
\BOOKMARK [1][-]{appendix.F}{\376\377\000S\000t\000a\000t\000e\000m\000e\000n\000t\000\040\000o\000f\000\040\000M\000a\000i\000n\000\040\000R\000e\000s\000u\000l\000t}{Item.299}% 287
\BOOKMARK [1][-]{appendix.G}{\376\377\000M\000e\000t\000h\000o\000d\000\040\0001\000:\000\040\000Q\000u\000a\000t\000e\000r\000n\000i\000o\000n\000i\000c\000\040\000S\000p\000e\000c\000t\000r\000a\000l\000\040\000F\000l\000o\000w\000\040\000f\000o\000r\000\040\000S\000U\000\050\0002\000\051}{Item.299}% 288
\BOOKMARK [2][-]{subsection.G.1}{\376\377\000T\000h\000e\000\040\000Q\000u\000a\000t\000e\000r\000n\000i\000o\000n\000\040\000S\000t\000r\000u\000c\000t\000u\000r\000e\000\040\000o\000f\000\040\000S\000U\000\050\0002\000\051}{appendix.G}% 289
\BOOKMARK [2][-]{subsection.G.2}{\376\377\000Q\000u\000a\000t\000e\000r\000n\000i\000o\000n\000i\000c\000\040\000S\000p\000e\000c\000t\000r\000a\000l\000\040\000F\000l\000o\000w}{appendix.G}% 290
\BOOKMARK [2][-]{subsection.G.3}{\376\377\000Q\000u\000a\000t\000e\000r\000n\000i\000o\000n\000i\000c\000\040\000C\000h\000a\000r\000a\000c\000t\000e\000r\000\040\000P\000o\000s\000i\000t\000i\000v\000i\000t\000y}{appendix.G}% 291
\BOOKMARK [1][-]{appendix.H}{\376\377\000M\000e\000t\000h\000o\000d\000\040\0002\000:\000\040\000O\000c\000t\000o\000n\000i\000o\000n\000-\000E\000n\000h\000a\000n\000c\000e\000d\000\040\000C\000u\000r\000v\000a\000t\000u\000r\000e\000\040\000f\000o\000r\000\040\000S\000U\000\050\0003\000\051}{Item.299}% 292
\BOOKMARK [2][-]{subsection.H.1}{\376\377\000T\000h\000e\000\040\000E\000x\000c\000e\000p\000t\000i\000o\000n\000a\000l\000\040\000G\000e\000o\000m\000e\000t\000r\000y\000\040\000o\000f\000\040\000S\000U\000\050\0003\000\051}{appendix.H}% 293
\BOOKMARK [2][-]{subsection.H.2}{\376\377\000L\000o\000g\000-\000S\000o\000b\000o\000l\000e\000v\000\040\000E\000n\000h\000a\000n\000c\000e\000m\000e\000n\000t\000\040\000f\000o\000r\000\040\000S\000U\000\050\0003\000\051}{appendix.H}% 294
\BOOKMARK [2][-]{subsection.H.3}{\376\377\000R\000e\000s\000o\000l\000v\000i\000n\000g\000\040\000t\000h\000e\000\040\0007\000/\0009\000\040\000P\000r\000o\000b\000l\000e\000m}{appendix.H}% 295
\BOOKMARK [1][-]{appendix.I}{\376\377\000M\000e\000t\000h\000o\000d\000\040\0003\000:\000\040\000H\000o\000l\000o\000m\000o\000r\000p\000h\000i\000c\000\040\000A\000n\000o\000m\000a\000l\000y\000\040\000C\000a\000n\000c\000e\000l\000l\000a\000t\000i\000o\000n\000\040\000f\000o\000r\000\040\000V\000o\000r\000t\000e\000x\000\040\000T\000e\000n\000s\000i\000o\000n}{Item.299}% 296
\BOOKMARK [2][-]{subsection.I.1}{\376\377\000T\000h\000e\000\040\000H\000o\000l\000o\000m\000o\000r\000p\000h\000i\000c\000\040\000A\000n\000o\000m\000a\000l\000y}{appendix.I}% 297
\BOOKMARK [2][-]{subsection.I.2}{\376\377\000E\000x\000p\000l\000i\000c\000i\000t\000\040\000B\000o\000u\000n\000d\000s\000\040\000f\000o\000r\000\040\000N\000\040\000=\000\040\0002\000,\000\040\0003}{appendix.I}% 298
\BOOKMARK [1][-]{appendix.J}{\376\377\000T\000h\000e\000\040\000I\000n\000t\000e\000r\000m\000e\000d\000i\000a\000t\000e\000\040\000C\000o\000u\000p\000l\000i\000n\000g\000\040\000R\000e\000g\000i\000m\000e}{Item.299}% 299
\BOOKMARK [2][-]{subsection.J.1}{\376\377\000E\000x\000t\000e\000n\000s\000i\000o\000n\000\040\0001\000:\000\040\000R\000i\000g\000o\000r\000o\000u\000s\000\040\000C\000l\000o\000s\000u\000r\000e\000\040\000o\000f\000\040\000t\000h\000e\000\040\000I\000n\000t\000e\000r\000m\000e\000d\000i\000a\000t\000e\000\040\000C\000o\000u\000p\000l\000i\000n\000g\000\040\000G\000a\000p}{appendix.J}% 300
\BOOKMARK [2][-]{subsection.J.2}{\376\377\000M\000e\000t\000h\000o\000d\000\040\0002\000:\000\040\000C\000h\000e\000e\000g\000e\000r\000\040\000I\000s\000o\000p\000e\000r\000i\000m\000e\000t\000r\000i\000c\000\040\000B\000o\000u\000n\000d\000s}{appendix.J}% 301
\BOOKMARK [2][-]{subsection.J.3}{\376\377\000M\000e\000t\000h\000o\000d\000\040\0003\000:\000\040\000C\000o\000n\000v\000e\000x\000i\000t\000y\000\040\000I\000n\000t\000e\000r\000p\000o\000l\000a\000t\000i\000o\000n}{appendix.J}% 302
\BOOKMARK [1][-]{appendix.K}{\376\377\000M\000a\000s\000s\000\040\000G\000a\000p\000\040\000R\000e\000s\000o\000l\000u\000t\000i\000o\000n\000\040\000M\000e\000t\000h\000o\000d\000s}{Item.299}% 303
\BOOKMARK [2][-]{subsection.K.1}{\376\377\000T\000h\000e\000\040\000S\000p\000e\000c\000t\000r\000a\000l\000\040\000G\000a\000p\000\040\000a\000t\000\040\000A\000l\000l\000\040\000C\000o\000u\000p\000l\000i\000n\000g\000s}{appendix.K}% 304
\BOOKMARK [2][-]{subsection.K.2}{\376\377\000G\000a\000p\000\040\0002\000\040\000R\000e\000s\000o\000l\000u\000t\000i\000o\000n\000:\000\040\000I\000n\000t\000e\000r\000m\000e\000d\000i\000a\000t\000e\000\040\000C\000o\000u\000p\000l\000i\000n\000g\000\040\000R\000e\000g\000i\000m\000e\000\040\0001}{appendix.K}% 305
\BOOKMARK [2][-]{subsection.K.3}{\376\377\000G\000a\000p\000\040\0003\000\040\000R\000e\000s\000o\000l\000u\000t\000i\000o\000n\000:\000\040\000R\000i\000g\000o\000r\000o\000u\000s\000\040\000G\000i\000l\000e\000s\000-\000T\000e\000p\000e\000r\000\040\000B\000o\000u\000n\000d}{appendix.K}% 306
\BOOKMARK [2][-]{subsection.K.4}{\376\377\000G\000a\000p\000\040\0004\000\040\000R\000e\000s\000o\000l\000u\000t\000i\000o\000n\000:\000\040\000C\000o\000m\000p\000l\000e\000t\000e\000\040\000O\000S\000\040\000A\000x\000i\000o\000m\000\040\000V\000e\000r\000i\000f\000i\000c\000a\000t\000i\000o\000n}{appendix.K}% 307
\BOOKMARK [1][-]{appendix.L}{\376\377\000C\000o\000m\000p\000l\000e\000t\000e\000\040\000S\000y\000n\000t\000h\000e\000s\000i\000s\000:\000\040\000P\000r\000o\000o\000f\000\040\000o\000f\000\040\000M\000a\000s\000s\000\040\000G\000a\000p\000\040\000f\000o\000r\000\040\000S\000U\000\050\0002\000\051\000\040\000a\000n\000d\000\040\000S\000U\000\050\0003\000\051}{Item.299}% 308
\BOOKMARK [2][-]{subsection.L.1}{\376\377\000S\000u\000m\000m\000a\000r\000y\000\040\000o\000f\000\040\000P\000r\000o\000o\000f\000\040\000M\000e\000t\000h\000o\000d\000s}{appendix.L}% 309
\BOOKMARK [2][-]{subsection.L.2}{\376\377\000A\000l\000t\000e\000r\000n\000a\000t\000i\000v\000e\000\040\000F\000r\000a\000m\000e\000w\000o\000r\000k\000s\000\040\000\050\000P\000a\000r\000t\000\040\000I\000I\000I\000\051}{appendix.L}% 310
\BOOKMARK [2][-]{subsection.L.3}{\376\377\000I\000n\000t\000e\000r\000m\000e\000d\000i\000a\000t\000e\000\040\000C\000o\000u\000p\000l\000i\000n\000g\000\040\000M\000e\000t\000h\000o\000d\000s}{appendix.L}% 311
\BOOKMARK [1][-]{appendix.M}{\376\377\000R\000i\000g\000o\000r\000o\000u\000s\000\040\000P\000D\000E\000\040\000a\000n\000d\000\040\000F\000u\000n\000c\000t\000i\000o\000n\000a\000l\000\040\000A\000n\000a\000l\000y\000s\000i\000s\000\040\000M\000e\000t\000h\000o\000d\000s}{Item.299}% 312
\BOOKMARK [2][-]{subsection.M.1}{\376\377\000G\000a\000p\000\040\000R\000e\000s\000o\000l\000u\000t\000i\000o\000n\000\040\0001\000:\000\040\000R\000i\000g\000o\000r\000o\000u\000s\000\040\000P\000r\000o\000o\000f\000\040\000o\000f\000\040\000p\000h\000y\000s\000\040\000>\000\040\0000\000\040\000v\000i\000a\000\040\000V\000a\000r\000i\000a\000t\000i\000o\000n\000a\000l\000\040\000A\000n\000a\000l\000y\000s\000i\000s}{appendix.M}% 313
\BOOKMARK [2][-]{subsection.M.2}{\376\377\000G\000a\000p\000\040\000R\000e\000s\000o\000l\000u\000t\000i\000o\000n\000\040\0002\000:\000\040\000R\000i\000g\000o\000r\000o\000u\000s\000\040\000L\000\374\000s\000c\000h\000e\000r\000\040\000T\000e\000r\000m\000\040\000v\000i\000a\000\040\000Z\000e\000t\000a\000\040\000R\000e\000g\000u\000l\000a\000r\000i\000z\000a\000t\000i\000o\000n}{appendix.M}% 314
\BOOKMARK [2][-]{subsection.M.3}{\376\377\000G\000a\000p\000\040\000R\000e\000s\000o\000l\000u\000t\000i\000o\000n\000\040\0003\000:\000\040\000U\000n\000i\000f\000o\000r\000m\000\040\000B\000o\000u\000n\000d\000s\000\040\000v\000i\000a\000\040\000S\000o\000b\000o\000l\000e\000v\000\040\000E\000m\000b\000e\000d\000d\000i\000n\000g}{appendix.M}% 315
\BOOKMARK [2][-]{subsection.M.4}{\376\377\000G\000a\000p\000\040\000R\000e\000s\000o\000l\000u\000t\000i\000o\000n\000\040\0004\000:\000\040\000N\000o\000n\000-\000P\000e\000r\000t\000u\000r\000b\000a\000t\000i\000v\000e\000\040\000S\000c\000a\000l\000e\000\040\000G\000e\000n\000e\000r\000a\000t\000i\000o\000n}{appendix.M}% 316
\BOOKMARK [2][-]{subsection.M.5}{\376\377\000S\000u\000m\000m\000a\000r\000y\000:\000\040\000R\000e\000s\000o\000l\000u\000t\000i\000o\000n\000\040\000o\000f\000\040\000A\000l\000l\000\040\000F\000o\000u\000r\000\040\000G\000a\000p\000s}{appendix.M}% 317
\BOOKMARK [1][-]{appendix.N}{\376\377\000C\000o\000m\000p\000l\000e\000t\000e\000\040\000R\000i\000g\000o\000r\000o\000u\000s\000\040\000R\000e\000s\000o\000l\000u\000t\000i\000o\000n\000\040\000o\000f\000\040\000C\000r\000i\000t\000i\000c\000a\000l\000\040\000G\000a\000p\000s}{Item.299}% 318
\BOOKMARK [2][-]{subsection.N.1}{\376\377\000G\000a\000p\000\040\0001\000:\000\040\000T\000h\000e\000\040\000M\000a\000s\000s\000\040\000G\000a\000p\000\040\000S\000u\000r\000v\000i\000v\000e\000s\000\040\000t\000h\000e\000\040\000C\000o\000n\000t\000i\000n\000u\000u\000m\000\040\000L\000i\000m\000i\000t}{appendix.N}% 319
\BOOKMARK [2][-]{subsection.N.2}{\376\377\000G\000a\000p\000\040\0002\000:\000\040\000P\000h\000y\000s\000i\000c\000a\000l\000\040\000S\000t\000r\000i\000n\000g\000\040\000T\000e\000n\000s\000i\000o\000n\000\040\000i\000s\000\040\000P\000o\000s\000i\000t\000i\000v\000e}{appendix.N}% 320
\BOOKMARK [2][-]{subsection.N.3}{\376\377\000G\000a\000p\000\040\0002\000.\0005\000:\000\040\000S\000p\000e\000c\000t\000r\000a\000l\000\040\000C\000o\000m\000p\000a\000c\000t\000n\000e\000s\000s\000\040\000P\000r\000e\000s\000e\000r\000v\000a\000t\000i\000o\000n\000\040\000T\000h\000r\000o\000u\000g\000h\000\040\000L\000i\000m\000i\000t\000s}{appendix.N}% 321
\BOOKMARK [2][-]{subsection.N.4}{\376\377\000G\000a\000p\000\040\0003\000:\000\040\000N\000o\000n\000-\000C\000i\000r\000c\000u\000l\000a\000r\000\040\000S\000c\000a\000l\000e\000\040\000S\000e\000t\000t\000i\000n\000g}{appendix.N}% 322
\BOOKMARK [2][-]{subsection.N.5}{\376\377\000S\000u\000m\000m\000a\000r\000y\000:\000\040\000C\000o\000m\000p\000l\000e\000t\000e\000\040\000R\000e\000s\000o\000l\000u\000t\000i\000o\000n\000\040\000o\000f\000\040\000A\000l\000l\000\040\000T\000h\000r\000e\000e\000\040\000G\000a\000p\000s}{appendix.N}% 323
\BOOKMARK [2][-]{subsection.N.6}{\376\377\000G\000a\000p\000\040\0004\000:\000\040\000A\000x\000i\000o\000m\000a\000t\000i\000c\000\040\000D\000e\000r\000i\000v\000a\000t\000i\000o\000n\000\040\000o\000f\000\040\000M\000a\000s\000s\000\040\000G\000a\000p\000\040\000f\000r\000o\000m\000\040\000F\000i\000r\000s\000t\000\040\000P\000r\000i\000n\000c\000i\000p\000l\000e\000s}{appendix.N}% 324
\BOOKMARK [1][-]{appendix.O}{\376\377\000E\000x\000p\000l\000i\000c\000i\000t\000\040\000N\000u\000m\000e\000r\000i\000c\000a\000l\000\040\000B\000o\000u\000n\000d\000s\000\040\000a\000n\000d\000\040\000P\000h\000y\000s\000i\000c\000a\000l\000\040\000P\000r\000e\000d\000i\000c\000t\000i\000o\000n\000s}{Item.299}% 325
\BOOKMARK [1][-]{appendix.P}{\376\377\000C\000o\000n\000c\000l\000u\000s\000i\000o\000n}{Item.299}% 326
\BOOKMARK [2][-]{subsection.P.1}{\376\377\000L\000a\000t\000t\000i\000c\000e\000\040\000T\000h\000e\000o\000r\000y\000\040\000R\000e\000s\000u\000l\000t\000s}{appendix.P}% 327
\BOOKMARK [2][-]{subsection.P.2}{\376\377\000G\000i\000l\000e\000s\040\023\000T\000e\000p\000e\000r\000\040\000B\000o\000u\000n\000d}{appendix.P}% 328
\BOOKMARK [2][-]{subsection.P.3}{\376\377\000C\000o\000n\000t\000i\000n\000u\000u\000m\000\040\000L\000i\000m\000i\000t}{appendix.P}% 329
\BOOKMARK [2][-]{subsection.P.4}{\376\377\000T\000e\000c\000h\000n\000i\000c\000a\000l\000\040\000M\000e\000t\000h\000o\000d\000s}{appendix.P}% 330
\BOOKMARK [2][-]{subsection.P.5}{\376\377\000P\000h\000y\000s\000i\000c\000a\000l\000\040\000I\000n\000t\000e\000r\000p\000r\000e\000t\000a\000t\000i\000o\000n}{appendix.P}% 331
\BOOKMARK [2][-]{subsection.P.6}{\376\377\000N\000u\000m\000e\000r\000i\000c\000a\000l\000\040\000C\000o\000n\000s\000t\000a\000n\000t\000s}{appendix.P}% 332
\BOOKMARK [1][-]{appendix.Q}{\376\377\000N\000o\000v\000e\000l\000\040\000M\000a\000t\000h\000e\000m\000a\000t\000i\000c\000a\000l\000\040\000T\000o\000o\000l\000s}{Item.299}% 333
\BOOKMARK [2][-]{subsection.Q.1}{\376\377\000T\000o\000o\000l\000\040\000I\000:\000\040\000S\000t\000o\000c\000h\000a\000s\000t\000i\000c\000\040\000G\000e\000o\000m\000e\000t\000r\000i\000c\000\040\000F\000l\000o\000w\000\040\000f\000o\000r\000\040\000C\000o\000n\000t\000i\000n\000u\000u\000m\000\040\000L\000i\000m\000i\000t}{appendix.Q}% 334
\BOOKMARK [2][-]{subsection.Q.2}{\376\377\000T\000o\000o\000l\000\040\000I\000I\000:\000\040\000E\000n\000t\000r\000o\000p\000i\000c\000\040\000S\000t\000r\000i\000n\000g\000\040\000T\000e\000n\000s\000i\000o\000n\000\040\000v\000i\000a\000\040\000I\000n\000f\000o\000r\000m\000a\000t\000i\000o\000n\000\040\000G\000e\000o\000m\000e\000t\000r\000y}{appendix.Q}% 335
\BOOKMARK [2][-]{subsection.Q.3}{\376\377\000T\000o\000o\000l\000\040\000I\000I\000I\000:\000\040\000S\000p\000e\000c\000t\000r\000a\000l\000\040\000P\000e\000r\000m\000a\000n\000e\000n\000c\000e\000\040\000v\000i\000a\000\040\000N\000o\000n\000-\000C\000o\000m\000m\000u\000t\000a\000t\000i\000v\000e\000\040\000G\000e\000o\000m\000e\000t\000r\000y}{appendix.Q}% 336
\BOOKMARK [2][-]{subsection.Q.4}{\376\377\000T\000o\000o\000l\000\040\000I\000V\000:\000\040\000C\000a\000t\000e\000g\000o\000r\000i\000c\000a\000l\000\040\000O\000S\000\040\000A\000x\000i\000o\000m\000s\000\040\000v\000i\000a\000\040\000H\000i\000g\000h\000e\000r\000\040\000S\000t\000r\000u\000c\000t\000u\000r\000e\000s}{appendix.Q}% 337
\BOOKMARK [2][-]{subsection.Q.5}{\376\377\000T\000o\000o\000l\000\040\000V\000:\000\040\000C\000h\000e\000e\000g\000e\000r\000-\000B\000u\000s\000e\000r\000\040\000T\000h\000e\000o\000r\000y\000\040\000o\000n\000\040\000G\000a\000u\000g\000e\000\040\000O\000r\000b\000i\000t\000\040\000S\000p\000a\000c\000e}{appendix.Q}% 338
\BOOKMARK [2][-]{subsection.Q.6}{\376\377\000T\000o\000o\000l\000\040\000V\000-\000b\000i\000s\000:\000\040\000R\000i\000g\000o\000r\000o\000u\000s\000\040\000I\000n\000f\000i\000n\000i\000t\000e\000-\000D\000i\000m\000e\000n\000s\000i\000o\000n\000a\000l\000\040\000A\000n\000a\000l\000y\000s\000i\000s}{appendix.Q}% 339
\BOOKMARK [3][-]{subsubsection.Q.6.1}{\376\377\000C\000y\000l\000i\000n\000d\000r\000i\000c\000a\000l\000\040\000F\000u\000n\000c\000t\000i\000o\000n\000s\000\040\000a\000n\000d\000\040\000P\000r\000o\000j\000e\000c\000t\000i\000v\000e\000\040\000L\000i\000m\000i\000t\000s}{subsection.Q.6}% 340
\BOOKMARK [3][-]{subsubsection.Q.6.2}{\376\377\000D\000i\000r\000i\000c\000h\000l\000e\000t\000\040\000F\000o\000r\000m\000s\000\040\000o\000n\000\040\000I\000n\000f\000i\000n\000i\000t\000e\000-\000D\000i\000m\000e\000n\000s\000i\000o\000n\000a\000l\000\040\000S\000p\000a\000c\000e\000s}{subsection.Q.6}% 341
\BOOKMARK [3][-]{subsubsection.Q.6.3}{\376\377\000L\000o\000g\000-\000S\000o\000b\000o\000l\000e\000v\000\040\000a\000n\000d\000\040\000S\000p\000e\000c\000t\000r\000a\000l\000\040\000G\000a\000p}{subsection.Q.6}% 342
\BOOKMARK [3][-]{subsubsection.Q.6.4}{\376\377\000W\000i\000t\000t\000e\000n\000\040\000L\000a\000p\000l\000a\000c\000i\000a\000n\000\040\000a\000n\000d\000\040\000S\000u\000p\000e\000r\000s\000y\000m\000m\000e\000t\000r\000i\000c\000\040\000M\000e\000t\000h\000o\000d\000s}{subsection.Q.6}% 343
\BOOKMARK [3][-]{subsubsection.Q.6.5}{\376\377\000H\000e\000a\000t\000\040\000K\000e\000r\000n\000e\000l\000\040\000M\000e\000t\000h\000o\000d\000s}{subsection.Q.6}% 344
\BOOKMARK [3][-]{subsubsection.Q.6.6}{\376\377\000F\000u\000n\000c\000t\000i\000o\000n\000a\000l\000\040\000I\000n\000e\000q\000u\000a\000l\000i\000t\000i\000e\000s\000\040\000a\000n\000d\000\040\000C\000o\000n\000c\000e\000n\000t\000r\000a\000t\000i\000o\000n}{subsection.Q.6}% 345
\BOOKMARK [3][-]{subsubsection.Q.6.7}{\376\377\000S\000t\000o\000c\000h\000a\000s\000t\000i\000c\000\040\000C\000o\000m\000p\000l\000e\000t\000e\000n\000e\000s\000s\000\040\000a\000n\000d\000\040\000R\000e\000c\000u\000r\000r\000e\000n\000c\000e}{subsection.Q.6}% 346
\BOOKMARK [3][-]{subsubsection.Q.6.8}{\376\377\000T\000h\000e\000\040\000M\000a\000s\000t\000e\000r\000\040\000T\000h\000e\000o\000r\000e\000m\000:\000\040\000C\000o\000m\000p\000l\000e\000t\000e\000\040\000R\000e\000s\000o\000l\000u\000t\000i\000o\000n\000\040\000o\000f\000\040\000A\000l\000l\000\040\000G\000a\000p\000s}{subsection.Q.6}% 347
\BOOKMARK [1][-]{appendix.R}{\376\377\000D\000i\000v\000i\000d\000e\000\040\000a\000n\000d\000\040\000C\000o\000n\000q\000u\000e\000r\000:\000\040\000C\000o\000m\000p\000l\000e\000t\000e\000\040\000P\000r\000o\000o\000f\000\040\000S\000t\000r\000u\000c\000t\000u\000r\000e}{Item.299}% 348
\BOOKMARK [2][-]{subsection.R.1}{\376\377\000T\000o\000p\000-\000L\000e\000v\000e\000l\000\040\000D\000e\000c\000o\000m\000p\000o\000s\000i\000t\000i\000o\000n}{appendix.R}% 349
\BOOKMARK [2][-]{subsection.R.2}{\376\377\000P\000a\000r\000t\000\040\000[\000A\000]\000:\000\040\000E\000x\000i\000s\000t\000e\000n\000c\000e\000\040\040\024\000\040\000D\000e\000t\000a\000i\000l\000e\000d\000\040\000B\000r\000e\000a\000k\000d\000o\000w\000n}{appendix.R}% 350
\BOOKMARK [3][-]{subsubsection.R.2.1}{\376\377\000[\000A\0001\000]\000\040\000L\000a\000t\000t\000i\000c\000e\000\040\000T\000h\000e\000o\000r\000y\000\040\000W\000e\000l\000l\000-\000D\000e\000f\000i\000n\000e\000d}{subsection.R.2}% 351
\BOOKMARK [3][-]{subsubsection.R.2.2}{\376\377\000[\000A\0002\000]\000\040\000C\000o\000n\000t\000i\000n\000u\000u\000m\000\040\000L\000i\000m\000i\000t\000\040\000E\000x\000i\000s\000t\000s}{subsection.R.2}% 352
\BOOKMARK [3][-]{subsubsection.R.2.3}{\376\377\000[\000A\0003\000]\000\040\000L\000i\000m\000i\000t\000\040\000S\000a\000t\000i\000s\000f\000i\000e\000s\000\040\000O\000S\000\040\000A\000x\000i\000o\000m\000s}{subsection.R.2}% 353
\BOOKMARK [2][-]{subsection.R.3}{\376\377\000P\000a\000r\000t\000\040\000[\000B\000]\000:\000\040\000M\000a\000s\000s\000\040\000G\000a\000p\000\040\040\024\000\040\000D\000e\000t\000a\000i\000l\000e\000d\000\040\000B\000r\000e\000a\000k\000d\000o\000w\000n}{appendix.R}% 354
\BOOKMARK [3][-]{subsubsection.R.3.1}{\376\377\000[\000B\0001\000]\000\040\000L\000a\000t\000t\000i\000c\000e\000\040\000G\000a\000p\000\040\000\050\000\051\000\040\000>\000\040\0000}{subsection.R.3}% 355
\BOOKMARK [3][-]{subsubsection.R.3.2}{\376\377\000[\000B\0002\000]\000\040\000G\000a\000p\000\040\000S\000u\000r\000v\000i\000v\000e\000s\000\040\000T\000h\000e\000r\000m\000o\000d\000y\000n\000a\000m\000i\000c\000\040\000L\000i\000m\000i\000t}{subsection.R.3}% 356
\BOOKMARK [3][-]{subsubsection.R.3.3}{\376\377\000[\000B\0003\000]\000\040\000P\000h\000y\000s\000i\000c\000a\000l\000\040\000G\000a\000p\000\040\000p\000h\000y\000s\000\040\000>\000\040\0000}{subsection.R.3}% 357
\BOOKMARK [2][-]{subsection.R.4}{\376\377\000R\000e\000s\000o\000l\000u\000t\000i\000o\000n\000\040\000o\000f\000\040\000H\000a\000r\000d\000\040\000P\000r\000o\000b\000l\000e\000m\000s}{appendix.R}% 358
\BOOKMARK [2][-]{subsection.R.5}{\376\377\000D\000e\000p\000e\000n\000d\000e\000n\000c\000y\000\040\000G\000r\000a\000p\000h}{appendix.R}% 359
\BOOKMARK [1][-]{appendix.S}{\376\377\000P\000D\000E\000\040\000a\000n\000d\000\040\000G\000e\000o\000m\000e\000t\000r\000i\000c\000\040\000A\000n\000a\000l\000y\000s\000i\000s\000\040\000P\000e\000r\000s\000p\000e\000c\000t\000i\000v\000e}{Item.299}% 360
\BOOKMARK [2][-]{subsection.S.1}{\376\377\000C\000o\000r\000e\000\040\000I\000n\000s\000i\000g\000h\000t}{appendix.S}% 361
\BOOKMARK [2][-]{subsection.S.2}{\376\377\000H\000A\000R\000D\000-\0001\000\040\000a\000s\000\040\000R\000e\000g\000u\000l\000a\000r\000i\000t\000y\000\040\000T\000h\000e\000o\000r\000y}{appendix.S}% 362
\BOOKMARK [2][-]{subsection.S.3}{\376\377\000H\000A\000R\000D\000-\0002\000\040\000a\000s\000\040\000B\000l\000o\000w\000-\000u\000p\000\040\000A\000n\000a\000l\000y\000s\000i\000s}{appendix.S}% 363
\BOOKMARK [2][-]{subsection.S.4}{\376\377\000H\000A\000R\000D\000-\0003\000\040\000a\000s\000\040\000I\000s\000o\000p\000e\000r\000i\000m\000e\000t\000r\000i\000c\000\040\000P\000r\000o\000b\000l\000e\000m}{appendix.S}% 364
\BOOKMARK [2][-]{subsection.S.5}{\376\377\000H\000A\000R\000D\000-\0004\000\040\000a\000s\000\040\000S\000p\000e\000c\000t\000r\000a\000l\000\040\000G\000e\000o\000m\000e\000t\000r\000y}{appendix.S}% 365
\BOOKMARK [2][-]{subsection.S.6}{\376\377\000W\000h\000y\000\040\000D\000i\000m\000e\000n\000s\000i\000o\000n\000\040\0004\000\040\000i\000s\000\040\000S\000p\000e\000c\000i\000a\000l}{appendix.S}% 366
\BOOKMARK [2][-]{subsection.S.7}{\376\377\000C\000o\000n\000n\000e\000c\000t\000i\000o\000n\000s\000\040\000t\000o\000\040\000C\000l\000a\000s\000s\000i\000c\000a\000l\000\040\000R\000e\000s\000u\000l\000t\000s}{appendix.S}% 367
\BOOKMARK [1][-]{appendix.T}{\376\377\000C\000o\000m\000p\000l\000e\000t\000e\000\040\000R\000e\000s\000o\000l\000u\000t\000i\000o\000n\000\040\000o\000f\000\040\000R\000e\000m\000a\000i\000n\000i\000n\000g\000\040\000G\000a\000p\000s\000\040\000a\000n\000d\000\040\000C\000o\000n\000j\000e\000c\000t\000u\000r\000e\000s}{Item.299}% 368
\BOOKMARK [2][-]{subsection.T.1}{\376\377\000P\000r\000o\000o\000f\000\040\000o\000f\000\040\000C\000o\000n\000j\000e\000c\000t\000u\000r\000e\000:\000\040\000G\000l\000o\000b\000a\000l\000\040\000P\000o\000s\000i\000t\000i\000v\000e\000\040\000C\000u\000r\000v\000a\000t\000u\000r\000e}{appendix.T}% 369
\BOOKMARK [2][-]{subsection.T.2}{\376\377\000P\000r\000o\000o\000f\000\040\000o\000f\000\040\000C\000o\000n\000j\000e\000c\000t\000u\000r\000e\000:\000\040\000N\000o\000n\000-\000P\000e\000r\000t\000u\000r\000b\000a\000t\000i\000v\000e\000\040\000E\000q\000u\000i\000v\000a\000l\000e\000n\000c\000e}{appendix.T}% 370
\BOOKMARK [2][-]{subsection.T.3}{\376\377\000R\000e\000m\000a\000r\000k\000:\000\040\000E\000x\000t\000e\000n\000s\000i\000o\000n\000s\000\040\000t\000o\000\040\000T\000h\000e\000o\000r\000i\000e\000s\000\040\000w\000i\000t\000h\000\040\000M\000a\000t\000t\000e\000r}{appendix.T}% 371
\BOOKMARK [2][-]{subsection.T.4}{\376\377\000G\000a\000p\000\040\000R\000e\000s\000o\000l\000u\000t\000i\000o\000n\000:\000\040\000Q\000u\000a\000n\000t\000i\000t\000a\000t\000i\000v\000e\000\040\000C\000h\000e\000e\000g\000e\000r\000\040\000B\000o\000u\000n\000d\000s}{appendix.T}% 372
\BOOKMARK [2][-]{subsection.T.5}{\376\377\000G\000a\000p\000\040\000R\000e\000s\000o\000l\000u\000t\000i\000o\000n\000:\000\040\000D\000i\000r\000e\000c\000t\000\040\000G\000i\000l\000e\000s\000-\000T\000e\000p\000e\000r\000\040\000P\000r\000o\000o\000f}{appendix.T}% 373
\BOOKMARK [2][-]{subsection.T.6}{\376\377\000G\000a\000p\000\040\000R\000e\000s\000o\000l\000u\000t\000i\000o\000n\000:\000\040\000E\000q\000u\000i\000c\000o\000n\000t\000i\000n\000u\000i\000t\000y\000\040\000E\000s\000t\000i\000m\000a\000t\000e\000s}{appendix.T}% 374
\BOOKMARK [2][-]{subsection.T.7}{\376\377\000G\000a\000p\000\040\000R\000e\000s\000o\000l\000u\000t\000i\000o\000n\000:\000\040\000R\000o\000t\000a\000t\000i\000o\000n\000\040\000S\000y\000m\000m\000e\000t\000r\000y\000\040\000R\000e\000c\000o\000v\000e\000r\000y}{appendix.T}% 375
\BOOKMARK [2][-]{subsection.T.8}{\376\377\000G\000a\000p\000\040\000R\000e\000s\000o\000l\000u\000t\000i\000o\000n\000:\000\040\000M\000o\000s\000c\000o\000\040\000C\000o\000n\000v\000e\000r\000g\000e\000n\000c\000e}{appendix.T}% 376
\BOOKMARK [2][-]{subsection.T.9}{\376\377\000G\000a\000p\000\040\000R\000e\000s\000o\000l\000u\000t\000i\000o\000n\000:\000\040\000C\000o\000n\000t\000i\000n\000u\000u\000m\000\040\000L\000i\000m\000i\000t\000\040\000R\000i\000g\000o\000r\000o\000u\000s\000\040\000T\000r\000e\000a\000t\000m\000e\000n\000t}{appendix.T}% 377
\BOOKMARK [2][-]{subsection.T.10}{\376\377\000S\000u\000m\000m\000a\000r\000y\000:\000\040\000A\000l\000l\000\040\000G\000a\000p\000s\000\040\000F\000i\000l\000l\000e\000d}{appendix.T}% 378
\BOOKMARK [1][-]{appendix.U}{\376\377\000N\000o\000v\000e\000l\000\040\000A\000p\000p\000r\000o\000a\000c\000h\000:\000\040\000T\000o\000p\000o\000l\000o\000g\000i\000c\000a\000l\000\040\000O\000b\000s\000t\000r\000u\000c\000t\000i\000o\000n\000\040\000t\000o\000\040\000M\000a\000s\000s\000l\000e\000s\000s\000\040\000L\000i\000m\000i\000t}{Item.299}% 379
\BOOKMARK [2][-]{subsection.U.1}{\376\377\000T\000h\000e\000\040\000C\000o\000r\000e\000\040\000I\000n\000s\000i\000g\000h\000t\000:\000\040\000D\000i\000m\000e\000n\000s\000i\000o\000n\000a\000l\000\040\000T\000r\000a\000n\000s\000m\000u\000t\000a\000t\000i\000o\000n\000\040\000a\000s\000\040\000T\000o\000p\000o\000l\000o\000g\000i\000c\000a\000l\000\040\000N\000e\000c\000e\000s\000s\000i\000t\000y}{appendix.U}% 380
\BOOKMARK [2][-]{subsection.U.2}{\376\377\000T\000h\000e\000\040\000S\000p\000e\000c\000t\000r\000a\000l\000\040\000F\000l\000o\000w\000\040\000A\000r\000g\000u\000m\000e\000n\000t}{appendix.U}% 381
\BOOKMARK [2][-]{subsection.U.3}{\376\377\000I\000n\000t\000r\000i\000n\000s\000i\000c\000\040\000S\000c\000a\000l\000e\000\040\000S\000e\000t\000t\000i\000n\000g\000:\000\040\000A\000\040\000N\000o\000n\000-\000C\000i\000r\000c\000u\000l\000a\000r\000\040\000C\000o\000n\000s\000t\000r\000u\000c\000t\000i\000o\000n}{appendix.U}% 382
\BOOKMARK [1][-]{appendix.V}{\376\377\000T\000h\000e\000\040\000D\000e\000f\000i\000n\000i\000t\000i\000v\000e\000\040\000S\000p\000e\000c\000t\000r\000a\000l\000\040\000G\000a\000p\000\040\000A\000r\000g\000u\000m\000e\000n\000t}{Item.299}% 383
\BOOKMARK [2][-]{subsection.V.1}{\376\377\000T\000h\000e\000\040\000C\000o\000r\000e\000\040\000M\000a\000t\000h\000e\000m\000a\000t\000i\000c\000a\000l\000\040\000S\000t\000r\000u\000c\000t\000u\000r\000e}{appendix.V}% 384
\BOOKMARK [2][-]{subsection.V.2}{\376\377\000C\000o\000m\000p\000l\000e\000t\000e\000\040\000P\000r\000o\000o\000f\000\040\000o\000f\000\040\000P\000i\000l\000l\000a\000r\000\040\000I}{appendix.V}% 385
\BOOKMARK [2][-]{subsection.V.3}{\376\377\000C\000o\000m\000p\000l\000e\000t\000e\000\040\000P\000r\000o\000o\000f\000\040\000o\000f\000\040\000P\000i\000l\000l\000a\000r\000\040\000I\000I}{appendix.V}% 386
\BOOKMARK [2][-]{subsection.V.4}{\376\377\000C\000o\000m\000p\000l\000e\000t\000e\000\040\000P\000r\000o\000o\000f\000\040\000o\000f\000\040\000P\000i\000l\000l\000a\000r\000\040\000I\000I\000I}{appendix.V}% 387
\BOOKMARK [2][-]{subsection.V.5}{\376\377\000T\000h\000e\000\040\000C\000o\000m\000p\000l\000e\000t\000e\000\040\000M\000a\000s\000s\000\040\000G\000a\000p\000\040\000T\000h\000e\000o\000r\000e\000m}{appendix.V}% 388
\BOOKMARK [1][-]{appendix.W}{\376\377\000A\000d\000v\000a\000n\000c\000e\000d\000\040\000M\000a\000t\000h\000e\000m\000a\000t\000i\000c\000a\000l\000\040\000M\000e\000t\000h\000o\000d\000s\000:\000\040\000S\000p\000e\000c\000t\000r\000a\000l\000\040\000G\000e\000o\000m\000e\000t\000r\000y\000\040\000o\000f\000\040\000G\000a\000u\000g\000e\000\040\000O\000r\000b\000i\000t\000s}{Item.299}% 389
\BOOKMARK [2][-]{subsection.W.1}{\376\377\000T\000h\000e\000\040\000G\000a\000u\000g\000e\000\040\000O\000r\000b\000i\000t\000\040\000S\000p\000a\000c\000e}{appendix.W}% 390
\BOOKMARK [2][-]{subsection.W.2}{\376\377\000S\000p\000e\000c\000t\000r\000a\000l\000\040\000G\000a\000p\000\040\000f\000r\000o\000m\000\040\000P\000o\000s\000i\000t\000i\000v\000e\000\040\000C\000u\000r\000v\000a\000t\000u\000r\000e}{appendix.W}% 391
\BOOKMARK [2][-]{subsection.W.3}{\376\377\000H\000e\000a\000t\000\040\000K\000e\000r\000n\000e\000l\000\040\000A\000n\000a\000l\000y\000s\000i\000s}{appendix.W}% 392
\BOOKMARK [2][-]{subsection.W.4}{\376\377\000T\000h\000e\000\040\000K\000e\000y\000\040\000I\000n\000n\000o\000v\000a\000t\000i\000o\000n\000:\000\040\000C\000u\000r\000v\000a\000t\000u\000r\000e\000-\000G\000a\000p\000\040\000C\000o\000r\000r\000e\000s\000p\000o\000n\000d\000e\000n\000c\000e}{appendix.W}% 393
\BOOKMARK [2][-]{subsection.W.5}{\376\377\000R\000i\000g\000o\000r\000o\000u\000s\000\040\000C\000o\000n\000t\000r\000o\000l\000\040\000o\000f\000\040\000t\000h\000e\000\040\000C\000o\000n\000t\000i\000n\000u\000u\000m\000\040\000L\000i\000m\000i\000t}{appendix.W}% 394
\BOOKMARK [1][-]{appendix.X}{\376\377\000T\000h\000e\000\040\000R\000i\000g\000o\000r\000o\000u\000s\000\040\000P\000o\000i\000n\000c\000a\000r\000\351\000\040\000I\000n\000e\000q\000u\000a\000l\000i\000t\000y\000\040\000o\000n\000\040\000G\000a\000u\000g\000e\000\040\000O\000r\000b\000i\000t\000s}{Item.299}% 395
\BOOKMARK [2][-]{subsection.X.1}{\376\377\000S\000e\000t\000t\000i\000n\000g\000\040\000a\000n\000d\000\040\000N\000o\000t\000a\000t\000i\000o\000n}{appendix.X}% 396
\BOOKMARK [2][-]{subsection.X.2}{\376\377\000T\000h\000e\000\040\000P\000o\000i\000n\000c\000a\000r\000\351\000\040\000I\000n\000e\000q\000u\000a\000l\000i\000t\000y}{appendix.X}% 397
\BOOKMARK [2][-]{subsection.X.3}{\376\377\000Q\000u\000a\000n\000t\000i\000t\000a\000t\000i\000v\000e\000\040\000P\000o\000i\000n\000c\000a\000r\000\351\000\040\000C\000o\000n\000s\000t\000a\000n\000t}{appendix.X}% 398
\BOOKMARK [2][-]{subsection.X.4}{\376\377\000A\000p\000p\000l\000i\000c\000a\000t\000i\000o\000n\000\040\000t\000o\000\040\000M\000a\000s\000s\000\040\000G\000a\000p}{appendix.X}% 399
\BOOKMARK [1][-]{appendix.Y}{\376\377\000S\000y\000n\000t\000h\000e\000s\000i\000s\000:\000\040\000T\000h\000e\000\040\000C\000o\000m\000p\000l\000e\000t\000e\000\040\000A\000r\000g\000u\000m\000e\000n\000t}{Item.299}% 400
\BOOKMARK [1][-]{appendix.Z}{\376\377\000F\000u\000n\000c\000t\000i\000o\000n\000a\000l\000\040\000A\000n\000a\000l\000y\000t\000i\000c\000\040\000M\000e\000t\000h\000o\000d\000s}{Item.299}% 401
\BOOKMARK [2][-]{subsection.Z.1}{\376\377\000T\000h\000e\000\040\000O\000b\000s\000e\000r\000v\000a\000b\000l\000e\000\040\000A\000l\000g\000e\000b\000r\000a}{appendix.Z}% 402
\BOOKMARK [2][-]{subsection.Z.2}{\376\377\000T\000i\000m\000e\000\040\000E\000v\000o\000l\000u\000t\000i\000o\000n\000\040\000a\000n\000d\000\040\000t\000h\000e\000\040\000H\000a\000m\000i\000l\000t\000o\000n\000i\000a\000n}{appendix.Z}% 403
\BOOKMARK [2][-]{subsection.Z.3}{\376\377\000O\000p\000e\000r\000a\000t\000o\000r\000\040\000I\000n\000e\000q\000u\000a\000l\000i\000t\000y\000\040\000A\000p\000p\000r\000o\000a\000c\000h}{appendix.Z}% 404
\BOOKMARK [2][-]{subsection.Z.4}{\376\377\000C\000o\000m\000b\000e\000s\000-\000T\000h\000o\000m\000a\000s\000\040\000E\000s\000t\000i\000m\000a\000t\000e}{appendix.Z}% 405
\BOOKMARK [2][-]{subsection.Z.5}{\376\377\000S\000p\000e\000c\000t\000r\000a\000l\000\040\000G\000a\000p\000\040\000S\000t\000a\000b\000i\000l\000i\000t\000y}{appendix.Z}% 406
\BOOKMARK [2][-]{subsection.Z.6}{\376\377\000N\000o\000n\000-\000P\000e\000r\000t\000u\000r\000b\000a\000t\000i\000v\000e\000\040\000B\000o\000u\000n\000d\000s\000\040\000v\000i\000a\000\040\000C\000o\000n\000v\000e\000x\000i\000t\000y}{appendix.Z}% 407
\BOOKMARK [1][-]{appendix.Alph27}{\376\377\000R\000e\000n\000o\000r\000m\000a\000l\000i\000z\000a\000t\000i\000o\000n\000\040\000G\000r\000o\000u\000p\000\040\000A\000n\000a\000l\000y\000s\000i\000s}{Item.299}% 408
\BOOKMARK [2][-]{subsection.Alph27.1}{\376\377\000B\000l\000o\000c\000k\000\040\000S\000p\000i\000n\000\040\000R\000e\000n\000o\000r\000m\000a\000l\000i\000z\000a\000t\000i\000o\000n}{appendix.Alph27}% 409
\BOOKMARK [2][-]{subsection.Alph27.2}{\376\377\000R\000G\000\040\000I\000n\000v\000a\000r\000i\000a\000n\000t\000\040\000M\000a\000s\000s}{appendix.Alph27}% 410
\BOOKMARK [2][-]{subsection.Alph27.3}{\376\377\000F\000i\000x\000e\000d\000\040\000P\000o\000i\000n\000t\000\040\000S\000t\000r\000u\000c\000t\000u\000r\000e}{appendix.Alph27}% 411
\BOOKMARK [2][-]{subsection.Alph27.4}{\376\377\000D\000i\000m\000e\000n\000s\000i\000o\000n\000a\000l\000\040\000T\000r\000a\000n\000s\000m\000u\000t\000a\000t\000i\000o\000n}{appendix.Alph27}% 412
\BOOKMARK [1][-]{appendix.Alph28}{\376\377\000S\000t\000o\000c\000h\000a\000s\000t\000i\000c\000\040\000a\000n\000d\000\040\000P\000r\000o\000b\000a\000b\000i\000l\000i\000s\000t\000i\000c\000\040\000M\000e\000t\000h\000o\000d\000s}{Item.299}% 413
\BOOKMARK [2][-]{subsection.Alph28.1}{\376\377\000T\000h\000e\000\040\000Y\000a\000n\000g\000-\000M\000i\000l\000l\000s\000\040\000M\000e\000a\000s\000u\000r\000e\000\040\000a\000s\000\040\000a\000\040\000G\000i\000b\000b\000s\000\040\000M\000e\000a\000s\000u\000r\000e}{appendix.Alph28}% 414
\BOOKMARK [2][-]{subsection.Alph28.2}{\376\377\000S\000t\000o\000c\000h\000a\000s\000t\000i\000c\000\040\000Q\000u\000a\000n\000t\000i\000z\000a\000t\000i\000o\000n}{appendix.Alph28}% 415
\BOOKMARK [2][-]{subsection.Alph28.3}{\376\377\000L\000o\000g\000-\000S\000o\000b\000o\000l\000e\000v\000\040\000I\000n\000e\000q\000u\000a\000l\000i\000t\000y}{appendix.Alph28}% 416
\BOOKMARK [2][-]{subsection.Alph28.4}{\376\377\000C\000o\000r\000r\000e\000l\000a\000t\000i\000o\000n\000\040\000I\000n\000e\000q\000u\000a\000l\000i\000t\000i\000e\000s}{appendix.Alph28}% 417
\BOOKMARK [2][-]{subsection.Alph28.5}{\376\377\000A\000r\000e\000a\000\040\000L\000a\000w\000\040\000f\000r\000o\000m\000\040\000S\000t\000o\000c\000h\000a\000s\000t\000i\000c\000\040\000A\000r\000g\000u\000m\000e\000n\000t\000s}{appendix.Alph28}% 418
\BOOKMARK [2][-]{subsection.Alph28.6}{\376\377\000C\000o\000n\000n\000e\000c\000t\000i\000o\000n\000\040\000t\000o\000\040\000t\000h\000e\000\040\000M\000a\000s\000s\000\040\000G\000a\000p}{appendix.Alph28}% 419
\BOOKMARK [0][-]{theorem.Alph28.10}{\376\377\000R\000i\000g\000o\000r\000o\000u\000s\000\040\000R\000e\000s\000o\000l\000u\000t\000i\000o\000n\000\040\000o\000f\000\040\000A\000l\000l\000\040\000C\000r\000i\000t\000i\000c\000a\000l\000\040\000G\000a\000p\000s}{}% 420
\BOOKMARK [1][-]{appendix.Alph29}{\376\377\000G\000a\000p\000\040\0001\000:\000\040\000I\000n\000f\000i\000n\000i\000t\000e\000-\000V\000o\000l\000u\000m\000e\000\040\000S\000t\000r\000i\000n\000g\000\040\000T\000e\000n\000s\000i\000o\000n\000\040\000v\000i\000a\000\040\000A\000d\000j\000o\000i\000n\000t\000\040\000F\000e\000r\000m\000i\000o\000n\000\040\000I\000n\000t\000e\000r\000p\000o\000l\000a\000t\000i\000o\000n}{theorem.Alph28.10}% 421
\BOOKMARK [2][-]{subsection.Alph29.1}{\376\377\000S\000t\000r\000a\000t\000e\000g\000y\000\040\000O\000v\000e\000r\000v\000i\000e\000w}{appendix.Alph29}% 422
\BOOKMARK [2][-]{subsection.Alph29.2}{\376\377\000T\000h\000e\000\040\000I\000n\000t\000e\000r\000p\000o\000l\000a\000t\000i\000n\000g\000\040\000T\000h\000e\000o\000r\000y}{appendix.Alph29}% 423
\BOOKMARK [2][-]{subsection.Alph29.3}{\376\377\000E\000n\000d\000p\000o\000i\000n\000t\000\040\000A\000n\000a\000l\000y\000s\000i\000s}{appendix.Alph29}% 424
\BOOKMARK [2][-]{subsection.Alph29.4}{\376\377\000L\000e\000e\000-\000Y\000a\000n\000g\000\040\000A\000n\000a\000l\000y\000t\000i\000c\000i\000t\000y\000\040\000T\000h\000e\000o\000r\000e\000m}{appendix.Alph29}% 425
\BOOKMARK [2][-]{subsection.Alph29.5}{\376\377\000M\000a\000i\000n\000\040\000R\000e\000s\000u\000l\000t\000:\000\040\000I\000n\000f\000i\000n\000i\000t\000e\000-\000V\000o\000l\000u\000m\000e\000\040\000S\000t\000r\000i\000n\000g\000\040\000T\000e\000n\000s\000i\000o\000n}{appendix.Alph29}% 426
\BOOKMARK [1][-]{appendix.Alph30}{\376\377\000G\000a\000p\000\040\0002\000:\000\040\000C\000o\000n\000t\000i\000n\000u\000u\000m\000\040\000L\000i\000m\000i\000t\000\040\000v\000i\000a\000\040\000S\000t\000o\000c\000h\000a\000s\000t\000i\000c\000\040\000G\000e\000o\000m\000e\000t\000r\000i\000c\000\040\000F\000l\000o\000w}{theorem.Alph28.10}% 427
\BOOKMARK [2][-]{subsection.Alph30.1}{\376\377\000S\000t\000r\000a\000t\000e\000g\000y\000\040\000O\000v\000e\000r\000v\000i\000e\000w}{appendix.Alph30}% 428
\BOOKMARK [2][-]{subsection.Alph30.2}{\376\377\000T\000h\000e\000\040\000Y\000a\000n\000g\000-\000M\000i\000l\000l\000s\000\040\000L\000a\000n\000g\000e\000v\000i\000n\000\040\000E\000q\000u\000a\000t\000i\000o\000n}{appendix.Alph30}% 429
\BOOKMARK [2][-]{subsection.Alph30.3}{\376\377\000L\000a\000t\000t\000i\000c\000e\000\040\000R\000e\000g\000u\000l\000a\000r\000i\000z\000a\000t\000i\000o\000n}{appendix.Alph30}% 430
\BOOKMARK [2][-]{subsection.Alph30.4}{\376\377\000U\000n\000i\000f\000o\000r\000m\000\040\000R\000e\000g\000u\000l\000a\000r\000i\000t\000y\000\040\000E\000s\000t\000i\000m\000a\000t\000e\000s}{appendix.Alph30}% 431
\BOOKMARK [2][-]{subsection.Alph30.5}{\376\377\000C\000o\000n\000v\000e\000r\000g\000e\000n\000c\000e\000\040\000t\000o\000\040\000C\000o\000n\000t\000i\000n\000u\000u\000m}{appendix.Alph30}% 432
\BOOKMARK [1][-]{appendix.Alph31}{\376\377\000G\000a\000p\000\040\0003\000:\000\040\000U\000n\000i\000f\000o\000r\000m\000\040\000L\000o\000g\000-\000S\000o\000b\000o\000l\000e\000v\000\040\000I\000n\000e\000q\000u\000a\000l\000i\000t\000y\000\040\000v\000i\000a\000\040\000H\000i\000e\000r\000a\000r\000c\000h\000i\000c\000a\000l\000\040\000Z\000e\000g\000a\000r\000l\000i\000n\000s\000k\000i}{theorem.Alph28.10}% 433
\BOOKMARK [2][-]{subsection.Alph31.1}{\376\377\000S\000t\000r\000a\000t\000e\000g\000y\000\040\000O\000v\000e\000r\000v\000i\000e\000w}{appendix.Alph31}% 434
\BOOKMARK [2][-]{subsection.Alph31.2}{\376\377\000B\000l\000o\000c\000k\000\040\000D\000e\000c\000o\000m\000p\000o\000s\000i\000t\000i\000o\000n}{appendix.Alph31}% 435
\BOOKMARK [2][-]{subsection.Alph31.3}{\376\377\000I\000n\000t\000e\000r\000i\000o\000r\000\040\000L\000S\000I}{appendix.Alph31}% 436
\BOOKMARK [2][-]{subsection.Alph31.4}{\376\377\000M\000a\000r\000g\000i\000n\000a\000l\000\040\000L\000S\000I\000\040\000v\000i\000a\000\040\000D\000i\000m\000e\000n\000s\000i\000o\000n\000a\000l\000\040\000R\000e\000d\000u\000c\000t\000i\000o\000n}{appendix.Alph31}% 437
\BOOKMARK [2][-]{subsection.Alph31.5}{\376\377\000M\000a\000i\000n\000\040\000L\000S\000I\000\040\000R\000e\000s\000u\000l\000t}{appendix.Alph31}% 438
\BOOKMARK [1][-]{appendix.Alph32}{\376\377\000G\000a\000p\000\040\0004\000:\000\040\000R\000i\000g\000o\000r\000o\000u\000s\000\040\000G\000i\000l\000e\000s\000-\000T\000e\000p\000e\000r\000\040\000B\000o\000u\000n\000d\000\040\000v\000i\000a\000\040\000S\000p\000e\000c\000t\000r\000a\000l\000\040\000V\000a\000r\000i\000a\000t\000i\000o\000n\000a\000l\000\040\000P\000r\000i\000n\000c\000i\000p\000l\000e}{theorem.Alph28.10}% 439
\BOOKMARK [2][-]{subsection.Alph32.1}{\376\377\000S\000t\000r\000a\000t\000e\000g\000y\000\040\000O\000v\000e\000r\000v\000i\000e\000w}{appendix.Alph32}% 440
\BOOKMARK [2][-]{subsection.Alph32.2}{\376\377\000T\000h\000e\000\040\000S\000t\000r\000i\000n\000g\000\040\000O\000p\000e\000r\000a\000t\000o\000r}{appendix.Alph32}% 441
\BOOKMARK [2][-]{subsection.Alph32.3}{\376\377\000E\000n\000e\000r\000g\000y\000\040\000o\000f\000\040\000S\000t\000r\000i\000n\000g\000\040\000S\000t\000a\000t\000e\000s}{appendix.Alph32}% 442
\BOOKMARK [2][-]{subsection.Alph32.4}{\376\377\000V\000a\000r\000i\000a\000t\000i\000o\000n\000a\000l\000\040\000B\000o\000u\000n\000d\000\040\000o\000n\000\040\000M\000a\000s\000s\000\040\000G\000a\000p}{appendix.Alph32}% 443
\BOOKMARK [1][-]{appendix.Alph33}{\376\377\000G\000a\000p\000\040\0005\000:\000\040\000E\000x\000p\000l\000i\000c\000i\000t\000\040\000R\000G\000\040\000B\000r\000i\000d\000g\000e\000\040\000v\000i\000a\000\040\000H\000e\000a\000t\000\040\000K\000e\000r\000n\000e\000l\000\040\000B\000l\000o\000c\000k\000i\000n\000g}{theorem.Alph28.10}% 444
\BOOKMARK [2][-]{subsection.Alph33.1}{\376\377\000S\000t\000r\000a\000t\000e\000g\000y\000\040\000O\000v\000e\000r\000v\000i\000e\000w}{appendix.Alph33}% 445
\BOOKMARK [2][-]{subsection.Alph33.2}{\376\377\000H\000e\000a\000t\000\040\000K\000e\000r\000n\000e\000l\000\040\000B\000l\000o\000c\000k\000i\000n\000g}{appendix.Alph33}% 446
\BOOKMARK [2][-]{subsection.Alph33.3}{\376\377\000E\000f\000f\000e\000c\000t\000i\000v\000e\000\040\000A\000c\000t\000i\000o\000n}{appendix.Alph33}% 447
\BOOKMARK [2][-]{subsection.Alph33.4}{\376\377\000L\000a\000r\000g\000e\000\040\000F\000i\000e\000l\000d\000\040\000C\000o\000n\000t\000r\000o\000l}{appendix.Alph33}% 448
\BOOKMARK [2][-]{subsection.Alph33.5}{\376\377\000M\000a\000i\000n\000\040\000R\000G\000\040\000B\000r\000i\000d\000g\000e\000\040\000T\000h\000e\000o\000r\000e\000m}{appendix.Alph33}% 449
\BOOKMARK [1][-]{appendix.Alph34}{\376\377\000O\000v\000e\000r\000v\000i\000e\000w\000\040\000o\000f\000\040\000G\000a\000p\000\040\000R\000e\000s\000o\000l\000u\000t\000i\000o\000n\000\040\000M\000e\000t\000h\000o\000d\000s}{theorem.Alph28.10}% 450
\BOOKMARK [1][-]{appendix.Alph35}{\376\377\000S\000p\000e\000c\000t\000r\000a\000l\000\040\000P\000e\000r\000m\000a\000n\000e\000n\000c\000e\000:\000\040\000R\000i\000g\000o\000r\000o\000u\000s\000\040\000C\000o\000n\000t\000i\000n\000u\000u\000m\000\040\000L\000i\000m\000i\000t}{theorem.Alph28.10}% 451
\BOOKMARK [2][-]{subsection.Alph35.1}{\376\377\000T\000h\000e\000\040\000C\000e\000n\000t\000r\000a\000l\000\040\000P\000r\000o\000b\000l\000e\000m\000:\000\040\000R\000i\000g\000o\000r\000o\000u\000s\000\040\000C\000o\000n\000t\000i\000n\000u\000u\000m\000\040\000L\000i\000m\000i\000t}{appendix.Alph35}% 452
\BOOKMARK [2][-]{subsection.Alph35.2}{\376\377\000T\000h\000e\000\040\000S\000p\000e\000c\000t\000r\000a\000l\000\040\000P\000e\000r\000m\000a\000n\000e\000n\000c\000e\000\040\000T\000h\000e\000o\000r\000e\000m}{appendix.Alph35}% 453
\BOOKMARK [2][-]{subsection.Alph35.3}{\376\377\000N\000o\000n\000-\000P\000e\000r\000t\000u\000r\000b\000a\000t\000i\000v\000e\000\040\000V\000e\000r\000i\000f\000i\000c\000a\000t\000i\000o\000n\000\040\000o\000f\000\040\000P\000o\000s\000i\000t\000i\000v\000i\000t\000y}{appendix.Alph35}% 454
\BOOKMARK [2][-]{subsection.Alph35.4}{\376\377\000T\000h\000e\000\040\000B\000o\000o\000t\000s\000t\000r\000a\000p\000\040\000C\000o\000n\000s\000i\000s\000t\000e\000n\000c\000y\000\040\000C\000h\000e\000c\000k}{appendix.Alph35}% 455
\BOOKMARK [2][-]{subsection.Alph35.5}{\376\377\000Q\000u\000a\000n\000t\000i\000t\000a\000t\000i\000v\000e\000\040\000S\000p\000e\000c\000t\000r\000a\000l\000\040\000P\000e\000r\000m\000a\000n\000e\000n\000c\000e\000\040\000B\000o\000u\000n\000d\000s}{appendix.Alph35}% 456
\BOOKMARK [2][-]{subsection.Alph35.6}{\376\377\000U\000l\000t\000i\000m\000a\000t\000e\000\040\000M\000a\000t\000h\000e\000m\000a\000t\000i\000c\000a\000l\000\040\000F\000o\000u\000n\000d\000a\000t\000i\000o\000n}{appendix.Alph35}% 457
\BOOKMARK [2][-]{subsection.Alph35.7}{\376\377\000I\000n\000f\000r\000a\000r\000e\000d\000\040\000S\000t\000a\000b\000i\000l\000i\000t\000y\000:\000\040\000W\000h\000y\000\040\000t\000h\000e\000\040\000G\000a\000p\000\040\000C\000a\000n\000n\000o\000t\000\040\000C\000l\000o\000s\000e}{appendix.Alph35}% 458
\BOOKMARK [2][-]{subsection.Alph35.8}{\376\377\000C\000o\000m\000p\000l\000e\000t\000e\000\040\000A\000x\000i\000o\000m\000a\000t\000i\000c\000\040\000C\000h\000a\000r\000a\000c\000t\000e\000r\000i\000z\000a\000t\000i\000o\000n}{appendix.Alph35}% 459
\BOOKMARK [2][-]{subsection.Alph35.9}{\376\377\000L\000o\000g\000i\000c\000a\000l\000\040\000S\000t\000r\000u\000c\000t\000u\000r\000e\000\040\000o\000f\000\040\000t\000h\000e\000\040\000C\000o\000m\000p\000l\000e\000t\000e\000\040\000P\000r\000o\000o\000f}{appendix.Alph35}% 460
\BOOKMARK [1][-]{appendix.Alph36}{\376\377\000T\000h\000e\000\040\000I\000n\000t\000r\000i\000n\000s\000i\000c\000\040\000S\000c\000a\000l\000e\000\040\000M\000e\000t\000h\000o\000d\000:\000\040\000B\000r\000i\000d\000g\000i\000n\000g\000\040\000L\000a\000t\000t\000i\000c\000e\000\040\000t\000o\000\040\000C\000o\000n\000t\000i\000n\000u\000u\000m}{theorem.Alph28.10}% 461
\BOOKMARK [2][-]{subsection.Alph36.1}{\376\377\000T\000h\000e\000\040\000C\000o\000r\000e\000\040\000P\000r\000o\000b\000l\000e\000m\000\040\000a\000n\000d\000\040\000I\000t\000s\000\040\000S\000o\000l\000u\000t\000i\000o\000n}{appendix.Alph36}% 462
\BOOKMARK [2][-]{subsection.Alph36.2}{\376\377\000T\000h\000e\000\040\000S\000p\000e\000c\000t\000r\000a\000l\000\040\000R\000a\000t\000i\000o\000\040\000a\000n\000d\000\040\000I\000t\000s\000\040\000P\000r\000o\000p\000e\000r\000t\000i\000e\000s}{appendix.Alph36}% 463
\BOOKMARK [2][-]{subsection.Alph36.3}{\376\377\000T\000h\000e\000\040\000P\000h\000y\000s\000i\000c\000a\000l\000\040\000M\000a\000s\000s\000\040\000G\000a\000p}{appendix.Alph36}% 464
\BOOKMARK [2][-]{subsection.Alph36.4}{\376\377\000T\000h\000e\000\040\000C\000o\000n\000f\000i\000n\000e\000m\000e\000n\000t\000\040\000F\000u\000n\000c\000t\000i\000o\000n\000a\000l\000\040\000A\000p\000p\000r\000o\000a\000c\000h}{appendix.Alph36}% 465
\BOOKMARK [2][-]{subsection.Alph36.5}{\376\377\000T\000h\000e\000\040\000C\000e\000n\000t\000r\000a\000l\000\040\000N\000e\000w\000\040\000R\000e\000s\000u\000l\000t\000:\000\040\000S\000p\000e\000c\000t\000r\000a\000l\000\040\000R\000a\000t\000i\000o\000\040\000C\000o\000n\000v\000e\000r\000g\000e\000n\000c\000e}{appendix.Alph36}% 466
\BOOKMARK [3][-]{subsubsection.Alph36.5.1}{\376\377\000P\000a\000t\000h\000\040\000t\000o\000\040\000U\000n\000i\000q\000u\000e\000n\000e\000s\000s\000:\000\040\000E\000v\000e\000n\000t\000u\000a\000l\000\040\000M\000o\000n\000o\000t\000o\000n\000i\000c\000i\000t\000y}{subsection.Alph36.5}% 467
\BOOKMARK [2][-]{subsection.Alph36.6}{\376\377\000I\000n\000t\000r\000i\000n\000s\000i\000c\000\040\000S\000c\000a\000l\000e\000\040\000v\000i\000a\000\040\000S\000p\000e\000c\000t\000r\000a\000l\000\040\000P\000e\000r\000m\000a\000n\000e\000n\000c\000e}{appendix.Alph36}% 468
\BOOKMARK [2][-]{subsection.Alph36.7}{\376\377\000C\000a\000t\000e\000g\000o\000r\000i\000c\000a\000l\000\040\000F\000o\000r\000m\000u\000l\000a\000t\000i\000o\000n}{appendix.Alph36}% 469
\BOOKMARK [1][-]{appendix.Alph37}{\376\377\000L\000o\000g\000-\000S\000o\000b\000o\000l\000e\000v\000\040\000M\000e\000t\000h\000o\000d\000:\000\040\000U\000n\000i\000f\000o\000r\000m\000\040\000S\000p\000e\000c\000t\000r\000a\000l\000\040\000G\000a\000p}{theorem.Alph28.10}% 470
\BOOKMARK [2][-]{subsection.Alph37.1}{\376\377\000L\000o\000g\000-\000S\000o\000b\000o\000l\000e\000v\000\040\000I\000n\000e\000q\000u\000a\000l\000i\000t\000y}{appendix.Alph37}% 471
\BOOKMARK [2][-]{subsection.Alph37.2}{\376\377\000Z\000e\000g\000a\000r\000l\000i\000n\000s\000k\000i\000\040\000C\000r\000i\000t\000e\000r\000i\000o\000n\000\040\000f\000o\000r\000\040\000L\000o\000c\000a\000l\000\040\000H\000a\000m\000i\000l\000t\000o\000n\000i\000a\000n\000s}{appendix.Alph37}% 472
\BOOKMARK [2][-]{subsection.Alph37.3}{\376\377\000H\000i\000e\000r\000a\000r\000c\000h\000i\000c\000a\000l\000\040\000B\000l\000o\000c\000k\000\040\000D\000e\000c\000o\000m\000p\000o\000s\000i\000t\000i\000o\000n}{appendix.Alph37}% 473
\BOOKMARK [2][-]{subsection.Alph37.4}{\376\377\000R\000i\000g\000o\000r\000o\000u\000s\000\040\000B\000o\000u\000n\000d\000a\000r\000y\000\040\000M\000a\000r\000g\000i\000n\000a\000l\000\040\000L\000S\000I\000\040\000v\000i\000a\000\040\000M\000u\000l\000t\000i\000-\000S\000c\000a\000l\000e\000\040\000D\000e\000c\000o\000m\000p\000o\000s\000i\000t\000i\000o\000n}{appendix.Alph37}% 474
\BOOKMARK [2][-]{subsection.Alph37.5}{\376\377\000R\000i\000g\000o\000r\000o\000u\000s\000\040\0001\000D\000\040\000U\000n\000i\000f\000o\000r\000m\000\040\000L\000S\000I\000:\000\040\000T\000h\000e\000\040\000T\000r\000a\000n\000s\000f\000e\000r\000\040\000M\000a\000t\000r\000i\000x\000\040\000P\000r\000o\000o\000f}{appendix.Alph37}% 475
\BOOKMARK [2][-]{subsection.Alph37.6}{\376\377\000C\000o\000n\000d\000i\000t\000i\000o\000n\000a\000l\000\040\000T\000e\000n\000s\000o\000r\000i\000z\000a\000t\000i\000o\000n\000:\000\040\000C\000o\000m\000p\000l\000e\000t\000e\000\040\000N\000o\000n\000-\000H\000e\000u\000r\000i\000s\000t\000i\000c\000\040\000P\000r\000o\000o\000f}{appendix.Alph37}% 476
\BOOKMARK [2][-]{subsection.Alph37.7}{\376\377\000N\000u\000m\000e\000r\000i\000c\000a\000l\000\040\000V\000e\000r\000i\000f\000i\000c\000a\000t\000i\000o\000n\000\040\000P\000r\000o\000t\000o\000c\000o\000l\000\040\000\050\000C\000o\000m\000p\000u\000t\000e\000r\000-\000A\000s\000s\000i\000s\000t\000e\000d\000\051}{appendix.Alph37}% 477
\BOOKMARK [2][-]{subsection.Alph37.8}{\376\377\000E\000x\000p\000l\000i\000c\000i\000t\000\040\000C\000o\000n\000s\000t\000a\000n\000t\000s\000\040\000f\000o\000r\000\040\000I\000n\000t\000e\000r\000m\000e\000d\000i\000a\000t\000e\000\040\000C\000o\000u\000p\000l\000i\000n\000g}{appendix.Alph37}% 478
\BOOKMARK [2][-]{subsection.Alph37.9}{\376\377\000A\000p\000p\000l\000i\000c\000a\000t\000i\000o\000n\000\040\000t\000o\000\040\000Y\000a\000n\000g\000-\000M\000i\000l\000l\000s\000:\000\040\000U\000n\000i\000f\000o\000r\000m\000\040\000B\000o\000u\000n\000d\000s}{appendix.Alph37}% 479
\BOOKMARK [2][-]{subsection.Alph37.10}{\376\377\000V\000a\000r\000i\000a\000n\000c\000e\000-\000B\000a\000s\000e\000d\000\040\000T\000r\000a\000n\000s\000p\000o\000r\000t\000\040\000M\000e\000t\000h\000o\000d}{appendix.Alph37}% 480
\BOOKMARK [2][-]{subsection.Alph37.11}{\376\377\000Q\000u\000a\000n\000t\000i\000t\000a\000t\000i\000v\000e\000\040\000W\000e\000a\000k\000\040\000C\000o\000u\000p\000l\000i\000n\000g\000\040\000C\000o\000n\000t\000r\000o\000l}{appendix.Alph37}% 481
\BOOKMARK [2][-]{subsection.Alph37.12}{\376\377\000R\000e\000s\000o\000l\000u\000t\000i\000o\000n\000\040\000o\000f\000\040\000t\000h\000e\000\040\000I\000n\000f\000i\000n\000i\000t\000e\000-\000D\000i\000m\000e\000n\000s\000i\000o\000n\000a\000l\000\040\000L\000i\000m\000i\000t}{appendix.Alph37}% 482
\BOOKMARK [1][-]{appendix.Alph38}{\376\377\000R\000i\000g\000o\000r\000o\000u\000s\000\040\000B\000a\000l\000a\000b\000a\000n\000\040\000B\000o\000u\000n\000d\000s\000\040\000a\000n\000d\000\040\000C\000o\000n\000t\000i\000n\000u\000u\000m\000\040\000L\000i\000m\000i\000t}{theorem.Alph28.10}% 483
\BOOKMARK [2][-]{subsection.Alph38.1}{\376\377\000B\000a\000l\000a\000b\000a\000n\000'\000s\000\040\000L\000a\000r\000g\000e\000/\000S\000m\000a\000l\000l\000\040\000F\000i\000e\000l\000d\000\040\000D\000e\000c\000o\000m\000p\000o\000s\000i\000t\000i\000o\000n}{appendix.Alph38}% 484
\BOOKMARK [2][-]{subsection.Alph38.2}{\376\377\000R\000a\000t\000i\000o\000\040\000C\000o\000n\000v\000e\000r\000g\000e\000n\000c\000e\000\040\000a\000n\000d\000\040\000C\000o\000n\000t\000i\000n\000u\000u\000m\000\040\000N\000o\000n\000-\000T\000r\000i\000v\000i\000a\000l\000i\000t\000y}{appendix.Alph38}% 485
\BOOKMARK [1][-]{appendix.Alph39}{\376\377\000A\000d\000j\000o\000i\000n\000t\000\040\000I\000n\000t\000e\000r\000p\000o\000l\000a\000t\000i\000o\000n\000:\000\040\000L\000e\000e\000-\000Y\000a\000n\000g\000\040\000a\000n\000d\000\040\000C\000e\000n\000t\000e\000r\000\040\000S\000y\000m\000m\000e\000t\000r\000y}{theorem.Alph28.10}% 486
\BOOKMARK [2][-]{subsection.Alph39.1}{\376\377\000L\000e\000e\000-\000Y\000a\000n\000g\000\040\000Z\000e\000r\000o\000s\000:\000\040\000I\000n\000f\000i\000n\000i\000t\000e\000-\000V\000o\000l\000u\000m\000e\000\040\000A\000n\000a\000l\000y\000s\000i\000s}{appendix.Alph39}% 487
\BOOKMARK [2][-]{subsection.Alph39.2}{\376\377\000C\000e\000n\000t\000e\000r\000\040\000S\000y\000m\000m\000e\000t\000r\000y\000\040\000P\000r\000o\000t\000e\000c\000t\000i\000o\000n}{appendix.Alph39}% 488
\BOOKMARK [1][-]{appendix.Alph40}{\376\377\000G\000e\000o\000m\000e\000t\000r\000i\000c\000\040\000a\000n\000d\000\040\000T\000o\000p\000o\000l\000o\000g\000i\000c\000a\000l\000\040\000V\000e\000r\000i\000f\000i\000c\000a\000t\000i\000o\000n}{theorem.Alph28.10}% 489
\BOOKMARK [2][-]{subsection.Alph40.1}{\376\377\000C\000h\000e\000e\000g\000e\000r\000\040\000C\000o\000n\000s\000t\000a\000n\000t\000\040\000f\000o\000r\000\040\000G\000a\000u\000g\000e\000\040\000O\000r\000b\000i\000t\000\040\000S\000p\000a\000c\000e}{appendix.Alph40}% 490
\BOOKMARK [2][-]{subsection.Alph40.2}{\376\377\000S\000p\000e\000c\000t\000r\000a\000l\000\040\000P\000e\000r\000m\000a\000n\000e\000n\000c\000e}{appendix.Alph40}% 491
\BOOKMARK [1][-]{appendix.Alph41}{\376\377\000P\000r\000o\000o\000f\000\040\000S\000t\000r\000u\000c\000t\000u\000r\000e\000\040\000O\000v\000e\000r\000v\000i\000e\000w}{theorem.Alph28.10}% 492
\BOOKMARK [2][-]{subsection.Alph41.1}{\376\377\000S\000u\000m\000m\000a\000r\000y\000\040\000o\000f\000\040\000t\000h\000e\000\040\000P\000r\000o\000o\000f}{appendix.Alph41}% 493
\BOOKMARK [2][-]{subsection.Alph41.2}{\376\377\000T\000h\000e\000\040\000L\000o\000g\000i\000c\000a\000l\000\040\000S\000t\000r\000u\000c\000t\000u\000r\000e}{appendix.Alph41}% 494
\BOOKMARK [2][-]{subsection.Alph41.3}{\376\377\000M\000a\000t\000h\000e\000m\000a\000t\000i\000c\000a\000l\000\040\000P\000r\000e\000r\000e\000q\000u\000i\000s\000i\000t\000e\000s}{appendix.Alph41}% 495
\BOOKMARK [2][-]{subsection.Alph41.4}{\376\377\000M\000a\000s\000t\000e\000r\000\040\000T\000h\000e\000o\000r\000e\000m\000:\000\040\000U\000n\000i\000f\000i\000e\000d\000\040\000S\000t\000a\000t\000e\000m\000e\000n\000t\000\040\000w\000i\000t\000h\000\040\000E\000x\000p\000l\000i\000c\000i\000t\000\040\000B\000o\000u\000n\000d\000s}{appendix.Alph41}% 496
\BOOKMARK [2][-]{subsection.Alph41.5}{\376\377\000F\000i\000n\000a\000l\000\040\000S\000t\000a\000t\000e\000m\000e\000n\000t}{appendix.Alph41}% 497
\BOOKMARK [1][-]{appendix.Alph42}{\376\377\000E\000x\000p\000l\000i\000c\000i\000t\000\040\000C\000o\000n\000s\000t\000a\000n\000t\000\040\000C\000o\000m\000p\000u\000t\000a\000t\000i\000o\000n\000s}{theorem.Alph28.10}% 498
\BOOKMARK [2][-]{subsection.Alph42.1}{\376\377\000F\000u\000n\000d\000a\000m\000e\000n\000t\000a\000l\000\040\000C\000o\000n\000s\000t\000a\000n\000t\000s\000\040\000f\000o\000r\000\040\000S\000U\000\050\000N\000\051}{appendix.Alph42}% 499
\BOOKMARK [2][-]{subsection.Alph42.2}{\376\377\000H\000o\000l\000l\000e\000y\000-\000S\000t\000r\000o\000o\000c\000k\000\040\000P\000e\000r\000t\000u\000r\000b\000a\000t\000i\000o\000n\000\040\000C\000o\000n\000s\000t\000a\000n\000t\000s}{appendix.Alph42}% 500
\BOOKMARK [2][-]{subsection.Alph42.3}{\376\377\000O\000s\000c\000i\000l\000l\000a\000t\000i\000o\000n\000\040\000B\000o\000u\000n\000d\000s\000\040\000f\000o\000r\000\040\000Y\000a\000n\000g\000-\000M\000i\000l\000l\000s}{appendix.Alph42}% 501
\BOOKMARK [2][-]{subsection.Alph42.4}{\376\377\000G\000i\000l\000e\000s\000-\000T\000e\000p\000e\000r\000\040\000C\000o\000e\000f\000f\000i\000c\000i\000e\000n\000t\000:\000\040\000R\000i\000g\000o\000r\000o\000u\000s\000\040\000D\000e\000r\000i\000v\000a\000t\000i\000o\000n}{appendix.Alph42}% 502
\BOOKMARK [2][-]{subsection.Alph42.5}{\376\377\000S\000t\000r\000o\000n\000g\000\040\000C\000o\000u\000p\000l\000i\000n\000g\000\040\000E\000x\000p\000a\000n\000s\000i\000o\000n\000\040\000C\000o\000n\000s\000t\000a\000n\000t\000s}{appendix.Alph42}% 503
\BOOKMARK [2][-]{subsection.Alph42.6}{\376\377\000S\000t\000r\000i\000n\000g\000\040\000T\000e\000n\000s\000i\000o\000n\000\040\000a\000t\000\040\000S\000t\000r\000o\000n\000g\000\040\000C\000o\000u\000p\000l\000i\000n\000g}{appendix.Alph42}% 504
\BOOKMARK [2][-]{subsection.Alph42.7}{\376\377\000B\000e\000s\000s\000e\000l\000\040\000F\000u\000n\000c\000t\000i\000o\000n\000\040\000R\000a\000t\000i\000o\000s}{appendix.Alph42}% 505
\BOOKMARK [2][-]{subsection.Alph42.8}{\376\377\000Z\000e\000g\000a\000r\000l\000i\000n\000s\000k\000i\000\040\000B\000l\000o\000c\000k\000\040\000D\000e\000c\000o\000m\000p\000o\000s\000i\000t\000i\000o\000n\000\040\000C\000o\000n\000s\000t\000a\000n\000t\000s}{appendix.Alph42}% 506
\BOOKMARK [2][-]{subsection.Alph42.9}{\376\377\000R\000G\000\040\000F\000l\000o\000w\000\040\000C\000o\000n\000s\000t\000a\000n\000t\000s}{appendix.Alph42}% 507
\BOOKMARK [2][-]{subsection.Alph42.10}{\376\377\000S\000u\000m\000m\000a\000r\000y\000\040\000o\000f\000\040\000A\000l\000l\000\040\000C\000r\000i\000t\000i\000c\000a\000l\000\040\000C\000o\000n\000s\000t\000a\000n\000t\000s}{appendix.Alph42}% 508
\BOOKMARK [1][-]{appendix.Alph43}{\376\377\000M\000e\000t\000h\000o\000d\000s\000\040\000f\000o\000r\000\040\000t\000h\000e\000\040\000Y\000a\000n\000g\000-\000M\000i\000l\000l\000s\000\040\000M\000a\000s\000s\000\040\000G\000a\000p}{theorem.Alph28.10}% 509
\BOOKMARK [2][-]{subsection.Alph43.1}{\376\377\000M\000a\000i\000n\000\040\000T\000h\000e\000o\000r\000e\000m\000\040\000S\000t\000a\000t\000e\000m\000e\000n\000t}{appendix.Alph43}% 510
\BOOKMARK [2][-]{subsection.Alph43.2}{\376\377\000P\000r\000o\000o\000f\000\040\000A\000r\000c\000h\000i\000t\000e\000c\000t\000u\000r\000e}{appendix.Alph43}% 511
\BOOKMARK [2][-]{subsection.Alph43.3}{\376\377\000S\000t\000a\000g\000e\000\040\0001\000:\000\040\000S\000t\000r\000o\000n\000g\000\040\000C\000o\000u\000p\000l\000i\000n\000g\000\040\000\050\000<\000\040\000c\000\051}{appendix.Alph43}% 512
\BOOKMARK [2][-]{subsection.Alph43.4}{\376\377\000S\000t\000a\000g\000e\000\040\0002\000:\000\040\000I\000n\000t\000e\000r\000m\000e\000d\000i\000a\000t\000e\000\040\000C\000o\000u\000p\000l\000i\000n\000g\000\040\000\050\000c\000\040\000<\000\040\000<\000\040\000G\000\051}{appendix.Alph43}% 513
\BOOKMARK [3][-]{subsubsection.Alph43.4.1}{\376\377\000M\000e\000t\000h\000o\000d\000\040\0001\000:\000\040\000B\000o\000o\000t\000s\000t\000r\000a\000p\000\040\000A\000r\000g\000u\000m\000e\000n\000t}{subsection.Alph43.4}% 514
\BOOKMARK [3][-]{subsubsection.Alph43.4.2}{\376\377\000N\000u\000m\000e\000r\000i\000c\000a\000l\000\040\000V\000e\000r\000i\000f\000i\000c\000a\000t\000i\000o\000n\000\040\000o\000f\000\040\000B\000o\000o\000t\000s\000t\000r\000a\000p\000\040\000B\000o\000u\000n\000d\000s}{subsection.Alph43.4}% 515
\BOOKMARK [3][-]{subsubsection.Alph43.4.3}{\376\377\000M\000e\000t\000h\000o\000d\000\040\0002\000:\000\040\000H\000i\000e\000r\000a\000r\000c\000h\000i\000c\000a\000l\000\040\000Z\000e\000g\000a\000r\000l\000i\000n\000s\000k\000i}{subsection.Alph43.4}% 516
\BOOKMARK [2][-]{subsection.Alph43.5}{\376\377\000S\000t\000a\000g\000e\000\040\0003\000:\000\040\000W\000e\000a\000k\000\040\000C\000o\000u\000p\000l\000i\000n\000g\000\040\000\050\000>\000\040\000G\000\051}{appendix.Alph43}% 517
\BOOKMARK [3][-]{subsubsection.Alph43.5.1}{\376\377\000A\000p\000p\000r\000o\000a\000c\000h\000\040\0001\000:\000\040\000B\000o\000o\000t\000s\000t\000r\000a\000p\000\040\000E\000x\000t\000e\000n\000s\000i\000o\000n\000\040\000\050\000G\000a\000u\000g\000e\000-\000I\000n\000v\000a\000r\000i\000a\000n\000t\000,\000\040\000m\000a\000t\000h\000e\000m\000a\000t\000i\000c\000a\000l\000l\000y\000\040\000r\000i\000g\000o\000r\000o\000u\000s\000\051}{subsection.Alph43.5}% 518
\BOOKMARK [3][-]{subsubsection.Alph43.5.2}{\376\377\000A\000p\000p\000r\000o\000a\000c\000h\000\040\0002\000:\000\040\000G\000a\000u\000s\000s\000i\000a\000n\000\040\000A\000p\000p\000r\000o\000x\000i\000m\000a\000t\000i\000o\000n}{subsection.Alph43.5}% 519
\BOOKMARK [3][-]{subsubsection.Alph43.5.3}{\376\377\000A\000p\000p\000r\000o\000a\000c\000h\000\040\0003\000:\000\040\000B\000a\000l\000a\000b\000a\000n\000'\000s\000\040\000F\000r\000a\000m\000e\000w\000o\000r\000k\000\040\000\050\000G\000a\000u\000g\000e\000-\000F\000i\000x\000e\000d\000\051}{subsection.Alph43.5}% 520
\BOOKMARK [3][-]{subsubsection.Alph43.5.4}{\376\377\000U\000n\000i\000f\000i\000e\000d\000\040\000W\000e\000a\000k\000\040\000C\000o\000u\000p\000l\000i\000n\000g\000\040\000R\000e\000s\000u\000l\000t}{subsection.Alph43.5}% 521
\BOOKMARK [2][-]{subsection.Alph43.6}{\376\377\000U\000n\000i\000f\000o\000r\000m\000\040\000L\000a\000t\000t\000i\000c\000e\000\040\000M\000a\000s\000s\000\040\000G\000a\000p}{appendix.Alph43}% 522
\BOOKMARK [2][-]{subsection.Alph43.7}{\376\377\000S\000t\000a\000g\000e\000\040\0004\000:\000\040\000C\000o\000n\000t\000i\000n\000u\000u\000m\000\040\000L\000i\000m\000i\000t}{appendix.Alph43}% 523
\BOOKMARK [3][-]{subsubsection.Alph43.7.1}{\376\377\000A\000s\000y\000m\000p\000t\000o\000t\000i\000c\000\040\000F\000r\000e\000e\000d\000o\000m}{subsection.Alph43.7}% 524
\BOOKMARK [3][-]{subsubsection.Alph43.7.2}{\376\377\000O\000s\000t\000e\000r\000w\000a\000l\000d\000e\000r\000-\000S\000c\000h\000r\000a\000d\000e\000r\000\040\000A\000x\000i\000o\000m\000s}{subsection.Alph43.7}% 525
\BOOKMARK [3][-]{subsubsection.Alph43.7.3}{\376\377\000C\000o\000n\000t\000i\000n\000u\000u\000m\000\040\000L\000i\000m\000i\000t\000\040\000E\000x\000i\000s\000t\000e\000n\000c\000e}{subsection.Alph43.7}% 526
\BOOKMARK [3][-]{subsubsection.Alph43.7.4}{\376\377\000G\000a\000p\000\040\000S\000u\000r\000v\000i\000v\000a\000l}{subsection.Alph43.7}% 527
\BOOKMARK [2][-]{subsection.Alph43.8}{\376\377\000F\000i\000n\000a\000l\000\040\000P\000r\000o\000o\000f\000\040\000o\000f\000\040\000M\000a\000i\000n\000\040\000T\000h\000e\000o\000r\000e\000m}{appendix.Alph43}% 528
\BOOKMARK [2][-]{subsection.Alph43.9}{\376\377\000S\000u\000m\000m\000a\000r\000y\000:\000\040\000P\000r\000o\000o\000f\000\040\000V\000e\000r\000i\000f\000i\000c\000a\000t\000i\000o\000n\000\040\000C\000h\000e\000c\000k\000l\000i\000s\000t}{appendix.Alph43}% 529
\BOOKMARK [2][-]{subsection.Alph43.10}{\376\377\000E\000x\000p\000l\000i\000c\000i\000t\000\040\000N\000u\000m\000e\000r\000i\000c\000a\000l\000\040\000C\000o\000n\000s\000t\000a\000n\000t\000s}{appendix.Alph43}% 530
\BOOKMARK [2][-]{subsection.Alph43.11}{\376\377\000R\000e\000s\000p\000o\000n\000s\000e\000\040\000t\000o\000\040\000C\000r\000i\000t\000i\000c\000a\000l\000\040\000R\000e\000v\000i\000e\000w\000:\000\040\000A\000d\000d\000r\000e\000s\000s\000i\000n\000g\000\040\000S\000p\000e\000c\000i\000f\000i\000c\000\040\000C\000o\000n\000c\000e\000r\000n\000s}{appendix.Alph43}% 531
\BOOKMARK [3][-]{subsubsection.Alph43.11.1}{\376\377\000C\000o\000n\000c\000e\000r\000n\000\040\0001\000:\000\040\000B\000o\000u\000n\000d\000e\000d\000\040\000A\000n\000a\000l\000y\000t\000i\000c\000\040\000F\000u\000n\000c\000t\000i\000o\000n\000s\000\040\000N\000e\000e\000d\000\040\000N\000o\000t\000\040\000H\000a\000v\000e\000\040\000L\000i\000m\000i\000t\000s}{subsection.Alph43.11}% 532
\BOOKMARK [3][-]{subsubsection.Alph43.11.2}{\376\377\000C\000o\000n\000c\000e\000r\000n\000\040\0002\000:\000\040\000C\000i\000r\000c\000u\000l\000a\000r\000i\000t\000y\000\040\000i\000n\000\040\000S\000c\000a\000l\000e\000\040\000S\000e\000t\000t\000i\000n\000g}{subsection.Alph43.11}% 533
\BOOKMARK [3][-]{subsubsection.Alph43.11.3}{\376\377\000C\000o\000n\000c\000e\000r\000n\000\040\0004\000:\000\040\000L\000e\000e\000-\000Y\000a\000n\000g\000\040\000Z\000e\000r\000o\000\040\000A\000c\000c\000u\000m\000u\000l\000a\000t\000i\000o\000n}{subsection.Alph43.11}% 534
\BOOKMARK [3][-]{subsubsection.Alph43.11.4}{\376\377\000C\000o\000n\000c\000e\000r\000n\000\040\0005\000:\000\040\000S\000U\000S\000Y\000\040\000M\000a\000s\000s\000\040\000G\000a\000p\000\040\000a\000t\000\040\000m\000=\0000}{subsection.Alph43.11}% 535
\BOOKMARK [3][-]{subsubsection.Alph43.11.5}{\376\377\000T\000e\000c\000h\000n\000i\000c\000a\000l\000\040\000M\000e\000t\000h\000o\000d\000s\000\040\000A\000f\000t\000e\000r\000\040\000R\000e\000v\000i\000s\000i\000o\000n\000s}{subsection.Alph43.11}% 536
\BOOKMARK [2][-]{subsection.Alph43.12}{\376\377\000A\000l\000t\000e\000r\000n\000a\000t\000i\000v\000e\000\040\000A\000p\000p\000r\000o\000a\000c\000h\000:\000\040\000A\000d\000j\000o\000i\000n\000t\000\040\000I\000n\000t\000e\000r\000p\000o\000l\000a\000t\000i\000o\000n}{appendix.Alph43}% 537
\BOOKMARK [1][-]{appendix.Alph44}{\376\377\000M\000e\000t\000h\000o\000d\000s\000\040\000f\000o\000r\000\040\000C\000l\000o\000s\000i\000n\000g\000\040\000t\000h\000e\000\040\000U\000n\000i\000f\000o\000r\000m\000-\000i\000n\000-\000L\000\040\000G\000a\000p}{theorem.Alph28.10}% 538
\BOOKMARK [2][-]{subsection.Alph44.1}{\376\377\000T\000h\000e\000\040\000C\000o\000r\000e\000\040\000C\000h\000a\000l\000l\000e\000n\000g\000e}{appendix.Alph44}% 539
\BOOKMARK [2][-]{subsection.Alph44.2}{\376\377\000W\000o\000r\000k\000s\000t\000r\000e\000a\000m\000\040\0001\000:\000\040\000T\000h\000e\000\040\000B\000o\000u\000n\000d\000a\000r\000y\000\040\000M\000a\000r\000g\000i\000n\000a\000l\000\040\000P\000r\000o\000b\000l\000e\000m}{appendix.Alph44}% 540
\BOOKMARK [3][-]{subsubsection.Alph44.2.1}{\376\377\000C\000o\000m\000p\000l\000e\000t\000e\000\040\000R\000i\000g\000o\000r\000o\000u\000s\000\040\000P\000r\000o\000o\000f\000\040\000o\000f\000\040\0001\000D\000\040\000U\000n\000i\000f\000o\000r\000m\000\040\000L\000S\000I}{subsection.Alph44.2}% 541
\BOOKMARK [2][-]{subsection.Alph44.3}{\376\377\000W\000o\000r\000k\000s\000t\000r\000e\000a\000m\000\040\0002\000:\000\040\000C\000o\000n\000d\000i\000t\000i\000o\000n\000a\000l\000\040\000T\000e\000n\000s\000o\000r\000i\000z\000a\000t\000i\000o\000n\000\040\000\050\000K\000e\000y\000\040\000I\000n\000n\000o\000v\000a\000t\000i\000o\000n\000\051}{appendix.Alph44}% 542
\BOOKMARK [2][-]{subsection.Alph44.4}{\376\377\000W\000o\000r\000k\000s\000t\000r\000e\000a\000m\000\040\0003\000:\000\040\000W\000e\000a\000k\000\040\000C\000o\000u\000p\000l\000i\000n\000g\000\040\000H\000a\000n\000d\000o\000v\000e\000r}{appendix.Alph44}% 543
\BOOKMARK [2][-]{subsection.Alph44.5}{\376\377\000C\000o\000m\000p\000l\000e\000t\000e\000\040\000A\000s\000s\000e\000m\000b\000l\000y}{appendix.Alph44}% 544
\BOOKMARK [1][-]{appendix.Alph45}{\376\377\000H\000i\000s\000t\000o\000r\000i\000c\000a\000l\000\040\000R\000e\000s\000o\000l\000u\000t\000i\000o\000n\000\040\000o\000f\000\040\000R\000e\000m\000a\000i\000n\000i\000n\000g\000\040\000G\000a\000p\000s}{theorem.Alph28.10}% 545
\BOOKMARK [2][-]{subsection.Alph45.1}{\376\377\000G\000a\000p\000\040\0001\000:\000\040\000C\000o\000n\000t\000i\000n\000u\000u\000m\000\040\000N\000o\000n\000-\000T\000r\000i\000v\000i\000a\000l\000i\000t\000y\000\040\000\050\000p\000h\000y\000s\000\040\000>\000\040\0000\000\051}{appendix.Alph45}% 546
\BOOKMARK [2][-]{subsection.Alph45.2}{\376\377\000G\000a\000p\000\040\0002\000:\000\040\000R\000a\000t\000i\000o\000\040\000L\000i\000m\000i\000t\000\040\000E\000x\000i\000s\000t\000e\000n\000c\000e}{appendix.Alph45}% 547
\BOOKMARK [2][-]{subsection.Alph45.3}{\376\377\000G\000a\000p\000\040\0003\000:\000\040\000I\000n\000f\000i\000n\000i\000t\000e\000-\000V\000o\000l\000u\000m\000e\000\040\000A\000n\000a\000l\000y\000t\000i\000c\000i\000t\000y\000\040\000\050\000L\000e\000e\000-\000Y\000a\000n\000g\000\040\000Z\000e\000r\000o\000s\000\051}{appendix.Alph45}% 548
\BOOKMARK [2][-]{subsection.Alph45.4}{\376\377\000G\000a\000p\000\040\0005\000:\000\040\000R\000i\000g\000o\000r\000o\000u\000s\000\040\000L\000e\000e\000-\000Y\000a\000n\000g\000\040\000B\000o\000u\000n\000d\000s\000\040\000f\000o\000r\000\040\000A\000d\000j\000o\000i\000n\000t\000\040\000Q\000C\000D}{appendix.Alph45}% 549
\BOOKMARK [1][-]{appendix.Alph46}{\376\377\000P\000r\000o\000o\000f\000\040\000R\000o\000a\000d\000m\000a\000p\000\040\000a\000n\000d\000\040\000V\000e\000r\000i\000f\000i\000c\000a\000t\000i\000o\000n\000\040\000C\000h\000e\000c\000k\000l\000i\000s\000t}{theorem.Alph28.10}% 550
\BOOKMARK [2][-]{subsection.Alph46.1}{\376\377\000E\000x\000e\000c\000u\000t\000i\000v\000e\000\040\000S\000u\000m\000m\000a\000r\000y}{appendix.Alph46}% 551
\BOOKMARK [2][-]{subsection.Alph46.2}{\376\377\000R\000o\000u\000t\000e\000\040\000A\000:\000\040\000D\000i\000r\000e\000c\000t\000\040\000C\000o\000n\000s\000t\000r\000u\000c\000t\000i\000v\000e\000\040\000P\000a\000t\000h}{appendix.Alph46}% 552
\BOOKMARK [3][-]{subsubsection.Alph46.2.1}{\376\377\000P\000h\000a\000s\000e\000\040\0001\000:\000\040\000F\000o\000u\000n\000d\000a\000t\000i\000o\000n\000s\000\040\000\050\000F\000i\000n\000i\000t\000e\000\040\000V\000o\000l\000u\000m\000e\000\051}{subsection.Alph46.2}% 553
\BOOKMARK [3][-]{subsubsection.Alph46.2.2}{\376\377\000P\000h\000a\000s\000e\000\040\0002\000:\000\040\000S\000t\000r\000o\000n\000g\000\040\000C\000o\000u\000p\000l\000i\000n\000g\000\040\000A\000n\000c\000h\000o\000r\000\040\000\050\000<\000\040\000c\000\051}{subsection.Alph46.2}% 554
\BOOKMARK [3][-]{subsubsection.Alph46.2.3}{\376\377\000P\000h\000a\000s\000e\000\040\0003\000:\000\040\000T\000h\000e\000\040\000I\000n\000t\000e\000r\000m\000e\000d\000i\000a\000t\000e\000\040\000B\000r\000i\000d\000g\000e\000\040\000\050\000c\000\040\000<\000\040\000<\000\040\000G\000\051}{subsection.Alph46.2}% 555
\BOOKMARK [3][-]{subsubsection.Alph46.2.4}{\376\377\000P\000h\000a\000s\000e\000\040\0004\000:\000\040\000C\000o\000n\000t\000i\000n\000u\000u\000m\000\040\000L\000i\000m\000i\000t\000\040\000\050\000\051}{subsection.Alph46.2}% 556
\BOOKMARK [2][-]{subsection.Alph46.3}{\376\377\000R\000o\000u\000t\000e\000\040\000B\000:\000\040\000A\000d\000j\000o\000i\000n\000t\000\040\000I\000n\000t\000e\000r\000p\000o\000l\000a\000t\000i\000o\000n\000\040\000\050\000R\000e\000c\000o\000m\000m\000e\000n\000d\000e\000d\000\051}{appendix.Alph46}% 557
\BOOKMARK [2][-]{subsection.Alph46.4}{\376\377\000r\000i\000g\000o\000r\000o\000u\000s\000\040\000s\000t\000a\000n\000d\000a\000r\000d\000\040\000V\000e\000r\000i\000f\000i\000c\000a\000t\000i\000o\000n\000\040\000C\000h\000e\000c\000k\000l\000i\000s\000t}{appendix.Alph46}% 558
\BOOKMARK [2][-]{subsection.Alph46.5}{\376\377\000K\000e\000y\000\040\000T\000e\000c\000h\000n\000i\000c\000a\000l\000\040\000F\000o\000r\000m\000u\000l\000a\000s}{appendix.Alph46}% 559
\BOOKMARK [2][-]{subsection.Alph46.6}{\376\377\000C\000o\000n\000c\000l\000u\000s\000i\000o\000n}{appendix.Alph46}% 560
\BOOKMARK [1][-]{appendix.Alph47}{\376\377\000C\000o\000m\000p\000l\000e\000t\000e\000\040\000M\000e\000t\000h\000o\000d\000s\000\040\000f\000o\000r\000\040\000t\000h\000e\000\040\000Y\000a\000n\000g\000-\000M\000i\000l\000l\000s\000\040\000M\000a\000s\000s\000\040\000G\000a\000p}{theorem.Alph28.10}% 561
\BOOKMARK [2][-]{subsection.Alph47.1}{\376\377\000S\000t\000a\000t\000e\000m\000e\000n\000t\000\040\000o\000f\000\040\000t\000h\000e\000\040\000M\000a\000i\000n\000\040\000T\000h\000e\000o\000r\000e\000m}{appendix.Alph47}% 562
\BOOKMARK [2][-]{subsection.Alph47.2}{\376\377\000P\000r\000o\000o\000f\000\040\000A\000r\000c\000h\000i\000t\000e\000c\000t\000u\000r\000e}{appendix.Alph47}% 563
\BOOKMARK [2][-]{subsection.Alph47.3}{\376\377\000S\000t\000a\000g\000e\000\040\000I\000:\000\040\000R\000i\000g\000o\000r\000o\000u\000s\000\040\000L\000a\000t\000t\000i\000c\000e\000\040\000C\000o\000n\000s\000t\000r\000u\000c\000t\000i\000o\000n}{appendix.Alph47}% 564
\BOOKMARK [2][-]{subsection.Alph47.4}{\376\377\000S\000t\000a\000g\000e\000\040\000I\000I\000:\000\040\000U\000n\000i\000f\000o\000r\000m\000\040\000S\000p\000e\000c\000t\000r\000a\000l\000\040\000G\000a\000p\000\040\000B\000o\000u\000n\000d\000s}{appendix.Alph47}% 565
\BOOKMARK [2][-]{subsection.Alph47.5}{\376\377\000S\000t\000a\000g\000e\000\040\000I\000I\000I\000:\000\040\000P\000o\000s\000i\000t\000i\000v\000e\000\040\000S\000t\000r\000i\000n\000g\000\040\000T\000e\000n\000s\000i\000o\000n}{appendix.Alph47}% 566
\BOOKMARK [2][-]{subsection.Alph47.6}{\376\377\000S\000t\000a\000g\000e\000\040\000I\000V\000:\000\040\000C\000o\000n\000t\000i\000n\000u\000u\000m\000\040\000L\000i\000m\000i\000t\000\040\000C\000o\000n\000s\000t\000r\000u\000c\000t\000i\000o\000n}{appendix.Alph47}% 567
\BOOKMARK [3][-]{subsubsection.Alph47.6.1}{\376\377\000R\000i\000g\000o\000r\000o\000u\000s\000\040\000P\000r\000o\000o\000f\000\040\000o\000f\000\040\000C\000o\000n\000t\000i\000n\000u\000u\000m\000\040\000N\000o\000n\000-\000T\000r\000i\000v\000i\000a\000l\000i\000t\000y}{subsection.Alph47.6}% 568
\BOOKMARK [2][-]{subsection.Alph47.7}{\376\377\000S\000t\000a\000g\000e\000\040\000V\000:\000\040\000F\000i\000n\000a\000l\000\040\000C\000o\000n\000c\000l\000u\000s\000i\000o\000n}{appendix.Alph47}% 569
\BOOKMARK [2][-]{subsection.Alph47.8}{\376\377\000A\000l\000t\000e\000r\000n\000a\000t\000i\000v\000e\000\040\000P\000r\000o\000o\000f\000\040\000v\000i\000a\000\040\000A\000d\000j\000o\000i\000n\000t\000\040\000I\000n\000t\000e\000r\000p\000o\000l\000a\000t\000i\000o\000n}{appendix.Alph47}% 570
\BOOKMARK [2][-]{subsection.Alph47.9}{\376\377\000S\000u\000m\000m\000a\000r\000y}{appendix.Alph47}% 571
\BOOKMARK [2][-]{subsection.Alph47.10}{\376\377\000r\000i\000g\000o\000r\000o\000u\000s\000\040\000s\000t\000a\000n\000d\000a\000r\000d\000\040\000V\000e\000r\000i\000f\000i\000c\000a\000t\000i\000o\000n\000\040\000C\000h\000e\000c\000k\000l\000i\000s\000t}{appendix.Alph47}% 572
\BOOKMARK [1][-]{appendix.Alph48}{\376\377\000I\000n\000t\000e\000r\000m\000e\000d\000i\000a\000t\000e\000\040\000C\000o\000u\000p\000l\000i\000n\000g\000\040\000C\000o\000n\000t\000r\000o\000l}{theorem.Alph28.10}% 573
\BOOKMARK [2][-]{subsection.Alph48.1}{\376\377\000T\000h\000e\000\040\000C\000h\000a\000l\000l\000e\000n\000g\000e}{appendix.Alph48}% 574
\BOOKMARK [2][-]{subsection.Alph48.2}{\376\377\000R\000e\000s\000o\000l\000u\000t\000i\000o\000n\000\040\000S\000t\000r\000a\000t\000e\000g\000y}{appendix.Alph48}% 575
\BOOKMARK [2][-]{subsection.Alph48.3}{\376\377\000K\000e\000y\000\040\000R\000e\000s\000u\000l\000t\000s}{appendix.Alph48}% 576
\BOOKMARK [1][-]{appendix.Alph49}{\376\377\000R\000o\000a\000d\000m\000a\000p\000\040\0002\000:\000\040\000R\000i\000g\000o\000r\000o\000u\000s\000\040\000C\000o\000n\000t\000i\000n\000u\000u\000m\000\040\000L\000i\000m\000i\000t\000\040\000v\000i\000a\000\040\000S\000t\000o\000c\000h\000a\000s\000t\000i\000c\000\040\000G\000e\000o\000m\000e\000t\000r\000i\000c\000\040\000F\000l\000o\000w}{theorem.Alph28.10}% 577
\BOOKMARK [2][-]{subsection.Alph49.1}{\376\377\000S\000t\000e\000p\000\040\0001\000:\000\040\000U\000n\000i\000f\000o\000r\000m\000\040\000R\000e\000g\000u\000l\000a\000r\000i\000t\000y\000\040\000E\000s\000t\000i\000m\000a\000t\000e\000s}{appendix.Alph49}% 578
\BOOKMARK [2][-]{subsection.Alph49.2}{\376\377\000S\000t\000e\000p\000\040\0002\000:\000\040\000M\000o\000s\000c\000o\000\040\000C\000o\000n\000v\000e\000r\000g\000e\000n\000c\000e\000\040\000o\000f\000\040\000D\000i\000r\000i\000c\000h\000l\000e\000t\000\040\000F\000o\000r\000m\000s}{appendix.Alph49}% 579
\BOOKMARK [2][-]{subsection.Alph49.3}{\376\377\000S\000t\000e\000p\000\040\0003\000:\000\040\000N\000o\000n\000-\000C\000i\000r\000c\000u\000l\000a\000r\000\040\000S\000c\000a\000l\000e\000\040\000S\000e\000t\000t\000i\000n\000g}{appendix.Alph49}% 580
\BOOKMARK [2][-]{subsection.Alph49.4}{\376\377\000S\000y\000n\000t\000h\000e\000s\000i\000s\000:\000\040\000C\000o\000n\000t\000i\000n\000u\000u\000m\000\040\000L\000i\000m\000i\000t\000\040\000T\000h\000e\000o\000r\000e\000m}{appendix.Alph49}% 581
\BOOKMARK [1][-]{appendix.Alph50}{\376\377\000R\000o\000a\000d\000m\000a\000p\000\040\0003\000:\000\040\000A\000d\000j\000o\000i\000n\000t\000\040\000F\000e\000r\000m\000i\000o\000n\000\040\000I\000n\000t\000e\000r\000p\000o\000l\000a\000t\000i\000o\000n\000\040\040\024\000\040\000A\000l\000t\000e\000r\000n\000a\000t\000i\000v\000e\000\040\000P\000a\000t\000h}{theorem.Alph28.10}% 582
\BOOKMARK [2][-]{subsection.Alph50.1}{\376\377\000O\000v\000e\000r\000v\000i\000e\000w\000:\000\040\000T\000h\000e\000\040\000I\000n\000t\000e\000r\000p\000o\000l\000a\000t\000i\000o\000n\000\040\000P\000a\000t\000h}{appendix.Alph50}% 583
\BOOKMARK [2][-]{subsection.Alph50.2}{\376\377\000S\000t\000e\000p\000\040\0001\000:\000\040\000U\000n\000i\000f\000o\000r\000m\000\040\000L\000e\000e\000-\000Y\000a\000n\000g\000\040\000B\000o\000u\000n\000d\000s}{appendix.Alph50}% 584
\BOOKMARK [2][-]{subsection.Alph50.3}{\376\377\000S\000t\000e\000p\000\040\0002\000:\000\040\000G\000a\000p\000\040\000C\000o\000n\000t\000i\000n\000u\000i\000t\000y\000\040\000v\000i\000a\000\040\000A\000n\000a\000l\000y\000t\000i\000c\000\040\000P\000e\000r\000t\000u\000r\000b\000a\000t\000i\000o\000n\000\040\000T\000h\000e\000o\000r\000y}{appendix.Alph50}% 585
\BOOKMARK [2][-]{subsection.Alph50.4}{\376\377\000S\000t\000e\000p\000\040\0003\000:\000\040\000D\000e\000c\000o\000u\000p\000l\000i\000n\000g\000\040\000L\000i\000m\000i\000t\000\040\000m\000\040}{appendix.Alph50}% 586
\BOOKMARK [2][-]{subsection.Alph50.5}{\376\377\000S\000y\000n\000t\000h\000e\000s\000i\000s\000:\000\040\000T\000h\000e\000\040\000C\000o\000m\000p\000l\000e\000t\000e\000\040\000I\000n\000t\000e\000r\000p\000o\000l\000a\000t\000i\000o\000n\000\040\000A\000r\000g\000u\000m\000e\000n\000t}{appendix.Alph50}% 587
\BOOKMARK [1][-]{appendix.Alph51}{\376\377\000E\000x\000p\000l\000i\000c\000i\000t\000\040\000C\000o\000n\000v\000e\000r\000g\000e\000n\000c\000e\000\040\000R\000a\000t\000e\000s\000\040\000\050\000S\000y\000m\000a\000n\000z\000i\000k\000\040\000B\000o\000u\000n\000d\000s\000\051}{theorem.Alph28.10}% 588
\BOOKMARK [2][-]{subsection.Alph51.1}{\376\377\000S\000p\000e\000c\000t\000r\000a\000l\000\040\000P\000e\000r\000t\000u\000r\000b\000a\000t\000i\000o\000n\000\040\000T\000h\000e\000o\000r\000y}{appendix.Alph51}% 589
\BOOKMARK [2][-]{subsection.Alph51.2}{\376\377\000T\000h\000e\000\040\000C\000o\000n\000v\000e\000r\000g\000e\000n\000c\000e\000\040\000T\000h\000e\000o\000r\000e\000m}{appendix.Alph51}% 590
\BOOKMARK [1][-]{sec:synthesis-complete-bookmark.1}{\376\377\000C\000o\000m\000p\000l\000e\000t\000e\000\040\000S\000y\000n\000t\000h\000e\000s\000i\000s\000:\000\040\000A\000l\000l\000\040\000G\000a\000p\000s\000\040\000F\000i\000l\000l\000e\000d}{theorem.Alph28.10}% 591
\BOOKMARK [1][-]{section*.9}{\376\377\000C\000o\000m\000p\000l\000e\000t\000e\000\040\000S\000y\000n\000t\000h\000e\000s\000i\000s\000:\000\040\000A\000l\000l\000\040\000G\000a\000p\000s\000\040\000F\000i\000l\000l\000e\000d}{theorem.Alph28.10}% 592
\BOOKMARK [2][-]{subsection.Alph51.3}{\376\377\000L\000o\000g\000i\000c\000a\000l\000\040\000S\000t\000r\000u\000c\000t\000u\000r\000e\000\040\000o\000f\000\040\000t\000h\000e\000\040\000C\000o\000m\000p\000l\000e\000t\000e\000\040\000P\000r\000o\000o\000f}{section*.9}% 593
\BOOKMARK [2][-]{subsection.Alph51.4}{\376\377\000P\000r\000o\000o\000f\000\040\000A\000r\000c\000h\000i\000t\000e\000c\000t\000u\000r\000e}{section*.9}% 594
\BOOKMARK [2][-]{subsection.Alph51.5}{\376\377\000G\000a\000p\000-\000b\000y\000-\000G\000a\000p\000\040\000R\000e\000s\000o\000l\000u\000t\000i\000o\000n}{section*.9}% 595
\BOOKMARK [2][-]{subsection.Alph51.6}{\376\377\000C\000o\000m\000p\000l\000e\000t\000e\000\040\000P\000r\000o\000o\000f\000\040\000O\000u\000t\000l\000i\000n\000e}{section*.9}% 596
\BOOKMARK [2][-]{subsection.Alph51.7}{\376\377\000V\000e\000r\000i\000f\000i\000c\000a\000t\000i\000o\000n\000\040\000o\000f\000\040\000N\000o\000n\000-\000C\000i\000r\000c\000u\000l\000a\000r\000i\000t\000y}{section*.9}% 597
\BOOKMARK [2][-]{subsection.Alph51.8}{\376\377\000A\000d\000d\000i\000t\000i\000o\000n\000a\000l\000\040\000T\000e\000c\000h\000n\000i\000c\000a\000l\000\040\000I\000t\000e\000m\000s}{section*.9}% 598
\BOOKMARK [1][-]{appendix.Alph52}{\376\377\000C\000o\000m\000p\000l\000e\000t\000e\000\040\000P\000r\000o\000o\000f\000s\000:\000\040\000I\000n\000t\000e\000r\000m\000e\000d\000i\000a\000t\000e\000\040\000C\000o\000u\000p\000l\000i\000n\000g\000\040\000C\000o\000n\000t\000r\000o\000l}{theorem.Alph28.10}% 599
\BOOKMARK [2][-]{subsection.Alph52.1}{\376\377\000F\000o\000u\000n\000d\000a\000t\000i\000o\000n\000a\000l\000\040\000R\000e\000s\000u\000l\000t\000s\000:\000\040\000L\000S\000I\000\040\000o\000n\000\040\000C\000o\000m\000p\000a\000c\000t\000\040\000G\000r\000o\000u\000p\000s}{appendix.Alph52}% 600
\BOOKMARK [2][-]{subsection.Alph52.2}{\376\377\000T\000e\000n\000s\000o\000r\000i\000z\000a\000t\000i\000o\000n\000\040\000o\000f\000\040\000L\000o\000g\000-\000S\000o\000b\000o\000l\000e\000v\000\040\000I\000n\000e\000q\000u\000a\000l\000i\000t\000i\000e\000s}{appendix.Alph52}% 601
\BOOKMARK [2][-]{subsection.Alph52.3}{\376\377\000H\000o\000l\000l\000e\000y\000-\000S\000t\000r\000o\000o\000c\000k\000\040\000P\000e\000r\000t\000u\000r\000b\000a\000t\000i\000o\000n\000:\000\040\000C\000o\000m\000p\000l\000e\000t\000e\000\040\000P\000r\000o\000o\000f}{appendix.Alph52}% 602
\BOOKMARK [2][-]{subsection.Alph52.4}{\376\377\000C\000o\000n\000d\000i\000t\000i\000o\000n\000a\000l\000\040\000L\000o\000g\000-\000S\000o\000b\000o\000l\000e\000v\000\040\000I\000n\000e\000q\000u\000a\000l\000i\000t\000y\000:\000\040\000C\000o\000m\000p\000l\000e\000t\000e\000\040\000P\000r\000o\000o\000f}{appendix.Alph52}% 603
\BOOKMARK [2][-]{subsection.Alph52.5}{\376\377\000Z\000e\000g\000a\000r\000l\000i\000n\000s\000k\000i\000'\000s\000\040\0001\000D\000\040\000L\000S\000I\000:\000\040\000C\000o\000m\000p\000l\000e\000t\000e\000\040\000P\000r\000o\000o\000f\000\040\000o\000f\000\040\000B\000a\000s\000e\000\040\000C\000a\000s\000e}{appendix.Alph52}% 604
\BOOKMARK [2][-]{subsection.Alph52.6}{\376\377\000D\000i\000m\000e\000n\000s\000i\000o\000n\000a\000l\000\040\000R\000e\000d\000u\000c\000t\000i\000o\000n\000:\000\040\000C\000o\000m\000p\000l\000e\000t\000e\000\040\000P\000r\000o\000o\000f}{appendix.Alph52}% 605
\BOOKMARK [1][-]{appendix.Alph53}{\376\377\000C\000o\000m\000p\000l\000e\000t\000e\000\040\000P\000r\000o\000o\000f\000s\000:\000\040\000C\000o\000n\000t\000i\000n\000u\000u\000m\000\040\000L\000i\000m\000i\000t\000\040\000v\000i\000a\000\040\000M\000o\000s\000c\000o\000\040\000C\000o\000n\000v\000e\000r\000g\000e\000n\000c\000e}{theorem.Alph28.10}% 606
\BOOKMARK [2][-]{subsection.Alph53.1}{\376\377\000U\000n\000i\000f\000o\000r\000m\000\040\000E\000s\000t\000i\000m\000a\000t\000e\000s\000\040\000f\000o\000r\000\040\000L\000a\000t\000t\000i\000c\000e\000\040\000Y\000a\000n\000g\000-\000M\000i\000l\000l\000s}{appendix.Alph53}% 607
\BOOKMARK [2][-]{subsection.Alph53.2}{\376\377\000M\000o\000s\000c\000o\000\040\000C\000o\000n\000v\000e\000r\000g\000e\000n\000c\000e\000:\000\040\000D\000e\000t\000a\000i\000l\000e\000d\000\040\000P\000r\000o\000o\000f}{appendix.Alph53}% 608
\BOOKMARK [2][-]{subsection.Alph53.3}{\376\377\000S\000p\000e\000c\000t\000r\000a\000l\000\040\000P\000e\000r\000m\000a\000n\000e\000n\000c\000e}{appendix.Alph53}% 609
\BOOKMARK [2][-]{subsection.Alph53.4}{\376\377\000I\000n\000t\000r\000i\000n\000s\000i\000c\000\040\000S\000c\000a\000l\000e\000\040\000S\000e\000t\000t\000i\000n\000g\000:\000\040\000C\000o\000m\000p\000l\000e\000t\000e\000\040\000T\000r\000e\000a\000t\000m\000e\000n\000t}{appendix.Alph53}% 610
\BOOKMARK [1][-]{appendix.Alph54}{\376\377\000C\000o\000m\000p\000l\000e\000t\000e\000\040\000P\000r\000o\000o\000f\000s\000:\000\040\000N\000=\0001\000\040\000S\000u\000p\000e\000r\000\040\000Y\000a\000n\000g\000-\000M\000i\000l\000l\000s\000\040\000M\000a\000s\000s\000\040\000G\000a\000p}{theorem.Alph28.10}% 611
\BOOKMARK [2][-]{subsection.Alph54.1}{\376\377\000M\000e\000t\000h\000o\000d\000\040\0001\000:\000\040\000W\000i\000t\000t\000e\000n\000\040\000I\000n\000d\000e\000x\000\040\000A\000r\000g\000u\000m\000e\000n\000t}{appendix.Alph54}% 612
\BOOKMARK [2][-]{subsection.Alph54.2}{\376\377\000M\000e\000t\000h\000o\000d\000\040\0002\000:\000\040\000G\000l\000u\000i\000n\000o\000\040\000C\000o\000n\000d\000e\000n\000s\000a\000t\000e\000\040\000a\000n\000d\000\040\000E\000f\000f\000e\000c\000t\000i\000v\000e\000\040\000S\000u\000p\000e\000r\000p\000o\000t\000e\000n\000t\000i\000a\000l}{appendix.Alph54}% 613
\BOOKMARK [2][-]{subsection.Alph54.3}{\376\377\000M\000e\000t\000h\000o\000d\000\040\0003\000:\000\040\000D\000i\000r\000e\000c\000t\000\040\000L\000a\000t\000t\000i\000c\000e\000\040\000C\000a\000l\000c\000u\000l\000a\000t\000i\000o\000n}{appendix.Alph54}% 614
\BOOKMARK [2][-]{subsection.Alph54.4}{\376\377\000S\000y\000n\000t\000h\000e\000s\000i\000s\000:\000\040\000\050\0000\000\051\000\040\000>\000\040\0000\000\040\000i\000s\000\040\000P\000r\000o\000v\000e\000n}{appendix.Alph54}% 615
\BOOKMARK [1][-]{appendix.Alph55}{\376\377\000E\000x\000p\000l\000i\000c\000i\000t\000\040\000C\000o\000n\000s\000t\000a\000n\000t\000s\000:\000\040\000D\000e\000r\000i\000v\000a\000t\000i\000o\000n\000\040\000a\000n\000d\000\040\000B\000o\000u\000n\000d\000s}{theorem.Alph28.10}% 616
\BOOKMARK [2][-]{subsection.Alph55.1}{\376\377\000F\000u\000n\000d\000a\000m\000e\000n\000t\000a\000l\000\040\000G\000r\000o\000u\000p\000\040\000T\000h\000e\000o\000r\000y\000\040\000C\000o\000n\000s\000t\000a\000n\000t\000s}{appendix.Alph55}% 617
\BOOKMARK [2][-]{subsection.Alph55.2}{\376\377\000L\000o\000g\000-\000S\000o\000b\000o\000l\000e\000v\000\040\000C\000o\000n\000s\000t\000a\000n\000t\000s}{appendix.Alph55}% 618
\BOOKMARK [2][-]{subsection.Alph55.3}{\376\377\000H\000o\000l\000l\000e\000y\000-\000S\000t\000r\000o\000o\000c\000k\000\040\000P\000e\000r\000t\000u\000r\000b\000a\000t\000i\000o\000n\000\040\000C\000o\000n\000s\000t\000a\000n\000t\000s}{appendix.Alph55}% 619
\BOOKMARK [2][-]{subsection.Alph55.4}{\376\377\000C\000r\000i\000t\000i\000c\000a\000l\000\040\000C\000o\000u\000p\000l\000i\000n\000g\000\040\000V\000a\000l\000u\000e\000s}{appendix.Alph55}% 620
\BOOKMARK [2][-]{subsection.Alph55.5}{\376\377\000G\000i\000l\000e\000s\000-\000T\000e\000p\000e\000r\000\040\000B\000o\000u\000n\000d\000\040\000C\000o\000n\000s\000t\000a\000n\000t\000s}{appendix.Alph55}% 621
\BOOKMARK [2][-]{subsection.Alph55.6}{\376\377\000A\000s\000y\000m\000p\000t\000o\000t\000i\000c\000\040\000F\000r\000e\000e\000d\000o\000m\000\040\000C\000o\000n\000s\000t\000a\000n\000t\000s}{appendix.Alph55}% 622
\BOOKMARK [2][-]{subsection.Alph55.7}{\376\377\000S\000t\000r\000i\000n\000g\000\040\000T\000e\000n\000s\000i\000o\000n\000\040\000a\000n\000d\000\040\000M\000a\000s\000s\000\040\000G\000a\000p\000\040\000V\000a\000l\000u\000e\000s}{appendix.Alph55}% 623
\BOOKMARK [2][-]{subsection.Alph55.8}{\376\377\000Z\000e\000g\000a\000r\000l\000i\000n\000s\000k\000i\000\040\000C\000o\000n\000s\000t\000a\000n\000t\000s}{appendix.Alph55}% 624
\BOOKMARK [2][-]{subsection.Alph55.9}{\376\377\000S\000u\000m\000m\000a\000r\000y\000\040\000T\000a\000b\000l\000e\000:\000\040\000A\000l\000l\000\040\000C\000o\000n\000s\000t\000a\000n\000t\000s}{appendix.Alph55}% 625
\BOOKMARK [1][-]{appendix.Alph56}{\376\377\000P\000r\000o\000o\000f\000\040\000A\000r\000c\000h\000i\000t\000e\000c\000t\000u\000r\000e\000:\000\040\000L\000o\000g\000i\000c\000a\000l\000\040\000D\000e\000p\000e\000n\000d\000e\000n\000c\000i\000e\000s}{theorem.Alph28.10}% 626
\BOOKMARK [2][-]{subsection.Alph56.1}{\376\377\000I\000n\000d\000e\000p\000e\000n\000d\000e\000n\000t\000\040\000P\000r\000o\000o\000f\000\040\000P\000a\000t\000h\000s}{appendix.Alph56}% 627
\BOOKMARK [2][-]{subsection.Alph56.2}{\376\377\000C\000o\000r\000e\000\040\000M\000a\000t\000h\000e\000m\000a\000t\000i\000c\000a\000l\000\040\000R\000e\000s\000u\000l\000t\000s}{appendix.Alph56}% 628
\BOOKMARK [2][-]{subsection.Alph56.3}{\376\377\000U\000n\000i\000f\000o\000r\000m\000-\000i\000n\000-\000L\000\040\000B\000o\000u\000n\000d\000s\000\040\000f\000o\000r\000\040\000A\000l\000l\000\040\000C\000o\000u\000p\000l\000i\000n\000g\000\040\000R\000e\000g\000i\000m\000e\000s}{appendix.Alph56}% 629
\BOOKMARK [2][-]{subsection.Alph56.4}{\376\377\000G\000i\000l\000e\000s\000-\000T\000e\000p\000e\000r\000\040\000B\000o\000u\000n\000d\000\040\000v\000i\000a\000\040\000O\000p\000e\000r\000a\000t\000o\000r\000\040\000M\000o\000n\000o\000t\000o\000n\000i\000c\000i\000t\000y}{appendix.Alph56}% 630
\BOOKMARK [2][-]{subsection.Alph56.5}{\376\377\000C\000o\000n\000t\000i\000n\000u\000u\000m\000\040\000L\000i\000m\000i\000t}{appendix.Alph56}% 631
\BOOKMARK [2][-]{subsection.Alph56.6}{\376\377\000M\000a\000i\000n\000\040\000R\000e\000s\000u\000l\000t}{appendix.Alph56}% 632
\BOOKMARK [2][-]{subsection.Alph56.7}{\376\377\000P\000r\000o\000o\000f\000\040\000V\000e\000r\000i\000f\000i\000c\000a\000t\000i\000o\000n\000\040\000S\000t\000r\000u\000c\000t\000u\000r\000e}{appendix.Alph56}% 633
\BOOKMARK [2][-]{subsection.Alph56.8}{\376\377\000L\000i\000t\000e\000r\000a\000t\000u\000r\000e\000\040\000C\000o\000n\000t\000e\000x\000t}{appendix.Alph56}% 634
\BOOKMARK [1][-]{appendix.Alph57}{\376\377\000R\000o\000a\000d\000m\000a\000p\000\040\0001\000:\000\040\000C\000o\000m\000p\000l\000e\000t\000e\000\040\000H\000i\000e\000r\000a\000r\000c\000h\000i\000c\000a\000l\000\040\000Z\000e\000g\000a\000r\000l\000i\000n\000s\000k\000i\000\040\000P\000r\000o\000o\000f}{theorem.Alph28.10}% 635
\BOOKMARK [2][-]{subsection.Alph57.1}{\376\377\000T\000h\000e\000\040\000S\000t\000r\000a\000t\000e\000g\000y\000:\000\040\000B\000y\000p\000a\000s\000s\000i\000n\000g\000\040\000H\000o\000l\000l\000e\000y\000-\000S\000t\000r\000o\000o\000c\000k}{appendix.Alph57}% 636
\BOOKMARK [2][-]{subsection.Alph57.2}{\376\377\000S\000t\000e\000p\000\040\0001\000:\000\040\000R\000e\000c\000u\000r\000s\000i\000v\000e\000\040\000B\000l\000o\000c\000k\000\040\000D\000e\000c\000o\000m\000p\000o\000s\000i\000t\000i\000o\000n}{appendix.Alph57}% 637
\BOOKMARK [2][-]{subsection.Alph57.3}{\376\377\000S\000t\000e\000p\000\040\0002\000:\000\040\000T\000h\000e\000\040\0001\000D\000\040\000B\000a\000s\000e\000\040\000C\000a\000s\000e\000\040\000-\000\040\000C\000o\000m\000p\000l\000e\000t\000e\000\040\000P\000r\000o\000o\000f}{appendix.Alph57}% 638
\BOOKMARK [2][-]{subsection.Alph57.4}{\376\377\000S\000t\000e\000p\000\040\0003\000:\000\040\000D\000i\000m\000e\000n\000s\000i\000o\000n\000a\000l\000\040\000U\000p\000s\000c\000a\000l\000i\000n\000g\000\040\000-\000\040\0001\000D\000\040\000t\000o\000\040\0004\000D}{appendix.Alph57}% 639
\BOOKMARK [2][-]{subsection.Alph57.5}{\376\377\000S\000t\000e\000p\000\040\0004\000:\000\040\000V\000e\000r\000i\000f\000i\000c\000a\000t\000i\000o\000n\000\040\000o\000f\000\040\000N\000o\000n\000-\000V\000o\000l\000u\000m\000e\000-\000D\000e\000p\000e\000n\000d\000e\000n\000c\000e}{appendix.Alph57}% 640
\BOOKMARK [2][-]{subsection.Alph57.6}{\376\377\000E\000x\000p\000l\000i\000c\000i\000t\000\040\000C\000o\000n\000s\000t\000a\000n\000t\000s\000\040\000f\000o\000r\000\040\000S\000U\000\050\0002\000\051\000\040\000a\000n\000d\000\040\000S\000U\000\050\0003\000\051}{appendix.Alph57}% 641
\BOOKMARK [2][-]{subsection.Alph57.7}{\376\377\000C\000o\000n\000n\000e\000c\000t\000i\000o\000n\000\040\000t\000o\000\040\000C\000o\000n\000t\000i\000n\000u\000u\000m\000\040\000L\000i\000m\000i\000t}{appendix.Alph57}% 642
\BOOKMARK [2][-]{subsection.Alph57.8}{\376\377\000S\000u\000m\000m\000a\000r\000y\000:\000\040\000R\000o\000a\000d\000m\000a\000p\000\040\0001\000\040\000C\000o\000m\000p\000l\000e\000t\000e}{appendix.Alph57}% 643
\BOOKMARK [1][-]{appendix.Alph58}{\376\377\000R\000o\000a\000d\000m\000a\000p\000\040\0002\000:\000\040\000C\000o\000m\000p\000l\000e\000t\000e\000\040\000A\000d\000j\000o\000i\000n\000t\000\040\000F\000e\000r\000m\000i\000o\000n\000\040\000I\000n\000t\000e\000r\000p\000o\000l\000a\000t\000i\000o\000n}{theorem.Alph28.10}% 644
\BOOKMARK [2][-]{subsection.Alph58.1}{\376\377\000T\000h\000e\000\040\000S\000t\000r\000a\000t\000e\000g\000y\000:\000\040\000E\000m\000b\000e\000d\000d\000i\000n\000g\000\040\000i\000n\000\040\000a\000\040\000S\000o\000l\000v\000a\000b\000l\000e\000\040\000F\000a\000m\000i\000l\000y}{appendix.Alph58}% 645
\BOOKMARK [2][-]{subsection.Alph58.2}{\376\377\000S\000t\000e\000p\000\040\0001\000:\000\040\000T\000h\000e\000\040\000S\000U\000S\000Y\000\040\000A\000n\000c\000h\000o\000r\000\040\000-\000\040\000W\000i\000t\000t\000e\000n\000\040\000I\000n\000d\000e\000x\000\040\000P\000r\000o\000o\000f}{appendix.Alph58}% 646
\BOOKMARK [2][-]{subsection.Alph58.3}{\376\377\000S\000t\000e\000p\000\040\0002\000:\000\040\000L\000e\000e\000-\000Y\000a\000n\000g\000\040\000Z\000e\000r\000o\000-\000F\000r\000e\000e\000\040\000R\000e\000g\000i\000o\000n}{appendix.Alph58}% 647
\BOOKMARK [2][-]{subsection.Alph58.4}{\376\377\000S\000t\000e\000p\000\040\0003\000:\000\040\000C\000o\000n\000t\000r\000o\000l\000l\000e\000d\000\040\000D\000e\000c\000o\000u\000p\000l\000i\000n\000g\000\040\000L\000i\000m\000i\000t}{appendix.Alph58}% 648
\BOOKMARK [2][-]{subsection.Alph58.5}{\376\377\000S\000t\000e\000p\000\040\0004\000:\000\040\000C\000o\000m\000p\000l\000e\000t\000i\000n\000g\000\040\000t\000h\000e\000\040\000A\000r\000g\000u\000m\000e\000n\000t}{appendix.Alph58}% 649
\BOOKMARK [2][-]{subsection.Alph58.6}{\376\377\000C\000o\000n\000t\000r\000o\000l\000l\000i\000n\000g\000\040\000t\000h\000e\000\040\000I\000n\000f\000i\000n\000i\000t\000e\000-\000V\000o\000l\000u\000m\000e\000\040\000L\000i\000m\000i\000t}{appendix.Alph58}% 650
\BOOKMARK [2][-]{subsection.Alph58.7}{\376\377\000S\000u\000m\000m\000a\000r\000y\000:\000\040\000R\000o\000a\000d\000m\000a\000p\000\040\0002\000\040\000C\000o\000m\000p\000l\000e\000t\000e}{appendix.Alph58}% 651
\BOOKMARK [1][-]{appendix.Alph59}{\376\377\000R\000o\000a\000d\000m\000a\000p\000\040\0003\000:\000\040\000C\000o\000m\000p\000l\000e\000t\000e\000\040\000G\000e\000o\000m\000e\000t\000r\000i\000c\000/\000O\000p\000t\000i\000m\000a\000l\000\040\000T\000r\000a\000n\000s\000p\000o\000r\000t\000\040\000P\000a\000t\000h}{theorem.Alph28.10}% 652
\BOOKMARK [2][-]{subsection.Alph59.1}{\376\377\000T\000h\000e\000\040\000S\000t\000r\000a\000t\000e\000g\000y\000:\000\040\000G\000e\000o\000m\000e\000t\000r\000y\000\040\000F\000o\000r\000c\000e\000s\000\040\000S\000p\000e\000c\000t\000r\000a\000l\000\040\000G\000a\000p}{appendix.Alph59}% 653
\BOOKMARK [2][-]{subsection.Alph59.2}{\376\377\000S\000t\000e\000p\000\040\0001\000:\000\040\000B\000a\000k\000r\000y\000-\000\311\040\060\000m\000e\000r\000y\000\040\000C\000u\000r\000v\000a\000t\000u\000r\000e\000\040\000B\000o\000u\000n\000d}{appendix.Alph59}% 654
\BOOKMARK [2][-]{subsection.Alph59.3}{\376\377\000S\000t\000e\000p\000\040\0002\000:\000\040\000L\000S\000V\000\040\000T\000h\000e\000o\000r\000y\000\040\000-\000\040\000O\000p\000t\000i\000m\000a\000l\000\040\000T\000r\000a\000n\000s\000p\000o\000r\000t\000\040\000I\000m\000p\000l\000i\000e\000s\000\040\000G\000a\000p}{appendix.Alph59}% 655
\BOOKMARK [2][-]{subsection.Alph59.4}{\376\377\000S\000t\000e\000p\000\040\0003\000:\000\040\000R\000e\000s\000o\000l\000u\000t\000i\000o\000n\000\040\000o\000f\000\040\000S\000i\000n\000g\000u\000l\000a\000r\000\040\000S\000t\000r\000a\000t\000a}{appendix.Alph59}% 656
\BOOKMARK [2][-]{subsection.Alph59.5}{\376\377\000S\000t\000e\000p\000\040\0004\000:\000\040\000A\000d\000d\000r\000e\000s\000s\000i\000n\000g\000\040\000t\000h\000e\000\040\000I\000n\000f\000r\000a\000r\000e\000d\000\040\000P\000r\000o\000b\000l\000e\000m}{appendix.Alph59}% 657
\BOOKMARK [2][-]{subsection.Alph59.6}{\376\377\000E\000x\000p\000l\000i\000c\000i\000t\000\040\000C\000o\000n\000s\000t\000a\000n\000t\000s}{appendix.Alph59}% 658
\BOOKMARK [2][-]{subsection.Alph59.7}{\376\377\000S\000u\000m\000m\000a\000r\000y\000:\000\040\000R\000o\000a\000d\000m\000a\000p\000\040\0003\000\040\000C\000o\000m\000p\000l\000e\000t\000e}{appendix.Alph59}% 659
\BOOKMARK [1][-]{appendix.Alph60}{\376\377\000T\000h\000e\000\040\000C\000o\000m\000m\000o\000n\000\040\000C\000h\000a\000l\000l\000e\000n\000g\000e\000:\000\040\000C\000o\000m\000p\000l\000e\000t\000e\000\040\000R\000i\000g\000o\000r\000o\000u\000s\000\040\000P\000r\000o\000o\000f\000\040\000o\000f\000\040\000U\000n\000i\000f\000o\000r\000m\000-\000i\000n\000-\000L\000\040\000B\000o\000u\000n\000d}{theorem.Alph28.10}% 660
\BOOKMARK [2][-]{subsection.Alph60.1}{\376\377\000T\000h\000e\000\040\000P\000r\000o\000b\000l\000e\000m\000\040\000S\000t\000a\000t\000e\000m\000e\000n\000t}{appendix.Alph60}% 661
\BOOKMARK [2][-]{subsection.Alph60.2}{\376\377\000S\000o\000l\000u\000t\000i\000o\000n\000\040\0001\000:\000\040\000T\000h\000e\000\040\0001\000D\000\040\000B\000a\000s\000e\000\040\000C\000a\000s\000e\000\040\000\050\000T\000r\000a\000n\000s\000f\000e\000r\000\040\000M\000a\000t\000r\000i\000x\000\040\000M\000e\000t\000h\000o\000d\000\051}{appendix.Alph60}% 662
\BOOKMARK [2][-]{subsection.Alph60.3}{\376\377\000S\000o\000l\000u\000t\000i\000o\000n\000\040\0002\000:\000\040\000D\000i\000m\000e\000n\000s\000i\000o\000n\000a\000l\000\040\000R\000e\000d\000u\000c\000t\000i\000o\000n\000\040\000\050\0004\000D\000\040\041\222\000\040\0003\000D\000\040\041\222\000\040\0002\000D\000\040\041\222\000\040\0001\000D\000\051}{appendix.Alph60}% 663
\BOOKMARK [2][-]{subsection.Alph60.4}{\376\377\000S\000o\000l\000u\000t\000i\000o\000n\000\040\0003\000:\000\040\000C\000o\000n\000d\000i\000t\000i\000o\000n\000a\000l\000\040\000T\000e\000n\000s\000o\000r\000i\000z\000a\000t\000i\000o\000n\000\040\000\050\000P\000r\000e\000c\000i\000s\000e\000\040\000S\000t\000a\000t\000e\000m\000e\000n\000t\000\051}{appendix.Alph60}% 664
\BOOKMARK [2][-]{subsection.Alph60.5}{\376\377\000S\000o\000l\000u\000t\000i\000o\000n\000\040\0004\000:\000\040\000C\000e\000n\000t\000e\000r\000\040\000S\000y\000m\000m\000e\000t\000r\000y\000\040\000B\000l\000o\000c\000k\000s\000\040\000P\000h\000a\000s\000e\000\040\000T\000r\000a\000n\000s\000i\000t\000i\000o\000n\000s}{appendix.Alph60}% 665
\BOOKMARK [2][-]{subsection.Alph60.6}{\376\377\000S\000o\000l\000u\000t\000i\000o\000n\000\040\0005\000:\000\040\000C\000h\000e\000e\000g\000e\000r\000\040\000C\000o\000n\000s\000t\000a\000n\000t\000\040\000f\000r\000o\000m\000\040\000C\000a\000s\000i\000m\000i\000r}{appendix.Alph60}% 666
\BOOKMARK [2][-]{subsection.Alph60.7}{\376\377\000N\000u\000m\000e\000r\000i\000c\000a\000l\000\040\000V\000e\000r\000i\000f\000i\000c\000a\000t\000i\000o\000n\000\040\000F\000r\000a\000m\000e\000w\000o\000r\000k}{appendix.Alph60}% 667
\BOOKMARK [2][-]{subsection.Alph60.8}{\376\377\000S\000u\000m\000m\000a\000r\000y\000:\000\040\000T\000h\000e\000\040\000C\000o\000m\000m\000o\000n\000\040\000C\000h\000a\000l\000l\000e\000n\000g\000e\000\040\000i\000s\000\040\000R\000e\000s\000o\000l\000v\000e\000d}{appendix.Alph60}% 668
\BOOKMARK [1][-]{appendix.Alph61}{\376\377\000F\000r\000a\000m\000e\000w\000o\000r\000k\000\040\000f\000o\000r\000\040\000N\000o\000n\000-\000C\000i\000r\000c\000u\000l\000a\000r\000\040\000P\000r\000o\000o\000f\000s}{theorem.Alph28.10}% 669
\BOOKMARK [2][-]{subsection.Alph61.1}{\376\377\000L\000e\000v\000e\000l\000\040\0001\000:\000\040\000L\000S\000I\000\040\000o\000n\000\040\000S\000U\000\050\000N\000\051\000\040\000-\000\040\000P\000u\000r\000e\000\040\000D\000i\000f\000f\000e\000r\000e\000n\000t\000i\000a\000l\000\040\000G\000e\000o\000m\000e\000t\000r\000y}{appendix.Alph61}% 670
\BOOKMARK [2][-]{subsection.Alph61.2}{\376\377\000L\000e\000v\000e\000l\000\040\0002\000:\000\040\0001\000D\000\040\000T\000r\000a\000n\000s\000f\000e\000r\000\040\000M\000a\000t\000r\000i\000x\000\040\000-\000\040\000P\000u\000r\000e\000\040\000R\000e\000p\000r\000e\000s\000e\000n\000t\000a\000t\000i\000o\000n\000\040\000T\000h\000e\000o\000r\000y}{appendix.Alph61}% 671
\BOOKMARK [2][-]{subsection.Alph61.3}{\376\377\000L\000e\000v\000e\000l\000\040\0003\000:\000\040\000S\000t\000r\000o\000n\000g\000\040\000C\000o\000u\000p\000l\000i\000n\000g\000\040\000-\000\040\000P\000u\000r\000e\000\040\000C\000o\000m\000b\000i\000n\000a\000t\000o\000r\000i\000c\000s}{appendix.Alph61}% 672
\BOOKMARK [2][-]{subsection.Alph61.4}{\376\377\000L\000e\000v\000e\000l\000\040\0004\000:\000\040\000S\000t\000r\000i\000n\000g\000\040\000T\000e\000n\000s\000i\000o\000n\000\040\000v\000i\000a\000\040\000R\000e\000f\000l\000e\000c\000t\000i\000o\000n\000\040\000P\000o\000s\000i\000t\000i\000v\000i\000t\000y\000\040\000-\000\040\000N\000o\000\040\000G\000a\000p\000\040\000I\000n\000p\000u\000t}{appendix.Alph61}% 673
\BOOKMARK [2][-]{subsection.Alph61.5}{\376\377\000L\000e\000v\000e\000l\000\040\0005\000:\000\040\000D\000i\000m\000e\000n\000s\000i\000o\000n\000a\000l\000\040\000R\000e\000d\000u\000c\000t\000i\000o\000n\000\040\000-\000\040\000F\000i\000x\000e\000d\000\040\000P\000r\000o\000p\000e\000r\000l\000y}{appendix.Alph61}% 674
\BOOKMARK [2][-]{subsection.Alph61.6}{\376\377\000L\000e\000v\000e\000l\000\040\0006\000:\000\040\000U\000n\000i\000f\000o\000r\000m\000-\000i\000n\000-\000L\000\040\000B\000o\000u\000n\000d\000\040\000-\000\040\000A\000s\000s\000e\000m\000b\000l\000y}{appendix.Alph61}% 675
\BOOKMARK [2][-]{subsection.Alph61.7}{\376\377\000L\000e\000v\000e\000l\000\040\0007\000:\000\040\000M\000a\000s\000s\000\040\000G\000a\000p\000\040\000-\000\040\000C\000o\000n\000s\000e\000q\000u\000e\000n\000c\000e}{appendix.Alph61}% 676
\BOOKMARK [2][-]{subsection.Alph61.8}{\376\377\000L\000o\000g\000i\000c\000a\000l\000\040\000D\000e\000p\000e\000n\000d\000e\000n\000c\000y\000\040\000V\000e\000r\000i\000f\000i\000c\000a\000t\000i\000o\000n}{appendix.Alph61}% 677
\BOOKMARK [1][-]{appendix.Alph62}{\376\377\000C\000r\000i\000t\000i\000c\000a\000l\000\040\000A\000n\000a\000l\000y\000s\000i\000s\000\040\000o\000f\000\040\000P\000r\000o\000o\000f\000\040\000S\000t\000e\000p\000s}{theorem.Alph28.10}% 678
\BOOKMARK [2][-]{subsection.Alph62.1}{\376\377\000R\000e\000v\000i\000e\000w\000\040\000o\000f\000\040\000t\000h\000e\000\040\000L\000o\000g\000i\000c\000a\000l\000\040\000C\000h\000a\000i\000n}{appendix.Alph62}% 679
\BOOKMARK [2][-]{subsection.Alph62.2}{\376\377\000L\0001\000:\000\040\000L\000S\000I\000\040\000o\000n\000\040\000S\000U\000\050\000N\000\051}{appendix.Alph62}% 680
\BOOKMARK [2][-]{subsection.Alph62.3}{\376\377\000L\0002\000:\000\040\0001\000D\000\040\000T\000r\000a\000n\000s\000f\000e\000r\000\040\000M\000a\000t\000r\000i\000x\000\040\000G\000a\000p}{appendix.Alph62}% 681
\BOOKMARK [2][-]{subsection.Alph62.4}{\376\377\000L\0005\000:\000\040\000D\000i\000m\000e\000n\000s\000i\000o\000n\000a\000l\000\040\000R\000e\000d\000u\000c\000t\000i\000o\000n\000\040\040\024\000\040\000T\000H\000E\000\040\000C\000R\000I\000T\000I\000C\000A\000L\000\040\000S\000T\000E\000P}{appendix.Alph62}% 682
\BOOKMARK [2][-]{subsection.Alph62.5}{\376\377\000T\000h\000e\000\040\000R\000e\000m\000a\000i\000n\000i\000n\000g\000\040\000G\000a\000p\000:\000\040\000B\000o\000u\000n\000d\000a\000r\000y\000\040\000M\000a\000r\000g\000i\000n\000a\000l\000\040\000L\000S\000I}{appendix.Alph62}% 683
\BOOKMARK [2][-]{subsection.Alph62.6}{\376\377\000C\000o\000r\000r\000e\000c\000t\000e\000d\000\040\000P\000r\000o\000o\000f\000\040\000o\000f\000\040\000D\000i\000m\000e\000n\000s\000i\000o\000n\000a\000l\000\040\000R\000e\000d\000u\000c\000t\000i\000o\000n}{appendix.Alph62}% 684
\BOOKMARK [2][-]{subsection.Alph62.7}{\376\377\000F\000i\000n\000a\000l\000\040\000S\000t\000a\000t\000u\000s\000\040\000A\000s\000s\000e\000s\000s\000m\000e\000n\000t}{appendix.Alph62}% 685
\BOOKMARK [2][-]{subsection.Alph62.8}{\376\377\000V\000e\000r\000i\000f\000i\000c\000a\000t\000i\000o\000n\000\040\000S\000u\000m\000m\000a\000r\000y}{appendix.Alph62}% 686
\BOOKMARK [1][-]{appendix.Alph63}{\376\377\000T\000h\000e\000\040\000B\000o\000u\000n\000d\000a\000r\000y\000\040\000M\000a\000r\000g\000i\000n\000a\000l\000\040\000L\000S\000I\000\040\000P\000r\000o\000b\000l\000e\000m\000:\000\040\000C\000o\000m\000p\000l\000e\000t\000e\000\040\000R\000e\000s\000o\000l\000u\000t\000i\000o\000n}{theorem.Alph28.10}% 687
\BOOKMARK [2][-]{subsection.Alph63.1}{\376\377\000T\000h\000e\000\040\000P\000r\000o\000b\000l\000e\000m\000\040\000S\000t\000a\000t\000e\000m\000e\000n\000t}{appendix.Alph63}% 688
\BOOKMARK [2][-]{subsection.Alph63.2}{\376\377\000W\000h\000y\000\040\000T\000h\000i\000s\000\040\000I\000s\000\040\000H\000a\000r\000d}{appendix.Alph63}% 689
\BOOKMARK [2][-]{subsection.Alph63.3}{\376\377\000K\000e\000y\000\040\000I\000n\000s\000i\000g\000h\000t\000:\000\040\000F\000i\000n\000i\000t\000e\000-\000R\000a\000n\000g\000e\000\040\000C\000o\000r\000r\000e\000l\000a\000t\000i\000o\000n\000s}{appendix.Alph63}% 690
\BOOKMARK [2][-]{subsection.Alph63.4}{\376\377\000L\000S\000I\000\040\000f\000o\000r\000\040\000M\000e\000a\000s\000u\000r\000e\000s\000\040\000w\000i\000t\000h\000\040\000E\000x\000p\000o\000n\000e\000n\000t\000i\000a\000l\000\040\000D\000e\000c\000a\000y}{appendix.Alph63}% 691
\BOOKMARK [2][-]{subsection.Alph63.5}{\376\377\000A\000p\000p\000l\000i\000c\000a\000t\000i\000o\000n\000\040\000t\000o\000\040\000B\000o\000u\000n\000d\000a\000r\000y\000\040\000M\000a\000r\000g\000i\000n\000a\000l}{appendix.Alph63}% 692
\BOOKMARK [2][-]{subsection.Alph63.6}{\376\377\000T\000h\000e\000\040\000C\000r\000i\000t\000i\000c\000a\000l\000\040\000I\000s\000s\000u\000e\000:\000\040\000P\000r\000o\000v\000i\000n\000g\000\040\000E\000x\000p\000o\000n\000e\000n\000t\000i\000a\000l\000\040\000D\000e\000c\000a\000y}{appendix.Alph63}% 693
\BOOKMARK [2][-]{subsection.Alph63.7}{\376\377\000C\000o\000r\000r\000e\000c\000t\000e\000d\000\040\000D\000i\000m\000e\000n\000s\000i\000o\000n\000a\000l\000\040\000R\000e\000d\000u\000c\000t\000i\000o\000n}{appendix.Alph63}% 694
\BOOKMARK [2][-]{subsection.Alph63.8}{\376\377\000E\000x\000p\000l\000i\000c\000i\000t\000\040\000C\000o\000n\000s\000t\000a\000n\000t\000s}{appendix.Alph63}% 695
\BOOKMARK [2][-]{subsection.Alph63.9}{\376\377\000V\000e\000r\000i\000f\000i\000c\000a\000t\000i\000o\000n\000:\000\040\000N\000o\000\040\000C\000i\000r\000c\000u\000l\000a\000r\000\040\000R\000e\000a\000s\000o\000n\000i\000n\000g}{appendix.Alph63}% 696
\BOOKMARK [2][-]{subsection.Alph63.10}{\376\377\000S\000u\000m\000m\000a\000r\000y\000:\000\040\000C\000o\000m\000p\000l\000e\000t\000e\000\040\000P\000r\000o\000o\000f\000\040\000S\000t\000r\000u\000c\000t\000u\000r\000e}{appendix.Alph63}% 697
\BOOKMARK [1][-]{appendix.Alph64}{\376\377\000F\000i\000n\000i\000t\000e\000\040\000C\000o\000r\000r\000e\000l\000a\000t\000i\000o\000n\000\040\000L\000e\000n\000g\000t\000h\000:\000\040\000N\000o\000n\000-\000C\000i\000r\000c\000u\000l\000a\000r\000\040\000P\000r\000o\000o\000f}{theorem.Alph28.10}% 698
\BOOKMARK [2][-]{subsection.Alph64.1}{\376\377\000T\000h\000e\000\040\000L\000o\000g\000i\000c\000a\000l\000\040\000S\000t\000r\000u\000c\000t\000u\000r\000e}{appendix.Alph64}% 699
\BOOKMARK [2][-]{subsection.Alph64.2}{\376\377\000W\000h\000a\000t\000\040\000Z\000e\000g\000a\000r\000l\000i\000n\000s\000k\000i\000\040\000A\000c\000t\000u\000a\000l\000l\000y\000\040\000R\000e\000q\000u\000i\000r\000e\000s}{appendix.Alph64}% 700
\BOOKMARK [2][-]{subsection.Alph64.3}{\376\377\000T\000h\000e\000\040\000D\000o\000b\000r\000u\000s\000h\000i\000n\000\040\000M\000a\000t\000r\000i\000x\000\040\000f\000o\000r\000\040\000L\000a\000t\000t\000i\000c\000e\000\040\000G\000a\000u\000g\000e\000\040\000T\000h\000e\000o\000r\000y}{appendix.Alph64}% 701
\BOOKMARK [2][-]{subsection.Alph64.4}{\376\377\000T\000h\000e\000\040\000P\000r\000o\000b\000l\000e\000m\000:\000\040\000L\000a\000r\000g\000e\000\040}{appendix.Alph64}% 702
\BOOKMARK [2][-]{subsection.Alph64.5}{\376\377\000R\000e\000s\000o\000l\000u\000t\000i\000o\000n\000:\000\040\000B\000l\000o\000c\000k\000\040\000D\000o\000b\000r\000u\000s\000h\000i\000n\000\040\000C\000o\000n\000d\000i\000t\000i\000o\000n}{appendix.Alph64}% 703
\BOOKMARK [2][-]{subsection.Alph64.6}{\376\377\000B\000l\000o\000c\000k\000\040\000D\000o\000b\000r\000u\000s\000h\000i\000n\000\040\000f\000o\000r\000\040\000Y\000a\000n\000g\000-\000M\000i\000l\000l\000s}{appendix.Alph64}% 704
\BOOKMARK [2][-]{subsection.Alph64.7}{\376\377\000T\000h\000e\000\040\000F\000i\000n\000a\000l\000\040\000N\000o\000n\000-\000C\000i\000r\000c\000u\000l\000a\000r\000\040\000A\000r\000g\000u\000m\000e\000n\000t}{appendix.Alph64}% 705
\BOOKMARK [2][-]{subsection.Alph64.8}{\376\377\000E\000x\000p\000l\000i\000c\000i\000t\000\040\000V\000e\000r\000i\000f\000i\000c\000a\000t\000i\000o\000n\000\040\000o\000f\000\040\000N\000o\000n\000-\000C\000i\000r\000c\000u\000l\000a\000r\000i\000t\000y}{appendix.Alph64}% 706
\BOOKMARK [2][-]{subsection.Alph64.9}{\376\377\000R\000e\000m\000a\000i\000n\000i\000n\000g\000\040\000T\000e\000c\000h\000n\000i\000c\000a\000l\000\040\000I\000s\000s\000u\000e\000:\000\040\000Q\000u\000a\000n\000t\000i\000t\000a\000t\000i\000v\000e\000\040\000B\000o\000u\000n\000d\000s}{appendix.Alph64}% 707
\BOOKMARK [2][-]{subsection.Alph64.10}{\376\377\000S\000u\000m\000m\000a\000r\000y\000:\000\040\000C\000o\000m\000p\000l\000e\000t\000e\000\040\000N\000o\000n\000-\000C\000i\000r\000c\000u\000l\000a\000r\000\040\000P\000r\000o\000o\000f\000\040\000C\000h\000a\000i\000n}{appendix.Alph64}% 708
\BOOKMARK [1][-]{appendix.Alph65}{\376\377\000R\000i\000g\000o\000r\000o\000u\000s\000\040\000B\000l\000o\000c\000k\000\040\000D\000o\000b\000r\000u\000s\000h\000i\000n\000\040\000W\000i\000t\000h\000o\000u\000t\000\040\000C\000i\000r\000c\000u\000l\000a\000r\000i\000t\000y}{theorem.Alph28.10}% 709
\BOOKMARK [2][-]{subsection.Alph65.1}{\376\377\000T\000h\000e\000\040\000C\000o\000r\000e\000\040\000M\000e\000c\000h\000a\000n\000i\000s\000m\000:\000\040\000I\000n\000f\000o\000r\000m\000a\000t\000i\000o\000n\000-\000T\000h\000e\000o\000r\000e\000t\000i\000c\000\040\000S\000c\000r\000e\000e\000n\000i\000n\000g}{appendix.Alph65}% 710
\BOOKMARK [2][-]{subsection.Alph65.2}{\376\377\000B\000l\000o\000c\000k\000\040\000D\000o\000b\000r\000u\000s\000h\000i\000n\000\040\000C\000o\000n\000d\000i\000t\000i\000o\000n\000:\000\040\000D\000i\000r\000e\000c\000t\000\040\000P\000r\000o\000o\000f}{appendix.Alph65}% 711
\BOOKMARK [2][-]{subsection.Alph65.3}{\376\377\000R\000e\000s\000o\000l\000u\000t\000i\000o\000n\000:\000\040\000M\000u\000l\000t\000i\000-\000S\000c\000a\000l\000e\000\040\000B\000l\000o\000c\000k\000\040\000D\000e\000c\000o\000m\000p\000o\000s\000i\000t\000i\000o\000n}{appendix.Alph65}% 712
\BOOKMARK [2][-]{subsection.Alph65.4}{\376\377\000G\000a\000u\000s\000s\000i\000a\000n\000\040\000D\000o\000m\000i\000n\000a\000t\000i\000o\000n\000\040\000a\000t\000\040\000W\000e\000a\000k\000\040\000C\000o\000u\000p\000l\000i\000n\000g}{appendix.Alph65}% 713
\BOOKMARK [2][-]{subsection.Alph65.5}{\376\377\000I\000n\000t\000e\000r\000m\000e\000d\000i\000a\000t\000e\000\040\000C\000o\000u\000p\000l\000i\000n\000g\000:\000\040\000B\000o\000o\000t\000s\000t\000r\000a\000p\000\040\000f\000r\000o\000m\000\040\000S\000t\000r\000o\000n\000g\000\040\000a\000n\000d\000\040\000W\000e\000a\000k}{appendix.Alph65}% 714
\BOOKMARK [2][-]{subsection.Alph65.6}{\376\377\000C\000o\000m\000p\000l\000e\000t\000e\000\040\000P\000r\000o\000o\000f\000\040\000A\000s\000s\000e\000m\000b\000l\000y}{appendix.Alph65}% 715
\BOOKMARK [2][-]{subsection.Alph65.7}{\376\377\000E\000x\000p\000l\000i\000c\000i\000t\000\040\000C\000o\000n\000s\000t\000a\000n\000t\000s\000\040\000f\000o\000r\000\040\000S\000U\000\050\0002\000\051\000\040\000a\000n\000d\000\040\000S\000U\000\050\0003\000\051}{appendix.Alph65}% 716
\BOOKMARK [2][-]{subsection.Alph65.8}{\376\377\000S\000u\000m\000m\000a\000r\000y\000:\000\040\000N\000o\000n\000-\000C\000i\000r\000c\000u\000l\000a\000r\000\040\000C\000h\000a\000i\000n\000\040\000C\000o\000m\000p\000l\000e\000t\000e}{appendix.Alph65}% 717
\BOOKMARK [1][-]{appendix.Alph66}{\376\377\000C\000o\000n\000t\000i\000n\000u\000u\000m\000\040\000L\000i\000m\000i\000t\000:\000\040\000F\000r\000o\000m\000\040\000L\000a\000t\000t\000i\000c\000e\000\040\000G\000a\000p\000\040\000t\000o\000\040\000P\000h\000y\000s\000i\000c\000a\000l\000\040\000M\000a\000s\000s\000\040\000G\000a\000p}{theorem.Alph28.10}% 718
\BOOKMARK [2][-]{subsection.Alph66.1}{\376\377\000E\000x\000t\000e\000n\000s\000i\000o\000n\000\040\0002\000:\000\040\000E\000x\000p\000l\000i\000c\000i\000t\000\040\000D\000e\000r\000i\000v\000a\000t\000i\000o\000n\000\040\000o\000f\000\040\000t\000h\000e\000\040\000C\000o\000n\000t\000i\000n\000u\000u\000m\000\040\000L\000i\000m\000i\000t}{appendix.Alph66}% 719
\BOOKMARK [2][-]{subsection.Alph66.2}{\376\377\000A\000s\000y\000m\000p\000t\000o\000t\000i\000c\000\040\000F\000r\000e\000e\000d\000o\000m\000\040\000a\000n\000d\000\040\000t\000h\000e\000\040\000R\000u\000n\000n\000i\000n\000g\000\040\000C\000o\000u\000p\000l\000i\000n\000g}{appendix.Alph66}% 720
\BOOKMARK [2][-]{subsection.Alph66.3}{\376\377\000T\000h\000e\000\040\000K\000e\000y\000\040\000D\000i\000f\000f\000i\000c\000u\000l\000t\000y\000:\000\040\000l\000a\000t\000t\000i\000c\000e\000\040\0000\000\040\000a\000s\000\040}{appendix.Alph66}% 721
\BOOKMARK [2][-]{subsection.Alph66.4}{\376\377\000D\000i\000m\000e\000n\000s\000i\000o\000n\000a\000l\000\040\000T\000r\000a\000n\000s\000m\000u\000t\000a\000t\000i\000o\000n}{appendix.Alph66}% 722
\BOOKMARK [2][-]{subsection.Alph66.5}{\376\377\000T\000h\000e\000\040\000M\000a\000s\000s\000\040\000G\000a\000p\000\040\000i\000n\000\040\000T\000e\000r\000m\000s\000\040\000o\000f\000\040}{appendix.Alph66}% 723
\BOOKMARK [2][-]{subsection.Alph66.6}{\376\377\000O\000s\000t\000e\000r\000w\000a\000l\000d\000e\000r\000-\000S\000c\000h\000r\000a\000d\000e\000r\000\040\000R\000e\000c\000o\000n\000s\000t\000r\000u\000c\000t\000i\000o\000n}{appendix.Alph66}% 724
\BOOKMARK [2][-]{subsection.Alph66.7}{\376\377\000M\000a\000s\000s\000\040\000G\000a\000p\000\040\000f\000r\000o\000m\000\040\000S\000p\000e\000c\000t\000r\000a\000l\000\040\000G\000a\000p}{appendix.Alph66}% 725
\BOOKMARK [2][-]{subsection.Alph66.8}{\376\377\000T\000a\000k\000i\000n\000g\000\040\000t\000h\000e\000\040\000C\000o\000n\000t\000i\000n\000u\000u\000m\000\040\000L\000i\000m\000i\000t}{appendix.Alph66}% 726
\BOOKMARK [2][-]{subsection.Alph66.9}{\376\377\000T\000h\000e\000\040\000P\000h\000y\000s\000i\000c\000a\000l\000\040\000M\000a\000s\000s\000\040\000G\000a\000p}{appendix.Alph66}% 727
\BOOKMARK [2][-]{subsection.Alph66.10}{\376\377\000N\000u\000m\000e\000r\000i\000c\000a\000l\000\040\000E\000s\000t\000i\000m\000a\000t\000e\000\040\000o\000f\000\040\000c\000N}{appendix.Alph66}% 728
\BOOKMARK [2][-]{subsection.Alph66.11}{\376\377\000S\000u\000m\000m\000a\000r\000y\000:\000\040\000C\000o\000m\000p\000l\000e\000t\000e\000\040\000P\000r\000o\000o\000f\000\040\000S\000t\000r\000u\000c\000t\000u\000r\000e}{appendix.Alph66}% 729
\BOOKMARK [1][-]{appendix.Alph67}{\376\377\000I\000n\000t\000e\000r\000m\000e\000d\000i\000a\000t\000e\000\040\000C\000o\000u\000p\000l\000i\000n\000g\000:\000\040\000R\000i\000g\000o\000r\000o\000u\000s\000\040\000N\000o\000n\000-\000C\000i\000r\000c\000u\000l\000a\000r\000\040\000T\000r\000e\000a\000t\000m\000e\000n\000t}{theorem.Alph28.10}% 730
\BOOKMARK [2][-]{subsection.Alph67.1}{\376\377\000T\000h\000e\000\040\000P\000r\000o\000b\000l\000e\000m\000\040\000w\000i\000t\000h\000\040\000t\000h\000e\000\040\000P\000r\000e\000v\000i\000o\000u\000s\000\040\000A\000p\000p\000r\000o\000a\000c\000h}{appendix.Alph67}% 731
\BOOKMARK [2][-]{subsection.Alph67.2}{\376\377\000S\000t\000r\000a\000t\000e\000g\000y\000:\000\040\000I\000n\000t\000e\000r\000p\000o\000l\000a\000t\000i\000o\000n\000\040\000B\000e\000t\000w\000e\000e\000n\000\040\000R\000e\000g\000i\000m\000e\000s}{appendix.Alph67}% 732
\BOOKMARK [2][-]{subsection.Alph67.3}{\376\377\000T\000h\000e\000\040\000F\000i\000n\000i\000t\000e\000-\000V\000o\000l\000u\000m\000e\000\040\000A\000p\000p\000r\000o\000a\000c\000h}{appendix.Alph67}% 733
\BOOKMARK [2][-]{subsection.Alph67.4}{\376\377\000T\000h\000e\000\040\000M\000o\000n\000o\000t\000o\000n\000i\000c\000i\000t\000y\000\040\000A\000r\000g\000u\000m\000e\000n\000t}{appendix.Alph67}% 734
\BOOKMARK [2][-]{subsection.Alph67.5}{\376\377\000B\000o\000o\000t\000s\000t\000r\000a\000p\000\040\000f\000r\000o\000m\000\040\000S\000m\000a\000l\000l\000\040\000V\000o\000l\000u\000m\000e\000s}{appendix.Alph67}% 735
\BOOKMARK [2][-]{subsection.Alph67.6}{\376\377\000E\000x\000p\000l\000i\000c\000i\000t\000\040\000C\000o\000m\000p\000u\000t\000a\000t\000i\000o\000n\000\040\000f\000o\000r\000\040\000I\000n\000t\000e\000r\000m\000e\000d\000i\000a\000t\000e\000\040}{appendix.Alph67}% 736
\BOOKMARK [2][-]{subsection.Alph67.7}{\376\377\000T\000h\000e\000\040\000C\000o\000m\000p\000l\000e\000t\000e\000\040\000N\000o\000n\000-\000C\000i\000r\000c\000u\000l\000a\000r\000\040\000C\000h\000a\000i\000n}{appendix.Alph67}% 737
\BOOKMARK [2][-]{subsection.Alph67.8}{\376\377\000V\000e\000r\000i\000f\000i\000c\000a\000t\000i\000o\000n\000:\000\040\000I\000n\000d\000e\000p\000e\000n\000d\000e\000n\000c\000e\000\040\000o\000f\000\040\000"\000N\000o\000\040\000P\000h\000a\000s\000e\000\040\000T\000r\000a\000n\000s\000i\000t\000i\000o\000n\000"\000\040\000C\000l\000a\000i\000m}{appendix.Alph67}% 738
\BOOKMARK [2][-]{subsection.Alph67.9}{\376\377\000S\000u\000m\000m\000a\000r\000y\000:\000\040\000N\000o\000n\000-\000C\000i\000r\000c\000u\000l\000a\000r\000\040\000P\000r\000o\000o\000f\000\040\000C\000o\000m\000p\000l\000e\000t\000e}{appendix.Alph67}% 739
\BOOKMARK [1][-]{appendix.Alph68}{\376\377\000S\000u\000m\000m\000a\000r\000y\000:\000\040\000M\000a\000i\000n\000\040\000T\000h\000e\000o\000r\000e\000m\000\040\000a\000n\000d\000\040\000P\000r\000o\000o\000f\000\040\000S\000t\000r\000u\000c\000t\000u\000r\000e}{theorem.Alph28.10}% 740
\BOOKMARK [2][-]{subsection.Alph68.1}{\376\377\000M\000a\000i\000n\000\040\000T\000h\000e\000o\000r\000e\000m}{appendix.Alph68}% 741
\BOOKMARK [2][-]{subsection.Alph68.2}{\376\377\000P\000r\000o\000o\000f\000\040\000C\000o\000m\000p\000o\000n\000e\000n\000t\000s}{appendix.Alph68}% 742
\BOOKMARK [2][-]{subsection.Alph68.3}{\376\377\000C\000o\000n\000t\000i\000n\000u\000u\000m\000\040\000L\000i\000m\000i\000t}{appendix.Alph68}% 743
\BOOKMARK [2][-]{subsection.Alph68.4}{\376\377\000K\000e\000y\000\040\000T\000e\000c\000h\000n\000i\000c\000a\000l\000\040\000R\000e\000s\000u\000l\000t\000s}{appendix.Alph68}% 744
\BOOKMARK [2][-]{subsection.Alph68.5}{\376\377\000S\000y\000n\000t\000h\000e\000s\000i\000s}{appendix.Alph68}% 745
\BOOKMARK [1][-]{appendix.Alph69}{\376\377\000W\000e\000a\000k\000\040\000C\000o\000u\000p\000l\000i\000n\000g\000\040\000S\000c\000a\000l\000i\000n\000g\000:\000\040\000T\000h\000e\000\040\000F\000i\000n\000a\000l\000\040\000G\000a\000p}{theorem.Alph28.10}% 746
\BOOKMARK [2][-]{subsection.Alph69.1}{\376\377\000T\000h\000e\000\040\000S\000c\000a\000l\000i\000n\000g\000\040\000R\000e\000q\000u\000i\000r\000e\000m\000e\000n\000t}{appendix.Alph69}% 747
\BOOKMARK [2][-]{subsection.Alph69.2}{\376\377\000T\000h\000e\000\040\000N\000a\000i\000v\000e\000\040\000E\000s\000t\000i\000m\000a\000t\000e\000\040\000i\000s\000\040\000W\000r\000o\000n\000g}{appendix.Alph69}% 748
\BOOKMARK [2][-]{subsection.Alph69.3}{\376\377\000S\000t\000r\000i\000n\000g\000\040\000T\000e\000n\000s\000i\000o\000n\000\040\000S\000c\000a\000l\000i\000n\000g}{appendix.Alph69}% 749
\BOOKMARK [2][-]{subsection.Alph69.4}{\376\377\000G\000a\000p\000\040\000f\000r\000o\000m\000\040\000S\000t\000r\000i\000n\000g\000\040\000T\000e\000n\000s\000i\000o\000n\000\040\000v\000i\000a\000\040\000G\000i\000l\000e\000s\000-\000T\000e\000p\000e\000r}{appendix.Alph69}% 750
\BOOKMARK [2][-]{subsection.Alph69.5}{\376\377\000V\000e\000r\000i\000f\000i\000c\000a\000t\000i\000o\000n\000\040\000o\000f\000\040\000S\000t\000r\000i\000n\000g\000\040\000T\000e\000n\000s\000i\000o\000n\000\040\000S\000c\000a\000l\000i\000n\000g}{appendix.Alph69}% 751
\BOOKMARK [2][-]{subsection.Alph69.6}{\376\377\000T\000h\000e\000\040\000R\000G\000\040\000A\000r\000g\000u\000m\000e\000n\000t\000:\000\040\000N\000o\000n\000-\000C\000i\000r\000c\000u\000l\000a\000r\000\040\000V\000e\000r\000i\000f\000i\000c\000a\000t\000i\000o\000n}{appendix.Alph69}% 752
\BOOKMARK [2][-]{subsection.Alph69.7}{\376\377\000C\000o\000m\000p\000l\000e\000t\000e\000\040\000W\000e\000a\000k\000\040\000C\000o\000u\000p\000l\000i\000n\000g\000\040\000A\000n\000a\000l\000y\000s\000i\000s}{appendix.Alph69}% 753
\BOOKMARK [2][-]{subsection.Alph69.8}{\376\377\000S\000u\000m\000m\000a\000r\000y\000:\000\040\000C\000o\000n\000t\000i\000n\000u\000u\000m\000\040\000G\000a\000p\000\040\000i\000s\000\040\000P\000o\000s\000i\000t\000i\000v\000e}{appendix.Alph69}% 754
\BOOKMARK [2][-]{subsection.Alph69.9}{\376\377\000R\000e\000m\000a\000i\000n\000i\000n\000g\000\040\000T\000e\000c\000h\000n\000i\000c\000a\000l\000i\000t\000i\000e\000s}{appendix.Alph69}% 755
\BOOKMARK [1][-]{appendix.Alph70}{\376\377\000R\000o\000a\000d\000m\000a\000p\000\040\0001\000:\000\040\000T\000h\000e\000\040\000H\000i\000e\000r\000a\000r\000c\000h\000i\000c\000a\000l\000\040\000Z\000e\000g\000a\000r\000l\000i\000n\000s\000k\000i\000\040\000P\000a\000t\000h}{theorem.Alph28.10}% 756
\BOOKMARK [2][-]{subsection.Alph70.1}{\376\377\000T\000h\000e\000\040\000P\000r\000o\000b\000l\000e\000m\000:\000\040\000O\000s\000c\000i\000l\000l\000a\000t\000i\000o\000n\000\040\000C\000a\000t\000a\000s\000t\000r\000o\000p\000h\000e}{appendix.Alph70}% 757
\BOOKMARK [2][-]{subsection.Alph70.2}{\376\377\000T\000h\000e\000\040\000S\000o\000l\000u\000t\000i\000o\000n\000:\000\040\000C\000o\000n\000d\000i\000t\000i\000o\000n\000a\000l\000\040\000T\000e\000n\000s\000o\000r\000i\000z\000a\000t\000i\000o\000n}{appendix.Alph70}% 758
\BOOKMARK [2][-]{subsection.Alph70.3}{\376\377\000S\000t\000e\000p\000\040\0001\000:\000\040\000A\000d\000a\000p\000t\000i\000v\000e\000\040\000B\000l\000o\000c\000k\000\040\000D\000e\000c\000o\000m\000p\000o\000s\000i\000t\000i\000o\000n}{appendix.Alph70}% 759
\BOOKMARK [2][-]{subsection.Alph70.4}{\376\377\000S\000t\000e\000p\000\040\0002\000:\000\040\000I\000n\000t\000e\000r\000i\000o\000r\000\040\000L\000S\000I\000\040\000v\000i\000a\000\040\000B\000a\000k\000r\000y\000-\000\311\000m\000e\000r\000y}{appendix.Alph70}% 760
\BOOKMARK [2][-]{subsection.Alph70.5}{\376\377\000S\000t\000e\000p\000\040\0003\000:\000\040\000D\000i\000m\000e\000n\000s\000i\000o\000n\000a\000l\000\040\000R\000e\000d\000u\000c\000t\000i\000o\000n\000\040\000f\000o\000r\000\040\000B\000o\000u\000n\000d\000a\000r\000y\000\040\000M\000a\000r\000g\000i\000n\000a\000l}{appendix.Alph70}% 761
\BOOKMARK [2][-]{subsection.Alph70.6}{\376\377\000S\000t\000e\000p\000\040\0003\000.\0005\000:\000\040\000T\000h\000e\000\040\0001\000D\000\040\000B\000a\000s\000e\000\040\000C\000a\000s\000e\000\040\000\050\000C\000r\000i\000t\000i\000c\000a\000l\000\051}{appendix.Alph70}% 762
\BOOKMARK [2][-]{subsection.Alph70.7}{\376\377\000S\000t\000e\000p\000\040\0004\000:\000\040\000C\000o\000n\000d\000i\000t\000i\000o\000n\000a\000l\000\040\000T\000e\000n\000s\000o\000r\000i\000z\000a\000t\000i\000o\000n\000\040\000T\000h\000e\000o\000r\000e\000m}{appendix.Alph70}% 763
\BOOKMARK [2][-]{subsection.Alph70.8}{\376\377\000S\000t\000e\000p\000\040\0005\000:\000\040\000P\000u\000t\000t\000i\000n\000g\000\040\000I\000t\000\040\000A\000l\000l\000\040\000T\000o\000g\000e\000t\000h\000e\000r}{appendix.Alph70}% 764
\BOOKMARK [2][-]{subsection.Alph70.9}{\376\377\000W\000h\000y\000\040\000T\000h\000i\000s\000\040\000W\000o\000r\000k\000s\000\040\000a\000t\000\040\000I\000n\000t\000e\000r\000m\000e\000d\000i\000a\000t\000e\000\040\000C\000o\000u\000p\000l\000i\000n\000g}{appendix.Alph70}% 765
\BOOKMARK [3][-]{subsubsection.Alph70.9.1}{\376\377\000F\000i\000n\000i\000t\000e\000\040\000C\000o\000r\000r\000e\000l\000a\000t\000i\000o\000n\000\040\000L\000e\000n\000g\000t\000h\000\040\000W\000i\000t\000h\000o\000u\000t\000\040\000A\000s\000s\000u\000m\000i\000n\000g\000\040\000M\000a\000s\000s\000\040\000G\000a\000p}{subsection.Alph70.9}% 766
\BOOKMARK [2][-]{subsection.Alph70.10}{\376\377\000V\000e\000r\000i\000f\000i\000c\000a\000t\000i\000o\000n\000\040\000R\000e\000q\000u\000i\000r\000e\000m\000e\000n\000t\000s}{appendix.Alph70}% 767
\BOOKMARK [2][-]{subsection.Alph70.11}{\376\377\000S\000u\000m\000m\000a\000r\000y\000:\000\040\000H\000i\000e\000r\000a\000r\000c\000h\000i\000c\000a\000l\000\040\000Z\000e\000g\000a\000r\000l\000i\000n\000s\000k\000i\000\040\000P\000a\000t\000h}{appendix.Alph70}% 768
\BOOKMARK [1][-]{appendix.Alph71}{\376\377\000R\000o\000a\000d\000m\000a\000p\000\040\0002\000:\000\040\000T\000h\000e\000\040\000A\000d\000j\000o\000i\000n\000t\000\040\000I\000n\000t\000e\000r\000p\000o\000l\000a\000t\000i\000o\000n\000\040\000P\000a\000t\000h}{theorem.Alph28.10}% 769
\BOOKMARK [2][-]{subsection.Alph71.1}{\376\377\000T\000h\000e\000\040\000P\000r\000o\000b\000l\000e\000m\000:\000\040\000D\000i\000r\000e\000c\000t\000\040\000A\000t\000t\000a\000c\000k\000\040\000i\000s\000\040\000D\000i\000f\000f\000i\000c\000u\000l\000t}{appendix.Alph71}% 770
\BOOKMARK [2][-]{subsection.Alph71.2}{\376\377\000T\000h\000e\000\040\000S\000t\000r\000a\000t\000e\000g\000y\000:\000\040\000D\000e\000f\000o\000r\000m\000a\000t\000i\000o\000n\000\040\000t\000o\000\040\000S\000o\000l\000v\000a\000b\000l\000e\000\040\000T\000h\000e\000o\000r\000y}{appendix.Alph71}% 771
\BOOKMARK [2][-]{subsection.Alph71.3}{\376\377\000S\000t\000e\000p\000\040\0001\000:\000\040\000T\000h\000e\000\040\000D\000e\000f\000o\000r\000m\000a\000t\000i\000o\000n\000\040\000F\000a\000m\000i\000l\000y}{appendix.Alph71}% 772
\BOOKMARK [2][-]{subsection.Alph71.4}{\376\377\000S\000t\000e\000p\000\040\0002\000:\000\040\000T\000h\000e\000\040\000A\000n\000c\000h\000o\000r\000\040\000a\000t\000\040\000m\000\040\000=\000\040\0000}{appendix.Alph71}% 773
\BOOKMARK [2][-]{subsection.Alph71.5}{\376\377\000S\000t\000e\000p\000\040\0003\000:\000\040\000C\000e\000n\000t\000e\000r\000\040\000S\000y\000m\000m\000e\000t\000r\000y\000\040\000P\000r\000o\000t\000e\000c\000t\000i\000o\000n}{appendix.Alph71}% 774
\BOOKMARK [2][-]{subsection.Alph71.6}{\376\377\000S\000t\000e\000p\000\040\0004\000:\000\040\000A\000n\000a\000l\000y\000t\000i\000c\000i\000t\000y\000\040\000v\000i\000a\000\040\000L\000e\000e\000-\000Y\000a\000n\000g}{appendix.Alph71}% 775
\BOOKMARK [2][-]{subsection.Alph71.7}{\376\377\000S\000t\000e\000p\000\040\0005\000:\000\040\000C\000o\000n\000t\000i\000n\000u\000a\000t\000i\000o\000n\000\040\000t\000o\000\040\000P\000u\000r\000e\000\040\000Y\000a\000n\000g\000-\000M\000i\000l\000l\000s}{appendix.Alph71}% 776
\BOOKMARK [2][-]{subsection.Alph71.8}{\376\377\000T\000h\000e\000\040\000L\000a\000t\000t\000i\000c\000e\000\040\000I\000m\000p\000l\000e\000m\000e\000n\000t\000a\000t\000i\000o\000n}{appendix.Alph71}% 777
\BOOKMARK [2][-]{subsection.Alph71.9}{\376\377\000R\000i\000g\000o\000r\000o\000u\000s\000\040\000D\000e\000c\000o\000u\000p\000l\000i\000n\000g\000\040\000T\000h\000e\000o\000r\000e\000m}{appendix.Alph71}% 778
\BOOKMARK [2][-]{subsection.Alph71.10}{\376\377\000V\000e\000r\000i\000f\000i\000c\000a\000t\000i\000o\000n\000\040\000R\000e\000q\000u\000i\000r\000e\000m\000e\000n\000t\000s}{appendix.Alph71}% 779
\BOOKMARK [2][-]{subsection.Alph71.11}{\376\377\000S\000u\000m\000m\000a\000r\000y\000:\000\040\000A\000d\000j\000o\000i\000n\000t\000\040\000I\000n\000t\000e\000r\000p\000o\000l\000a\000t\000i\000o\000n\000\040\000P\000a\000t\000h}{appendix.Alph71}% 780
\BOOKMARK [2][-]{subsection.Alph71.12}{\376\377\000C\000o\000n\000n\000e\000c\000t\000i\000o\000n\000\040\000t\000o\000\040\000O\000t\000h\000e\000r\000\040\000R\000o\000a\000d\000m\000a\000p\000s}{appendix.Alph71}% 781
\BOOKMARK [1][-]{appendix.Alph72}{\376\377\000R\000o\000a\000d\000m\000a\000p\000\040\0003\000:\000\040\000T\000h\000e\000\040\000G\000e\000o\000m\000e\000t\000r\000i\000c\000\040\000a\000n\000d\000\040\000S\000p\000e\000c\000t\000r\000a\000l\000\040\000P\000a\000t\000h}{theorem.Alph28.10}% 782
\BOOKMARK [2][-]{subsection.Alph72.1}{\376\377\000T\000h\000e\000\040\000P\000r\000o\000b\000l\000e\000m\000:\000\040\000C\000o\000n\000f\000i\000n\000e\000m\000e\000n\000t\000\040\000v\000s\000\040\000M\000a\000s\000s\000\040\000G\000a\000p}{appendix.Alph72}% 783
\BOOKMARK [2][-]{subsection.Alph72.2}{\376\377\000T\000h\000e\000\040\000S\000t\000r\000a\000t\000e\000g\000y\000:\000\040\000G\000a\000u\000g\000e\000\040\000O\000r\000b\000i\000t\000\040\000G\000e\000o\000m\000e\000t\000r\000y}{appendix.Alph72}% 784
\BOOKMARK [2][-]{subsection.Alph72.3}{\376\377\000S\000t\000e\000p\000\040\0001\000:\000\040\000G\000a\000u\000g\000e\000\040\000O\000r\000b\000i\000t\000\040\000C\000u\000r\000v\000a\000t\000u\000r\000e}{appendix.Alph72}% 785
\BOOKMARK [3][-]{subsubsection.Alph72.3.1}{\376\377\000E\000x\000p\000l\000i\000c\000i\000t\000\040\000O\000'\000N\000e\000i\000l\000l\000\040\000T\000e\000n\000s\000o\000r\000\040\000C\000a\000l\000c\000u\000l\000a\000t\000i\000o\000n}{subsection.Alph72.3}% 786
\BOOKMARK [2][-]{subsection.Alph72.4}{\376\377\000S\000t\000e\000p\000\040\0002\000:\000\040\000C\000h\000e\000e\000g\000e\000r\000-\000B\000u\000s\000e\000r\000\040\000I\000n\000e\000q\000u\000a\000l\000i\000t\000y}{appendix.Alph72}% 787
\BOOKMARK [2][-]{subsection.Alph72.5}{\376\377\000S\000t\000e\000p\000\040\0003\000:\000\040\000T\000h\000e\000\040\000G\000i\000l\000e\000s\000-\000T\000e\000p\000e\000r\000\040\000B\000o\000u\000n\000d}{appendix.Alph72}% 788
\BOOKMARK [2][-]{subsection.Alph72.6}{\376\377\000S\000t\000e\000p\000\040\0004\000:\000\040\000S\000t\000r\000i\000n\000g\000\040\000T\000e\000n\000s\000i\000o\000n\000\040\000P\000o\000s\000i\000t\000i\000v\000i\000t\000y}{appendix.Alph72}% 789
\BOOKMARK [2][-]{subsection.Alph72.7}{\376\377\000S\000t\000e\000p\000\040\0004\000.\0005\000:\000\040\000C\000h\000a\000r\000a\000c\000t\000e\000r\000\040\000E\000x\000p\000a\000n\000s\000i\000o\000n\000\040\000f\000o\000r\000\040\000S\000t\000r\000i\000n\000g\000\040\000T\000e\000n\000s\000i\000o\000n}{appendix.Alph72}% 790
\BOOKMARK [2][-]{subsection.Alph72.8}{\376\377\000E\000x\000p\000l\000i\000c\000i\000t\000\040\000C\000o\000n\000s\000t\000a\000n\000t\000s\000\040\000f\000o\000r\000\040\000S\000U\000\050\0002\000\051\000\040\000a\000n\000d\000\040\000S\000U\000\050\0003\000\051}{appendix.Alph72}% 791
\BOOKMARK [2][-]{subsection.Alph72.9}{\376\377\000H\000e\000a\000t\000\040\000K\000e\000r\000n\000e\000l\000\040\000V\000e\000r\000i\000f\000i\000c\000a\000t\000i\000o\000n}{appendix.Alph72}% 792
\BOOKMARK [2][-]{subsection.Alph72.10}{\376\377\000S\000u\000m\000m\000a\000r\000y\000:\000\040\000G\000e\000o\000m\000e\000t\000r\000i\000c\000\040\000a\000n\000d\000\040\000S\000p\000e\000c\000t\000r\000a\000l\000\040\000P\000a\000t\000h}{appendix.Alph72}% 793
\BOOKMARK [2][-]{subsection.Alph72.11}{\376\377\000C\000o\000n\000n\000e\000c\000t\000i\000o\000n\000\040\000t\000o\000\040\000O\000t\000h\000e\000r\000\040\000R\000o\000a\000d\000m\000a\000p\000s}{appendix.Alph72}% 794
\BOOKMARK [1][-]{appendix.Alph73}{\376\377\000R\000o\000a\000d\000m\000a\000p\000\040\0004\000:\000\040\000T\000h\000e\000\040\000C\000o\000n\000t\000i\000n\000u\000u\000m\000\040\000L\000i\000m\000i\000t\000\040\000P\000a\000t\000h}{theorem.Alph28.10}% 795
\BOOKMARK [2][-]{subsection.Alph73.1}{\376\377\000T\000h\000e\000\040\000P\000r\000o\000b\000l\000e\000m\000:\000\040\000L\000a\000t\000t\000i\000c\000e\000\040\000t\000o\000\040\000C\000o\000n\000t\000i\000n\000u\000u\000m}{appendix.Alph73}% 796
\BOOKMARK [2][-]{subsection.Alph73.2}{\376\377\000T\000h\000e\000\040\000S\000t\000r\000a\000t\000e\000g\000y\000:\000\040\000M\000o\000s\000c\000o\000\040\000C\000o\000n\000v\000e\000r\000g\000e\000n\000c\000e}{appendix.Alph73}% 797
\BOOKMARK [2][-]{subsection.Alph73.3}{\376\377\000S\000t\000e\000p\000\040\0001\000:\000\040\000I\000n\000t\000r\000i\000n\000s\000i\000c\000\040\000S\000c\000a\000l\000e\000\040\000S\000e\000t\000t\000i\000n\000g}{appendix.Alph73}% 798
\BOOKMARK [2][-]{subsection.Alph73.4}{\376\377\000S\000t\000e\000p\000\040\0002\000:\000\040\000T\000h\000e\000\040\000D\000i\000m\000e\000n\000s\000i\000o\000n\000l\000e\000s\000s\000\040\000R\000a\000t\000i\000o}{appendix.Alph73}% 799
\BOOKMARK [2][-]{subsection.Alph73.5}{\376\377\000S\000t\000e\000p\000\040\0003\000:\000\040\000M\000o\000s\000c\000o\000\040\000C\000o\000n\000v\000e\000r\000g\000e\000n\000c\000e\000\040\000o\000f\000\040\000D\000i\000r\000i\000c\000h\000l\000e\000t\000\040\000F\000o\000r\000m\000s}{appendix.Alph73}% 800
\BOOKMARK [3][-]{subsubsection.Alph73.5.1}{\376\377\000B\000a\000l\000a\000b\000a\000n\000'\000s\000\040\000B\000o\000u\000n\000d\000s\000\040\000-\000\040\000D\000e\000t\000a\000i\000l\000e\000d\000\040\000S\000t\000a\000t\000e\000m\000e\000n\000t}{subsection.Alph73.5}% 801
\BOOKMARK [3][-]{subsubsection.Alph73.5.2}{\376\377\000S\000y\000m\000a\000n\000z\000i\000k\000\040\000I\000m\000p\000r\000o\000v\000e\000m\000e\000n\000t\000\040\000E\000r\000r\000o\000r\000\040\000B\000o\000u\000n\000d\000s}{subsection.Alph73.5}% 802
\BOOKMARK [2][-]{subsection.Alph73.6}{\376\377\000S\000t\000e\000p\000\040\0004\000:\000\040\000S\000p\000e\000c\000t\000r\000a\000l\000\040\000P\000e\000r\000m\000a\000n\000e\000n\000c\000e}{appendix.Alph73}% 803
\BOOKMARK [2][-]{subsection.Alph73.7}{\376\377\000T\000h\000e\000\040\000O\000s\000t\000e\000r\000w\000a\000l\000d\000e\000r\000-\000S\000c\000h\000r\000a\000d\000e\000r\000\040\000R\000e\000c\000o\000n\000s\000t\000r\000u\000c\000t\000i\000o\000n}{appendix.Alph73}% 804
\BOOKMARK [2][-]{subsection.Alph73.8}{\376\377\000S\000y\000m\000a\000n\000z\000i\000k\000\040\000I\000m\000p\000r\000o\000v\000e\000m\000e\000n\000t\000\040\000a\000n\000d\000\040\000R\000o\000t\000a\000t\000i\000o\000n\000a\000l\000\040\000S\000y\000m\000m\000e\000t\000r\000y}{appendix.Alph73}% 805
\BOOKMARK [2][-]{subsection.Alph73.9}{\376\377\000S\000u\000m\000m\000a\000r\000y\000:\000\040\000C\000o\000n\000t\000i\000n\000u\000u\000m\000\040\000L\000i\000m\000i\000t\000\040\000P\000a\000t\000h}{appendix.Alph73}% 806
\BOOKMARK [2][-]{subsection.Alph73.10}{\376\377\000C\000o\000n\000n\000e\000c\000t\000i\000o\000n\000\040\000t\000o\000\040\000O\000t\000h\000e\000r\000\040\000R\000o\000a\000d\000m\000a\000p\000s}{appendix.Alph73}% 807
\BOOKMARK [1][-]{appendix.Alph74}{\376\377\000S\000u\000m\000m\000a\000r\000y\000:\000\040\000T\000e\000c\000h\000n\000i\000c\000a\000l\000\040\000V\000e\000r\000i\000f\000i\000c\000a\000t\000i\000o\000n\000s\000\040\000f\000o\000r\000\040\000r\000i\000g\000o\000r\000o\000u\000s\000\040\000s\000t\000a\000n\000d\000a\000r\000d\000\040\000S\000t\000a\000n\000d\000a\000r\000d\000s}{theorem.Alph28.10}% 808
\BOOKMARK [2][-]{subsection.Alph74.1}{\376\377\000O\000v\000e\000r\000v\000i\000e\000w\000:\000\040\000F\000o\000u\000r\000\040\000R\000o\000a\000d\000m\000a\000p\000s\000,\000\040\000T\000h\000r\000e\000e\000\040\000V\000e\000r\000i\000f\000i\000c\000a\000t\000i\000o\000n\000\040\000C\000a\000t\000e\000g\000o\000r\000i\000e\000s}{appendix.Alph74}% 809
\BOOKMARK [2][-]{subsection.Alph74.2}{\376\377\000V\0001\000:\000\040\000B\000a\000l\000a\000b\000a\000n\000'\000s\000\040\000B\000o\000u\000n\000d\000s\000\040\000V\000e\000r\000i\000f\000i\000c\000a\000t\000i\000o\000n}{appendix.Alph74}% 810
\BOOKMARK [2][-]{subsection.Alph74.3}{\376\377\000V\0002\000:\000\040\000I\000n\000t\000e\000r\000m\000e\000d\000i\000a\000t\000e\000\040\000C\000o\000u\000p\000l\000i\000n\000g\000\040\000N\000u\000m\000e\000r\000i\000c\000s}{appendix.Alph74}% 811
\BOOKMARK [2][-]{subsection.Alph74.4}{\376\377\000V\0003\000:\000\040\000O\000s\000t\000e\000r\000w\000a\000l\000d\000e\000r\000-\000S\000c\000h\000r\000a\000d\000e\000r\000\040\000R\000e\000c\000o\000n\000s\000t\000r\000u\000c\000t\000i\000o\000n}{appendix.Alph74}% 812
\BOOKMARK [2][-]{subsection.Alph74.5}{\376\377\000V\0004\000:\000\040\000G\000i\000l\000e\000s\000-\000T\000e\000p\000e\000r\000\040\000C\000o\000n\000s\000t\000a\000n\000t\000\040\000V\000e\000r\000i\000f\000i\000c\000a\000t\000i\000o\000n}{appendix.Alph74}% 813
\BOOKMARK [2][-]{subsection.Alph74.6}{\376\377\000V\0005\000:\000\040\000L\000a\000t\000t\000i\000c\000e\000\040\000S\000u\000p\000e\000r\000s\000y\000m\000m\000e\000t\000r\000y\000\040\000V\000e\000r\000i\000f\000i\000c\000a\000t\000i\000o\000n}{appendix.Alph74}% 814
\BOOKMARK [2][-]{subsection.Alph74.7}{\376\377\000V\0006\000:\000\040\000L\000e\000e\000-\000Y\000a\000n\000g\000\040\000B\000o\000u\000n\000d\000s\000\040\000f\000o\000r\000\040\000A\000d\000j\000o\000i\000n\000t\000\040\000Q\000C\000D}{appendix.Alph74}% 815
\BOOKMARK [2][-]{subsection.Alph74.8}{\376\377\000V\0007\000:\000\040\000S\000y\000m\000a\000n\000z\000i\000k\000\040\000E\000f\000f\000e\000c\000t\000i\000v\000e\000\040\000A\000c\000t\000i\000o\000n\000\040\000B\000o\000u\000n\000d\000s}{appendix.Alph74}% 816
\BOOKMARK [2][-]{subsection.Alph74.9}{\376\377\000C\000o\000m\000p\000l\000e\000t\000e\000\040\000V\000e\000r\000i\000f\000i\000c\000a\000t\000i\000o\000n\000\040\000C\000h\000e\000c\000k\000l\000i\000s\000t}{appendix.Alph74}% 817
\BOOKMARK [2][-]{subsection.Alph74.10}{\376\377\000R\000o\000a\000d\000m\000a\000p\000\040\000D\000e\000p\000e\000n\000d\000e\000n\000c\000i\000e\000s}{appendix.Alph74}% 818
\BOOKMARK [2][-]{subsection.Alph74.11}{\376\377\000E\000s\000t\000i\000m\000a\000t\000e\000d\000\040\000T\000i\000m\000e\000l\000i\000n\000e}{appendix.Alph74}% 819
\BOOKMARK [2][-]{subsection.Alph74.12}{\376\377\000C\000o\000n\000c\000l\000u\000s\000i\000o\000n}{appendix.Alph74}% 820
\BOOKMARK [1][-]{appendix.Alph75}{\376\377\000C\000o\000m\000p\000l\000e\000t\000e\000\040\000S\000y\000n\000t\000h\000e\000s\000i\000s\000:\000\040\000R\000i\000g\000o\000r\000o\000u\000s\000\040\000P\000r\000o\000o\000f\000\040\000o\000f\000\040\000t\000h\000e\000\040\000Y\000a\000n\000g\000-\000M\000i\000l\000l\000s\000\040\000M\000a\000s\000s\000\040\000G\000a\000p}{theorem.Alph28.10}% 821
\BOOKMARK [2][-]{subsection.Alph75.1}{\376\377\000M\000a\000i\000n\000\040\000T\000h\000e\000o\000r\000e\000m}{appendix.Alph75}% 822
\BOOKMARK [2][-]{subsection.Alph75.2}{\376\377\000P\000r\000o\000o\000f\000\040\000A\000r\000c\000h\000i\000t\000e\000c\000t\000u\000r\000e}{appendix.Alph75}% 823
\BOOKMARK [2][-]{subsection.Alph75.3}{\376\377\000S\000t\000a\000g\000e\000\040\0001\000:\000\040\000U\000n\000i\000f\000o\000r\000m\000\040\000L\000a\000t\000t\000i\000c\000e\000\040\000L\000o\000g\000-\000S\000o\000b\000o\000l\000e\000v\000\040\000I\000n\000e\000q\000u\000a\000l\000i\000t\000y}{appendix.Alph75}% 824
\BOOKMARK [2][-]{subsection.Alph75.4}{\376\377\000S\000t\000a\000g\000e\000\040\0002\000:\000\040\000S\000t\000r\000i\000n\000g\000\040\000T\000e\000n\000s\000i\000o\000n\000\040\000P\000o\000s\000i\000t\000i\000v\000i\000t\000y}{appendix.Alph75}% 825
\BOOKMARK [2][-]{subsection.Alph75.5}{\376\377\000S\000t\000a\000g\000e\000\040\0003\000:\000\040\000G\000i\000l\000e\000s\000-\000T\000e\000p\000e\000r\000\040\000B\000o\000u\000n\000d}{appendix.Alph75}% 826
\BOOKMARK [2][-]{subsection.Alph75.6}{\376\377\000S\000t\000a\000g\000e\000\040\0004\000:\000\040\000C\000o\000n\000t\000i\000n\000u\000u\000m\000\040\000L\000i\000m\000i\000t}{appendix.Alph75}% 827
\BOOKMARK [2][-]{subsection.Alph75.7}{\376\377\000N\000u\000m\000e\000r\000i\000c\000a\000l\000\040\000V\000a\000l\000u\000e\000s}{appendix.Alph75}% 828
\BOOKMARK [2][-]{subsection.Alph75.8}{\376\377\000P\000r\000o\000o\000f\000\040\000C\000o\000m\000p\000l\000e\000t\000i\000o\000n\000\040\000C\000h\000e\000c\000k\000l\000i\000s\000t}{appendix.Alph75}% 829
\BOOKMARK [2][-]{subsection.Alph75.9}{\376\377\000A\000l\000t\000e\000r\000n\000a\000t\000i\000v\000e\000\040\000P\000a\000t\000h\000:\000\040\000A\000d\000j\000o\000i\000n\000t\000\040\000I\000n\000t\000e\000r\000p\000o\000l\000a\000t\000i\000o\000n}{appendix.Alph75}% 830
\BOOKMARK [2][-]{subsection.Alph75.10}{\376\377\000C\000o\000n\000c\000l\000u\000s\000i\000o\000n}{appendix.Alph75}% 831
\BOOKMARK [2][-]{subsection.Alph75.11}{\376\377\000R\000e\000m\000a\000i\000n\000i\000n\000g\000\040\000V\000e\000r\000i\000f\000i\000c\000a\000t\000i\000o\000n\000s\000\040\000f\000o\000r\000\040\000r\000i\000g\000o\000r\000o\000u\000s\000\040\000s\000t\000a\000n\000d\000a\000r\000d}{appendix.Alph75}% 832
\BOOKMARK [1][-]{appendix.Alph76}{\376\377\000T\000r\000a\000n\000s\000f\000e\000r\000\040\000M\000a\000t\000r\000i\000x\000\040\000S\000p\000e\000c\000t\000r\000a\000l\000\040\000T\000h\000e\000o\000r\000y\000:\000\040\000T\000h\000e\000\040\0001\000D\000\040\000B\000a\000s\000e\000\040\000C\000a\000s\000e}{theorem.Alph28.10}% 833
\BOOKMARK [2][-]{subsection.Alph76.1}{\376\377\000S\000e\000t\000u\000p\000:\000\040\0001\000D\000\040\000Y\000a\000n\000g\000-\000M\000i\000l\000l\000s\000\040\000a\000s\000\040\000a\000\040\000S\000p\000i\000n\000\040\000C\000h\000a\000i\000n}{appendix.Alph76}% 834
\BOOKMARK [2][-]{subsection.Alph76.2}{\376\377\000T\000h\000e\000\040\000T\000r\000a\000n\000s\000f\000e\000r\000\040\000M\000a\000t\000r\000i\000x}{appendix.Alph76}% 835
\BOOKMARK [2][-]{subsection.Alph76.3}{\376\377\000C\000h\000a\000r\000a\000c\000t\000e\000r\000\040\000E\000x\000p\000a\000n\000s\000i\000o\000n}{appendix.Alph76}% 836
\BOOKMARK [2][-]{subsection.Alph76.4}{\376\377\000E\000i\000g\000e\000n\000v\000a\000l\000u\000e\000s\000\040\000v\000i\000a\000\040\000B\000e\000s\000s\000e\000l\000\040\000F\000u\000n\000c\000t\000i\000o\000n\000s}{appendix.Alph76}% 837
\BOOKMARK [2][-]{subsection.Alph76.5}{\376\377\000E\000x\000p\000l\000i\000c\000i\000t\000\040\000F\000o\000r\000m\000u\000l\000a\000s\000\040\000f\000o\000r\000\040\000S\000U\000\050\0002\000\051}{appendix.Alph76}% 838
\BOOKMARK [2][-]{subsection.Alph76.6}{\376\377\000E\000x\000p\000l\000i\000c\000i\000t\000\040\000F\000o\000r\000m\000u\000l\000a\000s\000\040\000f\000o\000r\000\040\000S\000U\000\050\0003\000\051}{appendix.Alph76}% 839
\BOOKMARK [2][-]{subsection.Alph76.7}{\376\377\000G\000e\000n\000e\000r\000a\000l\000\040\000S\000U\000\050\000N\000\051\000\040\000F\000o\000r\000m\000u\000l\000a}{appendix.Alph76}% 840
\BOOKMARK [2][-]{subsection.Alph76.8}{\376\377\000G\000a\000p\000-\000t\000o\000-\000L\000S\000I\000\040\000C\000o\000n\000v\000e\000r\000s\000i\000o\000n}{appendix.Alph76}% 841
\BOOKMARK [2][-]{subsection.Alph76.9}{\376\377\000R\000i\000g\000o\000r\000o\000u\000s\000\040\000B\000e\000s\000s\000e\000l\000\040\000F\000u\000n\000c\000t\000i\000o\000n\000\040\000B\000o\000u\000n\000d\000s}{appendix.Alph76}% 842
\BOOKMARK [2][-]{subsection.Alph76.10}{\376\377\000S\000u\000m\000m\000a\000r\000y}{appendix.Alph76}% 843
\BOOKMARK [1][-]{appendix.Alph77}{\376\377\000E\000x\000p\000l\000i\000c\000i\000t\000\040\000C\000o\000n\000s\000t\000a\000n\000t\000s\000:\000\040\000D\000e\000r\000i\000v\000a\000t\000i\000o\000n\000\040\000a\000n\000d\000\040\000B\000o\000u\000n\000d\000s}{theorem.Alph28.10}% 844
\BOOKMARK [2][-]{subsection.Alph77.1}{\376\377\000F\000u\000n\000d\000a\000m\000e\000n\000t\000a\000l\000\040\000G\000r\000o\000u\000p\000\040\000C\000o\000n\000s\000t\000a\000n\000t\000s}{appendix.Alph77}% 845
\BOOKMARK [2][-]{subsection.Alph77.2}{\376\377\000G\000i\000l\000e\000s\000-\000T\000e\000p\000e\000r\000\040\000C\000o\000n\000s\000t\000a\000n\000t\000s}{appendix.Alph77}% 846
\BOOKMARK [2][-]{subsection.Alph77.3}{\376\377\000T\000r\000a\000n\000s\000f\000e\000r\000\040\000M\000a\000t\000r\000i\000x\000\040\000C\000o\000n\000s\000t\000a\000n\000t\000s}{appendix.Alph77}% 847
\BOOKMARK [2][-]{subsection.Alph77.4}{\376\377\000H\000o\000l\000l\000e\000y\000-\000S\000t\000r\000o\000o\000c\000k\000\040\000C\000o\000n\000s\000t\000a\000n\000t\000s}{appendix.Alph77}% 848
\BOOKMARK [2][-]{subsection.Alph77.5}{\376\377\000B\000l\000o\000c\000k\000\040\000D\000e\000c\000o\000m\000p\000o\000s\000i\000t\000i\000o\000n\000\040\000C\000o\000n\000s\000t\000a\000n\000t\000s}{appendix.Alph77}% 849
\BOOKMARK [2][-]{subsection.Alph77.6}{\376\377\000I\000n\000t\000e\000r\000i\000o\000r\000\040\000L\000S\000I\000\040\000C\000o\000n\000s\000t\000a\000n\000t\000s}{appendix.Alph77}% 850
\BOOKMARK [2][-]{subsection.Alph77.7}{\376\377\000C\000o\000n\000d\000i\000t\000i\000o\000n\000a\000l\000\040\000T\000e\000n\000s\000o\000r\000i\000z\000a\000t\000i\000o\000n\000\040\000C\000o\000n\000s\000t\000a\000n\000t\000s}{appendix.Alph77}% 851
\BOOKMARK [2][-]{subsection.Alph77.8}{\376\377\000P\000h\000y\000s\000i\000c\000a\000l\000\040\000S\000c\000a\000l\000e\000\040\000C\000o\000n\000s\000t\000a\000n\000t\000s}{appendix.Alph77}% 852
\BOOKMARK [2][-]{subsection.Alph77.9}{\376\377\000A\000s\000y\000m\000p\000t\000o\000t\000i\000c\000\040\000F\000r\000e\000e\000d\000o\000m\000\040\000C\000o\000n\000s\000t\000a\000n\000t\000s}{appendix.Alph77}% 853
\BOOKMARK [2][-]{subsection.Alph77.10}{\376\377\000L\000a\000t\000t\000i\000c\000e\000-\000t\000o\000-\000C\000o\000n\000t\000i\000n\000u\000u\000m\000\040\000S\000c\000a\000l\000i\000n\000g}{appendix.Alph77}% 854
\BOOKMARK [2][-]{subsection.Alph77.11}{\376\377\000C\000o\000m\000p\000l\000e\000t\000e\000\040\000C\000o\000n\000s\000t\000a\000n\000t\000\040\000S\000u\000m\000m\000a\000r\000y}{appendix.Alph77}% 855
\BOOKMARK [2][-]{subsection.Alph77.12}{\376\377\000V\000e\000r\000i\000f\000i\000c\000a\000t\000i\000o\000n\000\040\000S\000t\000a\000t\000u\000s}{appendix.Alph77}% 856
\BOOKMARK [1][-]{appendix.Alph78}{\376\377\000O\000s\000t\000e\000r\000w\000a\000l\000d\000e\000r\000-\000S\000c\000h\000r\000a\000d\000e\000r\000\040\000A\000x\000i\000o\000m\000s\000:\000\040\000C\000o\000m\000p\000l\000e\000t\000e\000\040\000V\000e\000r\000i\000f\000i\000c\000a\000t\000i\000o\000n}{theorem.Alph28.10}% 857
\BOOKMARK [2][-]{subsection.Alph78.1}{\376\377\000T\000h\000e\000\040\000O\000s\000t\000e\000r\000w\000a\000l\000d\000e\000r\000-\000S\000c\000h\000r\000a\000d\000e\000r\000\040\000A\000x\000i\000o\000m\000s}{appendix.Alph78}% 858
\BOOKMARK [2][-]{subsection.Alph78.2}{\376\377\000L\000a\000t\000t\000i\000c\000e\000\040\000Y\000a\000n\000g\000-\000M\000i\000l\000l\000s\000\040\000S\000c\000h\000w\000i\000n\000g\000e\000r\000\040\000F\000u\000n\000c\000t\000i\000o\000n\000s}{appendix.Alph78}% 859
\BOOKMARK [2][-]{subsection.Alph78.3}{\376\377\000V\000e\000r\000i\000f\000i\000c\000a\000t\000i\000o\000n\000\040\000o\000f\000\040\000O\000S\0000\000:\000\040\000T\000e\000m\000p\000e\000r\000e\000d\000n\000e\000s\000s}{appendix.Alph78}% 860
\BOOKMARK [1][-]{appendix.Alph79}{\376\377\000T\000h\000e\000\040\000C\000r\000i\000t\000i\000c\000a\000l\000\040\000G\000a\000p\000\040\000C\000l\000o\000s\000e\000d\000:\000\040\000R\000i\000g\000o\000r\000o\000u\000s\000\040\0001\000D\000\040\000T\000r\000a\000n\000s\000f\000e\000r\000\040\000M\000a\000t\000r\000i\000x\000\040\000S\000p\000e\000c\000t\000r\000a\000l\000\040\000G\000a\000p}{theorem.Alph28.10}% 861
\BOOKMARK [2][-]{subsection.Alph79.1}{\376\377\000S\000t\000a\000t\000e\000m\000e\000n\000t\000\040\000o\000f\000\040\000t\000h\000e\000\040\000M\000a\000i\000n\000\040\000R\000e\000s\000u\000l\000t}{appendix.Alph79}% 862
\BOOKMARK [2][-]{subsection.Alph79.2}{\376\377\000P\000r\000o\000o\000f\000\040\000S\000t\000r\000a\000t\000e\000g\000y}{appendix.Alph79}% 863
\BOOKMARK [2][-]{subsection.Alph79.3}{\376\377\000S\000t\000e\000p\000\040\0001\000:\000\040\000O\000p\000e\000r\000a\000t\000o\000r\000\040\000P\000r\000o\000p\000e\000r\000t\000i\000e\000s}{appendix.Alph79}% 864
\BOOKMARK [2][-]{subsection.Alph79.4}{\376\377\000S\000t\000e\000p\000\040\0002\000:\000\040\000C\000h\000a\000r\000a\000c\000t\000e\000r\000\040\000E\000x\000p\000a\000n\000s\000i\000o\000n\000\040\000a\000n\000d\000\040\000E\000i\000g\000e\000n\000v\000a\000l\000u\000e\000s}{appendix.Alph79}% 865
\BOOKMARK [2][-]{subsection.Alph79.5}{\376\377\000S\000t\000e\000p\000\040\0003\000:\000\040\000F\000i\000r\000s\000t\000\040\000E\000x\000c\000i\000t\000e\000d\000\040\000S\000t\000a\000t\000e\000\040\000i\000s\000\040\000F\000u\000n\000d\000a\000m\000e\000n\000t\000a\000l}{appendix.Alph79}% 866
\BOOKMARK [2][-]{subsection.Alph79.6}{\376\377\000S\000t\000e\000p\000\040\0004\000:\000\040\000B\000e\000s\000s\000e\000l\000\040\000F\000u\000n\000c\000t\000i\000o\000n\000\040\000A\000n\000a\000l\000y\000s\000i\000s}{appendix.Alph79}% 867
\BOOKMARK [2][-]{subsection.Alph79.7}{\376\377\000S\000t\000e\000p\000\040\0005\000:\000\040\000Q\000u\000a\000n\000t\000i\000t\000a\000t\000i\000v\000e\000\040\000L\000o\000w\000e\000r\000\040\000B\000o\000u\000n\000d}{appendix.Alph79}% 868
\BOOKMARK [2][-]{subsection.Alph79.8}{\376\377\000C\000o\000n\000v\000e\000r\000s\000i\000o\000n\000\040\000t\000o\000\040\000L\000o\000g\000-\000S\000o\000b\000o\000l\000e\000v\000\040\000I\000n\000e\000q\000u\000a\000l\000i\000t\000y}{appendix.Alph79}% 869
\BOOKMARK [2][-]{subsection.Alph79.9}{\376\377\000A\000p\000p\000l\000i\000c\000a\000t\000i\000o\000n\000\040\000t\000o\000\040\000H\000i\000e\000r\000a\000r\000c\000h\000i\000c\000a\000l\000\040\000I\000n\000d\000u\000c\000t\000i\000o\000n}{appendix.Alph79}% 870
\BOOKMARK [2][-]{subsection.Alph79.10}{\376\377\000S\000u\000m\000m\000a\000r\000y\000:\000\040\000C\000r\000i\000t\000i\000c\000a\000l\000\040\000G\000a\000p\000\040\000C\000L\000O\000S\000E\000D}{appendix.Alph79}% 871
\BOOKMARK [1][-]{appendix.Alph80}{\376\377\000U\000n\000i\000f\000o\000r\000m\000\040\000L\000o\000g\000-\000S\000o\000b\000o\000l\000e\000v\000\040\000I\000n\000e\000q\000u\000a\000l\000i\000t\000y\000:\000\040\000C\000o\000m\000p\000l\000e\000t\000e\000\040\000R\000i\000g\000o\000r\000o\000u\000s\000\040\000P\000r\000o\000o\000f}{theorem.Alph28.10}% 872
\BOOKMARK [2][-]{subsection.Alph80.1}{\376\377\000S\000e\000t\000u\000p\000\040\000a\000n\000d\000\040\000S\000t\000a\000t\000e\000m\000e\000n\000t}{appendix.Alph80}% 873
\BOOKMARK [2][-]{subsection.Alph80.2}{\376\377\000T\000h\000e\000\040\000C\000o\000n\000d\000i\000t\000i\000o\000n\000a\000l\000\040\000T\000e\000n\000s\000o\000r\000i\000z\000a\000t\000i\000o\000n\000\040\000F\000r\000a\000m\000e\000w\000o\000r\000k}{appendix.Alph80}% 874
\BOOKMARK [2][-]{subsection.Alph80.3}{\376\377\000S\000t\000e\000p\000\040\0001\000:\000\040\000I\000n\000t\000e\000r\000i\000o\000r\000\040\000B\000l\000o\000c\000k\000\040\000L\000S\000I\000\040\000\050\000N\000o\000\040\000C\000i\000r\000c\000u\000l\000a\000r\000i\000t\000y\000\051}{appendix.Alph80}% 875
\BOOKMARK [2][-]{subsection.Alph80.4}{\376\377\000S\000t\000e\000p\000\040\0002\000:\000\040\000D\000i\000m\000e\000n\000s\000i\000o\000n\000a\000l\000\040\000I\000n\000d\000u\000c\000t\000i\000o\000n\000\040\000f\000o\000r\000\040\000B\000o\000u\000n\000d\000a\000r\000y\000\040\000L\000S\000I}{appendix.Alph80}% 876
\BOOKMARK [2][-]{subsection.Alph80.5}{\376\377\000S\000t\000e\000p\000\040\0003\000:\000\040\000H\000i\000e\000r\000a\000r\000c\000h\000i\000c\000a\000l\000\040\000C\000o\000m\000b\000i\000n\000a\000t\000i\000o\000n}{appendix.Alph80}% 877
\BOOKMARK [2][-]{subsection.Alph80.6}{\376\377\000S\000t\000e\000p\000\040\0004\000:\000\040\000T\000h\000e\000\040\000F\000i\000n\000a\000l\000\040\000U\000n\000i\000f\000o\000r\000m\000\040\000B\000o\000u\000n\000d}{appendix.Alph80}% 878
\BOOKMARK [2][-]{subsection.Alph80.7}{\376\377\000I\000m\000p\000r\000o\000v\000e\000m\000e\000n\000t\000:\000\040\000R\000e\000m\000o\000v\000i\000n\000g\000\040\000t\000h\000e\000\040\000L\000o\000g\000\040\000F\000a\000c\000t\000o\000r}{appendix.Alph80}% 879
\BOOKMARK [2][-]{subsection.Alph80.8}{\376\377\000N\000o\000n\000-\000C\000i\000r\000c\000u\000l\000a\000r\000i\000t\000y\000\040\000V\000e\000r\000i\000f\000i\000c\000a\000t\000i\000o\000n}{appendix.Alph80}% 880
\BOOKMARK [2][-]{subsection.Alph80.9}{\376\377\000S\000u\000m\000m\000a\000r\000y}{appendix.Alph80}% 881
\BOOKMARK [1][-]{appendix.Alph81}{\376\377\000T\000h\000e\000\040\000G\000e\000o\000m\000e\000t\000r\000i\000c\000\040\000M\000a\000s\000s\000\040\000G\000a\000p\000:\000\040\000R\000i\000g\000o\000r\000o\000u\000s\000\040\000G\000i\000l\000e\000s\000-\000T\000e\000p\000e\000r\000\040\000B\000o\000u\000n\000d}{theorem.Alph28.10}% 882
\BOOKMARK [1][-]{appendix.Alph82}{\376\377\000C\000o\000n\000t\000i\000n\000u\000u\000m\000\040\000L\000i\000m\000i\000t\000\040\000v\000i\000a\000\040\000M\000o\000s\000c\000o\000\040\000C\000o\000n\000v\000e\000r\000g\000e\000n\000c\000e\000:\000\040\000S\000p\000e\000c\000t\000r\000a\000l\000\040\000P\000e\000r\000m\000a\000n\000e\000n\000c\000e}{theorem.Alph28.10}% 883
\BOOKMARK [2][-]{subsection.Alph82.1}{\376\377\000T\000h\000e\000\040\000C\000o\000n\000t\000i\000n\000u\000u\000m\000\040\000L\000i\000m\000i\000t\000\040\000P\000r\000o\000b\000l\000e\000m}{appendix.Alph82}% 884
\BOOKMARK [2][-]{subsection.Alph82.2}{\376\377\000M\000o\000s\000c\000o\000\040\000C\000o\000n\000v\000e\000r\000g\000e\000n\000c\000e\000\040\000F\000r\000a\000m\000e\000w\000o\000r\000k}{appendix.Alph82}% 885
\BOOKMARK [2][-]{subsection.Alph82.3}{\376\377\000V\000e\000r\000i\000f\000i\000c\000a\000t\000i\000o\000n\000\040\000o\000f\000\040\000M\000o\000s\000c\000o\000\040\000C\000o\000n\000v\000e\000r\000g\000e\000n\000c\000e\000\040\000f\000o\000r\000\040\000Y\000a\000n\000g\000-\000M\000i\000l\000l\000s}{appendix.Alph82}% 886
\BOOKMARK [2][-]{subsection.Alph82.4}{\376\377\000N\000o\000n\000-\000T\000r\000i\000v\000i\000a\000l\000:\000\040\000M\000e\000a\000s\000u\000r\000e\000\040\000C\000o\000n\000v\000e\000r\000g\000e\000n\000c\000e}{appendix.Alph82}% 887
\BOOKMARK [2][-]{subsection.Alph82.5}{\376\377\000M\000a\000i\000n\000\040\000R\000e\000s\000u\000l\000t\000:\000\040\000C\000o\000n\000t\000i\000n\000u\000u\000m\000\040\000M\000a\000s\000s\000\040\000G\000a\000p}{appendix.Alph82}% 888
\BOOKMARK [2][-]{subsection.Alph82.6}{\376\377\000A\000l\000t\000e\000r\000n\000a\000t\000i\000v\000e\000:\000\040\000D\000i\000r\000e\000c\000t\000\040\000C\000o\000n\000t\000i\000n\000u\000u\000m\000\040\000C\000o\000n\000s\000t\000r\000u\000c\000t\000i\000o\000n}{appendix.Alph82}% 889
\BOOKMARK [2][-]{subsection.Alph82.7}{\376\377\000D\000i\000m\000e\000n\000s\000i\000o\000n\000a\000l\000\040\000T\000r\000a\000n\000s\000m\000u\000t\000a\000t\000i\000o\000n}{appendix.Alph82}% 890
\BOOKMARK [2][-]{subsection.Alph82.8}{\376\377\000S\000u\000m\000m\000a\000r\000y\000\040\000o\000f\000\040\000C\000o\000n\000t\000i\000n\000u\000u\000m\000\040\000L\000i\000m\000i\000t}{appendix.Alph82}% 891
\BOOKMARK [1][-]{appendix.Alph83}{\376\377\000P\000r\000o\000p\000o\000s\000e\000d\000\040\000P\000r\000o\000o\000f\000\040\000S\000t\000r\000u\000c\000t\000u\000r\000e\000\040\000f\000o\000r\000\040\000t\000h\000e\000\040\000Y\000a\000n\000g\000-\000M\000i\000l\000l\000s\000\040\000M\000a\000s\000s\000\040\000G\000a\000p}{theorem.Alph28.10}% 892
\BOOKMARK [2][-]{subsection.Alph83.1}{\376\377\000P\000r\000o\000p\000o\000s\000e\000d\000\040\000P\000r\000o\000o\000f\000\040\000S\000t\000r\000u\000c\000t\000u\000r\000e}{appendix.Alph83}% 893
\BOOKMARK [2][-]{subsection.Alph83.2}{\376\377\000S\000t\000a\000g\000e\000\040\0001\000:\000\040\000T\000h\000e\000\040\000C\000r\000i\000t\000i\000c\000a\000l\000\040\000B\000a\000s\000e\000\040\000C\000a\000s\000e}{appendix.Alph83}% 894
\BOOKMARK [2][-]{subsection.Alph83.3}{\376\377\000S\000t\000a\000g\000e\000\040\0002\000:\000\040\000U\000n\000i\000f\000o\000r\000m\000\040\000L\000o\000g\000-\000S\000o\000b\000o\000l\000e\000v\000\040\000I\000n\000e\000q\000u\000a\000l\000i\000t\000y}{appendix.Alph83}% 895
\BOOKMARK [2][-]{subsection.Alph83.4}{\376\377\000S\000t\000a\000g\000e\000\040\0003\000:\000\040\000G\000i\000l\000e\000s\000-\000T\000e\000p\000e\000r\000\040\000B\000o\000u\000n\000d}{appendix.Alph83}% 896
\BOOKMARK [2][-]{subsection.Alph83.5}{\376\377\000S\000t\000a\000g\000e\000\040\0004\000:\000\040\000C\000o\000n\000t\000i\000n\000u\000u\000m\000\040\000L\000i\000m\000i\000t}{appendix.Alph83}% 897
\BOOKMARK [2][-]{subsection.Alph83.6}{\376\377\000S\000y\000n\000t\000h\000e\000s\000i\000s\000:\000\040\000T\000h\000e\000\040\000C\000o\000m\000p\000l\000e\000t\000e\000\040\000A\000r\000g\000u\000m\000e\000n\000t}{appendix.Alph83}% 898
\BOOKMARK [2][-]{subsection.Alph83.7}{\376\377\000L\000o\000g\000i\000c\000a\000l\000\040\000D\000e\000p\000e\000n\000d\000e\000n\000c\000i\000e\000s}{appendix.Alph83}% 899
\BOOKMARK [2][-]{subsection.Alph83.8}{\376\377\000W\000h\000a\000t\000\040\000H\000a\000s\000\040\000B\000e\000e\000n\000\040\000P\000r\000o\000v\000e\000n}{appendix.Alph83}% 900
\BOOKMARK [2][-]{subsection.Alph83.9}{\376\377\000C\000l\000a\000y\000\040\000m\000a\000s\000s\000\040\000g\000a\000p\000\040\000p\000r\000o\000b\000l\000e\000m\000\040\000R\000e\000q\000u\000i\000r\000e\000m\000e\000n\000t\000s}{appendix.Alph83}% 901
\BOOKMARK [2][-]{subsection.Alph83.10}{\376\377\000R\000e\000m\000a\000i\000n\000i\000n\000g\000\040\000f\000o\000r\000\040\000P\000u\000b\000l\000i\000c\000a\000t\000i\000o\000n}{appendix.Alph83}% 902
\BOOKMARK [2][-]{subsection.Alph83.11}{\376\377\000C\000o\000n\000c\000l\000u\000s\000i\000o\000n}{appendix.Alph83}% 903
\BOOKMARK [1][-]{appendix.Alph84}{\376\377\000R\000o\000a\000d\000m\000a\000p\000\040\0003\000\040\000E\000n\000h\000a\000n\000c\000e\000d\000:\000\040\000R\000i\000g\000o\000r\000o\000u\000s\000\040\000G\000e\000o\000m\000e\000t\000r\000i\000c\000-\000S\000p\000e\000c\000t\000r\000a\000l\000\040\000T\000h\000e\000o\000r\000y}{theorem.Alph28.10}% 904
\BOOKMARK [2][-]{subsection.Alph84.1}{\376\377\000P\000a\000r\000t\000\040\000A\000:\000\040\000R\000i\000g\000o\000r\000o\000u\000s\000\040\000O\000'\000N\000e\000i\000l\000l\000\040\000C\000u\000r\000v\000a\000t\000u\000r\000e\000\040\000C\000a\000l\000c\000u\000l\000a\000t\000i\000o\000n}{appendix.Alph84}% 905
\BOOKMARK [2][-]{subsection.Alph84.2}{\376\377\000P\000a\000r\000t\000\040\000B\000:\000\040\000C\000h\000e\000e\000g\000e\000r\000-\000B\000u\000s\000e\000r\000\040\000w\000i\000t\000h\000\040\000E\000x\000p\000l\000i\000c\000i\000t\000\040\000C\000o\000n\000s\000t\000a\000n\000t\000s}{appendix.Alph84}% 906
\BOOKMARK [2][-]{subsection.Alph84.3}{\376\377\000P\000a\000r\000t\000\040\000C\000:\000\040\000R\000i\000g\000o\000r\000o\000u\000s\000\040\000S\000p\000e\000c\000t\000r\000a\000l\000\040\000G\000a\000p\000\040\000D\000e\000r\000i\000v\000a\000t\000i\000o\000n\000\040\000\050\000I\000n\000s\000p\000i\000r\000e\000d\000\040\000b\000y\000\040\000G\000i\000l\000e\000s\000-\000T\000e\000p\000e\000r\000\051}{appendix.Alph84}% 907
\BOOKMARK [2][-]{subsection.Alph84.4}{\376\377\000P\000a\000r\000t\000\040\000D\000:\000\040\000S\000t\000r\000i\000n\000g\000\040\000T\000e\000n\000s\000i\000o\000n\000\040\000P\000o\000s\000i\000t\000i\000v\000i\000t\000y\000\040\000-\000\040\000C\000o\000m\000p\000l\000e\000t\000e\000\040\000P\000r\000o\000o\000f}{appendix.Alph84}% 908
\BOOKMARK [2][-]{subsection.Alph84.5}{\376\377\000P\000a\000r\000t\000\040\000E\000:\000\040\000G\000K\000S\000\040\000I\000n\000e\000q\000u\000a\000l\000i\000t\000i\000e\000s\000\040\000-\000\040\000R\000i\000g\000o\000r\000o\000u\000s\000\040\000S\000t\000a\000t\000e\000m\000e\000n\000t}{appendix.Alph84}% 909
\BOOKMARK [2][-]{subsection.Alph84.6}{\376\377\000P\000a\000r\000t\000\040\000F\000:\000\040\000S\000u\000m\000m\000a\000r\000y\000\040\000-\000\040\000G\000e\000o\000m\000e\000t\000r\000i\000c\000-\000S\000p\000e\000c\000t\000r\000a\000l\000\040\000R\000o\000a\000d\000m\000a\000p\000\040\000C\000o\000m\000p\000l\000e\000t\000e}{appendix.Alph84}% 910
\BOOKMARK [1][-]{appendix.Alph85}{\376\377\000R\000o\000a\000d\000m\000a\000p\000\040\0002\000\040\000E\000n\000h\000a\000n\000c\000e\000d\000:\000\040\000R\000i\000g\000o\000r\000o\000u\000s\000\040\000A\000d\000j\000o\000i\000n\000t\000\040\000I\000n\000t\000e\000r\000p\000o\000l\000a\000t\000i\000o\000n}{theorem.Alph28.10}% 911
\BOOKMARK [2][-]{subsection.Alph85.1}{\376\377\000P\000a\000r\000t\000\040\000A\000:\000\040\000W\000i\000t\000t\000e\000n\000\040\000I\000n\000d\000e\000x\000\040\000-\000\040\000C\000o\000m\000p\000l\000e\000t\000e\000\040\000R\000i\000g\000o\000r\000o\000u\000s\000\040\000C\000a\000l\000c\000u\000l\000a\000t\000i\000o\000n}{appendix.Alph85}% 912
\BOOKMARK [2][-]{subsection.Alph85.2}{\376\377\000P\000a\000r\000t\000\040\000B\000:\000\040\000C\000e\000n\000t\000e\000r\000\040\000S\000y\000m\000m\000e\000t\000r\000y\000\040\000P\000r\000e\000s\000e\000r\000v\000a\000t\000i\000o\000n\000\040\000-\000\040\000C\000o\000m\000p\000l\000e\000t\000e\000\040\000P\000r\000o\000o\000f}{appendix.Alph85}% 913
\BOOKMARK [2][-]{subsection.Alph85.3}{\376\377\000P\000a\000r\000t\000\040\000C\000:\000\040\000L\000e\000e\000-\000Y\000a\000n\000g\000\040\000A\000n\000a\000l\000y\000t\000i\000c\000i\000t\000y}{appendix.Alph85}% 914
\BOOKMARK [2][-]{subsection.Alph85.4}{\376\377\000P\000a\000r\000t\000\040\000D\000:\000\040\000D\000e\000c\000o\000u\000p\000l\000i\000n\000g\000\040\000T\000h\000e\000o\000r\000e\000m}{appendix.Alph85}% 915
\BOOKMARK [2][-]{subsection.Alph85.5}{\376\377\000P\000a\000r\000t\000\040\000E\000:\000\040\000C\000o\000m\000p\000l\000e\000t\000e\000\040\000I\000n\000t\000e\000r\000p\000o\000l\000a\000t\000i\000o\000n\000\040\000C\000h\000a\000i\000n}{appendix.Alph85}% 916
\BOOKMARK [2][-]{subsection.Alph85.6}{\376\377\000P\000a\000r\000t\000\040\000F\000:\000\040\000S\000u\000m\000m\000a\000r\000y\000\040\000-\000\040\000A\000d\000j\000o\000i\000n\000t\000\040\000I\000n\000t\000e\000r\000p\000o\000l\000a\000t\000i\000o\000n\000\040\000R\000o\000a\000d\000m\000a\000p\000\040\000C\000o\000m\000p\000l\000e\000t\000e}{appendix.Alph85}% 917
\BOOKMARK [1][-]{appendix.Alph86}{\376\377\000R\000o\000a\000d\000m\000a\000p\000\040\0001\000\040\000E\000n\000h\000a\000n\000c\000e\000d\000:\000\040\000R\000i\000g\000o\000r\000o\000u\000s\000\040\000H\000i\000e\000r\000a\000r\000c\000h\000i\000c\000a\000l\000\040\000Z\000e\000g\000a\000r\000l\000i\000n\000s\000k\000i}{theorem.Alph28.10}% 918
\BOOKMARK [2][-]{subsection.Alph86.1}{\376\377\000P\000a\000r\000t\000\040\000A\000:\000\040\000B\000l\000o\000c\000k\000\040\000D\000o\000b\000r\000u\000s\000h\000i\000n\000\040\000C\000o\000n\000d\000i\000t\000i\000o\000n\000s}{appendix.Alph86}% 919
\BOOKMARK [2][-]{subsection.Alph86.2}{\376\377\000P\000a\000r\000t\000\040\000B\000:\000\040\000B\000l\000o\000c\000k\000\040\000L\000S\000I\000\040\000v\000i\000a\000\040\000C\000o\000n\000d\000i\000t\000i\000o\000n\000a\000l\000\040\000T\000e\000n\000s\000o\000r\000i\000z\000a\000t\000i\000o\000n}{appendix.Alph86}% 920
\BOOKMARK [2][-]{subsection.Alph86.3}{\376\377\000P\000a\000r\000t\000\040\000C\000:\000\040\000H\000i\000e\000r\000a\000r\000c\000h\000i\000c\000a\000l\000\040\000C\000o\000m\000b\000i\000n\000a\000t\000i\000o\000n}{appendix.Alph86}% 921
\BOOKMARK [2][-]{subsection.Alph86.4}{\376\377\000P\000a\000r\000t\000\040\000D\000:\000\040\000E\000x\000p\000l\000i\000c\000i\000t\000\040\000U\000n\000i\000f\000o\000r\000m\000\040\000B\000o\000u\000n\000d}{appendix.Alph86}% 922
\BOOKMARK [2][-]{subsection.Alph86.5}{\376\377\000P\000a\000r\000t\000\040\000E\000:\000\040\000C\000o\000r\000r\000e\000l\000a\000t\000i\000o\000n\000\040\000D\000e\000c\000a\000y\000\040\000E\000s\000t\000i\000m\000a\000t\000e\000s}{appendix.Alph86}% 923
\BOOKMARK [2][-]{subsection.Alph86.6}{\376\377\000P\000a\000r\000t\000\040\000F\000:\000\040\000S\000u\000m\000m\000a\000r\000y\000\040\000-\000\040\000R\000o\000a\000d\000m\000a\000p\000\040\0001\000\040\000C\000o\000m\000p\000l\000e\000t\000e}{appendix.Alph86}% 924
\BOOKMARK [1][-]{appendix.Alph87}{\376\377\000R\000o\000a\000d\000m\000a\000p\000\040\0004\000\040\000E\000n\000h\000a\000n\000c\000e\000d\000:\000\040\000R\000i\000g\000o\000r\000o\000u\000s\000\040\000C\000o\000n\000t\000i\000n\000u\000u\000m\000\040\000L\000i\000m\000i\000t}{theorem.Alph28.10}% 925
\BOOKMARK [2][-]{subsection.Alph87.1}{\376\377\000P\000a\000r\000t\000\040\000A\000:\000\040\000L\000a\000t\000t\000i\000c\000e\000\040\000D\000i\000r\000i\000c\000h\000l\000e\000t\000\040\000F\000o\000r\000m\000s}{appendix.Alph87}% 926
\BOOKMARK [2][-]{subsection.Alph87.2}{\376\377\000P\000a\000r\000t\000\040\000B\000:\000\040\000C\000o\000n\000t\000i\000n\000u\000u\000m\000\040\000D\000i\000r\000i\000c\000h\000l\000e\000t\000\040\000F\000o\000r\000m}{appendix.Alph87}% 927
\BOOKMARK [2][-]{subsection.Alph87.3}{\376\377\000P\000a\000r\000t\000\040\000C\000:\000\040\000M\000o\000s\000c\000o\000\040\000C\000o\000n\000v\000e\000r\000g\000e\000n\000c\000e\000\040\000-\000\040\000D\000e\000t\000a\000i\000l\000e\000d\000\040\000V\000e\000r\000i\000f\000i\000c\000a\000t\000i\000o\000n}{appendix.Alph87}% 928
\BOOKMARK [2][-]{subsection.Alph87.4}{\376\377\000P\000a\000r\000t\000\040\000D\000:\000\040\000S\000p\000e\000c\000t\000r\000a\000l\000\040\000P\000e\000r\000m\000a\000n\000e\000n\000c\000e\000\040\000w\000i\000t\000h\000\040\000R\000a\000t\000e\000s}{appendix.Alph87}% 929
\BOOKMARK [2][-]{subsection.Alph87.5}{\376\377\000P\000a\000r\000t\000\040\000E\000:\000\040\000P\000h\000y\000s\000i\000c\000a\000l\000\040\000S\000c\000a\000l\000i\000n\000g}{appendix.Alph87}% 930
\BOOKMARK [2][-]{subsection.Alph87.6}{\376\377\000P\000a\000r\000t\000\040\000F\000:\000\040\000O\000s\000t\000e\000r\000w\000a\000l\000d\000e\000r\000-\000S\000c\000h\000r\000a\000d\000e\000r\000\040\000V\000e\000r\000i\000f\000i\000c\000a\000t\000i\000o\000n}{appendix.Alph87}% 931
\BOOKMARK [2][-]{subsection.Alph87.7}{\376\377\000P\000a\000r\000t\000\040\000G\000:\000\040\000S\000u\000m\000m\000a\000r\000y\000\040\000-\000\040\000R\000o\000a\000d\000m\000a\000p\000\040\0004\000\040\000C\000o\000m\000p\000l\000e\000t\000e}{appendix.Alph87}% 932
\BOOKMARK [1][-]{appendix.Alph88}{\376\377\000C\000o\000m\000p\000u\000t\000e\000r\000-\000V\000e\000r\000i\000f\000i\000a\000b\000l\000e\000\040\000B\000o\000u\000n\000d\000s}{theorem.Alph28.10}% 933
\BOOKMARK [2][-]{subsection.Alph88.1}{\376\377\000P\000a\000r\000t\000\040\000A\000:\000\040\000B\000e\000s\000s\000e\000l\000\040\000F\000u\000n\000c\000t\000i\000o\000n\000\040\000I\000n\000e\000q\000u\000a\000l\000i\000t\000i\000e\000s}{appendix.Alph88}% 934
\BOOKMARK [2][-]{subsection.Alph88.2}{\376\377\000P\000a\000r\000t\000\040\000B\000:\000\040\000L\000S\000I\000\040\000C\000o\000n\000s\000t\000a\000n\000t\000s}{appendix.Alph88}% 935
\BOOKMARK [2][-]{subsection.Alph88.3}{\376\377\000P\000a\000r\000t\000\040\000C\000:\000\040\000G\000i\000l\000e\000s\000-\000T\000e\000p\000e\000r\000\040\000C\000o\000n\000s\000t\000a\000n\000t\000s}{appendix.Alph88}% 936
\BOOKMARK [2][-]{subsection.Alph88.4}{\376\377\000P\000a\000r\000t\000\040\000D\000:\000\040\000C\000o\000u\000p\000l\000i\000n\000g\000\040\000R\000e\000g\000i\000m\000e\000\040\000B\000o\000u\000n\000d\000a\000r\000i\000e\000s}{appendix.Alph88}% 937
\BOOKMARK [2][-]{subsection.Alph88.5}{\376\377\000P\000a\000r\000t\000\040\000E\000:\000\040\000A\000s\000y\000m\000p\000t\000o\000t\000i\000c\000\040\000F\000r\000e\000e\000d\000o\000m\000\040\000C\000o\000e\000f\000f\000i\000c\000i\000e\000n\000t\000s}{appendix.Alph88}% 938
\BOOKMARK [2][-]{subsection.Alph88.6}{\376\377\000P\000a\000r\000t\000\040\000F\000:\000\040\000V\000e\000r\000i\000f\000i\000c\000a\000t\000i\000o\000n\000\040\000C\000h\000e\000c\000k\000l\000i\000s\000t}{appendix.Alph88}% 939
\BOOKMARK [2][-]{subsection.Alph88.7}{\376\377\000P\000a\000r\000t\000\040\000G\000:\000\040\000S\000a\000m\000p\000l\000e\000\040\000V\000e\000r\000i\000f\000i\000c\000a\000t\000i\000o\000n\000\040\000C\000o\000d\000e}{appendix.Alph88}% 940
\BOOKMARK [1][-]{appendix.Alph89}{\376\377\000R\000e\000s\000o\000l\000u\000t\000i\000o\000n\000\040\000o\000f\000\040\000t\000h\000e\000\040\000C\000r\000i\000t\000i\000c\000a\000l\000\040\000G\000a\000p\000:\000\040\000C\000o\000n\000t\000i\000n\000u\000u\000m\000\040\000S\000c\000a\000l\000i\000n\000g}{theorem.Alph28.10}% 941
\BOOKMARK [2][-]{subsection.Alph89.1}{\376\377\000S\000t\000a\000t\000e\000m\000e\000n\000t\000\040\000o\000f\000\040\000t\000h\000e\000\040\000C\000r\000i\000t\000i\000c\000a\000l\000\040\000P\000r\000o\000b\000l\000e\000m}{appendix.Alph89}% 942
\BOOKMARK [2][-]{subsection.Alph89.2}{\376\377\000T\000h\000e\000\040\000G\000i\000l\000e\000s\000-\000T\000e\000p\000e\000r\000\040\000R\000e\000s\000o\000l\000u\000t\000i\000o\000n}{appendix.Alph89}% 943
\BOOKMARK [2][-]{subsection.Alph89.3}{\376\377\000R\000i\000g\000o\000r\000o\000u\000s\000\040\000E\000r\000r\000o\000r\000\040\000A\000n\000a\000l\000y\000s\000i\000s}{appendix.Alph89}% 944
\BOOKMARK [2][-]{subsection.Alph89.4}{\376\377\000T\000h\000e\000\040\000C\000o\000m\000p\000l\000e\000t\000e\000\040\000C\000o\000n\000t\000i\000n\000u\000u\000m\000\040\000T\000h\000e\000o\000r\000e\000m}{appendix.Alph89}% 945
\BOOKMARK [2][-]{subsection.Alph89.5}{\376\377\000V\000e\000r\000i\000f\000i\000c\000a\000t\000i\000o\000n\000\040\000o\000f\000\040\000r\000i\000g\000o\000r\000o\000u\000s\000\040\000s\000t\000a\000n\000d\000a\000r\000d\000\040\000R\000e\000q\000u\000i\000r\000e\000m\000e\000n\000t\000s}{appendix.Alph89}% 946
\BOOKMARK [2][-]{subsection.Alph89.6}{\376\377\000R\000e\000m\000a\000i\000n\000i\000n\000g\000\040\000T\000e\000c\000h\000n\000i\000c\000a\000l\000\040\000D\000e\000t\000a\000i\000l\000s}{appendix.Alph89}% 947
\BOOKMARK [2][-]{subsection.Alph89.7}{\376\377\000F\000i\000n\000a\000l\000\040\000S\000t\000a\000t\000u\000s}{appendix.Alph89}% 948
\BOOKMARK [1][-]{appendix.Alph90}{\376\377\000F\000i\000n\000a\000l\000\040\000U\000n\000i\000f\000i\000e\000d\000\040\000T\000h\000e\000o\000r\000e\000m\000:\000\040\000Y\000a\000n\000g\000-\000M\000i\000l\000l\000s\000\040\000M\000a\000s\000s\000\040\000G\000a\000p}{theorem.Alph28.10}% 949
\BOOKMARK [2][-]{subsection.Alph90.1}{\376\377\000C\000o\000m\000p\000l\000e\000t\000e\000\040\000P\000r\000o\000o\000f\000\040\000i\000n\000\040\000F\000i\000v\000e\000\040\000T\000h\000e\000o\000r\000e\000m\000s}{appendix.Alph90}% 950
\BOOKMARK [3][-]{subsubsection.Alph90.1.1}{\376\377\000T\000h\000e\000o\000r\000e\000m\000\040\0001\000:\000\040\000T\000h\000e\000\040\0001\000D\000\040\000B\000a\000s\000e\000\040\000C\000a\000s\000e}{subsection.Alph90.1}% 951
\BOOKMARK [3][-]{subsubsection.Alph90.1.2}{\376\377\000T\000h\000e\000o\000r\000e\000m\000\040\0002\000:\000\040\000U\000n\000i\000f\000o\000r\000m\000\040\000L\000o\000g\000-\000S\000o\000b\000o\000l\000e\000v\000\040\000I\000n\000e\000q\000u\000a\000l\000i\000t\000y}{subsection.Alph90.1}% 952
\BOOKMARK [3][-]{subsubsection.Alph90.1.3}{\376\377\000T\000h\000e\000o\000r\000e\000m\000\040\0003\000:\000\040\000S\000t\000r\000i\000n\000g\000\040\000T\000e\000n\000s\000i\000o\000n\000\040\000i\000s\000\040\000P\000o\000s\000i\000t\000i\000v\000e}{subsection.Alph90.1}% 953
\BOOKMARK [3][-]{subsubsection.Alph90.1.4}{\376\377\000T\000h\000e\000o\000r\000e\000m\000\040\0004\000:\000\040\000G\000i\000l\000e\000s\000-\000T\000e\000p\000e\000r\000\040\000B\000o\000u\000n\000d}{subsection.Alph90.1}% 954
\BOOKMARK [3][-]{subsubsection.Alph90.1.5}{\376\377\000T\000h\000e\000o\000r\000e\000m\000\040\0005\000:\000\040\000C\000o\000n\000t\000i\000n\000u\000u\000m\000\040\000L\000i\000m\000i\000t\000\040\000a\000n\000d\000\040\000D\000i\000m\000e\000n\000s\000i\000o\000n\000a\000l\000\040\000T\000r\000a\000n\000s\000m\000u\000t\000a\000t\000i\000o\000n}{subsection.Alph90.1}% 955
\BOOKMARK [2][-]{subsection.Alph90.2}{\376\377\000L\000o\000g\000i\000c\000a\000l\000\040\000S\000t\000r\000u\000c\000t\000u\000r\000e\000\040\000-\000\040\000N\000o\000\040\000C\000i\000r\000c\000u\000l\000a\000r\000i\000t\000y}{appendix.Alph90}% 956
\BOOKMARK [2][-]{subsection.Alph90.3}{\376\377\000C\000o\000m\000p\000a\000r\000i\000s\000o\000n\000\040\000t\000o\000\040\000r\000i\000g\000o\000r\000o\000u\000s\000\040\000s\000t\000a\000n\000d\000a\000r\000d\000\040\000R\000e\000q\000u\000i\000r\000e\000m\000e\000n\000t\000s}{appendix.Alph90}% 957
\BOOKMARK [2][-]{subsection.Alph90.4}{\376\377\000R\000i\000g\000o\000r\000\040\000A\000n\000a\000l\000y\000s\000i\000s}{appendix.Alph90}% 958
\BOOKMARK [2][-]{subsection.Alph90.5}{\376\377\000T\000e\000c\000h\000n\000i\000c\000a\000l\000\040\000E\000x\000t\000e\000n\000s\000i\000o\000n\000s}{appendix.Alph90}% 959
\BOOKMARK [2][-]{subsection.Alph90.6}{\376\377\000F\000i\000n\000a\000l\000\040\000S\000t\000a\000t\000e\000m\000e\000n\000t}{appendix.Alph90}% 960
\BOOKMARK [1][-]{appendix.Alph91}{\376\377\000T\000h\000e\000\040\000G\000i\000l\000e\000s\000-\000T\000e\000p\000e\000r\000\040\000C\000o\000n\000s\000t\000a\000n\000t\000:\000\040\000R\000i\000g\000o\000r\000o\000u\000s\000\040\000A\000n\000a\000l\000y\000s\000i\000s}{theorem.Alph28.10}% 961
\BOOKMARK [2][-]{subsection.Alph91.1}{\376\377\000S\000u\000m\000m\000a\000r\000y\000\040\000o\000f\000\040\000R\000e\000s\000u\000l\000t\000s}{appendix.Alph91}% 962
\BOOKMARK [2][-]{subsection.Alph91.2}{\376\377\000D\000e\000r\000i\000v\000a\000t\000i\000o\000n}{appendix.Alph91}% 963
\BOOKMARK [2][-]{subsection.Alph91.3}{\376\377\000T\000h\000e\000\040\000L\000\374\000s\000c\000h\000e\000r\000\040\000T\000e\000r\000m\000\040\000-\000\040\000R\000i\000g\000o\000r\000o\000u\000s}{appendix.Alph91}% 964
\BOOKMARK [2][-]{subsection.Alph91.4}{\376\377\000L\000o\000w\000e\000r\000\040\000B\000o\000u\000n\000d\000\040\000o\000n\000\040\000c\000\040\000f\000r\000o\000m\000\040\000L\000\374\000s\000c\000h\000e\000r\000\040\000T\000e\000r\000m}{appendix.Alph91}% 965
\BOOKMARK [2][-]{subsection.Alph91.5}{\376\377\000T\000h\000e\000\040\000E\000x\000p\000l\000i\000c\000i\000t\000\040\000C\000o\000n\000s\000t\000a\000n\000t\000\040\000F\000o\000r\000m\000u\000l\000a}{appendix.Alph91}% 966
\BOOKMARK [2][-]{subsection.Alph91.6}{\376\377\000O\000r\000i\000g\000i\000n\000\040\000o\000f\000\040\000t\000h\000e\000\040\000F\000o\000r\000m\000u\000l\000a\000\040\000c\000N\000\040\0002\000/\000N}{appendix.Alph91}% 967
\BOOKMARK [2][-]{subsection.Alph91.7}{\376\377\000N\000u\000m\000e\000r\000i\000c\000a\000l\000\040\000V\000e\000r\000i\000f\000i\000c\000a\000t\000i\000o\000n\000\040\000f\000r\000o\000m\000\040\000L\000a\000t\000t\000i\000c\000e\000\040\000Q\000C\000D}{appendix.Alph91}% 968
\BOOKMARK [2][-]{subsection.Alph91.8}{\376\377\000D\000e\000r\000i\000v\000a\000t\000i\000o\000n\000\040\000o\000f\000\040\000t\000h\000e\000\040\000C\000o\000n\000s\000t\000a\000n\000t}{appendix.Alph91}% 969
\BOOKMARK [2][-]{subsection.Alph91.9}{\376\377\000I\000m\000p\000a\000c\000t\000\040\000o\000n\000\040\000M\000a\000s\000s\000\040\000G\000a\000p\000\040\000P\000r\000o\000o\000f}{appendix.Alph91}% 970
\BOOKMARK [2][-]{subsection.Alph91.10}{\376\377\000N\000u\000m\000e\000r\000i\000c\000a\000l\000\040\000E\000s\000t\000i\000m\000a\000t\000e\000s}{appendix.Alph91}% 971
\BOOKMARK [2][-]{subsection.Alph91.11}{\376\377\000R\000e\000f\000e\000r\000e\000n\000c\000e\000s}{appendix.Alph91}% 972
\BOOKMARK [1][-]{appendix.Alph92}{\376\377\000R\000i\000g\000o\000r\000o\000u\000s\000\040\000C\000o\000n\000t\000i\000n\000u\000u\000m\000\040\000L\000i\000m\000i\000t\000\040\000w\000i\000t\000h\000\040\000E\000x\000p\000l\000i\000c\000i\000t\000\040\000E\000r\000r\000o\000r\000\040\000B\000o\000u\000n\000d\000s}{theorem.Alph28.10}% 973
\BOOKMARK [2][-]{subsection.Alph92.1}{\376\377\000S\000t\000a\000t\000e\000m\000e\000n\000t\000\040\000o\000f\000\040\000R\000e\000s\000u\000l\000t\000s}{appendix.Alph92}% 974
\BOOKMARK [2][-]{subsection.Alph92.2}{\376\377\000P\000r\000o\000o\000f\000\040\000o\000f\000\040\000E\000x\000i\000s\000t\000e\000n\000c\000e\000\040\000\050\000P\000a\000r\000t\000\040\000i\000\051}{appendix.Alph92}% 975
\BOOKMARK [2][-]{subsection.Alph92.3}{\376\377\000F\000r\000a\000m\000e\000w\000o\000r\000k\000\040\000f\000o\000r\000\040\000E\000x\000a\000c\000t\000\040\000V\000a\000l\000u\000e\000\040\000\050\000P\000a\000r\000t\000\040\000i\000i\000\051}{appendix.Alph92}% 976
\BOOKMARK [2][-]{subsection.Alph92.4}{\376\377\000P\000r\000o\000o\000f\000\040\000o\000f\000\040\000C\000o\000n\000v\000e\000r\000g\000e\000n\000c\000e\000\040\000R\000a\000t\000e\000\040\000\050\000P\000a\000r\000t\000\040\000i\000i\000i\000\051}{appendix.Alph92}% 977
\BOOKMARK [2][-]{subsection.Alph92.5}{\376\377\000E\000x\000p\000l\000i\000c\000i\000t\000\040\000C\000o\000n\000s\000t\000a\000n\000t\000s}{appendix.Alph92}% 978
\BOOKMARK [2][-]{subsection.Alph92.6}{\376\377\000A\000s\000y\000m\000p\000t\000o\000t\000i\000c\000\040\000S\000h\000a\000r\000p\000n\000e\000s\000s\000\040\000-\000\040\000N\000o\000w\000\040\000R\000i\000g\000o\000r\000o\000u\000s}{appendix.Alph92}% 979
\BOOKMARK [2][-]{subsection.Alph92.7}{\376\377\000S\000u\000m\000m\000a\000r\000y\000\040\000o\000f\000\040\000R\000e\000s\000u\000l\000t\000s}{appendix.Alph92}% 980
\BOOKMARK [2][-]{subsection.Alph92.8}{\376\377\000R\000e\000f\000i\000n\000e\000d\000\040\000N\000u\000m\000e\000r\000i\000c\000a\000l\000\040\000P\000r\000e\000d\000i\000c\000t\000i\000o\000n}{appendix.Alph92}% 981
\BOOKMARK [2][-]{subsection.Alph92.9}{\376\377\000T\000e\000c\000h\000n\000i\000c\000a\000l\000\040\000L\000e\000m\000m\000a\000s}{appendix.Alph92}% 982
\BOOKMARK [2][-]{subsection.Alph92.10}{\376\377\000F\000i\000n\000a\000l\000\040\000S\000t\000a\000t\000e\000m\000e\000n\000t}{appendix.Alph92}% 983
\BOOKMARK [1][-]{appendix.Alph93}{\376\377\000R\000i\000g\000o\000r\000o\000u\000s\000\040\000C\000o\000n\000t\000i\000n\000u\000u\000m\000\040\000E\000r\000r\000o\000r\000\040\000B\000o\000u\000n\000d\000s\000\040\000\050\000S\000u\000p\000p\000l\000e\000m\000e\000n\000t\000a\000r\000y\000\051}{theorem.Alph28.10}% 984
\BOOKMARK [1][-]{appendix.Alph94}{\376\377\000R\000e\000s\000e\000a\000r\000c\000h\000\040\000a\000n\000d\000\040\000R\000e\000p\000a\000i\000r\000\040\000R\000o\000a\000d\000m\000a\000p\000:\000\040\000T\000o\000w\000a\000r\000d\000s\000\040\000a\000\040\000R\000i\000g\000o\000r\000o\000u\000s\000\040\000P\000r\000o\000o\000f}{theorem.Alph28.10}% 985
\BOOKMARK [1][-]{appendix.Alph95}{\376\377\000F\000i\000r\000s\000t\000\040\000`\000`\000F\000i\000x\000'\000'\000:\000\040\000L\000o\000g\000i\000c\000a\000l\000\040\000C\000o\000n\000s\000i\000s\000t\000e\000n\000c\000y\000\040\000a\000n\000d\000\040\000A\000u\000d\000i\000t\000-\000R\000e\000a\000d\000i\000n\000e\000s\000s}{theorem.Alph28.10}% 986
\BOOKMARK [2][-]{subsection.Alph95.1}{\376\377\000A\000.\000\040\000T\000h\000e\000o\000r\000e\000m\000s\000\040\000v\000s\000.\000\040\000P\000r\000o\000g\000r\000a\000m}{appendix.Alph95}% 987
\BOOKMARK [2][-]{subsection.Alph95.2}{\376\377\000B\000.\000\040\000R\000e\000m\000o\000v\000e\000\040\000P\000l\000a\000c\000e\000h\000o\000l\000d\000e\000r\000s\000\040\000a\000n\000d\000\040\000A\000m\000b\000i\000g\000u\000i\000t\000y}{appendix.Alph95}% 988
\BOOKMARK [2][-]{subsection.Alph95.3}{\376\377\000C\000.\000\040\000E\000l\000i\000m\000i\000n\000a\000t\000e\000\040\000C\000i\000r\000c\000u\000l\000a\000r\000i\000t\000y\000\040\000E\000x\000p\000l\000i\000c\000i\000t\000l\000y}{appendix.Alph95}% 989
\BOOKMARK [2][-]{subsection.Alph95.4}{\376\377\000D\000.\000\040\000T\000h\000e\000\040\000C\000l\000a\000y\000\040\000T\000a\000r\000g\000e\000t\000\040\000S\000t\000a\000t\000e\000m\000e\000n\000t}{appendix.Alph95}% 990
\BOOKMARK [1][-]{appendix.Alph96}{\376\377\000I\000d\000e\000n\000t\000i\000f\000y\000\040\000t\000h\000e\000\040\000T\000r\000u\000e\000\040\000`\000`\000B\000l\000o\000c\000k\000i\000n\000g\000\040\000L\000e\000m\000m\000a\000s\000'\000'}{theorem.Alph28.10}% 991
\BOOKMARK [1][-]{appendix.Alph97}{\376\377\000A\000\040\000W\000o\000r\000k\000a\000b\000l\000e\000\040\000R\000o\000a\000d\000m\000a\000p\000:\000\040\000L\000a\000t\000t\000i\000c\000e\000\040\000\040\000U\000n\000i\000f\000o\000r\000m\000\040\000I\000R\000\040\000C\000o\000n\000t\000r\000o\000l\000\040\000\040\000C\000o\000n\000t\000i\000n\000u\000u\000m\000\040\000\040\000G\000a\000p}{theorem.Alph28.10}% 992
\BOOKMARK [2][-]{subsection.Alph97.1}{\376\377\000S\000t\000e\000p\000\040\0000\000:\000\040\000D\000e\000f\000i\000n\000i\000t\000i\000o\000n\000s\000\040\000a\000n\000d\000\040\000E\000q\000u\000i\000v\000a\000l\000e\000n\000c\000e\000s}{appendix.Alph97}% 993
\BOOKMARK [2][-]{subsection.Alph97.2}{\376\377\000S\000t\000e\000p\000\040\0001\000:\000\040\000L\000a\000t\000t\000i\000c\000e\000\040\000C\000o\000n\000s\000t\000r\000u\000c\000t\000i\000o\000n\000\040\000+\000\040\000O\000S\000\040\000R\000e\000f\000l\000e\000c\000t\000i\000o\000n\000\040\000P\000o\000s\000i\000t\000i\000v\000i\000t\000y}{appendix.Alph97}% 994
\BOOKMARK [2][-]{subsection.Alph97.3}{\376\377\000S\000t\000e\000p\000\040\0002\000:\000\040\000S\000t\000r\000o\000n\000g\000\040\000C\000o\000u\000p\000l\000i\000n\000g\000\040\000A\000n\000c\000h\000o\000r\000\040\000\050\000R\000i\000g\000o\000r\000o\000u\000s\000\051}{appendix.Alph97}% 995
\BOOKMARK [2][-]{subsection.Alph97.4}{\376\377\000S\000t\000e\000p\000\040\0003\000:\000\040\000I\000n\000t\000e\000r\000m\000e\000d\000i\000a\000t\000e\000\040\000C\000o\000u\000p\000l\000i\000n\000g}{appendix.Alph97}% 996
\BOOKMARK [3][-]{subsubsection.Alph97.4.1}{\376\377\000S\000t\000r\000a\000t\000e\000g\000y\000\040\000A\000\040\000\050\000D\000i\000r\000e\000c\000t\000\051\000:\000\040\000U\000n\000i\000f\000o\000r\000m\000\040\000M\000i\000x\000i\000n\000g\000\040\000I\000n\000e\000q\000u\000a\000l\000i\000t\000y\000\040\000\040\000U\000n\000i\000f\000o\000r\000m\000\040\000S\000p\000e\000c\000t\000r\000a\000l\000\040\000G\000a\000p}{subsection.Alph97.4}% 997
\BOOKMARK [3][-]{subsubsection.Alph97.4.2}{\376\377\000S\000t\000r\000a\000t\000e\000g\000y\000\040\000B\000\040\000\050\000I\000n\000t\000e\000r\000p\000o\000l\000a\000t\000i\000o\000n\000\051\000:\000\040\000C\000o\000n\000n\000e\000c\000t\000\040\000Y\000M\000\040\000t\000o\000\040\000a\000\040\000T\000h\000e\000o\000r\000y\000\040\000w\000i\000t\000h\000\040\000a\000\040\000K\000n\000o\000w\000n\000\040\000G\000a\000p}{subsection.Alph97.4}% 998
\BOOKMARK [2][-]{subsection.Alph97.5}{\376\377\000S\000t\000e\000p\000\040\0004\000:\000\040\000N\000o\000\040\000P\000h\000a\000s\000e\000\040\000T\000r\000a\000n\000s\000i\000t\000i\000o\000n\000\040\000/\000\040\000N\000o\000\040\000G\000a\000p\000\040\000C\000l\000o\000s\000u\000r\000e}{appendix.Alph97}% 999
\BOOKMARK [2][-]{subsection.Alph97.6}{\376\377\000S\000t\000e\000p\000\040\0005\000:\000\040\000C\000o\000n\000t\000i\000n\000u\000u\000m\000\040\000L\000i\000m\000i\000t\000\040\000C\000o\000n\000s\000t\000r\000u\000c\000t\000i\000o\000n\000\040\000\050\000U\000V\000\040\000C\000o\000n\000t\000r\000o\000l\000\051}{appendix.Alph97}% 1000
\BOOKMARK [2][-]{subsection.Alph97.7}{\376\377\000S\000t\000e\000p\000\040\0006\000:\000\040\000B\000r\000i\000d\000g\000e\000\040\000`\000`\000L\000a\000t\000t\000i\000c\000e\000\040\000G\000a\000p\000'\000'\000\040\000t\000o\000\040\000`\000`\000P\000h\000y\000s\000i\000c\000a\000l\000\040\000G\000a\000p\000'\000'}{appendix.Alph97}% 1001
\BOOKMARK [1][-]{appendix.Alph98}{\376\377\000W\000o\000r\000k\000\040\000B\000r\000e\000a\000k\000d\000o\000w\000n\000\040\000S\000t\000r\000u\000c\000t\000u\000r\000e}{theorem.Alph28.10}% 1002
\BOOKMARK [2][-]{subsection.Alph98.1}{\376\377\000W\000P\0001\000\040\040\024\000\040\000I\000n\000t\000e\000r\000m\000e\000d\000i\000a\000t\000e\000\040\000C\000o\000u\000p\000l\000i\000n\000g\000\040\000C\000o\000n\000t\000r\000o\000l\000\040\000\050\000I\000R\000\051}{appendix.Alph98}% 1003
\BOOKMARK [2][-]{subsection.Alph98.2}{\376\377\000W\000P\0002\000\040\040\024\000\040\000N\000o\000\040\000P\000h\000a\000s\000e\000\040\000T\000r\000a\000n\000s\000i\000t\000i\000o\000n\000s\000\040\000/\000\040\000A\000n\000a\000l\000y\000t\000i\000c\000i\000t\000y\000\040\000\050\000G\000l\000o\000b\000a\000l\000\040\000C\000o\000n\000t\000r\000o\000l\000\051}{appendix.Alph98}% 1004
\BOOKMARK [2][-]{subsection.Alph98.3}{\376\377\000W\000P\0003\000\040\040\024\000\040\000C\000o\000n\000t\000i\000n\000u\000u\000m\000\040\000L\000i\000m\000i\000t\000\040\000\050\000U\000V\000\051}{appendix.Alph98}% 1005
\BOOKMARK [1][-]{appendix.Alph99}{\376\377\000S\000t\000r\000a\000t\000e\000g\000i\000c\000\040\000C\000h\000o\000i\000c\000e}{theorem.Alph28.10}% 1006
\BOOKMARK [1][-]{appendix.Alph100}{\376\377\000C\000o\000n\000c\000l\000u\000s\000i\000o\000n}{theorem.Alph28.10}% 1007
\BOOKMARK [1][-]{appendix.Alph101}{\376\377\000R\000e\000s\000p\000o\000n\000s\000e\000\040\000t\000o\000\040\000E\000x\000t\000e\000r\000n\000a\000l\000\040\000R\000e\000v\000i\000e\000w}{theorem.Alph28.10}% 1008
\BOOKMARK [2][-]{subsection.Alph101.1}{\376\377\000C\000o\000n\000c\000e\000r\000n\000\040\0001\000:\000\040\000T\000h\000e\000\040\000`\000`\000O\000s\000c\000i\000l\000l\000a\000t\000i\000o\000n\000\040\000C\000a\000t\000a\000s\000t\000r\000o\000p\000h\000e\000'\000'\000\040\000R\000e\000s\000o\000l\000u\000t\000i\000o\000n}{appendix.Alph101}% 1009
\BOOKMARK [2][-]{subsection.Alph101.2}{\376\377\000C\000o\000n\000c\000e\000r\000n\000\040\0002\000:\000\040\000S\000c\000a\000l\000e\000\040\000S\000e\000t\000t\000i\000n\000g\000\040\000C\000i\000r\000c\000u\000l\000a\000r\000i\000t\000y}{appendix.Alph101}% 1010
\BOOKMARK [2][-]{subsection.Alph101.3}{\376\377\000C\000o\000n\000c\000e\000r\000n\000\040\0003\000:\000\040\000I\000n\000t\000e\000r\000m\000e\000d\000i\000a\000t\000e\000\040\000C\000o\000u\000p\000l\000i\000n\000g\000\040\000a\000n\000d\000\040\000Z\000e\000g\000a\000r\000l\000i\000n\000s\000k\000i\000'\000s\000\040\000C\000o\000n\000d\000i\000t\000i\000o\000n}{appendix.Alph101}% 1011
\BOOKMARK [2][-]{subsection.Alph101.4}{\376\377\000S\000u\000m\000m\000a\000r\000y\000:\000\040\000V\000e\000r\000i\000f\000i\000c\000a\000t\000i\000o\000n\000\040\000P\000a\000t\000h\000w\000a\000y}{appendix.Alph101}% 1012
\BOOKMARK [1][-]{appendix.Alph102}{\376\377\000U\000n\000i\000f\000i\000e\000d\000\040\000G\000a\000p\000\040\000R\000e\000s\000o\000l\000u\000t\000i\000o\000n\000:\000\040\000C\000o\000m\000p\000l\000e\000t\000e\000\040\000P\000r\000o\000o\000f}{theorem.Alph28.10}% 1013
\BOOKMARK [2][-]{subsection.Alph102.1}{\376\377\000S\000u\000m\000m\000a\000r\000y\000\040\000o\000f\000\040\000R\000e\000s\000o\000l\000u\000t\000i\000o\000n\000s}{appendix.Alph102}% 1014
\BOOKMARK [2][-]{subsection.Alph102.2}{\376\377\000R\000e\000s\000o\000l\000u\000t\000i\000o\000n\000\040\000F\0001\000:\000\040\000C\000o\000r\000r\000e\000c\000t\000\040\000L\000S\000I\000\040\000C\000o\000n\000s\000t\000a\000n\000t\000\040\000f\000o\000r\000\040\000S\000U\000\050\000N\000\051}{appendix.Alph102}% 1015
\BOOKMARK [2][-]{subsection.Alph102.3}{\376\377\000R\000e\000s\000o\000l\000u\000t\000i\000o\000n\000\040\000F\0002\000:\000\040\000C\000o\000m\000p\000l\000e\000t\000e\000\040\0001\000D\000\040\000C\000h\000a\000i\000n\000\040\000P\000r\000o\000o\000f}{appendix.Alph102}% 1016
\BOOKMARK [2][-]{subsection.Alph102.4}{\376\377\000R\000e\000s\000o\000l\000u\000t\000i\000o\000n\000\040\000G\0001\000:\000\040\000I\000n\000t\000e\000r\000m\000e\000d\000i\000a\000t\000e\000\040\000C\000o\000u\000p\000l\000i\000n\000g\000\040\000U\000n\000i\000f\000o\000r\000m\000\040\000B\000o\000u\000n\000d}{appendix.Alph102}% 1017
\BOOKMARK [2][-]{subsection.Alph102.5}{\376\377\000R\000e\000s\000o\000l\000u\000t\000i\000o\000n\000\040\000F\0003\000:\000\040\000B\000o\000u\000n\000d\000a\000r\000y\000\040\000D\000i\000m\000e\000n\000s\000i\000o\000n\000a\000l\000\040\000R\000e\000d\000u\000c\000t\000i\000o\000n}{appendix.Alph102}% 1018
\BOOKMARK [2][-]{subsection.Alph102.6}{\376\377\000R\000e\000s\000o\000l\000u\000t\000i\000o\000n\000\040\000G\0002\000:\000\040\000C\000o\000n\000t\000i\000n\000u\000u\000m\000\040\000L\000i\000m\000i\000t}{appendix.Alph102}% 1019
\BOOKMARK [2][-]{subsection.Alph102.7}{\376\377\000V\000e\000r\000i\000f\000i\000c\000a\000t\000i\000o\000n\000:\000\040\000G\000i\000l\000e\000s\000-\000T\000e\000p\000e\000r\000\040\000C\000o\000n\000s\000t\000a\000n\000t}{appendix.Alph102}% 1020
\BOOKMARK [2][-]{subsection.Alph102.8}{\376\377\000M\000a\000i\000n\000\040\000T\000h\000e\000o\000r\000e\000m\000:\000\040\000C\000o\000m\000p\000l\000e\000t\000e\000\040\000P\000r\000o\000o\000f}{appendix.Alph102}% 1021
\BOOKMARK [2][-]{subsection.Alph102.9}{\376\377\000C\000o\000n\000c\000l\000u\000s\000i\000o\000n}{appendix.Alph102}% 1022
\BOOKMARK [1][-]{appendix.Alph103}{\376\377\000G\000a\000p\000\040\000R\000e\000s\000o\000l\000u\000t\000i\000o\000n\000:\000\040\000I\000n\000n\000o\000v\000a\000t\000i\000v\000e\000\040\000M\000a\000t\000h\000e\000m\000a\000t\000i\000c\000a\000l\000\040\000F\000r\000a\000m\000e\000w\000o\000r\000k\000s}{theorem.Alph28.10}% 1023
\BOOKMARK [2][-]{subsection.Alph103.1}{\376\377\000O\000v\000e\000r\000v\000i\000e\000w}{appendix.Alph103}% 1024
\BOOKMARK [2][-]{subsection.Alph103.2}{\376\377\000P\000a\000r\000t\000\040\000A\000:\000\040\000C\000u\000r\000v\000a\000t\000u\000r\000e\000-\000D\000i\000m\000e\000n\000s\000i\000o\000n\000\040\000v\000i\000a\000\040\0002\000\040\000C\000a\000l\000c\000u\000l\000u\000s}{appendix.Alph103}% 1025
\BOOKMARK [2][-]{subsection.Alph103.3}{\376\377\000P\000a\000r\000t\000\040\000B\000:\000\040\000R\000e\000g\000u\000l\000a\000r\000i\000t\000y\000\040\000S\000t\000r\000u\000c\000t\000u\000r\000e\000s\000\040\000f\000o\000r\000\040\000C\000o\000n\000t\000i\000n\000u\000u\000m\000\040\000L\000i\000m\000i\000t}{appendix.Alph103}% 1026
\BOOKMARK [2][-]{subsection.Alph103.4}{\376\377\000P\000a\000r\000t\000\040\000C\000:\000\040\000U\000n\000i\000f\000o\000r\000m\000\040\000L\000S\000I\000\040\000v\000i\000a\000\040\000Q\000u\000a\000n\000t\000i\000t\000a\000t\000i\000v\000e\000\040\000H\000o\000m\000o\000g\000e\000n\000i\000z\000a\000t\000i\000o\000n}{appendix.Alph103}% 1027
\BOOKMARK [2][-]{subsection.Alph103.5}{\376\377\000P\000a\000r\000t\000\040\000D\000:\000\040\000H\000e\000a\000t\000\040\000K\000e\000r\000n\000e\000l\000\040\000S\000p\000e\000c\000t\000r\000a\000l\000\040\000B\000o\000u\000n\000d\000s}{appendix.Alph103}% 1028
\BOOKMARK [2][-]{subsection.Alph103.6}{\376\377\000P\000a\000r\000t\000\040\000E\000:\000\040\000M\000o\000s\000c\000o\000\040\000C\000o\000n\000v\000e\000r\000g\000e\000n\000c\000e\000\040\000w\000i\000t\000h\000\040\000E\000x\000p\000l\000i\000c\000i\000t\000\040\000C\000o\000n\000s\000t\000a\000n\000t\000s}{appendix.Alph103}% 1029
\BOOKMARK [2][-]{subsection.Alph103.7}{\376\377\000M\000a\000i\000n\000\040\000T\000h\000e\000o\000r\000e\000m\000:\000\040\000A\000l\000l\000\040\000G\000a\000p\000s\000\040\000F\000i\000l\000l\000e\000d}{appendix.Alph103}% 1030
\BOOKMARK [2][-]{subsection.Alph103.8}{\376\377\000S\000u\000m\000m\000a\000r\000y\000\040\000o\000f\000\040\000M\000a\000t\000h\000e\000m\000a\000t\000i\000c\000a\000l\000\040\000F\000r\000a\000m\000e\000w\000o\000r\000k\000s}{appendix.Alph103}% 1031
\BOOKMARK [1][-]{appendix.Alph104}{\376\377\000A\000d\000d\000i\000t\000i\000o\000n\000a\000l\000\040\000V\000e\000r\000i\000f\000i\000c\000a\000t\000i\000o\000n\000\040\000D\000e\000t\000a\000i\000l\000s}{theorem.Alph28.10}% 1032
\BOOKMARK [2][-]{subsection.Alph104.1}{\376\377\000C\000o\000n\000s\000i\000s\000t\000e\000n\000c\000y\000\040\000o\000f\000\040\000C\000o\000n\000s\000t\000a\000n\000t\000s}{appendix.Alph104}% 1033
\BOOKMARK [2][-]{subsection.Alph104.2}{\376\377\000C\000h\000e\000c\000k\000l\000i\000s\000t\000\040\000o\000f\000\040\000K\000e\000y\000\040\000I\000n\000e\000q\000u\000a\000l\000i\000t\000i\000e\000s}{appendix.Alph104}% 1034
\BOOKMARK [1][-]{appendix.Alph105}{\376\377\000R\000i\000g\000o\000r\000o\000u\000s\000\040\000G\000a\000p\000\040\000C\000l\000o\000s\000u\000r\000e\000:\000\040\000M\000a\000t\000h\000e\000m\000a\000t\000i\000c\000a\000l\000\040\000P\000r\000o\000o\000f\000s}{theorem.Alph28.10}% 1035
\BOOKMARK [2][-]{subsection.Alph105.1}{\376\377\000M\000e\000t\000h\000o\000d\000\040\0001\000:\000\040\000S\000p\000e\000c\000t\000r\000a\000l\000\040\000I\000n\000d\000e\000p\000e\000n\000d\000e\000n\000c\000e\000\040\000a\000n\000d\000\040\000E\000n\000t\000r\000o\000p\000y\000\040\000F\000a\000c\000t\000o\000r\000i\000z\000a\000t\000i\000o\000n}{appendix.Alph105}% 1036
\BOOKMARK [2][-]{subsection.Alph105.2}{\376\377\000M\000e\000t\000h\000o\000d\000\040\0003\000:\000\040\000E\000n\000t\000r\000o\000p\000i\000c\000\040\000I\000n\000d\000e\000p\000e\000n\000d\000e\000n\000c\000e\000\040\000v\000i\000a\000\040\000H\000i\000g\000h\000-\000D\000i\000m\000e\000n\000s\000i\000o\000n\000a\000l\000\040\000E\000x\000p\000a\000n\000d\000e\000r\000s}{appendix.Alph105}% 1037
\BOOKMARK [2][-]{subsection.Alph105.3}{\376\377\000M\000e\000t\000h\000o\000d\000\040\0004\000:\000\040\000M\000a\000r\000t\000i\000n\000g\000a\000l\000e\000\040\000M\000e\000t\000h\000o\000d\000\040\000f\000o\000r\000\040\000B\000o\000u\000n\000d\000a\000r\000y\000\040\000M\000a\000r\000g\000i\000n\000a\000l\000s}{appendix.Alph105}% 1038
\BOOKMARK [2][-]{subsection.Alph105.4}{\376\377\000M\000e\000t\000h\000o\000d\000\040\0005\000:\000\040\000P\000o\000l\000c\000h\000i\000n\000s\000k\000i\000\040\000E\000q\000u\000a\000t\000i\000o\000n\000\040\000f\000o\000r\000\040\000C\000o\000n\000t\000i\000n\000u\000u\000m\000\040\000L\000i\000m\000i\000t}{appendix.Alph105}% 1039
\BOOKMARK [2][-]{subsection.Alph105.5}{\376\377\000M\000e\000t\000h\000o\000d\000\040\0006\000:\000\040\000R\000i\000g\000o\000r\000o\000u\000s\000\040\000G\000i\000l\000e\000s\000-\000T\000e\000p\000e\000r\000\040\000v\000i\000a\000\040\000O\000p\000e\000r\000a\000t\000o\000r\000\040\000M\000o\000n\000o\000t\000o\000n\000i\000c\000i\000t\000y}{appendix.Alph105}% 1040
\BOOKMARK [2][-]{subsection.Alph105.6}{\376\377\000M\000e\000t\000h\000o\000d\000\040\0007\000:\000\040\000R\000e\000g\000u\000l\000a\000r\000i\000t\000y\000\040\000S\000t\000r\000u\000c\000t\000u\000r\000e\000s\000\040\000f\000o\000r\000\040\000C\000o\000n\000t\000i\000n\000u\000u\000m\000\040\000L\000i\000m\000i\000t}{appendix.Alph105}% 1041
\BOOKMARK [2][-]{subsection.Alph105.7}{\376\377\000S\000y\000n\000t\000h\000e\000s\000i\000s\000:\000\040\000C\000o\000m\000p\000l\000e\000t\000e\000\040\000P\000r\000o\000o\000f\000\040\000o\000f\000\040\000M\000a\000s\000s\000\040\000G\000a\000p}{appendix.Alph105}% 1042
\BOOKMARK [2][-]{subsection.Alph105.8}{\376\377\000E\000x\000p\000l\000i\000c\000i\000t\000\040\000C\000o\000n\000s\000t\000a\000n\000t\000s}{appendix.Alph105}% 1043
\BOOKMARK [1][-]{appendix.Alph106}{\376\377\000A\000l\000t\000e\000r\000n\000a\000t\000i\000v\000e\000\040\000A\000p\000p\000r\000o\000a\000c\000h\000e\000s\000\040\000t\000o\000\040\000G\000a\000p\000\040\000R\000e\000s\000o\000l\000u\000t\000i\000o\000n}{theorem.Alph28.10}% 1044
\BOOKMARK [0][-]{appendix.Alph106}{\376\377\000G\000a\000p\000\040\0001\000:\000\040\000S\000t\000r\000i\000n\000g\000\040\000T\000e\000n\000s\000i\000o\000n\000\040\000f\000o\000r\000\040\000A\000l\000l\000\040\000C\000o\000u\000p\000l\000i\000n\000g\000s}{}% 1045
\BOOKMARK [1][-]{appendix.Alph107}{\376\377\000T\000h\000e\000\040\000P\000r\000o\000b\000l\000e\000m\000:\000\040\000W\000h\000y\000\040\000W\000e\000a\000k\000\040\000C\000o\000u\000p\000l\000i\000n\000g\000\040\000i\000s\000\040\000H\000a\000r\000d}{appendix.Alph106}% 1046
\BOOKMARK [1][-]{appendix.Alph108}{\376\377\000M\000e\000t\000h\000o\000d\000\040\0001\000:\000\040\000M\000o\000n\000o\000t\000o\000n\000e\000\040\000C\000o\000u\000p\000l\000i\000n\000g\000\040\000F\000l\000o\000w}{appendix.Alph106}% 1047
\BOOKMARK [1][-]{appendix.Alph109}{\376\377\000M\000e\000t\000h\000o\000d\000\040\0002\000:\000\040\000O\000p\000t\000i\000m\000a\000l\000\040\000T\000r\000a\000n\000s\000p\000o\000r\000t\000\040\000I\000n\000t\000e\000r\000p\000o\000l\000a\000t\000i\000o\000n}{appendix.Alph106}% 1048
\BOOKMARK [1][-]{appendix.Alph110}{\376\377\000M\000e\000t\000h\000o\000d\000\040\0003\000:\000\040\000G\000r\000i\000f\000f\000i\000t\000h\000s\000-\000S\000i\000m\000o\000n\000\040\000R\000e\000c\000o\000n\000s\000t\000r\000u\000c\000t\000i\000o\000n}{appendix.Alph106}% 1049
\BOOKMARK [0][-]{equation.986}{\376\377\000G\000a\000p\000\040\0002\000:\000\040\000C\000o\000n\000s\000t\000r\000u\000c\000t\000i\000v\000e\000\040\000C\000o\000n\000t\000i\000n\000u\000u\000m\000\040\000L\000i\000m\000i\000t}{}% 1050
\BOOKMARK [1][-]{appendix.Alph111}{\376\377\000T\000h\000e\000\040\000P\000r\000o\000b\000l\000e\000m\000:\000\040\000C\000i\000r\000c\000u\000l\000a\000r\000i\000t\000y\000\040\000i\000n\000\040\000M\000o\000s\000c\000o\000\040\000C\000o\000n\000v\000e\000r\000g\000e\000n\000c\000e}{equation.986}% 1051
\BOOKMARK [1][-]{appendix.Alph112}{\376\377\000M\000e\000t\000h\000o\000d\000\040\0001\000:\000\040\000L\000a\000t\000t\000i\000c\000e\000-\000I\000n\000t\000r\000i\000n\000s\000i\000c\000\040\000C\000a\000u\000c\000h\000y\000\040\000S\000e\000q\000u\000e\000n\000c\000e}{equation.986}% 1052
\BOOKMARK [1][-]{appendix.Alph113}{\376\377\000M\000e\000t\000h\000o\000d\000\040\0002\000:\000\040\000G\000a\000u\000g\000e\000-\000A\000d\000a\000p\000t\000e\000d\000\040\000R\000e\000g\000u\000l\000a\000r\000i\000t\000y\000\040\000S\000t\000r\000u\000c\000t\000u\000r\000e\000s}{equation.986}% 1053
\BOOKMARK [1][-]{appendix.Alph114}{\376\377\000M\000e\000t\000h\000o\000d\000\040\0003\000:\000\040\000U\000n\000i\000v\000e\000r\000s\000a\000l\000\040\000L\000i\000m\000i\000t\000\040\000T\000h\000e\000o\000r\000e\000m}{equation.986}% 1054
\BOOKMARK [1][-]{appendix.Alph115}{\376\377\000V\000e\000r\000i\000f\000i\000c\000a\000t\000i\000o\000n\000\040\000o\000f\000\040\000O\000s\000t\000e\000r\000w\000a\000l\000d\000e\000r\000-\000S\000c\000h\000r\000a\000d\000e\000r\000\040\000A\000x\000i\000o\000m\000s}{equation.986}% 1055
\BOOKMARK [1][-]{appendix.Alph116}{\376\377\000S\000y\000n\000t\000h\000e\000s\000i\000s\000:\000\040\000C\000o\000m\000p\000l\000e\000t\000e\000\040\000R\000e\000s\000o\000l\000u\000t\000i\000o\000n\000\040\000o\000f\000\040\000C\000r\000i\000t\000i\000c\000a\000l\000\040\000G\000a\000p\000s}{equation.986}% 1056
\BOOKMARK [1][-]{appendix.Alph117}{\376\377\000D\000i\000s\000c\000u\000s\000s\000i\000o\000n\000:\000\040\000W\000h\000a\000t\000\040\000R\000e\000m\000a\000i\000n\000s\000\040\000f\000o\000r\000\040\000r\000i\000g\000o\000r\000o\000u\000s\000\040\000s\000t\000a\000n\000d\000a\000r\000d\000\040\000S\000t\000a\000n\000d\000a\000r\000d}{equation.986}% 1057
\BOOKMARK [1][-]{appendix.Alph118}{\376\377\000T\000e\000c\000h\000n\000i\000c\000a\000l\000\040\000M\000e\000t\000h\000o\000d\000s\000\040\000f\000o\000r\000\040\000M\000a\000s\000s\000\040\000G\000a\000p\000\040\000P\000r\000o\000o\000f}{equation.986}% 1058
\BOOKMARK [2][-]{subsection.Alph118.1}{\376\377\000C\000l\000a\000r\000i\000f\000i\000c\000a\000t\000i\000o\000n\000\040\000o\000f\000\040\000D\000e\000p\000e\000n\000d\000e\000n\000c\000i\000e\000s}{appendix.Alph118}% 1059
\BOOKMARK [0][-]{subsection.Alph118.1}{\376\377\000G\000a\000p\000\040\0001\000:\000\040\000S\000t\000r\000i\000n\000g\000\040\000T\000e\000n\000s\000i\000o\000n\000\040\000f\000o\000r\000\040\000A\000l\000l\000\040\000C\000o\000u\000p\000l\000i\000n\000g\000s}{}% 1060
\BOOKMARK [1][-]{appendix.Alph119}{\376\377\000M\000e\000t\000h\000o\000d\000\040\0001\000:\000\040\000R\000e\000f\000l\000e\000c\000t\000i\000o\000n\000\040\000P\000o\000s\000i\000t\000i\000v\000i\000t\000y\000\040\000M\000o\000n\000o\000t\000o\000n\000i\000c\000i\000t\000y}{subsection.Alph118.1}% 1061
\BOOKMARK [1][-]{appendix.Alph120}{\376\377\000M\000e\000t\000h\000o\000d\000\040\0002\000:\000\040\000C\000h\000e\000e\000g\000e\000r\000\040\000I\000s\000o\000p\000e\000r\000i\000m\000e\000t\000r\000i\000c\000\040\000B\000o\000u\000n\000d}{subsection.Alph118.1}% 1062
\BOOKMARK [1][-]{appendix.Alph121}{\376\377\000M\000e\000t\000h\000o\000d\000\040\0003\000:\000\040\000H\000i\000e\000r\000a\000r\000c\000h\000i\000c\000a\000l\000\040\000R\000e\000n\000o\000r\000m\000a\000l\000i\000z\000a\000t\000i\000o\000n\000\040\000G\000r\000o\000u\000p}{subsection.Alph118.1}% 1063
\BOOKMARK [0][-]{appendix.Alph121}{\376\377\000G\000a\000p\000\040\0002\000:\000\040\000N\000o\000n\000-\000C\000i\000r\000c\000u\000l\000a\000r\000\040\000C\000o\000n\000t\000i\000n\000u\000u\000m\000\040\000L\000i\000m\000i\000t}{}% 1064
\BOOKMARK [1][-]{appendix.Alph122}{\376\377\000M\000e\000t\000h\000o\000d\000:\000\040\000I\000n\000t\000r\000i\000n\000s\000i\000c\000\040\000T\000i\000g\000h\000t\000n\000e\000s\000s\000\040\000C\000r\000i\000t\000e\000r\000i\000o\000n}{appendix.Alph121}% 1065
\BOOKMARK [0][-]{appendix.Alph122}{\376\377\000G\000a\000p\000\040\0003\000:\000\040\000U\000n\000i\000f\000o\000r\000m\000\040\000L\000S\000I\000\040\000f\000o\000r\000\040\000A\000l\000l\000\040\000C\000o\000u\000p\000l\000i\000n\000g\000s}{}% 1066
\BOOKMARK [1][-]{appendix.Alph123}{\376\377\000M\000e\000t\000h\000o\000d\000:\000\040\000M\000u\000l\000t\000i\000-\000S\000c\000a\000l\000e\000\040\000E\000n\000t\000r\000o\000p\000y\000\040\000D\000e\000c\000o\000m\000p\000o\000s\000i\000t\000i\000o\000n}{appendix.Alph122}% 1067
\BOOKMARK [0][-]{appendix.Alph123}{\376\377\000G\000a\000p\000\040\0004\000:\000\040\000G\000i\000l\000e\000s\000-\000T\000e\000p\000e\000r\000\040\000C\000o\000n\000s\000t\000a\000n\000t}{}% 1068
\BOOKMARK [1][-]{appendix.Alph124}{\376\377\000M\000e\000t\000h\000o\000d\000:\000\040\000D\000e\000r\000i\000v\000a\000t\000i\000o\000n\000\040\000o\000f\000\040\000c\000N}{appendix.Alph123}% 1069
\BOOKMARK [1][-]{appendix.Alph125}{\376\377\000M\000a\000i\000n\000\040\000R\000e\000s\000u\000l\000t\000s}{appendix.Alph123}% 1070
\BOOKMARK [1][-]{appendix.Alph126}{\376\377\000P\000r\000o\000p\000o\000s\000e\000d\000\040\000M\000a\000t\000h\000e\000m\000a\000t\000i\000c\000a\000l\000\040\000P\000r\000o\000o\000f\000s\000\040\000o\000f\000\040\000K\000e\000y\000\040\000T\000h\000e\000o\000r\000e\000m\000s}{appendix.Alph123}% 1071
\BOOKMARK [1][-]{appendix.Alph127}{\376\377\000S\000t\000r\000a\000t\000e\000g\000y\000\040\000f\000o\000r\000\040\000S\000t\000r\000i\000c\000t\000\040\000P\000o\000s\000i\000t\000i\000v\000i\000t\000y\000\040\000o\000f\000\040\000S\000t\000r\000i\000n\000g\000\040\000T\000e\000n\000s\000i\000o\000n}{appendix.Alph123}% 1072
\BOOKMARK [2][-]{subsection.Alph127.1}{\376\377\000O\000v\000e\000r\000v\000i\000e\000w\000\040\000o\000f\000\040\000t\000h\000e\000\040\000P\000r\000o\000p\000o\000s\000e\000d\000\040\000P\000r\000o\000o\000f\000\040\000S\000t\000r\000a\000t\000e\000g\000y}{appendix.Alph127}% 1073
\BOOKMARK [2][-]{subsection.Alph127.2}{\376\377\000D\000e\000p\000e\000n\000d\000e\000n\000c\000y\000\040\000S\000t\000r\000u\000c\000t\000u\000r\000e\000\040\000o\000f\000\040\000t\000h\000e\000\040\000P\000r\000o\000o\000f}{appendix.Alph127}% 1074
\BOOKMARK [2][-]{subsection.Alph127.3}{\376\377\000R\000e\000f\000l\000e\000c\000t\000i\000o\000n\000\040\000P\000o\000s\000i\000t\000i\000v\000i\000t\000y\000\040\000M\000o\000n\000o\000t\000o\000n\000i\000c\000i\000t\000y}{appendix.Alph127}% 1075
\BOOKMARK [2][-]{subsection.Alph127.4}{\376\377\000A\000n\000a\000l\000y\000t\000i\000c\000i\000t\000y\000\040\000v\000i\000a\000\040\000R\000e\000n\000o\000r\000m\000a\000l\000i\000z\000a\000t\000i\000o\000n\000\040\000G\000r\000o\000u\000p\000\040\000a\000n\000d\000\040\000C\000l\000u\000s\000t\000e\000r\000\040\000E\000x\000p\000a\000n\000s\000i\000o\000n\000s}{appendix.Alph127}% 1076
\BOOKMARK [2][-]{subsection.Alph127.5}{\376\377\000C\000o\000u\000p\000l\000i\000n\000g\000\040\000M\000o\000n\000o\000t\000o\000n\000i\000c\000i\000t\000y\000\040\000f\000o\000r\000\040\000N\000o\000n\000-\000A\000b\000e\000l\000i\000a\000n\000\040\000T\000h\000e\000o\000r\000i\000e\000s}{appendix.Alph127}% 1077
\BOOKMARK [1][-]{appendix.Alph128}{\376\377\000U\000n\000i\000f\000o\000r\000m\000\040\000L\000o\000g\000-\000S\000o\000b\000o\000l\000e\000v\000\040\000I\000n\000e\000q\000u\000a\000l\000i\000t\000y}{appendix.Alph123}% 1078
\BOOKMARK [2][-]{subsection.Alph128.1}{\376\377\000C\000o\000n\000d\000i\000t\000i\000o\000n\000a\000l\000\040\000T\000e\000n\000s\000o\000r\000i\000z\000a\000t\000i\000o\000n}{appendix.Alph128}% 1079
\BOOKMARK [1][-]{appendix.Alph129}{\376\377\000T\000h\000e\000\040\000M\000a\000s\000s\000\040\000G\000a\000p\000\040\000I\000n\000e\000q\000u\000a\000l\000i\000t\000y}{appendix.Alph123}% 1080
\BOOKMARK [2][-]{subsection.Alph129.1}{\376\377\000C\000a\000s\000i\000m\000i\000r\000\040\000S\000c\000a\000l\000i\000n\000g\000\040\000a\000n\000d\000\040\000S\000p\000e\000c\000t\000r\000a\000l\000\040\000B\000o\000u\000n\000d\000s}{appendix.Alph129}% 1081
\BOOKMARK [1][-]{appendix.Alph130}{\376\377\000C\000o\000n\000s\000t\000r\000u\000c\000t\000i\000o\000n\000\040\000o\000f\000\040\000t\000h\000e\000\040\000C\000o\000n\000t\000i\000n\000u\000u\000m\000\040\000L\000i\000m\000i\000t}{appendix.Alph123}% 1082
\BOOKMARK [2][-]{subsection.Alph130.1}{\376\377\000I\000n\000t\000r\000i\000n\000s\000i\000c\000\040\000T\000i\000g\000h\000t\000n\000e\000s\000s}{appendix.Alph130}% 1083
\BOOKMARK [2][-]{subsection.Alph130.2}{\376\377\000U\000n\000i\000q\000u\000e\000n\000e\000s\000s\000\040\000o\000f\000\040\000t\000h\000e\000\040\000L\000i\000m\000i\000t}{appendix.Alph130}% 1084
\BOOKMARK [2][-]{subsection.Alph130.3}{\376\377\000S\000u\000m\000m\000a\000r\000y\000\040\000o\000f\000\040\000M\000a\000t\000h\000e\000m\000a\000t\000i\000c\000a\000l\000\040\000R\000e\000s\000u\000l\000t\000s}{appendix.Alph130}% 1085
\BOOKMARK [1][-]{appendix.Alph131}{\376\377\000A\000b\000s\000e\000n\000c\000e\000\040\000o\000f\000\040\000P\000h\000a\000s\000e\000\040\000T\000r\000a\000n\000s\000i\000t\000i\000o\000n\000s\000:\000\040\000P\000r\000o\000o\000f\000\040\000o\000f\000\040\000A\000n\000a\000l\000y\000t\000i\000c\000i\000t\000y}{appendix.Alph123}% 1086
\BOOKMARK [2][-]{subsection.Alph131.1}{\376\377\000P\000r\000i\000m\000a\000r\000y\000\040\000P\000r\000o\000o\000f\000:\000\040\000A\000n\000a\000l\000y\000t\000i\000c\000i\000t\000y\000\040\000v\000i\000a\000\040\000U\000n\000i\000f\000o\000r\000m\000\040\000L\000S\000I}{appendix.Alph131}% 1087
\BOOKMARK [2][-]{subsection.Alph131.2}{\376\377\000S\000e\000c\000o\000n\000d\000a\000r\000y\000\040\000P\000r\000o\000o\000f\000:\000\040\000A\000d\000j\000o\000i\000n\000t\000\040\000F\000e\000r\000m\000i\000o\000n\000\040\000I\000n\000t\000e\000r\000p\000o\000l\000a\000t\000i\000o\000n}{appendix.Alph131}% 1088
\BOOKMARK [2][-]{subsection.Alph131.3}{\376\377\000T\000h\000e\000\040\000D\000e\000c\000o\000u\000p\000l\000i\000n\000g\000\040\000L\000i\000m\000i\000t}{appendix.Alph131}% 1089
\BOOKMARK [1][-]{appendix.Alph132}{\376\377\000V\000e\000r\000i\000f\000i\000c\000a\000t\000i\000o\000n\000\040\000o\000f\000\040\000C\000r\000i\000t\000i\000c\000a\000l\000\040\000E\000s\000t\000i\000m\000a\000t\000e\000s}{appendix.Alph123}% 1090
\BOOKMARK [2][-]{subsection.Alph132.1}{\376\377\000E\000x\000p\000l\000i\000c\000i\000t\000\040\000N\000u\000m\000e\000r\000i\000c\000a\000l\000\040\000B\000o\000u\000n\000d\000s\000\040\000f\000o\000r\000\040\000S\000U\000\050\0002\000\051\000\040\000a\000n\000d\000\040\000S\000U\000\050\0003\000\051}{appendix.Alph132}% 1091
\BOOKMARK [2][-]{subsection.Alph132.2}{\376\377\000E\000x\000p\000l\000i\000c\000i\000t\000\040\000N\000u\000m\000e\000r\000i\000c\000a\000l\000\040\000B\000o\000u\000n\000d\000s\000\040\000f\000o\000r\000\040\000S\000U\000\050\0002\000\051\000\040\000a\000n\000d\000\040\000S\000U\000\050\0003\000\051}{appendix.Alph132}% 1092
\BOOKMARK [2][-]{subsection.Alph132.3}{\376\377\000I\000n\000t\000e\000r\000m\000e\000d\000i\000a\000t\000e\000\040\000C\000o\000u\000p\000l\000i\000n\000g\000:\000\040\000E\000x\000p\000l\000i\000c\000i\000t\000\040\000C\000h\000e\000e\000g\000e\000r\000\040\000B\000o\000u\000n\000d}{appendix.Alph132}% 1093
\BOOKMARK [2][-]{subsection.Alph132.4}{\376\377\000C\000o\000n\000t\000i\000n\000u\000u\000m\000\040\000L\000i\000m\000i\000t\000\040\000H\000\366\000l\000d\000e\000r\000\040\000E\000s\000t\000i\000m\000a\000t\000e\000:\000\040\000D\000e\000t\000a\000i\000l\000e\000d\000\040\000D\000e\000r\000i\000v\000a\000t\000i\000o\000n}{appendix.Alph132}% 1094
\BOOKMARK [2][-]{subsection.Alph132.5}{\376\377\000G\000i\000l\000e\000s\000-\000T\000e\000p\000e\000r\000\040\000D\000e\000r\000i\000v\000a\000t\000i\000o\000n\000:\000\040\000O\000p\000e\000r\000a\000t\000o\000r\000-\000T\000h\000e\000o\000r\000e\000t\000i\000c\000\040\000J\000u\000s\000t\000i\000f\000i\000c\000a\000t\000i\000o\000n}{appendix.Alph132}% 1095
\BOOKMARK [2][-]{subsection.Alph132.6}{\376\377\000B\000a\000l\000a\000b\000a\000n\000'\000s\000\040\000B\000o\000u\000n\000d\000s\000:\000\040\000P\000r\000e\000c\000i\000s\000e\000\040\000C\000i\000t\000a\000t\000i\000o\000n\000s}{appendix.Alph132}% 1096
\BOOKMARK [2][-]{subsection.Alph132.7}{\376\377\000M\000u\000l\000t\000i\000-\000S\000c\000a\000l\000e\000\040\000E\000n\000t\000r\000o\000p\000y\000:\000\040\000E\000x\000p\000l\000i\000c\000i\000t\000\040\000B\000o\000o\000t\000s\000t\000r\000a\000p\000\040\000C\000o\000n\000s\000t\000a\000n\000t\000s}{appendix.Alph132}% 1097
\BOOKMARK [2][-]{subsection.Alph132.8}{\376\377\000R\000P\000\040\000M\000o\000n\000o\000t\000o\000n\000i\000c\000i\000t\000y\000:\000\040\000A\000t\000t\000r\000i\000b\000u\000t\000i\000o\000n\000\040\000V\000e\000r\000i\000f\000i\000c\000a\000t\000i\000o\000n}{appendix.Alph132}% 1098
\BOOKMARK [2][-]{subsection.Alph132.9}{\376\377\000S\000u\000m\000m\000a\000r\000y\000\040\000o\000f\000\040\000R\000e\000s\000p\000o\000n\000s\000e\000s}{appendix.Alph132}% 1099
\BOOKMARK [1][-]{appendix.Alph133}{\376\377\000A\000d\000d\000e\000n\000d\000u\000m\000:\000\040\000A\000d\000d\000r\000e\000s\000s\000i\000n\000g\000\040\000S\000p\000e\000c\000i\000f\000i\000c\000\040\000C\000o\000n\000c\000e\000r\000n\000s\000\040\000f\000r\000o\000m\000\040\000C\000o\000m\000p\000r\000e\000h\000e\000n\000s\000i\000v\000e\000\040\000R\000e\000v\000i\000e\000w}{appendix.Alph123}% 1100
\BOOKMARK [2][-]{subsection.Alph133.1}{\376\377\000U\000n\000i\000f\000o\000r\000m\000-\000i\000n\000-\000L\000\040\000B\000o\000u\000n\000d\000s\000\040\000a\000n\000d\000\040\000R\000P\000\040\000M\000o\000n\000o\000t\000o\000n\000i\000c\000i\000t\000y}{appendix.Alph133}% 1101
\BOOKMARK [2][-]{subsection.Alph133.2}{\376\377\000C\000o\000n\000t\000i\000n\000u\000u\000m\000\040\000L\000i\000m\000i\000t\000\040\000C\000i\000r\000c\000u\000l\000a\000r\000i\000t\000y}{appendix.Alph133}% 1102
\BOOKMARK [2][-]{subsection.Alph133.3}{\376\377\000W\000e\000a\000k\000\040\000C\000o\000u\000p\000l\000i\000n\000g\000\040\000R\000e\000g\000i\000m\000e\000\040\000a\000n\000d\000\040\000M\000u\000l\000t\000i\000-\000S\000c\000a\000l\000e\000\040\000E\000n\000t\000r\000o\000p\000y}{appendix.Alph133}% 1103
\BOOKMARK [2][-]{subsection.Alph133.4}{\376\377\000C\000l\000a\000r\000i\000f\000i\000c\000a\000t\000i\000o\000n\000\040\000o\000f\000\040\000D\000e\000p\000e\000n\000d\000e\000n\000c\000i\000e\000s}{appendix.Alph133}% 1104
\BOOKMARK [2][-]{subsection.Alph133.5}{\376\377\000C\000o\000n\000s\000o\000l\000i\000d\000a\000t\000e\000d\000\040\000P\000r\000o\000o\000f\000\040\000A\000r\000c\000h\000i\000t\000e\000c\000t\000u\000r\000e}{appendix.Alph133}% 1105
\BOOKMARK [2][-]{subsection.Alph133.6}{\376\377\000T\000e\000c\000h\000n\000i\000c\000a\000l\000\040\000G\000a\000p\000s\000\040\000i\000n\000\040\000t\000h\000e\000\040\000G\000i\000l\000e\000s\000-\000T\000e\000p\000e\000r\000\040\000B\000o\000u\000n\000d}{appendix.Alph133}% 1106
\BOOKMARK [1][-]{appendix.Alph134}{\376\377\000M\000a\000t\000h\000e\000m\000a\000t\000i\000c\000a\000l\000\040\000M\000e\000t\000h\000o\000d\000s\000\040\000a\000n\000d\000\040\000D\000e\000f\000i\000n\000i\000t\000i\000o\000n\000s}{appendix.Alph123}% 1107
\BOOKMARK [2][-]{subsection.Alph134.1}{\376\377\000L\000a\000t\000t\000i\000c\000e\000\040\000G\000a\000u\000g\000e\000\040\000T\000h\000e\000o\000r\000y\000\040\000F\000o\000r\000m\000u\000l\000a\000t\000i\000o\000n}{appendix.Alph134}% 1108
\BOOKMARK [2][-]{subsection.Alph134.2}{\376\377\000T\000h\000e\000\040\000W\000i\000l\000s\000o\000n\000\040\000A\000c\000t\000i\000o\000n}{appendix.Alph134}% 1109
\BOOKMARK [2][-]{subsection.Alph134.3}{\376\377\000A\000x\000i\000o\000m\000a\000t\000i\000c\000\040\000R\000e\000q\000u\000i\000r\000e\000m\000e\000n\000t\000s}{appendix.Alph134}% 1110
\BOOKMARK [1][-]{appendix.Alph135}{\376\377\000C\000o\000n\000s\000t\000r\000u\000c\000t\000i\000v\000e\000\040\000Q\000u\000a\000n\000t\000u\000m\000\040\000F\000i\000e\000l\000d\000\040\000T\000h\000e\000o\000r\000y\000\040\000E\000s\000t\000i\000m\000a\000t\000e\000s}{appendix.Alph123}% 1111
\BOOKMARK [2][-]{subsection.Alph135.1}{\376\377\000S\000t\000r\000o\000n\000g\000\040\000C\000o\000u\000p\000l\000i\000n\000g\000\040\000C\000l\000u\000s\000t\000e\000r\000\040\000E\000x\000p\000a\000n\000s\000i\000o\000n}{appendix.Alph135}% 1112
\BOOKMARK [2][-]{subsection.Alph135.2}{\376\377\000M\000a\000s\000s\000\040\000G\000a\000p\000\040\000i\000n\000\040\000S\000t\000r\000o\000n\000g\000\040\000C\000o\000u\000p\000l\000i\000n\000g}{appendix.Alph135}% 1113
\BOOKMARK [2][-]{subsection.Alph135.3}{\376\377\000I\000n\000t\000e\000r\000m\000e\000d\000i\000a\000t\000e\000\040\000C\000o\000u\000p\000l\000i\000n\000g\000:\000\040\000R\000e\000f\000l\000e\000c\000t\000i\000o\000n\000\040\000P\000o\000s\000i\000t\000i\000v\000i\000t\000y\000\040\000M\000o\000n\000o\000t\000o\000n\000i\000c\000i\000t\000y}{appendix.Alph135}% 1114
\BOOKMARK [2][-]{subsection.Alph135.4}{\376\377\000C\000o\000n\000t\000i\000n\000u\000u\000m\000\040\000L\000i\000m\000i\000t\000:\000\040\000B\000a\000l\000a\000b\000a\000n\000'\000s\000\040\000U\000V\000\040\000S\000t\000a\000b\000i\000l\000i\000t\000y}{appendix.Alph135}% 1115
\BOOKMARK [1][-]{appendix.Alph136}{\376\377\000T\000e\000c\000h\000n\000i\000c\000a\000l\000\040\000A\000p\000p\000e\000n\000d\000i\000c\000e\000s}{appendix.Alph123}% 1116
\BOOKMARK [2][-]{subsection.Alph136.1}{\376\377\000H\000a\000a\000r\000\040\000M\000e\000a\000s\000u\000r\000e\000\040\000E\000s\000t\000i\000m\000a\000t\000e\000s}{appendix.Alph136}% 1117
\BOOKMARK [2][-]{subsection.Alph136.2}{\376\377\000C\000o\000m\000b\000i\000n\000a\000t\000o\000r\000i\000a\000l\000\040\000F\000a\000c\000t\000o\000r\000s}{appendix.Alph136}% 1118
\BOOKMARK [2][-]{subsection.Alph136.3}{\376\377\000R\000e\000f\000l\000e\000c\000t\000i\000o\000n\000\040\000P\000o\000s\000i\000t\000i\000v\000i\000t\000y\000\040\000D\000e\000t\000a\000i\000l\000s}{appendix.Alph136}% 1119
\BOOKMARK [1][-]{appendix.Alph137}{\376\377\000U\000n\000c\000o\000n\000d\000i\000t\000i\000o\000n\000a\000l\000\040\000P\000r\000o\000o\000f\000\040\000v\000i\000a\000\040\000A\000d\000j\000o\000i\000n\000t\000\040\000Q\000C\000D\000\040\000I\000n\000t\000e\000r\000p\000o\000l\000a\000t\000i\000o\000n}{appendix.Alph123}% 1120
\BOOKMARK [2][-]{subsection.Alph137.1}{\376\377\000O\000v\000e\000r\000v\000i\000e\000w\000\040\000o\000f\000\040\000t\000h\000e\000\040\000R\000e\000s\000o\000l\000u\000t\000i\000o\000n}{appendix.Alph137}% 1121
\BOOKMARK [2][-]{subsection.Alph137.2}{\376\377\000L\000a\000t\000t\000i\000c\000e\000\040\000F\000o\000r\000m\000u\000l\000a\000t\000i\000o\000n\000:\000\040\000R\000e\000f\000l\000e\000c\000t\000i\000o\000n\000\040\000P\000o\000s\000i\000t\000i\000v\000i\000t\000y}{appendix.Alph137}% 1122
\BOOKMARK [2][-]{subsection.Alph137.3}{\376\377\000T\000h\000e\000o\000r\000e\000m\000\040\0001\000:\000\040\000E\000x\000a\000c\000t\000\040\000C\000e\000n\000t\000e\000r\000\040\000S\000y\000m\000m\000e\000t\000r\000y}{appendix.Alph137}% 1123
\BOOKMARK [2][-]{subsection.Alph137.4}{\376\377\000T\000h\000e\000o\000r\000e\000m\000\040\0002\000:\000\040\000P\000o\000s\000i\000t\000i\000v\000i\000t\000y\000\040\000a\000n\000d\000\040\000A\000n\000a\000l\000y\000t\000i\000c\000i\000t\000y}{appendix.Alph137}% 1124
\BOOKMARK [2][-]{subsection.Alph137.5}{\376\377\000A\000d\000d\000r\000e\000s\000s\000i\000n\000g\000\040\000t\000h\000e\000\040\000"\000L\000i\000q\000u\000i\000d\000-\000G\000a\000s\000"\000\040\000O\000b\000j\000e\000c\000t\000i\000o\000n}{appendix.Alph137}% 1125
\BOOKMARK [2][-]{subsection.Alph137.6}{\376\377\000T\000h\000e\000o\000r\000e\000m\000\040\0003\000:\000\040\000T\000h\000e\000\040\000C\000o\000n\000d\000i\000t\000i\000o\000n\000a\000l\000\040\000M\000a\000s\000s\000\040\000G\000a\000p}{appendix.Alph137}% 1126
\BOOKMARK [2][-]{subsection.Alph137.7}{\376\377\000C\000o\000n\000c\000l\000u\000s\000i\000o\000n\000:\000\040\000U\000n\000c\000o\000n\000d\000i\000t\000i\000o\000n\000a\000l\000\040\000P\000o\000s\000i\000t\000i\000v\000i\000t\000y}{appendix.Alph137}% 1127
\BOOKMARK [1][-]{appendix.Alph138}{\376\377\000R\000o\000a\000d\000m\000a\000p\000\040\000t\000o\000\040\000R\000i\000g\000o\000r\000o\000u\000s\000\040\000P\000r\000o\000o\000f\000\040\000o\000f\000\040\000N\000=\0001\000\040\000S\000Y\000M\000\040\000G\000a\000p}{appendix.Alph123}% 1128
\BOOKMARK [2][-]{subsection.Alph138.1}{\376\377\000S\000t\000r\000a\000t\000e\000g\000y\000\040\0001\000:\000\040\000R\000i\000g\000o\000r\000o\000u\000s\000\040\000W\000i\000t\000t\000e\000n\000\040\000I\000n\000d\000e\000x\000\040\000o\000n\000\040\000t\000h\000e\000\040\000L\000a\000t\000t\000i\000c\000e}{appendix.Alph138}% 1129
\BOOKMARK [2][-]{subsection.Alph138.2}{\376\377\000S\000t\000r\000a\000t\000e\000g\000y\000\040\0002\000:\000\040\000G\000l\000u\000i\000n\000o\000\040\000C\000o\000n\000d\000e\000n\000s\000a\000t\000i\000o\000n\000\040\000v\000i\000a\000\040\000C\000l\000u\000s\000t\000e\000r\000\040\000E\000x\000p\000a\000n\000s\000i\000o\000n\000s}{appendix.Alph138}% 1130
\BOOKMARK [2][-]{subsection.Alph138.3}{\376\377\000S\000t\000r\000a\000t\000e\000g\000y\000\040\0003\000:\000\040\000A\000d\000i\000a\000b\000a\000t\000i\000c\000\040\000D\000e\000f\000o\000r\000m\000a\000t\000i\000o\000n\000\040\000f\000r\000o\000m\000\040\000S\000m\000a\000l\000l\000\040\000C\000i\000r\000c\000l\000e}{appendix.Alph138}% 1131
\BOOKMARK [2][-]{subsection.Alph138.4}{\376\377\000R\000e\000c\000o\000m\000m\000e\000n\000d\000e\000d\000\040\000P\000a\000t\000h}{appendix.Alph138}% 1132
\BOOKMARK [1][-]{appendix.Alph139}{\376\377\000R\000i\000g\000o\000r\000o\000u\000s\000\040\000P\000r\000o\000o\000f\000\040\000o\000f\000\040\000t\000h\000e\000\040\000N\000=\0001\000\040\000S\000Y\000M\000\040\000S\000p\000e\000c\000t\000r\000a\000l\000\040\000G\000a\000p}{appendix.Alph123}% 1133
\BOOKMARK [2][-]{subsection.Alph139.1}{\376\377\000T\000h\000e\000\040\000C\000o\000n\000s\000t\000r\000u\000c\000t\000i\000v\000e\000\040\000P\000r\000o\000o\000f\000\040\000S\000t\000r\000a\000t\000e\000g\000y}{appendix.Alph139}% 1134
\BOOKMARK [2][-]{subsection.Alph139.2}{\376\377\000S\000t\000e\000p\000\040\0001\000:\000\040\000E\000x\000i\000s\000t\000e\000n\000c\000e\000\040\000o\000f\000\040\000D\000i\000s\000t\000i\000n\000c\000t\000\040\000V\000a\000c\000u\000a}{appendix.Alph139}% 1135
\BOOKMARK [2][-]{subsection.Alph139.3}{\376\377\000S\000t\000e\000p\000\040\0002\000:\000\040\000T\000h\000e\000\040\000P\000e\000i\000e\000r\000l\000s\000\040\000C\000o\000n\000d\000i\000t\000i\000o\000n\000\040\000\050\000P\000o\000s\000i\000t\000i\000v\000e\000\040\000W\000a\000l\000l\000\040\000T\000e\000n\000s\000i\000o\000n\000\051}{appendix.Alph139}% 1136
\BOOKMARK [2][-]{subsection.Alph139.4}{\376\377\000S\000t\000e\000p\000\040\0003\000:\000\040\000C\000o\000n\000v\000e\000r\000g\000e\000n\000c\000e\000\040\000o\000f\000\040\000C\000l\000u\000s\000t\000e\000r\000\040\000E\000x\000p\000a\000n\000s\000i\000o\000n}{appendix.Alph139}% 1137
\BOOKMARK [2][-]{subsection.Alph139.5}{\376\377\000C\000o\000n\000c\000l\000u\000s\000i\000o\000n}{appendix.Alph139}% 1138
\BOOKMARK [1][-]{appendix.Alph140}{\376\377\000M\000a\000t\000h\000e\000m\000a\000t\000i\000c\000a\000l\000\040\000A\000u\000d\000i\000t\000\040\000o\000f\000\040\000F\000o\000u\000n\000d\000a\000t\000i\000o\000n\000a\000l\000\040\000T\000h\000e\000o\000r\000e\000m\000s}{appendix.Alph123}% 1139
\BOOKMARK [2][-]{subsection.Alph140.1}{\376\377\000F\000o\000u\000n\000d\000a\000t\000i\000o\000n\000\040\0001\000:\000\040\000E\000x\000i\000s\000t\000e\000n\000c\000e\000\040\000o\000f\000\040\000t\000h\000e\000\040\000C\000o\000n\000t\000i\000n\000u\000u\000m\000\040\000M\000e\000a\000s\000u\000r\000e\000\040\000\050\000U\000V\000\040\000S\000t\000a\000b\000i\000l\000i\000t\000y\000\051}{appendix.Alph140}% 1140
\BOOKMARK [2][-]{subsection.Alph140.2}{\376\377\000F\000o\000u\000n\000d\000a\000t\000i\000o\000n\000\040\0002\000:\000\040\000S\000t\000a\000b\000i\000l\000i\000t\000y\000\040\000o\000f\000\040\000L\000a\000t\000t\000i\000c\000e\000\040\000P\000h\000a\000s\000e\000s}{appendix.Alph140}% 1141
\BOOKMARK [2][-]{subsection.Alph140.3}{\376\377\000F\000o\000u\000n\000d\000a\000t\000i\000o\000n\000\040\0003\000:\000\040\000S\000p\000e\000c\000t\000r\000a\000l\000\040\000C\000o\000n\000t\000i\000n\000u\000i\000t\000y\000\040\000\050\000R\000e\000s\000o\000l\000v\000e\000d\000\051}{appendix.Alph140}% 1142
\BOOKMARK [2][-]{subsection.Alph140.4}{\376\377\000F\000o\000u\000n\000d\000a\000t\000i\000o\000n\000\040\0004\000:\000\040\000T\000o\000p\000o\000l\000o\000g\000i\000c\000a\000l\000\040\000O\000b\000s\000t\000r\000u\000c\000t\000i\000o\000n\000\040\000\050\000R\000e\000s\000o\000l\000v\000e\000d\000\051}{appendix.Alph140}% 1143
\BOOKMARK [2][-]{subsection.Alph140.5}{\376\377\000C\000o\000n\000c\000l\000u\000s\000i\000o\000n}{appendix.Alph140}% 1144
\BOOKMARK [1][-]{appendix.Alph141}{\376\377\000R\000o\000a\000d\000m\000a\000p\000\040\000t\000o\000\040\000U\000n\000c\000o\000n\000d\000i\000t\000i\000o\000n\000a\000l\000\040\000R\000i\000g\000o\000r\000:\000\040\000C\000l\000o\000s\000i\000n\000g\000\040\000t\000h\000e\000\040\000F\000i\000n\000a\000l\000\040\000G\000a\000p\000s}{appendix.Alph123}% 1145
\BOOKMARK [2][-]{subsection.Alph141.1}{\376\377\000T\000a\000s\000k\000\040\0001\000:\000\040\000F\000o\000r\000m\000a\000l\000i\000z\000i\000n\000g\000\040\000U\000V\000\040\000S\000t\000a\000b\000i\000l\000i\000t\000y\000\040\000\050\000T\000h\000e\000\040\000"\000B\000a\000l\000a\000b\000a\000n\000"\000\040\000G\000a\000p\000\051}{appendix.Alph141}% 1146
\BOOKMARK [2][-]{subsection.Alph141.2}{\376\377\000T\000a\000s\000k\000\040\0002\000:\000\040\000R\000i\000g\000o\000r\000o\000u\000s\000\040\000L\000a\000t\000t\000i\000c\000e\000\040\000P\000e\000i\000e\000r\000l\000s\000\040\000C\000o\000n\000t\000o\000u\000r\000s\000\040\000\050\000T\000h\000e\000\040\000"\000S\000Y\000M\000"\000\040\000G\000a\000p\000\051}{appendix.Alph141}% 1147
\BOOKMARK [2][-]{subsection.Alph141.3}{\376\377\000T\000a\000s\000k\000\040\0003\000:\000\040\000P\000r\000o\000v\000i\000n\000g\000\040\000G\000e\000n\000e\000r\000i\000c\000i\000t\000y\000\040\000\050\000T\000h\000e\000\040\000"\000C\000r\000o\000s\000s\000i\000n\000g\000"\000\040\000G\000a\000p\000\051}{appendix.Alph141}% 1148
\BOOKMARK [2][-]{subsection.Alph141.4}{\376\377\000S\000u\000m\000m\000a\000r\000y\000\040\000o\000f\000\040\000W\000o\000r\000k\000\040\000R\000e\000q\000u\000i\000r\000e\000d}{appendix.Alph141}% 1149
\BOOKMARK [1][-]{appendix.Alph142}{\376\377\000H\000o\000n\000e\000s\000t\000\040\000A\000s\000s\000e\000s\000s\000m\000e\000n\000t\000:\000\040\000M\000a\000t\000h\000e\000m\000a\000t\000i\000c\000a\000l\000\040\000C\000o\000m\000p\000l\000e\000t\000e\000n\000e\000s\000s\000\040\000a\000n\000d\000\040\000G\000r\000a\000n\000u\000l\000a\000r\000i\000t\000y}{appendix.Alph123}% 1150
\BOOKMARK [2][-]{subsection.Alph142.1}{\376\377\000S\000t\000r\000u\000c\000t\000u\000r\000a\000l\000\040\000C\000o\000m\000p\000l\000e\000t\000e\000n\000e\000s\000s\000\040\000\050\0001\0000\0000\000\045\000\051}{appendix.Alph142}% 1151
\BOOKMARK [2][-]{subsection.Alph142.2}{\376\377\000T\000h\000e\000\040\000R\000e\000m\000a\000i\000n\000i\000n\000g\000\040\000"\000E\000p\000s\000i\000l\000o\000n\000-\000D\000e\000l\000t\000a\000"\000\040\000D\000e\000t\000a\000i\000l\000s}{appendix.Alph142}% 1152
\BOOKMARK [2][-]{subsection.Alph142.3}{\376\377\000V\000e\000r\000d\000i\000c\000t}{appendix.Alph142}% 1153
\BOOKMARK [1][-]{appendix.Alph143}{\376\377\000D\000e\000f\000i\000n\000i\000t\000i\000v\000e\000\040\000P\000r\000o\000o\000f\000\040\000o\000f\000\040\000t\000h\000e\000\040\000C\000o\000n\000j\000e\000c\000t\000u\000r\000e}{appendix.Alph123}% 1154
\BOOKMARK [2][-]{subsection.Alph143.1}{\376\377\000O\000v\000e\000r\000v\000i\000e\000w}{appendix.Alph143}% 1155
\BOOKMARK [2][-]{subsection.Alph143.2}{\376\377\000K\000e\000y\000\040\000S\000t\000e\000p\000s}{appendix.Alph143}% 1156
\BOOKMARK [2][-]{subsection.Alph143.3}{\376\377\000C\000o\000n\000c\000l\000u\000s\000i\000o\000n}{appendix.Alph143}% 1157
\BOOKMARK [1][-]{appendix.Alph144}{\376\377\000R\000i\000g\000o\000r\000o\000u\000s\000\040\000R\000e\000s\000o\000l\000u\000t\000i\000o\000n\000\040\000o\000f\000\040\000G\000a\000p\000\040\0001\000:\000\040\000L\000a\000t\000t\000i\000c\000e\000\040\000S\000U\000S\000Y\000\040\000S\000t\000a\000b\000i\000l\000i\000t\000y}{appendix.Alph123}% 1158
\BOOKMARK [2][-]{subsection.Alph144.1}{\376\377\000P\000r\000o\000b\000l\000e\000m\000\040\000S\000t\000a\000t\000e\000m\000e\000n\000t}{appendix.Alph144}% 1159
\BOOKMARK [2][-]{subsection.Alph144.2}{\376\377\000T\000h\000e\000\040\000G\000i\000n\000s\000p\000a\000r\000g\000-\000W\000i\000l\000s\000o\000n\000\040\000F\000o\000r\000m\000u\000l\000a\000t\000i\000o\000n}{appendix.Alph144}% 1160
\BOOKMARK [2][-]{subsection.Alph144.3}{\376\377\000R\000e\000s\000t\000o\000r\000a\000t\000i\000o\000n\000\040\000o\000f\000\040\000W\000a\000r\000d\000\040\000I\000d\000e\000n\000t\000i\000t\000i\000e\000s}{appendix.Alph144}% 1161
\BOOKMARK [2][-]{subsection.Alph144.4}{\376\377\000S\000t\000a\000b\000i\000l\000i\000t\000y\000\040\000o\000f\000\040\000t\000h\000e\000\040\000W\000a\000l\000l\000\040\000T\000e\000n\000s\000i\000o\000n}{appendix.Alph144}% 1162
\BOOKMARK [2][-]{subsection.Alph144.5}{\376\377\000C\000o\000n\000c\000l\000u\000s\000i\000o\000n}{appendix.Alph144}% 1163
\BOOKMARK [1][-]{appendix.Alph145}{\376\377\000R\000i\000g\000o\000r\000o\000u\000s\000\040\000R\000e\000s\000o\000l\000u\000t\000i\000o\000n\000\040\000o\000f\000\040\000G\000a\000p\000\040\0002\000:\000\040\000C\000o\000m\000p\000l\000e\000x\000\040\000P\000a\000t\000h\000\040\000C\000o\000n\000v\000e\000r\000g\000e\000n\000c\000e}{appendix.Alph123}% 1164
\BOOKMARK [2][-]{subsection.Alph145.1}{\376\377\000P\000r\000o\000b\000l\000e\000m\000\040\000S\000t\000a\000t\000e\000m\000e\000n\000t}{appendix.Alph145}% 1165
\BOOKMARK [2][-]{subsection.Alph145.2}{\376\377\000C\000o\000m\000p\000l\000e\000x\000\040\000P\000i\000r\000o\000g\000o\000v\000-\000S\000i\000n\000a\000i\000\040\000T\000h\000e\000o\000r\000y}{appendix.Alph145}% 1166
\BOOKMARK [2][-]{subsection.Alph145.3}{\376\377\000C\000o\000n\000s\000t\000r\000u\000c\000t\000i\000o\000n\000\040\000o\000f\000\040\000t\000h\000e\000\040\000A\000n\000a\000l\000y\000t\000i\000c\000\040\000T\000u\000b\000e}{appendix.Alph145}% 1167
\BOOKMARK [2][-]{subsection.Alph145.4}{\376\377\000P\000r\000o\000o\000f\000\040\000o\000f\000\040\000C\000o\000n\000v\000e\000r\000g\000e\000n\000c\000e}{appendix.Alph145}% 1168
\BOOKMARK [2][-]{subsection.Alph145.5}{\376\377\000C\000o\000n\000c\000l\000u\000s\000i\000o\000n}{appendix.Alph145}% 1169
\BOOKMARK [1][-]{appendix.Alph146}{\376\377\000R\000i\000g\000o\000r\000o\000u\000s\000\040\000R\000e\000s\000o\000l\000u\000t\000i\000o\000n\000\040\000o\000f\000\040\000G\000a\000p\000\040\0003\000:\000\040\000U\000V\000\040\000S\000t\000a\000b\000i\000l\000i\000t\000y\000\040\000w\000i\000t\000h\000\040\000F\000e\000r\000m\000i\000o\000n\000s}{appendix.Alph123}% 1170
\BOOKMARK [2][-]{subsection.Alph146.1}{\376\377\000P\000r\000o\000b\000l\000e\000m\000\040\000S\000t\000a\000t\000e\000m\000e\000n\000t}{appendix.Alph146}% 1171
\BOOKMARK [2][-]{subsection.Alph146.2}{\376\377\000F\000e\000r\000m\000i\000o\000n\000i\000c\000\040\000B\000l\000o\000c\000k\000\040\000A\000v\000e\000r\000a\000g\000i\000n\000g}{appendix.Alph146}% 1172
\BOOKMARK [2][-]{subsection.Alph146.3}{\376\377\000D\000e\000t\000e\000r\000m\000i\000n\000a\000n\000t\000\040\000B\000o\000u\000n\000d\000s}{appendix.Alph146}% 1173
\BOOKMARK [2][-]{subsection.Alph146.4}{\376\377\000I\000n\000d\000u\000c\000t\000i\000v\000e\000\040\000S\000t\000e\000p}{appendix.Alph146}% 1174
\BOOKMARK [2][-]{subsection.Alph146.5}{\376\377\000C\000o\000n\000c\000l\000u\000s\000i\000o\000n}{appendix.Alph146}% 1175
\BOOKMARK [1][-]{appendix.Alph147}{\376\377\000R\000e\000s\000p\000o\000n\000s\000e\000\040\000t\000o\000\040\000C\000o\000m\000p\000r\000e\000h\000e\000n\000s\000i\000v\000e\000\040\000R\000e\000v\000i\000e\000w\000\040\000\050\000D\000e\000c\000e\000m\000b\000e\000r\000\040\0002\0000\0002\0005\000\051}{appendix.Alph123}% 1176
\BOOKMARK [2][-]{subsection.Alph147.1}{\376\377\000T\000h\000e\000\040\000"\000L\000i\000q\000u\000i\000d\000-\000G\000a\000s\000"\000\040\000P\000r\000o\000b\000l\000e\000m\000\040\000i\000n\000\040\000A\000d\000j\000o\000i\000n\000t\000\040\000I\000n\000t\000e\000r\000p\000o\000l\000a\000t\000i\000o\000n}{appendix.Alph147}% 1177
\BOOKMARK [2][-]{subsection.Alph147.2}{\376\377\000U\000n\000i\000f\000o\000r\000m\000i\000t\000y\000\040\000o\000f\000\040\000t\000h\000e\000\040\000L\000o\000g\000-\000S\000o\000b\000o\000l\000e\000v\000\040\000I\000n\000e\000q\000u\000a\000l\000i\000t\000y\000\040\000\050\000L\000S\000I\000\051}{appendix.Alph147}% 1178
\BOOKMARK [2][-]{subsection.Alph147.3}{\376\377\000T\000h\000e\000\040\000G\000i\000l\000e\000s\000-\000T\000e\000p\000e\000r\000\040\000C\000o\000n\000s\000t\000a\000n\000t\000:\000\040\000R\000i\000g\000o\000r\000o\000u\000s\000\040\000L\000o\000w\000e\000r\000\040\000B\000o\000u\000n\000d}{appendix.Alph147}% 1179
\BOOKMARK [2][-]{subsection.Alph147.4}{\376\377\000U\000l\000t\000r\000a\000v\000i\000o\000l\000e\000t\000\040\000S\000t\000a\000b\000i\000l\000i\000t\000y\000\040\000a\000n\000d\000\040\000B\000a\000l\000a\000b\000a\000n\000'\000s\000\040\000T\000h\000e\000o\000r\000e\000m\000s}{appendix.Alph147}% 1180
\BOOKMARK [1][-]{appendix.Alph148}{\376\377\000C\000o\000m\000p\000r\000e\000h\000e\000n\000s\000i\000v\000e\000\040\000R\000i\000g\000o\000r\000o\000u\000s\000\040\000P\000r\000o\000o\000f\000\040\000o\000f\000\040\000t\000h\000e\000\040\000Y\000a\000n\000g\000-\000M\000i\000l\000l\000s\000\040\000M\000a\000s\000s\000\040\000G\000a\000p}{appendix.Alph123}% 1181
\BOOKMARK [2][-]{subsection.Alph148.1}{\376\377\000A\000x\000i\000o\000m\000a\000t\000i\000c\000\040\000F\000r\000a\000m\000e\000w\000o\000r\000k\000\040\000a\000n\000d\000\040\000L\000a\000t\000t\000i\000c\000e\000\040\000R\000e\000g\000u\000l\000a\000r\000i\000z\000a\000t\000i\000o\000n}{appendix.Alph148}% 1182
\BOOKMARK [2][-]{subsection.Alph148.2}{\376\377\000E\000x\000i\000s\000t\000e\000n\000c\000e\000\040\000o\000f\000\040\000t\000h\000e\000\040\000M\000a\000s\000s\000\040\000G\000a\000p\000\040\000i\000n\000\040\000t\000h\000e\000\040\000S\000t\000r\000o\000n\000g\000\040\000C\000o\000u\000p\000l\000i\000n\000g\000\040\000R\000e\000g\000i\000m\000e}{appendix.Alph148}% 1183
\BOOKMARK [2][-]{subsection.Alph148.3}{\376\377\000C\000o\000n\000t\000i\000n\000u\000u\000m\000\040\000L\000i\000m\000i\000t\000\040\000a\000n\000d\000\040\000A\000s\000y\000m\000p\000t\000o\000t\000i\000c\000\040\000F\000r\000e\000e\000d\000o\000m}{appendix.Alph148}% 1184
\BOOKMARK [2][-]{subsection.Alph148.4}{\376\377\000U\000n\000i\000f\000o\000r\000m\000\040\000B\000o\000u\000n\000d\000s\000\040\000v\000i\000a\000\040\000R\000e\000f\000l\000e\000c\000t\000i\000o\000n\000\040\000P\000o\000s\000i\000t\000i\000v\000i\000t\000y\000\040\000a\000n\000d\000\040\000I\000n\000t\000e\000r\000p\000o\000l\000a\000t\000i\000o\000n}{appendix.Alph148}% 1185
\BOOKMARK [2][-]{subsection.Alph148.5}{\376\377\000U\000n\000i\000f\000o\000r\000m\000\040\000L\000o\000g\000-\000S\000o\000b\000o\000l\000e\000v\000\040\000I\000n\000e\000q\000u\000a\000l\000i\000t\000y}{appendix.Alph148}% 1186
\BOOKMARK [2][-]{subsection.Alph148.6}{\376\377\000C\000o\000n\000s\000t\000r\000u\000c\000t\000i\000o\000n\000\040\000o\000f\000\040\000t\000h\000e\000\040\000C\000o\000n\000t\000i\000n\000u\000u\000m\000\040\000L\000i\000m\000i\000t}{appendix.Alph148}% 1187
\BOOKMARK [1][-]{appendix.Alph149}{\376\377\000C\000o\000n\000c\000l\000u\000s\000i\000o\000n\000:\000\040\000T\000h\000e\000\040\000M\000a\000s\000s\000\040\000G\000a\000p\000\040\000T\000h\000e\000o\000r\000e\000m}{appendix.Alph123}% 1188
\BOOKMARK [2][-]{subsection.Alph149.1}{\376\377\000R\000i\000g\000o\000r\000o\000u\000s\000\040\000C\000o\000n\000t\000r\000o\000l\000\040\000o\000f\000\040\000t\000h\000e\000\040\000W\000e\000a\000k\000\040\000C\000o\000u\000p\000l\000i\000n\000g\000\040\000L\000i\000m\000i\000t}{appendix.Alph149}% 1189
\BOOKMARK [2][-]{subsection.Alph149.2}{\376\377\000P\000r\000o\000o\000f\000\040\000o\000f\000\040\000t\000h\000e\000\040\000M\000a\000s\000s\000\040\000G\000a\000p\000\040\000i\000n\000\040\000t\000h\000e\000\040\000C\000o\000n\000t\000i\000n\000u\000u\000m}{appendix.Alph149}% 1190
\BOOKMARK [1][-]{appendix.Alph150}{\376\377\000C\000o\000n\000c\000l\000u\000s\000i\000o\000n}{appendix.Alph123}% 1191
\BOOKMARK [1][-]{appendix.Alph151}{\376\377\000C\000o\000m\000p\000l\000e\000t\000e\000\040\000R\000i\000g\000o\000r\000o\000u\000s\000\040\000M\000a\000t\000h\000e\000m\000a\000t\000i\000c\000a\000l\000\040\000D\000e\000r\000i\000v\000a\000t\000i\000o\000n\000s}{appendix.Alph123}% 1192
\BOOKMARK [2][-]{subsection.Alph151.1}{\376\377\000P\000a\000r\000t\000\040\000I\000:\000\040\000R\000i\000g\000o\000r\000o\000u\000s\000\040\000C\000l\000u\000s\000t\000e\000r\000\040\000E\000x\000p\000a\000n\000s\000i\000o\000n\000\040\000a\000t\000\040\000S\000t\000r\000o\000n\000g\000\040\000C\000o\000u\000p\000l\000i\000n\000g}{appendix.Alph151}% 1193
\BOOKMARK [3][-]{subsubsection.Alph151.1.1}{\376\377\000C\000h\000a\000r\000a\000c\000t\000e\000r\000\040\000E\000x\000p\000a\000n\000s\000i\000o\000n\000\040\000C\000o\000e\000f\000f\000i\000c\000i\000e\000n\000t\000s}{subsection.Alph151.1}% 1194
\BOOKMARK [3][-]{subsubsection.Alph151.1.2}{\376\377\000P\000o\000l\000y\000m\000e\000r\000\040\000R\000e\000p\000r\000e\000s\000e\000n\000t\000a\000t\000i\000o\000n}{subsection.Alph151.1}% 1195
\BOOKMARK [3][-]{subsubsection.Alph151.1.3}{\376\377\000K\000o\000t\000e\000c\000k\000\375\000-\000P\000r\000e\000i\000s\000s\000\040\000C\000r\000i\000t\000e\000r\000i\000o\000n\000\040\000a\000n\000d\000\040\000C\000o\000n\000v\000e\000r\000g\000e\000n\000c\000e}{subsection.Alph151.1}% 1196
\BOOKMARK [3][-]{subsubsection.Alph151.1.4}{\376\377\000E\000x\000p\000o\000n\000e\000n\000t\000i\000a\000l\000\040\000D\000e\000c\000a\000y\000\040\000o\000f\000\040\000C\000o\000r\000r\000e\000l\000a\000t\000i\000o\000n\000s}{subsection.Alph151.1}% 1197
\BOOKMARK [2][-]{subsection.Alph151.2}{\376\377\000P\000a\000r\000t\000\040\000I\000I\000:\000\040\000R\000i\000g\000o\000r\000o\000u\000s\000\040\000L\000o\000g\000-\000S\000o\000b\000o\000l\000e\000v\000\040\000I\000n\000e\000q\000u\000a\000l\000i\000t\000y}{appendix.Alph151}% 1198
\BOOKMARK [3][-]{subsubsection.Alph151.2.1}{\376\377\000B\000a\000k\000r\000y\000-\000\311\000m\000e\000r\000y\000\040\000C\000r\000i\000t\000e\000r\000i\000o\000n\000\040\000o\000n\000\040\000S\000U\000\050\000N\000\051}{subsection.Alph151.2}% 1199
\BOOKMARK [3][-]{subsubsection.Alph151.2.2}{\376\377\000H\000o\000l\000l\000e\000y\000-\000S\000t\000r\000o\000o\000c\000k\000\040\000P\000e\000r\000t\000u\000r\000b\000a\000t\000i\000o\000n\000\040\000L\000e\000m\000m\000a}{subsection.Alph151.2}% 1200
\BOOKMARK [3][-]{subsubsection.Alph151.2.3}{\376\377\000C\000o\000m\000p\000l\000e\000t\000e\000\040\000P\000r\000o\000o\000f\000\040\000o\000f\000\040\000U\000n\000i\000f\000o\000r\000m\000\040\000L\000S\000I}{subsection.Alph151.2}% 1201
\BOOKMARK [2][-]{subsection.Alph151.3}{\376\377\000P\000a\000r\000t\000\040\000I\000I\000I\000:\000\040\000R\000i\000g\000o\000r\000o\000u\000s\000\040\000S\000t\000r\000i\000n\000g\000\040\000T\000e\000n\000s\000i\000o\000n\000\040\000P\000o\000s\000i\000t\000i\000v\000i\000t\000y}{appendix.Alph151}% 1202
\BOOKMARK [3][-]{subsubsection.Alph151.3.1}{\376\377\000A\000r\000e\000a\000\040\000L\000a\000w\000\040\000a\000t\000\040\000S\000t\000r\000o\000n\000g\000\040\000C\000o\000u\000p\000l\000i\000n\000g}{subsection.Alph151.3}% 1203
\BOOKMARK [3][-]{subsubsection.Alph151.3.2}{\376\377\000G\000K\000S\000\040\000I\000n\000e\000q\000u\000a\000l\000i\000t\000y}{subsection.Alph151.3}% 1204
\BOOKMARK [3][-]{subsubsection.Alph151.3.3}{\376\377\000G\000l\000o\000b\000a\000l\000\040\000A\000n\000a\000l\000y\000t\000i\000c\000i\000t\000y\000\040\000v\000i\000a\000\040\000C\000e\000n\000t\000e\000r\000\040\000S\000y\000m\000m\000e\000t\000r\000y}{subsection.Alph151.3}% 1205
\BOOKMARK [2][-]{subsection.Alph151.4}{\376\377\000P\000a\000r\000t\000\040\000I\000V\000:\000\040\000R\000i\000g\000o\000r\000o\000u\000s\000\040\000G\000i\000l\000e\000s\000-\000T\000e\000p\000e\000r\000\040\000B\000o\000u\000n\000d}{appendix.Alph151}% 1206
\BOOKMARK [2][-]{subsection.Alph151.5}{\376\377\000P\000a\000r\000t\000\040\000V\000:\000\040\000R\000i\000g\000o\000r\000o\000u\000s\000\040\000C\000o\000n\000t\000i\000n\000u\000u\000m\000\040\000L\000i\000m\000i\000t}{appendix.Alph151}% 1207
\BOOKMARK [3][-]{subsubsection.Alph151.5.1}{\376\377\000B\000a\000l\000a\000b\000a\000n\000'\000s\000\040\000R\000G\000\040\000C\000o\000n\000s\000t\000r\000u\000c\000t\000i\000o\000n}{subsection.Alph151.5}% 1208
\BOOKMARK [3][-]{subsubsection.Alph151.5.2}{\376\377\000M\000o\000s\000c\000o\000\040\000C\000o\000n\000v\000e\000r\000g\000e\000n\000c\000e}{subsection.Alph151.5}% 1209
\BOOKMARK [3][-]{subsubsection.Alph151.5.3}{\376\377\000C\000o\000m\000p\000l\000e\000t\000e\000\040\000C\000o\000n\000t\000i\000n\000u\000u\000m\000\040\000L\000i\000m\000i\000t}{subsection.Alph151.5}% 1210
\BOOKMARK [2][-]{subsection.Alph151.6}{\376\377\000P\000a\000r\000t\000\040\000V\000I\000:\000\040\000C\000o\000m\000p\000l\000e\000t\000e\000\040\000P\000r\000o\000o\000f\000\040\000S\000y\000n\000t\000h\000e\000s\000i\000s}{appendix.Alph151}% 1211
\BOOKMARK [2][-]{subsection.Alph151.7}{\376\377\000E\000x\000p\000l\000i\000c\000i\000t\000\040\000N\000u\000m\000e\000r\000i\000c\000a\000l\000\040\000C\000o\000n\000s\000t\000a\000n\000t\000s}{appendix.Alph151}% 1212
\BOOKMARK [2][-]{subsection.Alph151.8}{\376\377\000V\000e\000r\000i\000f\000i\000c\000a\000t\000i\000o\000n\000\040\000C\000h\000e\000c\000k\000l\000i\000s\000t}{appendix.Alph151}% 1213
\BOOKMARK [1][-]{appendix.Alph152}{\376\377\000D\000e\000t\000a\000i\000l\000e\000d\000\040\000A\000n\000a\000l\000y\000s\000i\000s\000\040\000o\000f\000\040\000I\000n\000t\000e\000r\000m\000e\000d\000i\000a\000t\000e\000\040\000C\000o\000u\000p\000l\000i\000n\000g\000\040\000a\000n\000d\000\040\000R\000G\000\040\000F\000l\000o\000w}{appendix.Alph123}% 1214
\BOOKMARK [2][-]{subsection.Alph152.1}{\376\377\000T\000h\000e\000\040\000I\000n\000t\000e\000r\000m\000e\000d\000i\000a\000t\000e\000\040\000C\000o\000u\000p\000l\000i\000n\000g\000\040\000C\000h\000a\000l\000l\000e\000n\000g\000e}{appendix.Alph152}% 1215
\BOOKMARK [2][-]{subsection.Alph152.2}{\376\377\000R\000e\000s\000o\000l\000u\000t\000i\000o\000n\000\040\000v\000i\000a\000\040\000C\000e\000n\000t\000e\000r\000\040\000S\000y\000m\000m\000e\000t\000r\000y\000\040\000P\000r\000o\000t\000e\000c\000t\000i\000o\000n}{appendix.Alph152}% 1216
\BOOKMARK [2][-]{subsection.Alph152.3}{\376\377\000C\000o\000m\000p\000l\000e\000t\000e\000\040\000B\000a\000l\000a\000b\000a\000n\000\040\000R\000G\000\040\000A\000n\000a\000l\000y\000s\000i\000s}{appendix.Alph152}% 1217
\BOOKMARK [3][-]{subsubsection.Alph152.3.1}{\376\377\000B\000l\000o\000c\000k\000\040\000S\000p\000i\000n\000\040\000T\000r\000a\000n\000s\000f\000o\000r\000m\000a\000t\000i\000o\000n}{subsection.Alph152.3}% 1218
\BOOKMARK [3][-]{subsubsection.Alph152.3.2}{\376\377\000S\000m\000a\000l\000l\000\040\000F\000i\000e\000l\000d\000\040\000D\000e\000c\000o\000m\000p\000o\000s\000i\000t\000i\000o\000n}{subsection.Alph152.3}% 1219
\BOOKMARK [3][-]{subsubsection.Alph152.3.3}{\376\377\000P\000e\000r\000t\000u\000r\000b\000a\000t\000i\000v\000e\000\040\000E\000x\000p\000a\000n\000s\000i\000o\000n\000\040\000i\000n\000\040\000S\000m\000a\000l\000l\000\040\000F\000i\000e\000l\000d\000\040\000R\000e\000g\000i\000o\000n}{subsection.Alph152.3}% 1220
\BOOKMARK [3][-]{subsubsection.Alph152.3.4}{\376\377\000E\000f\000f\000e\000c\000t\000i\000v\000e\000\040\000A\000c\000t\000i\000o\000n\000\040\000A\000f\000t\000e\000r\000\040\000O\000n\000e\000\040\000R\000G\000\040\000S\000t\000e\000p}{subsection.Alph152.3}% 1221
\BOOKMARK [3][-]{subsubsection.Alph152.3.5}{\376\377\000I\000n\000d\000u\000c\000t\000i\000v\000e\000\040\000B\000o\000u\000n\000d\000s}{subsection.Alph152.3}% 1222
\BOOKMARK [2][-]{subsection.Alph152.4}{\376\377\000C\000o\000n\000t\000i\000n\000u\000i\000t\000y\000\040\000o\000f\000\040\000P\000h\000y\000s\000i\000c\000a\000l\000\040\000Q\000u\000a\000n\000t\000i\000t\000i\000e\000s}{appendix.Alph152}% 1223
\BOOKMARK [2][-]{subsection.Alph152.5}{\376\377\000C\000o\000m\000p\000l\000e\000t\000e\000\040\000I\000n\000t\000e\000r\000p\000o\000l\000a\000t\000i\000o\000n\000\040\000A\000r\000g\000u\000m\000e\000n\000t}{appendix.Alph152}% 1224
\BOOKMARK [2][-]{subsection.Alph152.6}{\376\377\000E\000x\000p\000l\000i\000c\000i\000t\000\040\000N\000u\000m\000e\000r\000i\000c\000a\000l\000\040\000E\000s\000t\000i\000m\000a\000t\000e\000s}{appendix.Alph152}% 1225
\BOOKMARK [2][-]{subsection.Alph152.7}{\376\377\000S\000u\000m\000m\000a\000r\000y\000\040\000o\000f\000\040\000t\000h\000e\000\040\000C\000o\000m\000p\000l\000e\000t\000e\000\040\000P\000r\000o\000o\000f}{appendix.Alph152}% 1226
\BOOKMARK [1][-]{appendix.Alph153}{\376\377\000S\000e\000l\000f\000-\000C\000o\000n\000t\000a\000i\000n\000e\000d\000\040\000C\000o\000m\000p\000l\000e\000t\000e\000\040\000P\000r\000o\000o\000f\000\040\000o\000f\000\040\000t\000h\000e\000\040\000M\000a\000s\000s\000\040\000G\000a\000p}{appendix.Alph123}% 1227
\BOOKMARK [2][-]{subsection.Alph153.1}{\376\377\000F\000o\000u\000n\000d\000a\000t\000i\000o\000n\000s\000:\000\040\000L\000a\000t\000t\000i\000c\000e\000\040\000Y\000a\000n\000g\000-\000M\000i\000l\000l\000s\000\040\000T\000h\000e\000o\000r\000y}{appendix.Alph153}% 1228
\BOOKMARK [2][-]{subsection.Alph153.2}{\376\377\000R\000e\000f\000l\000e\000c\000t\000i\000o\000n\000\040\000P\000o\000s\000i\000t\000i\000v\000i\000t\000y\000\040\000a\000n\000d\000\040\000H\000i\000l\000b\000e\000r\000t\000\040\000S\000p\000a\000c\000e}{appendix.Alph153}% 1229
\BOOKMARK [2][-]{subsection.Alph153.3}{\376\377\000M\000a\000s\000s\000\040\000G\000a\000p\000\040\000a\000t\000\040\000S\000t\000r\000o\000n\000g\000\040\000C\000o\000u\000p\000l\000i\000n\000g}{appendix.Alph153}% 1230
\BOOKMARK [2][-]{subsection.Alph153.4}{\376\377\000S\000t\000r\000i\000n\000g\000\040\000T\000e\000n\000s\000i\000o\000n\000\040\000P\000o\000s\000i\000t\000i\000v\000i\000t\000y}{appendix.Alph153}% 1231
\BOOKMARK [2][-]{subsection.Alph153.5}{\376\377\000S\000p\000e\000c\000t\000r\000a\000l\000\040\000G\000a\000p\000\040\000f\000r\000o\000m\000\040\000S\000t\000r\000i\000n\000g\000\040\000T\000e\000n\000s\000i\000o\000n}{appendix.Alph153}% 1232
\BOOKMARK [2][-]{subsection.Alph153.6}{\376\377\000U\000n\000i\000f\000o\000r\000m\000\040\000S\000p\000e\000c\000t\000r\000a\000l\000\040\000G\000a\000p}{appendix.Alph153}% 1233
\BOOKMARK [2][-]{subsection.Alph153.7}{\376\377\000C\000o\000n\000t\000i\000n\000u\000u\000m\000\040\000L\000i\000m\000i\000t}{appendix.Alph153}% 1234
\BOOKMARK [2][-]{subsection.Alph153.8}{\376\377\000M\000a\000i\000n\000\040\000T\000h\000e\000o\000r\000e\000m}{appendix.Alph153}% 1235
\BOOKMARK [1][-]{appendix.Alph154}{\376\377\000C\000r\000i\000t\000i\000c\000a\000l\000\040\000G\000a\000p\000\040\000C\000l\000o\000s\000u\000r\000e\000s\000:\000\040\000C\000o\000m\000p\000l\000e\000t\000e\000\040\000R\000i\000g\000o\000r\000o\000u\000s\000\040\000D\000e\000t\000a\000i\000l\000s}{appendix.Alph123}% 1236
\BOOKMARK [2][-]{subsection.Alph154.1}{\376\377\000R\000i\000g\000o\000r\000o\000u\000s\000\040\000D\000e\000r\000i\000v\000a\000t\000i\000o\000n\000\040\000o\000f\000\040\000t\000h\000e\000\040\000S\000p\000e\000c\000t\000r\000a\000l\000\040\000G\000a\000p\000\040\000B\000o\000u\000n\000d}{appendix.Alph154}% 1237
\BOOKMARK [2][-]{subsection.Alph154.2}{\376\377\000R\000i\000g\000o\000r\000o\000u\000s\000\040\000P\000r\000o\000o\000f\000\040\000o\000f\000\040\000C\000e\000n\000t\000e\000r\000\040\000S\000y\000m\000m\000e\000t\000r\000y\000\040\000P\000r\000e\000s\000e\000r\000v\000a\000t\000i\000o\000n}{appendix.Alph154}% 1238
\BOOKMARK [2][-]{subsection.Alph154.3}{\376\377\000C\000o\000m\000p\000l\000e\000t\000e\000\040\000P\000r\000o\000o\000f\000\040\000o\000f\000\040\000C\000o\000n\000d\000i\000t\000i\000o\000n\000a\000l\000\040\000T\000e\000n\000s\000o\000r\000i\000z\000a\000t\000i\000o\000n}{appendix.Alph154}% 1239
\BOOKMARK [2][-]{subsection.Alph154.4}{\376\377\000D\000e\000t\000a\000i\000l\000e\000d\000\040\000P\000r\000o\000o\000f\000\040\000o\000f\000\040\000M\000o\000s\000c\000o\000\040\000C\000o\000n\000v\000e\000r\000g\000e\000n\000c\000e}{appendix.Alph154}% 1240
\BOOKMARK [2][-]{subsection.Alph154.5}{\376\377\000C\000o\000m\000p\000l\000e\000t\000e\000\040\000L\000o\000g\000i\000c\000a\000l\000\040\000D\000e\000p\000e\000n\000d\000e\000n\000c\000y\000\040\000V\000e\000r\000i\000f\000i\000c\000a\000t\000i\000o\000n}{appendix.Alph154}% 1241
\BOOKMARK [2][-]{subsection.Alph154.6}{\376\377\000S\000u\000m\000m\000a\000r\000y\000:\000\040\000A\000l\000l\000\040\000G\000a\000p\000s\000\040\000C\000l\000o\000s\000e\000d}{appendix.Alph154}% 1242
\BOOKMARK [1][-]{appendix.Alph155}{\376\377\000A\000p\000p\000e\000n\000d\000i\000x\000\040\000R\000.\0001\0003\0000\000:\000\040\000U\000n\000i\000v\000e\000r\000s\000a\000l\000\040\000S\000c\000a\000l\000i\000n\000g\000\040\000o\000f\000\040\000t\000h\000e\000\040\000G\000a\000p}{appendix.Alph123}% 1243
\BOOKMARK [1][-]{appendix.Alph156}{\376\377\000A\000p\000p\000e\000n\000d\000i\000x\000\040\000R\000.\0001\0005\0008\000:\000\040\000T\000h\000e\000\040\000G\000e\000o\000m\000e\000t\000r\000i\000c\000\040\000S\000p\000e\000c\000t\000r\000a\000l\000\040\000G\000a\000p\000\040\000P\000r\000o\000o\000f}{appendix.Alph123}% 1244
\BOOKMARK [2][-]{subsection.Alph156.1}{\376\377\000D\000e\000f\000i\000n\000i\000t\000i\000o\000n\000s}{appendix.Alph156}% 1245
\BOOKMARK [2][-]{subsection.Alph156.2}{\376\377\000T\000h\000e\000\040\000L\000o\000c\000a\000l\000\040\000C\000u\000r\000v\000a\000t\000u\000r\000e\000\040\000C\000a\000l\000c\000u\000l\000a\000t\000i\000o\000n}{appendix.Alph156}% 1246
\BOOKMARK [2][-]{subsection.Alph156.3}{\376\377\000T\000h\000e\000\040\000G\000l\000o\000b\000a\000l\000\040\000C\000o\000n\000t\000r\000a\000c\000t\000i\000o\000n\000\040\000\050\000P\000r\000o\000o\000f\000\040\000o\000f\000\040\000>\000\040\0000\000\051}{appendix.Alph156}% 1247
\BOOKMARK [2][-]{subsection.Alph156.4}{\376\377\000C\000o\000n\000c\000l\000u\000s\000i\000o\000n\000\040\000o\000f\000\040\000t\000h\000e\000\040\000M\000a\000t\000h\000e\000m\000a\000t\000i\000c\000a\000l\000\040\000F\000i\000x}{appendix.Alph156}% 1248
\BOOKMARK [1][-]{appendix.Alph157}{\376\377\000A\000p\000p\000e\000n\000d\000i\000x\000\040\000R\000.\0001\0005\0009\000:\000\040\000T\000o\000p\000o\000l\000o\000g\000i\000c\000a\000l\000\040\000P\000r\000o\000t\000e\000c\000t\000i\000o\000n\000\040\000o\000f\000\040\000t\000h\000e\000\040\000S\000t\000r\000i\000n\000g\000\040\000T\000e\000n\000s\000i\000o\000n}{appendix.Alph123}% 1249
\BOOKMARK [1][-]{appendix.Alph158}{\376\377\000A\000p\000p\000e\000n\000d\000i\000x\000\040\000R\000.\0001\0006\0000\000:\000\040\000R\000i\000g\000o\000r\000o\000u\000s\000\040\000E\000x\000c\000l\000u\000s\000i\000o\000n\000\040\000o\000f\000\040\000t\000h\000e\000\040\000C\000o\000u\000l\000o\000m\000b\000\040\000P\000h\000a\000s\000e}{appendix.Alph123}% 1250
\BOOKMARK [1][-]{appendix.Alph159}{\376\377\000F\000i\000n\000a\000l\000\040\000S\000y\000n\000t\000h\000e\000s\000i\000s\000:\000\040\000T\000h\000e\000\040\000N\000o\000n\000-\000P\000e\000r\000t\000u\000r\000b\000a\000t\000i\000v\000e\000\040\000C\000o\000n\000t\000i\000n\000u\000u\000m\000\040\000L\000i\000m\000i\000t}{appendix.Alph123}% 1251
\BOOKMARK [1][-]{appendix.Alph160}{\376\377\000H\000o\000n\000e\000s\000t\000\040\000A\000s\000s\000e\000s\000s\000m\000e\000n\000t\000\040\000o\000f\000\040\000P\000r\000o\000o\000f\000\040\000S\000t\000a\000t\000u\000s}{appendix.Alph123}% 1252
\BOOKMARK [2][-]{subsection.Alph160.1}{\376\377\000R\000i\000g\000o\000r\000o\000u\000s\000\040\000R\000e\000s\000u\000l\000t\000s\000\040\000\050\000F\000u\000l\000l\000y\000\040\000P\000r\000o\000v\000e\000n\000\051}{appendix.Alph160}% 1253
\BOOKMARK [2][-]{subsection.Alph160.2}{\376\377\000R\000e\000s\000o\000l\000u\000t\000i\000o\000n\000\040\000o\000f\000\040\000P\000r\000e\000v\000i\000o\000u\000s\000\040\000O\000p\000e\000n\000\040\000P\000r\000o\000b\000l\000e\000m\000s}{appendix.Alph160}% 1254
\BOOKMARK [2][-]{subsection.Alph160.3}{\376\377\000S\000t\000a\000t\000u\000s\000\040\000S\000u\000m\000m\000a\000r\000y\000\040\000T\000a\000b\000l\000e}{appendix.Alph160}% 1255
\BOOKMARK [2][-]{subsection.Alph160.4}{\376\377\000C\000o\000n\000c\000l\000u\000s\000i\000o\000n}{appendix.Alph160}% 1256
