\BOOKMARK [0][-]{chapter*.2}{\376\377\000T\000h\000e\000o\000r\000e\000m\000\040\000R\000e\000g\000i\000s\000t\000r\000y}{}% 1
\BOOKMARK [0][-]{chapter*.6}{\376\377\000V\000e\000r\000i\000f\000i\000c\000a\000t\000i\000o\000n\000\040\000C\000h\000e\000c\000k\000l\000i\000s\000t}{}% 2
\BOOKMARK [0][-]{chapter*.10}{\376\377\000R\000e\000a\000d\000e\000r\000'\000s\000\040\000G\000u\000i\000d\000e}{}% 3
\BOOKMARK [-1][-]{section*.11}{\376\377\000F\000o\000u\000n\000d\000a\000t\000i\000o\000n\000s\000\040\000a\000n\000d\000\040\000M\000a\000i\000n\000\040\000C\000o\000n\000d\000i\000t\000i\000o\000n\000a\000l\000\040\000A\000r\000g\000u\000m\000e\000n\000t}{}% 4
\BOOKMARK [0][-]{section.0.1}{\376\377\000I\000n\000t\000r\000o\000d\000u\000c\000t\000i\000o\000n}{section*.11}% 5
\BOOKMARK [1][-]{subsection.0.1.1}{\376\377\000S\000c\000o\000p\000e\000\040\000a\000n\000d\000\040\000s\000t\000a\000t\000u\000s\000\040\000o\000f\000\040\000r\000e\000s\000u\000l\000t\000s}{section.0.1}% 6
\BOOKMARK [2][-]{subsection.0.1.2}{\376\377\000A\000r\000c\000h\000i\000t\000e\000c\000t\000u\000r\000e\000\040\000o\000f\000\040\000t\000h\000e\000\040\000p\000r\000o\000g\000r\000a\000m}{subsection.0.1.1}% 7
\BOOKMARK [2][-]{subsection.0.1.3}{\376\377\000H\000o\000w\000\040\000o\000b\000s\000t\000a\000c\000l\000e\000s\000\040\000a\000r\000e\000\040\000h\000a\000n\000d\000l\000e\000d}{subsection.0.1.1}% 8
\BOOKMARK [1][-]{section.0.2}{\376\377\000L\000a\000t\000t\000i\000c\000e\000\040\000Y\000a\000n\000g\000-\000M\000i\000l\000l\000s\000\040\000T\000h\000e\000o\000r\000y\000:\000\040\000F\000o\000u\000n\000d\000a\000t\000i\000o\000n\000s\000\040\000a\000n\000d\000\040\000R\000i\000g\000o\000r}{section.0.1}% 9
\BOOKMARK [2][-]{subsection.0.2.1}{\376\377\000T\000h\000e\000\040\000L\000a\000t\000t\000i\000c\000e\000\040\000a\000n\000d\000\040\000C\000o\000n\000f\000i\000g\000u\000r\000a\000t\000i\000o\000n\000\040\000S\000p\000a\000c\000e}{section.0.2}% 10
\BOOKMARK [2][-]{subsection.0.2.2}{\376\377\000T\000h\000e\000\040\000W\000i\000l\000s\000o\000n\000\040\000A\000c\000t\000i\000o\000n\000\040\000a\000n\000d\000\040\000M\000e\000a\000s\000u\000r\000e}{section.0.2}% 11
\BOOKMARK [2][-]{subsection.0.2.3}{\376\377\000D\000i\000s\000c\000r\000e\000t\000e\000\040\000G\000e\000o\000m\000e\000t\000r\000y\000:\000\040\000C\000u\000r\000v\000a\000t\000u\000r\000e\000\040\000B\000o\000u\000n\000d\000s}{section.0.2}% 12
\BOOKMARK [2][-]{subsection.0.2.4}{\376\377\000T\000o\000p\000o\000l\000o\000g\000i\000c\000a\000l\000\040\000S\000e\000c\000t\000o\000r\000s\000\040\000a\000n\000d\000\040\000t\000h\000e\000\040\000L\000a\000t\000t\000i\000c\000e\000\040\000I\000n\000d\000e\000x\000\040\000T\000h\000e\000o\000r\000e\000m}{section.0.2}% 13
\BOOKMARK [2][-]{subsection.0.2.5}{\376\377\000T\000r\000a\000n\000s\000f\000e\000r\000\040\000M\000a\000t\000r\000i\000x\000\040\000a\000n\000d\000\040\000R\000e\000f\000l\000e\000c\000t\000i\000o\000n\000\040\000P\000o\000s\000i\000t\000i\000v\000i\000t\000y}{section.0.2}% 14
\BOOKMARK [1][-]{section.0.3}{\376\377\000S\000t\000r\000o\000n\000g\000\040\000C\000o\000u\000p\000l\000i\000n\000g\000\040\000a\000n\000d\000\040\000C\000l\000u\000s\000t\000e\000r\000\040\000E\000x\000p\000a\000n\000s\000i\000o\000n\000s}{section.0.1}% 15
\BOOKMARK [2][-]{subsection.0.3.1}{\376\377\000\040\000T\000h\000e\000\040\000P\000o\000l\000y\000m\000e\000r\000\040\000R\000e\000p\000r\000e\000s\000e\000n\000t\000a\000t\000i\000o\000n}{section.0.3}% 16
\BOOKMARK [2][-]{subsection.0.3.2}{\376\377\000T\000h\000e\000\040\000M\000a\000y\000e\000r\000-\000M\000o\000n\000t\000r\000o\000l\000l\000\040\000R\000a\000d\000i\000u\000s}{section.0.3}% 17
\BOOKMARK [2][-]{subsection.0.3.3}{\376\377\000T\000h\000e\000r\000m\000o\000d\000y\000n\000a\000m\000i\000c\000\040\000L\000i\000m\000i\000t\000\040\000a\000n\000d\000\040\000T\000e\000m\000p\000e\000r\000e\000d\000n\000e\000s\000s}{section.0.3}% 18
\BOOKMARK [2][-]{subsection.0.3.4}{\376\377\000C\000o\000n\000c\000l\000u\000s\000i\000o\000n\000\040\000o\000f\000\040\000S\000t\000a\000g\000e\000\040\000I}{section.0.3}% 19
\BOOKMARK [1][-]{section.0.4}{\376\377\000C\000o\000n\000d\000i\000t\000i\000o\000n\000a\000l\000\040\000M\000a\000s\000s\000\040\000G\000a\000p\000\040\000v\000i\000a\000\040\000A\000d\000j\000o\000i\000n\000t\000\040\000I\000n\000t\000e\000r\000p\000o\000l\000a\000t\000i\000o\000n}{section.0.1}% 20
\BOOKMARK [2][-]{subsection.0.4.1}{\376\377\000T\000h\000e\000\040\000I\000n\000t\000e\000r\000p\000o\000l\000a\000t\000i\000n\000g\000\040\000A\000c\000t\000i\000o\000n}{section.0.4}% 21
\BOOKMARK [2][-]{subsection.0.4.2}{\376\377\000E\000n\000d\000p\000o\000i\000n\000t\000\040\000A\000n\000a\000l\000y\000s\000i\000s}{section.0.4}% 22
\BOOKMARK [2][-]{subsection.0.4.3}{\376\377\000G\000a\000p\000\040\000T\000r\000a\000n\000s\000p\000o\000r\000t\000\040\000a\000n\000d\000\040\000P\000h\000a\000s\000e\000\040\000S\000t\000a\000b\000i\000l\000i\000t\000y}{section.0.4}% 23
\BOOKMARK [1][-]{section.0.5}{\376\377\000W\000e\000a\000k\000\040\000C\000o\000u\000p\000l\000i\000n\000g\000\040\000a\000n\000d\000\040\000A\000s\000y\000m\000p\000t\000o\000t\000i\000c\000\040\000F\000r\000e\000e\000d\000o\000m}{section.0.1}% 24
\BOOKMARK [2][-]{subsection.0.5.1}{\376\377\000U\000n\000i\000q\000u\000e\000n\000e\000s\000s\000\040\000v\000i\000a\000\040\000R\000e\000n\000o\000r\000m\000a\000l\000i\000z\000a\000t\000i\000o\000n\000\040\000G\000r\000o\000u\000p}{section.0.5}% 25
\BOOKMARK [2][-]{subsection.0.5.2}{\376\377\000R\000e\000n\000o\000r\000m\000a\000l\000i\000z\000a\000t\000i\000o\000n\000\040\000G\000r\000o\000u\000p\000\040\000A\000n\000a\000l\000y\000s\000i\000s}{section.0.5}% 26
\BOOKMARK [2][-]{subsection.0.5.3}{\376\377\000Q\000u\000a\000n\000t\000i\000t\000a\000t\000i\000v\000e\000\040\000H\000o\000m\000o\000g\000e\000n\000i\000z\000a\000t\000i\000o\000n}{section.0.5}% 27
\BOOKMARK [2][-]{subsection.0.5.4}{\376\377\000U\000n\000i\000v\000e\000r\000s\000a\000l\000i\000t\000y}{section.0.5}% 28
\BOOKMARK [1][-]{section.0.6}{\376\377\000T\000h\000e\000\040\000C\000o\000n\000t\000i\000n\000u\000u\000m\000\040\000L\000i\000m\000i\000t\000\040\000a\000n\000d\000\040\000E\000x\000i\000s\000t\000e\000n\000c\000e}{section.0.1}% 29
\BOOKMARK [2][-]{subsection.0.6.1}{\376\377\000R\000e\000c\000o\000n\000s\000t\000r\000u\000c\000t\000i\000o\000n\000\040\000o\000f\000\040\000t\000h\000e\000\040\000Q\000u\000a\000n\000t\000u\000m\000\040\000T\000h\000e\000o\000r\000y}{section.0.6}% 30
\BOOKMARK [2][-]{subsection.0.6.2}{\376\377\000C\000o\000n\000t\000i\000n\000u\000u\000m\000\040\000O\000b\000s\000e\000r\000v\000a\000b\000l\000e\000s\000\040\000v\000i\000a\000\040\000L\000o\000g\000a\000r\000i\000t\000h\000m\000i\000c\000\040\000B\000e\000s\000o\000v\000\040\000S\000p\000a\000c\000e\000s}{section.0.6}% 31
\BOOKMARK [2][-]{subsection.0.6.3}{\376\377\000T\000a\000l\000a\000g\000r\000a\000n\000d\000'\000s\000\040\000I\000n\000e\000q\000u\000a\000l\000i\000t\000y\000\040\000a\000n\000d\000\040\000C\000o\000n\000c\000e\000n\000t\000r\000a\000t\000i\000o\000n}{section.0.6}% 32
\BOOKMARK [2][-]{subsection.0.6.4}{\376\377\000T\000o\000p\000o\000l\000o\000g\000i\000c\000a\000l\000\040\000S\000e\000c\000t\000o\000r\000\040\000a\000n\000d\000\040\000A\000d\000m\000i\000s\000s\000i\000b\000i\000l\000i\000t\000y}{section.0.6}% 33
\BOOKMARK [1][-]{section.0.7}{\376\377\000C\000o\000n\000c\000l\000u\000s\000i\000o\000n\000\040\000a\000n\000d\000\040\000V\000e\000r\000i\000f\000i\000c\000a\000t\000i\000o\000n}{section.0.1}% 34
\BOOKMARK [2][-]{subsection.0.7.1}{\376\377\000S\000u\000m\000m\000a\000r\000y\000\040\000o\000f\000\040\000t\000h\000e\000\040\000A\000r\000g\000u\000m\000e\000n\000t}{section.0.7}% 35
\BOOKMARK [2][-]{subsection.0.7.2}{\376\377\000V\000e\000r\000i\000f\000i\000c\000a\000t\000i\000o\000n\000\040\000o\000f\000\040\000t\000h\000e\000\040\000A\000x\000i\000o\000m\000s}{section.0.7}% 36
\BOOKMARK [2][-]{subsection.0.7.3}{\376\377\000T\000h\000e\000\040\000M\000a\000s\000s\000\040\000G\000a\000p\000\040\000S\000t\000a\000t\000e\000m\000e\000n\000t}{section.0.7}% 37
\BOOKMARK [-1][-]{theorem.0.7.1}{\376\377\000T\000e\000c\000h\000n\000i\000c\000a\000l\000\040\000A\000p\000p\000e\000n\000d\000i\000c\000e\000s}{}% 38
\BOOKMARK [0][-]{appendix.A}{\376\377\000M\000i\000l\000l\000e\000n\000n\000i\000u\000m\000\040\000P\000r\000i\000z\000e\000\040\000C\000o\000m\000p\000l\000i\000a\000n\000c\000e\000\040\000a\000n\000d\000\040\000R\000i\000g\000o\000r\000i\000z\000a\000t\000i\000o\000n\000\040\000B\000l\000u\000e\000p\000r\000i\000n\000t}{theorem.0.7.1}% 39
\BOOKMARK [1][-]{section.A.1}{\376\377\000C\000u\000r\000r\000e\000n\000t\000\040\000S\000t\000a\000t\000u\000s\000\040\000a\000n\000d\000\040\000O\000b\000j\000e\000c\000t\000i\000v\000e}{appendix.A}% 40
\BOOKMARK [1][-]{section.A.2}{\376\377\0001\000\051\000\040\000M\000a\000t\000c\000h\000i\000n\000g\000\040\000t\000h\000e\000\040\000C\000l\000a\000y\000/\000J\000a\000f\000f\000e\040\023\000W\000i\000t\000t\000e\000n\000\040\000T\000a\000r\000g\000e\000t\000\040\000E\000x\000a\000c\000t\000l\000y}{appendix.A}% 41
\BOOKMARK [1][-]{section.A.3}{\376\377\0002\000\051\000\040\000T\000h\000e\000\040\000S\000t\000a\000n\000d\000a\000r\000d\000\040\000R\000i\000g\000o\000r\000o\000u\000s\000\040\000P\000i\000p\000e\000l\000i\000n\000e}{appendix.A}% 42
\BOOKMARK [2][-]{subsection.A.3.1}{\376\377\000S\000t\000e\000p\000\040\000A\000\040\040\024\000\040\000U\000l\000t\000r\000a\000v\000i\000o\000l\000e\000t\000\040\000C\000u\000t\000o\000f\000f\000\040\000a\000s\000\040\000a\000\040\000T\000h\000e\000o\000r\000e\000m\000-\000F\000r\000i\000e\000n\000d\000l\000y\000\040\000O\000b\000j\000e\000c\000t}{section.A.3}% 43
\BOOKMARK [2][-]{subsection.A.3.2}{\376\377\000S\000t\000e\000p\000\040\000B\000\040\040\024\000\040\000C\000o\000n\000s\000t\000r\000u\000c\000t\000\040\000t\000h\000e\000\040\000Q\000F\000T\000\040\000i\000n\000\040\000t\000h\000e\000\040\000C\000o\000n\000t\000i\000n\000u\000u\000m\000\040\000L\000i\000m\000i\000t}{section.A.3}% 44
\BOOKMARK [2][-]{subsection.A.3.3}{\376\377\000S\000t\000e\000p\000\040\000C\000\040\040\024\000\040\000P\000r\000o\000v\000e\000\040\000a\000\040\000M\000a\000s\000s\000\040\000G\000a\000p\000\040\000i\000n\000\040\000t\000h\000e\000\040\000C\000o\000n\000s\000t\000r\000u\000c\000t\000e\000d\000\040\000T\000h\000e\000o\000r\000y}{section.A.3}% 45
\BOOKMARK [1][-]{section.A.4}{\376\377\0003\000\051\000\040\000R\000e\000q\000u\000i\000r\000e\000d\000\040\000E\000x\000t\000e\000n\000s\000i\000o\000n\000s\000\040\000\050\000"\000T\000h\000e\000\040\000M\000i\000s\000s\000i\000n\000g\000\040\000L\000e\000m\000m\000a\000s\000"\000\051}{appendix.A}% 46
\BOOKMARK [2][-]{subsection.A.4.1}{\376\377\000\050\000i\000\051\000\040\000G\000e\000n\000u\000i\000n\000e\000\040\000C\000o\000n\000s\000t\000r\000u\000c\000t\000i\000o\000n\000\040\000o\000v\000e\000r\000\040\000F\000o\000r\000m\000a\000l\000\040\000P\000a\000t\000h\000\040\000I\000n\000t\000e\000g\000r\000a\000l\000s}{section.A.4}% 47
\BOOKMARK [2][-]{subsection.A.4.2}{\376\377\000\050\000i\000i\000\051\000\040\000P\000r\000o\000o\000f\000\040\000o\000f\000\040\000O\000S\000\040\000A\000x\000i\000o\000m\000s\000\040\000a\000n\000d\000\040\000R\000e\000c\000o\000n\000s\000t\000r\000u\000c\000t\000i\000o\000n}{section.A.4}% 48
\BOOKMARK [2][-]{subsection.A.4.3}{\376\377\000\050\000i\000i\000i\000\051\000\040\000E\000x\000i\000s\000t\000e\000n\000c\000e\000\040\000o\000f\000\040\000C\000o\000n\000t\000i\000n\000u\000u\000m\000\040\000L\000i\000m\000i\000t\000\040\000w\000i\000t\000h\000\040\000U\000n\000i\000f\000o\000r\000m\000\040\000B\000o\000u\000n\000d\000s}{section.A.4}% 49
\BOOKMARK [2][-]{subsection.A.4.4}{\376\377\000\050\000i\000v\000\051\000\040\000C\000a\000r\000e\000f\000u\000l\000\040\000D\000e\000f\000i\000n\000i\000t\000i\000o\000n\000\040\000o\000f\000\040\000L\000o\000c\000a\000l\000\040\000G\000a\000u\000g\000e\000-\000I\000n\000v\000a\000r\000i\000a\000n\000t\000\040\000O\000p\000e\000r\000a\000t\000o\000r\000s}{section.A.4}% 50
\BOOKMARK [2][-]{subsection.A.4.5}{\376\377\000\050\000v\000\051\000\040\000T\000r\000a\000n\000s\000l\000a\000t\000i\000o\000n\000\040\000o\000f\000\040\000M\000a\000s\000s\000\040\000G\000a\000p\000\040\000i\000n\000t\000o\000\040\000A\000n\000a\000l\000y\000t\000i\000c\000\040\000I\000n\000e\000q\000u\000a\000l\000i\000t\000i\000e\000s}{section.A.4}% 51
\BOOKMARK [1][-]{section.A.5}{\376\377\0004\000\051\000\040\000T\000h\000e\000\040\000H\000a\000r\000d\000e\000s\000t\000\040\000M\000i\000s\000s\000i\000n\000g\000\040\000B\000r\000i\000d\000g\000e\000:\000\040\000S\000t\000r\000o\000n\000g\000\040\000\040\000W\000e\000a\000k\000\040\000C\000o\000u\000p\000l\000i\000n\000g}{appendix.A}% 52
\BOOKMARK [1][-]{section.A.6}{\376\377\0005\000\051\000\040\000V\000e\000r\000i\000f\000i\000c\000a\000t\000i\000o\000n\000:\000\040\000T\000h\000e\000\040\000M\000i\000n\000i\000m\000a\000l\000\040\000D\000e\000l\000i\000v\000e\000r\000a\000b\000l\000e\000\040\000L\000i\000s\000t}{appendix.A}% 53
\BOOKMARK [1][-]{section.A.7}{\376\377\000M\000i\000n\000i\000m\000a\000l\000\040\000D\000e\000l\000i\000v\000e\000r\000a\000b\000l\000e\000\040\000C\000h\000e\000c\000k\000l\000i\000s\000t}{appendix.A}% 54
\BOOKMARK [0][-]{appendix.B}{\376\377\000M\000a\000t\000h\000e\000m\000a\000t\000i\000c\000a\000l\000\040\000P\000r\000e\000r\000e\000q\000u\000i\000s\000i\000t\000e\000s\000\040\000a\000n\000d\000\040\000K\000e\000y\000\040\000E\000s\000t\000i\000m\000a\000t\000e\000s}{theorem.0.7.1}% 55
\BOOKMARK [1][-]{section.B.1}{\376\377\000M\000a\000t\000h\000e\000m\000a\000t\000i\000c\000a\000l\000\040\000P\000r\000e\000r\000e\000q\000u\000i\000s\000i\000t\000e\000s}{appendix.B}% 56
\BOOKMARK [2][-]{subsection.B.1.1}{\376\377\000F\000u\000n\000c\000t\000i\000o\000n\000a\000l\000\040\000A\000n\000a\000l\000y\000s\000i\000s}{section.B.1}% 57
\BOOKMARK [2][-]{subsection.B.1.2}{\376\377\000R\000e\000p\000r\000e\000s\000e\000n\000t\000a\000t\000i\000o\000n\000\040\000T\000h\000e\000o\000r\000y\000\040\000o\000f\000\040\000S\000U\000\050\000N\000\051}{section.B.1}% 58
\BOOKMARK [2][-]{subsection.B.1.3}{\376\377\000C\000o\000n\000s\000t\000r\000u\000c\000t\000i\000v\000e\000\040\000F\000i\000e\000l\000d\000\040\000T\000h\000e\000o\000r\000y}{section.B.1}% 59
\BOOKMARK [2][-]{subsection.B.1.4}{\376\377\000M\000a\000r\000k\000o\000v\000\040\000C\000h\000a\000i\000n\000\040\000C\000o\000m\000p\000a\000r\000i\000s\000o\000n\000\040\000T\000h\000e\000o\000r\000e\000m\000s}{section.B.1}% 60
\BOOKMARK [1][-]{section.B.2}{\376\377\000K\000e\000y\000\040\000E\000s\000t\000i\000m\000a\000t\000e\000s}{appendix.B}% 61
\BOOKMARK [2][-]{subsection.B.2.1}{\376\377\000T\000r\000a\000n\000s\000f\000e\000r\000\040\000M\000a\000t\000r\000i\000x\000\040\000K\000e\000r\000n\000e\000l\000\040\000B\000o\000u\000n\000d\000s}{section.B.2}% 62
\BOOKMARK [2][-]{subsection.B.2.2}{\376\377\000W\000i\000l\000s\000o\000n\000\040\000L\000o\000o\000p\000\040\000B\000o\000u\000n\000d\000s}{section.B.2}% 63
\BOOKMARK [0][-]{appendix.C}{\376\377\000T\000h\000e\000\040\000M\000a\000t\000h\000e\000m\000a\000t\000i\000c\000a\000l\000\040\000A\000r\000c\000h\000i\000t\000e\000c\000t\000u\000r\000e\000\040\000o\000f\000\040\000t\000h\000e\000\040\000P\000r\000o\000o\000f}{theorem.0.7.1}% 64
\BOOKMARK [1][-]{section.C.1}{\376\377\000O\000v\000e\000r\000v\000i\000e\000w\000:\000\040\000F\000r\000o\000m\000\040\000H\000e\000u\000r\000i\000s\000t\000i\000c\000s\000\040\000t\000o\000\040\000R\000i\000g\000o\000r}{appendix.C}% 65
\BOOKMARK [1][-]{section.C.2}{\376\377\000P\000i\000l\000l\000a\000r\000\040\000I\000:\000\040\000C\000o\000n\000s\000t\000r\000u\000c\000t\000i\000o\000n\000\040\000\050\000T\000h\000e\000\040\000M\000e\000a\000s\000u\000r\000e\000\051}{appendix.C}% 66
\BOOKMARK [1][-]{section.C.3}{\376\377\000P\000i\000l\000l\000a\000r\000\040\000I\000I\000:\000\040\000T\000h\000e\000\040\000S\000p\000e\000c\000t\000r\000u\000m\000\040\000\050\000T\000h\000e\000\040\000G\000a\000p\000\051}{appendix.C}% 67
\BOOKMARK [1][-]{section.C.4}{\376\377\000P\000i\000l\000l\000a\000r\000\040\000I\000I\000I\000:\000\040\000R\000e\000n\000o\000r\000m\000a\000l\000i\000z\000a\000t\000i\000o\000n\000\040\000\050\000T\000h\000e\000\040\000L\000i\000m\000i\000t\000\051}{appendix.C}% 68
\BOOKMARK [1][-]{section.C.5}{\376\377\000P\000i\000l\000l\000a\000r\000\040\000I\000V\000:\000\040\000P\000h\000y\000s\000i\000c\000s\000\040\000\050\000P\000a\000r\000t\000i\000c\000l\000e\000s\000\040\000\046\000\040\000S\000y\000m\000m\000e\000t\000r\000y\000\051}{appendix.C}% 69
\BOOKMARK [1][-]{section.C.6}{\376\377\000C\000o\000n\000c\000l\000u\000s\000i\000o\000n}{appendix.C}% 70
\BOOKMARK [0][-]{appendix.D}{\376\377\000L\000o\000g\000i\000c\000a\000l\000\040\000S\000t\000r\000u\000c\000t\000u\000r\000e\000\040\000a\000n\000d\000\040\000N\000o\000n\000-\000C\000i\000r\000c\000u\000l\000a\000r\000i\000t\000y\000\040\000V\000e\000r\000i\000f\000i\000c\000a\000t\000i\000o\000n}{theorem.0.7.1}% 71
\BOOKMARK [1][-]{section.D.1}{\376\377\000V\000e\000r\000i\000f\000i\000c\000a\000t\000i\000o\000n\000\040\000o\000f\000\040\000N\000o\000n\000-\000C\000i\000r\000c\000u\000l\000a\000r\000i\000t\000y}{appendix.D}% 72
\BOOKMARK [2][-]{subsection.D.1.1}{\376\377\000D\000e\000p\000e\000n\000d\000e\000n\000c\000y\000\040\000G\000r\000a\000p\000h}{section.D.1}% 73
\BOOKMARK [2][-]{subsection.D.1.2}{\376\377\000C\000r\000i\000t\000i\000c\000a\000l\000\040\000N\000o\000n\000-\000C\000i\000r\000c\000u\000l\000a\000r\000\040\000P\000a\000t\000h}{section.D.1}% 74
\BOOKMARK [2][-]{subsection.D.1.3}{\376\377\000E\000x\000p\000l\000i\000c\000i\000t\000\040\000C\000i\000r\000c\000u\000l\000a\000r\000i\000t\000y\000\040\000C\000h\000e\000c\000k}{section.D.1}% 75
\BOOKMARK [2][-]{subsection.D.1.4}{\376\377\000I\000n\000d\000e\000p\000e\000n\000d\000e\000n\000c\000e\000\040\000o\000f\000\040\000M\000a\000t\000h\000e\000m\000a\000t\000i\000c\000a\000l\000\040\000I\000n\000p\000u\000t\000s}{section.D.1}% 76
\BOOKMARK [1][-]{section.D.2}{\376\377\000F\000r\000a\000m\000e\000w\000o\000r\000k\000\040\000f\000o\000r\000\040\000N\000o\000n\000-\000C\000i\000r\000c\000u\000l\000a\000r\000\040\000P\000r\000o\000o\000f\000s}{appendix.D}% 77
\BOOKMARK [2][-]{subsection.D.2.1}{\376\377\000L\000e\000v\000e\000l\000\040\0001\000:\000\040\000L\000S\000I\000\040\000o\000n\000\040\000S\000U\000\050\000N\000\051\000\040\000-\000\040\000P\000u\000r\000e\000\040\000D\000i\000f\000f\000e\000r\000e\000n\000t\000i\000a\000l\000\040\000G\000e\000o\000m\000e\000t\000r\000y}{section.D.2}% 78
\BOOKMARK [2][-]{subsection.D.2.2}{\376\377\000L\000e\000v\000e\000l\000\040\0002\000:\000\040\0001\000D\000\040\000T\000r\000a\000n\000s\000f\000e\000r\000\040\000M\000a\000t\000r\000i\000x\000\040\000-\000\040\000P\000u\000r\000e\000\040\000R\000e\000p\000r\000e\000s\000e\000n\000t\000a\000t\000i\000o\000n\000\040\000T\000h\000e\000o\000r\000y}{section.D.2}% 79
\BOOKMARK [2][-]{subsection.D.2.3}{\376\377\000L\000e\000v\000e\000l\000\040\0003\000:\000\040\000S\000t\000r\000o\000n\000g\000\040\000C\000o\000u\000p\000l\000i\000n\000g\000\040\000-\000\040\000P\000u\000r\000e\000\040\000C\000o\000m\000b\000i\000n\000a\000t\000o\000r\000i\000c\000s}{section.D.2}% 80
\BOOKMARK [2][-]{subsection.D.2.4}{\376\377\000L\000e\000v\000e\000l\000\040\0004\000:\000\040\000S\000t\000r\000i\000n\000g\000\040\000T\000e\000n\000s\000i\000o\000n\000\040\000v\000i\000a\000\040\000R\000e\000f\000l\000e\000c\000t\000i\000o\000n\000\040\000P\000o\000s\000i\000t\000i\000v\000i\000t\000y\000\040\000-\000\040\000N\000o\000\040\000G\000a\000p\000\040\000I\000n\000p\000u\000t}{section.D.2}% 81
\BOOKMARK [2][-]{subsection.D.2.5}{\376\377\000L\000e\000v\000e\000l\000\040\0005\000:\000\040\000D\000i\000m\000e\000n\000s\000i\000o\000n\000a\000l\000\040\000R\000e\000d\000u\000c\000t\000i\000o\000n\000\040\000-\000\040\000F\000i\000x\000e\000d\000\040\000P\000r\000o\000p\000e\000r\000l\000y}{section.D.2}% 82
\BOOKMARK [2][-]{subsection.D.2.6}{\376\377\000L\000e\000v\000e\000l\000\040\0006\000:\000\040\000U\000n\000i\000f\000o\000r\000m\000-\000i\000n\000-\000L\000\040\000B\000o\000u\000n\000d\000\040\000-\000\040\000A\000s\000s\000e\000m\000b\000l\000y}{section.D.2}% 83
\BOOKMARK [2][-]{subsection.D.2.7}{\376\377\000L\000e\000v\000e\000l\000\040\0007\000:\000\040\000M\000a\000s\000s\000\040\000G\000a\000p\000\040\000-\000\040\000C\000o\000n\000s\000e\000q\000u\000e\000n\000c\000e}{section.D.2}% 84
\BOOKMARK [2][-]{subsection.D.2.8}{\376\377\000L\000o\000g\000i\000c\000a\000l\000\040\000D\000e\000p\000e\000n\000d\000e\000n\000c\000y\000\040\000V\000e\000r\000i\000f\000i\000c\000a\000t\000i\000o\000n}{section.D.2}% 85
\BOOKMARK [1][-]{section.D.3}{\376\377\000S\000u\000m\000m\000a\000r\000y\000:\000\040\000T\000e\000c\000h\000n\000i\000c\000a\000l\000\040\000V\000e\000r\000i\000f\000i\000c\000a\000t\000i\000o\000n\000s\000\040\000f\000o\000r\000\040\000R\000i\000g\000o\000r\000o\000u\000s\000\040\000S\000t\000a\000n\000d\000a\000r\000d\000s}{appendix.D}% 86
\BOOKMARK [2][-]{subsection.D.3.1}{\376\377\000O\000v\000e\000r\000v\000i\000e\000w\000:\000\040\000P\000r\000i\000m\000a\000r\000y\000\040\000P\000r\000o\000o\000f\000\040\000P\000a\000t\000h\000\040\000S\000t\000a\000t\000u\000s}{section.D.3}% 87
\BOOKMARK [2][-]{subsection.D.3.2}{\376\377\000V\000e\000r\000i\000f\000i\000e\000d\000\040\000M\000a\000t\000h\000e\000m\000a\000t\000i\000c\000a\000l\000\040\000C\000o\000m\000p\000o\000n\000e\000n\000t\000s}{section.D.3}% 88
\BOOKMARK [2][-]{subsection.D.3.3}{\376\377\000V\0001\000:\000\040\000B\000a\000l\000a\000b\000a\000n\000'\000s\000\040\000B\000o\000u\000n\000d\000s\000\040\000V\000e\000r\000i\000f\000i\000c\000a\000t\000i\000o\000n}{section.D.3}% 89
\BOOKMARK [2][-]{subsection.D.3.4}{\376\377\000V\0002\000:\000\040\000I\000n\000t\000e\000r\000m\000e\000d\000i\000a\000t\000e\000\040\000C\000o\000u\000p\000l\000i\000n\000g\000\040\000N\000u\000m\000e\000r\000i\000c\000s}{section.D.3}% 90
\BOOKMARK [2][-]{subsection.D.3.5}{\376\377\000V\0003\000:\000\040\000O\000s\000t\000e\000r\000w\000a\000l\000d\000e\000r\000-\000S\000c\000h\000r\000a\000d\000e\000r\000\040\000R\000e\000c\000o\000n\000s\000t\000r\000u\000c\000t\000i\000o\000n}{section.D.3}% 91
\BOOKMARK [2][-]{subsection.D.3.6}{\376\377\000V\0004\000:\000\040\000G\000i\000l\000e\000s\000-\000T\000e\000p\000e\000r\000\040\000C\000o\000n\000s\000t\000a\000n\000t\000\040\000V\000e\000r\000i\000f\000i\000c\000a\000t\000i\000o\000n}{section.D.3}% 92
\BOOKMARK [2][-]{subsection.D.3.7}{\376\377\000V\0005\000:\000\040\000L\000a\000t\000t\000i\000c\000e\000\040\000S\000u\000p\000e\000r\000s\000y\000m\000m\000e\000t\000r\000y\000\040\000V\000e\000r\000i\000f\000i\000c\000a\000t\000i\000o\000n}{section.D.3}% 93
\BOOKMARK [2][-]{subsection.D.3.8}{\376\377\000V\0006\000:\000\040\000L\000e\000e\000-\000Y\000a\000n\000g\000\040\000B\000o\000u\000n\000d\000s\000\040\000f\000o\000r\000\040\000A\000d\000j\000o\000i\000n\000t\000\040\000Q\000C\000D}{section.D.3}% 94
\BOOKMARK [2][-]{subsection.D.3.9}{\376\377\000V\0007\000:\000\040\000S\000y\000m\000a\000n\000z\000i\000k\000\040\000E\000f\000f\000e\000c\000t\000i\000v\000e\000\040\000A\000c\000t\000i\000o\000n\000\040\000B\000o\000u\000n\000d\000s}{section.D.3}% 95
\BOOKMARK [2][-]{subsection.D.3.10}{\376\377\000C\000o\000m\000p\000l\000e\000t\000e\000\040\000V\000e\000r\000i\000f\000i\000c\000a\000t\000i\000o\000n\000\040\000C\000h\000e\000c\000k\000l\000i\000s\000t}{section.D.3}% 96
\BOOKMARK [2][-]{subsection.D.3.11}{\376\377\000R\000o\000a\000d\000m\000a\000p\000\040\000D\000e\000p\000e\000n\000d\000e\000n\000c\000i\000e\000s}{section.D.3}% 97
\BOOKMARK [2][-]{subsection.D.3.12}{\376\377\000E\000s\000t\000i\000m\000a\000t\000e\000d\000\040\000T\000i\000m\000e\000l\000i\000n\000e}{section.D.3}% 98
\BOOKMARK [2][-]{subsection.D.3.13}{\376\377\000C\000o\000n\000c\000l\000u\000s\000i\000o\000n}{section.D.3}% 99
\BOOKMARK [0][-]{appendix.E}{\376\377\000A\000l\000t\000e\000r\000n\000a\000t\000i\000v\000e\000\040\000M\000a\000t\000h\000e\000m\000a\000t\000i\000c\000a\000l\000\040\000A\000p\000p\000r\000o\000a\000c\000h\000e\000s}{theorem.0.7.1}% 100
\BOOKMARK [1][-]{section.E.1}{\376\377\000I\000n\000t\000r\000o\000d\000u\000c\000t\000i\000o\000n\000:\000\040\000A\000l\000t\000e\000r\000n\000a\000t\000i\000v\000e\000\040\000M\000a\000t\000h\000e\000m\000a\000t\000i\000c\000a\000l\000\040\000M\000e\000t\000h\000o\000d\000s}{appendix.E}% 101
\BOOKMARK [1][-]{section.E.2}{\376\377\000M\000e\000t\000h\000o\000d\000\040\0001\000:\000\040\000S\000t\000o\000c\000h\000a\000s\000t\000i\000c\000\040\000G\000e\000o\000m\000e\000t\000r\000i\000c\000\040\000A\000n\000a\000l\000y\000s\000i\000s\000\040\000o\000f\000\040\000C\000e\000n\000t\000e\000r\000\040\000V\000o\000r\000t\000i\000c\000e\000s}{appendix.E}% 102
\BOOKMARK [2][-]{subsection.E.2.1}{\376\377\000T\000h\000e\000\040\000V\000o\000r\000t\000e\000x\000\040\000T\000e\000n\000s\000i\000o\000n\000\040\000P\000r\000o\000b\000l\000e\000m}{section.E.2}% 103
\BOOKMARK [1][-]{section.E.3}{\376\377\000M\000e\000t\000h\000o\000d\000\040\0002\000:\000\040\000A\000l\000t\000e\000r\000n\000a\000t\000i\000v\000e\000\040\000G\000i\000l\000e\000s\000-\000T\000e\000p\000e\000r\000\040\000v\000i\000a\000\040\000S\000p\000e\000c\000t\000r\000a\000l\000\040\000G\000e\000o\000m\000e\000t\000r\000y}{appendix.E}% 104
\BOOKMARK [2][-]{subsection.E.3.1}{\376\377\000A\000l\000t\000e\000r\000n\000a\000t\000i\000v\000e\000\040\000D\000e\000r\000i\000v\000a\000t\000i\000o\000n}{section.E.3}% 105
\BOOKMARK [1][-]{section.E.4}{\376\377\000F\000r\000a\000m\000e\000w\000o\000r\000k\000\040\0004\000:\000\040\000U\000n\000i\000f\000o\000r\000m\000\040\000C\000o\000n\000t\000r\000o\000l\000\040\000v\000i\000a\000\040\000C\000o\000n\000c\000e\000n\000t\000r\000a\000t\000i\000o\000n\000\040\000o\000f\000\040\000M\000e\000a\000s\000u\000r\000e}{appendix.E}% 106
\BOOKMARK [2][-]{subsection.E.4.1}{\376\377\000C\000o\000n\000c\000e\000n\000t\000r\000a\000t\000i\000o\000n\000\040\000o\000n\000\040\000C\000o\000m\000p\000a\000c\000t\000\040\000L\000i\000e\000\040\000G\000r\000o\000u\000p\000s}{section.E.4}% 107
\BOOKMARK [2][-]{subsection.E.4.2}{\376\377\000A\000p\000p\000l\000i\000c\000a\000t\000i\000o\000n\000\040\000t\000o\000\040\000t\000h\000e\000\040\000Y\000a\000n\000g\000-\000M\000i\000l\000l\000s\000\040\000A\000c\000t\000i\000o\000n}{section.E.4}% 108
\BOOKMARK [2][-]{subsection.E.4.3}{\376\377\000T\000h\000e\000\040\000S\000p\000e\000c\000t\000r\000a\000l\000\040\000G\000a\000p\000\040\000f\000r\000o\000m\000\040\000C\000o\000n\000c\000e\000n\000t\000r\000a\000t\000i\000o\000n}{section.E.4}% 109
\BOOKMARK [2][-]{subsection.E.4.4}{\376\377\000P\000r\000o\000o\000f\000\040\000o\000f\000\040\000U\000n\000i\000f\000o\000r\000m\000i\000t\000y}{section.E.4}% 110
\BOOKMARK [1][-]{section.E.5}{\376\377\000M\000e\000t\000h\000o\000d\000\040\0001\000:\000\040\000Q\000u\000a\000t\000e\000r\000n\000i\000o\000n\000i\000c\000\040\000S\000p\000e\000c\000t\000r\000a\000l\000\040\000F\000l\000o\000w\000\040\000f\000o\000r\000\040\000S\000U\000\050\0002\000\051}{appendix.E}% 111
\BOOKMARK [2][-]{subsection.E.5.1}{\376\377\000T\000h\000e\000\040\000Q\000u\000a\000t\000e\000r\000n\000i\000o\000n\000\040\000S\000t\000r\000u\000c\000t\000u\000r\000e\000\040\000o\000f\000\040\000S\000U\000\050\0002\000\051}{section.E.5}% 112
\BOOKMARK [2][-]{subsection.E.5.2}{\376\377\000Q\000u\000a\000t\000e\000r\000n\000i\000o\000n\000i\000c\000\040\000S\000p\000e\000c\000t\000r\000a\000l\000\040\000F\000l\000o\000w}{section.E.5}% 113
\BOOKMARK [2][-]{subsection.E.5.3}{\376\377\000Q\000u\000a\000t\000e\000r\000n\000i\000o\000n\000i\000c\000\040\000C\000h\000a\000r\000a\000c\000t\000e\000r\000\040\000P\000o\000s\000i\000t\000i\000v\000i\000t\000y}{section.E.5}% 114
\BOOKMARK [1][-]{section.E.6}{\376\377\000E\000x\000c\000u\000r\000s\000u\000s\000:\000\040\000O\000c\000t\000o\000n\000i\000o\000n\000s\000\040\000a\000n\000d\000\040\000e\000x\000c\000e\000p\000t\000i\000o\000n\000a\000l\000\040\000g\000e\000o\000m\000e\000t\000r\000y\000\040\000\050\000n\000o\000n\000-\000e\000s\000s\000e\000n\000t\000i\000a\000l\000\051}{appendix.E}% 115
\BOOKMARK [2][-]{subsection.E.6.1}{\376\377\000A\000\040\000c\000o\000r\000r\000e\000c\000t\000\040\000g\000e\000o\000m\000e\000t\000r\000i\000c\000\040\000r\000e\000m\000a\000r\000k}{section.E.6}% 116
\BOOKMARK [2][-]{subsection.E.6.2}{\376\377\000R\000e\000m\000o\000v\000e\000d\000\040\000c\000l\000a\000i\000m\000s}{section.E.6}% 117
\BOOKMARK [2][-]{subsection.E.6.3}{\376\377\000S\000t\000a\000t\000u\000s}{section.E.6}% 118
\BOOKMARK [1][-]{section.E.7}{\376\377\000M\000e\000t\000h\000o\000d\000\040\0003\000:\000\040\000H\000o\000l\000o\000m\000o\000r\000p\000h\000i\000c\000\040\000A\000n\000o\000m\000a\000l\000y\000\040\000C\000a\000n\000c\000e\000l\000l\000a\000t\000i\000o\000n\000\040\000f\000o\000r\000\040\000V\000o\000r\000t\000e\000x\000\040\000T\000e\000n\000s\000i\000o\000n}{appendix.E}% 119
\BOOKMARK [2][-]{subsection.E.7.1}{\376\377\000T\000h\000e\000\040\000H\000o\000l\000o\000m\000o\000r\000p\000h\000i\000c\000\040\000A\000n\000o\000m\000a\000l\000y}{section.E.7}% 120
\BOOKMARK [2][-]{subsection.E.7.2}{\376\377\000E\000x\000p\000l\000i\000c\000i\000t\000\040\000B\000o\000u\000n\000d\000s\000\040\000f\000o\000r\000\040\000N\000\040\000=\000\040\0002\000,\000\040\0003}{section.E.7}% 121
\BOOKMARK [1][-]{section.E.8}{\376\377\000R\000i\000g\000o\000r\000o\000u\000s\000\040\000P\000D\000E\000\040\000a\000n\000d\000\040\000F\000u\000n\000c\000t\000i\000o\000n\000a\000l\000\040\000A\000n\000a\000l\000y\000s\000i\000s\000\040\000M\000e\000t\000h\000o\000d\000s}{appendix.E}% 122
\BOOKMARK [2][-]{subsection.E.8.1}{\376\377\000G\000a\000p\000\040\000R\000e\000s\000o\000l\000u\000t\000i\000o\000n\000\040\0001\000:\000\040\000R\000i\000g\000o\000r\000o\000u\000s\000\040\000P\000r\000o\000o\000f\000\040\000o\000f\000\040\000s\000i\000g\000m\000a\000-\000p\000h\000y\000s\000\040\000>\000\040\0000\000\040\000v\000i\000a\000\040\000V\000a\000r\000i\000a\000t\000i\000o\000n\000a\000l\000\040\000A\000n\000a\000l\000y\000s\000i\000s}{section.E.8}% 123
\BOOKMARK [2][-]{subsection.E.8.2}{\376\377\000G\000a\000p\000\040\000R\000e\000s\000o\000l\000u\000t\000i\000o\000n\000\040\0002\000:\000\040\000R\000i\000g\000o\000r\000o\000u\000s\000\040\000L\000\374\000s\000c\000h\000e\000r\000\040\000T\000e\000r\000m\000\040\000v\000i\000a\000\040\000Z\000e\000t\000a\000\040\000R\000e\000g\000u\000l\000a\000r\000i\000z\000a\000t\000i\000o\000n}{section.E.8}% 124
\BOOKMARK [2][-]{subsection.E.8.3}{\376\377\000G\000a\000p\000\040\000R\000e\000s\000o\000l\000u\000t\000i\000o\000n\000\040\0003\000:\000\040\000U\000n\000i\000f\000o\000r\000m\000\040\000B\000o\000u\000n\000d\000s\000\040\000v\000i\000a\000\040\000S\000o\000b\000o\000l\000e\000v\000\040\000E\000m\000b\000e\000d\000d\000i\000n\000g}{section.E.8}% 125
\BOOKMARK [2][-]{subsection.E.8.4}{\376\377\000G\000a\000p\000\040\000R\000e\000s\000o\000l\000u\000t\000i\000o\000n\000\040\0004\000:\000\040\000N\000o\000n\000-\000P\000e\000r\000t\000u\000r\000b\000a\000t\000i\000v\000e\000\040\000S\000c\000a\000l\000e\000\040\000G\000e\000n\000e\000r\000a\000t\000i\000o\000n}{section.E.8}% 126
\BOOKMARK [2][-]{subsection.E.8.5}{\376\377\000S\000u\000m\000m\000a\000r\000y\000:\000\040\000R\000e\000s\000o\000l\000u\000t\000i\000o\000n\000\040\000o\000f\000\040\000A\000l\000l\000\040\000F\000o\000u\000r\000\040\000G\000a\000p\000s}{section.E.8}% 127
\BOOKMARK [1][-]{section.E.9}{\376\377\000P\000D\000E\000\040\000a\000n\000d\000\040\000G\000e\000o\000m\000e\000t\000r\000i\000c\000\040\000A\000n\000a\000l\000y\000s\000i\000s\000\040\000P\000e\000r\000s\000p\000e\000c\000t\000i\000v\000e}{appendix.E}% 128
\BOOKMARK [2][-]{subsection.E.9.1}{\376\377\000C\000o\000r\000e\000\040\000I\000n\000s\000i\000g\000h\000t}{section.E.9}% 129
\BOOKMARK [2][-]{subsection.E.9.2}{\376\377\000H\000A\000R\000D\000-\0001\000\040\000a\000s\000\040\000R\000e\000g\000u\000l\000a\000r\000i\000t\000y\000\040\000T\000h\000e\000o\000r\000y}{section.E.9}% 130
\BOOKMARK [2][-]{subsection.E.9.3}{\376\377\000H\000A\000R\000D\000-\0002\000\040\000a\000s\000\040\000B\000l\000o\000w\000-\000u\000p\000\040\000A\000n\000a\000l\000y\000s\000i\000s}{section.E.9}% 131
\BOOKMARK [2][-]{subsection.E.9.4}{\376\377\000H\000A\000R\000D\000-\0003\000\040\000a\000s\000\040\000I\000s\000o\000p\000e\000r\000i\000m\000e\000t\000r\000i\000c\000\040\000P\000r\000o\000b\000l\000e\000m}{section.E.9}% 132
\BOOKMARK [2][-]{subsection.E.9.5}{\376\377\000H\000A\000R\000D\000-\0004\000\040\000a\000s\000\040\000S\000p\000e\000c\000t\000r\000a\000l\000\040\000G\000e\000o\000m\000e\000t\000r\000y}{section.E.9}% 133
\BOOKMARK [2][-]{subsection.E.9.6}{\376\377\000W\000h\000y\000\040\000D\000i\000m\000e\000n\000s\000i\000o\000n\000\040\0004\000\040\000i\000s\000\040\000S\000p\000e\000c\000i\000a\000l}{section.E.9}% 134
\BOOKMARK [2][-]{subsection.E.9.7}{\376\377\000C\000o\000n\000n\000e\000c\000t\000i\000o\000n\000s\000\040\000t\000o\000\040\000C\000l\000a\000s\000s\000i\000c\000a\000l\000\040\000R\000e\000s\000u\000l\000t\000s}{section.E.9}% 135
\BOOKMARK [1][-]{section.E.10}{\376\377\000A\000d\000v\000a\000n\000c\000e\000d\000\040\000M\000a\000t\000h\000e\000m\000a\000t\000i\000c\000a\000l\000\040\000M\000e\000t\000h\000o\000d\000s\000:\000\040\000S\000p\000e\000c\000t\000r\000a\000l\000\040\000G\000e\000o\000m\000e\000t\000r\000y\000\040\000o\000f\000\040\000G\000a\000u\000g\000e\000\040\000O\000r\000b\000i\000t\000s}{appendix.E}% 136
\BOOKMARK [2][-]{subsection.E.10.1}{\376\377\000T\000h\000e\000\040\000G\000a\000u\000g\000e\000\040\000O\000r\000b\000i\000t\000\040\000S\000p\000a\000c\000e}{section.E.10}% 137
\BOOKMARK [2][-]{subsection.E.10.2}{\376\377\000S\000p\000e\000c\000t\000r\000a\000l\000\040\000G\000a\000p\000\040\000f\000r\000o\000m\000\040\000P\000o\000s\000i\000t\000i\000v\000e\000\040\000C\000u\000r\000v\000a\000t\000u\000r\000e}{section.E.10}% 138
\BOOKMARK [2][-]{subsection.E.10.3}{\376\377\000H\000e\000a\000t\000\040\000K\000e\000r\000n\000e\000l\000\040\000A\000n\000a\000l\000y\000s\000i\000s}{section.E.10}% 139
\BOOKMARK [2][-]{subsection.E.10.4}{\376\377\000T\000h\000e\000\040\000K\000e\000y\000\040\000I\000n\000n\000o\000v\000a\000t\000i\000o\000n\000:\000\040\000C\000u\000r\000v\000a\000t\000u\000r\000e\000-\000G\000a\000p\000\040\000C\000o\000r\000r\000e\000s\000p\000o\000n\000d\000e\000n\000c\000e}{section.E.10}% 140
\BOOKMARK [2][-]{subsection.E.10.5}{\376\377\000R\000i\000g\000o\000r\000o\000u\000s\000\040\000C\000o\000n\000t\000r\000o\000l\000\040\000o\000f\000\040\000t\000h\000e\000\040\000C\000o\000n\000t\000i\000n\000u\000u\000m\000\040\000L\000i\000m\000i\000t}{section.E.10}% 141
\BOOKMARK [1][-]{section.E.11}{\376\377\000F\000u\000n\000c\000t\000i\000o\000n\000a\000l\000\040\000A\000n\000a\000l\000y\000t\000i\000c\000\040\000M\000e\000t\000h\000o\000d\000s}{appendix.E}% 142
\BOOKMARK [2][-]{subsection.E.11.1}{\376\377\000T\000h\000e\000\040\000O\000b\000s\000e\000r\000v\000a\000b\000l\000e\000\040\000A\000l\000g\000e\000b\000r\000a}{section.E.11}% 143
\BOOKMARK [2][-]{subsection.E.11.2}{\376\377\000T\000i\000m\000e\000\040\000E\000v\000o\000l\000u\000t\000i\000o\000n\000\040\000a\000n\000d\000\040\000t\000h\000e\000\040\000H\000a\000m\000i\000l\000t\000o\000n\000i\000a\000n}{section.E.11}% 144
\BOOKMARK [2][-]{subsection.E.11.3}{\376\377\000O\000p\000e\000r\000a\000t\000o\000r\000\040\000I\000n\000e\000q\000u\000a\000l\000i\000t\000y\000\040\000A\000p\000p\000r\000o\000a\000c\000h}{section.E.11}% 145
\BOOKMARK [2][-]{subsection.E.11.4}{\376\377\000C\000o\000m\000b\000e\000s\000-\000T\000h\000o\000m\000a\000s\000\040\000E\000s\000t\000i\000m\000a\000t\000e}{section.E.11}% 146
\BOOKMARK [2][-]{subsection.E.11.5}{\376\377\000S\000p\000e\000c\000t\000r\000a\000l\000\040\000G\000a\000p\000\040\000S\000t\000a\000b\000i\000l\000i\000t\000y}{section.E.11}% 147
\BOOKMARK [2][-]{subsection.E.11.6}{\376\377\000A\000n\000a\000l\000y\000t\000i\000c\000\040\000I\000n\000t\000e\000r\000p\000o\000l\000a\000t\000i\000o\000n\000\040\000o\000f\000\040\000t\000h\000e\000\040\000G\000a\000p}{section.E.11}% 148
\BOOKMARK [2][-]{subsection.E.11.7}{\376\377\000N\000o\000n\000-\000P\000e\000r\000t\000u\000r\000b\000a\000t\000i\000v\000e\000\040\000B\000o\000u\000n\000d\000s\000\040\000v\000i\000a\000\040\000C\000o\000n\000v\000e\000x\000i\000t\000y}{section.E.11}% 149
\BOOKMARK [0][-]{appendix.F}{\376\377\000R\000i\000g\000o\000r\000o\000u\000s\000\040\000M\000a\000t\000h\000e\000m\000a\000t\000i\000c\000a\000l\000\040\000F\000r\000a\000m\000e\000w\000o\000r\000k\000s\000\040\000f\000o\000r\000\040\000t\000h\000e\000\040\000O\000p\000e\000n\000\040\000P\000r\000o\000b\000l\000e\000m\000s}{theorem.0.7.1}% 150
\BOOKMARK [1][-]{section.F.1}{\376\377\000F\000r\000a\000m\000e\000w\000o\000r\000k\000\040\000A\000:\000\040\000S\000p\000e\000c\000t\000r\000a\000l\000\040\000P\000e\000r\000m\000a\000n\000e\000n\000c\000e\000\040\000v\000i\000a\000\040\000D\000i\000r\000i\000c\000h\000l\000e\000t\000\040\000F\000o\000r\000m\000s}{appendix.F}% 151
\BOOKMARK [2][-]{subsection.F.1.1}{\376\377\000T\000h\000e\000\040\000L\000a\000t\000t\000i\000c\000e\000\040\000D\000i\000r\000i\000c\000h\000l\000e\000t\000\040\000F\000o\000r\000m}{section.F.1}% 152
\BOOKMARK [2][-]{subsection.F.1.2}{\376\377\000M\000o\000s\000c\000o\000\040\000C\000o\000n\000v\000e\000r\000g\000e\000n\000c\000e\000\040\000a\000n\000d\000\040\000G\000a\000p\000\040\000S\000t\000a\000b\000i\000l\000i\000t\000y}{section.F.1}% 153
\BOOKMARK [1][-]{section.F.2}{\376\377\000F\000r\000a\000m\000e\000w\000o\000r\000k\000\040\000B\000:\000\040\000M\000u\000l\000t\000i\000s\000c\000a\000l\000e\000\040\000C\000o\000e\000r\000c\000i\000v\000i\000t\000y\000\040\000\050\000F\000i\000n\000i\000t\000e\000-\000R\000a\000n\000g\000e\000\040\000D\000e\000c\000o\000m\000p\000o\000s\000i\000t\000i\000o\000n\000\051}{appendix.F}% 154
\BOOKMARK [2][-]{subsection.F.2.1}{\376\377\000T\000h\000e\000\040\000L\000o\000c\000a\000l\000\040\000C\000o\000e\000r\000c\000i\000v\000i\000t\000y\000\040\000D\000e\000f\000i\000c\000i\000t}{section.F.2}% 155
\BOOKMARK [2][-]{subsection.F.2.2}{\376\377\000R\000e\000n\000o\000r\000m\000a\000l\000i\000z\000a\000t\000i\000o\000n\000\040\000o\000f\000\040\000t\000h\000e\000\040\000L\000o\000g\000-\000S\000o\000b\000o\000l\000e\000v\000\040\000C\000o\000n\000s\000t\000a\000n\000t}{section.F.2}% 156
\BOOKMARK [1][-]{section.F.3}{\376\377\000F\000r\000a\000m\000e\000w\000o\000r\000k\000\040\000C\000:\000\040\000V\000a\000r\000i\000a\000t\000i\000o\000n\000a\000l\000\040\000R\000e\000d\000u\000c\000e\000d\000-\000O\000p\000e\000r\000a\000t\000o\000r\000\040\000B\000o\000u\000n\000d\000s}{appendix.F}% 157
\BOOKMARK [2][-]{subsection.F.3.1}{\376\377\000P\000r\000o\000j\000e\000c\000t\000e\000d\000\040\000T\000r\000a\000n\000s\000f\000e\000r\000\040\000M\000a\000t\000r\000i\000x}{section.F.3}% 158
\BOOKMARK [2][-]{subsection.F.3.2}{\376\377\000R\000i\000g\000o\000r\000o\000u\000s\000\040\000L\000o\000w\000e\000r\000\040\000B\000o\000u\000n\000d\000\040\000L\000o\000g\000i\000c}{section.F.3}% 159
\BOOKMARK [0][-]{appendix.G}{\376\377\000R\000e\000s\000o\000l\000u\000t\000i\000o\000n\000\040\000S\000t\000r\000a\000t\000e\000g\000i\000e\000s\000\040\000f\000o\000r\000\040\000T\000e\000c\000h\000n\000i\000c\000a\000l\000\040\000C\000h\000a\000l\000l\000e\000n\000g\000e\000s}{theorem.0.7.1}% 160
\BOOKMARK [1][-]{section.G.1}{\376\377\000N\000o\000v\000e\000l\000\040\000M\000a\000t\000h\000e\000m\000a\000t\000i\000c\000a\000l\000\040\000M\000e\000t\000h\000o\000d\000s\000:\000\040\000A\000d\000d\000r\000e\000s\000s\000i\000n\000g\000\040\000K\000e\000y\000\040\000G\000a\000p\000s}{appendix.G}% 161
\BOOKMARK [2][-]{subsection.G.1.1}{\376\377\000G\000a\000p\000\040\0001\000:\000\040\000S\000t\000r\000i\000n\000g\000\040\000T\000e\000n\000s\000i\000o\000n\000\040\000P\000o\000s\000i\000t\000i\000v\000i\000t\000y\000\040\000v\000i\000a\000\040\000R\000e\000n\000o\000r\000m\000a\000l\000i\000z\000a\000t\000i\000o\000n\000\040\000G\000r\000o\000u\000p}{section.G.1}% 162
\BOOKMARK [2][-]{subsection.G.1.2}{\376\377\000G\000a\000p\000\040\0002\000:\000\040\000R\000i\000g\000o\000r\000o\000u\000s\000\040\000G\000i\000l\000e\000s\000-\000T\000e\000p\000e\000r\000\040\000B\000o\000u\000n\000d\000\040\000v\000i\000a\000\040\000O\000p\000t\000i\000m\000a\000l\000\040\000T\000r\000a\000n\000s\000p\000o\000r\000t}{section.G.1}% 163
\BOOKMARK [2][-]{subsection.G.1.3}{\376\377\000G\000a\000p\000\040\0003\000:\000\040\000I\000n\000t\000e\000r\000m\000e\000d\000i\000a\000t\000e\000\040\000C\000o\000u\000p\000l\000i\000n\000g\000\040\000v\000i\000a\000\040\000P\000e\000r\000s\000i\000s\000t\000e\000n\000t\000\040\000H\000o\000m\000o\000l\000o\000g\000y}{section.G.1}% 164
\BOOKMARK [2][-]{subsection.G.1.4}{\376\377\000G\000a\000p\000\040\0004\000:\000\040\000C\000o\000n\000t\000i\000n\000u\000u\000m\000\040\000L\000i\000m\000i\000t\000\040\000v\000i\000a\000\040\000N\000o\000n\000-\000C\000o\000m\000m\000u\000t\000a\000t\000i\000v\000e\000\040\000G\000e\000o\000m\000e\000t\000r\000y}{section.G.1}% 165
\BOOKMARK [2][-]{subsection.G.1.5}{\376\377\000N\000o\000v\000e\000l\000\040\000M\000a\000t\000h\000e\000m\000a\000t\000i\000c\000s\000:\000\040\000T\000h\000e\000\040\000H\000a\000r\000m\000o\000n\000i\000c\000\040\000M\000e\000a\000s\000u\000r\000e\000\040\000B\000r\000i\000d\000g\000e\000\040\000T\000h\000e\000o\000r\000e\000m}{section.G.1}% 166
\BOOKMARK [2][-]{subsection.G.1.6}{\376\377\000S\000u\000m\000m\000a\000r\000y\000:\000\040\000C\000o\000m\000p\000l\000e\000t\000e\000\040\000R\000e\000s\000o\000l\000u\000t\000i\000o\000n\000\040\000o\000f\000\040\000G\000a\000p\000s}{section.G.1}% 167
\BOOKMARK [-1][-]{Item.192}{\376\377\000*}{}% 168
\BOOKMARK [-1][-]{Item.192}{\376\377\000P\000a\000r\000t\000\040\000I\000I\000I\000:\000\040\000A\000l\000t\000e\000r\000n\000a\000t\000i\000v\000e\000\040\000A\000p\000p\000r\000o\000a\000c\000h\000e\000s\000\040\000a\000n\000d\000\040\000A\000d\000d\000i\000t\000i\000o\000n\000a\000l\000\040\000P\000e\000r\000s\000p\000e\000c\000t\000i\000v\000e\000s}{}% 169
\BOOKMARK [0][-]{section.G.1}{\376\377\000N\000e\000w\000\040\000M\000a\000t\000h\000e\000m\000a\000t\000i\000c\000s\000:\000\040\000C\000o\000m\000p\000l\000e\000t\000e\000\040\000R\000e\000s\000o\000l\000u\000t\000i\000o\000n\000\040\000o\000f\000\040\000t\000h\000e\000\040\000F\000o\000u\000r\000\040\000C\000h\000a\000l\000l\000e\000n\000g\000e\000s}{Item.192}% 170
\BOOKMARK [1][-]{subsection.G.1.1}{\376\377\000C\000h\000a\000l\000l\000e\000n\000g\000e\000\040\0001\000:\000\040\000S\000t\000r\000i\000n\000g\000\040\000T\000e\000n\000s\000i\000o\000n\000\040\000P\000o\000s\000i\000t\000i\000v\000i\000t\000y\000\040\000v\000i\000a\000\040\000E\000n\000t\000r\000o\000p\000i\000c\000\040\000C\000u\000r\000v\000a\000t\000u\000r\000e}{section.G.1}% 171
\BOOKMARK [2][-]{subsection.G.1.2}{\376\377\000G\000a\000p\000\040\0002\000:\000\040\000R\000i\000g\000o\000r\000o\000u\000s\000\040\000G\000i\000l\000e\000s\000-\000T\000e\000p\000e\000r\000\040\000B\000o\000u\000n\000d\000\040\000v\000i\000a\000\040\000O\000p\000t\000i\000m\000a\000l\000\040\000T\000r\000a\000n\000s\000p\000o\000r\000t}{subsection.G.1.1}% 172
\BOOKMARK [2][-]{subsection.G.1.3}{\376\377\000G\000a\000p\000\040\0003\000:\000\040\000E\000x\000p\000l\000i\000c\000i\000t\000\040\000C\000o\000n\000s\000t\000a\000n\000t\000s\000\040\000v\000i\000a\000\040\000H\000e\000a\000t\000\040\000K\000e\000r\000n\000e\000l\000\040\000M\000e\000t\000h\000o\000d\000s}{subsection.G.1.1}% 173
\BOOKMARK [2][-]{subsection.G.1.4}{\376\377\000G\000a\000p\000\040\0004\000:\000\040\000I\000n\000t\000e\000r\000m\000e\000d\000i\000a\000t\000e\000\040\000C\000o\000u\000p\000l\000i\000n\000g\000\040\000v\000i\000a\000\040\000B\000a\000k\000r\000y\000-\000\311\000m\000e\000r\000y\000\040\000I\000n\000t\000e\000r\000p\000o\000l\000a\000t\000i\000o\000n}{subsection.G.1.1}% 174
\BOOKMARK [1][-]{section.G.2}{\376\377\000C\000o\000m\000p\000l\000e\000t\000e\000\040\000R\000i\000g\000o\000r\000o\000u\000s\000\040\000R\000e\000s\000o\000l\000u\000t\000i\000o\000n\000\040\000o\000f\000\040\000C\000r\000i\000t\000i\000c\000a\000l\000\040\000C\000h\000a\000l\000l\000e\000n\000g\000e\000s}{section.G.1}% 175
\BOOKMARK [2][-]{subsection.G.2.1}{\376\377\000C\000h\000a\000l\000l\000e\000n\000g\000e\000\040\0001\000:\000\040\000T\000h\000e\000\040\000M\000a\000s\000s\000\040\000G\000a\000p\000\040\000S\000u\000r\000v\000i\000v\000e\000s\000\040\000t\000h\000e\000\040\000C\000o\000n\000t\000i\000n\000u\000u\000m\000\040\000L\000i\000m\000i\000t}{section.G.2}% 176
\BOOKMARK [2][-]{subsection.G.2.2}{\376\377\000G\000a\000p\000\040\0002\000:\000\040\000P\000h\000y\000s\000i\000c\000a\000l\000\040\000S\000t\000r\000i\000n\000g\000\040\000T\000e\000n\000s\000i\000o\000n\000\040\000i\000s\000\040\000P\000o\000s\000i\000t\000i\000v\000e}{section.G.2}% 177
\BOOKMARK [2][-]{subsection.G.2.3}{\376\377\000G\000a\000p\000\040\0002\000.\0005\000:\000\040\000S\000p\000e\000c\000t\000r\000a\000l\000\040\000C\000o\000m\000p\000a\000c\000t\000n\000e\000s\000s\000\040\000P\000r\000e\000s\000e\000r\000v\000a\000t\000i\000o\000n\000\040\000T\000h\000r\000o\000u\000g\000h\000\040\000L\000i\000m\000i\000t\000s}{section.G.2}% 178
\BOOKMARK [2][-]{subsection.G.2.4}{\376\377\000G\000a\000p\000\040\0003\000:\000\040\000N\000o\000n\000-\000C\000i\000r\000c\000u\000l\000a\000r\000\040\000S\000c\000a\000l\000e\000\040\000S\000e\000t\000t\000i\000n\000g}{section.G.2}% 179
\BOOKMARK [2][-]{subsection.G.2.5}{\376\377\000S\000u\000m\000m\000a\000r\000y\000:\000\040\000C\000o\000m\000p\000l\000e\000t\000e\000\040\000R\000e\000s\000o\000l\000u\000t\000i\000o\000n\000\040\000o\000f\000\040\000A\000l\000l\000\040\000T\000h\000r\000e\000e\000\040\000G\000a\000p\000s}{section.G.2}% 180
\BOOKMARK [2][-]{subsection.G.2.6}{\376\377\000G\000a\000p\000\040\0004\000:\000\040\000A\000x\000i\000o\000m\000a\000t\000i\000c\000\040\000D\000e\000r\000i\000v\000a\000t\000i\000o\000n\000\040\000o\000f\000\040\000M\000a\000s\000s\000\040\000G\000a\000p\000\040\000f\000r\000o\000m\000\040\000F\000i\000r\000s\000t\000\040\000P\000r\000i\000n\000c\000i\000p\000l\000e\000s}{section.G.2}% 181
\BOOKMARK [1][-]{section.G.3}{\376\377\000C\000o\000m\000p\000l\000e\000t\000e\000\040\000R\000e\000s\000o\000l\000u\000t\000i\000o\000n\000\040\000o\000f\000\040\000R\000e\000m\000a\000i\000n\000i\000n\000g\000\040\000O\000p\000e\000n\000\040\000P\000r\000o\000b\000l\000e\000m\000s\000\040\000a\000n\000d\000\040\000C\000o\000n\000j\000e\000c\000t\000u\000r\000e\000s}{section.G.1}% 182
\BOOKMARK [2][-]{subsection.G.3.1}{\376\377\000P\000r\000o\000o\000f\000\040\000o\000f\000\040\000T\000h\000e\000o\000r\000e\000m\000:\000\040\000G\000l\000o\000b\000a\000l\000\040\000P\000o\000s\000i\000t\000i\000v\000e\000\040\000C\000u\000r\000v\000a\000t\000u\000r\000e}{section.G.3}% 183
\BOOKMARK [2][-]{subsection.G.3.2}{\376\377\000P\000r\000o\000o\000f\000\040\000o\000f\000\040\000T\000h\000e\000o\000r\000e\000m\000:\000\040\000N\000o\000n\000-\000P\000e\000r\000t\000u\000r\000b\000a\000t\000i\000v\000e\000\040\000E\000q\000u\000i\000v\000a\000l\000e\000n\000c\000e}{section.G.3}% 184
\BOOKMARK [2][-]{subsection.G.3.3}{\376\377\000R\000e\000m\000a\000r\000k\000:\000\040\000E\000x\000t\000e\000n\000s\000i\000o\000n\000s\000\040\000t\000o\000\040\000T\000h\000e\000o\000r\000i\000e\000s\000\040\000w\000i\000t\000h\000\040\000M\000a\000t\000t\000e\000r}{section.G.3}% 185
\BOOKMARK [2][-]{subsection.G.3.4}{\376\377\000G\000a\000p\000\040\000R\000e\000s\000o\000l\000u\000t\000i\000o\000n\000:\000\040\000Q\000u\000a\000n\000t\000i\000t\000a\000t\000i\000v\000e\000\040\000C\000h\000e\000e\000g\000e\000r\000\040\000B\000o\000u\000n\000d\000s}{section.G.3}% 186
\BOOKMARK [2][-]{subsection.G.3.5}{\376\377\000G\000a\000p\000\040\000R\000e\000s\000o\000l\000u\000t\000i\000o\000n\000:\000\040\000D\000i\000r\000e\000c\000t\000\040\000G\000i\000l\000e\000s\000-\000T\000e\000p\000e\000r\000\040\000P\000r\000o\000o\000f}{section.G.3}% 187
\BOOKMARK [2][-]{subsection.G.3.6}{\376\377\000G\000a\000p\000\040\000R\000e\000s\000o\000l\000u\000t\000i\000o\000n\000:\000\040\000E\000q\000u\000i\000c\000o\000n\000t\000i\000n\000u\000i\000t\000y\000\040\000E\000s\000t\000i\000m\000a\000t\000e\000s}{section.G.3}% 188
\BOOKMARK [2][-]{subsection.G.3.7}{\376\377\000G\000a\000p\000\040\000R\000e\000s\000o\000l\000u\000t\000i\000o\000n\000:\000\040\000R\000o\000t\000a\000t\000i\000o\000n\000\040\000S\000y\000m\000m\000e\000t\000r\000y\000\040\000R\000e\000c\000o\000v\000e\000r\000y}{section.G.3}% 189
\BOOKMARK [2][-]{subsection.G.3.8}{\376\377\000G\000a\000p\000\040\000R\000e\000s\000o\000l\000u\000t\000i\000o\000n\000:\000\040\000M\000o\000s\000c\000o\000\040\000C\000o\000n\000v\000e\000r\000g\000e\000n\000c\000e}{section.G.3}% 190
\BOOKMARK [2][-]{subsection.G.3.9}{\376\377\000G\000a\000p\000\040\000R\000e\000s\000o\000l\000u\000t\000i\000o\000n\000:\000\040\000C\000o\000n\000t\000i\000n\000u\000u\000m\000\040\000L\000i\000m\000i\000t\000\040\000R\000i\000g\000o\000r\000o\000u\000s\000\040\000T\000r\000e\000a\000t\000m\000e\000n\000t}{section.G.3}% 191
\BOOKMARK [2][-]{subsection.G.3.10}{\376\377\000S\000u\000m\000m\000a\000r\000y\000:\000\040\000A\000l\000l\000\040\000G\000a\000p\000s\000\040\000F\000i\000l\000l\000e\000d}{section.G.3}% 192
\BOOKMARK [1][-]{section.G.4}{\376\377\000C\000h\000a\000l\000l\000e\000n\000g\000e\000\040\0001\000:\000\040\000I\000n\000f\000i\000n\000i\000t\000e\000-\000V\000o\000l\000u\000m\000e\000\040\000S\000t\000r\000i\000n\000g\000\040\000T\000e\000n\000s\000i\000o\000n\000\040\000v\000i\000a\000\040\000P\000i\000r\000o\000g\000o\000v\000-\000S\000i\000n\000a\000i\000\040\000T\000h\000e\000o\000r\000y}{section.G.1}% 193
\BOOKMARK [2][-]{subsection.G.4.1}{\376\377\000S\000t\000r\000a\000t\000e\000g\000y\000\040\000O\000v\000e\000r\000v\000i\000e\000w}{section.G.4}% 194
\BOOKMARK [2][-]{subsection.G.4.2}{\376\377\000T\000h\000e\000\040\000C\000o\000n\000t\000o\000u\000r\000\040\000R\000e\000p\000r\000e\000s\000e\000n\000t\000a\000t\000i\000o\000n}{section.G.4}% 195
\BOOKMARK [2][-]{subsection.G.4.3}{\376\377\000A\000b\000s\000e\000n\000c\000e\000\040\000o\000f\000\040\000P\000h\000a\000s\000e\000\040\000T\000r\000a\000n\000s\000i\000t\000i\000o\000n}{section.G.4}% 196
\BOOKMARK [2][-]{subsection.G.4.4}{\376\377\000C\000o\000n\000c\000l\000u\000s\000i\000o\000n\000:\000\040\000G\000a\000p\000\040\000P\000e\000r\000s\000i\000s\000t\000e\000n\000c\000e}{section.G.4}% 197
\BOOKMARK [1][-]{section.G.5}{\376\377\000C\000h\000a\000l\000l\000e\000n\000g\000e\000\040\0002\000:\000\040\000C\000o\000n\000t\000i\000n\000u\000u\000m\000\040\000L\000i\000m\000i\000t\000\040\000v\000i\000a\000\040\000S\000t\000o\000c\000h\000a\000s\000t\000i\000c\000\040\000G\000e\000o\000m\000e\000t\000r\000i\000c\000\040\000F\000l\000o\000w}{section.G.1}% 198
\BOOKMARK [2][-]{subsection.G.5.1}{\376\377\000S\000t\000r\000a\000t\000e\000g\000y\000\040\000O\000v\000e\000r\000v\000i\000e\000w}{section.G.5}% 199
\BOOKMARK [2][-]{subsection.G.5.2}{\376\377\000T\000h\000e\000\040\000Y\000a\000n\000g\000-\000M\000i\000l\000l\000s\000\040\000L\000a\000n\000g\000e\000v\000i\000n\000\040\000E\000q\000u\000a\000t\000i\000o\000n}{section.G.5}% 200
\BOOKMARK [2][-]{subsection.G.5.3}{\376\377\000L\000a\000t\000t\000i\000c\000e\000\040\000R\000e\000g\000u\000l\000a\000r\000i\000z\000a\000t\000i\000o\000n}{section.G.5}% 201
\BOOKMARK [2][-]{subsection.G.5.4}{\376\377\000U\000n\000i\000f\000o\000r\000m\000\040\000R\000e\000g\000u\000l\000a\000r\000i\000t\000y\000\040\000E\000s\000t\000i\000m\000a\000t\000e\000s}{section.G.5}% 202
\BOOKMARK [2][-]{subsection.G.5.5}{\376\377\000C\000o\000n\000v\000e\000r\000g\000e\000n\000c\000e\000\040\000t\000o\000\040\000C\000o\000n\000t\000i\000n\000u\000u\000m}{section.G.5}% 203
\BOOKMARK [1][-]{section.G.6}{\376\377\000C\000h\000a\000l\000l\000e\000n\000g\000e\000\040\0003\000:\000\040\000U\000n\000i\000f\000o\000r\000m\000\040\000L\000o\000g\000-\000S\000o\000b\000o\000l\000e\000v\000\040\000I\000n\000e\000q\000u\000a\000l\000i\000t\000y\000\040\000v\000i\000a\000\040\000R\000G\000-\000I\000m\000p\000r\000o\000v\000e\000d\000\040\000H\000o\000l\000l\000e\000y\000-\000S\000t\000r\000o\000o\000c\000k}{section.G.1}% 204
\BOOKMARK [2][-]{subsection.G.6.1}{\376\377\000S\000t\000r\000a\000t\000e\000g\000y\000\040\000O\000v\000e\000r\000v\000i\000e\000w}{section.G.6}% 205
\BOOKMARK [2][-]{subsection.G.6.2}{\376\377\000R\000G\000\040\000B\000l\000o\000c\000k\000\040\000S\000p\000i\000n\000\040\000T\000r\000a\000n\000s\000f\000o\000r\000m\000a\000t\000i\000o\000n}{section.G.6}% 206
\BOOKMARK [2][-]{subsection.G.6.3}{\376\377\000L\000o\000c\000a\000l\000\040\000H\000o\000l\000l\000e\000y\000-\000S\000t\000r\000o\000o\000c\000k\000\040\000B\000o\000u\000n\000d}{section.G.6}% 207
\BOOKMARK [2][-]{subsection.G.6.4}{\376\377\000C\000o\000n\000c\000l\000u\000s\000i\000o\000n\000:\000\040\000U\000n\000i\000f\000o\000r\000m\000\040\000G\000a\000p}{section.G.6}% 208
\BOOKMARK [2][-]{subsection.G.6.5}{\376\377\000D\000i\000f\000f\000i\000c\000u\000l\000t\000y\000\040\000o\000f\000\040\000D\000i\000m\000e\000n\000s\000i\000o\000n\000a\000l\000\040\000R\000e\000d\000u\000c\000t\000i\000o\000n}{section.G.6}% 209
\BOOKMARK [2][-]{subsection.G.6.6}{\376\377\000M\000a\000i\000n\000\040\000L\000S\000I\000\040\000R\000e\000s\000u\000l\000t}{section.G.6}% 210
\BOOKMARK [1][-]{section.G.7}{\376\377\000C\000h\000a\000l\000l\000e\000n\000g\000e\000\040\0004\000:\000\040\000R\000i\000g\000o\000r\000o\000u\000s\000\040\000G\000i\000l\000e\000s\000-\000T\000e\000p\000e\000r\000\040\000B\000o\000u\000n\000d\000\040\000v\000i\000a\000\040\000T\000e\000m\000p\000l\000e\000'\000s\000\040\000I\000n\000e\000q\000u\000a\000l\000i\000t\000y}{section.G.1}% 211
\BOOKMARK [2][-]{subsection.G.7.1}{\376\377\000S\000t\000r\000a\000t\000e\000g\000y\000\040\000O\000v\000e\000r\000v\000i\000e\000w}{section.G.7}% 212
\BOOKMARK [2][-]{subsection.G.7.2}{\376\377\000M\000a\000t\000h\000e\000m\000a\000t\000i\000c\000a\000l\000\040\000F\000r\000a\000m\000e\000w\000o\000r\000k\000:\000\040\000T\000e\000m\000p\000l\000e\000'\000s\000\040\000I\000n\000e\000q\000u\000a\000l\000i\000t\000y}{section.G.7}% 213
\BOOKMARK [2][-]{subsection.G.7.3}{\376\377\000A\000p\000p\000l\000i\000c\000a\000t\000i\000o\000n\000\040\000t\000o\000\040\000Y\000a\000n\000g\000-\000M\000i\000l\000l\000s\000\040\000F\000l\000u\000x\000\040\000T\000u\000b\000e\000s}{section.G.7}% 214
\BOOKMARK [2][-]{subsection.G.7.4}{\376\377\000D\000e\000r\000i\000v\000a\000t\000i\000o\000n\000\040\000o\000f\000\040\000t\000h\000e\000\040\000G\000a\000p}{section.G.7}% 215
\BOOKMARK [1][-]{section.G.8}{\376\377\000R\000i\000g\000o\000r\000o\000u\000s\000\040\000R\000G\000\040\000B\000r\000i\000d\000g\000e\000:\000\040\000T\000h\000e\000\040\000M\000u\000l\000t\000i\000s\000c\000a\000l\000e\000\040\000F\000l\000o\000w\000\040\000T\000h\000e\000o\000r\000e\000m}{section.G.1}% 216
\BOOKMARK [2][-]{subsection.G.8.1}{\376\377\000T\000h\000e\000\040\000M\000a\000i\000n\000\040\000B\000r\000i\000d\000g\000e\000\040\000T\000h\000e\000o\000r\000e\000m}{section.G.8}% 217
\BOOKMARK [2][-]{subsection.G.8.2}{\376\377\000P\000h\000a\000s\000e\000\040\000I\000:\000\040\000T\000h\000e\000\040\000P\000e\000r\000t\000u\000r\000b\000a\000t\000i\000v\000e\000\040\000U\000l\000t\000r\000a\000v\000i\000o\000l\000e\000t\000\040\000F\000l\000o\000w\000\040\000\050\000B\000a\000l\000a\000b\000a\000n\000\040\000R\000e\000g\000i\000m\000e\000\051}{section.G.8}% 218
\BOOKMARK [2][-]{subsection.G.8.3}{\376\377\000P\000h\000a\000s\000e\000\040\000I\000I\000:\000\040\000T\000h\000e\000\040\000"\000B\000r\000i\000d\000g\000e\000\040\000S\000c\000a\000l\000e\000"\000\040\000K\000*}{section.G.8}% 219
\BOOKMARK [2][-]{subsection.G.8.4}{\376\377\000P\000h\000a\000s\000e\000\040\000I\000I\000I\000:\000\040\000S\000t\000r\000o\000n\000g\000\040\000C\000o\000u\000p\000l\000i\000n\000g\000\040\000a\000n\000d\000\040\000M\000a\000s\000s\000\040\000G\000a\000p\000\040\000\050\000O\000s\000t\000e\000r\000w\000a\000l\000d\000e\000r\000-\000S\000e\000i\000l\000e\000r\000\040\000R\000e\000g\000i\000m\000e\000\051}{section.G.8}% 220
\BOOKMARK [2][-]{subsection.G.8.5}{\376\377\000U\000n\000i\000f\000o\000r\000m\000i\000t\000y\000\040\000i\000n\000\040\000t\000h\000e\000\040\000C\000o\000n\000t\000i\000n\000u\000u\000m\000\040\000L\000i\000m\000i\000t}{section.G.8}% 221
\BOOKMARK [1][-]{section.G.9}{\376\377\000E\000x\000p\000l\000i\000c\000i\000t\000\040\000C\000a\000l\000c\000u\000l\000a\000t\000i\000o\000n\000\040\000o\000f\000\040\000t\000h\000e\000\040\000B\000r\000i\000d\000g\000e\000\040\000S\000c\000a\000l\000e}{section.G.1}% 222
\BOOKMARK [2][-]{subsection.G.9.1}{\376\377\000T\000h\000e\000\040\000R\000e\000n\000o\000r\000m\000a\000l\000i\000z\000a\000t\000i\000o\000n\000\040\000G\000r\000o\000u\000p\000\040\000E\000q\000u\000a\000t\000i\000o\000n}{section.G.9}% 223
\BOOKMARK [2][-]{subsection.G.9.2}{\376\377\000T\000h\000e\000\040\000M\000a\000t\000c\000h\000i\000n\000g\000\040\000C\000o\000n\000d\000i\000t\000i\000o\000n}{section.G.9}% 224
\BOOKMARK [2][-]{subsection.G.9.3}{\376\377\000P\000h\000y\000s\000i\000c\000a\000l\000\040\000S\000c\000a\000l\000e\000\040\000V\000e\000r\000i\000f\000i\000c\000a\000t\000i\000o\000n}{section.G.9}% 225
\BOOKMARK [2][-]{subsection.G.9.4}{\376\377\000U\000n\000i\000f\000o\000r\000m\000i\000t\000y\000\040\000o\000f\000\040\000t\000h\000e\000\040\000G\000a\000p\000\040\000a\000n\000d\000\040\000B\000a\000l\000a\000b\000a\000n\000'\000s\000\040\000R\000e\000g\000u\000l\000a\000r\000i\000t\000y}{section.G.9}% 226
\BOOKMARK [1][-]{section.G.10}{\376\377\000C\000o\000n\000c\000l\000u\000s\000i\000o\000n}{section.G.1}% 227
\BOOKMARK [1][-]{section.G.11}{\376\377\000O\000v\000e\000r\000v\000i\000e\000w\000\040\000o\000f\000\040\000R\000e\000s\000o\000l\000u\000t\000i\000o\000n\000\040\000M\000e\000t\000h\000o\000d\000s}{section.G.1}% 228
\BOOKMARK [1][-]{section.G.12}{\376\377\000T\000h\000e\000\040\000C\000r\000i\000t\000i\000c\000a\000l\000\040\000G\000a\000p\000\040\000C\000l\000o\000s\000e\000d\000:\000\040\000R\000i\000g\000o\000r\000o\000u\000s\000\040\0001\000D\000\040\000T\000r\000a\000n\000s\000f\000e\000r\000\040\000M\000a\000t\000r\000i\000x\000\040\000S\000p\000e\000c\000t\000r\000a\000l\000\040\000G\000a\000p}{section.G.1}% 229
\BOOKMARK [2][-]{subsection.G.12.1}{\376\377\000S\000t\000a\000t\000e\000m\000e\000n\000t\000\040\000o\000f\000\040\000t\000h\000e\000\040\000M\000a\000i\000n\000\040\000R\000e\000s\000u\000l\000t}{section.G.12}% 230
\BOOKMARK [2][-]{subsection.G.12.2}{\376\377\000P\000r\000o\000o\000f\000\040\000S\000t\000r\000a\000t\000e\000g\000y}{section.G.12}% 231
\BOOKMARK [2][-]{subsection.G.12.3}{\376\377\000S\000t\000e\000p\000\040\0001\000:\000\040\000O\000p\000e\000r\000a\000t\000o\000r\000\040\000P\000r\000o\000p\000e\000r\000t\000i\000e\000s}{section.G.12}% 232
\BOOKMARK [2][-]{subsection.G.12.4}{\376\377\000S\000t\000e\000p\000\040\0002\000:\000\040\000C\000h\000a\000r\000a\000c\000t\000e\000r\000\040\000E\000x\000p\000a\000n\000s\000i\000o\000n\000\040\000a\000n\000d\000\040\000E\000i\000g\000e\000n\000v\000a\000l\000u\000e\000s}{section.G.12}% 233
\BOOKMARK [2][-]{subsection.G.12.5}{\376\377\000S\000t\000e\000p\000\040\0003\000:\000\040\000F\000i\000r\000s\000t\000\040\000E\000x\000c\000i\000t\000e\000d\000\040\000S\000t\000a\000t\000e\000\040\000i\000s\000\040\000F\000u\000n\000d\000a\000m\000e\000n\000t\000a\000l}{section.G.12}% 234
\BOOKMARK [2][-]{subsection.G.12.6}{\376\377\000S\000t\000e\000p\000\040\0004\000:\000\040\000B\000e\000s\000s\000e\000l\000\040\000F\000u\000n\000c\000t\000i\000o\000n\000\040\000A\000n\000a\000l\000y\000s\000i\000s}{section.G.12}% 235
\BOOKMARK [2][-]{subsection.G.12.7}{\376\377\000S\000t\000e\000p\000\040\0005\000:\000\040\000Q\000u\000a\000n\000t\000i\000t\000a\000t\000i\000v\000e\000\040\000L\000o\000w\000e\000r\000\040\000B\000o\000u\000n\000d}{section.G.12}% 236
\BOOKMARK [2][-]{subsection.G.12.8}{\376\377\000C\000o\000n\000v\000e\000r\000s\000i\000o\000n\000\040\000t\000o\000\040\000L\000o\000g\000-\000S\000o\000b\000o\000l\000e\000v\000\040\000I\000n\000e\000q\000u\000a\000l\000i\000t\000y}{section.G.12}% 237
\BOOKMARK [2][-]{subsection.G.12.9}{\376\377\000A\000p\000p\000l\000i\000c\000a\000t\000i\000o\000n\000\040\000t\000o\000\040\000H\000i\000e\000r\000a\000r\000c\000h\000i\000c\000a\000l\000\040\000I\000n\000d\000u\000c\000t\000i\000o\000n}{section.G.12}% 238
\BOOKMARK [2][-]{subsection.G.12.10}{\376\377\000S\000u\000m\000m\000a\000r\000y\000:\000\040\000C\000r\000i\000t\000i\000c\000a\000l\000\040\000G\000a\000p\000\040\000C\000L\000O\000S\000E\000D}{section.G.12}% 239
\BOOKMARK [1][-]{section.G.13}{\376\377\000U\000n\000i\000f\000i\000e\000d\000\040\000R\000e\000s\000o\000l\000u\000t\000i\000o\000n\000\040\000o\000f\000\040\000O\000p\000e\000n\000\040\000P\000r\000o\000b\000l\000e\000m\000s\000:\000\040\000C\000o\000m\000p\000l\000e\000t\000e\000\040\000P\000r\000o\000o\000f}{section.G.1}% 240
\BOOKMARK [2][-]{subsection.G.13.1}{\376\377\000S\000u\000m\000m\000a\000r\000y\000\040\000o\000f\000\040\000R\000e\000s\000o\000l\000u\000t\000i\000o\000n\000s}{section.G.13}% 241
\BOOKMARK [2][-]{subsection.G.13.2}{\376\377\000R\000e\000s\000o\000l\000u\000t\000i\000o\000n\000\040\000F\0001\000:\000\040\000C\000o\000r\000r\000e\000c\000t\000\040\000L\000S\000I\000\040\000C\000o\000n\000s\000t\000a\000n\000t\000\040\000f\000o\000r\000\040\000S\000U\000\050\000N\000\051}{section.G.13}% 242
\BOOKMARK [2][-]{subsection.G.13.3}{\376\377\000R\000e\000s\000o\000l\000u\000t\000i\000o\000n\000\040\000F\0002\000:\000\040\000C\000o\000m\000p\000l\000e\000t\000e\000\040\0001\000D\000\040\000C\000h\000a\000i\000n\000\040\000P\000r\000o\000o\000f}{section.G.13}% 243
\BOOKMARK [2][-]{subsection.G.13.4}{\376\377\000R\000e\000s\000o\000l\000u\000t\000i\000o\000n\000\040\000G\0001\000:\000\040\000I\000n\000t\000e\000r\000m\000e\000d\000i\000a\000t\000e\000\040\000C\000o\000u\000p\000l\000i\000n\000g\000\040\000U\000n\000i\000f\000o\000r\000m\000\040\000B\000o\000u\000n\000d}{section.G.13}% 244
\BOOKMARK [2][-]{subsection.G.13.5}{\376\377\000R\000e\000s\000o\000l\000u\000t\000i\000o\000n\000\040\000F\0003\000:\000\040\000B\000o\000u\000n\000d\000a\000r\000y\000\040\000D\000i\000m\000e\000n\000s\000i\000o\000n\000a\000l\000\040\000R\000e\000d\000u\000c\000t\000i\000o\000n}{section.G.13}% 245
\BOOKMARK [2][-]{subsection.G.13.6}{\376\377\000R\000e\000s\000o\000l\000u\000t\000i\000o\000n\000\040\000G\0002\000:\000\040\000C\000o\000n\000t\000i\000n\000u\000u\000m\000\040\000L\000i\000m\000i\000t}{section.G.13}% 246
\BOOKMARK [2][-]{subsection.G.13.7}{\376\377\000V\000e\000r\000i\000f\000i\000c\000a\000t\000i\000o\000n\000:\000\040\000G\000i\000l\000e\000s\000-\000T\000e\000p\000e\000r\000\040\000C\000o\000n\000s\000t\000a\000n\000t}{section.G.13}% 247
\BOOKMARK [2][-]{subsection.G.13.8}{\376\377\000M\000a\000i\000n\000\040\000T\000h\000e\000o\000r\000e\000m\000:\000\040\000C\000o\000m\000p\000l\000e\000t\000e\000\040\000P\000r\000o\000o\000f}{section.G.13}% 248
\BOOKMARK [2][-]{subsection.G.13.9}{\376\377\000C\000o\000n\000c\000l\000u\000s\000i\000o\000n}{section.G.13}% 249
\BOOKMARK [1][-]{section.G.14}{\376\377\000R\000e\000s\000o\000l\000u\000t\000i\000o\000n\000\040\000o\000f\000\040\000O\000p\000e\000n\000\040\000P\000r\000o\000b\000l\000e\000m\000s\000:\000\040\000I\000n\000n\000o\000v\000a\000t\000i\000v\000e\000\040\000M\000a\000t\000h\000e\000m\000a\000t\000i\000c\000a\000l\000\040\000F\000r\000a\000m\000e\000w\000o\000r\000k\000s}{section.G.1}% 250
\BOOKMARK [2][-]{subsection.G.14.1}{\376\377\000O\000v\000e\000r\000v\000i\000e\000w}{section.G.14}% 251
\BOOKMARK [2][-]{subsection.G.14.2}{\376\377\000P\000a\000r\000t\000\040\000A\000:\000\040\000C\000u\000r\000v\000a\000t\000u\000r\000e\000-\000D\000i\000m\000e\000n\000s\000i\000o\000n\000\040\000v\000i\000a\000\040\000G\000a\000m\000m\000a\000\137\0002\000\040\000C\000a\000l\000c\000u\000l\000u\000s}{section.G.14}% 252
\BOOKMARK [2][-]{subsection.G.14.3}{\376\377\000P\000a\000r\000t\000\040\000B\000:\000\040\000R\000e\000g\000u\000l\000a\000r\000i\000t\000y\000\040\000S\000t\000r\000u\000c\000t\000u\000r\000e\000s\000\040\000f\000o\000r\000\040\000C\000o\000n\000t\000i\000n\000u\000u\000m\000\040\000L\000i\000m\000i\000t}{section.G.14}% 253
\BOOKMARK [2][-]{subsection.G.14.4}{\376\377\000P\000a\000r\000t\000\040\000C\000:\000\040\000U\000n\000i\000f\000o\000r\000m\000\040\000L\000S\000I\000\040\000v\000i\000a\000\040\000Q\000u\000a\000n\000t\000i\000t\000a\000t\000i\000v\000e\000\040\000H\000o\000m\000o\000g\000e\000n\000i\000z\000a\000t\000i\000o\000n}{section.G.14}% 254
\BOOKMARK [2][-]{subsection.G.14.5}{\376\377\000P\000a\000r\000t\000\040\000D\000:\000\040\000H\000e\000a\000t\000\040\000K\000e\000r\000n\000e\000l\000\040\000S\000p\000e\000c\000t\000r\000a\000l\000\040\000B\000o\000u\000n\000d\000s}{section.G.14}% 255
\BOOKMARK [2][-]{subsection.G.14.6}{\376\377\000P\000a\000r\000t\000\040\000E\000:\000\040\000M\000o\000s\000c\000o\000\040\000C\000o\000n\000v\000e\000r\000g\000e\000n\000c\000e\000\040\000w\000i\000t\000h\000\040\000E\000x\000p\000l\000i\000c\000i\000t\000\040\000C\000o\000n\000s\000t\000a\000n\000t\000s}{section.G.14}% 256
\BOOKMARK [2][-]{subsection.G.14.7}{\376\377\000M\000a\000i\000n\000\040\000T\000h\000e\000o\000r\000e\000m\000:\000\040\000A\000l\000l\000\040\000G\000a\000p\000s\000\040\000F\000i\000l\000l\000e\000d}{section.G.14}% 257
\BOOKMARK [2][-]{subsection.G.14.8}{\376\377\000S\000u\000m\000m\000a\000r\000y\000\040\000o\000f\000\040\000M\000a\000t\000h\000e\000m\000a\000t\000i\000c\000a\000l\000\040\000F\000r\000a\000m\000e\000w\000o\000r\000k\000s}{section.G.14}% 258
\BOOKMARK [1][-]{section.G.15}{\376\377\000R\000i\000g\000o\000r\000o\000u\000s\000\040\000R\000e\000s\000o\000l\000u\000t\000i\000o\000n\000\040\000o\000f\000\040\000O\000p\000e\000n\000\040\000P\000r\000o\000b\000l\000e\000m\000s\000:\000\040\000M\000a\000t\000h\000e\000m\000a\000t\000i\000c\000a\000l\000\040\000P\000r\000o\000o\000f\000s}{section.G.1}% 259
\BOOKMARK [2][-]{subsection.G.15.1}{\376\377\000M\000e\000t\000h\000o\000d\000\040\0001\000:\000\040\000S\000p\000e\000c\000t\000r\000a\000l\000\040\000I\000n\000d\000e\000p\000e\000n\000d\000e\000n\000c\000e\000\040\000a\000n\000d\000\040\000E\000n\000t\000r\000o\000p\000y\000\040\000F\000a\000c\000t\000o\000r\000i\000z\000a\000t\000i\000o\000n}{section.G.15}% 260
\BOOKMARK [2][-]{subsection.G.15.2}{\376\377\000M\000e\000t\000h\000o\000d\000\040\0003\000:\000\040\000E\000n\000t\000r\000o\000p\000i\000c\000\040\000I\000n\000d\000e\000p\000e\000n\000d\000e\000n\000c\000e\000\040\000v\000i\000a\000\040\000H\000i\000g\000h\000-\000D\000i\000m\000e\000n\000s\000i\000o\000n\000a\000l\000\040\000E\000x\000p\000a\000n\000d\000e\000r\000s}{section.G.15}% 261
\BOOKMARK [2][-]{subsection.G.15.3}{\376\377\000M\000e\000t\000h\000o\000d\000\040\0004\000:\000\040\000M\000a\000r\000t\000i\000n\000g\000a\000l\000e\000\040\000M\000e\000t\000h\000o\000d\000\040\000f\000o\000r\000\040\000B\000o\000u\000n\000d\000a\000r\000y\000\040\000M\000a\000r\000g\000i\000n\000a\000l\000s}{section.G.15}% 262
\BOOKMARK [2][-]{subsection.G.15.4}{\376\377\000M\000e\000t\000h\000o\000d\000\040\0005\000:\000\040\000P\000o\000l\000c\000h\000i\000n\000s\000k\000i\000\040\000E\000q\000u\000a\000t\000i\000o\000n\000\040\000f\000o\000r\000\040\000C\000o\000n\000t\000i\000n\000u\000u\000m\000\040\000L\000i\000m\000i\000t}{section.G.15}% 263
\BOOKMARK [2][-]{subsection.G.15.5}{\376\377\000M\000e\000t\000h\000o\000d\000\040\0006\000:\000\040\000R\000i\000g\000o\000r\000o\000u\000s\000\040\000G\000i\000l\000e\000s\000-\000T\000e\000p\000e\000r\000\040\000v\000i\000a\000\040\000O\000p\000e\000r\000a\000t\000o\000r\000\040\000M\000o\000n\000o\000t\000o\000n\000i\000c\000i\000t\000y}{section.G.15}% 264
\BOOKMARK [2][-]{subsection.G.15.6}{\376\377\000M\000e\000t\000h\000o\000d\000\040\0007\000:\000\040\000R\000e\000g\000u\000l\000a\000r\000i\000t\000y\000\040\000S\000t\000r\000u\000c\000t\000u\000r\000e\000s\000\040\000f\000o\000r\000\040\000C\000o\000n\000t\000i\000n\000u\000u\000m\000\040\000L\000i\000m\000i\000t}{section.G.15}% 265
\BOOKMARK [2][-]{subsection.G.15.7}{\376\377\000S\000y\000n\000t\000h\000e\000s\000i\000s\000:\000\040\000C\000o\000m\000p\000l\000e\000t\000e\000\040\000P\000r\000o\000o\000f\000\040\000o\000f\000\040\000M\000a\000s\000s\000\040\000G\000a\000p}{section.G.15}% 266
\BOOKMARK [2][-]{subsection.G.15.8}{\376\377\000E\000x\000p\000l\000i\000c\000i\000t\000\040\000C\000o\000n\000s\000t\000a\000n\000t\000s}{section.G.15}% 267
\BOOKMARK [1][-]{section.G.16}{\376\377\000A\000l\000t\000e\000r\000n\000a\000t\000i\000v\000e\000\040\000A\000p\000p\000r\000o\000a\000c\000h\000e\000s\000\040\000t\000o\000\040\000R\000e\000s\000o\000l\000u\000t\000i\000o\000n\000\040\000o\000f\000\040\000O\000p\000e\000n\000\040\000P\000r\000o\000b\000l\000e\000m\000s}{section.G.1}% 268
\BOOKMARK [-1][-]{section.G.16}{\376\377\000C\000h\000a\000l\000l\000e\000n\000g\000e\000\040\0001\000:\000\040\000S\000t\000r\000i\000n\000g\000\040\000T\000e\000n\000s\000i\000o\000n\000\040\000f\000o\000r\000\040\000A\000l\000l\000\040\000C\000o\000u\000p\000l\000i\000n\000g\000s}{}% 269
\BOOKMARK [0][-]{section.G.17}{\376\377\000T\000h\000e\000\040\000P\000r\000o\000b\000l\000e\000m\000:\000\040\000W\000h\000y\000\040\000W\000e\000a\000k\000\040\000C\000o\000u\000p\000l\000i\000n\000g\000\040\000i\000s\000\040\000H\000a\000r\000d}{section.G.16}% 270
\BOOKMARK [1][-]{section.G.18}{\376\377\000M\000e\000t\000h\000o\000d\000\040\0001\000:\000\040\000M\000o\000n\000o\000t\000o\000n\000e\000\040\000C\000o\000u\000p\000l\000i\000n\000g\000\040\000F\000l\000o\000w}{section.G.17}% 271
\BOOKMARK [1][-]{section.G.19}{\376\377\000M\000e\000t\000h\000o\000d\000\040\0002\000:\000\040\000O\000p\000t\000i\000m\000a\000l\000\040\000T\000r\000a\000n\000s\000p\000o\000r\000t\000\040\000I\000n\000t\000e\000r\000p\000o\000l\000a\000t\000i\000o\000n}{section.G.17}% 272
\BOOKMARK [1][-]{section.G.20}{\376\377\000M\000e\000t\000h\000o\000d\000\040\0003\000:\000\040\000G\000r\000i\000f\000f\000i\000t\000h\000s\000-\000S\000i\000m\000o\000n\000\040\000R\000e\000c\000o\000n\000s\000t\000r\000u\000c\000t\000i\000o\000n}{section.G.17}% 273
\BOOKMARK [-1][-]{equation.G.236}{\376\377\000G\000a\000p\000\040\0002\000:\000\040\000C\000o\000n\000s\000t\000r\000u\000c\000t\000i\000v\000e\000\040\000C\000o\000n\000t\000i\000n\000u\000u\000m\000\040\000L\000i\000m\000i\000t}{}% 274
\BOOKMARK [0][-]{section.G.21}{\376\377\000T\000h\000e\000\040\000P\000r\000o\000b\000l\000e\000m\000:\000\040\000C\000i\000r\000c\000u\000l\000a\000r\000i\000t\000y\000\040\000i\000n\000\040\000M\000o\000s\000c\000o\000\040\000C\000o\000n\000v\000e\000r\000g\000e\000n\000c\000e}{equation.G.236}% 275
\BOOKMARK [1][-]{section.G.22}{\376\377\000M\000e\000t\000h\000o\000d\000\040\0001\000:\000\040\000L\000a\000t\000t\000i\000c\000e\000-\000I\000n\000t\000r\000i\000n\000s\000i\000c\000\040\000C\000a\000u\000c\000h\000y\000\040\000S\000e\000q\000u\000e\000n\000c\000e}{section.G.21}% 276
\BOOKMARK [1][-]{section.G.23}{\376\377\000M\000e\000t\000h\000o\000d\000\040\0002\000:\000\040\000G\000a\000u\000g\000e\000-\000A\000d\000a\000p\000t\000e\000d\000\040\000R\000e\000g\000u\000l\000a\000r\000i\000t\000y\000\040\000S\000t\000r\000u\000c\000t\000u\000r\000e\000s}{section.G.21}% 277
\BOOKMARK [1][-]{section.G.24}{\376\377\000M\000e\000t\000h\000o\000d\000\040\0003\000:\000\040\000U\000n\000i\000v\000e\000r\000s\000a\000l\000\040\000L\000i\000m\000i\000t\000\040\000T\000h\000e\000o\000r\000e\000m}{section.G.21}% 278
\BOOKMARK [1][-]{section.G.25}{\376\377\000V\000e\000r\000i\000f\000i\000c\000a\000t\000i\000o\000n\000\040\000o\000f\000\040\000O\000s\000t\000e\000r\000w\000a\000l\000d\000e\000r\000-\000S\000c\000h\000r\000a\000d\000e\000r\000\040\000A\000x\000i\000o\000m\000s}{section.G.21}% 279
\BOOKMARK [1][-]{section.G.26}{\376\377\000S\000y\000n\000t\000h\000e\000s\000i\000s\000:\000\040\000C\000o\000m\000p\000l\000e\000t\000e\000\040\000R\000e\000s\000o\000l\000u\000t\000i\000o\000n\000\040\000o\000f\000\040\000C\000r\000i\000t\000i\000c\000a\000l\000\040\000G\000a\000p\000s}{section.G.21}% 280
\BOOKMARK [1][-]{section.G.27}{\376\377\000D\000i\000s\000c\000u\000s\000s\000i\000o\000n\000:\000\040\000W\000h\000a\000t\000\040\000R\000e\000m\000a\000i\000n\000s\000\040\000f\000o\000r\000\040\000r\000i\000g\000o\000r\000o\000u\000s\000\040\000s\000t\000a\000n\000d\000a\000r\000d\000\040\000S\000t\000a\000n\000d\000a\000r\000d}{section.G.21}% 281
\BOOKMARK [1][-]{section.G.28}{\376\377\000T\000e\000c\000h\000n\000i\000c\000a\000l\000\040\000M\000e\000t\000h\000o\000d\000s\000\040\000f\000o\000r\000\040\000M\000a\000s\000s\000\040\000G\000a\000p\000\040\000P\000r\000o\000o\000f}{section.G.21}% 282
\BOOKMARK [2][-]{subsection.G.28.1}{\376\377\000C\000l\000a\000r\000i\000f\000i\000c\000a\000t\000i\000o\000n\000\040\000o\000f\000\040\000D\000e\000p\000e\000n\000d\000e\000n\000c\000i\000e\000s}{section.G.28}% 283
\BOOKMARK [-1][-]{subsection.G.28.1}{\376\377\000G\000a\000p\000\040\0001\000:\000\040\000S\000t\000r\000i\000n\000g\000\040\000T\000e\000n\000s\000i\000o\000n\000\040\000f\000o\000r\000\040\000A\000l\000l\000\040\000C\000o\000u\000p\000l\000i\000n\000g\000s}{}% 284
\BOOKMARK [0][-]{section.G.29}{\376\377\000M\000e\000t\000h\000o\000d\000\040\0001\000:\000\040\000R\000e\000f\000l\000e\000c\000t\000i\000o\000n\000\040\000P\000o\000s\000i\000t\000i\000v\000i\000t\000y\000\040\000M\000o\000n\000o\000t\000o\000n\000i\000c\000i\000t\000y}{subsection.G.28.1}% 285
\BOOKMARK [1][-]{section.G.30}{\376\377\000M\000e\000t\000h\000o\000d\000\040\0002\000:\000\040\000C\000h\000e\000e\000g\000e\000r\000\040\000I\000s\000o\000p\000e\000r\000i\000m\000e\000t\000r\000i\000c\000\040\000B\000o\000u\000n\000d}{section.G.29}% 286
\BOOKMARK [1][-]{section.G.31}{\376\377\000M\000e\000t\000h\000o\000d\000\040\0003\000:\000\040\000H\000i\000e\000r\000a\000r\000c\000h\000i\000c\000a\000l\000\040\000R\000e\000n\000o\000r\000m\000a\000l\000i\000z\000a\000t\000i\000o\000n\000\040\000G\000r\000o\000u\000p}{section.G.29}% 287
\BOOKMARK [-1][-]{section.G.31}{\376\377\000G\000a\000p\000\040\0002\000:\000\040\000N\000o\000n\000-\000C\000i\000r\000c\000u\000l\000a\000r\000\040\000C\000o\000n\000t\000i\000n\000u\000u\000m\000\040\000L\000i\000m\000i\000t}{}% 288
\BOOKMARK [0][-]{section.G.32}{\376\377\000M\000e\000t\000h\000o\000d\000:\000\040\000I\000n\000t\000r\000i\000n\000s\000i\000c\000\040\000T\000i\000g\000h\000t\000n\000e\000s\000s\000\040\000C\000r\000i\000t\000e\000r\000i\000o\000n}{section.G.31}% 289
\BOOKMARK [-1][-]{section.G.32}{\376\377\000G\000a\000p\000\040\0003\000:\000\040\000U\000n\000i\000f\000o\000r\000m\000\040\000L\000S\000I\000\040\000f\000o\000r\000\040\000A\000l\000l\000\040\000C\000o\000u\000p\000l\000i\000n\000g\000s}{}% 290
\BOOKMARK [0][-]{section.G.33}{\376\377\000M\000e\000t\000h\000o\000d\000:\000\040\000M\000u\000l\000t\000i\000-\000S\000c\000a\000l\000e\000\040\000E\000n\000t\000r\000o\000p\000y\000\040\000D\000e\000c\000o\000m\000p\000o\000s\000i\000t\000i\000o\000n}{section.G.32}% 291
\BOOKMARK [-1][-]{section.G.33}{\376\377\000G\000a\000p\000\040\0004\000:\000\040\000G\000i\000l\000e\000s\000-\000T\000e\000p\000e\000r\000\040\000C\000o\000n\000s\000t\000a\000n\000t}{}% 292
\BOOKMARK [0][-]{section.G.34}{\376\377\000M\000e\000t\000h\000o\000d\000:\000\040\000D\000e\000r\000i\000v\000a\000t\000i\000o\000n\000\040\000o\000f\000\040\000c\000\137\000N}{section.G.33}% 293
\BOOKMARK [1][-]{section.G.35}{\376\377\000M\000a\000i\000n\000\040\000R\000e\000s\000u\000l\000t\000s}{section.G.34}% 294
\BOOKMARK [1][-]{section.G.36}{\376\377\000D\000e\000f\000i\000n\000i\000t\000i\000v\000e\000\040\000P\000r\000o\000o\000f\000s\000\040\000a\000n\000d\000\040\000C\000o\000m\000p\000l\000e\000t\000e\000\040\000R\000e\000s\000o\000l\000u\000t\000i\000o\000n}{section.G.34}% 295
\BOOKMARK [2][-]{subsection.G.36.1}{\376\377\000R\000e\000s\000o\000l\000u\000t\000i\000o\000n\000\040\0001\000:\000\040\000R\000i\000g\000o\000r\000o\000u\000s\000\040\000S\000t\000r\000i\000n\000g\000\040\000T\000e\000n\000s\000i\000o\000n\000\040\000L\000o\000w\000e\000r\000\040\000B\000o\000u\000n\000d}{section.G.36}% 296
\BOOKMARK [2][-]{subsection.G.36.2}{\376\377\000R\000e\000s\000o\000l\000u\000t\000i\000o\000n\000\040\0002\000:\000\040\000U\000n\000i\000f\000o\000r\000m\000\040\000M\000u\000l\000t\000i\000-\000S\000c\000a\000l\000e\000\040\000L\000S\000I}{section.G.36}% 297
\BOOKMARK [2][-]{subsection.G.36.3}{\376\377\000R\000e\000s\000o\000l\000u\000t\000i\000o\000n\000\040\0003\000:\000\040\000I\000n\000t\000r\000i\000n\000s\000i\000c\000\040\000T\000i\000g\000h\000t\000n\000e\000s\000s\000\040\000f\000o\000r\000\040\000C\000o\000n\000t\000i\000n\000u\000u\000m\000\040\000L\000i\000m\000i\000t}{section.G.36}% 298
\BOOKMARK [1][-]{section.G.37}{\376\377\000U\000n\000c\000o\000n\000d\000i\000t\000i\000o\000n\000a\000l\000\040\000P\000r\000o\000o\000f\000\040\000v\000i\000a\000\040\000A\000d\000j\000o\000i\000n\000t\000\040\000Q\000C\000D\000\040\000I\000n\000t\000e\000r\000p\000o\000l\000a\000t\000i\000o\000n}{section.G.34}% 299
\BOOKMARK [2][-]{subsection.G.37.1}{\376\377\000O\000v\000e\000r\000v\000i\000e\000w\000\040\000o\000f\000\040\000t\000h\000e\000\040\000R\000e\000s\000o\000l\000u\000t\000i\000o\000n}{section.G.37}% 300
\BOOKMARK [2][-]{subsection.G.37.2}{\376\377\000L\000a\000t\000t\000i\000c\000e\000\040\000F\000o\000r\000m\000u\000l\000a\000t\000i\000o\000n\000:\000\040\000R\000e\000f\000l\000e\000c\000t\000i\000o\000n\000\040\000P\000o\000s\000i\000t\000i\000v\000i\000t\000y}{section.G.37}% 301
\BOOKMARK [2][-]{subsection.G.37.3}{\376\377\000T\000h\000e\000o\000r\000e\000m\000\040\0001\000:\000\040\000E\000x\000a\000c\000t\000\040\000C\000e\000n\000t\000e\000r\000\040\000S\000y\000m\000m\000e\000t\000r\000y}{section.G.37}% 302
\BOOKMARK [2][-]{subsection.G.37.4}{\376\377\000T\000h\000e\000o\000r\000e\000m\000\040\0002\000:\000\040\000P\000o\000s\000i\000t\000i\000v\000i\000t\000y\000\040\000a\000n\000d\000\040\000A\000n\000a\000l\000y\000t\000i\000c\000i\000t\000y}{section.G.37}% 303
\BOOKMARK [2][-]{subsection.G.37.5}{\376\377\000A\000d\000d\000r\000e\000s\000s\000i\000n\000g\000\040\000t\000h\000e\000\040\000"\000L\000i\000q\000u\000i\000d\000-\000G\000a\000s\000"\000\040\000O\000b\000j\000e\000c\000t\000i\000o\000n}{section.G.37}% 304
\BOOKMARK [2][-]{subsection.G.37.6}{\376\377\000T\000h\000e\000o\000r\000e\000m\000\040\0003\000:\000\040\000T\000h\000e\000\040\000M\000a\000s\000s\000\040\000G\000a\000p}{section.G.37}% 305
\BOOKMARK [2][-]{subsection.G.37.7}{\376\377\000C\000o\000n\000c\000l\000u\000s\000i\000o\000n\000:\000\040\000U\000n\000c\000o\000n\000d\000i\000t\000i\000o\000n\000a\000l\000\040\000P\000o\000s\000i\000t\000i\000v\000i\000t\000y}{section.G.37}% 306
\BOOKMARK [0][-]{appendix.H}{\376\377\000S\000p\000e\000c\000t\000r\000a\000l\000\040\000G\000a\000p\000\040\000a\000n\000d\000\040\000P\000o\000i\000n\000c\000a\000r\000\351\000\040\000I\000n\000e\000q\000u\000a\000l\000i\000t\000i\000e\000s}{section.G.33}% 307
\BOOKMARK [1][-]{section.H.1}{\376\377\000T\000h\000e\000\040\000D\000e\000f\000i\000n\000i\000t\000i\000v\000e\000\040\000S\000p\000e\000c\000t\000r\000a\000l\000\040\000G\000a\000p\000\040\000A\000r\000g\000u\000m\000e\000n\000t}{appendix.H}% 308
\BOOKMARK [2][-]{subsection.H.1.1}{\376\377\000T\000h\000e\000\040\000C\000o\000r\000e\000\040\000M\000a\000t\000h\000e\000m\000a\000t\000i\000c\000a\000l\000\040\000S\000t\000r\000u\000c\000t\000u\000r\000e}{section.H.1}% 309
\BOOKMARK [2][-]{subsection.H.1.2}{\376\377\000C\000o\000m\000p\000l\000e\000t\000e\000\040\000P\000r\000o\000o\000f\000\040\000o\000f\000\040\000P\000i\000l\000l\000a\000r\000\040\000I}{section.H.1}% 310
\BOOKMARK [2][-]{subsection.H.1.3}{\376\377\000C\000o\000m\000p\000l\000e\000t\000e\000\040\000P\000r\000o\000o\000f\000\040\000o\000f\000\040\000P\000i\000l\000l\000a\000r\000\040\000I\000I}{section.H.1}% 311
\BOOKMARK [2][-]{subsection.H.1.4}{\376\377\000C\000o\000m\000p\000l\000e\000t\000e\000\040\000P\000r\000o\000o\000f\000\040\000o\000f\000\040\000P\000i\000l\000l\000a\000r\000\040\000I\000I\000I}{section.H.1}% 312
\BOOKMARK [2][-]{subsection.H.1.5}{\376\377\000T\000h\000e\000\040\000C\000o\000m\000p\000l\000e\000t\000e\000\040\000M\000a\000s\000s\000\040\000G\000a\000p\000\040\000T\000h\000e\000o\000r\000e\000m}{section.H.1}% 313
\BOOKMARK [1][-]{section.H.2}{\376\377\000T\000h\000e\000\040\000R\000i\000g\000o\000r\000o\000u\000s\000\040\000P\000o\000i\000n\000c\000a\000r\000\351\000\040\000I\000n\000e\000q\000u\000a\000l\000i\000t\000y\000\040\000o\000n\000\040\000G\000a\000u\000g\000e\000\040\000O\000r\000b\000i\000t\000s}{appendix.H}% 314
\BOOKMARK [2][-]{subsection.H.2.1}{\376\377\000S\000e\000t\000t\000i\000n\000g\000\040\000a\000n\000d\000\040\000N\000o\000t\000a\000t\000i\000o\000n}{section.H.2}% 315
\BOOKMARK [2][-]{subsection.H.2.2}{\376\377\000T\000h\000e\000\040\000P\000o\000i\000n\000c\000a\000r\000\351\000\040\000I\000n\000e\000q\000u\000a\000l\000i\000t\000y}{section.H.2}% 316
\BOOKMARK [2][-]{subsection.H.2.3}{\376\377\000Q\000u\000a\000n\000t\000i\000t\000a\000t\000i\000v\000e\000\040\000P\000o\000i\000n\000c\000a\000r\000\351\000\040\000C\000o\000n\000s\000t\000a\000n\000t}{section.H.2}% 317
\BOOKMARK [2][-]{subsection.H.2.4}{\376\377\000A\000p\000p\000l\000i\000c\000a\000t\000i\000o\000n\000\040\000t\000o\000\040\000M\000a\000s\000s\000\040\000G\000a\000p}{section.H.2}% 318
\BOOKMARK [1][-]{section.H.3}{\376\377\000S\000p\000e\000c\000t\000r\000a\000l\000\040\000P\000e\000r\000m\000a\000n\000e\000n\000c\000e\000:\000\040\000R\000i\000g\000o\000r\000o\000u\000s\000\040\000C\000o\000n\000t\000i\000n\000u\000u\000m\000\040\000L\000i\000m\000i\000t}{appendix.H}% 319
\BOOKMARK [2][-]{subsection.H.3.1}{\376\377\000T\000h\000e\000\040\000C\000e\000n\000t\000r\000a\000l\000\040\000P\000r\000o\000b\000l\000e\000m\000:\000\040\000R\000i\000g\000o\000r\000o\000u\000s\000\040\000C\000o\000n\000t\000i\000n\000u\000u\000m\000\040\000L\000i\000m\000i\000t}{section.H.3}% 320
\BOOKMARK [2][-]{subsection.H.3.2}{\376\377\000T\000h\000e\000\040\000S\000p\000e\000c\000t\000r\000a\000l\000\040\000P\000e\000r\000m\000a\000n\000e\000n\000c\000e\000\040\000T\000h\000e\000o\000r\000e\000m}{section.H.3}% 321
\BOOKMARK [2][-]{subsection.H.3.3}{\376\377\000N\000o\000n\000-\000P\000e\000r\000t\000u\000r\000b\000a\000t\000i\000v\000e\000\040\000V\000e\000r\000i\000f\000i\000c\000a\000t\000i\000o\000n\000\040\000o\000f\000\040\000P\000o\000s\000i\000t\000i\000v\000i\000t\000y}{section.H.3}% 322
\BOOKMARK [2][-]{subsection.H.3.4}{\376\377\000T\000h\000e\000\040\000B\000o\000o\000t\000s\000t\000r\000a\000p\000\040\000C\000o\000n\000s\000i\000s\000t\000e\000n\000c\000y\000\040\000C\000h\000e\000c\000k}{section.H.3}% 323
\BOOKMARK [2][-]{subsection.H.3.5}{\376\377\000Q\000u\000a\000n\000t\000i\000t\000a\000t\000i\000v\000e\000\040\000S\000p\000e\000c\000t\000r\000a\000l\000\040\000P\000e\000r\000m\000a\000n\000e\000n\000c\000e\000\040\000B\000o\000u\000n\000d\000s}{section.H.3}% 324
\BOOKMARK [2][-]{subsection.H.3.6}{\376\377\000U\000l\000t\000i\000m\000a\000t\000e\000\040\000M\000a\000t\000h\000e\000m\000a\000t\000i\000c\000a\000l\000\040\000F\000o\000u\000n\000d\000a\000t\000i\000o\000n}{section.H.3}% 325
\BOOKMARK [2][-]{subsection.H.3.7}{\376\377\000I\000n\000f\000r\000a\000r\000e\000d\000\040\000S\000t\000a\000b\000i\000l\000i\000t\000y\000:\000\040\000W\000h\000y\000\040\000t\000h\000e\000\040\000G\000a\000p\000\040\000C\000a\000n\000n\000o\000t\000\040\000C\000l\000o\000s\000e}{section.H.3}% 326
\BOOKMARK [2][-]{subsection.H.3.8}{\376\377\000C\000o\000m\000p\000l\000e\000t\000e\000\040\000A\000x\000i\000o\000m\000a\000t\000i\000c\000\040\000C\000h\000a\000r\000a\000c\000t\000e\000r\000i\000z\000a\000t\000i\000o\000n}{section.H.3}% 327
\BOOKMARK [2][-]{subsection.H.3.9}{\376\377\000L\000o\000g\000i\000c\000a\000l\000\040\000S\000t\000r\000u\000c\000t\000u\000r\000e\000\040\000o\000f\000\040\000t\000h\000e\000\040\000C\000o\000m\000p\000l\000e\000t\000e\000\040\000P\000r\000o\000o\000f}{section.H.3}% 328
\BOOKMARK [1][-]{section.H.4}{\376\377\000T\000r\000a\000n\000s\000f\000e\000r\000\040\000M\000a\000t\000r\000i\000x\000\040\000S\000p\000e\000c\000t\000r\000a\000l\000\040\000T\000h\000e\000o\000r\000y\000:\000\040\000T\000h\000e\000\040\0001\000D\000\040\000B\000a\000s\000e\000\040\000C\000a\000s\000e}{appendix.H}% 329
\BOOKMARK [2][-]{subsection.H.4.1}{\376\377\000S\000e\000t\000u\000p\000:\000\040\0001\000D\000\040\000Y\000a\000n\000g\000-\000M\000i\000l\000l\000s\000\040\000a\000s\000\040\000a\000\040\000S\000p\000i\000n\000\040\000C\000h\000a\000i\000n}{section.H.4}% 330
\BOOKMARK [2][-]{subsection.H.4.2}{\376\377\000T\000h\000e\000\040\000T\000r\000a\000n\000s\000f\000e\000r\000\040\000M\000a\000t\000r\000i\000x}{section.H.4}% 331
\BOOKMARK [2][-]{subsection.H.4.3}{\376\377\000C\000h\000a\000r\000a\000c\000t\000e\000r\000\040\000E\000x\000p\000a\000n\000s\000i\000o\000n}{section.H.4}% 332
\BOOKMARK [2][-]{subsection.H.4.4}{\376\377\000E\000i\000g\000e\000n\000v\000a\000l\000u\000e\000s\000\040\000v\000i\000a\000\040\000B\000e\000s\000s\000e\000l\000\040\000F\000u\000n\000c\000t\000i\000o\000n\000s}{section.H.4}% 333
\BOOKMARK [2][-]{subsection.H.4.5}{\376\377\000E\000x\000p\000l\000i\000c\000i\000t\000\040\000F\000o\000r\000m\000u\000l\000a\000s\000\040\000f\000o\000r\000\040\000S\000U\000\050\0002\000\051}{section.H.4}% 334
\BOOKMARK [2][-]{subsection.H.4.6}{\376\377\000E\000x\000p\000l\000i\000c\000i\000t\000\040\000F\000o\000r\000m\000u\000l\000a\000s\000\040\000f\000o\000r\000\040\000S\000U\000\050\0003\000\051}{section.H.4}% 335
\BOOKMARK [2][-]{subsection.H.4.7}{\376\377\000G\000e\000n\000e\000r\000a\000l\000\040\000S\000U\000\050\000N\000\051\000\040\000F\000o\000r\000m\000u\000l\000a}{section.H.4}% 336
\BOOKMARK [2][-]{subsection.H.4.8}{\376\377\000G\000a\000p\000-\000t\000o\000-\000L\000S\000I\000\040\000C\000o\000n\000v\000e\000r\000s\000i\000o\000n}{section.H.4}% 337
\BOOKMARK [2][-]{subsection.H.4.9}{\376\377\000R\000i\000g\000o\000r\000o\000u\000s\000\040\000B\000e\000s\000s\000e\000l\000\040\000F\000u\000n\000c\000t\000i\000o\000n\000\040\000B\000o\000u\000n\000d\000s}{section.H.4}% 338
\BOOKMARK [2][-]{subsection.H.4.10}{\376\377\000S\000u\000m\000m\000a\000r\000y}{section.H.4}% 339
\BOOKMARK [1][-]{section.H.5}{\376\377\000A\000p\000p\000e\000n\000d\000i\000x\000\040\000R\000.\0001\0005\0008\000:\000\040\000T\000h\000e\000\040\000G\000e\000o\000m\000e\000t\000r\000i\000c\000\040\000S\000p\000e\000c\000t\000r\000a\000l\000\040\000G\000a\000p\000\040\000P\000r\000o\000o\000f}{appendix.H}% 340
\BOOKMARK [2][-]{subsection.H.5.1}{\376\377\000D\000e\000f\000i\000n\000i\000t\000i\000o\000n\000s}{section.H.5}% 341
\BOOKMARK [2][-]{subsection.H.5.2}{\376\377\000T\000h\000e\000\040\000L\000o\000c\000a\000l\000\040\000C\000u\000r\000v\000a\000t\000u\000r\000e\000\040\000C\000a\000l\000c\000u\000l\000a\000t\000i\000o\000n}{section.H.5}% 342
\BOOKMARK [2][-]{subsection.H.5.3}{\376\377\000T\000h\000e\000\040\000G\000l\000o\000b\000a\000l\000\040\000C\000o\000n\000t\000r\000a\000c\000t\000i\000o\000n\000\040\000\050\000P\000r\000o\000o\000f\000\040\000o\000f\000\040\000k\000a\000p\000p\000a\000\040\000>\000\040\0000\000\051}{section.H.5}% 343
\BOOKMARK [2][-]{subsection.H.5.4}{\376\377\000C\000o\000n\000c\000l\000u\000s\000i\000o\000n\000\040\000o\000f\000\040\000t\000h\000e\000\040\000M\000a\000t\000h\000e\000m\000a\000t\000i\000c\000a\000l\000\040\000F\000i\000x}{section.H.5}% 344
\BOOKMARK [1][-]{section.H.6}{\376\377\000F\000i\000n\000a\000l\000\040\000G\000e\000o\000m\000e\000t\000r\000i\000c\000\040\000a\000n\000d\000\040\000S\000p\000e\000c\000t\000r\000a\000l\000\040\000R\000i\000g\000o\000r\000:\000\040\000S\000c\000a\000l\000e\000\040\000S\000e\000p\000a\000r\000a\000t\000i\000o\000n\000,\000\040\000C\000u\000r\000v\000a\000t\000u\000r\000e\000,\000\040\000a\000n\000d\000\040\000S\000t\000a\000b\000i\000l\000i\000t\000y}{appendix.H}% 345
\BOOKMARK [2][-]{subsection.H.6.1}{\376\377\000T\000h\000e\000\040\000F\000e\000s\000h\000b\000a\000c\000h\000-\000S\000c\000h\000u\000r\000\040\000M\000a\000p\000\040\000\050\000I\000s\000o\000s\000p\000e\000c\000t\000r\000a\000l\000\040\000R\000e\000n\000o\000r\000m\000a\000l\000i\000z\000a\000t\000i\000o\000n\000\051}{section.H.6}% 346
\BOOKMARK [2][-]{subsection.H.6.2}{\376\377\000L\000o\000c\000a\000l\000\040\000B\000l\000o\000c\000k\000\040\000O\000'\000N\000e\000i\000l\000l\000\040\000C\000u\000r\000v\000a\000t\000u\000r\000e\000\040\000\050\000Q\000u\000o\000t\000i\000e\000n\000t\000\040\000G\000e\000o\000m\000e\000t\000r\000y\000\051}{section.H.6}% 347
\BOOKMARK [2][-]{subsection.H.6.3}{\376\377\000T\000h\000e\000\040\000K\000a\000t\000o\000-\000R\000e\000l\000l\000i\000c\000h\000\040\000S\000e\000r\000i\000e\000s\000\040\000\050\000G\000a\000p\000\040\000A\000n\000a\000l\000y\000t\000i\000c\000i\000t\000y\000\051}{section.H.6}% 348
\BOOKMARK [2][-]{subsection.H.6.4}{\376\377\000T\000h\000e\000\040\000V\000a\000f\000a\000-\000W\000i\000t\000t\000e\000n\000\040\000B\000o\000u\000n\000d\000\040\000\050\000T\000h\000e\000t\000a\000\040\000V\000a\000c\000u\000u\000m\000\040\000S\000t\000a\000b\000i\000l\000i\000t\000y\000\051}{section.H.6}% 349
\BOOKMARK [0][-]{appendix.I}{\376\377\000L\000o\000g\000-\000S\000o\000b\000o\000l\000e\000v\000\040\000a\000n\000d\000\040\000F\000u\000n\000c\000t\000i\000o\000n\000a\000l\000\040\000I\000n\000e\000q\000u\000a\000l\000i\000t\000i\000e\000s}{section.G.33}% 350
\BOOKMARK [1][-]{section.I.1}{\376\377\000U\000n\000i\000f\000o\000r\000m\000\040\000L\000o\000g\000-\000S\000o\000b\000o\000l\000e\000v\000\040\000I\000n\000e\000q\000u\000a\000l\000i\000t\000y\000:\000\040\000C\000o\000m\000p\000l\000e\000t\000e\000\040\000R\000i\000g\000o\000r\000o\000u\000s\000\040\000P\000r\000o\000o\000f}{appendix.I}% 351
\BOOKMARK [2][-]{subsection.I.1.1}{\376\377\000S\000e\000t\000u\000p\000\040\000a\000n\000d\000\040\000S\000t\000a\000t\000e\000m\000e\000n\000t}{section.I.1}% 352
\BOOKMARK [2][-]{subsection.I.1.2}{\376\377\000T\000h\000e\000\040\000C\000o\000n\000d\000i\000t\000i\000o\000n\000a\000l\000\040\000T\000e\000n\000s\000o\000r\000i\000z\000a\000t\000i\000o\000n\000\040\000F\000r\000a\000m\000e\000w\000o\000r\000k}{section.I.1}% 353
\BOOKMARK [2][-]{subsection.I.1.3}{\376\377\000S\000t\000e\000p\000\040\0001\000:\000\040\000I\000n\000t\000e\000r\000i\000o\000r\000\040\000B\000l\000o\000c\000k\000\040\000L\000S\000I\000\040\000\050\000N\000o\000\040\000C\000i\000r\000c\000u\000l\000a\000r\000i\000t\000y\000\051}{section.I.1}% 354
\BOOKMARK [2][-]{subsection.I.1.4}{\376\377\000S\000t\000e\000p\000\040\0002\000:\000\040\000T\000h\000e\000\040\000I\000n\000d\000u\000c\000t\000i\000v\000e\000\040\000R\000e\000n\000o\000r\000m\000a\000l\000i\000z\000a\000t\000i\000o\000n\000\040\000A\000r\000g\000u\000m\000e\000n\000t}{section.I.1}% 355
\BOOKMARK [2][-]{subsection.I.1.5}{\376\377\000S\000t\000e\000p\000\040\0003\000:\000\040\000H\000i\000e\000r\000a\000r\000c\000h\000i\000c\000a\000l\000\040\000C\000o\000m\000b\000i\000n\000a\000t\000i\000o\000n}{section.I.1}% 356
\BOOKMARK [2][-]{subsection.I.1.6}{\376\377\000S\000t\000e\000p\000\040\0004\000:\000\040\000T\000h\000e\000\040\000F\000i\000n\000a\000l\000\040\000U\000n\000i\000f\000o\000r\000m\000\040\000B\000o\000u\000n\000d}{section.I.1}% 357
\BOOKMARK [2][-]{subsection.I.1.7}{\376\377\000I\000m\000p\000r\000o\000v\000e\000m\000e\000n\000t\000:\000\040\000R\000e\000m\000o\000v\000i\000n\000g\000\040\000t\000h\000e\000\040\000L\000o\000g\000\040\000F\000a\000c\000t\000o\000r}{section.I.1}% 358
\BOOKMARK [2][-]{subsection.I.1.8}{\376\377\000N\000o\000n\000-\000C\000i\000r\000c\000u\000l\000a\000r\000i\000t\000y\000\040\000V\000e\000r\000i\000f\000i\000c\000a\000t\000i\000o\000n}{section.I.1}% 359
\BOOKMARK [2][-]{subsection.I.1.9}{\376\377\000H\000a\000r\000d\000\040\000A\000n\000a\000l\000y\000s\000i\000s\000:\000\040\000E\000x\000p\000l\000i\000c\000i\000t\000\040\000C\000l\000u\000s\000t\000e\000r\000\040\000E\000x\000p\000a\000n\000s\000i\000o\000n\000\040\000B\000o\000u\000n\000d\000s}{section.I.1}% 360
\BOOKMARK [2][-]{subsection.I.1.10}{\376\377\000S\000u\000m\000m\000a\000r\000y}{section.I.1}% 361
\BOOKMARK [2][-]{subsection.I.1.11}{\376\377\000E\000x\000t\000e\000n\000s\000i\000o\000n\000\040\000t\000o\000\040\000I\000n\000t\000e\000r\000m\000e\000d\000i\000a\000t\000e\000\040\000C\000o\000u\000p\000l\000i\000n\000g}{section.I.1}% 362
\BOOKMARK [1][-]{section.I.2}{\376\377\000R\000i\000g\000o\000r\000o\000u\000s\000\040\000C\000o\000n\000d\000i\000t\000i\000o\000n\000a\000l\000\040\000T\000e\000n\000s\000o\000r\000i\000z\000a\000t\000i\000o\000n\000\040\000w\000i\000t\000h\000\040\000I\000n\000t\000e\000r\000a\000c\000t\000i\000o\000n\000\040\000T\000e\000r\000m\000s}{appendix.I}% 363
\BOOKMARK [2][-]{subsection.I.2.1}{\376\377\000T\000h\000e\000\040\000P\000r\000o\000b\000l\000e\000m\000\040\000w\000i\000t\000h\000\040\000N\000a\000\357\000v\000e\000\040\000T\000e\000n\000s\000o\000r\000i\000z\000a\000t\000i\000o\000n}{section.I.2}% 364
\BOOKMARK [2][-]{subsection.I.2.2}{\376\377\000E\000n\000t\000r\000o\000p\000y\000\040\000C\000h\000a\000i\000n\000\040\000R\000u\000l\000e}{section.I.2}% 365
\BOOKMARK [2][-]{subsection.I.2.3}{\376\377\000T\000h\000e\000\040\000C\000o\000n\000d\000i\000t\000i\000o\000n\000a\000l\000\040\000L\000S\000I\000\040\000T\000e\000r\000m}{section.I.2}% 366
\BOOKMARK [2][-]{subsection.I.2.4}{\376\377\000T\000h\000e\000\040\000C\000r\000i\000t\000i\000c\000a\000l\000\040\000I\000n\000t\000e\000r\000a\000c\000t\000i\000o\000n\000\040\000T\000e\000r\000m}{section.I.2}% 367
\BOOKMARK [2][-]{subsection.I.2.5}{\376\377\000B\000o\000u\000n\000d\000i\000n\000g\000\040\000t\000h\000e\000\040\000G\000r\000a\000d\000i\000e\000n\000t\000\040\000o\000f\000\040\000g}{section.I.2}% 368
\BOOKMARK [2][-]{subsection.I.2.6}{\376\377\000T\000h\000e\000\040\000M\000a\000i\000n\000\040\000T\000h\000e\000o\000r\000e\000m}{section.I.2}% 369
\BOOKMARK [2][-]{subsection.I.2.7}{\376\377\000A\000p\000p\000l\000i\000c\000a\000t\000i\000o\000n\000\040\000t\000o\000\040\000L\000a\000t\000t\000i\000c\000e\000\040\000G\000a\000u\000g\000e\000\040\000T\000h\000e\000o\000r\000y}{section.I.2}% 370
\BOOKMARK [1][-]{section.I.3}{\376\377\000R\000i\000g\000o\000r\000o\000u\000s\000\040\000R\000e\000s\000o\000l\000u\000t\000i\000o\000n\000\040\000o\000f\000\040\000t\000h\000e\000\040\000C\000o\000n\000d\000i\000t\000i\000o\000n\000a\000l\000\040\000T\000e\000n\000s\000o\000r\000i\000z\000a\000t\000i\000o\000n\000\040\000B\000o\000u\000n\000d\000a\000r\000y\000\040\000P\000r\000o\000b\000l\000e\000m}{appendix.I}% 371
\BOOKMARK [2][-]{subsection.I.3.1}{\376\377\000T\000h\000e\000\040\000B\000o\000u\000n\000d\000a\000r\000y\000\040\000P\000r\000o\000b\000l\000e\000m\000\040\000F\000o\000r\000m\000u\000l\000a\000t\000i\000o\000n}{section.I.3}% 372
\BOOKMARK [2][-]{subsection.I.3.2}{\376\377\000S\000t\000e\000p\000\040\0001\000:\000\040\000E\000f\000f\000e\000c\000t\000i\000v\000e\000\040\000L\000o\000c\000a\000l\000i\000t\000y\000\040\000o\000f\000\040\000B\000o\000u\000n\000d\000a\000r\000y\000\040\000I\000n\000t\000e\000r\000a\000c\000t\000i\000o\000n\000s}{section.I.3}% 373
\BOOKMARK [2][-]{subsection.I.3.3}{\376\377\000S\000t\000e\000p\000\040\0002\000:\000\040\000H\000i\000e\000r\000a\000r\000c\000h\000i\000c\000a\000l\000\040\000B\000o\000u\000n\000d\000a\000r\000y\000\040\000D\000e\000c\000o\000m\000p\000o\000s\000i\000t\000i\000o\000n}{section.I.3}% 374
\BOOKMARK [2][-]{subsection.I.3.4}{\376\377\000S\000t\000e\000p\000\040\0003\000:\000\040\000E\000x\000p\000l\000i\000c\000i\000t\000\040\000B\000o\000u\000n\000d\000\040\000C\000o\000m\000p\000u\000t\000a\000t\000i\000o\000n}{section.I.3}% 375
\BOOKMARK [2][-]{subsection.I.3.5}{\376\377\000S\000t\000e\000p\000\040\0004\000:\000\040\000R\000e\000s\000o\000l\000u\000t\000i\000o\000n\000\040\000o\000f\000\040\000B\000l\000o\000c\000k\000\040\000S\000i\000z\000e\000\040\000C\000o\000n\000s\000t\000r\000a\000i\000n\000t\000s}{section.I.3}% 376
\BOOKMARK [2][-]{subsection.I.3.6}{\376\377\000S\000t\000e\000p\000\040\0005\000:\000\040\000V\000a\000r\000i\000a\000n\000c\000e\000-\000B\000a\000s\000e\000d\000\040\000T\000r\000a\000n\000s\000p\000o\000r\000t\000\040\000E\000n\000h\000a\000n\000c\000e\000m\000e\000n\000t}{section.I.3}% 377
\BOOKMARK [2][-]{subsection.I.3.7}{\376\377\000M\000a\000i\000n\000\040\000R\000e\000s\000o\000l\000u\000t\000i\000o\000n\000\040\000T\000h\000e\000o\000r\000e\000m}{section.I.3}% 378
\BOOKMARK [2][-]{subsection.I.3.8}{\376\377\000E\000x\000p\000l\000i\000c\000i\000t\000\040\000N\000u\000m\000e\000r\000i\000c\000a\000l\000\040\000B\000o\000u\000n\000d\000s}{section.I.3}% 379
\BOOKMARK [2][-]{subsection.I.3.9}{\376\377\000S\000t\000a\000t\000u\000s\000\040\000R\000e\000s\000o\000l\000u\000t\000i\000o\000n}{section.I.3}% 380
\BOOKMARK [0][-]{appendix.J}{\376\377\000Q\000u\000a\000n\000t\000i\000t\000a\000t\000i\000v\000e\000\040\000V\000e\000r\000i\000f\000i\000c\000a\000t\000i\000o\000n\000\040\000o\000f\000\040\000H\000i\000e\000r\000a\000r\000c\000h\000i\000c\000a\000l\000\040\000L\000S\000I\000\040\000C\000o\000n\000s\000t\000a\000n\000t\000s}{section.G.33}% 381
\BOOKMARK [1][-]{section.J.1}{\376\377\000O\000v\000e\000r\000v\000i\000e\000w\000\040\000o\000f\000\040\000R\000e\000q\000u\000i\000r\000e\000d\000\040\000C\000o\000n\000s\000t\000a\000n\000t\000s}{appendix.J}% 382
\BOOKMARK [1][-]{section.J.2}{\376\377\000E\000x\000p\000l\000i\000c\000i\000t\000\040\000D\000e\000f\000i\000n\000i\000t\000i\000o\000n\000s}{appendix.J}% 383
\BOOKMARK [2][-]{subsection.J.2.1}{\376\377\000B\000l\000o\000c\000k\000\040\000D\000i\000m\000e\000n\000s\000i\000o\000n\000s\000\040\000a\000n\000d\000\040\000S\000c\000a\000l\000e\000s}{section.J.2}% 384
\BOOKMARK [2][-]{subsection.J.2.2}{\376\377\000T\000h\000e\000\040\000M\000i\000x\000i\000n\000g\000\040\000C\000o\000n\000s\000t\000a\000n\000t\000\040\000C\000m\000i\000x}{section.J.2}% 385
\BOOKMARK [2][-]{subsection.J.2.3}{\376\377\000T\000h\000e\000\040\000D\000o\000b\000r\000u\000s\000h\000i\000n\000\040\000C\000o\000e\000f\000f\000i\000c\000i\000e\000n\000t\000\040\000c\000\050\000\051}{section.J.2}% 386
\BOOKMARK [1][-]{section.J.3}{\376\377\000V\000e\000r\000i\000f\000i\000c\000a\000t\000i\000o\000n\000\040\000o\000f\000\040\000C\000o\000n\000t\000r\000a\000c\000t\000i\000o\000n\000\040\000C\000o\000n\000d\000i\000t\000i\000o\000n}{appendix.J}% 387
\BOOKMARK [2][-]{subsection.J.3.1}{\376\377\000T\000r\000a\000n\000s\000p\000o\000r\000t\000\040\000N\000o\000r\000m\000\040\000B\000o\000u\000n\000d}{section.J.3}% 388
\BOOKMARK [2][-]{subsection.J.3.2}{\376\377\000E\000x\000p\000l\000i\000c\000i\000t\000\040\000C\000a\000l\000c\000u\000l\000a\000t\000i\000o\000n}{section.J.3}% 389
\BOOKMARK [2][-]{subsection.J.3.3}{\376\377\000R\000e\000q\000u\000i\000r\000e\000d\000\040\000B\000l\000o\000c\000k\000\040\000S\000i\000z\000e}{section.J.3}% 390
\BOOKMARK [1][-]{section.J.4}{\376\377\000R\000i\000g\000o\000r\000o\000u\000s\000\040\000V\000e\000r\000i\000f\000i\000c\000a\000t\000i\000o\000n\000\040\000T\000h\000e\000o\000r\000e\000m}{appendix.J}% 391
\BOOKMARK [1][-]{section.J.5}{\376\377\000I\000m\000p\000l\000i\000c\000a\000t\000i\000o\000n\000s\000\040\000f\000o\000r\000\040\000t\000h\000e\000\040\000M\000a\000s\000s\000\040\000G\000a\000p}{appendix.J}% 392
\BOOKMARK [0][-]{appendix.K}{\376\377\000C\000o\000n\000t\000i\000n\000u\000u\000m\000\040\000L\000i\000m\000i\000t\000:\000\040\000C\000o\000n\000v\000e\000r\000g\000e\000n\000c\000e\000\040\000a\000n\000d\000\040\000E\000r\000r\000o\000r\000\040\000B\000o\000u\000n\000d\000s}{section.G.33}% 393
\BOOKMARK [1][-]{section.K.1}{\376\377\000C\000o\000n\000t\000i\000n\000u\000u\000m\000\040\000L\000i\000m\000i\000t\000:\000\040\000F\000r\000o\000m\000\040\000L\000a\000t\000t\000i\000c\000e\000\040\000G\000a\000p\000\040\000t\000o\000\040\000P\000h\000y\000s\000i\000c\000a\000l\000\040\000M\000a\000s\000s\000\040\000G\000a\000p}{appendix.K}% 394
\BOOKMARK [2][-]{subsection.K.1.1}{\376\377\000E\000x\000t\000e\000n\000s\000i\000o\000n\000\040\0002\000:\000\040\000E\000x\000p\000l\000i\000c\000i\000t\000\040\000D\000e\000r\000i\000v\000a\000t\000i\000o\000n\000\040\000o\000f\000\040\000t\000h\000e\000\040\000C\000o\000n\000t\000i\000n\000u\000u\000m\000\040\000L\000i\000m\000i\000t}{section.K.1}% 395
\BOOKMARK [2][-]{subsection.K.1.2}{\376\377\000A\000s\000y\000m\000p\000t\000o\000t\000i\000c\000\040\000F\000r\000e\000e\000d\000o\000m\000\040\000a\000n\000d\000\040\000t\000h\000e\000\040\000R\000u\000n\000n\000i\000n\000g\000\040\000C\000o\000u\000p\000l\000i\000n\000g}{section.K.1}% 396
\BOOKMARK [2][-]{subsection.K.1.3}{\376\377\000T\000h\000e\000\040\000K\000e\000y\000\040\000D\000i\000f\000f\000i\000c\000u\000l\000t\000y\000:\000\040\000D\000e\000l\000t\000a\000\137\000l\000a\000t\000t\000i\000c\000e\000\040\000t\000o\000\040\0000\000\040\000a\000s\000\040\000b\000e\000t\000a\000\040\000t\000o\000\040\000i\000n\000f\000i\000n\000i\000t\000y}{section.K.1}% 397
\BOOKMARK [2][-]{subsection.K.1.4}{\376\377\000D\000i\000m\000e\000n\000s\000i\000o\000n\000a\000l\000\040\000T\000r\000a\000n\000s\000m\000u\000t\000a\000t\000i\000o\000n}{section.K.1}% 398
\BOOKMARK [2][-]{subsection.K.1.5}{\376\377\000T\000h\000e\000\040\000M\000a\000s\000s\000\040\000G\000a\000p\000\040\000i\000n\000\040\000T\000e\000r\000m\000s\000\040\000o\000f\000\040\000L\000a\000m\000b\000d\000a}{section.K.1}% 399
\BOOKMARK [2][-]{subsection.K.1.6}{\376\377\000O\000s\000t\000e\000r\000w\000a\000l\000d\000e\000r\000-\000S\000c\000h\000r\000a\000d\000e\000r\000\040\000R\000e\000c\000o\000n\000s\000t\000r\000u\000c\000t\000i\000o\000n}{section.K.1}% 400
\BOOKMARK [2][-]{subsection.K.1.7}{\376\377\000M\000a\000s\000s\000\040\000G\000a\000p\000\040\000f\000r\000o\000m\000\040\000S\000p\000e\000c\000t\000r\000a\000l\000\040\000G\000a\000p}{section.K.1}% 401
\BOOKMARK [2][-]{subsection.K.1.8}{\376\377\000T\000a\000k\000i\000n\000g\000\040\000t\000h\000e\000\040\000C\000o\000n\000t\000i\000n\000u\000u\000m\000\040\000L\000i\000m\000i\000t}{section.K.1}% 402
\BOOKMARK [2][-]{subsection.K.1.9}{\376\377\000T\000h\000e\000\040\000P\000h\000y\000s\000i\000c\000a\000l\000\040\000M\000a\000s\000s\000\040\000G\000a\000p}{section.K.1}% 403
\BOOKMARK [2][-]{subsection.K.1.10}{\376\377\000N\000u\000m\000e\000r\000i\000c\000a\000l\000\040\000E\000s\000t\000i\000m\000a\000t\000e\000\040\000o\000f\000\040\000c\000N}{section.K.1}% 404
\BOOKMARK [2][-]{subsection.K.1.11}{\376\377\000S\000u\000m\000m\000a\000r\000y\000:\000\040\000C\000o\000m\000p\000l\000e\000t\000e\000\040\000P\000r\000o\000o\000f\000\040\000S\000t\000r\000u\000c\000t\000u\000r\000e}{section.K.1}% 405
\BOOKMARK [1][-]{section.K.2}{\376\377\000R\000o\000a\000d\000m\000a\000p\000\040\0004\000:\000\040\000T\000h\000e\000\040\000C\000o\000n\000t\000i\000n\000u\000u\000m\000\040\000L\000i\000m\000i\000t\000\040\000P\000a\000t\000h}{appendix.K}% 406
\BOOKMARK [2][-]{subsection.K.2.1}{\376\377\000T\000h\000e\000\040\000P\000r\000o\000b\000l\000e\000m\000:\000\040\000L\000a\000t\000t\000i\000c\000e\000\040\000t\000o\000\040\000C\000o\000n\000t\000i\000n\000u\000u\000m}{section.K.2}% 407
\BOOKMARK [2][-]{subsection.K.2.2}{\376\377\000T\000h\000e\000\040\000S\000t\000r\000a\000t\000e\000g\000y\000:\000\040\000M\000o\000s\000c\000o\000\040\000C\000o\000n\000v\000e\000r\000g\000e\000n\000c\000e}{section.K.2}% 408
\BOOKMARK [2][-]{subsection.K.2.3}{\376\377\000S\000t\000e\000p\000\040\0001\000:\000\040\000I\000n\000t\000r\000i\000n\000s\000i\000c\000\040\000S\000c\000a\000l\000e\000\040\000S\000e\000t\000t\000i\000n\000g}{section.K.2}% 409
\BOOKMARK [2][-]{subsection.K.2.4}{\376\377\000S\000t\000e\000p\000\040\0002\000:\000\040\000T\000h\000e\000\040\000D\000i\000m\000e\000n\000s\000i\000o\000n\000l\000e\000s\000s\000\040\000R\000a\000t\000i\000o}{section.K.2}% 410
\BOOKMARK [2][-]{subsection.K.2.5}{\376\377\000S\000t\000e\000p\000\040\0003\000:\000\040\000M\000o\000s\000c\000o\000\040\000C\000o\000n\000v\000e\000r\000g\000e\000n\000c\000e\000\040\000o\000f\000\040\000D\000i\000r\000i\000c\000h\000l\000e\000t\000\040\000F\000o\000r\000m\000s}{section.K.2}% 411
\BOOKMARK [2][-]{subsection.K.2.6}{\376\377\000S\000t\000e\000p\000\040\0004\000:\000\040\000S\000p\000e\000c\000t\000r\000a\000l\000\040\000P\000e\000r\000m\000a\000n\000e\000n\000c\000e}{section.K.2}% 412
\BOOKMARK [2][-]{subsection.K.2.7}{\376\377\000T\000h\000e\000\040\000O\000s\000t\000e\000r\000w\000a\000l\000d\000e\000r\000-\000S\000c\000h\000r\000a\000d\000e\000r\000\040\000R\000e\000c\000o\000n\000s\000t\000r\000u\000c\000t\000i\000o\000n}{section.K.2}% 413
\BOOKMARK [2][-]{subsection.K.2.8}{\376\377\000S\000y\000m\000a\000n\000z\000i\000k\000\040\000I\000m\000p\000r\000o\000v\000e\000m\000e\000n\000t\000\040\000a\000n\000d\000\040\000R\000o\000t\000a\000t\000i\000o\000n\000a\000l\000\040\000S\000y\000m\000m\000e\000t\000r\000y}{section.K.2}% 414
\BOOKMARK [2][-]{subsection.K.2.9}{\376\377\000S\000u\000m\000m\000a\000r\000y\000:\000\040\000C\000o\000n\000t\000i\000n\000u\000u\000m\000\040\000L\000i\000m\000i\000t\000\040\000P\000a\000t\000h}{section.K.2}% 415
\BOOKMARK [2][-]{subsection.K.2.10}{\376\377\000C\000o\000n\000n\000e\000c\000t\000i\000o\000n\000\040\000t\000o\000\040\000O\000t\000h\000e\000r\000\040\000R\000o\000a\000d\000m\000a\000p\000s}{section.K.2}% 416
\BOOKMARK [1][-]{section.K.3}{\376\377\000C\000o\000n\000t\000i\000n\000u\000u\000m\000\040\000L\000i\000m\000i\000t\000\040\000v\000i\000a\000\040\000M\000o\000s\000c\000o\000\040\000C\000o\000n\000v\000e\000r\000g\000e\000n\000c\000e\000:\000\040\000S\000p\000e\000c\000t\000r\000a\000l\000\040\000P\000e\000r\000m\000a\000n\000e\000n\000c\000e}{appendix.K}% 417
\BOOKMARK [2][-]{subsection.K.3.1}{\376\377\000T\000h\000e\000\040\000C\000o\000n\000t\000i\000n\000u\000u\000m\000\040\000L\000i\000m\000i\000t\000\040\000P\000r\000o\000b\000l\000e\000m}{section.K.3}% 418
\BOOKMARK [2][-]{subsection.K.3.2}{\376\377\000R\000i\000g\000o\000r\000o\000u\000s\000\040\000F\000r\000a\000m\000e\000w\000o\000r\000k\000:\000\040\000G\000e\000n\000e\000r\000a\000l\000i\000z\000e\000d\000\040\000M\000o\000s\000c\000o\000\040\000C\000o\000n\000v\000e\000r\000g\000e\000n\000c\000e}{section.K.3}% 419
\BOOKMARK [2][-]{subsection.K.3.3}{\376\377\000V\000e\000r\000i\000f\000i\000c\000a\000t\000i\000o\000n\000\040\000o\000f\000\040\000M\000o\000s\000c\000o\000\040\000C\000o\000n\000v\000e\000r\000g\000e\000n\000c\000e\000\040\000f\000o\000r\000\040\000Y\000a\000n\000g\000-\000M\000i\000l\000l\000s}{section.K.3}% 420
\BOOKMARK [2][-]{subsection.K.3.4}{\376\377\000N\000o\000n\000-\000T\000r\000i\000v\000i\000a\000l\000:\000\040\000M\000e\000a\000s\000u\000r\000e\000\040\000C\000o\000n\000v\000e\000r\000g\000e\000n\000c\000e}{section.K.3}% 421
\BOOKMARK [2][-]{subsection.K.3.5}{\376\377\000M\000a\000i\000n\000\040\000R\000e\000s\000u\000l\000t\000:\000\040\000C\000o\000n\000t\000i\000n\000u\000u\000m\000\040\000M\000a\000s\000s\000\040\000G\000a\000p}{section.K.3}% 422
\BOOKMARK [2][-]{subsection.K.3.6}{\376\377\000A\000l\000t\000e\000r\000n\000a\000t\000i\000v\000e\000:\000\040\000D\000i\000r\000e\000c\000t\000\040\000C\000o\000n\000t\000i\000n\000u\000u\000m\000\040\000C\000o\000n\000s\000t\000r\000u\000c\000t\000i\000o\000n}{section.K.3}% 423
\BOOKMARK [2][-]{subsection.K.3.7}{\376\377\000D\000i\000m\000e\000n\000s\000i\000o\000n\000a\000l\000\040\000T\000r\000a\000n\000s\000m\000u\000t\000a\000t\000i\000o\000n}{section.K.3}% 424
\BOOKMARK [2][-]{subsection.K.3.8}{\376\377\000S\000u\000m\000m\000a\000r\000y\000\040\000o\000f\000\040\000C\000o\000n\000t\000i\000n\000u\000u\000m\000\040\000L\000i\000m\000i\000t}{section.K.3}% 425
\BOOKMARK [1][-]{section.K.4}{\376\377\000R\000e\000s\000o\000l\000u\000t\000i\000o\000n\000\040\000o\000f\000\040\000t\000h\000e\000\040\000C\000r\000i\000t\000i\000c\000a\000l\000\040\000G\000a\000p\000:\000\040\000C\000o\000n\000t\000i\000n\000u\000u\000m\000\040\000S\000c\000a\000l\000i\000n\000g}{appendix.K}% 426
\BOOKMARK [2][-]{subsection.K.4.1}{\376\377\000S\000t\000a\000t\000e\000m\000e\000n\000t\000\040\000o\000f\000\040\000t\000h\000e\000\040\000C\000r\000i\000t\000i\000c\000a\000l\000\040\000P\000r\000o\000b\000l\000e\000m}{section.K.4}% 427
\BOOKMARK [2][-]{subsection.K.4.2}{\376\377\000T\000h\000e\000\040\000G\000i\000l\000e\000s\000-\000T\000e\000p\000e\000r\000\040\000R\000e\000s\000o\000l\000u\000t\000i\000o\000n}{section.K.4}% 428
\BOOKMARK [2][-]{subsection.K.4.3}{\376\377\000R\000i\000g\000o\000r\000o\000u\000s\000\040\000E\000r\000r\000o\000r\000\040\000A\000n\000a\000l\000y\000s\000i\000s}{section.K.4}% 429
\BOOKMARK [2][-]{subsection.K.4.4}{\376\377\000T\000h\000e\000\040\000C\000o\000m\000p\000l\000e\000t\000e\000\040\000C\000o\000n\000t\000i\000n\000u\000u\000m\000\040\000T\000h\000e\000o\000r\000e\000m}{section.K.4}% 430
\BOOKMARK [2][-]{subsection.K.4.5}{\376\377\000V\000e\000r\000i\000f\000i\000c\000a\000t\000i\000o\000n\000\040\000o\000f\000\040\000r\000i\000g\000o\000r\000o\000u\000s\000\040\000s\000t\000a\000n\000d\000a\000r\000d\000\040\000R\000e\000q\000u\000i\000r\000e\000m\000e\000n\000t\000s}{section.K.4}% 431
\BOOKMARK [2][-]{subsection.K.4.6}{\376\377\000R\000e\000m\000a\000i\000n\000i\000n\000g\000\040\000T\000e\000c\000h\000n\000i\000c\000a\000l\000\040\000D\000e\000t\000a\000i\000l\000s}{section.K.4}% 432
\BOOKMARK [2][-]{subsection.K.4.7}{\376\377\000F\000i\000n\000a\000l\000\040\000S\000t\000a\000t\000u\000s}{section.K.4}% 433
\BOOKMARK [1][-]{section.K.5}{\376\377\000R\000i\000g\000o\000r\000o\000u\000s\000\040\000C\000o\000n\000t\000i\000n\000u\000u\000m\000\040\000L\000i\000m\000i\000t\000\040\000w\000i\000t\000h\000\040\000E\000x\000p\000l\000i\000c\000i\000t\000\040\000E\000r\000r\000o\000r\000\040\000B\000o\000u\000n\000d\000s}{appendix.K}% 434
\BOOKMARK [2][-]{subsection.K.5.1}{\376\377\000S\000t\000a\000t\000e\000m\000e\000n\000t\000\040\000o\000f\000\040\000R\000e\000s\000u\000l\000t\000s}{section.K.5}% 435
\BOOKMARK [2][-]{subsection.K.5.2}{\376\377\000P\000r\000o\000o\000f\000\040\000o\000f\000\040\000E\000x\000i\000s\000t\000e\000n\000c\000e\000\040\000\050\000P\000a\000r\000t\000\040\000i\000\051}{section.K.5}% 436
\BOOKMARK [2][-]{subsection.K.5.3}{\376\377\000F\000r\000a\000m\000e\000w\000o\000r\000k\000\040\000f\000o\000r\000\040\000E\000x\000a\000c\000t\000\040\000V\000a\000l\000u\000e\000\040\000\050\000P\000a\000r\000t\000\040\000i\000i\000\051}{section.K.5}% 437
\BOOKMARK [2][-]{subsection.K.5.4}{\376\377\000P\000r\000o\000o\000f\000\040\000o\000f\000\040\000C\000o\000n\000v\000e\000r\000g\000e\000n\000c\000e\000\040\000R\000a\000t\000e\000\040\000\050\000P\000a\000r\000t\000\040\000i\000i\000i\000\051}{section.K.5}% 438
\BOOKMARK [2][-]{subsection.K.5.5}{\376\377\000E\000x\000p\000l\000i\000c\000i\000t\000\040\000C\000o\000n\000s\000t\000a\000n\000t\000s}{section.K.5}% 439
\BOOKMARK [2][-]{subsection.K.5.6}{\376\377\000A\000s\000y\000m\000p\000t\000o\000t\000i\000c\000\040\000S\000h\000a\000r\000p\000n\000e\000s\000s\000\040\000-\000\040\000N\000o\000w\000\040\000R\000i\000g\000o\000r\000o\000u\000s}{section.K.5}% 440
\BOOKMARK [2][-]{subsection.K.5.7}{\376\377\000S\000u\000m\000m\000a\000r\000y\000\040\000o\000f\000\040\000R\000e\000s\000u\000l\000t\000s}{section.K.5}% 441
\BOOKMARK [2][-]{subsection.K.5.8}{\376\377\000R\000e\000f\000i\000n\000e\000d\000\040\000N\000u\000m\000e\000r\000i\000c\000a\000l\000\040\000P\000r\000e\000d\000i\000c\000t\000i\000o\000n}{section.K.5}% 442
\BOOKMARK [2][-]{subsection.K.5.9}{\376\377\000T\000e\000c\000h\000n\000i\000c\000a\000l\000\040\000L\000e\000m\000m\000a\000s}{section.K.5}% 443
\BOOKMARK [2][-]{subsection.K.5.10}{\376\377\000F\000i\000n\000a\000l\000\040\000S\000t\000a\000t\000e\000m\000e\000n\000t}{section.K.5}% 444
\BOOKMARK [1][-]{section.K.6}{\376\377\000R\000i\000g\000o\000r\000o\000u\000s\000\040\000C\000o\000n\000t\000i\000n\000u\000u\000m\000\040\000E\000r\000r\000o\000r\000\040\000B\000o\000u\000n\000d\000s\000\040\000\050\000S\000u\000p\000p\000l\000e\000m\000e\000n\000t\000a\000r\000y\000\051}{appendix.K}% 445
\BOOKMARK [2][-]{subsection.K.6.1}{\376\377\000S\000y\000m\000a\000n\000z\000i\000k\000\040\000I\000m\000p\000r\000o\000v\000e\000m\000e\000n\000t\000\040\000a\000n\000d\000\040\000E\000r\000r\000o\000r\000\040\000E\000s\000t\000i\000m\000a\000t\000e\000s}{section.K.6}% 446
\BOOKMARK [2][-]{subsection.K.6.2}{\376\377\000E\000x\000p\000l\000i\000c\000i\000t\000\040\000C\000o\000n\000s\000t\000a\000n\000t\000s\000\040\000f\000o\000r\000\040\000S\000U\000\050\0003\000\051}{section.K.6}% 447
\BOOKMARK [2][-]{subsection.K.6.3}{\376\377\000F\000i\000n\000i\000t\000e\000\040\000V\000o\000l\000u\000m\000e\000\040\000C\000o\000r\000r\000e\000c\000t\000i\000o\000n\000s}{section.K.6}% 448
\BOOKMARK [0][-]{appendix.L}{\376\377\000G\000i\000l\000e\000s\040\023\000T\000e\000p\000e\000r\000\040\000B\000o\000u\000n\000d\000:\000\040\000C\000o\000m\000p\000l\000e\000t\000e\000\040\000A\000n\000a\000l\000y\000s\000i\000s}{section.G.33}% 449
\BOOKMARK [1][-]{section.L.1}{\376\377\000T\000h\000e\000\040\000G\000e\000o\000m\000e\000t\000r\000i\000c\000\040\000M\000a\000s\000s\000\040\000G\000a\000p\000:\000\040\000R\000i\000g\000o\000r\000o\000u\000s\000\040\000G\000i\000l\000e\000s\000-\000T\000e\000p\000e\000r\000\040\000B\000o\000u\000n\000d}{appendix.L}% 450
\BOOKMARK [2][-]{subsection.L.1.1}{\376\377\000M\000a\000i\000n\000\040\000T\000h\000e\000o\000r\000e\000m\000\040\000S\000t\000a\000t\000e\000m\000e\000n\000t}{section.L.1}% 451
\BOOKMARK [2][-]{subsection.L.1.2}{\376\377\000P\000r\000e\000l\000i\000m\000i\000n\000a\000r\000y\000:\000\040\000T\000r\000a\000n\000s\000f\000e\000r\000\040\000M\000a\000t\000r\000i\000x\000\040\000F\000o\000r\000m\000a\000l\000i\000s\000m}{section.L.1}% 452
\BOOKMARK [2][-]{subsection.L.1.3}{\376\377\000S\000t\000e\000p\000\040\0001\000:\000\040\000V\000a\000r\000i\000a\000t\000i\000o\000n\000a\000l\000\040\000C\000h\000a\000r\000a\000c\000t\000e\000r\000i\000z\000a\000t\000i\000o\000n}{section.L.1}% 453
\BOOKMARK [2][-]{subsection.L.1.4}{\376\377\000S\000t\000e\000p\000\040\0002\000:\000\040\000F\000l\000u\000x\000\040\000T\000u\000b\000e\000\040\000T\000r\000i\000a\000l\000\040\000S\000t\000a\000t\000e}{section.L.1}% 454
\BOOKMARK [2][-]{subsection.L.1.5}{\376\377\000S\000t\000e\000p\000\040\0003\000:\000\040\000E\000n\000e\000r\000g\000y\000\040\000o\000f\000\040\000F\000l\000u\000x\000\040\000T\000u\000b\000e}{section.L.1}% 455
\BOOKMARK [2][-]{subsection.L.1.6}{\376\377\000S\000t\000e\000p\000\040\0004\000:\000\040\000V\000a\000r\000i\000a\000t\000i\000o\000n\000a\000l\000\040\000U\000p\000p\000e\000r\000\040\000B\000o\000u\000n\000d}{section.L.1}% 456
\BOOKMARK [2][-]{subsection.L.1.7}{\376\377\000S\000t\000e\000p\000\040\0005\000:\000\040\000R\000i\000g\000o\000r\000o\000u\000s\000\040\000L\000o\000w\000e\000r\000\040\000B\000o\000u\000n\000d\000\040\000v\000i\000a\000\040\000E\000u\000c\000l\000i\000d\000e\000a\000n\000\040\000D\000e\000c\000a\000y}{section.L.1}% 457
\BOOKMARK [2][-]{subsection.L.1.8}{\376\377\000R\000i\000g\000o\000r\000o\000u\000s\000\040\000J\000u\000s\000t\000i\000f\000i\000c\000a\000t\000i\000o\000n\000:\000\040\000R\000e\000f\000l\000e\000c\000t\000i\000o\000n\000\040\000P\000o\000s\000i\000t\000i\000v\000i\000t\000y}{section.L.1}% 458
\BOOKMARK [2][-]{subsection.L.1.9}{\376\377\000N\000u\000m\000e\000r\000i\000c\000a\000l\000\040\000V\000e\000r\000i\000f\000i\000c\000a\000t\000i\000o\000n}{section.L.1}% 459
\BOOKMARK [1][-]{section.L.2}{\376\377\000S\000u\000p\000p\000l\000e\000m\000e\000n\000t\000a\000r\000y\000\040\000N\000o\000t\000e\000\040\000o\000n\000\040\000U\000n\000i\000v\000e\000r\000s\000a\000l\000\040\000S\000c\000a\000l\000i\000n\000g}{appendix.L}% 460
\BOOKMARK [1][-]{section.L.3}{\376\377\000T\000h\000e\000\040\000G\000i\000l\000e\000s\000-\000T\000e\000p\000e\000r\000\040\000C\000o\000n\000s\000t\000a\000n\000t\000:\000\040\000R\000i\000g\000o\000r\000o\000u\000s\000\040\000A\000n\000a\000l\000y\000s\000i\000s}{appendix.L}% 461
\BOOKMARK [2][-]{subsection.L.3.1}{\376\377\000S\000u\000m\000m\000a\000r\000y\000\040\000o\000f\000\040\000R\000e\000s\000u\000l\000t\000s}{section.L.3}% 462
\BOOKMARK [2][-]{subsection.L.3.2}{\376\377\000D\000e\000r\000i\000v\000a\000t\000i\000o\000n}{section.L.3}% 463
\BOOKMARK [2][-]{subsection.L.3.3}{\376\377\000R\000i\000g\000o\000r\000o\000u\000s\000\040\000L\000o\000w\000e\000r\000\040\000B\000o\000u\000n\000d\000\040\000v\000i\000a\000\040\000C\000h\000e\000e\000g\000e\000r\000-\000B\000u\000s\000e\000r\000\040\000I\000n\000e\000q\000u\000a\000l\000i\000t\000y}{section.L.3}% 464
\BOOKMARK [2][-]{subsection.L.3.4}{\376\377\000T\000h\000e\000\040\000L\000\374\000s\000c\000h\000e\000r\000\040\000T\000e\000r\000m\000\040\000-\000\040\000R\000i\000g\000o\000r\000o\000u\000s}{section.L.3}% 465
\BOOKMARK [2][-]{subsection.L.3.5}{\376\377\000L\000o\000w\000e\000r\000\040\000B\000o\000u\000n\000d\000\040\000o\000n\000\040\000c\000\040\000f\000r\000o\000m\000\040\000L\000\374\000s\000c\000h\000e\000r\000\040\000T\000e\000r\000m}{section.L.3}% 466
\BOOKMARK [2][-]{subsection.L.3.6}{\376\377\000T\000h\000e\000\040\000E\000x\000p\000l\000i\000c\000i\000t\000\040\000C\000o\000n\000s\000t\000a\000n\000t\000\040\000F\000o\000r\000m\000u\000l\000a}{section.L.3}% 467
\BOOKMARK [2][-]{subsection.L.3.7}{\376\377\000O\000r\000i\000g\000i\000n\000\040\000o\000f\000\040\000t\000h\000e\000\040\000F\000o\000r\000m\000u\000l\000a\000\040\000c\000N\000\040\000>\000=\000\040\0002\000/\000N}{section.L.3}% 468
\BOOKMARK [2][-]{subsection.L.3.8}{\376\377\000D\000e\000r\000i\000v\000a\000t\000i\000o\000n\000\040\000o\000f\000\040\000t\000h\000e\000\040\000C\000o\000n\000s\000t\000a\000n\000t}{section.L.3}% 469
\BOOKMARK [2][-]{subsection.L.3.9}{\376\377\000I\000m\000p\000a\000c\000t\000\040\000o\000n\000\040\000M\000a\000s\000s\000\040\000G\000a\000p\000\040\000P\000r\000o\000o\000f}{section.L.3}% 470
\BOOKMARK [2][-]{subsection.L.3.10}{\376\377\000R\000e\000f\000e\000r\000e\000n\000c\000e\000s}{section.L.3}% 471
\BOOKMARK [0][-]{appendix.M}{\376\377\000R\000e\000n\000o\000r\000m\000a\000l\000i\000z\000a\000t\000i\000o\000n\000\040\000G\000r\000o\000u\000p\000\040\000A\000n\000a\000l\000y\000s\000i\000s}{section.G.33}% 472
\BOOKMARK [1][-]{section.M.1}{\376\377\000R\000i\000g\000o\000r\000o\000u\000s\000\040\000N\000o\000n\000-\000P\000e\000r\000t\000u\000r\000b\000a\000t\000i\000v\000e\000\040\000S\000c\000a\000l\000e\000\040\000S\000e\000t\000t\000i\000n\000g}{appendix.M}% 473
\BOOKMARK [2][-]{subsection.M.1.1}{\376\377\000T\000h\000e\000\040\000S\000c\000a\000l\000e\000\040\000S\000e\000t\000t\000i\000n\000g\000\040\000P\000r\000o\000b\000l\000e\000m}{section.M.1}% 474
\BOOKMARK [2][-]{subsection.M.1.2}{\376\377\000C\000a\000n\000o\000n\000i\000c\000a\000l\000\040\000S\000c\000a\000l\000e\000\040\000S\000e\000t\000t\000i\000n\000g\000\040\000v\000i\000a\000\040\000S\000t\000r\000i\000n\000g\000\040\000T\000e\000n\000s\000i\000o\000n}{section.M.1}% 475
\BOOKMARK [2][-]{subsection.M.1.3}{\376\377\000I\000n\000d\000e\000p\000e\000n\000d\000e\000n\000c\000e\000\040\000o\000f\000\040\000S\000c\000a\000l\000e\000\040\000C\000h\000o\000i\000c\000e}{section.M.1}% 476
\BOOKMARK [2][-]{subsection.M.1.4}{\376\377\000D\000i\000m\000e\000n\000s\000i\000o\000n\000a\000l\000\040\000T\000r\000a\000n\000s\000m\000u\000t\000a\000t\000i\000o\000n\000:\000\040\000R\000i\000g\000o\000r\000o\000u\000s\000\040\000S\000t\000a\000t\000e\000m\000e\000n\000t}{section.M.1}% 477
\BOOKMARK [2][-]{subsection.M.1.5}{\376\377\000O\000t\000h\000e\000r\000\040\000G\000a\000u\000g\000e\000\040\000G\000r\000o\000u\000p\000s}{section.M.1}% 478
\BOOKMARK [2][-]{subsection.M.1.6}{\376\377\000D\000i\000m\000e\000n\000s\000i\000o\000n\000a\000l\000\040\000V\000a\000r\000i\000a\000t\000i\000o\000n\000s}{section.M.1}% 479
\BOOKMARK [2][-]{subsection.M.1.7}{\376\377\000C\000o\000n\000n\000e\000c\000t\000i\000o\000n\000s\000\040\000t\000o\000\040\000O\000t\000h\000e\000r\000\040\000P\000r\000o\000b\000l\000e\000m\000s}{section.M.1}% 480
\BOOKMARK [2][-]{subsection.M.1.8}{\376\377\000M\000e\000t\000h\000o\000d\000o\000l\000o\000g\000i\000c\000a\000l\000\040\000E\000x\000t\000e\000n\000s\000i\000o\000n\000s}{section.M.1}% 481
\BOOKMARK [2][-]{subsection.M.1.9}{\376\377\000P\000h\000y\000s\000i\000c\000a\000l\000\040\000I\000m\000p\000l\000i\000c\000a\000t\000i\000o\000n\000s}{section.M.1}% 482
\BOOKMARK [2][-]{subsection.M.1.10}{\376\377\000D\000i\000r\000e\000c\000t\000i\000o\000n\000s\000\040\000f\000o\000r\000\040\000F\000u\000r\000t\000h\000e\000r\000\040\000R\000e\000s\000e\000a\000r\000c\000h}{section.M.1}% 483
\BOOKMARK [1][-]{section.M.2}{\376\377\000R\000e\000n\000o\000r\000m\000a\000l\000i\000z\000a\000t\000i\000o\000n\000\040\000G\000r\000o\000u\000p\000\040\000A\000n\000a\000l\000y\000s\000i\000s}{appendix.M}% 484
\BOOKMARK [2][-]{subsection.M.2.1}{\376\377\000B\000l\000o\000c\000k\000\040\000S\000p\000i\000n\000\040\000R\000e\000n\000o\000r\000m\000a\000l\000i\000z\000a\000t\000i\000o\000n}{section.M.2}% 485
\BOOKMARK [2][-]{subsection.M.2.2}{\376\377\000R\000G\000\040\000I\000n\000v\000a\000r\000i\000a\000n\000t\000\040\000M\000a\000s\000s}{section.M.2}% 486
\BOOKMARK [2][-]{subsection.M.2.3}{\376\377\000F\000i\000x\000e\000d\000\040\000P\000o\000i\000n\000t\000\040\000S\000t\000r\000u\000c\000t\000u\000r\000e}{section.M.2}% 487
\BOOKMARK [2][-]{subsection.M.2.4}{\376\377\000D\000i\000m\000e\000n\000s\000i\000o\000n\000a\000l\000\040\000T\000r\000a\000n\000s\000m\000u\000t\000a\000t\000i\000o\000n}{section.M.2}% 488
\BOOKMARK [1][-]{section.M.3}{\376\377\000T\000h\000e\000\040\000I\000n\000t\000r\000i\000n\000s\000i\000c\000\040\000S\000c\000a\000l\000e\000\040\000M\000e\000t\000h\000o\000d\000:\000\040\000B\000r\000i\000d\000g\000i\000n\000g\000\040\000L\000a\000t\000t\000i\000c\000e\000\040\000t\000o\000\040\000C\000o\000n\000t\000i\000n\000u\000u\000m}{appendix.M}% 489
\BOOKMARK [2][-]{subsection.M.3.1}{\376\377\000T\000h\000e\000\040\000C\000o\000r\000e\000\040\000P\000r\000o\000b\000l\000e\000m\000\040\000a\000n\000d\000\040\000I\000t\000s\000\040\000S\000o\000l\000u\000t\000i\000o\000n}{section.M.3}% 490
\BOOKMARK [2][-]{subsection.M.3.2}{\376\377\000T\000h\000e\000\040\000S\000p\000e\000c\000t\000r\000a\000l\000\040\000R\000a\000t\000i\000o\000\040\000a\000n\000d\000\040\000I\000t\000s\000\040\000P\000r\000o\000p\000e\000r\000t\000i\000e\000s}{section.M.3}% 491
\BOOKMARK [2][-]{subsection.M.3.3}{\376\377\000T\000h\000e\000\040\000P\000h\000y\000s\000i\000c\000a\000l\000\040\000M\000a\000s\000s\000\040\000G\000a\000p}{section.M.3}% 492
\BOOKMARK [2][-]{subsection.M.3.4}{\376\377\000T\000h\000e\000\040\000C\000o\000n\000f\000i\000n\000e\000m\000e\000n\000t\000\040\000F\000u\000n\000c\000t\000i\000o\000n\000a\000l\000\040\000A\000p\000p\000r\000o\000a\000c\000h}{section.M.3}% 493
\BOOKMARK [2][-]{subsection.M.3.5}{\376\377\000T\000h\000e\000\040\000C\000e\000n\000t\000r\000a\000l\000\040\000N\000e\000w\000\040\000R\000e\000s\000u\000l\000t\000:\000\040\000S\000p\000e\000c\000t\000r\000a\000l\000\040\000R\000a\000t\000i\000o\000\040\000C\000o\000n\000v\000e\000r\000g\000e\000n\000c\000e}{section.M.3}% 494
\BOOKMARK [2][-]{subsection.M.3.6}{\376\377\000I\000n\000t\000r\000i\000n\000s\000i\000c\000\040\000S\000c\000a\000l\000e\000\040\000v\000i\000a\000\040\000S\000p\000e\000c\000t\000r\000a\000l\000\040\000P\000e\000r\000m\000a\000n\000e\000n\000c\000e}{section.M.3}% 495
\BOOKMARK [2][-]{subsection.M.3.7}{\376\377\000C\000a\000t\000e\000g\000o\000r\000i\000c\000a\000l\000\040\000F\000o\000r\000m\000u\000l\000a\000t\000i\000o\000n}{section.M.3}% 496
\BOOKMARK [1][-]{section.M.4}{\376\377\000R\000i\000g\000o\000r\000o\000u\000s\000\040\000B\000a\000l\000a\000b\000a\000n\000\040\000B\000o\000u\000n\000d\000s\000\040\000a\000n\000d\000\040\000C\000o\000n\000t\000i\000n\000u\000u\000m\000\040\000L\000i\000m\000i\000t}{appendix.M}% 497
\BOOKMARK [2][-]{subsection.M.4.1}{\376\377\000B\000a\000l\000a\000b\000a\000n\000'\000s\000\040\000L\000a\000r\000g\000e\000/\000S\000m\000a\000l\000l\000\040\000F\000i\000e\000l\000d\000\040\000D\000e\000c\000o\000m\000p\000o\000s\000i\000t\000i\000o\000n}{section.M.4}% 498
\BOOKMARK [2][-]{subsection.M.4.2}{\376\377\000R\000a\000t\000i\000o\000\040\000C\000o\000n\000v\000e\000r\000g\000e\000n\000c\000e\000\040\000a\000n\000d\000\040\000C\000o\000n\000t\000i\000n\000u\000u\000m\000\040\000N\000o\000n\000-\000T\000r\000i\000v\000i\000a\000l\000i\000t\000y}{section.M.4}% 499
\BOOKMARK [0][-]{appendix.N}{\376\377\000I\000n\000t\000e\000r\000m\000e\000d\000i\000a\000t\000e\000\040\000C\000o\000u\000p\000l\000i\000n\000g\000\040\000R\000e\000g\000i\000m\000e}{section.G.33}% 500
\BOOKMARK [1][-]{section.N.1}{\376\377\000T\000h\000e\000\040\000I\000n\000t\000e\000r\000m\000e\000d\000i\000a\000t\000e\000\040\000C\000o\000u\000p\000l\000i\000n\000g\000\040\000R\000e\000g\000i\000m\000e}{appendix.N}% 501
\BOOKMARK [2][-]{subsection.N.1.1}{\376\377\000E\000x\000t\000e\000n\000s\000i\000o\000n\000\040\0001\000:\000\040\000R\000i\000g\000o\000r\000o\000u\000s\000\040\000C\000l\000o\000s\000u\000r\000e\000\040\000o\000f\000\040\000t\000h\000e\000\040\000I\000n\000t\000e\000r\000m\000e\000d\000i\000a\000t\000e\000\040\000C\000o\000u\000p\000l\000i\000n\000g\000\040\000G\000a\000p}{section.N.1}% 502
\BOOKMARK [2][-]{subsection.N.1.2}{\376\377\000M\000e\000t\000h\000o\000d\000\040\0002\000:\000\040\000C\000h\000e\000e\000g\000e\000r\000\040\000I\000s\000o\000p\000e\000r\000i\000m\000e\000t\000r\000i\000c\000\040\000B\000o\000u\000n\000d\000s}{section.N.1}% 503
\BOOKMARK [2][-]{subsection.N.1.3}{\376\377\000M\000e\000t\000h\000o\000d\000\040\0003\000:\000\040\000C\000o\000n\000v\000e\000x\000i\000t\000y\000\040\000I\000n\000t\000e\000r\000p\000o\000l\000a\000t\000i\000o\000n}{section.N.1}% 504
\BOOKMARK [1][-]{section.N.2}{\376\377\000C\000o\000m\000p\000l\000e\000t\000e\000\040\000P\000r\000o\000o\000f\000s\000:\000\040\000I\000n\000t\000e\000r\000m\000e\000d\000i\000a\000t\000e\000\040\000C\000o\000u\000p\000l\000i\000n\000g\000\040\000C\000o\000n\000t\000r\000o\000l}{appendix.N}% 505
\BOOKMARK [2][-]{subsection.N.2.1}{\376\377\000F\000o\000u\000n\000d\000a\000t\000i\000o\000n\000a\000l\000\040\000R\000e\000s\000u\000l\000t\000s\000:\000\040\000L\000S\000I\000\040\000o\000n\000\040\000C\000o\000m\000p\000a\000c\000t\000\040\000G\000r\000o\000u\000p\000s}{section.N.2}% 506
\BOOKMARK [2][-]{subsection.N.2.2}{\376\377\000T\000e\000n\000s\000o\000r\000i\000z\000a\000t\000i\000o\000n\000\040\000o\000f\000\040\000L\000o\000g\000-\000S\000o\000b\000o\000l\000e\000v\000\040\000I\000n\000e\000q\000u\000a\000l\000i\000t\000i\000e\000s}{section.N.2}% 507
\BOOKMARK [2][-]{subsection.N.2.3}{\376\377\000H\000o\000l\000l\000e\000y\000-\000S\000t\000r\000o\000o\000c\000k\000\040\000P\000e\000r\000t\000u\000r\000b\000a\000t\000i\000o\000n\000:\000\040\000C\000o\000m\000p\000l\000e\000t\000e\000\040\000P\000r\000o\000o\000f}{section.N.2}% 508
\BOOKMARK [2][-]{subsection.N.2.4}{\376\377\000C\000o\000n\000d\000i\000t\000i\000o\000n\000a\000l\000\040\000L\000o\000g\000-\000S\000o\000b\000o\000l\000e\000v\000\040\000I\000n\000e\000q\000u\000a\000l\000i\000t\000y\000:\000\040\000C\000o\000m\000p\000l\000e\000t\000e\000\040\000P\000r\000o\000o\000f}{section.N.2}% 509
\BOOKMARK [2][-]{subsection.N.2.5}{\376\377\000Z\000e\000g\000a\000r\000l\000i\000n\000s\000k\000i\000'\000s\000\040\0001\000D\000\040\000L\000S\000I\000:\000\040\000C\000o\000m\000p\000l\000e\000t\000e\000\040\000P\000r\000o\000o\000f\000\040\000o\000f\000\040\000B\000a\000s\000e\000\040\000C\000a\000s\000e}{section.N.2}% 510
\BOOKMARK [2][-]{subsection.N.2.6}{\376\377\000D\000i\000m\000e\000n\000s\000i\000o\000n\000a\000l\000\040\000R\000e\000d\000u\000c\000t\000i\000o\000n\000:\000\040\000C\000o\000m\000p\000l\000e\000t\000e\000\040\000P\000r\000o\000o\000f}{section.N.2}% 511
\BOOKMARK [1][-]{section.N.3}{\376\377\000I\000n\000t\000e\000r\000m\000e\000d\000i\000a\000t\000e\000\040\000C\000o\000u\000p\000l\000i\000n\000g\000:\000\040\000R\000i\000g\000o\000r\000o\000u\000s\000\040\000N\000o\000n\000-\000C\000i\000r\000c\000u\000l\000a\000r\000\040\000T\000r\000e\000a\000t\000m\000e\000n\000t}{appendix.N}% 512
\BOOKMARK [2][-]{subsection.N.3.1}{\376\377\000T\000h\000e\000\040\000P\000r\000o\000b\000l\000e\000m\000\040\000w\000i\000t\000h\000\040\000t\000h\000e\000\040\000P\000r\000e\000v\000i\000o\000u\000s\000\040\000A\000p\000p\000r\000o\000a\000c\000h}{section.N.3}% 513
\BOOKMARK [2][-]{subsection.N.3.2}{\376\377\000S\000t\000r\000a\000t\000e\000g\000y\000:\000\040\000I\000n\000t\000e\000r\000p\000o\000l\000a\000t\000i\000o\000n\000\040\000B\000e\000t\000w\000e\000e\000n\000\040\000R\000e\000g\000i\000m\000e\000s}{section.N.3}% 514
\BOOKMARK [2][-]{subsection.N.3.3}{\376\377\000T\000h\000e\000\040\000F\000i\000n\000i\000t\000e\000-\000V\000o\000l\000u\000m\000e\000\040\000A\000p\000p\000r\000o\000a\000c\000h}{section.N.3}% 515
\BOOKMARK [2][-]{subsection.N.3.4}{\376\377\000T\000h\000e\000\040\000M\000o\000n\000o\000t\000o\000n\000i\000c\000i\000t\000y\000\040\000A\000r\000g\000u\000m\000e\000n\000t}{section.N.3}% 516
\BOOKMARK [2][-]{subsection.N.3.5}{\376\377\000B\000o\000o\000t\000s\000t\000r\000a\000p\000\040\000f\000r\000o\000m\000\040\000S\000m\000a\000l\000l\000\040\000V\000o\000l\000u\000m\000e\000s}{section.N.3}% 517
\BOOKMARK [2][-]{subsection.N.3.6}{\376\377\000E\000x\000p\000l\000i\000c\000i\000t\000\040\000C\000o\000m\000p\000u\000t\000a\000t\000i\000o\000n\000\040\000f\000o\000r\000\040\000I\000n\000t\000e\000r\000m\000e\000d\000i\000a\000t\000e\000\040\000b\000e\000t\000a}{section.N.3}% 518
\BOOKMARK [2][-]{subsection.N.3.7}{\376\377\000T\000h\000e\000\040\000C\000o\000m\000p\000l\000e\000t\000e\000\040\000N\000o\000n\000-\000C\000i\000r\000c\000u\000l\000a\000r\000\040\000C\000h\000a\000i\000n}{section.N.3}% 519
\BOOKMARK [2][-]{subsection.N.3.8}{\376\377\000V\000e\000r\000i\000f\000i\000c\000a\000t\000i\000o\000n\000:\000\040\000I\000n\000d\000e\000p\000e\000n\000d\000e\000n\000c\000e\000\040\000o\000f\000\040\000"\000N\000o\000\040\000P\000h\000a\000s\000e\000\040\000T\000r\000a\000n\000s\000i\000t\000i\000o\000n\000"\000\040\000C\000l\000a\000i\000m}{section.N.3}% 520
\BOOKMARK [2][-]{subsection.N.3.9}{\376\377\000S\000u\000m\000m\000a\000r\000y\000:\000\040\000N\000o\000n\000-\000C\000i\000r\000c\000u\000l\000a\000r\000\040\000P\000r\000o\000o\000f\000\040\000C\000o\000m\000p\000l\000e\000t\000e}{section.N.3}% 521
\BOOKMARK [1][-]{section.N.4}{\376\377\000D\000e\000t\000a\000i\000l\000e\000d\000\040\000A\000n\000a\000l\000y\000s\000i\000s\000\040\000o\000f\000\040\000I\000n\000t\000e\000r\000m\000e\000d\000i\000a\000t\000e\000\040\000C\000o\000u\000p\000l\000i\000n\000g\000\040\000a\000n\000d\000\040\000R\000G\000\040\000F\000l\000o\000w}{appendix.N}% 522
\BOOKMARK [2][-]{subsection.N.4.1}{\376\377\000T\000h\000e\000\040\000I\000n\000t\000e\000r\000m\000e\000d\000i\000a\000t\000e\000\040\000C\000o\000u\000p\000l\000i\000n\000g\000\040\000C\000h\000a\000l\000l\000e\000n\000g\000e}{section.N.4}% 523
\BOOKMARK [2][-]{subsection.N.4.2}{\376\377\000R\000e\000s\000o\000l\000u\000t\000i\000o\000n\000\040\000v\000i\000a\000\040\000C\000e\000n\000t\000e\000r\000\040\000S\000y\000m\000m\000e\000t\000r\000y\000\040\000P\000r\000o\000t\000e\000c\000t\000i\000o\000n}{section.N.4}% 524
\BOOKMARK [2][-]{subsection.N.4.3}{\376\377\000C\000o\000m\000p\000l\000e\000t\000e\000\040\000B\000a\000l\000a\000b\000a\000n\000\040\000R\000G\000\040\000A\000n\000a\000l\000y\000s\000i\000s}{section.N.4}% 525
\BOOKMARK [2][-]{subsection.N.4.4}{\376\377\000C\000o\000n\000t\000i\000n\000u\000i\000t\000y\000\040\000o\000f\000\040\000P\000h\000y\000s\000i\000c\000a\000l\000\040\000Q\000u\000a\000n\000t\000i\000t\000i\000e\000s}{section.N.4}% 526
\BOOKMARK [2][-]{subsection.N.4.5}{\376\377\000C\000o\000m\000p\000l\000e\000t\000e\000\040\000I\000n\000t\000e\000r\000p\000o\000l\000a\000t\000i\000o\000n\000\040\000A\000r\000g\000u\000m\000e\000n\000t}{section.N.4}% 527
\BOOKMARK [2][-]{subsection.N.4.6}{\376\377\000E\000x\000p\000l\000i\000c\000i\000t\000\040\000N\000u\000m\000e\000r\000i\000c\000a\000l\000\040\000E\000s\000t\000i\000m\000a\000t\000e\000s}{section.N.4}% 528
\BOOKMARK [2][-]{subsection.N.4.7}{\376\377\000S\000u\000m\000m\000a\000r\000y\000\040\000o\000f\000\040\000t\000h\000e\000\040\000C\000o\000m\000p\000l\000e\000t\000e\000\040\000P\000r\000o\000o\000f}{section.N.4}% 529
\BOOKMARK [0][-]{appendix.O}{\376\377\000A\000d\000j\000o\000i\000n\000t\000\040\000F\000e\000r\000m\000i\000o\000n\000\040\000I\000n\000t\000e\000r\000p\000o\000l\000a\000t\000i\000o\000n\000\040\000M\000e\000t\000h\000o\000d}{section.G.33}% 530
\BOOKMARK [1][-]{section.O.1}{\376\377\000A\000d\000j\000o\000i\000n\000t\000\040\000I\000n\000t\000e\000r\000p\000o\000l\000a\000t\000i\000o\000n\000:\000\040\000L\000e\000e\000-\000Y\000a\000n\000g\000\040\000a\000n\000d\000\040\000C\000e\000n\000t\000e\000r\000\040\000S\000y\000m\000m\000e\000t\000r\000y}{appendix.O}% 531
\BOOKMARK [2][-]{subsection.O.1.1}{\376\377\000L\000e\000e\000-\000Y\000a\000n\000g\000\040\000Z\000e\000r\000o\000s\000:\000\040\000I\000n\000f\000i\000n\000i\000t\000e\000-\000V\000o\000l\000u\000m\000e\000\040\000A\000n\000a\000l\000y\000s\000i\000s}{section.O.1}% 532
\BOOKMARK [2][-]{subsection.O.1.2}{\376\377\000C\000e\000n\000t\000e\000r\000\040\000S\000y\000m\000m\000e\000t\000r\000y\000\040\000P\000r\000o\000t\000e\000c\000t\000i\000o\000n}{section.O.1}% 533
\BOOKMARK [1][-]{section.O.2}{\376\377\000R\000o\000a\000d\000m\000a\000p\000\040\0003\000:\000\040\000A\000d\000j\000o\000i\000n\000t\000\040\000F\000e\000r\000m\000i\000o\000n\000\040\000I\000n\000t\000e\000r\000p\000o\000l\000a\000t\000i\000o\000n\000\040\040\024\000\040\000A\000l\000t\000e\000r\000n\000a\000t\000i\000v\000e\000\040\000P\000a\000t\000h}{appendix.O}% 534
\BOOKMARK [2][-]{subsection.O.2.1}{\376\377\000O\000v\000e\000r\000v\000i\000e\000w\000:\000\040\000T\000h\000e\000\040\000I\000n\000t\000e\000r\000p\000o\000l\000a\000t\000i\000o\000n\000\040\000P\000a\000t\000h}{section.O.2}% 535
\BOOKMARK [2][-]{subsection.O.2.2}{\376\377\000S\000t\000e\000p\000\040\0001\000:\000\040\000U\000n\000i\000f\000o\000r\000m\000\040\000L\000e\000e\000-\000Y\000a\000n\000g\000\040\000B\000o\000u\000n\000d\000s}{section.O.2}% 536
\BOOKMARK [2][-]{subsection.O.2.3}{\376\377\000S\000t\000e\000p\000\040\0002\000:\000\040\000G\000a\000p\000\040\000C\000o\000n\000t\000i\000n\000u\000i\000t\000y\000\040\000v\000i\000a\000\040\000A\000n\000a\000l\000y\000t\000i\000c\000\040\000P\000e\000r\000t\000u\000r\000b\000a\000t\000i\000o\000n\000\040\000T\000h\000e\000o\000r\000y}{section.O.2}% 537
\BOOKMARK [2][-]{subsection.O.2.4}{\376\377\000S\000t\000e\000p\000\040\0003\000:\000\040\000D\000e\000c\000o\000u\000p\000l\000i\000n\000g\000\040\000L\000i\000m\000i\000t\000\040\000m\000\040\000t\000o\000\040\000i\000n\000f\000i\000n\000i\000t\000y}{section.O.2}% 538
\BOOKMARK [2][-]{subsection.O.2.5}{\376\377\000S\000y\000n\000t\000h\000e\000s\000i\000s\000:\000\040\000T\000h\000e\000\040\000C\000o\000m\000p\000l\000e\000t\000e\000\040\000I\000n\000t\000e\000r\000p\000o\000l\000a\000t\000i\000o\000n\000\040\000A\000r\000g\000u\000m\000e\000n\000t}{section.O.2}% 539
\BOOKMARK [1][-]{section.O.3}{\376\377\000R\000o\000a\000d\000m\000a\000p\000\040\0002\000:\000\040\000C\000o\000m\000p\000l\000e\000t\000e\000\040\000A\000d\000j\000o\000i\000n\000t\000\040\000F\000e\000r\000m\000i\000o\000n\000\040\000I\000n\000t\000e\000r\000p\000o\000l\000a\000t\000i\000o\000n}{appendix.O}% 540
\BOOKMARK [2][-]{subsection.O.3.1}{\376\377\000T\000h\000e\000\040\000S\000t\000r\000a\000t\000e\000g\000y\000:\000\040\000E\000m\000b\000e\000d\000d\000i\000n\000g\000\040\000i\000n\000\040\000a\000\040\000S\000o\000l\000v\000a\000b\000l\000e\000\040\000F\000a\000m\000i\000l\000y}{section.O.3}% 541
\BOOKMARK [2][-]{subsection.O.3.2}{\376\377\000S\000t\000e\000p\000\040\0001\000:\000\040\000T\000h\000e\000\040\000S\000U\000S\000Y\000\040\000A\000n\000c\000h\000o\000r\000\040\000-\000\040\000W\000i\000t\000t\000e\000n\000\040\000I\000n\000d\000e\000x\000\040\000P\000r\000o\000o\000f}{section.O.3}% 542
\BOOKMARK [2][-]{subsection.O.3.3}{\376\377\000S\000t\000e\000p\000\040\0002\000:\000\040\000L\000e\000e\000-\000Y\000a\000n\000g\000\040\000Z\000e\000r\000o\000-\000F\000r\000e\000e\000\040\000R\000e\000g\000i\000o\000n}{section.O.3}% 543
\BOOKMARK [2][-]{subsection.O.3.4}{\376\377\000S\000t\000e\000p\000\040\0003\000:\000\040\000C\000o\000n\000t\000r\000o\000l\000l\000e\000d\000\040\000D\000e\000c\000o\000u\000p\000l\000i\000n\000g\000\040\000L\000i\000m\000i\000t}{section.O.3}% 544
\BOOKMARK [2][-]{subsection.O.3.5}{\376\377\000S\000t\000e\000p\000\040\0004\000:\000\040\000C\000o\000m\000p\000l\000e\000t\000i\000n\000g\000\040\000t\000h\000e\000\040\000A\000r\000g\000u\000m\000e\000n\000t}{section.O.3}% 545
\BOOKMARK [2][-]{subsection.O.3.6}{\376\377\000C\000o\000n\000t\000r\000o\000l\000l\000i\000n\000g\000\040\000t\000h\000e\000\040\000I\000n\000f\000i\000n\000i\000t\000e\000-\000V\000o\000l\000u\000m\000e\000\040\000L\000i\000m\000i\000t}{section.O.3}% 546
\BOOKMARK [2][-]{subsection.O.3.7}{\376\377\000S\000u\000m\000m\000a\000r\000y\000:\000\040\000R\000o\000a\000d\000m\000a\000p\000\040\0002\000\040\000C\000o\000m\000p\000l\000e\000t\000e}{section.O.3}% 547
\BOOKMARK [1][-]{section.O.4}{\376\377\000R\000o\000a\000d\000m\000a\000p\000\040\0002\000:\000\040\000T\000h\000e\000\040\000A\000d\000j\000o\000i\000n\000t\000\040\000I\000n\000t\000e\000r\000p\000o\000l\000a\000t\000i\000o\000n\000\040\000P\000a\000t\000h}{appendix.O}% 548
\BOOKMARK [2][-]{subsection.O.4.1}{\376\377\000T\000h\000e\000\040\000P\000r\000o\000b\000l\000e\000m\000:\000\040\000D\000i\000r\000e\000c\000t\000\040\000A\000t\000t\000a\000c\000k\000\040\000i\000s\000\040\000D\000i\000f\000f\000i\000c\000u\000l\000t}{section.O.4}% 549
\BOOKMARK [2][-]{subsection.O.4.2}{\376\377\000T\000h\000e\000\040\000S\000t\000r\000a\000t\000e\000g\000y\000:\000\040\000D\000e\000f\000o\000r\000m\000a\000t\000i\000o\000n\000\040\000t\000o\000\040\000S\000o\000l\000v\000a\000b\000l\000e\000\040\000T\000h\000e\000o\000r\000y}{section.O.4}% 550
\BOOKMARK [2][-]{subsection.O.4.3}{\376\377\000S\000t\000e\000p\000\040\0001\000:\000\040\000T\000h\000e\000\040\000D\000e\000f\000o\000r\000m\000a\000t\000i\000o\000n\000\040\000F\000a\000m\000i\000l\000y}{section.O.4}% 551
\BOOKMARK [2][-]{subsection.O.4.4}{\376\377\000S\000t\000e\000p\000\040\0002\000:\000\040\000T\000h\000e\000\040\000A\000n\000c\000h\000o\000r\000\040\000a\000t\000\040\000m\000\040\000=\000\040\0000}{section.O.4}% 552
\BOOKMARK [2][-]{subsection.O.4.5}{\376\377\000S\000t\000e\000p\000\040\0003\000:\000\040\000C\000e\000n\000t\000e\000r\000\040\000S\000y\000m\000m\000e\000t\000r\000y\000\040\000P\000r\000o\000t\000e\000c\000t\000i\000o\000n}{section.O.4}% 553
\BOOKMARK [2][-]{subsection.O.4.6}{\376\377\000S\000t\000e\000p\000\040\0004\000:\000\040\000A\000n\000a\000l\000y\000t\000i\000c\000i\000t\000y\000\040\000v\000i\000a\000\040\000L\000e\000e\000-\000Y\000a\000n\000g}{section.O.4}% 554
\BOOKMARK [2][-]{subsection.O.4.7}{\376\377\000S\000t\000e\000p\000\040\0005\000:\000\040\000C\000o\000n\000t\000i\000n\000u\000a\000t\000i\000o\000n\000\040\000t\000o\000\040\000P\000u\000r\000e\000\040\000Y\000a\000n\000g\000-\000M\000i\000l\000l\000s}{section.O.4}% 555
\BOOKMARK [2][-]{subsection.O.4.8}{\376\377\000T\000h\000e\000\040\000L\000a\000t\000t\000i\000c\000e\000\040\000I\000m\000p\000l\000e\000m\000e\000n\000t\000a\000t\000i\000o\000n}{section.O.4}% 556
\BOOKMARK [2][-]{subsection.O.4.9}{\376\377\000R\000i\000g\000o\000r\000o\000u\000s\000\040\000D\000e\000c\000o\000u\000p\000l\000i\000n\000g\000\040\000T\000h\000e\000o\000r\000e\000m}{section.O.4}% 557
\BOOKMARK [2][-]{subsection.O.4.10}{\376\377\000V\000e\000r\000i\000f\000i\000c\000a\000t\000i\000o\000n\000\040\000R\000e\000q\000u\000i\000r\000e\000m\000e\000n\000t\000s}{section.O.4}% 558
\BOOKMARK [2][-]{subsection.O.4.11}{\376\377\000S\000u\000m\000m\000a\000r\000y\000:\000\040\000A\000d\000j\000o\000i\000n\000t\000\040\000I\000n\000t\000e\000r\000p\000o\000l\000a\000t\000i\000o\000n\000\040\000P\000a\000t\000h}{section.O.4}% 559
\BOOKMARK [2][-]{subsection.O.4.12}{\376\377\000C\000o\000n\000n\000e\000c\000t\000i\000o\000n\000\040\000t\000o\000\040\000O\000t\000h\000e\000r\000\040\000R\000o\000a\000d\000m\000a\000p\000s}{section.O.4}% 560
\BOOKMARK [0][-]{appendix.P}{\376\377\000S\000t\000o\000c\000h\000a\000s\000t\000i\000c\000\040\000a\000n\000d\000\040\000P\000r\000o\000b\000a\000b\000i\000l\000i\000s\000t\000i\000c\000\040\000M\000e\000t\000h\000o\000d\000s}{section.G.33}% 561
\BOOKMARK [1][-]{section.P.1}{\376\377\000S\000t\000o\000c\000h\000a\000s\000t\000i\000c\000\040\000a\000n\000d\000\040\000P\000r\000o\000b\000a\000b\000i\000l\000i\000s\000t\000i\000c\000\040\000M\000e\000t\000h\000o\000d\000s}{appendix.P}% 562
\BOOKMARK [2][-]{subsection.P.1.1}{\376\377\000T\000h\000e\000\040\000Y\000a\000n\000g\000-\000M\000i\000l\000l\000s\000\040\000M\000e\000a\000s\000u\000r\000e\000\040\000a\000s\000\040\000a\000\040\000G\000i\000b\000b\000s\000\040\000M\000e\000a\000s\000u\000r\000e}{section.P.1}% 563
\BOOKMARK [2][-]{subsection.P.1.2}{\376\377\000S\000t\000o\000c\000h\000a\000s\000t\000i\000c\000\040\000Q\000u\000a\000n\000t\000i\000z\000a\000t\000i\000o\000n}{section.P.1}% 564
\BOOKMARK [2][-]{subsection.P.1.3}{\376\377\000L\000o\000g\000-\000S\000o\000b\000o\000l\000e\000v\000\040\000I\000n\000e\000q\000u\000a\000l\000i\000t\000y}{section.P.1}% 565
\BOOKMARK [2][-]{subsection.P.1.4}{\376\377\000C\000o\000r\000r\000e\000l\000a\000t\000i\000o\000n\000\040\000I\000n\000e\000q\000u\000a\000l\000i\000t\000i\000e\000s}{section.P.1}% 566
\BOOKMARK [2][-]{subsection.P.1.5}{\376\377\000A\000r\000e\000a\000\040\000L\000a\000w\000\040\000f\000r\000o\000m\000\040\000S\000t\000o\000c\000h\000a\000s\000t\000i\000c\000\040\000A\000r\000g\000u\000m\000e\000n\000t\000s}{section.P.1}% 567
\BOOKMARK [2][-]{subsection.P.1.6}{\376\377\000C\000o\000n\000n\000e\000c\000t\000i\000o\000n\000\040\000t\000o\000\040\000t\000h\000e\000\040\000M\000a\000s\000s\000\040\000G\000a\000p}{section.P.1}% 568
\BOOKMARK [-1][-]{theorem.P.1.10}{\376\377\000R\000i\000g\000o\000r\000o\000u\000s\000\040\000R\000e\000s\000o\000l\000u\000t\000i\000o\000n\000\040\000o\000f\000\040\000A\000l\000l\000\040\000C\000r\000i\000t\000i\000c\000a\000l\000\040\000G\000a\000p\000s}{}% 569
\BOOKMARK [0][-]{appendix.Q}{\376\377\000F\000i\000x\000\040\0003\0000\000:\000\040\000T\000h\000e\000\040\000T\000a\000l\000a\000g\000r\000a\000n\000d\000\040\000T\0002\000\040\000I\000n\000e\000q\000u\000a\000l\000i\000t\000y\000\040\000\050\000C\000o\000n\000c\000e\000n\000t\000r\000a\000t\000i\000o\000n\000\051}{theorem.P.1.10}% 570
\BOOKMARK [1][-]{section.Q.1}{\376\377\000C\000o\000n\000t\000e\000x\000t\000:\000\040\000N\000o\000n\000-\000P\000e\000r\000t\000u\000r\000b\000a\000t\000i\000v\000e\000\040\000T\000a\000i\000l\000\040\000B\000o\000u\000n\000d\000s}{appendix.Q}% 571
\BOOKMARK [1][-]{section.Q.2}{\376\377\000D\000e\000r\000i\000v\000a\000t\000i\000o\000n\000:\000\040\000F\000r\000o\000m\000\040\000L\000o\000g\000-\000S\000o\000b\000o\000l\000e\000v\000\040\000t\000o\000\040\000T\000r\000a\000n\000s\000p\000o\000r\000t}{appendix.Q}% 572
\BOOKMARK [2][-]{subsection.Q.2.1}{\376\377\000S\000t\000e\000p\000\040\0001\000:\000\040\000T\000h\000e\000\040\000W\000a\000s\000s\000e\000r\000s\000t\000e\000i\000n\000\040\000D\000i\000s\000t\000a\000n\000c\000e}{section.Q.2}% 573
\BOOKMARK [2][-]{subsection.Q.2.2}{\376\377\000S\000t\000e\000p\000\040\0002\000:\000\040\000T\000h\000e\000\040\000O\000t\000t\000o\000-\000V\000i\000l\000l\000a\000n\000i\000\040\000T\000h\000e\000o\000r\000e\000m}{section.Q.2}% 574
\BOOKMARK [1][-]{section.Q.3}{\376\377\000I\000m\000p\000l\000e\000m\000e\000n\000t\000a\000t\000i\000o\000n\000:\000\040\000C\000o\000n\000c\000e\000n\000t\000r\000a\000t\000i\000o\000n\000\040\000o\000f\000\040\000M\000e\000a\000s\000u\000r\000e}{appendix.Q}% 575
\BOOKMARK [1][-]{section.Q.4}{\376\377\000I\000m\000p\000l\000i\000c\000a\000t\000i\000o\000n\000\040\000f\000o\000r\000\040\000S\000t\000a\000b\000i\000l\000i\000t\000y}{appendix.Q}% 576
\BOOKMARK [0][-]{appendix.R}{\376\377\000F\000i\000x\000\040\0004\0005\000:\000\040\000T\000h\000e\000\040\000D\000o\000b\000r\000u\000s\000h\000i\000n\000\040\000I\000n\000t\000e\000r\000a\000c\000t\000i\000o\000n\000\040\000M\000a\000t\000r\000i\000x\000\040\000\050\000U\000n\000i\000q\000u\000e\000n\000e\000s\000s\000\051}{theorem.P.1.10}% 577
\BOOKMARK [1][-]{section.R.1}{\376\377\000C\000o\000n\000t\000e\000x\000t\000:\000\040\000U\000n\000i\000q\000u\000e\000n\000e\000s\000s\000\040\000o\000f\000\040\000t\000h\000e\000\040\000G\000i\000b\000b\000s\000\040\000M\000e\000a\000s\000u\000r\000e}{appendix.R}% 578
\BOOKMARK [1][-]{section.R.2}{\376\377\000T\000h\000e\000\040\000D\000o\000b\000r\000u\000s\000h\000i\000n\000\040\000I\000n\000t\000e\000r\000a\000c\000t\000i\000o\000n\000\040\000M\000a\000t\000r\000i\000x}{appendix.R}% 579
\BOOKMARK [1][-]{section.R.3}{\376\377\000D\000o\000b\000r\000u\000s\000h\000i\000n\000'\000s\000\040\000T\000h\000e\000o\000r\000e\000m}{appendix.R}% 580
\BOOKMARK [1][-]{section.R.4}{\376\377\000D\000e\000r\000i\000v\000a\000t\000i\000o\000n\000\040\000f\000o\000r\000\040\000L\000a\000t\000t\000i\000c\000e\000\040\000Y\000a\000n\000g\000-\000M\000i\000l\000l\000s}{appendix.R}% 581
\BOOKMARK [2][-]{subsection.R.4.1}{\376\377\000C\000a\000l\000c\000u\000l\000a\000t\000i\000n\000g\000\040\000t\000h\000e\000\040\000V\000a\000r\000i\000a\000t\000i\000o\000n}{section.R.4}% 582
\BOOKMARK [2][-]{subsection.R.4.2}{\376\377\000P\000r\000o\000v\000i\000n\000g\000\040\000C\000o\000n\000t\000r\000a\000c\000t\000i\000o\000n}{section.R.4}% 583
\BOOKMARK [1][-]{section.R.5}{\376\377\000C\000o\000n\000c\000l\000u\000s\000i\000o\000n}{appendix.R}% 584
\BOOKMARK [1][-]{section.R.6}{\376\377\000R\000i\000g\000o\000r\000o\000u\000s\000\040\000B\000l\000o\000c\000k\000\040\000D\000o\000b\000r\000u\000s\000h\000i\000n\000\040\000W\000i\000t\000h\000o\000u\000t\000\040\000C\000i\000r\000c\000u\000l\000a\000r\000i\000t\000y}{appendix.R}% 585
\BOOKMARK [2][-]{subsection.R.6.1}{\376\377\000T\000h\000e\000\040\000C\000o\000r\000e\000\040\000M\000e\000c\000h\000a\000n\000i\000s\000m\000:\000\040\000I\000n\000f\000o\000r\000m\000a\000t\000i\000o\000n\000-\000T\000h\000e\000o\000r\000e\000t\000i\000c\000\040\000S\000c\000r\000e\000e\000n\000i\000n\000g}{section.R.6}% 586
\BOOKMARK [2][-]{subsection.R.6.2}{\376\377\000B\000l\000o\000c\000k\000\040\000D\000o\000b\000r\000u\000s\000h\000i\000n\000\040\000C\000o\000n\000d\000i\000t\000i\000o\000n\000:\000\040\000D\000i\000r\000e\000c\000t\000\040\000P\000r\000o\000o\000f}{section.R.6}% 587
\BOOKMARK [2][-]{subsection.R.6.3}{\376\377\000R\000e\000s\000o\000l\000u\000t\000i\000o\000n\000:\000\040\000M\000u\000l\000t\000i\000-\000S\000c\000a\000l\000e\000\040\000B\000l\000o\000c\000k\000\040\000D\000e\000c\000o\000m\000p\000o\000s\000i\000t\000i\000o\000n}{section.R.6}% 588
\BOOKMARK [2][-]{subsection.R.6.4}{\376\377\000G\000a\000u\000s\000s\000i\000a\000n\000\040\000D\000o\000m\000i\000n\000a\000t\000i\000o\000n\000\040\000a\000t\000\040\000W\000e\000a\000k\000\040\000C\000o\000u\000p\000l\000i\000n\000g}{section.R.6}% 589
\BOOKMARK [2][-]{subsection.R.6.5}{\376\377\000I\000n\000t\000e\000r\000m\000e\000d\000i\000a\000t\000e\000\040\000C\000o\000u\000p\000l\000i\000n\000g\000:\000\040\000B\000o\000o\000t\000s\000t\000r\000a\000p\000\040\000f\000r\000o\000m\000\040\000S\000t\000r\000o\000n\000g\000\040\000a\000n\000d\000\040\000W\000e\000a\000k}{section.R.6}% 590
\BOOKMARK [2][-]{subsection.R.6.6}{\376\377\000C\000o\000m\000p\000l\000e\000t\000e\000\040\000P\000r\000o\000o\000f\000\040\000A\000s\000s\000e\000m\000b\000l\000y}{section.R.6}% 591
\BOOKMARK [2][-]{subsection.R.6.7}{\376\377\000E\000x\000p\000l\000i\000c\000i\000t\000\040\000C\000o\000n\000s\000t\000a\000n\000t\000s\000\040\000f\000o\000r\000\040\000S\000U\000\050\0002\000\051\000\040\000a\000n\000d\000\040\000S\000U\000\050\0003\000\051}{section.R.6}% 592
\BOOKMARK [2][-]{subsection.R.6.8}{\376\377\000S\000u\000m\000m\000a\000r\000y\000:\000\040\000N\000o\000n\000-\000C\000i\000r\000c\000u\000l\000a\000r\000\040\000C\000h\000a\000i\000n\000\040\000C\000o\000m\000p\000l\000e\000t\000e}{section.R.6}% 593
\BOOKMARK [0][-]{appendix.S}{\376\377\000T\000o\000p\000o\000l\000o\000g\000i\000c\000a\000l\000\040\000a\000n\000d\000\040\000G\000e\000o\000m\000e\000t\000r\000i\000c\000\040\000A\000n\000a\000l\000y\000s\000i\000s}{theorem.P.1.10}% 594
\BOOKMARK [1][-]{section.S.1}{\376\377\000N\000o\000v\000e\000l\000\040\000A\000p\000p\000r\000o\000a\000c\000h\000:\000\040\000T\000o\000p\000o\000l\000o\000g\000i\000c\000a\000l\000\040\000O\000b\000s\000t\000r\000u\000c\000t\000i\000o\000n\000\040\000t\000o\000\040\000M\000a\000s\000s\000l\000e\000s\000s\000\040\000L\000i\000m\000i\000t}{appendix.S}% 595
\BOOKMARK [2][-]{subsection.S.1.1}{\376\377\000T\000h\000e\000\040\000C\000o\000r\000e\000\040\000I\000n\000s\000i\000g\000h\000t\000:\000\040\000D\000i\000m\000e\000n\000s\000i\000o\000n\000a\000l\000\040\000T\000r\000a\000n\000s\000m\000u\000t\000a\000t\000i\000o\000n\000\040\000a\000s\000\040\000T\000o\000p\000o\000l\000o\000g\000i\000c\000a\000l\000\040\000N\000e\000c\000e\000s\000s\000i\000t\000y}{section.S.1}% 596
\BOOKMARK [2][-]{subsection.S.1.2}{\376\377\000T\000h\000e\000\040\000S\000p\000e\000c\000t\000r\000a\000l\000\040\000F\000l\000o\000w\000\040\000A\000r\000g\000u\000m\000e\000n\000t}{section.S.1}% 597
\BOOKMARK [2][-]{subsection.S.1.3}{\376\377\000I\000n\000t\000r\000i\000n\000s\000i\000c\000\040\000S\000c\000a\000l\000e\000\040\000S\000e\000t\000t\000i\000n\000g\000:\000\040\000A\000\040\000N\000o\000n\000-\000C\000i\000r\000c\000u\000l\000a\000r\000\040\000C\000o\000n\000s\000t\000r\000u\000c\000t\000i\000o\000n}{section.S.1}% 598
\BOOKMARK [1][-]{section.S.2}{\376\377\000G\000e\000o\000m\000e\000t\000r\000i\000c\000\040\000a\000n\000d\000\040\000T\000o\000p\000o\000l\000o\000g\000i\000c\000a\000l\000\040\000V\000e\000r\000i\000f\000i\000c\000a\000t\000i\000o\000n}{appendix.S}% 599
\BOOKMARK [2][-]{subsection.S.2.1}{\376\377\000C\000h\000e\000e\000g\000e\000r\000\040\000C\000o\000n\000s\000t\000a\000n\000t\000\040\000f\000o\000r\000\040\000G\000a\000u\000g\000e\000\040\000O\000r\000b\000i\000t\000\040\000S\000p\000a\000c\000e}{section.S.2}% 600
\BOOKMARK [2][-]{subsection.S.2.2}{\376\377\000S\000p\000e\000c\000t\000r\000a\000l\000\040\000P\000e\000r\000m\000a\000n\000e\000n\000c\000e}{section.S.2}% 601
\BOOKMARK [1][-]{section.S.3}{\376\377\000A\000p\000p\000e\000n\000d\000i\000x\000\040\000R\000.\0001\0005\0009\000:\000\040\000T\000o\000p\000o\000l\000o\000g\000i\000c\000a\000l\000\040\000P\000r\000o\000t\000e\000c\000t\000i\000o\000n\000\040\000o\000f\000\040\000t\000h\000e\000\040\000S\000t\000r\000i\000n\000g\000\040\000T\000e\000n\000s\000i\000o\000n}{appendix.S}% 602
\BOOKMARK [0][-]{appendix.T}{\376\377\000F\000i\000x\000\040\0004\0001\000:\000\040\000T\000h\000e\000\040\000D\000i\000s\000c\000r\000e\000t\000e\000\040\000G\000e\000o\000m\000e\000t\000r\000i\000c\000\040\000G\000a\000p\000\040\000\050\000O\000l\000l\000i\000v\000i\000e\000r\000-\000R\000i\000c\000c\000i\000\040\000C\000u\000r\000v\000a\000t\000u\000r\000e\000\051}{theorem.P.1.10}% 603
\BOOKMARK [1][-]{section.T.1}{\376\377\000C\000o\000n\000t\000e\000x\000t}{appendix.T}% 604
\BOOKMARK [1][-]{section.T.2}{\376\377\000T\000h\000e\000o\000r\000e\000m\000\040\000I\000.\0001\000\040\000\050\000P\000o\000s\000i\000t\000i\000v\000e\000\040\000C\000o\000a\000r\000s\000e\000\040\000R\000i\000c\000c\000i\000\040\000C\000u\000r\000v\000a\000t\000u\000r\000e\000\051}{appendix.T}% 605
\BOOKMARK [1][-]{section.T.3}{\376\377\000P\000r\000o\000o\000f\000\040\000D\000e\000r\000i\000v\000a\000t\000i\000o\000n}{appendix.T}% 606
\BOOKMARK [2][-]{subsection.T.3.1}{\376\377\0001\000.\000\040\000L\000o\000c\000a\000l\000\040\000G\000e\000o\000m\000e\000t\000r\000y}{section.T.3}% 607
\BOOKMARK [2][-]{subsection.T.3.2}{\376\377\0002\000.\000\040\000C\000u\000r\000v\000a\000t\000u\000r\000e\000\040\000C\000o\000m\000p\000u\000t\000a\000t\000i\000o\000n}{section.T.3}% 608
\BOOKMARK [2][-]{subsection.T.3.3}{\376\377\0003\000.\000\040\000P\000o\000s\000i\000t\000i\000v\000e\000\040\000L\000o\000w\000e\000r\000\040\000B\000o\000u\000n\000d}{section.T.3}% 609
\BOOKMARK [2][-]{subsection.T.3.4}{\376\377\0004\000.\000\040\000S\000p\000e\000c\000t\000r\000a\000l\000\040\000G\000a\000p}{section.T.3}% 610
\BOOKMARK [0][-]{appendix.U}{\376\377\000F\000i\000x\000\040\0005\0008\000:\000\040\000T\000h\000e\000\040\000B\000l\000o\000c\000k\000-\000S\000p\000i\000n\000\040\000R\000e\000f\000l\000e\000c\000t\000i\000o\000n\000\040\000P\000o\000s\000i\000t\000i\000v\000i\000t\000y\000\040\000\050\000A\000x\000i\000o\000m\000\040\000P\000r\000e\000s\000e\000r\000v\000a\000t\000i\000o\000n\000\051}{theorem.P.1.10}% 611
\BOOKMARK [1][-]{section.U.1}{\376\377\000C\000o\000n\000t\000e\000x\000t\000:\000\040\000T\000h\000e\000\040\000L\000o\000s\000s\000\040\000o\000f\000\040\000P\000o\000s\000i\000t\000i\000v\000i\000t\000y}{appendix.U}% 612
\BOOKMARK [1][-]{section.U.2}{\376\377\000D\000e\000r\000i\000v\000a\000t\000i\000o\000n\000:\000\040\000B\000e\000l\000l\000-\000G\000i\000n\000s\000b\000e\000r\000g\000\040\000E\000q\000u\000i\000v\000a\000l\000e\000n\000c\000e}{appendix.U}% 613
\BOOKMARK [2][-]{subsection.U.2.1}{\376\377\000S\000t\000e\000p\000\040\0001\000:\000\040\000C\000l\000a\000s\000s\000i\000f\000i\000c\000a\000t\000i\000o\000n\000\040\000o\000f\000\040\000R\000P\000-\000V\000i\000o\000l\000a\000t\000i\000n\000g\000\040\000O\000p\000e\000r\000a\000t\000o\000r\000s}{section.U.2}% 614
\BOOKMARK [2][-]{subsection.U.2.2}{\376\377\000S\000t\000e\000p\000\040\0002\000:\000\040\000R\000G\000\040\000F\000l\000o\000w\000\040\000o\000f\000\040\000V\000i\000o\000l\000a\000t\000i\000n\000g\000\040\000T\000e\000r\000m\000s}{section.U.2}% 615
\BOOKMARK [2][-]{subsection.U.2.3}{\376\377\000S\000t\000e\000p\000\040\0003\000:\000\040\000R\000e\000s\000t\000o\000r\000a\000t\000i\000o\000n\000\040\000i\000n\000\040\000t\000h\000e\000\040\000C\000o\000n\000t\000i\000n\000u\000u\000m\000\040\000L\000i\000m\000i\000t}{section.U.2}% 616
\BOOKMARK [1][-]{section.U.3}{\376\377\000C\000o\000n\000c\000l\000u\000s\000i\000o\000n}{appendix.U}% 617
\BOOKMARK [0][-]{appendix.V}{\376\377\000S\000u\000p\000e\000r\000s\000y\000m\000m\000e\000t\000r\000i\000c\000\040\000Y\000a\000n\000g\040\023\000M\000i\000l\000l\000s\000\040\000T\000h\000e\000o\000r\000y}{theorem.P.1.10}% 618
\BOOKMARK [1][-]{section.V.1}{\376\377\000C\000o\000m\000p\000l\000e\000t\000e\000\040\000P\000r\000o\000o\000f\000s\000:\000\040\000N\000=\0001\000\040\000S\000u\000p\000e\000r\000\040\000Y\000a\000n\000g\000-\000M\000i\000l\000l\000s\000\040\000M\000a\000s\000s\000\040\000G\000a\000p}{appendix.V}% 619
\BOOKMARK [2][-]{subsection.V.1.1}{\376\377\000M\000e\000t\000h\000o\000d\000\040\0001\000:\000\040\000W\000i\000t\000t\000e\000n\000\040\000I\000n\000d\000e\000x\000\040\000A\000r\000g\000u\000m\000e\000n\000t}{section.V.1}% 620
\BOOKMARK [2][-]{subsection.V.1.2}{\376\377\000M\000e\000t\000h\000o\000d\000\040\0002\000:\000\040\000G\000l\000u\000i\000n\000o\000\040\000C\000o\000n\000d\000e\000n\000s\000a\000t\000e\000\040\000a\000n\000d\000\040\000E\000f\000f\000e\000c\000t\000i\000v\000e\000\040\000S\000u\000p\000e\000r\000p\000o\000t\000e\000n\000t\000i\000a\000l}{section.V.1}% 621
\BOOKMARK [2][-]{subsection.V.1.3}{\376\377\000M\000e\000t\000h\000o\000d\000\040\0003\000:\000\040\000D\000i\000r\000e\000c\000t\000\040\000L\000a\000t\000t\000i\000c\000e\000\040\000C\000a\000l\000c\000u\000l\000a\000t\000i\000o\000n}{section.V.1}% 622
\BOOKMARK [2][-]{subsection.V.1.4}{\376\377\000S\000y\000n\000t\000h\000e\000s\000i\000s\000:\000\040\000D\000e\000l\000t\000a\000\050\0000\000\051\000\040\000>\000\040\0000\000\040\000i\000s\000\040\000P\000r\000o\000v\000e\000n}{section.V.1}% 623
\BOOKMARK [1][-]{section.V.2}{\376\377\000R\000o\000a\000d\000m\000a\000p\000\040\000t\000o\000\040\000R\000i\000g\000o\000r\000o\000u\000s\000\040\000P\000r\000o\000o\000f\000\040\000o\000f\000\040\000N\000=\0001\000\040\000S\000Y\000M\000\040\000G\000a\000p}{appendix.V}% 624
\BOOKMARK [2][-]{subsection.V.2.1}{\376\377\000S\000t\000r\000a\000t\000e\000g\000y\000\040\0001\000:\000\040\000R\000i\000g\000o\000r\000o\000u\000s\000\040\000W\000i\000t\000t\000e\000n\000\040\000I\000n\000d\000e\000x\000\040\000o\000n\000\040\000t\000h\000e\000\040\000L\000a\000t\000t\000i\000c\000e}{section.V.2}% 625
\BOOKMARK [2][-]{subsection.V.2.2}{\376\377\000S\000t\000r\000a\000t\000e\000g\000y\000\040\0002\000:\000\040\000G\000l\000u\000i\000n\000o\000\040\000C\000o\000n\000d\000e\000n\000s\000a\000t\000i\000o\000n\000\040\000v\000i\000a\000\040\000C\000l\000u\000s\000t\000e\000r\000\040\000E\000x\000p\000a\000n\000s\000i\000o\000n\000s}{section.V.2}% 626
\BOOKMARK [2][-]{subsection.V.2.3}{\376\377\000S\000t\000r\000a\000t\000e\000g\000y\000\040\0003\000:\000\040\000A\000d\000i\000a\000b\000a\000t\000i\000c\000\040\000D\000e\000f\000o\000r\000m\000a\000t\000i\000o\000n\000\040\000f\000r\000o\000m\000\040\000S\000m\000a\000l\000l\000\040\000C\000i\000r\000c\000l\000e}{section.V.2}% 627
\BOOKMARK [2][-]{subsection.V.2.4}{\376\377\000R\000e\000c\000o\000m\000m\000e\000n\000d\000e\000d\000\040\000P\000a\000t\000h}{section.V.2}% 628
\BOOKMARK [1][-]{section.V.3}{\376\377\000R\000i\000g\000o\000r\000o\000u\000s\000\040\000P\000r\000o\000o\000f\000\040\000o\000f\000\040\000t\000h\000e\000\040\000N\000=\0001\000\040\000S\000Y\000M\000\040\000S\000p\000e\000c\000t\000r\000a\000l\000\040\000G\000a\000p}{appendix.V}% 629
\BOOKMARK [2][-]{subsection.V.3.1}{\376\377\000T\000h\000e\000\040\000C\000o\000n\000s\000t\000r\000u\000c\000t\000i\000v\000e\000\040\000P\000r\000o\000o\000f\000\040\000S\000t\000r\000a\000t\000e\000g\000y}{section.V.3}% 630
\BOOKMARK [2][-]{subsection.V.3.2}{\376\377\000S\000t\000e\000p\000\040\0001\000:\000\040\000E\000x\000i\000s\000t\000e\000n\000c\000e\000\040\000o\000f\000\040\000D\000i\000s\000t\000i\000n\000c\000t\000\040\000V\000a\000c\000u\000a}{section.V.3}% 631
\BOOKMARK [2][-]{subsection.V.3.3}{\376\377\000S\000t\000e\000p\000\040\0002\000:\000\040\000T\000h\000e\000\040\000P\000e\000i\000e\000r\000l\000s\000\040\000C\000o\000n\000d\000i\000t\000i\000o\000n\000\040\000\050\000P\000o\000s\000i\000t\000i\000v\000e\000\040\000W\000a\000l\000l\000\040\000T\000e\000n\000s\000i\000o\000n\000\051}{section.V.3}% 632
\BOOKMARK [2][-]{subsection.V.3.4}{\376\377\000S\000t\000e\000p\000\040\0003\000:\000\040\000C\000o\000n\000v\000e\000r\000g\000e\000n\000c\000e\000\040\000o\000f\000\040\000C\000l\000u\000s\000t\000e\000r\000\040\000E\000x\000p\000a\000n\000s\000i\000o\000n}{section.V.3}% 633
\BOOKMARK [2][-]{subsection.V.3.5}{\376\377\000C\000o\000n\000c\000l\000u\000s\000i\000o\000n}{section.V.3}% 634
\BOOKMARK [1][-]{section.V.4}{\376\377\000R\000i\000g\000o\000r\000o\000u\000s\000\040\000R\000e\000s\000o\000l\000u\000t\000i\000o\000n\000\040\000o\000f\000\040\000G\000a\000p\000\040\0001\000:\000\040\000L\000a\000t\000t\000i\000c\000e\000\040\000S\000U\000S\000Y\000\040\000S\000t\000a\000b\000i\000l\000i\000t\000y}{appendix.V}% 635
\BOOKMARK [2][-]{subsection.V.4.1}{\376\377\000P\000r\000o\000b\000l\000e\000m\000\040\000S\000t\000a\000t\000e\000m\000e\000n\000t}{section.V.4}% 636
\BOOKMARK [2][-]{subsection.V.4.2}{\376\377\000T\000h\000e\000\040\000G\000i\000n\000s\000p\000a\000r\000g\000-\000W\000i\000l\000s\000o\000n\000\040\000F\000o\000r\000m\000u\000l\000a\000t\000i\000o\000n}{section.V.4}% 637
\BOOKMARK [2][-]{subsection.V.4.3}{\376\377\000R\000e\000s\000t\000o\000r\000a\000t\000i\000o\000n\000\040\000o\000f\000\040\000W\000a\000r\000d\000\040\000I\000d\000e\000n\000t\000i\000t\000i\000e\000s}{section.V.4}% 638
\BOOKMARK [2][-]{subsection.V.4.4}{\376\377\000S\000t\000a\000b\000i\000l\000i\000t\000y\000\040\000o\000f\000\040\000t\000h\000e\000\040\000W\000a\000l\000l\000\040\000T\000e\000n\000s\000i\000o\000n}{section.V.4}% 639
\BOOKMARK [2][-]{subsection.V.4.5}{\376\377\000C\000o\000n\000c\000l\000u\000s\000i\000o\000n}{section.V.4}% 640
\BOOKMARK [0][-]{appendix.W}{\376\377\000R\000i\000g\000o\000r\000o\000u\000s\000\040\000S\000m\000o\000o\000t\000h\000n\000e\000s\000s\000\040\000a\000n\000d\000\040\000T\000h\000e\000\040\000S\000U\000S\000Y\000\040\000G\000a\000p}{theorem.P.1.10}% 641
\BOOKMARK [1][-]{section.W.1}{\376\377\000O\000v\000e\000r\000v\000i\000e\000w}{appendix.W}% 642
\BOOKMARK [1][-]{section.W.2}{\376\377\000P\000r\000o\000o\000f\000\040\000o\000f\000\040\000"\000S\000m\000o\000o\000t\000h\000n\000e\000s\000s\000"\000\040\000\050\000A\000b\000s\000e\000n\000c\000e\000\040\000o\000f\000\040\000F\000i\000r\000s\000t\000-\000O\000r\000d\000e\000r\000\040\000T\000r\000a\000n\000s\000i\000t\000i\000o\000n\000s\000\051}{appendix.W}% 643
\BOOKMARK [2][-]{subsection.W.2.1}{\376\377\000P\000r\000o\000o\000f\000\040\000o\000f\000\040\000G\000l\000o\000b\000a\000l\000\040\000A\000n\000a\000l\000y\000t\000i\000c\000i\000t\000y}{section.W.2}% 644
\BOOKMARK [1][-]{section.W.3}{\376\377\000P\000r\000o\000o\000f\000\040\000o\000f\000\040\000t\000h\000e\000\040\000S\000U\000S\000Y\000\040\000G\000a\000p\000\040\000\050\000D\000i\000s\000c\000r\000e\000t\000e\000n\000e\000s\000s\000\040\000o\000f\000\040\000S\000p\000e\000c\000t\000r\000u\000m\000\051}{appendix.W}% 645
\BOOKMARK [2][-]{subsection.W.3.1}{\376\377\000P\000r\000o\000o\000f\000\040\000o\000f\000\040\000S\000p\000e\000c\000t\000r\000a\000l\000\040\000G\000a\000p}{section.W.3}% 646
\BOOKMARK [1][-]{section.W.4}{\376\377\000S\000u\000m\000m\000a\000r\000y}{appendix.W}% 647
\BOOKMARK [0][-]{appendix.X}{\376\377\000F\000e\000r\000m\000i\000o\000n\000\040\000L\000o\000c\000a\000l\000i\000t\000y\000\040\000a\000n\000d\000\040\000C\000o\000n\000t\000r\000o\000l}{theorem.P.1.10}% 648
\BOOKMARK [1][-]{section.X.1}{\376\377\000R\000i\000g\000o\000r\000o\000u\000s\000\040\000R\000e\000s\000o\000l\000u\000t\000i\000o\000n\000\040\000o\000f\000\040\000G\000a\000p\000\040\0003\000:\000\040\000U\000V\000\040\000S\000t\000a\000b\000i\000l\000i\000t\000y\000\040\000w\000i\000t\000h\000\040\000F\000e\000r\000m\000i\000o\000n\000s}{appendix.X}% 649
\BOOKMARK [2][-]{subsection.X.1.1}{\376\377\000P\000r\000o\000b\000l\000e\000m\000\040\000S\000t\000a\000t\000e\000m\000e\000n\000t}{section.X.1}% 650
\BOOKMARK [2][-]{subsection.X.1.2}{\376\377\000F\000e\000r\000m\000i\000o\000n\000i\000c\000\040\000B\000l\000o\000c\000k\000\040\000A\000v\000e\000r\000a\000g\000i\000n\000g}{section.X.1}% 651
\BOOKMARK [2][-]{subsection.X.1.3}{\376\377\000D\000e\000t\000e\000r\000m\000i\000n\000a\000n\000t\000\040\000B\000o\000u\000n\000d\000s}{section.X.1}% 652
\BOOKMARK [2][-]{subsection.X.1.4}{\376\377\000I\000n\000d\000u\000c\000t\000i\000v\000e\000\040\000S\000t\000e\000p}{section.X.1}% 653
\BOOKMARK [2][-]{subsection.X.1.5}{\376\377\000C\000o\000n\000c\000l\000u\000s\000i\000o\000n}{section.X.1}% 654
\BOOKMARK [1][-]{section.X.2}{\376\377\000R\000i\000g\000o\000r\000o\000u\000s\000\040\000C\000o\000n\000t\000r\000o\000l\000\040\000o\000f\000\040\000A\000d\000j\000o\000i\000n\000t\000\040\000F\000e\000r\000m\000i\000o\000n\000\040\000D\000e\000t\000e\000r\000m\000i\000n\000a\000n\000t\000\040\000N\000o\000n\000-\000L\000o\000c\000a\000l\000i\000t\000y}{appendix.X}% 655
\BOOKMARK [2][-]{subsection.X.2.1}{\376\377\000T\000h\000e\000\040\000N\000o\000n\000-\000L\000o\000c\000a\000l\000i\000t\000y\000\040\000P\000r\000o\000b\000l\000e\000m}{section.X.2}% 656
\BOOKMARK [2][-]{subsection.X.2.2}{\376\377\000S\000t\000e\000p\000\040\0001\000:\000\040\000M\000a\000t\000t\000h\000e\000w\000s\000-\000S\000a\000l\000a\000m\000-\000S\000e\000i\000l\000e\000r\000\040\000P\000o\000l\000y\000m\000e\000r\000\040\000E\000x\000p\000a\000n\000s\000i\000o\000n}{section.X.2}% 657
\BOOKMARK [2][-]{subsection.X.2.3}{\376\377\000S\000t\000e\000p\000\040\0002\000:\000\040\000E\000f\000f\000e\000c\000t\000i\000v\000e\000\040\000R\000a\000n\000g\000e\000\040\000C\000o\000n\000t\000r\000o\000l}{section.X.2}% 658
\BOOKMARK [2][-]{subsection.X.2.4}{\376\377\000S\000t\000e\000p\000\040\0003\000:\000\040\000C\000l\000u\000s\000t\000e\000r\000\040\000E\000x\000p\000a\000n\000s\000i\000o\000n\000\040\000C\000o\000n\000v\000e\000r\000g\000e\000n\000c\000e}{section.X.2}% 659
\BOOKMARK [2][-]{subsection.X.2.5}{\376\377\000S\000t\000e\000p\000\040\0004\000:\000\040\000V\000a\000f\000a\000-\000W\000i\000t\000t\000e\000n\000\040\000E\000i\000g\000e\000n\000v\000a\000l\000u\000e\000\040\000P\000r\000o\000t\000e\000c\000t\000i\000o\000n}{section.X.2}% 660
\BOOKMARK [2][-]{subsection.X.2.6}{\376\377\000S\000t\000e\000p\000\040\0005\000:\000\040\000C\000o\000m\000p\000a\000t\000i\000b\000i\000l\000i\000t\000y\000\040\000w\000i\000t\000h\000\040\000P\000i\000r\000o\000g\000o\000v\000-\000S\000i\000n\000a\000i\000\040\000T\000h\000e\000o\000r\000y}{section.X.2}% 661
\BOOKMARK [2][-]{subsection.X.2.7}{\376\377\000M\000a\000i\000n\000\040\000R\000e\000s\000u\000l\000t}{section.X.2}% 662
\BOOKMARK [2][-]{subsection.X.2.8}{\376\377\000E\000x\000p\000l\000i\000c\000i\000t\000\040\000C\000o\000n\000s\000t\000a\000n\000t\000s\000\040\000a\000n\000d\000\040\000E\000s\000t\000i\000m\000a\000t\000e\000s}{section.X.2}% 663
\BOOKMARK [2][-]{subsection.X.2.9}{\376\377\000R\000e\000s\000o\000l\000u\000t\000i\000o\000n\000\040\000o\000f\000\040\000t\000h\000e\000\040\000A\000d\000j\000o\000i\000n\000t\000\040\000I\000n\000t\000e\000r\000p\000o\000l\000a\000t\000i\000o\000n}{section.X.2}% 664
\BOOKMARK [1][-]{section.X.3}{\376\377\000R\000e\000s\000o\000l\000u\000t\000i\000o\000n\000\040\000o\000f\000\040\000t\000h\000e\000\040\000N\000o\000n\000-\000L\000o\000c\000a\000l\000i\000t\000y\000\040\000O\000b\000s\000t\000r\000u\000c\000t\000i\000o\000n}{appendix.X}% 665
\BOOKMARK [2][-]{subsection.X.3.1}{\376\377\000T\000h\000e\000\040\000C\000r\000i\000t\000i\000c\000a\000l\000\040\000G\000a\000p\000\040\000I\000d\000e\000n\000t\000i\000f\000i\000e\000d}{section.X.3}% 666
\BOOKMARK [2][-]{subsection.X.3.2}{\376\377\000T\000h\000e\000\040\000R\000e\000s\000o\000l\000u\000t\000i\000o\000n\000\040\000S\000t\000r\000a\000t\000e\000g\000y}{section.X.3}% 667
\BOOKMARK [2][-]{subsection.X.3.3}{\376\377\000I\000m\000p\000l\000i\000c\000a\000t\000i\000o\000n\000s\000\040\000f\000o\000r\000\040\000t\000h\000e\000\040\000M\000a\000s\000s\000\040\000G\000a\000p\000\040\000P\000r\000o\000o\000f}{section.X.3}% 668
\BOOKMARK [2][-]{subsection.X.3.4}{\376\377\000C\000o\000m\000p\000a\000r\000i\000s\000o\000n\000\040\000w\000i\000t\000h\000\040\000P\000r\000e\000v\000i\000o\000u\000s\000\040\000A\000p\000p\000r\000o\000a\000c\000h\000e\000s}{section.X.3}% 669
\BOOKMARK [2][-]{subsection.X.3.5}{\376\377\000S\000t\000a\000t\000u\000s\000\040\000R\000e\000s\000o\000l\000u\000t\000i\000o\000n}{section.X.3}% 670
\BOOKMARK [2][-]{subsection.X.3.6}{\376\377\000R\000e\000m\000a\000i\000n\000i\000n\000g\000\040\000W\000o\000r\000k}{section.X.3}% 671
\BOOKMARK [2][-]{subsection.X.3.7}{\376\377\000C\000o\000n\000c\000l\000u\000s\000i\000o\000n}{section.X.3}% 672
\BOOKMARK [0][-]{appendix.Y}{\376\377\000E\000x\000p\000l\000i\000c\000i\000t\000\040\000C\000o\000n\000s\000t\000a\000n\000t\000s\000\040\000a\000n\000d\000\040\000N\000u\000m\000e\000r\000i\000c\000a\000l\000\040\000B\000o\000u\000n\000d\000s}{theorem.P.1.10}% 673
\BOOKMARK [1][-]{section.Y.1}{\376\377\000E\000x\000p\000l\000i\000c\000i\000t\000\040\000N\000u\000m\000e\000r\000i\000c\000a\000l\000\040\000B\000o\000u\000n\000d\000s\000\040\000a\000n\000d\000\040\000P\000h\000y\000s\000i\000c\000a\000l\000\040\000P\000r\000e\000d\000i\000c\000t\000i\000o\000n\000s}{appendix.Y}% 674
\BOOKMARK [1][-]{section.Y.2}{\376\377\000E\000x\000p\000l\000i\000c\000i\000t\000\040\000C\000o\000n\000s\000t\000a\000n\000t\000\040\000C\000o\000m\000p\000u\000t\000a\000t\000i\000o\000n\000s}{appendix.Y}% 675
\BOOKMARK [2][-]{subsection.Y.2.1}{\376\377\000F\000u\000n\000d\000a\000m\000e\000n\000t\000a\000l\000\040\000C\000o\000n\000s\000t\000a\000n\000t\000s\000\040\000f\000o\000r\000\040\000S\000U\000\050\000N\000\051}{section.Y.2}% 676
\BOOKMARK [2][-]{subsection.Y.2.2}{\376\377\000H\000o\000l\000l\000e\000y\000-\000S\000t\000r\000o\000o\000c\000k\000\040\000P\000e\000r\000t\000u\000r\000b\000a\000t\000i\000o\000n\000\040\000C\000o\000n\000s\000t\000a\000n\000t\000s}{section.Y.2}% 677
\BOOKMARK [2][-]{subsection.Y.2.3}{\376\377\000O\000s\000c\000i\000l\000l\000a\000t\000i\000o\000n\000\040\000B\000o\000u\000n\000d\000s\000\040\000f\000o\000r\000\040\000Y\000a\000n\000g\000-\000M\000i\000l\000l\000s}{section.Y.2}% 678
\BOOKMARK [2][-]{subsection.Y.2.4}{\376\377\000G\000i\000l\000e\000s\000-\000T\000e\000p\000e\000r\000\040\000C\000o\000e\000f\000f\000i\000c\000i\000e\000n\000t\000:\000\040\000R\000i\000g\000o\000r\000o\000u\000s\000\040\000D\000e\000r\000i\000v\000a\000t\000i\000o\000n}{section.Y.2}% 679
\BOOKMARK [2][-]{subsection.Y.2.5}{\376\377\000S\000t\000r\000o\000n\000g\000\040\000C\000o\000u\000p\000l\000i\000n\000g\000\040\000E\000x\000p\000a\000n\000s\000i\000o\000n\000\040\000C\000o\000n\000s\000t\000a\000n\000t\000s}{section.Y.2}% 680
\BOOKMARK [2][-]{subsection.Y.2.6}{\376\377\000S\000t\000r\000i\000n\000g\000\040\000T\000e\000n\000s\000i\000o\000n\000\040\000a\000t\000\040\000S\000t\000r\000o\000n\000g\000\040\000C\000o\000u\000p\000l\000i\000n\000g}{section.Y.2}% 681
\BOOKMARK [2][-]{subsection.Y.2.7}{\376\377\000B\000e\000s\000s\000e\000l\000\040\000F\000u\000n\000c\000t\000i\000o\000n\000\040\000R\000a\000t\000i\000o\000s}{section.Y.2}% 682
\BOOKMARK [2][-]{subsection.Y.2.8}{\376\377\000Z\000e\000g\000a\000r\000l\000i\000n\000s\000k\000i\000\040\000B\000l\000o\000c\000k\000\040\000D\000e\000c\000o\000m\000p\000o\000s\000i\000t\000i\000o\000n\000\040\000C\000o\000n\000s\000t\000a\000n\000t\000s}{section.Y.2}% 683
\BOOKMARK [2][-]{subsection.Y.2.9}{\376\377\000R\000G\000\040\000F\000l\000o\000w\000\040\000C\000o\000n\000s\000t\000a\000n\000t\000s}{section.Y.2}% 684
\BOOKMARK [2][-]{subsection.Y.2.10}{\376\377\000S\000u\000m\000m\000a\000r\000y\000\040\000o\000f\000\040\000A\000l\000l\000\040\000C\000r\000i\000t\000i\000c\000a\000l\000\040\000C\000o\000n\000s\000t\000a\000n\000t\000s}{section.Y.2}% 685
\BOOKMARK [1][-]{section.Y.3}{\376\377\000E\000x\000p\000l\000i\000c\000i\000t\000\040\000C\000o\000n\000s\000t\000a\000n\000t\000s\000:\000\040\000D\000e\000r\000i\000v\000a\000t\000i\000o\000n\000\040\000a\000n\000d\000\040\000B\000o\000u\000n\000d\000s}{appendix.Y}% 686
\BOOKMARK [2][-]{subsection.Y.3.1}{\376\377\000F\000u\000n\000d\000a\000m\000e\000n\000t\000a\000l\000\040\000G\000r\000o\000u\000p\000\040\000T\000h\000e\000o\000r\000y\000\040\000C\000o\000n\000s\000t\000a\000n\000t\000s}{section.Y.3}% 687
\BOOKMARK [2][-]{subsection.Y.3.2}{\376\377\000L\000o\000g\000-\000S\000o\000b\000o\000l\000e\000v\000\040\000C\000o\000n\000s\000t\000a\000n\000t\000s}{section.Y.3}% 688
\BOOKMARK [2][-]{subsection.Y.3.3}{\376\377\000H\000o\000l\000l\000e\000y\000-\000S\000t\000r\000o\000o\000c\000k\000\040\000P\000e\000r\000t\000u\000r\000b\000a\000t\000i\000o\000n\000\040\000C\000o\000n\000s\000t\000a\000n\000t\000s}{section.Y.3}% 689
\BOOKMARK [2][-]{subsection.Y.3.4}{\376\377\000C\000r\000i\000t\000i\000c\000a\000l\000\040\000C\000o\000u\000p\000l\000i\000n\000g\000\040\000V\000a\000l\000u\000e\000s}{section.Y.3}% 690
\BOOKMARK [2][-]{subsection.Y.3.5}{\376\377\000G\000i\000l\000e\000s\000-\000T\000e\000p\000e\000r\000\040\000B\000o\000u\000n\000d\000\040\000C\000o\000n\000s\000t\000a\000n\000t\000s}{section.Y.3}% 691
\BOOKMARK [2][-]{subsection.Y.3.6}{\376\377\000A\000s\000y\000m\000p\000t\000o\000t\000i\000c\000\040\000F\000r\000e\000e\000d\000o\000m\000\040\000C\000o\000n\000s\000t\000a\000n\000t\000s}{section.Y.3}% 692
\BOOKMARK [2][-]{subsection.Y.3.7}{\376\377\000S\000t\000r\000i\000n\000g\000\040\000T\000e\000n\000s\000i\000o\000n\000\040\000a\000n\000d\000\040\000M\000a\000s\000s\000\040\000G\000a\000p\000\040\000V\000a\000l\000u\000e\000s}{section.Y.3}% 693
\BOOKMARK [2][-]{subsection.Y.3.8}{\376\377\000Z\000e\000g\000a\000r\000l\000i\000n\000s\000k\000i\000\040\000C\000o\000n\000s\000t\000a\000n\000t\000s}{section.Y.3}% 694
\BOOKMARK [2][-]{subsection.Y.3.9}{\376\377\000S\000u\000m\000m\000a\000r\000y\000\040\000T\000a\000b\000l\000e\000:\000\040\000A\000l\000l\000\040\000C\000o\000n\000s\000t\000a\000n\000t\000s}{section.Y.3}% 695
\BOOKMARK [1][-]{section.Y.4}{\376\377\000E\000x\000p\000l\000i\000c\000i\000t\000\040\000C\000o\000n\000s\000t\000a\000n\000t\000s\000:\000\040\000D\000e\000r\000i\000v\000a\000t\000i\000o\000n\000\040\000a\000n\000d\000\040\000B\000o\000u\000n\000d\000s}{appendix.Y}% 696
\BOOKMARK [2][-]{subsection.Y.4.1}{\376\377\000F\000u\000n\000d\000a\000m\000e\000n\000t\000a\000l\000\040\000G\000r\000o\000u\000p\000\040\000C\000o\000n\000s\000t\000a\000n\000t\000s}{section.Y.4}% 697
\BOOKMARK [2][-]{subsection.Y.4.2}{\376\377\000G\000i\000l\000e\000s\000-\000T\000e\000p\000e\000r\000\040\000C\000o\000n\000s\000t\000a\000n\000t\000s}{section.Y.4}% 698
\BOOKMARK [2][-]{subsection.Y.4.3}{\376\377\000T\000r\000a\000n\000s\000f\000e\000r\000\040\000M\000a\000t\000r\000i\000x\000\040\000C\000o\000n\000s\000t\000a\000n\000t\000s}{section.Y.4}% 699
\BOOKMARK [2][-]{subsection.Y.4.4}{\376\377\000H\000o\000l\000l\000e\000y\000-\000S\000t\000r\000o\000o\000c\000k\000\040\000C\000o\000n\000s\000t\000a\000n\000t\000s}{section.Y.4}% 700
\BOOKMARK [2][-]{subsection.Y.4.5}{\376\377\000B\000l\000o\000c\000k\000\040\000D\000e\000c\000o\000m\000p\000o\000s\000i\000t\000i\000o\000n\000\040\000C\000o\000n\000s\000t\000a\000n\000t\000s}{section.Y.4}% 701
\BOOKMARK [2][-]{subsection.Y.4.6}{\376\377\000I\000n\000t\000e\000r\000i\000o\000r\000\040\000L\000S\000I\000\040\000C\000o\000n\000s\000t\000a\000n\000t\000s}{section.Y.4}% 702
\BOOKMARK [2][-]{subsection.Y.4.7}{\376\377\000C\000o\000n\000d\000i\000t\000i\000o\000n\000a\000l\000\040\000T\000e\000n\000s\000o\000r\000i\000z\000a\000t\000i\000o\000n\000\040\000C\000o\000n\000s\000t\000a\000n\000t\000s}{section.Y.4}% 703
\BOOKMARK [2][-]{subsection.Y.4.8}{\376\377\000P\000h\000y\000s\000i\000c\000a\000l\000\040\000S\000c\000a\000l\000e\000\040\000C\000o\000n\000s\000t\000a\000n\000t\000s}{section.Y.4}% 704
\BOOKMARK [2][-]{subsection.Y.4.9}{\376\377\000A\000s\000y\000m\000p\000t\000o\000t\000i\000c\000\040\000F\000r\000e\000e\000d\000o\000m\000\040\000C\000o\000n\000s\000t\000a\000n\000t\000s}{section.Y.4}% 705
\BOOKMARK [2][-]{subsection.Y.4.10}{\376\377\000L\000a\000t\000t\000i\000c\000e\000-\000t\000o\000-\000C\000o\000n\000t\000i\000n\000u\000u\000m\000\040\000S\000c\000a\000l\000i\000n\000g}{section.Y.4}% 706
\BOOKMARK [2][-]{subsection.Y.4.11}{\376\377\000C\000o\000m\000p\000l\000e\000t\000e\000\040\000C\000o\000n\000s\000t\000a\000n\000t\000\040\000S\000u\000m\000m\000a\000r\000y}{section.Y.4}% 707
\BOOKMARK [2][-]{subsection.Y.4.12}{\376\377\000V\000e\000r\000i\000f\000i\000c\000a\000t\000i\000o\000n\000\040\000S\000t\000a\000t\000u\000s}{section.Y.4}% 708
\BOOKMARK [0][-]{appendix.Z}{\376\377\000N\000u\000m\000e\000r\000i\000c\000a\000l\000\040\000V\000e\000r\000i\000f\000i\000c\000a\000t\000i\000o\000n\000\040\000o\000f\000\040\000C\000r\000i\000t\000i\000c\000a\000l\000\040\000M\000a\000s\000s\000\040\000P\000a\000r\000a\000m\000e\000t\000e\000r\000s}{theorem.P.1.10}% 709
\BOOKMARK [1][-]{section.Z.1}{\376\377\000O\000b\000j\000e\000c\000t\000i\000v\000e}{appendix.Z}% 710
\BOOKMARK [1][-]{section.Z.2}{\376\377\000D\000e\000f\000i\000n\000i\000t\000i\000o\000n\000\040\000o\000f\000\040\000t\000h\000e\000\040\000C\000r\000i\000t\000i\000c\000a\000l\000\040\000M\000a\000s\000s}{appendix.Z}% 711
\BOOKMARK [1][-]{section.Z.3}{\376\377\000L\000o\000o\000p\000\040\000E\000n\000t\000r\000o\000p\000y\000\040\000B\000o\000u\000n\000d\000s}{appendix.Z}% 712
\BOOKMARK [1][-]{section.Z.4}{\376\377\000C\000a\000l\000c\000u\000l\000a\000t\000i\000o\000n\000\040\000o\000f\000\040\000C\000d}{appendix.Z}% 713
\BOOKMARK [1][-]{section.Z.5}{\376\377\000R\000e\000s\000u\000l\000t\000s\000:\000\040\000C\000r\000i\000t\000i\000c\000a\000l\000\040\000M\000a\000s\000s\000\040\000V\000a\000l\000u\000e\000s}{appendix.Z}% 714
\BOOKMARK [2][-]{subsection.Z.5.1}{\376\377\000S\000U\000\050\0002\000\051\000\040\000C\000a\000s\000e}{section.Z.5}% 715
\BOOKMARK [2][-]{subsection.Z.5.2}{\376\377\000S\000U\000\050\0003\000\051\000\040\000C\000a\000s\000e}{section.Z.5}% 716
\BOOKMARK [1][-]{section.Z.6}{\376\377\000I\000m\000p\000r\000o\000v\000e\000d\000\040\000B\000o\000u\000n\000d\000s\000\040\000v\000i\000a\000\040\000V\000a\000f\000a\000-\000W\000i\000t\000t\000e\000n}{appendix.Z}% 717
\BOOKMARK [1][-]{section.Z.7}{\376\377\000C\000o\000n\000c\000l\000u\000s\000i\000o\000n}{appendix.Z}% 718
\BOOKMARK [0][-]{appendix.Alph27}{\376\377\000D\000e\000t\000a\000i\000l\000e\000d\000\040\000A\000n\000a\000l\000y\000t\000i\000c\000\040\000D\000e\000r\000i\000v\000a\000t\000i\000o\000n\000s}{theorem.P.1.10}% 719
\BOOKMARK [1][-]{section.Alph27.1}{\376\377\000T\000h\000r\000e\000e\000\040\000R\000i\000g\000o\000r\000o\000u\000s\000\040\000H\000a\000r\000d\000\040\000A\000n\000a\000l\000y\000s\000i\000s\000\040\000D\000e\000r\000i\000v\000a\000t\000i\000o\000n\000s}{appendix.Alph27}% 720
\BOOKMARK [2][-]{subsection.Alph27.1.1}{\376\377\000D\000e\000r\000i\000v\000a\000t\000i\000o\000n\000\040\0001\000:\000\040\000T\000h\000e\000\040\000M\000i\000c\000r\000o\000s\000c\000o\000p\000i\000c\000\040\000S\000p\000e\000c\000t\000r\000a\000l\000\040\000G\000a\000p\000\040\000\050\000A\000n\000a\000l\000y\000s\000i\000s\000\040\000o\000f\000\040\000t\000h\000e\000\040\000T\000r\000a\000n\000s\000f\000e\000r\000\040\000M\000a\000t\000r\000i\000x\000\051}{section.Alph27.1}% 721
\BOOKMARK [2][-]{subsection.Alph27.1.2}{\376\377\000D\000e\000r\000i\000v\000a\000t\000i\000o\000n\000\040\0002\000:\000\040\000U\000n\000i\000f\000o\000r\000m\000\040\000L\000o\000g\000-\000S\000o\000b\000o\000l\000e\000v\000\040\000I\000n\000e\000q\000u\000a\000l\000i\000t\000y\000\040\000v\000i\000a\000\040\000C\000o\000n\000d\000i\000t\000i\000o\000n\000a\000l\000\040\000T\000e\000n\000s\000o\000r\000i\000z\000a\000t\000i\000o\000n}{section.Alph27.1}% 722
\BOOKMARK [2][-]{subsection.Alph27.1.3}{\376\377\000D\000e\000r\000i\000v\000a\000t\000i\000o\000n\000\040\0003\000:\000\040\000T\000h\000e\000\040\000C\000o\000n\000t\000i\000n\000u\000u\000m\000\040\000L\000i\000m\000i\000t\000\040\000v\000i\000a\000\040\000M\000o\000s\000c\000o\000\040\000C\000o\000n\000v\000e\000r\000g\000e\000n\000c\000e}{section.Alph27.1}% 723
\BOOKMARK [2][-]{subsection.Alph27.1.4}{\376\377\000D\000e\000r\000i\000v\000a\000t\000i\000o\000n\000\040\0004\000:\000\040\000A\000n\000a\000l\000y\000t\000i\000c\000i\000t\000y\000\040\000v\000i\000a\000\040\000G\000e\000n\000e\000r\000a\000l\000i\000z\000e\000d\000\040\000A\000s\000a\000n\000o\000\040\000C\000o\000n\000t\000r\000a\000c\000t\000i\000o\000n\000s}{section.Alph27.1}% 724
\BOOKMARK [2][-]{subsection.Alph27.1.5}{\376\377\000D\000e\000r\000i\000v\000a\000t\000i\000o\000n\000\040\0005\000:\000\040\000T\000h\000e\000\040\000D\000i\000s\000c\000r\000e\000t\000e\000\040\000G\000e\000o\000m\000e\000t\000r\000i\000c\000\040\000G\000a\000p\000\040\000\050\000O\000l\000l\000i\000v\000i\000e\000r\000-\000R\000i\000c\000c\000i\000\040\000C\000u\000r\000v\000a\000t\000u\000r\000e\000\051}{section.Alph27.1}% 725
\BOOKMARK [2][-]{subsection.Alph27.1.6}{\376\377\000D\000e\000r\000i\000v\000a\000t\000i\000o\000n\000\040\0006\000:\000\040\000T\000h\000e\000\040\000R\000i\000g\000o\000r\000o\000u\000s\000\040\000G\000i\000l\000e\000s\000-\000T\000e\000p\000e\000r\000\040\000B\000o\000u\000n\000d\000\040\000v\000i\000a\000\040\000T\000e\000m\000p\000l\000e\000'\000s\000\040\000I\000n\000e\000q\000u\000a\000l\000i\000t\000y}{section.Alph27.1}% 726
\BOOKMARK [2][-]{subsection.Alph27.1.7}{\376\377\000D\000e\000r\000i\000v\000a\000t\000i\000o\000n\000\040\0007\000:\000\040\000T\000h\000e\000\040\000S\000t\000r\000a\000t\000i\000f\000i\000e\000d\000\040\000H\000a\000r\000d\000y\000\040\000I\000n\000e\000q\000u\000a\000l\000i\000t\000y\000\040\000\050\000R\000e\000s\000o\000l\000v\000i\000n\000g\000\040\000S\000i\000n\000g\000u\000l\000a\000r\000i\000t\000i\000e\000s\000\051}{section.Alph27.1}% 727
\BOOKMARK [2][-]{subsection.Alph27.1.8}{\376\377\000D\000e\000r\000i\000v\000a\000t\000i\000o\000n\000\040\0008\000:\000\040\000C\000o\000n\000t\000i\000n\000u\000u\000m\000\040\000O\000b\000s\000e\000r\000v\000a\000b\000l\000e\000s\000\040\000v\000i\000a\000\040\000T\000h\000e\000\040\000S\000e\000w\000i\000n\000g\000\040\000L\000e\000m\000m\000a\000\040\000\050\000R\000o\000u\000g\000h\000\040\000P\000a\000t\000h\000s\000\051}{section.Alph27.1}% 728
\BOOKMARK [2][-]{subsection.Alph27.1.9}{\376\377\000D\000e\000r\000i\000v\000a\000t\000i\000o\000n\000\040\0009\000:\000\040\000T\000h\000e\000\040\000D\000e\000c\000o\000u\000p\000l\000i\000n\000g\000\040\000L\000i\000m\000i\000t\000\040\000v\000i\000a\000\040\000F\000e\000s\000h\000b\000a\000c\000h\000-\000S\000c\000h\000u\000r\000\040\000M\000a\000p\000s}{section.Alph27.1}% 729
\BOOKMARK [2][-]{subsection.Alph27.1.10}{\376\377\000D\000e\000r\000i\000v\000a\000t\000i\000o\000n\000\040\0001\0000\000:\000\040\000R\000e\000s\000t\000o\000r\000a\000t\000i\000o\000n\000\040\000o\000f\000\040\000S\000O\000\050\0004\000\051\000\040\000S\000y\000m\000m\000e\000t\000r\000y\000\040\000v\000i\000a\000\040\000S\000y\000m\000a\000n\000z\000i\000k\000\040\000F\000l\000o\000w}{section.Alph27.1}% 730
\BOOKMARK [2][-]{subsection.Alph27.1.11}{\376\377\000D\000e\000r\000i\000v\000a\000t\000i\000o\000n\000\040\0001\0001\000:\000\040\000T\000o\000p\000o\000l\000o\000g\000i\000c\000a\000l\000\040\000S\000t\000a\000b\000i\000l\000i\000t\000y\000\040\000v\000i\000a\000\040\000T\000h\000e\000\040\000L\000a\000t\000t\000i\000c\000e\000\040\000I\000n\000d\000e\000x\000\040\000T\000h\000e\000o\000r\000e\000m}{section.Alph27.1}% 731
\BOOKMARK [2][-]{subsection.Alph27.1.12}{\376\377\000D\000e\000r\000i\000v\000a\000t\000i\000o\000n\000\040\0001\0002\000:\000\040\000V\000a\000c\000u\000u\000m\000\040\000U\000n\000i\000q\000u\000e\000n\000e\000s\000s\000\040\000v\000i\000a\000\040\000C\000l\000u\000s\000t\000e\000r\000\040\000D\000e\000c\000o\000m\000p\000o\000s\000i\000t\000i\000o\000n}{section.Alph27.1}% 732
\BOOKMARK [1][-]{section.Alph27.2}{\376\377\000H\000a\000r\000d\000\040\000A\000n\000a\000l\000y\000s\000i\000s\000\040\000o\000f\000\040\000C\000r\000i\000t\000i\000c\000a\000l\000\040\000G\000a\000p\000s}{appendix.Alph27}% 733
\BOOKMARK [2][-]{subsection.Alph27.2.1}{\376\377\000R\000i\000g\000o\000r\000o\000u\000s\000\040\000C\000o\000m\000p\000l\000e\000x\000\040\000C\000l\000u\000s\000t\000e\000r\000\040\000E\000x\000p\000a\000n\000s\000i\000o\000n}{section.Alph27.2}% 734
\BOOKMARK [2][-]{subsection.Alph27.2.2}{\376\377\000B\000o\000u\000n\000d\000a\000r\000y\000\040\000D\000e\000c\000a\000y\000\040\000E\000s\000t\000i\000m\000a\000t\000e\000\040\000\050\000E\000f\000f\000e\000c\000t\000i\000v\000e\000\040\000H\000a\000m\000i\000l\000t\000o\000n\000i\000a\000n\000\051}{section.Alph27.2}% 735
\BOOKMARK [2][-]{subsection.Alph27.2.3}{\376\377\000S\000y\000m\000a\000n\000z\000i\000k\000\040\000R\000a\000t\000e\000\040\000A\000n\000a\000l\000y\000s\000i\000s}{section.Alph27.2}% 736
\BOOKMARK [2][-]{subsection.Alph27.2.4}{\376\377\000T\000h\000e\000\040\000B\000a\000t\000t\000l\000e\000-\000F\000e\000d\000e\000r\000b\000u\000s\000h\000\040\000B\000o\000u\000n\000d}{section.Alph27.2}% 737
\BOOKMARK [1][-]{section.Alph27.3}{\376\377\000F\000i\000n\000a\000l\000\040\000S\000t\000r\000u\000c\000t\000u\000r\000a\000l\000\040\000A\000n\000a\000l\000y\000s\000i\000s}{appendix.Alph27}% 738
\BOOKMARK [2][-]{subsection.Alph27.3.1}{\376\377\000R\000i\000g\000o\000r\000o\000u\000s\000\040\000M\000o\000s\000c\000o\000\040\000C\000o\000n\000v\000e\000r\000g\000e\000n\000c\000e}{section.Alph27.3}% 739
\BOOKMARK [2][-]{subsection.Alph27.3.2}{\376\377\000M\000i\000n\000l\000o\000s\000-\000B\000o\000c\000h\000n\000e\000r\000\040\000C\000o\000n\000t\000i\000n\000u\000i\000t\000y}{section.Alph27.3}% 740
\BOOKMARK [2][-]{subsection.Alph27.3.3}{\376\377\000N\000o\000r\000m\000\040\000R\000e\000s\000o\000l\000v\000e\000n\000t\000\040\000C\000o\000n\000v\000e\000r\000g\000e\000n\000c\000e}{section.Alph27.3}% 741
\BOOKMARK [2][-]{subsection.Alph27.3.4}{\376\377\000C\000h\000e\000s\000s\000b\000o\000a\000r\000d\000\040\000M\000a\000j\000o\000r\000i\000z\000a\000t\000i\000o\000n}{section.Alph27.3}% 742
\BOOKMARK [2][-]{subsection.Alph27.3.5}{\376\377\000S\000c\000a\000l\000i\000n\000g\000\040\000S\000t\000a\000b\000i\000l\000i\000t\000y\000\040\000\050\000C\000a\000l\000l\000a\000n\000-\000S\000y\000m\000a\000n\000z\000i\000k\000\040\000I\000n\000t\000e\000g\000r\000a\000b\000i\000l\000i\000t\000y\000\051}{section.Alph27.3}% 743
\BOOKMARK [2][-]{subsection.Alph27.3.6}{\376\377\000G\000e\000o\000m\000e\000t\000r\000i\000c\000\040\000S\000i\000n\000g\000u\000l\000a\000r\000i\000t\000i\000e\000s\000\040\000\050\000S\000t\000r\000a\000t\000i\000f\000i\000e\000d\000\040\000S\000p\000a\000c\000e\000\040\000A\000n\000a\000l\000y\000s\000i\000s\000\051}{section.Alph27.3}% 744
\BOOKMARK [2][-]{subsection.Alph27.3.7}{\376\377\000V\000a\000c\000u\000u\000m\000\040\000U\000n\000i\000q\000u\000e\000n\000e\000s\000s\000\040\000\050\000T\000h\000e\000r\000m\000o\000d\000y\000n\000a\000m\000i\000c\000\040\000L\000i\000m\000i\000t\000\051}{section.Alph27.3}% 745
\BOOKMARK [2][-]{subsection.Alph27.3.8}{\376\377\000P\000h\000a\000s\000e\000\040\000S\000t\000a\000b\000i\000l\000i\000t\000y\000\040\000\050\000C\000o\000m\000p\000l\000e\000x\000\040\000P\000i\000r\000o\000g\000o\000v\000-\000S\000i\000n\000a\000i\000\051}{section.Alph27.3}% 746
\BOOKMARK [2][-]{subsection.Alph27.3.9}{\376\377\000G\000r\000i\000b\000o\000v\000\040\000H\000o\000r\000i\000z\000o\000n\000\040\000C\000o\000n\000t\000r\000o\000l}{section.Alph27.3}% 747
\BOOKMARK [2][-]{subsection.Alph27.3.10}{\376\377\000B\000o\000r\000e\000l\000\040\000S\000u\000m\000m\000a\000b\000i\000l\000i\000t\000y}{section.Alph27.3}% 748
\BOOKMARK [2][-]{subsection.Alph27.3.11}{\376\377\000A\000n\000a\000l\000y\000t\000i\000c\000\040\000B\000a\000s\000e\000\040\000C\000a\000s\000e}{section.Alph27.3}% 749
\BOOKMARK [2][-]{subsection.Alph27.3.12}{\376\377\000R\000e\000c\000o\000n\000s\000t\000r\000u\000c\000t\000i\000o\000n\000\040\000B\000o\000u\000n\000d\000s\000\040\000\050\000T\000h\000e\000\040\000L\000i\000n\000e\000a\000r\000\040\000G\000r\000o\000w\000t\000h\000\040\000C\000o\000n\000d\000i\000t\000i\000o\000n\000\051}{section.Alph27.3}% 750
\BOOKMARK [2][-]{subsection.Alph27.3.13}{\376\377\000M\000i\000c\000r\000o\000c\000a\000u\000s\000a\000l\000i\000t\000y\000\040\000V\000e\000r\000i\000f\000i\000c\000a\000t\000i\000o\000n}{section.Alph27.3}% 751
\BOOKMARK [2][-]{subsection.Alph27.3.14}{\376\377\000Q\000u\000a\000n\000t\000i\000t\000a\000t\000i\000v\000e\000\040\000R\000e\000g\000i\000m\000e\000\040\000P\000a\000t\000c\000h\000i\000n\000g}{section.Alph27.3}% 752
\BOOKMARK [2][-]{subsection.Alph27.3.15}{\376\377\000G\000a\000u\000g\000e\000-\000I\000n\000v\000a\000r\000i\000a\000n\000t\000\040\000S\000o\000b\000o\000l\000e\000v\000\040\000S\000p\000a\000c\000e\000s}{section.Alph27.3}% 753
\BOOKMARK [2][-]{subsection.Alph27.3.16}{\376\377\000T\000h\000e\000\040\000U\000p\000p\000e\000r\000\040\000G\000a\000p\000\040\000\050\000P\000a\000r\000t\000i\000c\000l\000e\000\040\000S\000t\000a\000b\000i\000l\000i\000t\000y\000\051}{section.Alph27.3}% 754
\BOOKMARK [2][-]{subsection.Alph27.3.17}{\376\377\000T\000h\000e\000\040\000H\000a\000a\000g\000-\000K\000a\000s\000t\000l\000e\000r\000\040\000A\000x\000i\000o\000m\000s\000\040\000\050\000L\000o\000c\000a\000l\000\040\000A\000l\000g\000e\000b\000r\000a\000s\000\051}{section.Alph27.3}% 755
\BOOKMARK [2][-]{subsection.Alph27.3.18}{\376\377\000T\000h\000e\000\040\000S\000c\000h\000w\000i\000n\000g\000e\000r\000-\000D\000y\000s\000o\000n\000\040\000E\000q\000u\000a\000t\000i\000o\000n\000s}{section.Alph27.3}% 756
\BOOKMARK [2][-]{subsection.Alph27.3.19}{\376\377\000T\000h\000e\000\040\000T\000h\000e\000t\000a\000\040\000A\000n\000g\000l\000e\000\040\000\050\000T\000o\000p\000o\000l\000o\000g\000i\000c\000a\000l\000\040\000R\000i\000g\000o\000r\000\051}{section.Alph27.3}% 757
\BOOKMARK [2][-]{subsection.Alph27.3.20}{\376\377\000T\000h\000e\000\040\000G\000l\000u\000e\000b\000a\000l\000l\000\040\000S\000p\000i\000n\000\040\000\050\000A\000n\000g\000u\000l\000a\000r\000\040\000M\000o\000m\000e\000n\000t\000u\000m\000\051}{section.Alph27.3}% 758
\BOOKMARK [2][-]{subsection.Alph27.3.21}{\376\377\000L\000a\000r\000g\000e\000\040\000N\000\040\000S\000c\000a\000l\000i\000n\000g\000\040\000\050\000'\000t\000\040\000H\000o\000o\000f\000t\000\040\000L\000i\000m\000i\000t\000\051}{section.Alph27.3}% 759
\BOOKMARK [2][-]{subsection.Alph27.3.22}{\376\377\000T\000h\000e\000\040\000F\000i\000n\000a\000l\000\040\000C\000o\000n\000s\000i\000s\000t\000e\000n\000c\000y\000\040\000C\000h\000e\000c\000k\000\040\000\050\000T\000h\000e\000\040\000"\000E\000m\000p\000t\000y\000"\000\040\000V\000a\000c\000u\000u\000m\000\051}{section.Alph27.3}% 760
\BOOKMARK [2][-]{subsection.Alph27.3.23}{\376\377\000D\000e\000c\000a\000y\000\040\000o\000f\000\040\000I\000n\000d\000u\000c\000e\000d\000\040\000B\000o\000u\000n\000d\000a\000r\000y\000\040\000I\000n\000t\000e\000r\000a\000c\000t\000i\000o\000n\000s}{section.Alph27.3}% 761
\BOOKMARK [1][-]{section.Alph27.4}{\376\377\000H\000a\000r\000d\000\040\000A\000n\000a\000l\000y\000s\000i\000s\000\040\000D\000e\000r\000i\000v\000a\000t\000i\000o\000n\000s\000:\000\040\000G\000r\000i\000b\000o\000v\000,\000\040\000N\000u\000c\000l\000e\000a\000r\000i\000t\000y\000,\000\040\000S\000y\000m\000m\000e\000t\000r\000y\000,\000\040\000a\000n\000d\000\040\000T\000e\000m\000p\000e\000r\000e\000d\000n\000e\000s\000s}{appendix.Alph27}% 762
\BOOKMARK [2][-]{subsection.Alph27.4.1}{\376\377\000D\000e\000r\000i\000v\000a\000t\000i\000o\000n\000\040\0001\000:\000\040\000T\000h\000e\000\040\000G\000r\000i\000b\000o\000v\000\040\000H\000o\000r\000i\000z\000o\000n\000\040\000F\000i\000x\000\040\000\050\000G\000e\000o\000m\000e\000t\000r\000i\000c\000\040\000M\000a\000s\000s\000\040\000G\000e\000n\000e\000r\000a\000t\000i\000o\000n\000\051}{section.Alph27.4}% 763
\BOOKMARK [2][-]{subsection.Alph27.4.2}{\376\377\000D\000e\000r\000i\000v\000a\000t\000i\000o\000n\000\040\0002\000:\000\040\000T\000h\000e\000\040\000N\000u\000c\000l\000e\000a\000r\000i\000t\000y\000\040\000B\000o\000u\000n\000d\000\040\000\050\000P\000a\000r\000t\000i\000c\000l\000e\000\040\000S\000t\000r\000u\000c\000t\000u\000r\000e\000\051}{section.Alph27.4}% 764
\BOOKMARK [2][-]{subsection.Alph27.4.3}{\376\377\000D\000e\000r\000i\000v\000a\000t\000i\000o\000n\000\040\0003\000:\000\040\000S\000y\000m\000a\000n\000z\000i\000k\000\040\000I\000m\000p\000r\000o\000v\000e\000m\000e\000n\000t\000\040\000\050\000R\000e\000s\000t\000o\000r\000a\000t\000i\000o\000n\000\040\000o\000f\000\040\000R\000o\000t\000a\000t\000i\000o\000n\000a\000l\000\040\000S\000y\000m\000m\000e\000t\000r\000y\000\051}{section.Alph27.4}% 765
\BOOKMARK [2][-]{subsection.Alph27.4.4}{\376\377\000D\000e\000r\000i\000v\000a\000t\000i\000o\000n\000\040\0004\000:\000\040\000T\000e\000m\000p\000e\000r\000e\000d\000n\000e\000s\000s\000\040\000C\000h\000e\000c\000k\000\040\000\050\000L\000i\000n\000e\000a\000r\000\040\000G\000r\000o\000w\000t\000h\000\040\000C\000o\000n\000d\000i\000t\000i\000o\000n\000\051}{section.Alph27.4}% 766
\BOOKMARK [1][-]{section.Alph27.5}{\376\377\000F\000i\000n\000a\000l\000\040\000H\000a\000r\000d\000\040\000A\000n\000a\000l\000y\000s\000i\000s\000:\000\040\000S\000i\000n\000g\000u\000l\000a\000r\000i\000t\000i\000e\000s\000,\000\040\000S\000u\000m\000m\000a\000b\000i\000l\000i\000t\000y\000,\000\040\000a\000n\000d\000\040\000H\000o\000m\000o\000g\000e\000n\000i\000z\000a\000t\000i\000o\000n}{appendix.Alph27}% 767
\BOOKMARK [2][-]{subsection.Alph27.5.1}{\376\377\000T\000h\000e\000\040\000R\000o\000u\000g\000h\000e\000n\000i\000n\000g\000\040\000T\000r\000a\000n\000s\000i\000t\000i\000o\000n\000\040\000F\000i\000x\000\040\000\050\000W\000o\000r\000l\000d\000s\000h\000e\000e\000t\000\040\000R\000G\000\040\000F\000l\000o\000w\000\051}{section.Alph27.5}% 768
\BOOKMARK [2][-]{subsection.Alph27.5.2}{\376\377\000T\000h\000e\000\040\000S\000t\000r\000a\000t\000i\000f\000i\000e\000d\000\040\000S\000p\000a\000c\000e\000\040\000F\000i\000x\000\040\000\050\000C\000o\000n\000e\000\040\000S\000p\000e\000c\000t\000r\000a\000l\000\040\000T\000h\000e\000o\000r\000y\000\051}{section.Alph27.5}% 769
\BOOKMARK [2][-]{subsection.Alph27.5.3}{\376\377\000T\000h\000e\000\040\000B\000o\000r\000e\000l\000\040\000S\000u\000m\000m\000a\000b\000i\000l\000i\000t\000y\000\040\000S\000t\000r\000a\000t\000e\000g\000y\000\040\000\050\000H\000e\000u\000r\000i\000s\000t\000i\000c\000\051}{section.Alph27.5}% 770
\BOOKMARK [2][-]{subsection.Alph27.5.4}{\376\377\000T\000h\000e\000\040\000L\000i\000n\000e\000a\000r\000\040\000G\000r\000o\000w\000t\000h\000\040\000C\000o\000n\000d\000i\000t\000i\000o\000n\000\040\000\050\000R\000e\000f\000i\000n\000e\000d\000\040\000a\000x\000i\000o\000m\000\040\0000\000\051}{section.Alph27.5}% 771
\BOOKMARK [2][-]{subsection.Alph27.5.5}{\376\377\000M\000u\000l\000t\000i\000-\000S\000c\000a\000l\000e\000\040\000S\000p\000e\000c\000t\000r\000a\000l\000\040\000I\000n\000d\000e\000p\000e\000n\000d\000e\000n\000c\000e}{section.Alph27.5}% 772
\BOOKMARK [2][-]{subsection.Alph27.5.6}{\376\377\000T\000h\000e\000\040\000H\000o\000m\000o\000g\000e\000n\000i\000z\000a\000t\000i\000o\000n\000\040\000C\000o\000r\000r\000e\000c\000t\000o\000r\000\040\000F\000i\000x}{section.Alph27.5}% 773
\BOOKMARK [2][-]{subsection.Alph27.5.7}{\376\377\000T\000h\000e\000\040\000P\000o\000l\000c\000h\000i\000n\000s\000k\000i\000\040\000F\000l\000o\000w\000\040\000C\000o\000m\000m\000u\000t\000a\000t\000o\000r}{section.Alph27.5}% 774
\BOOKMARK [2][-]{subsection.Alph27.5.8}{\376\377\000T\000h\000e\000\040\000U\000r\000s\000e\000l\000l\000\040\000F\000u\000n\000c\000t\000i\000o\000n\000\040\000I\000n\000v\000e\000r\000s\000i\000o\000n}{section.Alph27.5}% 775
\BOOKMARK [1][-]{section.Alph27.6}{\376\377\000H\000a\000r\000d\000\040\000A\000n\000a\000l\000y\000s\000i\000s\000\040\000F\000o\000u\000n\000d\000a\000t\000i\000o\000n\000s\000:\000\040\000C\000o\000m\000p\000l\000e\000t\000e\000\040\000R\000i\000g\000o\000r\000o\000u\000s\000\040\000F\000r\000a\000m\000e\000w\000o\000r\000k}{appendix.Alph27}% 776
\BOOKMARK [2][-]{subsection.Alph27.6.1}{\376\377\000F\000u\000n\000c\000t\000i\000o\000n\000a\000l\000\040\000S\000p\000a\000c\000e\000s\000\040\000a\000n\000d\000\040\000O\000p\000e\000r\000a\000t\000o\000r\000\040\000T\000h\000e\000o\000r\000y}{section.Alph27.6}% 777
\BOOKMARK [2][-]{subsection.Alph27.6.2}{\376\377\000S\000p\000e\000c\000t\000r\000a\000l\000\040\000G\000a\000p\000\040\000E\000s\000t\000i\000m\000a\000t\000e\000s}{section.Alph27.6}% 778
\BOOKMARK [2][-]{subsection.Alph27.6.3}{\376\377\000T\000h\000e\000\040\000L\000o\000g\000-\000S\000o\000b\000o\000l\000e\000v\000\040\000I\000n\000e\000q\000u\000a\000l\000i\000t\000y}{section.Alph27.6}% 779
\BOOKMARK [2][-]{subsection.Alph27.6.4}{\376\377\000P\000e\000r\000t\000u\000r\000b\000a\000t\000i\000o\000n\000\040\000T\000h\000e\000o\000r\000y\000\040\000f\000o\000r\000\040\000L\000S\000I}{section.Alph27.6}% 780
\BOOKMARK [2][-]{subsection.Alph27.6.5}{\376\377\000U\000n\000i\000f\000o\000r\000m\000\040\000L\000o\000g\000-\000S\000o\000b\000o\000l\000e\000v\000\040\000I\000n\000e\000q\000u\000a\000l\000i\000t\000y}{section.Alph27.6}% 781
\BOOKMARK [2][-]{subsection.Alph27.6.6}{\376\377\000C\000o\000n\000t\000i\000n\000u\000u\000m\000\040\000L\000i\000m\000i\000t\000\040\000A\000n\000a\000l\000y\000s\000i\000s}{section.Alph27.6}% 782
\BOOKMARK [2][-]{subsection.Alph27.6.7}{\376\377\000E\000x\000p\000l\000i\000c\000i\000t\000\040\000N\000u\000m\000e\000r\000i\000c\000a\000l\000\040\000B\000o\000u\000n\000d\000s}{section.Alph27.6}% 783
\BOOKMARK [0][-]{appendix.Alph28}{\376\377\000C\000o\000a\000r\000s\000e\000-\000G\000r\000a\000i\000n\000i\000n\000g\000\040\000a\000n\000d\000\040\000B\000l\000o\000c\000k\000i\000n\000g\000\040\000T\000r\000a\000n\000s\000f\000o\000r\000m\000a\000t\000i\000o\000n\000s}{theorem.P.1.10}% 784
\BOOKMARK [1][-]{section.Alph28.1}{\376\377\000R\000i\000g\000o\000r\000o\000u\000s\000\040\000D\000e\000r\000i\000v\000a\000t\000i\000o\000n\000s\000\040\000o\000f\000\040\000B\000l\000o\000c\000k\000i\000n\000g\000\040\000L\000e\000m\000m\000a\000s}{appendix.Alph28}% 785
\BOOKMARK [2][-]{subsection.Alph28.1.1}{\376\377\000D\000e\000r\000i\000v\000a\000t\000i\000o\000n\000:\000\040\000T\000h\000e\000\040\000L\000e\000e\000-\000Y\000a\000n\000g\000\040\000Z\000e\000r\000o\000\040\000B\000o\000u\000n\000d\000\040\000\050\000A\000b\000s\000e\000n\000c\000e\000\040\000o\000f\000\040\000P\000h\000a\000s\000e\000\040\000T\000r\000a\000n\000s\000i\000t\000i\000o\000n\000s\000\051}{section.Alph28.1}% 786
\BOOKMARK [2][-]{subsection.Alph28.1.2}{\376\377\000D\000e\000r\000i\000v\000a\000t\000i\000o\000n\000:\000\040\000T\000h\000e\000\040\000B\000a\000t\000t\000l\000e\000-\000F\000e\000d\000e\000r\000b\000u\000s\000h\000\040\000B\000o\000u\000n\000d\000\040\000\050\000U\000V\000\040\000S\000t\000a\000b\000i\000l\000i\000t\000y\000\051}{section.Alph28.1}% 787
\BOOKMARK [2][-]{subsection.Alph28.1.3}{\376\377\000D\000e\000r\000i\000v\000a\000t\000i\000o\000n\000:\000\040\000T\000h\000e\000\040\0001\000D\000\040\000T\000r\000a\000n\000s\000f\000e\000r\000\040\000M\000a\000t\000r\000i\000x\000\040\000G\000a\000p\000\040\000\050\000U\000n\000i\000f\000o\000r\000m\000\040\000L\000S\000I\000\040\000B\000a\000s\000e\000\040\000C\000a\000s\000e\000\051}{section.Alph28.1}% 788
\BOOKMARK [2][-]{subsection.Alph28.1.4}{\376\377\000D\000e\000r\000i\000v\000a\000t\000i\000o\000n\000:\000\040\000T\000h\000e\000\040\000G\000i\000l\000e\000s\000-\000T\000e\000p\000e\000r\000\040\000B\000o\000u\000n\000d\000\040\000\050\000S\000p\000e\000c\000t\000r\000a\000l\000\040\000L\000o\000w\000e\000r\000\040\000B\000o\000u\000n\000d\000\051}{section.Alph28.1}% 789
\BOOKMARK [0][-]{appendix.Alph29}{\376\377\000F\000i\000x\000\040\0006\0002\000:\000\040\000T\000h\000e\000\040\000A\000d\000m\000i\000s\000s\000i\000b\000i\000l\000i\000t\000y\000\040\000C\000o\000n\000d\000i\000t\000i\000o\000n\000\040\000\050\000L\000a\000t\000t\000i\000c\000e\000\040\000T\000o\000p\000o\000l\000o\000g\000y\000\051}{theorem.P.1.10}% 790
\BOOKMARK [1][-]{section.Alph29.1}{\376\377\000C\000o\000n\000t\000e\000x\000t\000:\000\040\000T\000o\000p\000o\000l\000o\000g\000y\000\040\000o\000n\000\040\000a\000\040\000D\000i\000s\000c\000r\000e\000t\000e\000\040\000G\000r\000i\000d}{appendix.Alph29}% 791
\BOOKMARK [1][-]{section.Alph29.2}{\376\377\000D\000e\000r\000i\000v\000a\000t\000i\000o\000n\000:\000\040\000L\000\374\000s\000c\000h\000e\000r\000'\000s\000\040\000R\000e\000c\000o\000n\000s\000t\000r\000u\000c\000t\000i\000o\000n\000\040\000T\000h\000e\000o\000r\000e\000m}{appendix.Alph29}% 792
\BOOKMARK [2][-]{subsection.Alph29.2.1}{\376\377\000S\000t\000e\000p\000\040\0001\000:\000\040\000T\000h\000e\000\040\000A\000d\000m\000i\000s\000s\000i\000b\000i\000l\000i\000t\000y\000\040\000B\000o\000u\000n\000d}{section.Alph29.2}% 793
\BOOKMARK [2][-]{subsection.Alph29.2.2}{\376\377\000S\000t\000e\000p\000\040\0002\000:\000\040\000T\000r\000a\000n\000s\000i\000t\000i\000o\000n\000\040\000F\000u\000n\000c\000t\000i\000o\000n\000s}{section.Alph29.2}% 794
\BOOKMARK [2][-]{subsection.Alph29.2.3}{\376\377\000S\000t\000e\000p\000\040\0003\000:\000\040\000P\000r\000o\000o\000f\000\040\000o\000f\000\040\000B\000u\000n\000d\000l\000e\000\040\000E\000x\000i\000s\000t\000e\000n\000c\000e}{section.Alph29.2}% 795
\BOOKMARK [1][-]{section.Alph29.3}{\376\377\000T\000o\000p\000o\000l\000o\000g\000i\000c\000a\000l\000\040\000S\000t\000a\000b\000i\000l\000i\000t\000y\000\040\000a\000n\000d\000\040\000M\000a\000s\000s\000\040\000G\000a\000p}{appendix.Alph29}% 796
\BOOKMARK [1][-]{section.Alph29.4}{\376\377\000C\000o\000n\000c\000l\000u\000s\000i\000o\000n}{appendix.Alph29}% 797
\BOOKMARK [0][-]{appendix.Alph30}{\376\377\000W\000i\000l\000s\000o\000n\000\040\000L\000o\000o\000p\000s\000,\000\040\000B\000R\000S\000T\000\040\000C\000o\000h\000o\000m\000o\000l\000o\000g\000y\000,\000\040\000a\000n\000d\000\040\000G\000a\000u\000g\000e\000\040\000S\000t\000r\000u\000c\000t\000u\000r\000e}{theorem.P.1.10}% 798
\BOOKMARK [1][-]{section.Alph30.1}{\376\377\000E\000x\000p\000l\000i\000c\000i\000t\000\040\000D\000e\000r\000i\000v\000a\000t\000i\000v\000e\000\040\000B\000o\000u\000n\000d\000s\000\040\000f\000o\000r\000\040\000W\000i\000l\000s\000o\000n\000\040\000A\000c\000t\000i\000o\000n}{appendix.Alph30}% 799
\BOOKMARK [2][-]{subsection.Alph30.1.1}{\376\377\000R\000i\000e\000m\000a\000n\000n\000i\000a\000n\000\040\000S\000t\000r\000u\000c\000t\000u\000r\000e\000\040\000o\000n\000\040\000S\000U\000\050\000N\000\051}{section.Alph30.1}% 800
\BOOKMARK [2][-]{subsection.Alph30.1.2}{\376\377\000D\000e\000r\000i\000v\000a\000t\000i\000v\000e\000s\000\040\000o\000f\000\040\000P\000l\000a\000q\000u\000e\000t\000t\000e\000\040\000T\000e\000r\000m\000s}{section.Alph30.1}% 801
\BOOKMARK [2][-]{subsection.Alph30.1.3}{\376\377\000M\000i\000x\000e\000d\000\040\000D\000e\000r\000i\000v\000a\000t\000i\000v\000e\000s\000\040\000a\000n\000d\000\040\000I\000n\000t\000e\000r\000a\000c\000t\000i\000o\000n\000\040\000B\000o\000u\000n\000d\000s}{section.Alph30.1}% 802
\BOOKMARK [2][-]{subsection.Alph30.1.4}{\376\377\000O\000s\000c\000i\000l\000l\000a\000t\000i\000o\000n\000\040\000B\000o\000u\000n\000d\000s}{section.Alph30.1}% 803
\BOOKMARK [2][-]{subsection.Alph30.1.5}{\376\377\000V\000a\000r\000i\000a\000n\000c\000e\000\040\000B\000o\000u\000n\000d\000s\000\040\000f\000o\000r\000\040\000t\000h\000e\000\040\000I\000n\000t\000e\000r\000a\000c\000t\000i\000o\000n\000\040\000C\000o\000n\000s\000t\000a\000n\000t}{section.Alph30.1}% 804
\BOOKMARK [2][-]{subsection.Alph30.1.6}{\376\377\000I\000m\000p\000l\000i\000c\000a\000t\000i\000o\000n\000\040\000f\000o\000r\000\040\000U\000n\000i\000f\000o\000r\000m\000\040\000L\000S\000I}{section.Alph30.1}% 805
\BOOKMARK [2][-]{subsection.Alph30.1.7}{\376\377\000T\000h\000e\000\040\000D\000o\000b\000r\000u\000s\000h\000i\000n\000\040\000A\000l\000t\000e\000r\000n\000a\000t\000i\000v\000e}{section.Alph30.1}% 806
\BOOKMARK [1][-]{section.Alph30.2}{\376\377\000L\000a\000t\000t\000i\000c\000e\000\040\000B\000R\000S\000T\000\040\000C\000o\000h\000o\000m\000o\000l\000o\000g\000y\000\040\000a\000n\000d\000\040\000G\000a\000u\000g\000e\000\040\000F\000i\000x\000i\000n\000g}{appendix.Alph30}% 807
\BOOKMARK [2][-]{subsection.Alph30.2.1}{\376\377\000T\000h\000e\000\040\000G\000a\000u\000g\000e\000\040\000R\000e\000d\000u\000n\000d\000a\000n\000c\000y\000\040\000P\000r\000o\000b\000l\000e\000m}{section.Alph30.2}% 808
\BOOKMARK [2][-]{subsection.Alph30.2.2}{\376\377\000B\000R\000S\000T\000\040\000C\000o\000n\000s\000t\000r\000u\000c\000t\000i\000o\000n}{section.Alph30.2}% 809
\BOOKMARK [2][-]{subsection.Alph30.2.3}{\376\377\000G\000a\000u\000g\000e\000-\000F\000i\000x\000e\000d\000\040\000A\000c\000t\000i\000o\000n}{section.Alph30.2}% 810
\BOOKMARK [2][-]{subsection.Alph30.2.4}{\376\377\000P\000h\000y\000s\000i\000c\000a\000l\000\040\000S\000t\000a\000t\000e\000\040\000C\000o\000n\000d\000i\000t\000i\000o\000n}{section.Alph30.2}% 811
\BOOKMARK [2][-]{subsection.Alph30.2.5}{\376\377\000Q\000u\000a\000r\000t\000e\000t\000\040\000M\000e\000c\000h\000a\000n\000i\000s\000m}{section.Alph30.2}% 812
\BOOKMARK [2][-]{subsection.Alph30.2.6}{\376\377\000U\000n\000i\000t\000a\000r\000i\000t\000y\000\040\000o\000n\000\040\000t\000h\000e\000\040\000L\000a\000t\000t\000i\000c\000e}{section.Alph30.2}% 813
\BOOKMARK [2][-]{subsection.Alph30.2.7}{\376\377\000C\000o\000n\000t\000i\000n\000u\000u\000m\000\040\000L\000i\000m\000i\000t\000\040\000o\000f\000\040\000B\000R\000S\000T\000\040\000C\000o\000h\000o\000m\000o\000l\000o\000g\000y}{section.Alph30.2}% 814
\BOOKMARK [2][-]{subsection.Alph30.2.8}{\376\377\000G\000r\000i\000b\000o\000v\000\040\000C\000o\000p\000i\000e\000s\000\040\000a\000n\000d\000\040\000t\000h\000e\000\040\000M\000o\000d\000u\000l\000a\000r\000\040\000D\000o\000m\000a\000i\000n}{section.Alph30.2}% 815
\BOOKMARK [0][-]{appendix.Alph31}{\376\377\000F\000i\000x\000\040\0005\0003\000:\000\040\000T\000h\000e\000\040\000M\000a\000n\000d\000e\000l\000s\000t\000a\000m\000\040\000C\000o\000n\000s\000t\000r\000a\000i\000n\000t\000s\000\040\000\050\000O\000b\000s\000e\000r\000v\000a\000b\000l\000e\000\040\000I\000n\000d\000e\000p\000e\000n\000d\000e\000n\000c\000e\000\051}{theorem.P.1.10}% 816
\BOOKMARK [1][-]{section.Alph31.1}{\376\377\000C\000o\000n\000t\000e\000x\000t\000:\000\040\000T\000h\000e\000\040\000B\000a\000s\000i\000s\000\040\000o\000f\000\040\000W\000i\000l\000s\000o\000n\000\040\000L\000o\000o\000p\000s}{appendix.Alph31}% 817
\BOOKMARK [1][-]{section.Alph31.2}{\376\377\000D\000e\000r\000i\000v\000a\000t\000i\000o\000n\000:\000\040\000T\000r\000a\000c\000e\000\040\000R\000e\000l\000a\000t\000i\000o\000n\000s\000\040\000f\000r\000o\000m\000\040\000C\000a\000y\000l\000e\000y\000-\000H\000a\000m\000i\000l\000t\000o\000n}{appendix.Alph31}% 818
\BOOKMARK [2][-]{subsection.Alph31.2.1}{\376\377\000T\000h\000e\000\040\000M\000a\000n\000d\000e\000l\000s\000t\000a\000m\000\040\000I\000d\000e\000a\000l\000\040\000I}{section.Alph31.2}% 819
\BOOKMARK [1][-]{section.Alph31.3}{\376\377\000C\000o\000n\000s\000t\000r\000a\000i\000n\000t\000\040\000P\000r\000e\000s\000e\000r\000v\000a\000t\000i\000o\000n\000\040\000b\000y\000\040\000D\000y\000n\000a\000m\000i\000c\000s}{appendix.Alph31}% 820
\BOOKMARK [2][-]{subsection.Alph31.3.1}{\376\377\000P\000r\000o\000o\000f\000\040\000o\000f\000\040\000C\000o\000n\000s\000i\000s\000t\000e\000n\000c\000y}{section.Alph31.3}% 821
\BOOKMARK [1][-]{section.Alph31.4}{\376\377\000C\000o\000n\000c\000l\000u\000s\000i\000o\000n}{appendix.Alph31}% 822
\BOOKMARK [0][-]{appendix.Alph32}{\376\377\000D\000e\000r\000i\000v\000a\000t\000i\000o\000n\000\040\000S\000:\000\040\000T\000h\000e\000\040\000'\000t\000\040\000H\000o\000o\000f\000t\000\040\000L\000o\000o\000p\000\040\000A\000l\000g\000e\000b\000r\000a\000\040\000\050\000A\000l\000g\000e\000b\000r\000a\000i\000c\000\040\000C\000o\000n\000f\000i\000n\000e\000m\000e\000n\000t\000\051}{theorem.P.1.10}% 823
\BOOKMARK [1][-]{section.Alph32.1}{\376\377\000C\000o\000n\000t\000e\000x\000t\000:\000\040\000A\000l\000g\000e\000b\000r\000a\000i\000c\000\040\000O\000r\000d\000e\000r\000\040\000P\000a\000r\000a\000m\000e\000t\000e\000r\000s}{appendix.Alph32}% 824
\BOOKMARK [1][-]{section.Alph32.2}{\376\377\000D\000e\000r\000i\000v\000a\000t\000i\000o\000n\000:\000\040\000T\000h\000e\000\040\000W\000e\000y\000l\000\040\000A\000l\000g\000e\000b\000r\000a\000\040\000o\000f\000\040\000L\000o\000o\000p\000s}{appendix.Alph32}% 825
\BOOKMARK [2][-]{subsection.Alph32.2.1}{\376\377\000S\000t\000e\000p\000\040\0001\000:\000\040\000T\000h\000e\000\040\000'\000t\000\040\000H\000o\000o\000f\000t\000\040\000O\000p\000e\000r\000a\000t\000o\000r\000\040\000D\000e\000f\000i\000n\000i\000t\000i\000o\000n}{section.Alph32.2}% 826
\BOOKMARK [2][-]{subsection.Alph32.2.2}{\376\377\000S\000t\000e\000p\000\040\0002\000:\000\040\000T\000h\000e\000\040\000C\000o\000m\000m\000u\000t\000a\000t\000i\000o\000n\000\040\000R\000e\000l\000a\000t\000i\000o\000n}{section.Alph32.2}% 827
\BOOKMARK [1][-]{section.Alph32.3}{\376\377\000I\000m\000p\000l\000i\000c\000a\000t\000i\000o\000n\000\040\000f\000o\000r\000\040\000C\000o\000n\000f\000i\000n\000e\000m\000e\000n\000t}{appendix.Alph32}% 828
\BOOKMARK [1][-]{section.Alph32.4}{\376\377\000C\000o\000n\000c\000l\000u\000s\000i\000o\000n}{appendix.Alph32}% 829
\BOOKMARK [0][-]{appendix.Alph33}{\376\377\000C\000o\000n\000s\000t\000r\000u\000c\000t\000i\000v\000e\000\040\000Q\000F\000T\000\040\000F\000o\000u\000n\000d\000a\000t\000i\000o\000n\000s}{theorem.P.1.10}% 830
\BOOKMARK [1][-]{section.Alph33.1}{\376\377\000A\000p\000p\000e\000n\000d\000i\000x\000\040\000R\000.\0001\0007\0008\000:\000\040\000C\000o\000n\000s\000t\000r\000u\000c\000t\000i\000v\000e\000\040\000Q\000F\000T\000\040\000a\000n\000d\000\040\000G\000e\000o\000m\000e\000t\000r\000i\000c\000\040\000A\000n\000a\000l\000y\000s\000i\000s}{appendix.Alph33}% 831
\BOOKMARK [2][-]{subsection.Alph33.1.1}{\376\377\000T\000h\000e\000\040\000R\000e\000n\000o\000r\000m\000a\000l\000i\000z\000e\000d\000\040\000T\000r\000a\000c\000e\000\040\000\050\000F\000i\000x\000i\000n\000g\000\040\000"\000C\000o\000n\000t\000i\000n\000u\000u\000m\000\040\000H\000o\000l\000o\000n\000o\000m\000y\000"\000\051}{section.Alph33.1}% 832
\BOOKMARK [2][-]{subsection.Alph33.1.2}{\376\377\000T\000h\000e\000\040\000M\000a\000y\000e\000r\000-\000M\000o\000n\000t\000r\000o\000l\000l\000\040\000E\000q\000u\000a\000t\000i\000o\000n\000\040\000\050\000F\000i\000x\000i\000n\000g\000\040\000"\000C\000l\000u\000s\000t\000e\000r\000\040\000C\000o\000n\000v\000e\000r\000g\000e\000n\000c\000e\000"\000\051}{section.Alph33.1}% 833
\BOOKMARK [2][-]{subsection.Alph33.1.3}{\376\377\000T\000h\000e\000\040\000L\000a\000t\000t\000i\000c\000e\000\040\000I\000n\000d\000e\000x\000\040\000T\000h\000e\000o\000r\000e\000m\000\040\000\050\000F\000i\000x\000i\000n\000g\000\040\000"\000T\000o\000p\000o\000l\000o\000g\000i\000c\000a\000l\000\040\000S\000e\000c\000t\000o\000r\000s\000"\000\051}{section.Alph33.1}% 834
\BOOKMARK [2][-]{subsection.Alph33.1.4}{\376\377\000T\000h\000e\000\040\000K\000M\000S\000\040\000C\000o\000n\000d\000i\000t\000i\000o\000n\000\040\000\050\000F\000i\000x\000i\000n\000g\000\040\000"\000S\000t\000a\000t\000e\000\040\000U\000n\000i\000q\000u\000e\000n\000e\000s\000s\000"\000\051}{section.Alph33.1}% 835
\BOOKMARK [0][-]{appendix.Alph34}{\376\377\000F\000i\000x\000\040\0007\000:\000\040\000S\000y\000m\000a\000n\000z\000i\000k\000\040\000R\000e\000s\000t\000o\000r\000a\000t\000i\000o\000n\000\040\000o\000f\000\040\000S\000O\000\050\0004\000\051\000\040\000\050\000L\000o\000r\000e\000n\000t\000z\000\040\000I\000n\000v\000a\000r\000i\000a\000n\000c\000e\000\051}{theorem.P.1.10}% 836
\BOOKMARK [1][-]{section.Alph34.1}{\376\377\000C\000o\000n\000t\000e\000x\000t\000:\000\040\000T\000h\000e\000\040\000C\000h\000a\000l\000l\000e\000n\000g\000e\000\040\000o\000f\000\040\000S\000y\000m\000m\000e\000t\000r\000y\000\040\000B\000r\000e\000a\000k\000i\000n\000g}{appendix.Alph34}% 837
\BOOKMARK [1][-]{section.Alph34.2}{\376\377\000D\000e\000r\000i\000v\000a\000t\000i\000o\000n\000:\000\040\000T\000h\000e\000\040\000S\000y\000m\000a\000n\000z\000i\000k\000\040\000E\000f\000f\000e\000c\000t\000i\000v\000e\000\040\000A\000c\000t\000i\000o\000n}{appendix.Alph34}% 838
\BOOKMARK [2][-]{subsection.Alph34.2.1}{\376\377\000S\000t\000e\000p\000\040\0001\000:\000\040\000I\000d\000e\000n\000t\000i\000f\000i\000c\000a\000t\000i\000o\000n\000\040\000o\000f\000\040\000L\000e\000a\000d\000i\000n\000g\000\040\000S\000y\000m\000m\000e\000t\000r\000y\000-\000B\000r\000e\000a\000k\000i\000n\000g\000\040\000O\000p\000e\000r\000a\000t\000o\000r\000s}{section.Alph34.2}% 839
\BOOKMARK [2][-]{subsection.Alph34.2.2}{\376\377\000S\000t\000e\000p\000\040\0002\000:\000\040\000A\000n\000o\000m\000a\000l\000o\000u\000s\000\040\000D\000i\000m\000e\000n\000s\000i\000o\000n\000s\000\040\000v\000i\000a\000\040\000B\000a\000l\000a\000b\000a\000n\000'\000s\000\040\000F\000l\000o\000w}{section.Alph34.2}% 840
\BOOKMARK [2][-]{subsection.Alph34.2.3}{\376\377\000S\000t\000e\000p\000\040\0003\000:\000\040\000P\000r\000o\000o\000f\000\040\000o\000f\000\040\000C\000o\000e\000f\000f\000i\000c\000i\000e\000n\000t\000\040\000S\000u\000p\000p\000r\000e\000s\000s\000i\000o\000n}{section.Alph34.2}% 841
\BOOKMARK [2][-]{subsection.Alph34.2.4}{\376\377\000S\000t\000e\000p\000\040\0004\000:\000\040\000V\000e\000r\000i\000f\000i\000c\000a\000t\000i\000o\000n\000\040\000v\000i\000a\000\040\000t\000h\000e\000\040\000S\000t\000r\000e\000s\000s\000-\000E\000n\000e\000r\000g\000y\000\040\000T\000e\000n\000s\000o\000r}{section.Alph34.2}% 842
\BOOKMARK [1][-]{section.Alph34.3}{\376\377\000C\000o\000n\000c\000l\000u\000s\000i\000o\000n}{appendix.Alph34}% 843
\BOOKMARK [1][-]{section.Alph34.4}{\376\377\000S\000u\000m\000m\000a\000r\000y\000\040\000o\000f\000\040\000R\000e\000s\000u\000l\000t\000s}{appendix.Alph34}% 844
\BOOKMARK [0][-]{appendix.Alph35}{\376\377\000F\000i\000x\000\040\0009\000:\000\040\000T\000h\000e\000\040\000L\000a\000t\000t\000i\000c\000e\000\040\000I\000n\000d\000e\000x\000\040\000T\000h\000e\000o\000r\000e\000m\000\040\000\050\000T\000o\000p\000o\000l\000o\000g\000i\000c\000a\000l\000\040\000S\000t\000a\000b\000i\000l\000i\000t\000y\000\051}{theorem.P.1.10}% 845
\BOOKMARK [1][-]{section.Alph35.1}{\376\377\000C\000o\000n\000t\000e\000x\000t\000:\000\040\000T\000o\000p\000o\000l\000o\000g\000i\000c\000a\000l\000\040\000P\000r\000o\000t\000e\000c\000t\000i\000o\000n\000\040\000o\000f\000\040\000t\000h\000e\000\040\000G\000a\000p}{appendix.Alph35}% 846
\BOOKMARK [1][-]{section.Alph35.2}{\376\377\000T\000h\000e\000\040\000O\000v\000e\000r\000l\000a\000p\000\040\000D\000i\000r\000a\000c\000\040\000O\000p\000e\000r\000a\000t\000o\000r}{appendix.Alph35}% 847
\BOOKMARK [1][-]{section.Alph35.3}{\376\377\000T\000h\000e\000\040\000G\000i\000n\000s\000p\000a\000r\000g\000-\000W\000i\000l\000s\000o\000n\000\040\000R\000e\000l\000a\000t\000i\000o\000n}{appendix.Alph35}% 848
\BOOKMARK [1][-]{section.Alph35.4}{\376\377\000T\000h\000e\000\040\000L\000a\000t\000t\000i\000c\000e\000\040\000I\000n\000d\000e\000x\000\040\000T\000h\000e\000o\000r\000e\000m}{appendix.Alph35}% 849
\BOOKMARK [1][-]{section.Alph35.5}{\376\377\000T\000o\000p\000o\000l\000o\000g\000i\000c\000a\000l\000\040\000S\000t\000a\000b\000i\000l\000i\000t\000y\000\040\000P\000r\000o\000o\000f}{appendix.Alph35}% 850
\BOOKMARK [1][-]{section.Alph35.6}{\376\377\000I\000m\000p\000l\000i\000c\000a\000t\000i\000o\000n\000\040\000f\000o\000r\000\040\000t\000h\000e\000\040\000M\000a\000s\000s\000\040\000G\000a\000p}{appendix.Alph35}% 851
\BOOKMARK [1][-]{section.Alph35.7}{\376\377\000V\000e\000r\000i\000f\000i\000c\000a\000t\000i\000o\000n\000\040\000o\000f\000\040\000O\000s\000t\000e\000r\000w\000a\000l\000d\000e\000r\000-\000S\000c\000h\000r\000a\000d\000e\000r\000\040\000A\000x\000i\000o\000m\000s}{appendix.Alph35}% 852
\BOOKMARK [2][-]{subsection.Alph35.7.1}{\376\377\000T\000h\000e\000\040\000O\000s\000t\000e\000r\000w\000a\000l\000d\000e\000r\000-\000S\000c\000h\000r\000a\000d\000e\000r\000\040\000A\000x\000i\000o\000m\000s}{section.Alph35.7}% 853
\BOOKMARK [2][-]{subsection.Alph35.7.2}{\376\377\000L\000a\000t\000t\000i\000c\000e\000\040\000Y\000a\000n\000g\000-\000M\000i\000l\000l\000s\000\040\000S\000c\000h\000w\000i\000n\000g\000e\000r\000\040\000F\000u\000n\000c\000t\000i\000o\000n\000s}{section.Alph35.7}% 854
\BOOKMARK [2][-]{subsection.Alph35.7.3}{\376\377\000V\000e\000r\000i\000f\000i\000c\000a\000t\000i\000o\000n\000\040\000o\000f\000\040\000O\000S\0000\000:\000\040\000T\000e\000m\000p\000e\000r\000e\000d\000n\000e\000s\000s}{section.Alph35.7}% 855
\BOOKMARK [0][-]{appendix.Alph36}{\376\377\000V\000a\000c\000u\000u\000m\000\040\000S\000t\000r\000u\000c\000t\000u\000r\000e\000\040\000a\000n\000d\000\040\000U\000n\000i\000q\000u\000e\000n\000e\000s\000s}{theorem.P.1.10}% 856
\BOOKMARK [1][-]{section.Alph36.1}{\376\377\000A\000p\000p\000e\000n\000d\000i\000x\000\040\000R\000.\0001\0006\0003\000:\000\040\000V\000a\000c\000u\000u\000m\000\040\000U\000n\000i\000q\000u\000e\000n\000e\000s\000s\000\040\000v\000i\000a\000\040\000S\000p\000e\000c\000t\000r\000a\000l\000\040\000G\000a\000p}{appendix.Alph36}% 857
\BOOKMARK [0][-]{appendix.Alph37}{\376\377\000F\000i\000x\000\040\0001\0001\000:\000\040\000V\000a\000c\000u\000u\000m\000\040\000U\000n\000i\000q\000u\000e\000n\000e\000s\000s\000\040\000v\000i\000a\000\040\000C\000l\000u\000s\000t\000e\000r\000\040\000D\000e\000c\000o\000m\000p\000o\000s\000i\000t\000i\000o\000n}{theorem.P.1.10}% 858
\BOOKMARK [1][-]{section.Alph37.1}{\376\377\000C\000o\000n\000t\000e\000x\000t\000:\000\040\000T\000h\000e\000\040\000T\000r\000a\000p\000\040\000o\000f\000\040\000D\000e\000g\000e\000n\000e\000r\000a\000t\000e\000\040\000V\000a\000c\000u\000a}{appendix.Alph37}% 859
\BOOKMARK [1][-]{section.Alph37.2}{\376\377\000T\000h\000e\000o\000r\000e\000m\000\040\000G\000.\0001\000\040\000\050\000E\000x\000p\000o\000n\000e\000n\000t\000i\000a\000l\000\040\000C\000l\000u\000s\000t\000e\000r\000i\000n\000g\000\051}{appendix.Alph37}% 860
\BOOKMARK [1][-]{section.Alph37.3}{\376\377\000P\000r\000o\000o\000f\000\040\000D\000e\000r\000i\000v\000a\000t\000i\000o\000n}{appendix.Alph37}% 861
\BOOKMARK [2][-]{subsection.Alph37.3.1}{\376\377\0001\000.\000\040\000C\000o\000n\000t\000o\000u\000r\000\040\000R\000e\000p\000r\000e\000s\000e\000n\000t\000a\000t\000i\000o\000n}{section.Alph37.3}% 862
\BOOKMARK [2][-]{subsection.Alph37.3.2}{\376\377\0002\000.\000\040\000P\000e\000i\000e\000r\000l\000s\000\040\000C\000o\000n\000d\000i\000t\000i\000o\000n}{section.Alph37.3}% 863
\BOOKMARK [2][-]{subsection.Alph37.3.3}{\376\377\0003\000.\000\040\000C\000l\000u\000s\000t\000e\000r\000\040\000E\000x\000p\000a\000n\000s\000i\000o\000n}{section.Alph37.3}% 864
\BOOKMARK [2][-]{subsection.Alph37.3.4}{\376\377\0004\000.\000\040\000T\000r\000e\000e\000\040\000D\000e\000c\000a\000y}{section.Alph37.3}% 865
\BOOKMARK [2][-]{subsection.Alph37.3.5}{\376\377\0005\000.\000\040\000R\000a\000n\000k\000-\0001\000\040\000P\000r\000o\000j\000e\000c\000t\000i\000o\000n}{section.Alph37.3}% 866
\BOOKMARK [1][-]{section.Alph37.4}{\376\377\000A\000p\000p\000e\000n\000d\000i\000x\000\040\000R\000.\0001\0006\0000\000:\000\040\000R\000i\000g\000o\000r\000o\000u\000s\000\040\000E\000x\000c\000l\000u\000s\000i\000o\000n\000\040\000o\000f\000\040\000t\000h\000e\000\040\000C\000o\000u\000l\000o\000m\000b\000\040\000P\000h\000a\000s\000e}{appendix.Alph37}% 867
\BOOKMARK [0][-]{appendix.Alph38}{\376\377\000S\000p\000e\000c\000i\000a\000l\000i\000z\000e\000d\000\040\000M\000a\000t\000h\000e\000m\000a\000t\000i\000c\000a\000l\000\040\000T\000o\000o\000l\000s}{theorem.P.1.10}% 868
\BOOKMARK [1][-]{section.Alph38.1}{\376\377\000H\000a\000r\000d\000\040\000A\000n\000a\000l\000y\000s\000i\000s\000\040\000f\000o\000r\000\040\000M\000a\000s\000s\000\040\000G\000a\000p\000\040\000R\000e\000s\000o\000l\000u\000t\000i\000o\000n}{appendix.Alph38}% 869
\BOOKMARK [2][-]{subsection.Alph38.1.1}{\376\377\000T\000o\000o\000l\000\040\000I\000:\000\040\000H\000i\000e\000r\000a\000r\000c\000h\000i\000c\000a\000l\000\040\000L\000o\000g\000-\000S\000o\000b\000o\000l\000e\000v\000\040\000I\000n\000e\000q\000u\000a\000l\000i\000t\000y}{section.Alph38.1}% 870
\BOOKMARK [2][-]{subsection.Alph38.1.2}{\376\377\000T\000o\000o\000l\000\040\000I\000I\000:\000\040\000M\000o\000s\000c\000o\000\040\000C\000o\000n\000v\000e\000r\000g\000e\000n\000c\000e\000\040\000o\000f\000\040\000D\000i\000r\000i\000c\000h\000l\000e\000t\000\040\000F\000o\000r\000m\000s}{section.Alph38.1}% 871
\BOOKMARK [2][-]{subsection.Alph38.1.3}{\376\377\000T\000o\000o\000l\000\040\000I\000I\000I\000:\000\040\000C\000h\000e\000e\000g\000e\000r\000\040\000I\000n\000e\000q\000u\000a\000l\000i\000t\000y\000\040\000o\000n\000\040\000G\000a\000u\000g\000e\000\040\000O\000r\000b\000i\000t\000\040\000S\000p\000a\000c\000e}{section.Alph38.1}% 872
\BOOKMARK [0][-]{appendix.Alph39}{\376\377\000D\000e\000r\000i\000v\000a\000t\000i\000o\000n\000\040\000Q\000:\000\040\000T\000h\000e\000\040\000S\000t\000r\000a\000t\000i\000f\000i\000e\000d\000\040\000H\000a\000r\000d\000y\000\040\000I\000n\000e\000q\000u\000a\000l\000i\000t\000y\000\040\000\050\000S\000i\000n\000g\000u\000l\000a\000r\000i\000t\000y\000\040\000C\000o\000n\000t\000r\000o\000l\000\051}{theorem.P.1.10}% 873
\BOOKMARK [1][-]{section.Alph39.1}{\376\377\000C\000o\000n\000t\000e\000x\000t\000:\000\040\000T\000h\000e\000\040\000G\000e\000o\000m\000e\000t\000r\000y\000\040\000o\000f\000\040\000G\000a\000u\000g\000e\000\040\000O\000r\000b\000i\000t\000s}{appendix.Alph39}% 874
\BOOKMARK [1][-]{section.Alph39.2}{\376\377\000L\000o\000c\000a\000l\000\040\000S\000t\000r\000u\000c\000t\000u\000r\000e\000\040\000o\000f\000\040\000S\000i\000n\000g\000u\000l\000a\000r\000i\000t\000i\000e\000s\000:\000\040\000T\000h\000e\000\040\000S\000l\000i\000c\000e\000\040\000T\000h\000e\000o\000r\000e\000m}{appendix.Alph39}% 875
\BOOKMARK [1][-]{section.Alph39.3}{\376\377\000D\000e\000r\000i\000v\000a\000t\000i\000o\000n\000:\000\040\000T\000h\000e\000\040\000H\000a\000m\000i\000l\000t\000o\000n\000i\000a\000n\000\040\000o\000n\000\040\000t\000h\000e\000\040\000C\000o\000n\000e}{appendix.Alph39}% 876
\BOOKMARK [1][-]{section.Alph39.4}{\376\377\000T\000h\000e\000\040\000H\000a\000r\000d\000y\000\040\000I\000n\000e\000q\000u\000a\000l\000i\000t\000y\000\040\000a\000n\000d\000\040\000E\000s\000s\000e\000n\000t\000i\000a\000l\000\040\000S\000e\000l\000f\000-\000A\000d\000j\000o\000i\000n\000t\000n\000e\000s\000s}{appendix.Alph39}% 877
\BOOKMARK [1][-]{section.Alph39.5}{\376\377\000C\000o\000n\000c\000l\000u\000s\000i\000o\000n\000:\000\040\000U\000n\000i\000q\000u\000e\000n\000e\000s\000s\000\040\000o\000f\000\040\000D\000y\000n\000a\000m\000i\000c\000s}{appendix.Alph39}% 878
\BOOKMARK [1][-]{section.Alph39.6}{\376\377\000A\000l\000t\000e\000r\000n\000a\000t\000i\000v\000e\000\040\000R\000i\000g\000o\000r\000o\000u\000s\000\040\000F\000o\000r\000m\000u\000l\000a\000t\000i\000o\000n\000:\000\040\000G\000r\000i\000b\000o\000v\000-\000Z\000w\000a\000n\000z\000i\000g\000e\000r\000\040\000A\000c\000t\000i\000o\000n}{appendix.Alph39}% 879
\BOOKMARK [2][-]{subsection.Alph39.6.1}{\376\377\000T\000h\000e\000\040\000G\000r\000i\000b\000o\000v\000-\000Z\000w\000a\000n\000z\000i\000g\000e\000r\000\040\000A\000c\000t\000i\000o\000n}{section.Alph39.6}% 880
\BOOKMARK [0][-]{appendix.Alph40}{\376\377\000D\000e\000r\000i\000v\000a\000t\000i\000o\000n\000\040\000P\000:\000\040\000T\000h\000e\000\040\000H\000e\000l\000f\000f\000e\000r\000-\000S\000j\000\366\000s\000t\000r\000a\000n\000d\000\040\000F\000o\000r\000m\000u\000l\000a\000\040\000\050\000S\000p\000e\000c\000t\000r\000a\000l\000\040\000D\000e\000c\000a\000y\000\051}{theorem.P.1.10}% 881
\BOOKMARK [1][-]{section.Alph40.1}{\376\377\000C\000o\000n\000t\000e\000x\000t\000:\000\040\000F\000r\000o\000m\000\040\000S\000p\000e\000c\000t\000r\000u\000m\000\040\000t\000o\000\040\000S\000p\000a\000t\000i\000a\000l\000\040\000D\000e\000c\000a\000y}{appendix.Alph40}% 882
\BOOKMARK [1][-]{section.Alph40.2}{\376\377\000T\000h\000e\000\040\000H\000e\000l\000f\000f\000e\000r\000-\000S\000j\000\366\000s\000t\000r\000a\000n\000d\000\040\000R\000e\000p\000r\000e\000s\000e\000n\000t\000a\000t\000i\000o\000n}{appendix.Alph40}% 883
\BOOKMARK [1][-]{section.Alph40.3}{\376\377\000T\000h\000e\000\040\000C\000o\000m\000b\000e\000s\000-\000T\000h\000o\000m\000a\000s\000\040\000B\000o\000u\000n\000d}{appendix.Alph40}% 884
\BOOKMARK [1][-]{section.Alph40.4}{\376\377\000D\000e\000r\000i\000v\000a\000t\000i\000o\000n\000\040\000o\000f\000\040\000C\000o\000r\000r\000e\000l\000a\000t\000i\000o\000n\000\040\000D\000e\000c\000a\000y}{appendix.Alph40}% 885
\BOOKMARK [1][-]{section.Alph40.5}{\376\377\000C\000o\000n\000c\000l\000u\000s\000i\000o\000n}{appendix.Alph40}% 886
\BOOKMARK [0][-]{appendix.Alph41}{\376\377\000D\000e\000r\000i\000v\000a\000t\000i\000o\000n\000\040\000R\000:\000\040\000T\000h\000e\000\040\000R\000e\000s\000u\000r\000g\000e\000n\000c\000e\000\040\000C\000a\000n\000c\000e\000l\000l\000a\000t\000i\000o\000n\000\040\000\050\000N\000o\000n\000-\000P\000e\000r\000t\000u\000r\000b\000a\000t\000i\000v\000e\000\040\000A\000m\000b\000i\000g\000u\000i\000t\000y\000\051}{theorem.P.1.10}% 887
\BOOKMARK [1][-]{section.Alph41.1}{\376\377\000C\000o\000n\000t\000e\000x\000t\000:\000\040\000T\000h\000e\000\040\000U\000n\000-\000S\000u\000m\000m\000a\000b\000i\000l\000i\000t\000y\000\040\000o\000f\000\040\000P\000e\000r\000t\000u\000r\000b\000a\000t\000i\000o\000n\000\040\000T\000h\000e\000o\000r\000y}{appendix.Alph41}% 888
\BOOKMARK [1][-]{section.Alph41.2}{\376\377\000D\000e\000r\000i\000v\000a\000t\000i\000o\000n\000:\000\040\000T\000r\000a\000n\000s\000-\000S\000e\000r\000i\000e\000s\000\040\000E\000x\000p\000a\000n\000s\000i\000o\000n}{appendix.Alph41}% 889
\BOOKMARK [2][-]{subsection.Alph41.2.1}{\376\377\000S\000t\000e\000p\000\040\0001\000:\000\040\000T\000h\000e\000\040\000B\000o\000r\000e\000l\000\040\000T\000r\000a\000n\000s\000f\000o\000r\000m\000\040\000a\000n\000d\000\040\000S\000i\000n\000g\000u\000l\000a\000r\000i\000t\000i\000e\000s}{section.Alph41.2}% 890
\BOOKMARK [2][-]{subsection.Alph41.2.2}{\376\377\000S\000t\000e\000p\000\040\0002\000:\000\040\000T\000h\000e\000\040\000I\000n\000s\000t\000a\000n\000t\000o\000n\000-\000A\000n\000t\000i\000-\000I\000n\000s\000t\000a\000n\000t\000o\000n\000\040\000A\000m\000p\000l\000i\000t\000u\000d\000e}{section.Alph41.2}% 891
\BOOKMARK [2][-]{subsection.Alph41.2.3}{\376\377\000S\000t\000e\000p\000\040\0003\000:\000\040\000T\000h\000e\000\040\000B\000o\000g\000o\000m\000o\000l\000n\000y\000-\000Z\000i\000n\000n\000-\000J\000u\000s\000t\000i\000n\000\040\000\050\000B\000Z\000J\000\051\000\040\000C\000a\000n\000c\000e\000l\000l\000a\000t\000i\000o\000n}{section.Alph41.2}% 892
\BOOKMARK [1][-]{section.Alph41.3}{\376\377\000C\000o\000n\000c\000l\000u\000s\000i\000o\000n\000:\000\040\000A\000\040\000R\000e\000a\000l\000\040\000P\000h\000y\000s\000i\000c\000a\000l\000\040\000M\000a\000s\000s}{appendix.Alph41}% 893
\BOOKMARK [0][-]{appendix.Alph42}{\376\377\000F\000i\000x\000\040\0003\0006\000:\000\040\000L\000i\000e\000b\000-\000T\000h\000i\000r\000r\000i\000n\000g\000\040\000S\000t\000a\000b\000i\000l\000i\000t\000y\000\040\000f\000o\000r\000\040\000L\000a\000t\000t\000i\000c\000e\000\040\000F\000e\000r\000m\000i\000o\000n\000s}{theorem.P.1.10}% 894
\BOOKMARK [1][-]{section.Alph42.1}{\376\377\000T\000h\000e\000\040\000S\000t\000a\000b\000i\000l\000i\000t\000y\000\040\000P\000r\000o\000b\000l\000e\000m}{appendix.Alph42}% 895
\BOOKMARK [1][-]{section.Alph42.2}{\376\377\000L\000a\000t\000t\000i\000c\000e\000\040\000L\000i\000e\000b\000-\000T\000h\000i\000r\000r\000i\000n\000g\000\040\000I\000n\000e\000q\000u\000a\000l\000i\000t\000y}{appendix.Alph42}% 896
\BOOKMARK [1][-]{section.Alph42.3}{\376\377\000A\000b\000s\000e\000n\000c\000e\000\040\000o\000f\000\040\000F\000e\000r\000m\000i\000o\000n\000i\000c\000\040\000C\000o\000n\000d\000e\000n\000s\000a\000t\000i\000o\000n\000\040\000I\000n\000s\000t\000a\000b\000i\000l\000i\000t\000y}{appendix.Alph42}% 897
\BOOKMARK [1][-]{section.Alph42.4}{\376\377\000B\000a\000t\000t\000l\000e\000-\000F\000e\000d\000e\000r\000b\000u\000s\000h\000\040\000T\000r\000e\000e\000\040\000D\000e\000c\000a\000y\000:\000\040\000T\000e\000m\000p\000e\000r\000e\000d\000n\000e\000s\000s\000\040\000o\000f\000\040\000S\000c\000h\000w\000i\000n\000g\000e\000r\000\040\000F\000u\000n\000c\000t\000i\000o\000n\000s}{appendix.Alph42}% 898
\BOOKMARK [2][-]{subsection.Alph42.4.1}{\376\377\000T\000h\000e\000\040\000S\000c\000h\000w\000i\000n\000g\000e\000r\000\040\000F\000u\000n\000c\000t\000i\000o\000n\000s}{section.Alph42.4}% 899
\BOOKMARK [2][-]{subsection.Alph42.4.2}{\376\377\000T\000h\000e\000\040\000B\000a\000t\000t\000l\000e\000-\000F\000e\000d\000e\000r\000b\000u\000s\000h\000\040\000B\000o\000u\000n\000d}{section.Alph42.4}% 900
\BOOKMARK [2][-]{subsection.Alph42.4.3}{\376\377\000T\000e\000m\000p\000e\000r\000e\000d\000n\000e\000s\000s\000\040\000B\000o\000u\000n\000d}{section.Alph42.4}% 901
\BOOKMARK [2][-]{subsection.Alph42.4.4}{\376\377\000T\000e\000m\000p\000e\000r\000e\000d\000n\000e\000s\000s\000\040\000I\000m\000p\000l\000i\000e\000s\000\040\000D\000i\000s\000t\000r\000i\000b\000u\000t\000i\000o\000n}{section.Alph42.4}% 902
\BOOKMARK [2][-]{subsection.Alph42.4.5}{\376\377\000E\000x\000c\000l\000u\000s\000i\000o\000n\000\040\000o\000f\000\040\000H\000y\000p\000e\000r\000f\000u\000n\000c\000t\000i\000o\000n\000\040\000B\000e\000h\000a\000v\000i\000o\000r}{section.Alph42.4}% 903
\BOOKMARK [2][-]{subsection.Alph42.4.6}{\376\377\000A\000p\000p\000l\000i\000c\000a\000t\000i\000o\000n\000\040\000t\000o\000\040\000Y\000a\000n\000g\000-\000M\000i\000l\000l\000s}{section.Alph42.4}% 904
\BOOKMARK [2][-]{subsection.Alph42.4.7}{\376\377\000E\000x\000p\000l\000i\000c\000i\000t\000\040\000C\000o\000n\000s\000t\000a\000n\000t\000\040\000C\000o\000m\000p\000u\000t\000a\000t\000i\000o\000n}{section.Alph42.4}% 905
\BOOKMARK [0][-]{appendix.Alph43}{\376\377\000V\000a\000r\000i\000a\000n\000c\000e\000-\000B\000a\000s\000e\000d\000\040\000T\000r\000a\000n\000s\000p\000o\000r\000t\000\040\000M\000e\000t\000h\000o\000d\000s}{theorem.P.1.10}% 906
\BOOKMARK [1][-]{section.Alph43.1}{\376\377\000R\000i\000g\000o\000r\000o\000u\000s\000\040\000D\000e\000v\000e\000l\000o\000p\000m\000e\000n\000t\000\040\000o\000f\000\040\000V\000a\000r\000i\000a\000n\000c\000e\000-\000B\000a\000s\000e\000d\000\040\000T\000r\000a\000n\000s\000p\000o\000r\000t}{appendix.Alph43}% 907
\BOOKMARK [2][-]{subsection.Alph43.1.1}{\376\377\000M\000o\000t\000i\000v\000a\000t\000i\000o\000n\000\040\000a\000n\000d\000\040\000O\000v\000e\000r\000v\000i\000e\000w}{section.Alph43.1}% 908
\BOOKMARK [2][-]{subsection.Alph43.1.2}{\376\377\000T\000h\000e\000o\000r\000e\000t\000i\000c\000a\000l\000\040\000F\000r\000a\000m\000e\000w\000o\000r\000k}{section.Alph43.1}% 909
\BOOKMARK [2][-]{subsection.Alph43.1.3}{\376\377\000Q\000u\000a\000n\000t\000i\000t\000a\000t\000i\000v\000e\000\040\000E\000s\000t\000i\000m\000a\000t\000e\000s\000\040\000f\000o\000r\000\040\000L\000a\000t\000t\000i\000c\000e\000\040\000Y\000a\000n\000g\000-\000M\000i\000l\000l\000s}{section.Alph43.1}% 910
\BOOKMARK [2][-]{subsection.Alph43.1.4}{\376\377\000R\000i\000g\000o\000r\000o\000u\000s\000\040\000U\000n\000i\000f\000o\000r\000m\000\040\000L\000S\000I\000\040\000P\000r\000o\000o\000f\000\040\000v\000i\000a\000\040\000V\000a\000r\000i\000a\000n\000c\000e\000\040\000T\000r\000a\000n\000s\000p\000o\000r\000t}{section.Alph43.1}% 911
\BOOKMARK [2][-]{subsection.Alph43.1.5}{\376\377\000E\000x\000p\000l\000i\000c\000i\000t\000\040\000Q\000u\000a\000n\000t\000i\000t\000a\000t\000i\000v\000e\000\040\000E\000v\000a\000l\000u\000a\000t\000i\000o\000n}{section.Alph43.1}% 912
\BOOKMARK [2][-]{subsection.Alph43.1.6}{\376\377\000C\000o\000n\000c\000l\000u\000s\000i\000o\000n}{section.Alph43.1}% 913
\BOOKMARK [0][-]{appendix.Alph44}{\376\377\000P\000r\000o\000o\000f\000\040\000R\000o\000a\000d\000m\000a\000p\000s\000\040\000a\000n\000d\000\040\000V\000e\000r\000i\000f\000i\000c\000a\000t\000i\000o\000n\000\040\000C\000h\000e\000c\000k\000l\000i\000s\000t\000s}{theorem.P.1.10}% 914
\BOOKMARK [1][-]{section.Alph44.1}{\376\377\000P\000r\000o\000o\000f\000\040\000R\000o\000a\000d\000m\000a\000p\000\040\000a\000n\000d\000\040\000V\000e\000r\000i\000f\000i\000c\000a\000t\000i\000o\000n\000\040\000C\000h\000e\000c\000k\000l\000i\000s\000t}{appendix.Alph44}% 915
\BOOKMARK [2][-]{subsection.Alph44.1.1}{\376\377\000E\000x\000e\000c\000u\000t\000i\000v\000e\000\040\000S\000u\000m\000m\000a\000r\000y}{section.Alph44.1}% 916
\BOOKMARK [2][-]{subsection.Alph44.1.2}{\376\377\000R\000o\000u\000t\000e\000\040\000A\000:\000\040\000D\000i\000r\000e\000c\000t\000\040\000C\000o\000n\000s\000t\000r\000u\000c\000t\000i\000v\000e\000\040\000P\000a\000t\000h}{section.Alph44.1}% 917
\BOOKMARK [2][-]{subsection.Alph44.1.3}{\376\377\000R\000o\000u\000t\000e\000\040\000B\000:\000\040\000A\000d\000j\000o\000i\000n\000t\000\040\000I\000n\000t\000e\000r\000p\000o\000l\000a\000t\000i\000o\000n\000\040\000\050\000R\000e\000c\000o\000m\000m\000e\000n\000d\000e\000d\000\051}{section.Alph44.1}% 918
\BOOKMARK [2][-]{subsection.Alph44.1.4}{\376\377\000r\000i\000g\000o\000r\000o\000u\000s\000\040\000s\000t\000a\000n\000d\000a\000r\000d\000\040\000V\000e\000r\000i\000f\000i\000c\000a\000t\000i\000o\000n\000\040\000C\000h\000e\000c\000k\000l\000i\000s\000t}{section.Alph44.1}% 919
\BOOKMARK [2][-]{subsection.Alph44.1.5}{\376\377\000K\000e\000y\000\040\000T\000e\000c\000h\000n\000i\000c\000a\000l\000\040\000F\000o\000r\000m\000u\000l\000a\000s}{section.Alph44.1}% 920
\BOOKMARK [2][-]{subsection.Alph44.1.6}{\376\377\000C\000o\000n\000c\000l\000u\000s\000i\000o\000n}{section.Alph44.1}% 921
\BOOKMARK [1][-]{section.Alph44.2}{\376\377\000I\000n\000t\000e\000r\000m\000e\000d\000i\000a\000t\000e\000\040\000C\000o\000u\000p\000l\000i\000n\000g\000\040\000C\000o\000n\000t\000r\000o\000l}{appendix.Alph44}% 922
\BOOKMARK [2][-]{subsection.Alph44.2.1}{\376\377\000T\000h\000e\000\040\000C\000h\000a\000l\000l\000e\000n\000g\000e}{section.Alph44.2}% 923
\BOOKMARK [2][-]{subsection.Alph44.2.2}{\376\377\000R\000e\000s\000o\000l\000u\000t\000i\000o\000n\000\040\000S\000t\000r\000a\000t\000e\000g\000y}{section.Alph44.2}% 924
\BOOKMARK [2][-]{subsection.Alph44.2.3}{\376\377\000K\000e\000y\000\040\000R\000e\000s\000u\000l\000t\000s}{section.Alph44.2}% 925
\BOOKMARK [1][-]{section.Alph44.3}{\376\377\000R\000o\000a\000d\000m\000a\000p\000\040\0002\000:\000\040\000R\000i\000g\000o\000r\000o\000u\000s\000\040\000C\000o\000n\000t\000i\000n\000u\000u\000m\000\040\000L\000i\000m\000i\000t\000\040\000v\000i\000a\000\040\000S\000t\000o\000c\000h\000a\000s\000t\000i\000c\000\040\000G\000e\000o\000m\000e\000t\000r\000i\000c\000\040\000F\000l\000o\000w}{appendix.Alph44}% 926
\BOOKMARK [2][-]{subsection.Alph44.3.1}{\376\377\000S\000t\000e\000p\000\040\0001\000:\000\040\000U\000n\000i\000f\000o\000r\000m\000\040\000R\000e\000g\000u\000l\000a\000r\000i\000t\000y\000\040\000E\000s\000t\000i\000m\000a\000t\000e\000s}{section.Alph44.3}% 927
\BOOKMARK [2][-]{subsection.Alph44.3.2}{\376\377\000S\000t\000e\000p\000\040\0002\000:\000\040\000M\000o\000s\000c\000o\000\040\000C\000o\000n\000v\000e\000r\000g\000e\000n\000c\000e\000\040\000o\000f\000\040\000D\000i\000r\000i\000c\000h\000l\000e\000t\000\040\000F\000o\000r\000m\000s}{section.Alph44.3}% 928
\BOOKMARK [2][-]{subsection.Alph44.3.3}{\376\377\000S\000t\000e\000p\000\040\0003\000:\000\040\000N\000o\000n\000-\000C\000i\000r\000c\000u\000l\000a\000r\000\040\000S\000c\000a\000l\000e\000\040\000S\000e\000t\000t\000i\000n\000g}{section.Alph44.3}% 929
\BOOKMARK [2][-]{subsection.Alph44.3.4}{\376\377\000S\000y\000n\000t\000h\000e\000s\000i\000s\000:\000\040\000C\000o\000n\000t\000i\000n\000u\000u\000m\000\040\000L\000i\000m\000i\000t\000\040\000T\000h\000e\000o\000r\000e\000m}{section.Alph44.3}% 930
\BOOKMARK [1][-]{section.Alph44.4}{\376\377\000E\000x\000p\000l\000i\000c\000i\000t\000\040\000C\000o\000n\000v\000e\000r\000g\000e\000n\000c\000e\000\040\000R\000a\000t\000e\000s\000\040\000\050\000S\000y\000m\000a\000n\000z\000i\000k\000\040\000B\000o\000u\000n\000d\000s\000\051}{appendix.Alph44}% 931
\BOOKMARK [2][-]{subsection.Alph44.4.1}{\376\377\000S\000p\000e\000c\000t\000r\000a\000l\000\040\000P\000e\000r\000t\000u\000r\000b\000a\000t\000i\000o\000n\000\040\000T\000h\000e\000o\000r\000y}{section.Alph44.4}% 932
\BOOKMARK [2][-]{subsection.Alph44.4.2}{\376\377\000T\000h\000e\000\040\000C\000o\000n\000v\000e\000r\000g\000e\000n\000c\000e\000\040\000T\000h\000e\000o\000r\000e\000m}{section.Alph44.4}% 933
\BOOKMARK [1][-]{section.Alph44.5}{\376\377\000R\000o\000a\000d\000m\000a\000p\000\040\0001\000:\000\040\000C\000o\000m\000p\000l\000e\000t\000e\000\040\000H\000i\000e\000r\000a\000r\000c\000h\000i\000c\000a\000l\000\040\000Z\000e\000g\000a\000r\000l\000i\000n\000s\000k\000i\000\040\000P\000r\000o\000o\000f}{appendix.Alph44}% 934
\BOOKMARK [2][-]{subsection.Alph44.5.1}{\376\377\000T\000h\000e\000\040\000S\000t\000r\000a\000t\000e\000g\000y\000:\000\040\000B\000y\000p\000a\000s\000s\000i\000n\000g\000\040\000H\000o\000l\000l\000e\000y\000-\000S\000t\000r\000o\000o\000c\000k}{section.Alph44.5}% 935
\BOOKMARK [2][-]{subsection.Alph44.5.2}{\376\377\000S\000t\000e\000p\000\040\0001\000:\000\040\000R\000e\000c\000u\000r\000s\000i\000v\000e\000\040\000B\000l\000o\000c\000k\000\040\000D\000e\000c\000o\000m\000p\000o\000s\000i\000t\000i\000o\000n}{section.Alph44.5}% 936
\BOOKMARK [2][-]{subsection.Alph44.5.3}{\376\377\000S\000t\000e\000p\000\040\0002\000:\000\040\000T\000h\000e\000\040\0001\000D\000\040\000B\000a\000s\000e\000\040\000C\000a\000s\000e\000\040\000-\000\040\000C\000o\000m\000p\000l\000e\000t\000e\000\040\000P\000r\000o\000o\000f}{section.Alph44.5}% 937
\BOOKMARK [2][-]{subsection.Alph44.5.4}{\376\377\000S\000t\000e\000p\000\040\0003\000:\000\040\000D\000i\000m\000e\000n\000s\000i\000o\000n\000a\000l\000\040\000U\000p\000s\000c\000a\000l\000i\000n\000g\000\040\000-\000\040\0001\000D\000\040\000t\000o\000\040\0004\000D}{section.Alph44.5}% 938
\BOOKMARK [2][-]{subsection.Alph44.5.5}{\376\377\000S\000t\000e\000p\000\040\0004\000:\000\040\000V\000e\000r\000i\000f\000i\000c\000a\000t\000i\000o\000n\000\040\000o\000f\000\040\000N\000o\000n\000-\000V\000o\000l\000u\000m\000e\000-\000D\000e\000p\000e\000n\000d\000e\000n\000c\000e}{section.Alph44.5}% 939
\BOOKMARK [2][-]{subsection.Alph44.5.6}{\376\377\000E\000x\000p\000l\000i\000c\000i\000t\000\040\000C\000o\000n\000s\000t\000a\000n\000t\000s\000\040\000f\000o\000r\000\040\000S\000U\000\050\0002\000\051\000\040\000a\000n\000d\000\040\000S\000U\000\050\0003\000\051}{section.Alph44.5}% 940
\BOOKMARK [2][-]{subsection.Alph44.5.7}{\376\377\000C\000o\000n\000n\000e\000c\000t\000i\000o\000n\000\040\000t\000o\000\040\000C\000o\000n\000t\000i\000n\000u\000u\000m\000\040\000L\000i\000m\000i\000t}{section.Alph44.5}% 941
\BOOKMARK [2][-]{subsection.Alph44.5.8}{\376\377\000S\000u\000m\000m\000a\000r\000y\000:\000\040\000R\000o\000a\000d\000m\000a\000p\000\040\0001\000\040\000C\000o\000m\000p\000l\000e\000t\000e}{section.Alph44.5}% 942
\BOOKMARK [1][-]{section.Alph44.6}{\376\377\000R\000o\000a\000d\000m\000a\000p\000\040\0003\000:\000\040\000C\000o\000m\000p\000l\000e\000t\000e\000\040\000G\000e\000o\000m\000e\000t\000r\000i\000c\000/\000O\000p\000t\000i\000m\000a\000l\000\040\000T\000r\000a\000n\000s\000p\000o\000r\000t\000\040\000P\000a\000t\000h}{appendix.Alph44}% 943
\BOOKMARK [2][-]{subsection.Alph44.6.1}{\376\377\000T\000h\000e\000\040\000S\000t\000r\000a\000t\000e\000g\000y\000:\000\040\000G\000e\000o\000m\000e\000t\000r\000y\000\040\000F\000o\000r\000c\000e\000s\000\040\000S\000p\000e\000c\000t\000r\000a\000l\000\040\000G\000a\000p}{section.Alph44.6}% 944
\BOOKMARK [2][-]{subsection.Alph44.6.2}{\376\377\000S\000t\000e\000p\000\040\0001\000:\000\040\000B\000a\000k\000r\000y\000-\000\311\000m\000e\000r\000y\000\040\000C\000u\000r\000v\000a\000t\000u\000r\000e\000\040\000B\000o\000u\000n\000d}{section.Alph44.6}% 945
\BOOKMARK [2][-]{subsection.Alph44.6.3}{\376\377\000S\000t\000e\000p\000\040\0002\000:\000\040\000L\000S\000V\000\040\000T\000h\000e\000o\000r\000y\000\040\000-\000\040\000O\000p\000t\000i\000m\000a\000l\000\040\000T\000r\000a\000n\000s\000p\000o\000r\000t\000\040\000I\000m\000p\000l\000i\000e\000s\000\040\000G\000a\000p}{section.Alph44.6}% 946
\BOOKMARK [2][-]{subsection.Alph44.6.4}{\376\377\000S\000t\000e\000p\000\040\0003\000:\000\040\000R\000e\000s\000o\000l\000u\000t\000i\000o\000n\000\040\000o\000f\000\040\000S\000i\000n\000g\000u\000l\000a\000r\000\040\000S\000t\000r\000a\000t\000a}{section.Alph44.6}% 947
\BOOKMARK [2][-]{subsection.Alph44.6.5}{\376\377\000S\000t\000e\000p\000\040\0004\000:\000\040\000A\000d\000d\000r\000e\000s\000s\000i\000n\000g\000\040\000t\000h\000e\000\040\000I\000n\000f\000r\000a\000r\000e\000d\000\040\000P\000r\000o\000b\000l\000e\000m}{section.Alph44.6}% 948
\BOOKMARK [2][-]{subsection.Alph44.6.6}{\376\377\000E\000x\000p\000l\000i\000c\000i\000t\000\040\000C\000o\000n\000s\000t\000a\000n\000t\000s}{section.Alph44.6}% 949
\BOOKMARK [2][-]{subsection.Alph44.6.7}{\376\377\000S\000u\000m\000m\000a\000r\000y\000:\000\040\000R\000o\000a\000d\000m\000a\000p\000\040\0003\000\040\000C\000o\000m\000p\000l\000e\000t\000e}{section.Alph44.6}% 950
\BOOKMARK [1][-]{section.Alph44.7}{\376\377\000R\000o\000a\000d\000m\000a\000p\000\040\0001\000:\000\040\000T\000h\000e\000\040\000H\000i\000e\000r\000a\000r\000c\000h\000i\000c\000a\000l\000\040\000Z\000e\000g\000a\000r\000l\000i\000n\000s\000k\000i\000\040\000P\000a\000t\000h}{appendix.Alph44}% 951
\BOOKMARK [2][-]{subsection.Alph44.7.1}{\376\377\000T\000h\000e\000\040\000P\000r\000o\000b\000l\000e\000m\000:\000\040\000O\000s\000c\000i\000l\000l\000a\000t\000i\000o\000n\000\040\000C\000a\000t\000a\000s\000t\000r\000o\000p\000h\000e}{section.Alph44.7}% 952
\BOOKMARK [2][-]{subsection.Alph44.7.2}{\376\377\000T\000h\000e\000\040\000S\000o\000l\000u\000t\000i\000o\000n\000:\000\040\000C\000o\000n\000d\000i\000t\000i\000o\000n\000a\000l\000\040\000T\000e\000n\000s\000o\000r\000i\000z\000a\000t\000i\000o\000n}{section.Alph44.7}% 953
\BOOKMARK [2][-]{subsection.Alph44.7.3}{\376\377\000S\000t\000e\000p\000\040\0001\000:\000\040\000A\000d\000a\000p\000t\000i\000v\000e\000\040\000B\000l\000o\000c\000k\000\040\000D\000e\000c\000o\000m\000p\000o\000s\000i\000t\000i\000o\000n}{section.Alph44.7}% 954
\BOOKMARK [2][-]{subsection.Alph44.7.4}{\376\377\000S\000t\000e\000p\000\040\0002\000:\000\040\000I\000n\000t\000e\000r\000i\000o\000r\000\040\000L\000S\000I\000\040\000v\000i\000a\000\040\000B\000a\000k\000r\000y\000-\000\311\000m\000e\000r\000y}{section.Alph44.7}% 955
\BOOKMARK [2][-]{subsection.Alph44.7.5}{\376\377\000S\000t\000e\000p\000\040\0003\000:\000\040\000D\000i\000m\000e\000n\000s\000i\000o\000n\000a\000l\000\040\000R\000e\000d\000u\000c\000t\000i\000o\000n\000\040\000f\000o\000r\000\040\000B\000o\000u\000n\000d\000a\000r\000y\000\040\000M\000a\000r\000g\000i\000n\000a\000l}{section.Alph44.7}% 956
\BOOKMARK [2][-]{subsection.Alph44.7.6}{\376\377\000S\000t\000e\000p\000\040\0003\000.\0005\000:\000\040\000T\000h\000e\000\040\0001\000D\000\040\000B\000a\000s\000e\000\040\000C\000a\000s\000e\000\040\000\050\000C\000r\000i\000t\000i\000c\000a\000l\000\051}{section.Alph44.7}% 957
\BOOKMARK [2][-]{subsection.Alph44.7.7}{\376\377\000S\000t\000e\000p\000\040\0004\000:\000\040\000C\000o\000n\000d\000i\000t\000i\000o\000n\000a\000l\000\040\000T\000e\000n\000s\000o\000r\000i\000z\000a\000t\000i\000o\000n\000\040\000T\000h\000e\000o\000r\000e\000m}{section.Alph44.7}% 958
\BOOKMARK [2][-]{subsection.Alph44.7.8}{\376\377\000S\000t\000e\000p\000\040\0005\000:\000\040\000P\000u\000t\000t\000i\000n\000g\000\040\000I\000t\000\040\000A\000l\000l\000\040\000T\000o\000g\000e\000t\000h\000e\000r}{section.Alph44.7}% 959
\BOOKMARK [2][-]{subsection.Alph44.7.9}{\376\377\000W\000h\000y\000\040\000T\000h\000i\000s\000\040\000W\000o\000r\000k\000s\000\040\000a\000t\000\040\000I\000n\000t\000e\000r\000m\000e\000d\000i\000a\000t\000e\000\040\000C\000o\000u\000p\000l\000i\000n\000g}{section.Alph44.7}% 960
\BOOKMARK [2][-]{subsection.Alph44.7.10}{\376\377\000V\000e\000r\000i\000f\000i\000c\000a\000t\000i\000o\000n\000\040\000R\000e\000q\000u\000i\000r\000e\000m\000e\000n\000t\000s}{section.Alph44.7}% 961
\BOOKMARK [2][-]{subsection.Alph44.7.11}{\376\377\000S\000u\000m\000m\000a\000r\000y\000:\000\040\000H\000i\000e\000r\000a\000r\000c\000h\000i\000c\000a\000l\000\040\000Z\000e\000g\000a\000r\000l\000i\000n\000s\000k\000i\000\040\000P\000a\000t\000h}{section.Alph44.7}% 962
\BOOKMARK [1][-]{section.Alph44.8}{\376\377\000R\000o\000a\000d\000m\000a\000p\000\040\0003\000:\000\040\000T\000h\000e\000\040\000G\000e\000o\000m\000e\000t\000r\000i\000c\000\040\000a\000n\000d\000\040\000S\000p\000e\000c\000t\000r\000a\000l\000\040\000P\000a\000t\000h}{appendix.Alph44}% 963
\BOOKMARK [2][-]{subsection.Alph44.8.1}{\376\377\000T\000h\000e\000\040\000P\000r\000o\000b\000l\000e\000m\000:\000\040\000C\000o\000n\000f\000i\000n\000e\000m\000e\000n\000t\000\040\000v\000s\000\040\000M\000a\000s\000s\000\040\000G\000a\000p}{section.Alph44.8}% 964
\BOOKMARK [2][-]{subsection.Alph44.8.2}{\376\377\000T\000h\000e\000\040\000S\000t\000r\000a\000t\000e\000g\000y\000:\000\040\000G\000a\000u\000g\000e\000\040\000O\000r\000b\000i\000t\000\040\000G\000e\000o\000m\000e\000t\000r\000y}{section.Alph44.8}% 965
\BOOKMARK [2][-]{subsection.Alph44.8.3}{\376\377\000S\000t\000e\000p\000\040\0001\000:\000\040\000G\000a\000u\000g\000e\000\040\000O\000r\000b\000i\000t\000\040\000C\000u\000r\000v\000a\000t\000u\000r\000e}{section.Alph44.8}% 966
\BOOKMARK [2][-]{subsection.Alph44.8.4}{\376\377\000S\000t\000e\000p\000\040\0002\000:\000\040\000C\000h\000e\000e\000g\000e\000r\000-\000B\000u\000s\000e\000r\000\040\000I\000n\000e\000q\000u\000a\000l\000i\000t\000y}{section.Alph44.8}% 967
\BOOKMARK [2][-]{subsection.Alph44.8.5}{\376\377\000S\000t\000e\000p\000\040\0003\000:\000\040\000T\000h\000e\000\040\000G\000i\000l\000e\000s\000-\000T\000e\000p\000e\000r\000\040\000B\000o\000u\000n\000d}{section.Alph44.8}% 968
\BOOKMARK [2][-]{subsection.Alph44.8.6}{\376\377\000S\000t\000e\000p\000\040\0004\000:\000\040\000S\000t\000r\000i\000n\000g\000\040\000T\000e\000n\000s\000i\000o\000n\000\040\000P\000o\000s\000i\000t\000i\000v\000i\000t\000y}{section.Alph44.8}% 969
\BOOKMARK [2][-]{subsection.Alph44.8.7}{\376\377\000S\000t\000e\000p\000\040\0004\000.\0005\000:\000\040\000C\000h\000a\000r\000a\000c\000t\000e\000r\000\040\000E\000x\000p\000a\000n\000s\000i\000o\000n\000\040\000f\000o\000r\000\040\000S\000t\000r\000i\000n\000g\000\040\000T\000e\000n\000s\000i\000o\000n}{section.Alph44.8}% 970
\BOOKMARK [2][-]{subsection.Alph44.8.8}{\376\377\000E\000x\000p\000l\000i\000c\000i\000t\000\040\000C\000o\000n\000s\000t\000a\000n\000t\000s\000\040\000f\000o\000r\000\040\000S\000U\000\050\0002\000\051\000\040\000a\000n\000d\000\040\000S\000U\000\050\0003\000\051}{section.Alph44.8}% 971
\BOOKMARK [2][-]{subsection.Alph44.8.9}{\376\377\000H\000e\000a\000t\000\040\000K\000e\000r\000n\000e\000l\000\040\000V\000e\000r\000i\000f\000i\000c\000a\000t\000i\000o\000n}{section.Alph44.8}% 972
\BOOKMARK [2][-]{subsection.Alph44.8.10}{\376\377\000S\000u\000m\000m\000a\000r\000y\000:\000\040\000G\000e\000o\000m\000e\000t\000r\000i\000c\000\040\000a\000n\000d\000\040\000S\000p\000e\000c\000t\000r\000a\000l\000\040\000P\000a\000t\000h}{section.Alph44.8}% 973
\BOOKMARK [2][-]{subsection.Alph44.8.11}{\376\377\000C\000o\000n\000n\000e\000c\000t\000i\000o\000n\000\040\000t\000o\000\040\000O\000t\000h\000e\000r\000\040\000R\000o\000a\000d\000m\000a\000p\000s}{section.Alph44.8}% 974
\BOOKMARK [1][-]{section.Alph44.9}{\376\377\000R\000o\000a\000d\000m\000a\000p\000\040\0003\000\040\000E\000n\000h\000a\000n\000c\000e\000d\000:\000\040\000R\000i\000g\000o\000r\000o\000u\000s\000\040\000G\000e\000o\000m\000e\000t\000r\000i\000c\000-\000S\000p\000e\000c\000t\000r\000a\000l\000\040\000T\000h\000e\000o\000r\000y}{appendix.Alph44}% 975
\BOOKMARK [2][-]{subsection.Alph44.9.1}{\376\377\000P\000a\000r\000t\000\040\000A\000:\000\040\000R\000i\000g\000o\000r\000o\000u\000s\000\040\000O\000'\000N\000e\000i\000l\000l\000\040\000C\000u\000r\000v\000a\000t\000u\000r\000e\000\040\000C\000a\000l\000c\000u\000l\000a\000t\000i\000o\000n}{section.Alph44.9}% 976
\BOOKMARK [2][-]{subsection.Alph44.9.2}{\376\377\000P\000a\000r\000t\000\040\000B\000:\000\040\000C\000h\000e\000e\000g\000e\000r\000-\000B\000u\000s\000e\000r\000\040\000w\000i\000t\000h\000\040\000E\000x\000p\000l\000i\000c\000i\000t\000\040\000C\000o\000n\000s\000t\000a\000n\000t\000s}{section.Alph44.9}% 977
\BOOKMARK [2][-]{subsection.Alph44.9.3}{\376\377\000P\000a\000r\000t\000\040\000C\000:\000\040\000R\000i\000g\000o\000r\000o\000u\000s\000\040\000S\000p\000e\000c\000t\000r\000a\000l\000\040\000G\000a\000p\000\040\000D\000e\000r\000i\000v\000a\000t\000i\000o\000n\000\040\000\050\000I\000n\000s\000p\000i\000r\000e\000d\000\040\000b\000y\000\040\000G\000i\000l\000e\000s\000-\000T\000e\000p\000e\000r\000\051}{section.Alph44.9}% 978
\BOOKMARK [2][-]{subsection.Alph44.9.4}{\376\377\000P\000a\000r\000t\000\040\000D\000:\000\040\000S\000t\000r\000i\000n\000g\000\040\000T\000e\000n\000s\000i\000o\000n\000\040\000P\000o\000s\000i\000t\000i\000v\000i\000t\000y\000\040\000-\000\040\000C\000o\000m\000p\000l\000e\000t\000e\000\040\000P\000r\000o\000o\000f}{section.Alph44.9}% 979
\BOOKMARK [2][-]{subsection.Alph44.9.5}{\376\377\000P\000a\000r\000t\000\040\000E\000:\000\040\000G\000K\000S\000\040\000I\000n\000e\000q\000u\000a\000l\000i\000t\000i\000e\000s\000\040\000-\000\040\000R\000i\000g\000o\000r\000o\000u\000s\000\040\000S\000t\000a\000t\000e\000m\000e\000n\000t}{section.Alph44.9}% 980
\BOOKMARK [2][-]{subsection.Alph44.9.6}{\376\377\000P\000a\000r\000t\000\040\000F\000:\000\040\000S\000u\000m\000m\000a\000r\000y\000\040\000-\000\040\000G\000e\000o\000m\000e\000t\000r\000i\000c\000-\000S\000p\000e\000c\000t\000r\000a\000l\000\040\000R\000o\000a\000d\000m\000a\000p\000\040\000C\000o\000m\000p\000l\000e\000t\000e}{section.Alph44.9}% 981
\BOOKMARK [1][-]{section.Alph44.10}{\376\377\000R\000o\000a\000d\000m\000a\000p\000\040\0002\000\040\000E\000n\000h\000a\000n\000c\000e\000d\000:\000\040\000R\000i\000g\000o\000r\000o\000u\000s\000\040\000A\000d\000j\000o\000i\000n\000t\000\040\000I\000n\000t\000e\000r\000p\000o\000l\000a\000t\000i\000o\000n}{appendix.Alph44}% 982
\BOOKMARK [2][-]{subsection.Alph44.10.1}{\376\377\000P\000a\000r\000t\000\040\000A\000:\000\040\000W\000i\000t\000t\000e\000n\000\040\000I\000n\000d\000e\000x\000\040\000-\000\040\000C\000o\000m\000p\000l\000e\000t\000e\000\040\000R\000i\000g\000o\000r\000o\000u\000s\000\040\000C\000a\000l\000c\000u\000l\000a\000t\000i\000o\000n}{section.Alph44.10}% 983
\BOOKMARK [2][-]{subsection.Alph44.10.2}{\376\377\000P\000a\000r\000t\000\040\000B\000:\000\040\000C\000e\000n\000t\000e\000r\000\040\000S\000y\000m\000m\000e\000t\000r\000y\000\040\000P\000r\000e\000s\000e\000r\000v\000a\000t\000i\000o\000n\000\040\000-\000\040\000C\000o\000m\000p\000l\000e\000t\000e\000\040\000P\000r\000o\000o\000f}{section.Alph44.10}% 984
\BOOKMARK [2][-]{subsection.Alph44.10.3}{\376\377\000P\000a\000r\000t\000\040\000C\000:\000\040\000L\000e\000e\000-\000Y\000a\000n\000g\000\040\000A\000n\000a\000l\000y\000t\000i\000c\000i\000t\000y}{section.Alph44.10}% 985
\BOOKMARK [2][-]{subsection.Alph44.10.4}{\376\377\000P\000a\000r\000t\000\040\000D\000:\000\040\000D\000e\000c\000o\000u\000p\000l\000i\000n\000g\000\040\000T\000h\000e\000o\000r\000e\000m}{section.Alph44.10}% 986
\BOOKMARK [2][-]{subsection.Alph44.10.5}{\376\377\000P\000a\000r\000t\000\040\000E\000:\000\040\000C\000o\000m\000p\000l\000e\000t\000e\000\040\000I\000n\000t\000e\000r\000p\000o\000l\000a\000t\000i\000o\000n\000\040\000C\000h\000a\000i\000n}{section.Alph44.10}% 987
\BOOKMARK [2][-]{subsection.Alph44.10.6}{\376\377\000P\000a\000r\000t\000\040\000F\000:\000\040\000S\000u\000m\000m\000a\000r\000y\000\040\000-\000\040\000A\000d\000j\000o\000i\000n\000t\000\040\000I\000n\000t\000e\000r\000p\000o\000l\000a\000t\000i\000o\000n\000\040\000R\000o\000a\000d\000m\000a\000p\000\040\000C\000o\000m\000p\000l\000e\000t\000e}{section.Alph44.10}% 988
\BOOKMARK [1][-]{section.Alph44.11}{\376\377\000R\000o\000a\000d\000m\000a\000p\000\040\0001\000\040\000E\000n\000h\000a\000n\000c\000e\000d\000:\000\040\000R\000i\000g\000o\000r\000o\000u\000s\000\040\000H\000i\000e\000r\000a\000r\000c\000h\000i\000c\000a\000l\000\040\000Z\000e\000g\000a\000r\000l\000i\000n\000s\000k\000i}{appendix.Alph44}% 989
\BOOKMARK [2][-]{subsection.Alph44.11.1}{\376\377\000P\000a\000r\000t\000\040\000A\000:\000\040\000B\000l\000o\000c\000k\000\040\000D\000o\000b\000r\000u\000s\000h\000i\000n\000\040\000C\000o\000n\000d\000i\000t\000i\000o\000n\000s}{section.Alph44.11}% 990
\BOOKMARK [2][-]{subsection.Alph44.11.2}{\376\377\000P\000a\000r\000t\000\040\000B\000:\000\040\000B\000l\000o\000c\000k\000\040\000L\000S\000I\000\040\000v\000i\000a\000\040\000C\000o\000n\000d\000i\000t\000i\000o\000n\000a\000l\000\040\000T\000e\000n\000s\000o\000r\000i\000z\000a\000t\000i\000o\000n}{section.Alph44.11}% 991
\BOOKMARK [2][-]{subsection.Alph44.11.3}{\376\377\000P\000a\000r\000t\000\040\000C\000:\000\040\000H\000i\000e\000r\000a\000r\000c\000h\000i\000c\000a\000l\000\040\000C\000o\000m\000b\000i\000n\000a\000t\000i\000o\000n}{section.Alph44.11}% 992
\BOOKMARK [2][-]{subsection.Alph44.11.4}{\376\377\000P\000a\000r\000t\000\040\000D\000:\000\040\000E\000x\000p\000l\000i\000c\000i\000t\000\040\000U\000n\000i\000f\000o\000r\000m\000\040\000B\000o\000u\000n\000d}{section.Alph44.11}% 993
\BOOKMARK [2][-]{subsection.Alph44.11.5}{\376\377\000P\000a\000r\000t\000\040\000E\000:\000\040\000C\000o\000r\000r\000e\000l\000a\000t\000i\000o\000n\000\040\000D\000e\000c\000a\000y\000\040\000E\000s\000t\000i\000m\000a\000t\000e\000s}{section.Alph44.11}% 994
\BOOKMARK [2][-]{subsection.Alph44.11.6}{\376\377\000P\000a\000r\000t\000\040\000F\000:\000\040\000S\000u\000m\000m\000a\000r\000y\000\040\000-\000\040\000R\000o\000a\000d\000m\000a\000p\000\040\0001\000\040\000C\000o\000m\000p\000l\000e\000t\000e}{section.Alph44.11}% 995
\BOOKMARK [1][-]{section.Alph44.12}{\376\377\000R\000o\000a\000d\000m\000a\000p\000\040\0004\000\040\000E\000n\000h\000a\000n\000c\000e\000d\000:\000\040\000R\000i\000g\000o\000r\000o\000u\000s\000\040\000C\000o\000n\000t\000i\000n\000u\000u\000m\000\040\000L\000i\000m\000i\000t}{appendix.Alph44}% 996
\BOOKMARK [2][-]{subsection.Alph44.12.1}{\376\377\000P\000a\000r\000t\000\040\000A\000:\000\040\000L\000a\000t\000t\000i\000c\000e\000\040\000D\000i\000r\000i\000c\000h\000l\000e\000t\000\040\000F\000o\000r\000m\000s}{section.Alph44.12}% 997
\BOOKMARK [2][-]{subsection.Alph44.12.2}{\376\377\000P\000a\000r\000t\000\040\000B\000:\000\040\000C\000o\000n\000t\000i\000n\000u\000u\000m\000\040\000D\000i\000r\000i\000c\000h\000l\000e\000t\000\040\000F\000o\000r\000m}{section.Alph44.12}% 998
\BOOKMARK [2][-]{subsection.Alph44.12.3}{\376\377\000P\000a\000r\000t\000\040\000C\000:\000\040\000M\000o\000s\000c\000o\000\040\000C\000o\000n\000v\000e\000r\000g\000e\000n\000c\000e\000\040\000-\000\040\000D\000e\000t\000a\000i\000l\000e\000d\000\040\000V\000e\000r\000i\000f\000i\000c\000a\000t\000i\000o\000n}{section.Alph44.12}% 999
\BOOKMARK [2][-]{subsection.Alph44.12.4}{\376\377\000P\000a\000r\000t\000\040\000D\000:\000\040\000S\000p\000e\000c\000t\000r\000a\000l\000\040\000P\000e\000r\000m\000a\000n\000e\000n\000c\000e\000\040\000w\000i\000t\000h\000\040\000R\000a\000t\000e\000s}{section.Alph44.12}% 1000
\BOOKMARK [2][-]{subsection.Alph44.12.5}{\376\377\000P\000a\000r\000t\000\040\000E\000:\000\040\000P\000h\000y\000s\000i\000c\000a\000l\000\040\000S\000c\000a\000l\000i\000n\000g}{section.Alph44.12}% 1001
\BOOKMARK [2][-]{subsection.Alph44.12.6}{\376\377\000P\000a\000r\000t\000\040\000F\000:\000\040\000O\000s\000t\000e\000r\000w\000a\000l\000d\000e\000r\000-\000S\000c\000h\000r\000a\000d\000e\000r\000\040\000V\000e\000r\000i\000f\000i\000c\000a\000t\000i\000o\000n}{section.Alph44.12}% 1002
\BOOKMARK [2][-]{subsection.Alph44.12.7}{\376\377\000P\000a\000r\000t\000\040\000G\000:\000\040\000S\000u\000m\000m\000a\000r\000y\000\040\000-\000\040\000R\000o\000a\000d\000m\000a\000p\000\040\0004\000\040\000C\000o\000m\000p\000l\000e\000t\000e}{section.Alph44.12}% 1003
\BOOKMARK [1][-]{section.Alph44.13}{\376\377\000R\000o\000a\000d\000m\000a\000p\000\040\000t\000o\000\040\000U\000n\000c\000o\000n\000d\000i\000t\000i\000o\000n\000a\000l\000\040\000R\000i\000g\000o\000r\000:\000\040\000C\000l\000o\000s\000i\000n\000g\000\040\000t\000h\000e\000\040\000F\000i\000n\000a\000l\000\040\000G\000a\000p\000s}{appendix.Alph44}% 1004
\BOOKMARK [2][-]{subsection.Alph44.13.1}{\376\377\000T\000a\000s\000k\000\040\0001\000:\000\040\000F\000o\000r\000m\000a\000l\000i\000z\000i\000n\000g\000\040\000U\000V\000\040\000S\000t\000a\000b\000i\000l\000i\000t\000y\000\040\000\050\000T\000h\000e\000\040\000"\000B\000a\000l\000a\000b\000a\000n\000"\000\040\000G\000a\000p\000\051}{section.Alph44.13}% 1005
\BOOKMARK [2][-]{subsection.Alph44.13.2}{\376\377\000T\000a\000s\000k\000\040\0002\000:\000\040\000R\000i\000g\000o\000r\000o\000u\000s\000\040\000L\000a\000t\000t\000i\000c\000e\000\040\000P\000e\000i\000e\000r\000l\000s\000\040\000C\000o\000n\000t\000o\000u\000r\000s\000\040\000\050\000T\000h\000e\000\040\000"\000S\000Y\000M\000"\000\040\000G\000a\000p\000\051}{section.Alph44.13}% 1006
\BOOKMARK [2][-]{subsection.Alph44.13.3}{\376\377\000T\000a\000s\000k\000\040\0003\000:\000\040\000P\000r\000o\000v\000i\000n\000g\000\040\000G\000e\000n\000e\000r\000i\000c\000i\000t\000y\000\040\000\050\000T\000h\000e\000\040\000"\000C\000r\000o\000s\000s\000i\000n\000g\000"\000\040\000G\000a\000p\000\051}{section.Alph44.13}% 1007
\BOOKMARK [2][-]{subsection.Alph44.13.4}{\376\377\000S\000u\000m\000m\000a\000r\000y\000\040\000o\000f\000\040\000W\000o\000r\000k\000\040\000R\000e\000q\000u\000i\000r\000e\000d}{section.Alph44.13}% 1008
\BOOKMARK [0][-]{appendix.Alph45}{\376\377\000C\000o\000m\000p\000l\000e\000t\000e\000\040\000P\000r\000o\000o\000f\000s\000\040\000a\000n\000d\000\040\000S\000y\000n\000t\000h\000e\000s\000i\000s}{theorem.P.1.10}% 1009
\BOOKMARK [1][-]{section.Alph45.1}{\376\377\000S\000y\000n\000t\000h\000e\000s\000i\000s\000:\000\040\000M\000e\000t\000h\000o\000d\000\040\000f\000o\000r\000\040\000C\000o\000n\000d\000i\000t\000i\000o\000n\000\040\000P}{appendix.Alph45}% 1010
\BOOKMARK [1][-]{section.Alph45.2}{\376\377\000S\000t\000a\000t\000e\000m\000e\000n\000t\000\040\000o\000f\000\040\000M\000a\000i\000n\000\040\000R\000e\000s\000u\000l\000t}{appendix.Alph45}% 1011
\BOOKMARK [1][-]{section.Alph45.3}{\376\377\000M\000a\000s\000s\000\040\000G\000a\000p\000\040\000R\000e\000s\000o\000l\000u\000t\000i\000o\000n\000\040\000M\000e\000t\000h\000o\000d\000s}{appendix.Alph45}% 1012
\BOOKMARK [2][-]{subsection.Alph45.3.1}{\376\377\000T\000h\000e\000\040\000S\000p\000e\000c\000t\000r\000a\000l\000\040\000G\000a\000p\000\040\000a\000t\000\040\000A\000l\000l\000\040\000C\000o\000u\000p\000l\000i\000n\000g\000s}{section.Alph45.3}% 1013
\BOOKMARK [2][-]{subsection.Alph45.3.2}{\376\377\000G\000a\000p\000\040\0002\000\040\000R\000e\000s\000o\000l\000u\000t\000i\000o\000n\000:\000\040\000I\000n\000t\000e\000r\000m\000e\000d\000i\000a\000t\000e\000\040\000C\000o\000u\000p\000l\000i\000n\000g\000\040\000R\000e\000g\000i\000m\000e\000\040\000b\000e\000t\000a\000\040\000\040\000\040\0001}{section.Alph45.3}% 1014
\BOOKMARK [2][-]{subsection.Alph45.3.3}{\376\377\000G\000a\000p\000\040\0003\000\040\000R\000e\000s\000o\000l\000u\000t\000i\000o\000n\000:\000\040\000R\000i\000g\000o\000r\000o\000u\000s\000\040\000G\000i\000l\000e\000s\000-\000T\000e\000p\000e\000r\000\040\000B\000o\000u\000n\000d}{section.Alph45.3}% 1015
\BOOKMARK [2][-]{subsection.Alph45.3.4}{\376\377\000G\000a\000p\000\040\0004\000\040\000R\000e\000s\000o\000l\000u\000t\000i\000o\000n\000:\000\040\000C\000o\000m\000p\000l\000e\000t\000e\000\040\000O\000S\000\040\000A\000x\000i\000o\000m\000\040\000V\000e\000r\000i\000f\000i\000c\000a\000t\000i\000o\000n}{section.Alph45.3}% 1016
\BOOKMARK [1][-]{section.Alph45.4}{\376\377\000C\000o\000m\000p\000l\000e\000t\000e\000\040\000S\000y\000n\000t\000h\000e\000s\000i\000s\000:\000\040\000P\000r\000o\000o\000f\000\040\000o\000f\000\040\000M\000a\000s\000s\000\040\000G\000a\000p\000\040\000f\000o\000r\000\040\000S\000U\000\050\0002\000\051\000\040\000a\000n\000d\000\040\000S\000U\000\050\0003\000\051}{appendix.Alph45}% 1017
\BOOKMARK [2][-]{subsection.Alph45.4.1}{\376\377\000S\000u\000m\000m\000a\000r\000y\000\040\000o\000f\000\040\000P\000r\000o\000o\000f\000\040\000M\000e\000t\000h\000o\000d\000s}{section.Alph45.4}% 1018
\BOOKMARK [2][-]{subsection.Alph45.4.2}{\376\377\000A\000l\000t\000e\000r\000n\000a\000t\000i\000v\000e\000\040\000F\000r\000a\000m\000e\000w\000o\000r\000k\000s\000\040\000\050\000P\000a\000r\000t\000\040\000I\000I\000I\000\051}{section.Alph45.4}% 1019
\BOOKMARK [2][-]{subsection.Alph45.4.3}{\376\377\000I\000n\000t\000e\000r\000m\000e\000d\000i\000a\000t\000e\000\040\000C\000o\000u\000p\000l\000i\000n\000g\000\040\000M\000e\000t\000h\000o\000d\000s}{section.Alph45.4}% 1020
\BOOKMARK [1][-]{section.Alph45.5}{\376\377\000D\000i\000v\000i\000d\000e\000\040\000a\000n\000d\000\040\000C\000o\000n\000q\000u\000e\000r\000:\000\040\000C\000o\000m\000p\000l\000e\000t\000e\000\040\000P\000r\000o\000o\000f\000\040\000S\000t\000r\000u\000c\000t\000u\000r\000e}{appendix.Alph45}% 1021
\BOOKMARK [2][-]{subsection.Alph45.5.1}{\376\377\000T\000o\000p\000-\000L\000e\000v\000e\000l\000\040\000D\000e\000c\000o\000m\000p\000o\000s\000i\000t\000i\000o\000n}{section.Alph45.5}% 1022
\BOOKMARK [2][-]{subsection.Alph45.5.2}{\376\377\000P\000a\000r\000t\000\040\000[\000A\000]\000:\000\040\000E\000x\000i\000s\000t\000e\000n\000c\000e\000\040\040\024\000\040\000D\000e\000t\000a\000i\000l\000e\000d\000\040\000B\000r\000e\000a\000k\000d\000o\000w\000n}{section.Alph45.5}% 1023
\BOOKMARK [2][-]{subsection.Alph45.5.3}{\376\377\000P\000a\000r\000t\000\040\000[\000B\000]\000:\000\040\000M\000a\000s\000s\000\040\000G\000a\000p\000\040\040\024\000\040\000D\000e\000t\000a\000i\000l\000e\000d\000\040\000B\000r\000e\000a\000k\000d\000o\000w\000n}{section.Alph45.5}% 1024
\BOOKMARK [2][-]{subsection.Alph45.5.4}{\376\377\000R\000e\000s\000o\000l\000u\000t\000i\000o\000n\000\040\000o\000f\000\040\000H\000a\000r\000d\000\040\000P\000r\000o\000b\000l\000e\000m\000s}{section.Alph45.5}% 1025
\BOOKMARK [2][-]{subsection.Alph45.5.5}{\376\377\000D\000e\000p\000e\000n\000d\000e\000n\000c\000y\000\040\000G\000r\000a\000p\000h}{section.Alph45.5}% 1026
\BOOKMARK [1][-]{section.Alph45.6}{\376\377\000S\000y\000n\000t\000h\000e\000s\000i\000s\000:\000\040\000T\000h\000e\000\040\000C\000o\000m\000p\000l\000e\000t\000e\000\040\000A\000r\000g\000u\000m\000e\000n\000t}{appendix.Alph45}% 1027
\BOOKMARK [1][-]{section.Alph45.7}{\376\377\000P\000r\000o\000o\000f\000\040\000S\000t\000r\000u\000c\000t\000u\000r\000e\000\040\000O\000v\000e\000r\000v\000i\000e\000w}{appendix.Alph45}% 1028
\BOOKMARK [2][-]{subsection.Alph45.7.1}{\376\377\000S\000u\000m\000m\000a\000r\000y\000\040\000o\000f\000\040\000t\000h\000e\000\040\000P\000r\000o\000o\000f}{section.Alph45.7}% 1029
\BOOKMARK [2][-]{subsection.Alph45.7.2}{\376\377\000T\000h\000e\000\040\000L\000o\000g\000i\000c\000a\000l\000\040\000S\000t\000r\000u\000c\000t\000u\000r\000e}{section.Alph45.7}% 1030
\BOOKMARK [2][-]{subsection.Alph45.7.3}{\376\377\000M\000a\000t\000h\000e\000m\000a\000t\000i\000c\000a\000l\000\040\000P\000r\000e\000r\000e\000q\000u\000i\000s\000i\000t\000e\000s}{section.Alph45.7}% 1031
\BOOKMARK [2][-]{subsection.Alph45.7.4}{\376\377\000M\000a\000s\000t\000e\000r\000\040\000T\000h\000e\000o\000r\000e\000m\000:\000\040\000U\000n\000i\000f\000i\000e\000d\000\040\000S\000t\000a\000t\000e\000m\000e\000n\000t\000\040\000w\000i\000t\000h\000\040\000E\000x\000p\000l\000i\000c\000i\000t\000\040\000B\000o\000u\000n\000d\000s}{section.Alph45.7}% 1032
\BOOKMARK [2][-]{subsection.Alph45.7.5}{\376\377\000F\000i\000n\000a\000l\000\040\000S\000t\000a\000t\000e\000m\000e\000n\000t}{section.Alph45.7}% 1033
\BOOKMARK [1][-]{section.Alph45.8}{\376\377\000M\000e\000t\000h\000o\000d\000s\000\040\000f\000o\000r\000\040\000t\000h\000e\000\040\000Y\000a\000n\000g\000-\000M\000i\000l\000l\000s\000\040\000M\000a\000s\000s\000\040\000G\000a\000p}{appendix.Alph45}% 1034
\BOOKMARK [2][-]{subsection.Alph45.8.1}{\376\377\000M\000a\000i\000n\000\040\000T\000h\000e\000o\000r\000e\000m\000\040\000S\000t\000a\000t\000e\000m\000e\000n\000t}{section.Alph45.8}% 1035
\BOOKMARK [2][-]{subsection.Alph45.8.2}{\376\377\000P\000r\000o\000o\000f\000\040\000A\000r\000c\000h\000i\000t\000e\000c\000t\000u\000r\000e}{section.Alph45.8}% 1036
\BOOKMARK [2][-]{subsection.Alph45.8.3}{\376\377\000S\000t\000a\000g\000e\000\040\0001\000:\000\040\000S\000t\000r\000o\000n\000g\000\040\000C\000o\000u\000p\000l\000i\000n\000g\000\040\000\050\000b\000e\000t\000a\000\040\000<\000\040\000b\000e\000t\000a\000\137\000c\000\051}{section.Alph45.8}% 1037
\BOOKMARK [2][-]{subsection.Alph45.8.4}{\376\377\000S\000t\000a\000g\000e\000\040\0002\000:\000\040\000I\000n\000t\000e\000r\000m\000e\000d\000i\000a\000t\000e\000\040\000C\000o\000u\000p\000l\000i\000n\000g\000\040\000\050\000b\000e\000t\000a\000\137\000c\000\040\000<\000\040\000b\000e\000t\000a\000\040\000<\000\040\000b\000e\000t\000a\000\137\000G\000\051}{section.Alph45.8}% 1038
\BOOKMARK [2][-]{subsection.Alph45.8.5}{\376\377\000S\000t\000a\000g\000e\000\040\0003\000:\000\040\000W\000e\000a\000k\000\040\000C\000o\000u\000p\000l\000i\000n\000g\000\040\000\050\000b\000e\000t\000a\000\040\000>\000\040\000b\000e\000t\000a\000\137\000G\000\051}{section.Alph45.8}% 1039
\BOOKMARK [2][-]{subsection.Alph45.8.6}{\376\377\000U\000n\000i\000f\000o\000r\000m\000\040\000L\000a\000t\000t\000i\000c\000e\000\040\000M\000a\000s\000s\000\040\000G\000a\000p}{section.Alph45.8}% 1040
\BOOKMARK [2][-]{subsection.Alph45.8.7}{\376\377\000S\000t\000a\000g\000e\000\040\0004\000:\000\040\000C\000o\000n\000t\000i\000n\000u\000u\000m\000\040\000L\000i\000m\000i\000t}{section.Alph45.8}% 1041
\BOOKMARK [2][-]{subsection.Alph45.8.8}{\376\377\000F\000i\000n\000a\000l\000\040\000P\000r\000o\000o\000f\000\040\000o\000f\000\040\000M\000a\000i\000n\000\040\000T\000h\000e\000o\000r\000e\000m}{section.Alph45.8}% 1042
\BOOKMARK [2][-]{subsection.Alph45.8.9}{\376\377\000S\000u\000m\000m\000a\000r\000y\000:\000\040\000P\000r\000o\000o\000f\000\040\000V\000e\000r\000i\000f\000i\000c\000a\000t\000i\000o\000n\000\040\000C\000h\000e\000c\000k\000l\000i\000s\000t}{section.Alph45.8}% 1043
\BOOKMARK [2][-]{subsection.Alph45.8.10}{\376\377\000E\000x\000p\000l\000i\000c\000i\000t\000\040\000N\000u\000m\000e\000r\000i\000c\000a\000l\000\040\000C\000o\000n\000s\000t\000a\000n\000t\000s}{section.Alph45.8}% 1044
\BOOKMARK [2][-]{subsection.Alph45.8.11}{\376\377\000R\000e\000s\000p\000o\000n\000s\000e\000\040\000t\000o\000\040\000C\000r\000i\000t\000i\000c\000a\000l\000\040\000R\000e\000v\000i\000e\000w\000:\000\040\000A\000d\000d\000r\000e\000s\000s\000i\000n\000g\000\040\000S\000p\000e\000c\000i\000f\000i\000c\000\040\000C\000o\000n\000c\000e\000r\000n\000s}{section.Alph45.8}% 1045
\BOOKMARK [2][-]{subsection.Alph45.8.12}{\376\377\000A\000l\000t\000e\000r\000n\000a\000t\000i\000v\000e\000\040\000A\000p\000p\000r\000o\000a\000c\000h\000:\000\040\000A\000d\000j\000o\000i\000n\000t\000\040\000I\000n\000t\000e\000r\000p\000o\000l\000a\000t\000i\000o\000n}{section.Alph45.8}% 1046
\BOOKMARK [1][-]{section.Alph45.9}{\376\377\000M\000e\000t\000h\000o\000d\000s\000\040\000f\000o\000r\000\040\000C\000l\000o\000s\000i\000n\000g\000\040\000t\000h\000e\000\040\000U\000n\000i\000f\000o\000r\000m\000-\000i\000n\000-\000L\000\040\000G\000a\000p}{appendix.Alph45}% 1047
\BOOKMARK [2][-]{subsection.Alph45.9.1}{\376\377\000T\000h\000e\000\040\000C\000o\000r\000e\000\040\000C\000h\000a\000l\000l\000e\000n\000g\000e}{section.Alph45.9}% 1048
\BOOKMARK [2][-]{subsection.Alph45.9.2}{\376\377\000W\000o\000r\000k\000s\000t\000r\000e\000a\000m\000\040\0001\000:\000\040\000T\000h\000e\000\040\000B\000o\000u\000n\000d\000a\000r\000y\000\040\000M\000a\000r\000g\000i\000n\000a\000l\000\040\000P\000r\000o\000b\000l\000e\000m}{section.Alph45.9}% 1049
\BOOKMARK [2][-]{subsection.Alph45.9.3}{\376\377\000W\000o\000r\000k\000s\000t\000r\000e\000a\000m\000\040\0002\000:\000\040\000C\000o\000n\000d\000i\000t\000i\000o\000n\000a\000l\000\040\000T\000e\000n\000s\000o\000r\000i\000z\000a\000t\000i\000o\000n\000\040\000\050\000K\000e\000y\000\040\000I\000n\000n\000o\000v\000a\000t\000i\000o\000n\000\051}{section.Alph45.9}% 1050
\BOOKMARK [2][-]{subsection.Alph45.9.4}{\376\377\000W\000o\000r\000k\000s\000t\000r\000e\000a\000m\000\040\0003\000:\000\040\000W\000e\000a\000k\000\040\000C\000o\000u\000p\000l\000i\000n\000g\000\040\000H\000a\000n\000d\000o\000v\000e\000r}{section.Alph45.9}% 1051
\BOOKMARK [2][-]{subsection.Alph45.9.5}{\376\377\000C\000o\000m\000p\000l\000e\000t\000e\000\040\000A\000s\000s\000e\000m\000b\000l\000y}{section.Alph45.9}% 1052
\BOOKMARK [1][-]{section.Alph45.10}{\376\377\000C\000o\000m\000p\000l\000e\000t\000e\000\040\000M\000e\000t\000h\000o\000d\000s\000\040\000f\000o\000r\000\040\000t\000h\000e\000\040\000Y\000a\000n\000g\000-\000M\000i\000l\000l\000s\000\040\000M\000a\000s\000s\000\040\000G\000a\000p}{appendix.Alph45}% 1053
\BOOKMARK [2][-]{subsection.Alph45.10.1}{\376\377\000S\000t\000a\000t\000e\000m\000e\000n\000t\000\040\000o\000f\000\040\000t\000h\000e\000\040\000M\000a\000i\000n\000\040\000T\000h\000e\000o\000r\000e\000m}{section.Alph45.10}% 1054
\BOOKMARK [2][-]{subsection.Alph45.10.2}{\376\377\000P\000r\000o\000o\000f\000\040\000A\000r\000c\000h\000i\000t\000e\000c\000t\000u\000r\000e}{section.Alph45.10}% 1055
\BOOKMARK [2][-]{subsection.Alph45.10.3}{\376\377\000S\000t\000a\000g\000e\000\040\000I\000:\000\040\000R\000i\000g\000o\000r\000o\000u\000s\000\040\000L\000a\000t\000t\000i\000c\000e\000\040\000C\000o\000n\000s\000t\000r\000u\000c\000t\000i\000o\000n}{section.Alph45.10}% 1056
\BOOKMARK [2][-]{subsection.Alph45.10.4}{\376\377\000S\000t\000a\000g\000e\000\040\000I\000I\000:\000\040\000U\000n\000i\000f\000o\000r\000m\000\040\000S\000p\000e\000c\000t\000r\000a\000l\000\040\000G\000a\000p\000\040\000B\000o\000u\000n\000d\000s}{section.Alph45.10}% 1057
\BOOKMARK [2][-]{subsection.Alph45.10.5}{\376\377\000S\000t\000a\000g\000e\000\040\000I\000I\000I\000:\000\040\000P\000o\000s\000i\000t\000i\000v\000e\000\040\000S\000t\000r\000i\000n\000g\000\040\000T\000e\000n\000s\000i\000o\000n}{section.Alph45.10}% 1058
\BOOKMARK [2][-]{subsection.Alph45.10.6}{\376\377\000S\000t\000a\000g\000e\000\040\000I\000V\000:\000\040\000C\000o\000n\000t\000i\000n\000u\000u\000m\000\040\000L\000i\000m\000i\000t\000\040\000C\000o\000n\000s\000t\000r\000u\000c\000t\000i\000o\000n}{section.Alph45.10}% 1059
\BOOKMARK [2][-]{subsection.Alph45.10.7}{\376\377\000S\000t\000a\000g\000e\000\040\000V\000:\000\040\000F\000i\000n\000a\000l\000\040\000C\000o\000n\000c\000l\000u\000s\000i\000o\000n}{section.Alph45.10}% 1060
\BOOKMARK [2][-]{subsection.Alph45.10.8}{\376\377\000A\000l\000t\000e\000r\000n\000a\000t\000i\000v\000e\000\040\000P\000r\000o\000o\000f\000\040\000v\000i\000a\000\040\000A\000d\000j\000o\000i\000n\000t\000\040\000I\000n\000t\000e\000r\000p\000o\000l\000a\000t\000i\000o\000n}{section.Alph45.10}% 1061
\BOOKMARK [2][-]{subsection.Alph45.10.9}{\376\377\000S\000u\000m\000m\000a\000r\000y}{section.Alph45.10}% 1062
\BOOKMARK [2][-]{subsection.Alph45.10.10}{\376\377\000r\000i\000g\000o\000r\000o\000u\000s\000\040\000s\000t\000a\000n\000d\000a\000r\000d\000\040\000V\000e\000r\000i\000f\000i\000c\000a\000t\000i\000o\000n\000\040\000C\000h\000e\000c\000k\000l\000i\000s\000t}{section.Alph45.10}% 1063
\BOOKMARK [1][-]{sec:synthesis-complete-bookmark.1}{\376\377\000C\000o\000m\000p\000l\000e\000t\000e\000\040\000S\000y\000n\000t\000h\000e\000s\000i\000s\000:\000\040\000A\000l\000l\000\040\000G\000a\000p\000s\000\040\000F\000i\000l\000l\000e\000d}{appendix.Alph45}% 1064
\BOOKMARK [1][-]{section*.201}{\376\377\000C\000o\000m\000p\000l\000e\000t\000e\000\040\000S\000y\000n\000t\000h\000e\000s\000i\000s\000:\000\040\000A\000l\000l\000\040\000G\000a\000p\000s\000\040\000F\000i\000l\000l\000e\000d}{appendix.Alph45}% 1065
\BOOKMARK [2][-]{subsection.Alph45.10.11}{\376\377\000L\000o\000g\000i\000c\000a\000l\000\040\000S\000t\000r\000u\000c\000t\000u\000r\000e\000\040\000o\000f\000\040\000t\000h\000e\000\040\000C\000o\000m\000p\000l\000e\000t\000e\000\040\000P\000r\000o\000o\000f}{section*.201}% 1066
\BOOKMARK [2][-]{subsection.Alph45.10.12}{\376\377\000P\000r\000o\000o\000f\000\040\000A\000r\000c\000h\000i\000t\000e\000c\000t\000u\000r\000e}{section*.201}% 1067
\BOOKMARK [2][-]{subsection.Alph45.10.13}{\376\377\000G\000a\000p\000-\000b\000y\000-\000G\000a\000p\000\040\000R\000e\000s\000o\000l\000u\000t\000i\000o\000n}{section*.201}% 1068
\BOOKMARK [2][-]{subsection.Alph45.10.14}{\376\377\000C\000o\000m\000p\000l\000e\000t\000e\000\040\000P\000r\000o\000o\000f\000\040\000O\000u\000t\000l\000i\000n\000e}{section*.201}% 1069
\BOOKMARK [2][-]{subsection.Alph45.10.15}{\376\377\000V\000e\000r\000i\000f\000i\000c\000a\000t\000i\000o\000n\000\040\000o\000f\000\040\000N\000o\000n\000-\000C\000i\000r\000c\000u\000l\000a\000r\000i\000t\000y}{section*.201}% 1070
\BOOKMARK [2][-]{subsection.Alph45.10.16}{\376\377\000A\000d\000d\000i\000t\000i\000o\000n\000a\000l\000\040\000T\000e\000c\000h\000n\000i\000c\000a\000l\000\040\000I\000t\000e\000m\000s}{section*.201}% 1071
\BOOKMARK [1][-]{section.Alph45.11}{\376\377\000C\000o\000m\000p\000l\000e\000t\000e\000\040\000P\000r\000o\000o\000f\000s\000:\000\040\000C\000o\000n\000t\000i\000n\000u\000u\000m\000\040\000L\000i\000m\000i\000t\000\040\000v\000i\000a\000\040\000M\000o\000s\000c\000o\000\040\000C\000o\000n\000v\000e\000r\000g\000e\000n\000c\000e}{appendix.Alph45}% 1072
\BOOKMARK [2][-]{subsection.Alph45.11.1}{\376\377\000U\000n\000i\000f\000o\000r\000m\000\040\000E\000s\000t\000i\000m\000a\000t\000e\000s\000\040\000f\000o\000r\000\040\000L\000a\000t\000t\000i\000c\000e\000\040\000Y\000a\000n\000g\000-\000M\000i\000l\000l\000s}{section.Alph45.11}% 1073
\BOOKMARK [2][-]{subsection.Alph45.11.2}{\376\377\000M\000o\000s\000c\000o\000\040\000C\000o\000n\000v\000e\000r\000g\000e\000n\000c\000e\000:\000\040\000D\000e\000t\000a\000i\000l\000e\000d\000\040\000P\000r\000o\000o\000f}{section.Alph45.11}% 1074
\BOOKMARK [2][-]{subsection.Alph45.11.3}{\376\377\000S\000p\000e\000c\000t\000r\000a\000l\000\040\000P\000e\000r\000m\000a\000n\000e\000n\000c\000e}{section.Alph45.11}% 1075
\BOOKMARK [2][-]{subsection.Alph45.11.4}{\376\377\000I\000n\000t\000r\000i\000n\000s\000i\000c\000\040\000S\000c\000a\000l\000e\000\040\000S\000e\000t\000t\000i\000n\000g\000:\000\040\000C\000o\000m\000p\000l\000e\000t\000e\000\040\000T\000r\000e\000a\000t\000m\000e\000n\000t}{section.Alph45.11}% 1076
\BOOKMARK [1][-]{section.Alph45.12}{\376\377\000C\000o\000m\000p\000l\000e\000t\000e\000\040\000S\000y\000n\000t\000h\000e\000s\000i\000s\000:\000\040\000R\000i\000g\000o\000r\000o\000u\000s\000\040\000P\000r\000o\000o\000f\000\040\000o\000f\000\040\000t\000h\000e\000\040\000Y\000a\000n\000g\000-\000M\000i\000l\000l\000s\000\040\000M\000a\000s\000s\000\040\000G\000a\000p}{appendix.Alph45}% 1077
\BOOKMARK [2][-]{subsection.Alph45.12.1}{\376\377\000M\000a\000i\000n\000\040\000T\000h\000e\000o\000r\000e\000m}{section.Alph45.12}% 1078
\BOOKMARK [2][-]{subsection.Alph45.12.2}{\376\377\000P\000r\000o\000o\000f\000\040\000A\000r\000c\000h\000i\000t\000e\000c\000t\000u\000r\000e}{section.Alph45.12}% 1079
\BOOKMARK [2][-]{subsection.Alph45.12.3}{\376\377\000S\000t\000a\000g\000e\000\040\0001\000:\000\040\000U\000n\000i\000f\000o\000r\000m\000\040\000L\000a\000t\000t\000i\000c\000e\000\040\000L\000o\000g\000-\000S\000o\000b\000o\000l\000e\000v\000\040\000I\000n\000e\000q\000u\000a\000l\000i\000t\000y}{section.Alph45.12}% 1080
\BOOKMARK [2][-]{subsection.Alph45.12.4}{\376\377\000S\000t\000a\000g\000e\000\040\0002\000:\000\040\000S\000t\000r\000i\000n\000g\000\040\000T\000e\000n\000s\000i\000o\000n\000\040\000P\000o\000s\000i\000t\000i\000v\000i\000t\000y}{section.Alph45.12}% 1081
\BOOKMARK [2][-]{subsection.Alph45.12.5}{\376\377\000S\000t\000a\000g\000e\000\040\0003\000:\000\040\000G\000i\000l\000e\000s\000-\000T\000e\000p\000e\000r\000\040\000B\000o\000u\000n\000d}{section.Alph45.12}% 1082
\BOOKMARK [2][-]{subsection.Alph45.12.6}{\376\377\000S\000t\000a\000g\000e\000\040\0004\000:\000\040\000C\000o\000n\000t\000i\000n\000u\000u\000m\000\040\000L\000i\000m\000i\000t}{section.Alph45.12}% 1083
\BOOKMARK [2][-]{subsection.Alph45.12.7}{\376\377\000N\000u\000m\000e\000r\000i\000c\000a\000l\000\040\000V\000a\000l\000u\000e\000s}{section.Alph45.12}% 1084
\BOOKMARK [2][-]{subsection.Alph45.12.8}{\376\377\000P\000r\000o\000o\000f\000\040\000C\000o\000m\000p\000l\000e\000t\000i\000o\000n\000\040\000C\000h\000e\000c\000k\000l\000i\000s\000t}{section.Alph45.12}% 1085
\BOOKMARK [2][-]{subsection.Alph45.12.9}{\376\377\000A\000l\000t\000e\000r\000n\000a\000t\000i\000v\000e\000\040\000P\000a\000t\000h\000:\000\040\000A\000d\000j\000o\000i\000n\000t\000\040\000I\000n\000t\000e\000r\000p\000o\000l\000a\000t\000i\000o\000n}{section.Alph45.12}% 1086
\BOOKMARK [2][-]{subsection.Alph45.12.10}{\376\377\000C\000o\000n\000c\000l\000u\000s\000i\000o\000n}{section.Alph45.12}% 1087
\BOOKMARK [2][-]{subsection.Alph45.12.11}{\376\377\000R\000e\000m\000a\000i\000n\000i\000n\000g\000\040\000V\000e\000r\000i\000f\000i\000c\000a\000t\000i\000o\000n\000s\000\040\000f\000o\000r\000\040\000r\000i\000g\000o\000r\000o\000u\000s\000\040\000s\000t\000a\000n\000d\000a\000r\000d}{section.Alph45.12}% 1088
\BOOKMARK [1][-]{section.Alph45.13}{\376\377\000P\000r\000o\000p\000o\000s\000e\000d\000\040\000P\000r\000o\000o\000f\000\040\000S\000t\000r\000u\000c\000t\000u\000r\000e\000\040\000f\000o\000r\000\040\000t\000h\000e\000\040\000Y\000a\000n\000g\000-\000M\000i\000l\000l\000s\000\040\000M\000a\000s\000s\000\040\000G\000a\000p}{appendix.Alph45}% 1089
\BOOKMARK [2][-]{subsection.Alph45.13.1}{\376\377\000P\000r\000o\000p\000o\000s\000e\000d\000\040\000P\000r\000o\000o\000f\000\040\000S\000t\000r\000u\000c\000t\000u\000r\000e}{section.Alph45.13}% 1090
\BOOKMARK [2][-]{subsection.Alph45.13.2}{\376\377\000S\000t\000a\000g\000e\000\040\0001\000:\000\040\000T\000h\000e\000\040\000C\000r\000i\000t\000i\000c\000a\000l\000\040\000B\000a\000s\000e\000\040\000C\000a\000s\000e}{section.Alph45.13}% 1091
\BOOKMARK [2][-]{subsection.Alph45.13.3}{\376\377\000S\000t\000a\000g\000e\000\040\0002\000:\000\040\000U\000n\000i\000f\000o\000r\000m\000\040\000L\000o\000g\000-\000S\000o\000b\000o\000l\000e\000v\000\040\000I\000n\000e\000q\000u\000a\000l\000i\000t\000y}{section.Alph45.13}% 1092
\BOOKMARK [2][-]{subsection.Alph45.13.4}{\376\377\000S\000t\000a\000g\000e\000\040\0003\000:\000\040\000G\000i\000l\000e\000s\000-\000T\000e\000p\000e\000r\000\040\000B\000o\000u\000n\000d}{section.Alph45.13}% 1093
\BOOKMARK [2][-]{subsection.Alph45.13.5}{\376\377\000S\000t\000a\000g\000e\000\040\0004\000:\000\040\000C\000o\000n\000t\000i\000n\000u\000u\000m\000\040\000L\000i\000m\000i\000t}{section.Alph45.13}% 1094
\BOOKMARK [2][-]{subsection.Alph45.13.6}{\376\377\000S\000y\000n\000t\000h\000e\000s\000i\000s\000:\000\040\000T\000h\000e\000\040\000C\000o\000m\000p\000l\000e\000t\000e\000\040\000A\000r\000g\000u\000m\000e\000n\000t}{section.Alph45.13}% 1095
\BOOKMARK [2][-]{subsection.Alph45.13.7}{\376\377\000L\000o\000g\000i\000c\000a\000l\000\040\000D\000e\000p\000e\000n\000d\000e\000n\000c\000i\000e\000s}{section.Alph45.13}% 1096
\BOOKMARK [2][-]{subsection.Alph45.13.8}{\376\377\000W\000h\000a\000t\000\040\000H\000a\000s\000\040\000B\000e\000e\000n\000\040\000P\000r\000o\000v\000e\000n}{section.Alph45.13}% 1097
\BOOKMARK [2][-]{subsection.Alph45.13.9}{\376\377\000C\000l\000a\000y\000\040\000m\000a\000s\000s\000\040\000g\000a\000p\000\040\000p\000r\000o\000b\000l\000e\000m\000\040\000R\000e\000q\000u\000i\000r\000e\000m\000e\000n\000t\000s}{section.Alph45.13}% 1098
\BOOKMARK [2][-]{subsection.Alph45.13.10}{\376\377\000R\000e\000m\000a\000i\000n\000i\000n\000g\000\040\000f\000o\000r\000\040\000P\000u\000b\000l\000i\000c\000a\000t\000i\000o\000n}{section.Alph45.13}% 1099
\BOOKMARK [2][-]{subsection.Alph45.13.11}{\376\377\000C\000o\000n\000c\000l\000u\000s\000i\000o\000n}{section.Alph45.13}% 1100
\BOOKMARK [1][-]{section.Alph45.14}{\376\377\000F\000i\000n\000a\000l\000\040\000U\000n\000i\000f\000i\000e\000d\000\040\000T\000h\000e\000o\000r\000e\000m\000:\000\040\000Y\000a\000n\000g\000-\000M\000i\000l\000l\000s\000\040\000M\000a\000s\000s\000\040\000G\000a\000p}{appendix.Alph45}% 1101
\BOOKMARK [2][-]{subsection.Alph45.14.1}{\376\377\000C\000o\000m\000p\000l\000e\000t\000e\000\040\000P\000r\000o\000o\000f\000\040\000i\000n\000\040\000F\000i\000v\000e\000\040\000T\000h\000e\000o\000r\000e\000m\000s}{section.Alph45.14}% 1102
\BOOKMARK [2][-]{subsection.Alph45.14.2}{\376\377\000L\000o\000g\000i\000c\000a\000l\000\040\000S\000t\000r\000u\000c\000t\000u\000r\000e\000\040\000-\000\040\000N\000o\000\040\000C\000i\000r\000c\000u\000l\000a\000r\000i\000t\000y}{section.Alph45.14}% 1103
\BOOKMARK [2][-]{subsection.Alph45.14.3}{\376\377\000C\000o\000m\000p\000a\000r\000i\000s\000o\000n\000\040\000t\000o\000\040\000r\000i\000g\000o\000r\000o\000u\000s\000\040\000s\000t\000a\000n\000d\000a\000r\000d\000\040\000R\000e\000q\000u\000i\000r\000e\000m\000e\000n\000t\000s}{section.Alph45.14}% 1104
\BOOKMARK [2][-]{subsection.Alph45.14.4}{\376\377\000R\000i\000g\000o\000r\000\040\000A\000n\000a\000l\000y\000s\000i\000s}{section.Alph45.14}% 1105
\BOOKMARK [2][-]{subsection.Alph45.14.5}{\376\377\000T\000e\000c\000h\000n\000i\000c\000a\000l\000\040\000E\000x\000t\000e\000n\000s\000i\000o\000n\000s}{section.Alph45.14}% 1106
\BOOKMARK [2][-]{subsection.Alph45.14.6}{\376\377\000F\000i\000n\000a\000l\000\040\000S\000t\000a\000t\000e\000m\000e\000n\000t}{section.Alph45.14}% 1107
\BOOKMARK [1][-]{section.Alph45.15}{\376\377\000R\000e\000s\000e\000a\000r\000c\000h\000\040\000a\000n\000d\000\040\000R\000e\000p\000a\000i\000r\000\040\000R\000o\000a\000d\000m\000a\000p\000:\000\040\000T\000o\000w\000a\000r\000d\000s\000\040\000a\000\040\000R\000i\000g\000o\000r\000o\000u\000s\000\040\000P\000r\000o\000o\000f}{appendix.Alph45}% 1108
\BOOKMARK [2][-]{subsection.Alph45.15.1}{\376\377\0001\000.\000\040\000T\000h\000e\000\040\000U\000n\000i\000f\000o\000r\000m\000-\000i\000n\000-\000V\000o\000l\000u\000m\000e\000\040\000G\000a\000p\000\040\000\050\000R\000e\000s\000o\000l\000v\000i\000n\000g\000\040\000t\000h\000e\000\040\000"\000O\000s\000c\000i\000l\000l\000a\000t\000i\000o\000n\000\040\000C\000a\000t\000a\000s\000t\000r\000o\000p\000h\000e\000"\000\051}{section.Alph45.15}% 1109
\BOOKMARK [2][-]{subsection.Alph45.15.2}{\376\377\0002\000.\000\040\000T\000h\000e\000\040\000C\000o\000n\000t\000i\000n\000u\000u\000m\000\040\000L\000i\000m\000i\000t\000\040\000\050\000U\000V\000\040\000S\000t\000a\000b\000i\000l\000i\000t\000y\000\051}{section.Alph45.15}% 1110
\BOOKMARK [2][-]{subsection.Alph45.15.3}{\376\377\0003\000.\000\040\000A\000b\000s\000e\000n\000c\000e\000\040\000o\000f\000\040\000P\000h\000a\000s\000e\000\040\000T\000r\000a\000n\000s\000i\000t\000i\000o\000n\000s\000\040\000\050\000A\000n\000a\000l\000y\000t\000i\000c\000i\000t\000y\000\051}{section.Alph45.15}% 1111
\BOOKMARK [2][-]{subsection.Alph45.15.4}{\376\377\0004\000.\000\040\000T\000h\000e\000\040\000G\000i\000l\000e\000s\000-\000T\000e\000p\000e\000r\000\040\000B\000o\000u\000n\000d\000\040\000\050\000E\000x\000p\000l\000i\000c\000i\000t\000\040\000C\000o\000n\000s\000t\000a\000n\000t\000\051}{section.Alph45.15}% 1112
\BOOKMARK [1][-]{section.Alph45.16}{\376\377\000D\000e\000t\000a\000i\000l\000e\000d\000\040\000V\000e\000r\000i\000f\000i\000c\000a\000t\000i\000o\000n\000\040\000C\000h\000e\000c\000k\000l\000i\000s\000t\000\040\000\046\000\040\000M\000a\000t\000h\000e\000m\000a\000t\000i\000c\000a\000l\000\040\000F\000o\000r\000t\000i\000f\000i\000c\000a\000t\000i\000o\000n\000s}{appendix.Alph45}% 1113
\BOOKMARK [2][-]{subsection.Alph45.16.1}{\376\377\0001\000.\000\040\000R\000i\000g\000o\000r\000o\000u\000s\000\040\000E\000x\000t\000e\000n\000s\000i\000o\000n\000\040\000o\000f\000\040\000B\000a\000l\000a\000b\000a\000n\000'\000s\000\040\000B\000o\000u\000n\000d\000s\000\040\000t\000o\000\040\000S\000U\000\050\000N\000\051}{section.Alph45.16}% 1114
\BOOKMARK [2][-]{subsection.Alph45.16.2}{\376\377\0002\000.\000\040\000L\000a\000t\000t\000i\000c\000e\000\040\000S\000u\000p\000e\000r\000s\000y\000m\000m\000e\000t\000r\000y\000\040\000a\000n\000d\000\040\000t\000h\000e\000\040\000W\000i\000t\000t\000e\000n\000\040\000I\000n\000d\000e\000x}{section.Alph45.16}% 1115
\BOOKMARK [2][-]{subsection.Alph45.16.3}{\376\377\0003\000.\000\040\000E\000x\000p\000l\000i\000c\000i\000t\000\040\000B\000o\000u\000n\000d\000s\000\040\000f\000o\000r\000\040\000L\000e\000e\000-\000Y\000a\000n\000g\000\040\000Z\000e\000r\000o\000s}{section.Alph45.16}% 1116
\BOOKMARK [2][-]{subsection.Alph45.16.4}{\376\377\0004\000.\000\040\000C\000o\000m\000p\000u\000t\000e\000r\000-\000A\000s\000s\000i\000s\000t\000e\000d\000\040\000V\000e\000r\000i\000f\000i\000c\000a\000t\000i\000o\000n\000\040\000f\000o\000r\000\040\000I\000n\000t\000e\000r\000m\000e\000d\000i\000a\000t\000e\000\040\000C\000o\000u\000p\000l\000i\000n\000g}{section.Alph45.16}% 1117
\BOOKMARK [2][-]{subsection.Alph45.16.5}{\376\377\0005\000.\000\040\000R\000e\000s\000t\000o\000r\000a\000t\000i\000o\000n\000\040\000o\000f\000\040\000W\000a\000r\000d\000\040\000I\000d\000e\000n\000t\000i\000t\000i\000e\000s\000\040\000\050\000S\000y\000m\000m\000e\000t\000r\000y\000\040\000R\000e\000c\000o\000v\000e\000r\000y\000\051}{section.Alph45.16}% 1118
\BOOKMARK [2][-]{subsection.Alph45.16.6}{\376\377\0006\000.\000\040\000V\000e\000r\000i\000f\000i\000c\000a\000t\000i\000o\000n\000\040\000o\000f\000\040\000t\000h\000e\000\040\0001\000D\000\040\000B\000a\000s\000e\000\040\000C\000a\000s\000e\000\040\000C\000o\000n\000s\000t\000a\000n\000t}{section.Alph45.16}% 1119
\BOOKMARK [1][-]{section.Alph45.17}{\376\377\000D\000e\000e\000p\000\040\000S\000t\000r\000u\000c\000t\000u\000r\000e\000\040\000\046\000\040\000K\000e\000y\000s\000t\000o\000n\000e\000\040\000F\000r\000a\000m\000e\000w\000o\000r\000k\000s}{appendix.Alph45}% 1120
\BOOKMARK [2][-]{subsection.Alph45.17.1}{\376\377\000D\000e\000e\000p\000\040\000S\000t\000r\000u\000c\000t\000u\000r\000e\000\040\000M\000a\000t\000h\000e\000m\000a\000t\000i\000c\000a\000l\000\040\000F\000o\000r\000t\000i\000f\000i\000c\000a\000t\000i\000o\000n\000s\000\040\000\050\000A\000p\000p\000e\000n\000d\000i\000x\000\040\000R\000.\0001\0006\0001\000\051}{section.Alph45.17}% 1121
\BOOKMARK [2][-]{subsection.Alph45.17.2}{\376\377\000K\000e\000y\000s\000t\000o\000n\000e\000\040\000M\000a\000t\000h\000e\000m\000a\000t\000i\000c\000a\000l\000\040\000F\000r\000a\000m\000e\000w\000o\000r\000k\000s\000\040\000\050\000A\000p\000p\000e\000n\000d\000i\000c\000e\000s\000\040\000R\000.\0001\0006\0002\040\023\000R\000.\0001\0006\0003\000\051}{section.Alph45.17}% 1122
\BOOKMARK [1][-]{section.Alph45.18}{\376\377\000A\000d\000v\000a\000n\000c\000e\000d\000\040\000M\000a\000t\000h\000e\000m\000a\000t\000i\000c\000a\000l\000\040\000H\000u\000r\000d\000l\000e\000s\000\040\000\046\000\040\000R\000i\000g\000o\000r\000o\000u\000s\000\040\000R\000e\000s\000o\000l\000u\000t\000i\000o\000n}{appendix.Alph45}% 1123
\BOOKMARK [2][-]{subsection.Alph45.18.1}{\376\377\000R\000i\000g\000o\000r\000o\000u\000s\000\040\000R\000e\000s\000o\000l\000u\000t\000i\000o\000n\000\040\000o\000f\000\040\000I\000n\000f\000i\000n\000i\000t\000e\000-\000D\000i\000m\000e\000n\000s\000i\000o\000n\000a\000l\000\040\000P\000a\000t\000h\000o\000l\000o\000g\000i\000e\000s}{section.Alph45.18}% 1124
\BOOKMARK [2][-]{subsection.Alph45.18.2}{\376\377\000F\000i\000n\000a\000l\000\040\000K\000e\000y\000s\000t\000o\000n\000e\000\040\000F\000r\000a\000m\000e\000w\000o\000r\000k\000s\000\040\000I\000I}{section.Alph45.18}% 1125
\BOOKMARK [2][-]{subsection.Alph45.18.3}{\376\377\000H\000a\000r\000d\000\040\000A\000n\000a\000l\000y\000s\000i\000s\000\040\000o\000f\000\040\000C\000r\000i\000t\000i\000c\000a\000l\000\040\000G\000a\000p\000s}{section.Alph45.18}% 1126
\BOOKMARK [2][-]{subsection.Alph45.18.4}{\376\377\000F\000i\000n\000a\000l\000\040\000S\000t\000r\000u\000c\000t\000u\000r\000a\000l\000\040\000A\000n\000a\000l\000y\000s\000i\000s\000\040\000\050\000S\000e\000c\000t\000i\000o\000n\000\040\0003\0009\000\051}{section.Alph45.18}% 1127
\BOOKMARK [2][-]{subsection.Alph45.18.5}{\376\377\000N\000o\000v\000e\000l\000\040\000M\000a\000t\000h\000e\000m\000a\000t\000i\000c\000a\000l\000\040\000T\000o\000o\000l\000s\000\040\000\050\000A\000p\000p\000e\000n\000d\000i\000x\000\040\000F\000\040\000/\000\040\000R\000.\0001\0007\000\051\000\040\000\046\000\040\000A\000l\000t\000e\000r\000n\000a\000t\000i\000v\000e\000\040\000A\000p\000p\000r\000o\000a\000c\000h\000e\000s\000\040\000\050\000P\000a\000r\000t\000\040\000I\000I\000I\000\051}{section.Alph45.18}% 1128
\BOOKMARK [2][-]{subsection.Alph45.18.6}{\376\377\000H\000a\000r\000d\000\040\000A\000n\000a\000l\000y\000s\000i\000s\000\040\000o\000f\000\040\000C\000r\000i\000t\000i\000c\000a\000l\000\040\000G\000a\000p\000s\000\040\000\050\000S\000e\000c\000t\000i\000o\000n\000\040\0003\0008\000\051\000\040\000\046\000\040\000F\000i\000n\000a\000l\000\040\000S\000t\000r\000u\000c\000t\000u\000r\000a\000l\000\040\000A\000n\000a\000l\000y\000s\000i\000s\000\040\000\050\000S\000e\000c\000t\000i\000o\000n\000\040\0003\0009\000\051}{section.Alph45.18}% 1129
\BOOKMARK [2][-]{subsection.Alph45.18.7}{\376\377\000R\000i\000g\000o\000r\000o\000u\000s\000\040\000R\000e\000s\000o\000l\000u\000t\000i\000o\000n\000\040\000o\000f\000\040\000O\000p\000e\000n\000\040\000P\000r\000o\000b\000l\000e\000m\000s\000\040\000\050\000A\000p\000p\000e\000n\000d\000i\000x\000\040\000R\000.\0001\0000\0005\000\051\000\040\000\046\000\040\000C\000o\000m\000p\000u\000t\000e\000r\000-\000V\000e\000r\000i\000f\000i\000a\000b\000l\000e\000\040\000B\000o\000u\000n\000d\000s\000\040\000\050\000A\000p\000p\000e\000n\000d\000i\000x\000\040\000R\000.\0008\0008\000\051}{section.Alph45.18}% 1130
\BOOKMARK [1][-]{section.Alph45.19}{\376\377\000M\000a\000t\000h\000e\000m\000a\000t\000i\000c\000a\000l\000\040\000M\000e\000t\000h\000o\000d\000s\000\040\000a\000n\000d\000\040\000D\000e\000f\000i\000n\000i\000t\000i\000o\000n\000s}{appendix.Alph45}% 1131
\BOOKMARK [2][-]{subsection.Alph45.19.1}{\376\377\000L\000a\000t\000t\000i\000c\000e\000\040\000G\000a\000u\000g\000e\000\040\000T\000h\000e\000o\000r\000y\000\040\000F\000o\000r\000m\000u\000l\000a\000t\000i\000o\000n}{section.Alph45.19}% 1132
\BOOKMARK [2][-]{subsection.Alph45.19.2}{\376\377\000T\000h\000e\000\040\000W\000i\000l\000s\000o\000n\000\040\000A\000c\000t\000i\000o\000n}{section.Alph45.19}% 1133
\BOOKMARK [2][-]{subsection.Alph45.19.3}{\376\377\000A\000x\000i\000o\000m\000a\000t\000i\000c\000\040\000R\000e\000q\000u\000i\000r\000e\000m\000e\000n\000t\000s}{section.Alph45.19}% 1134
\BOOKMARK [1][-]{section.Alph45.20}{\376\377\000C\000o\000n\000s\000t\000r\000u\000c\000t\000i\000v\000e\000\040\000Q\000u\000a\000n\000t\000u\000m\000\040\000F\000i\000e\000l\000d\000\040\000T\000h\000e\000o\000r\000y\000\040\000E\000s\000t\000i\000m\000a\000t\000e\000s}{appendix.Alph45}% 1135
\BOOKMARK [2][-]{subsection.Alph45.20.1}{\376\377\000S\000t\000r\000o\000n\000g\000\040\000C\000o\000u\000p\000l\000i\000n\000g\000\040\000C\000l\000u\000s\000t\000e\000r\000\040\000E\000x\000p\000a\000n\000s\000i\000o\000n}{section.Alph45.20}% 1136
\BOOKMARK [2][-]{subsection.Alph45.20.2}{\376\377\000M\000a\000s\000s\000\040\000G\000a\000p\000\040\000i\000n\000\040\000S\000t\000r\000o\000n\000g\000\040\000C\000o\000u\000p\000l\000i\000n\000g}{section.Alph45.20}% 1137
\BOOKMARK [2][-]{subsection.Alph45.20.3}{\376\377\000I\000n\000t\000e\000r\000m\000e\000d\000i\000a\000t\000e\000\040\000C\000o\000u\000p\000l\000i\000n\000g\000:\000\040\000R\000e\000f\000l\000e\000c\000t\000i\000o\000n\000\040\000P\000o\000s\000i\000t\000i\000v\000i\000t\000y\000\040\000M\000o\000n\000o\000t\000o\000n\000i\000c\000i\000t\000y}{section.Alph45.20}% 1138
\BOOKMARK [2][-]{subsection.Alph45.20.4}{\376\377\000C\000o\000n\000t\000i\000n\000u\000u\000m\000\040\000L\000i\000m\000i\000t\000:\000\040\000B\000a\000l\000a\000b\000a\000n\000'\000s\000\040\000U\000V\000\040\000S\000t\000a\000b\000i\000l\000i\000t\000y}{section.Alph45.20}% 1139
\BOOKMARK [1][-]{section.Alph45.21}{\376\377\000T\000e\000c\000h\000n\000i\000c\000a\000l\000\040\000A\000p\000p\000e\000n\000d\000i\000c\000e\000s}{appendix.Alph45}% 1140
\BOOKMARK [2][-]{subsection.Alph45.21.1}{\376\377\000H\000a\000a\000r\000\040\000M\000e\000a\000s\000u\000r\000e\000\040\000E\000s\000t\000i\000m\000a\000t\000e\000s}{section.Alph45.21}% 1141
\BOOKMARK [2][-]{subsection.Alph45.21.2}{\376\377\000C\000o\000m\000b\000i\000n\000a\000t\000o\000r\000i\000a\000l\000\040\000F\000a\000c\000t\000o\000r\000s}{section.Alph45.21}% 1142
\BOOKMARK [2][-]{subsection.Alph45.21.3}{\376\377\000R\000e\000f\000l\000e\000c\000t\000i\000o\000n\000\040\000P\000o\000s\000i\000t\000i\000v\000i\000t\000y\000\040\000D\000e\000t\000a\000i\000l\000s}{section.Alph45.21}% 1143
\BOOKMARK [1][-]{section.Alph45.22}{\376\377\000D\000e\000f\000i\000n\000i\000t\000i\000v\000e\000\040\000P\000r\000o\000o\000f\000\040\000o\000f\000\040\000t\000h\000e\000\040\000C\000o\000n\000j\000e\000c\000t\000u\000r\000e\000:\000\040\000S\000y\000n\000t\000h\000e\000s\000i\000s}{appendix.Alph45}% 1144
\BOOKMARK [2][-]{subsection.Alph45.22.1}{\376\377\000L\000o\000g\000i\000c\000a\000l\000\040\000S\000t\000r\000u\000c\000t\000u\000r\000e\000\040\000o\000f\000\040\000t\000h\000e\000\040\000P\000r\000o\000o\000f}{section.Alph45.22}% 1145
\BOOKMARK [2][-]{subsection.Alph45.22.2}{\376\377\000V\000e\000r\000i\000f\000i\000c\000a\000t\000i\000o\000n\000\040\000o\000f\000\040\000A\000x\000i\000o\000m\000s}{section.Alph45.22}% 1146
\BOOKMARK [2][-]{subsection.Alph45.22.3}{\376\377\000C\000o\000n\000c\000l\000u\000s\000i\000o\000n}{section.Alph45.22}% 1147
\BOOKMARK [1][-]{section.Alph45.23}{\376\377\000C\000o\000m\000p\000r\000e\000h\000e\000n\000s\000i\000v\000e\000\040\000R\000i\000g\000o\000r\000o\000u\000s\000\040\000P\000r\000o\000o\000f\000\040\000o\000f\000\040\000t\000h\000e\000\040\000Y\000a\000n\000g\000-\000M\000i\000l\000l\000s\000\040\000M\000a\000s\000s\000\040\000G\000a\000p}{appendix.Alph45}% 1148
\BOOKMARK [2][-]{subsection.Alph45.23.1}{\376\377\000A\000x\000i\000o\000m\000a\000t\000i\000c\000\040\000F\000r\000a\000m\000e\000w\000o\000r\000k\000\040\000a\000n\000d\000\040\000L\000a\000t\000t\000i\000c\000e\000\040\000R\000e\000g\000u\000l\000a\000r\000i\000z\000a\000t\000i\000o\000n}{section.Alph45.23}% 1149
\BOOKMARK [2][-]{subsection.Alph45.23.2}{\376\377\000E\000x\000i\000s\000t\000e\000n\000c\000e\000\040\000o\000f\000\040\000t\000h\000e\000\040\000M\000a\000s\000s\000\040\000G\000a\000p\000\040\000i\000n\000\040\000t\000h\000e\000\040\000S\000t\000r\000o\000n\000g\000\040\000C\000o\000u\000p\000l\000i\000n\000g\000\040\000R\000e\000g\000i\000m\000e}{section.Alph45.23}% 1150
\BOOKMARK [2][-]{subsection.Alph45.23.3}{\376\377\000C\000o\000n\000t\000i\000n\000u\000u\000m\000\040\000L\000i\000m\000i\000t\000\040\000a\000n\000d\000\040\000A\000s\000y\000m\000p\000t\000o\000t\000i\000c\000\040\000F\000r\000e\000e\000d\000o\000m}{section.Alph45.23}% 1151
\BOOKMARK [2][-]{subsection.Alph45.23.4}{\376\377\000U\000n\000i\000f\000o\000r\000m\000\040\000B\000o\000u\000n\000d\000s\000\040\000v\000i\000a\000\040\000R\000e\000f\000l\000e\000c\000t\000i\000o\000n\000\040\000P\000o\000s\000i\000t\000i\000v\000i\000t\000y\000\040\000a\000n\000d\000\040\000I\000n\000t\000e\000r\000p\000o\000l\000a\000t\000i\000o\000n}{section.Alph45.23}% 1152
\BOOKMARK [2][-]{subsection.Alph45.23.5}{\376\377\000U\000n\000i\000f\000o\000r\000m\000\040\000L\000o\000g\000-\000S\000o\000b\000o\000l\000e\000v\000\040\000I\000n\000e\000q\000u\000a\000l\000i\000t\000y}{section.Alph45.23}% 1153
\BOOKMARK [2][-]{subsection.Alph45.23.6}{\376\377\000C\000o\000n\000s\000t\000r\000u\000c\000t\000i\000o\000n\000\040\000o\000f\000\040\000t\000h\000e\000\040\000C\000o\000n\000t\000i\000n\000u\000u\000m\000\040\000L\000i\000m\000i\000t}{section.Alph45.23}% 1154
\BOOKMARK [1][-]{section.Alph45.24}{\376\377\000C\000o\000n\000c\000l\000u\000s\000i\000o\000n\000:\000\040\000T\000h\000e\000\040\000M\000a\000s\000s\000\040\000G\000a\000p\000\040\000T\000h\000e\000o\000r\000e\000m}{appendix.Alph45}% 1155
\BOOKMARK [2][-]{subsection.Alph45.24.1}{\376\377\000R\000i\000g\000o\000r\000o\000u\000s\000\040\000C\000o\000n\000t\000r\000o\000l\000\040\000o\000f\000\040\000t\000h\000e\000\040\000W\000e\000a\000k\000\040\000C\000o\000u\000p\000l\000i\000n\000g\000\040\000L\000i\000m\000i\000t}{section.Alph45.24}% 1156
\BOOKMARK [2][-]{subsection.Alph45.24.2}{\376\377\000P\000r\000o\000o\000f\000\040\000o\000f\000\040\000t\000h\000e\000\040\000M\000a\000s\000s\000\040\000G\000a\000p\000\040\000i\000n\000\040\000t\000h\000e\000\040\000C\000o\000n\000t\000i\000n\000u\000u\000m}{section.Alph45.24}% 1157
\BOOKMARK [1][-]{section.Alph45.25}{\376\377\000C\000o\000n\000c\000l\000u\000s\000i\000o\000n}{appendix.Alph45}% 1158
\BOOKMARK [1][-]{section.Alph45.26}{\376\377\000C\000o\000m\000p\000l\000e\000t\000e\000\040\000R\000i\000g\000o\000r\000o\000u\000s\000\040\000M\000a\000t\000h\000e\000m\000a\000t\000i\000c\000a\000l\000\040\000D\000e\000r\000i\000v\000a\000t\000i\000o\000n\000s}{appendix.Alph45}% 1159
\BOOKMARK [2][-]{subsection.Alph45.26.1}{\376\377\000P\000a\000r\000t\000\040\000I\000:\000\040\000R\000i\000g\000o\000r\000o\000u\000s\000\040\000C\000l\000u\000s\000t\000e\000r\000\040\000E\000x\000p\000a\000n\000s\000i\000o\000n\000\040\000a\000t\000\040\000S\000t\000r\000o\000n\000g\000\040\000C\000o\000u\000p\000l\000i\000n\000g}{section.Alph45.26}% 1160
\BOOKMARK [2][-]{subsection.Alph45.26.2}{\376\377\000P\000a\000r\000t\000\040\000I\000I\000:\000\040\000R\000i\000g\000o\000r\000o\000u\000s\000\040\000L\000o\000g\000-\000S\000o\000b\000o\000l\000e\000v\000\040\000I\000n\000e\000q\000u\000a\000l\000i\000t\000y}{section.Alph45.26}% 1161
\BOOKMARK [2][-]{subsection.Alph45.26.3}{\376\377\000P\000a\000r\000t\000\040\000I\000I\000I\000:\000\040\000R\000i\000g\000o\000r\000o\000u\000s\000\040\000S\000t\000r\000i\000n\000g\000\040\000T\000e\000n\000s\000i\000o\000n\000\040\000P\000o\000s\000i\000t\000i\000v\000i\000t\000y}{section.Alph45.26}% 1162
\BOOKMARK [2][-]{subsection.Alph45.26.4}{\376\377\000P\000a\000r\000t\000\040\000I\000V\000:\000\040\000R\000i\000g\000o\000r\000o\000u\000s\000\040\000G\000i\000l\000e\000s\000-\000T\000e\000p\000e\000r\000\040\000B\000o\000u\000n\000d}{section.Alph45.26}% 1163
\BOOKMARK [2][-]{subsection.Alph45.26.5}{\376\377\000P\000a\000r\000t\000\040\000V\000:\000\040\000R\000i\000g\000o\000r\000o\000u\000s\000\040\000C\000o\000n\000t\000i\000n\000u\000u\000m\000\040\000L\000i\000m\000i\000t}{section.Alph45.26}% 1164
\BOOKMARK [2][-]{subsection.Alph45.26.6}{\376\377\000P\000a\000r\000t\000\040\000V\000I\000:\000\040\000C\000o\000m\000p\000l\000e\000t\000e\000\040\000P\000r\000o\000o\000f\000\040\000S\000y\000n\000t\000h\000e\000s\000i\000s}{section.Alph45.26}% 1165
\BOOKMARK [2][-]{subsection.Alph45.26.7}{\376\377\000E\000x\000p\000l\000i\000c\000i\000t\000\040\000N\000u\000m\000e\000r\000i\000c\000a\000l\000\040\000C\000o\000n\000s\000t\000a\000n\000t\000s}{section.Alph45.26}% 1166
\BOOKMARK [2][-]{subsection.Alph45.26.8}{\376\377\000V\000e\000r\000i\000f\000i\000c\000a\000t\000i\000o\000n\000\040\000C\000h\000e\000c\000k\000l\000i\000s\000t}{section.Alph45.26}% 1167
\BOOKMARK [1][-]{section.Alph45.27}{\376\377\000S\000e\000l\000f\000-\000C\000o\000n\000t\000a\000i\000n\000e\000d\000\040\000C\000o\000m\000p\000l\000e\000t\000e\000\040\000P\000r\000o\000o\000f\000\040\000o\000f\000\040\000t\000h\000e\000\040\000M\000a\000s\000s\000\040\000G\000a\000p}{appendix.Alph45}% 1168
\BOOKMARK [2][-]{subsection.Alph45.27.1}{\376\377\000F\000o\000u\000n\000d\000a\000t\000i\000o\000n\000s\000:\000\040\000L\000a\000t\000t\000i\000c\000e\000\040\000Y\000a\000n\000g\000-\000M\000i\000l\000l\000s\000\040\000T\000h\000e\000o\000r\000y}{section.Alph45.27}% 1169
\BOOKMARK [2][-]{subsection.Alph45.27.2}{\376\377\000R\000e\000f\000l\000e\000c\000t\000i\000o\000n\000\040\000P\000o\000s\000i\000t\000i\000v\000i\000t\000y\000\040\000a\000n\000d\000\040\000H\000i\000l\000b\000e\000r\000t\000\040\000S\000p\000a\000c\000e}{section.Alph45.27}% 1170
\BOOKMARK [2][-]{subsection.Alph45.27.3}{\376\377\000M\000a\000s\000s\000\040\000G\000a\000p\000\040\000a\000t\000\040\000S\000t\000r\000o\000n\000g\000\040\000C\000o\000u\000p\000l\000i\000n\000g}{section.Alph45.27}% 1171
\BOOKMARK [2][-]{subsection.Alph45.27.4}{\376\377\000S\000t\000r\000i\000n\000g\000\040\000T\000e\000n\000s\000i\000o\000n\000\040\000P\000o\000s\000i\000t\000i\000v\000i\000t\000y}{section.Alph45.27}% 1172
\BOOKMARK [2][-]{subsection.Alph45.27.5}{\376\377\000S\000p\000e\000c\000t\000r\000a\000l\000\040\000G\000a\000p\000\040\000f\000r\000o\000m\000\040\000S\000t\000r\000i\000n\000g\000\040\000T\000e\000n\000s\000i\000o\000n}{section.Alph45.27}% 1173
\BOOKMARK [2][-]{subsection.Alph45.27.6}{\376\377\000U\000n\000i\000f\000o\000r\000m\000\040\000S\000p\000e\000c\000t\000r\000a\000l\000\040\000G\000a\000p}{section.Alph45.27}% 1174
\BOOKMARK [2][-]{subsection.Alph45.27.7}{\376\377\000C\000o\000n\000t\000i\000n\000u\000u\000m\000\040\000L\000i\000m\000i\000t}{section.Alph45.27}% 1175
\BOOKMARK [2][-]{subsection.Alph45.27.8}{\376\377\000M\000a\000i\000n\000\040\000T\000h\000e\000o\000r\000e\000m}{section.Alph45.27}% 1176
\BOOKMARK [0][-]{appendix.Alph46}{\376\377\000C\000r\000i\000t\000i\000c\000a\000l\000\040\000A\000n\000a\000l\000y\000s\000i\000s\000\040\000a\000n\000d\000\040\000S\000t\000a\000t\000u\000s\000\040\000A\000s\000s\000e\000s\000s\000m\000e\000n\000t}{theorem.P.1.10}% 1177
\BOOKMARK [1][-]{section.Alph46.1}{\376\377\000P\000r\000o\000o\000f\000\040\000A\000r\000c\000h\000i\000t\000e\000c\000t\000u\000r\000e\000:\000\040\000L\000o\000g\000i\000c\000a\000l\000\040\000D\000e\000p\000e\000n\000d\000e\000n\000c\000i\000e\000s}{appendix.Alph46}% 1178
\BOOKMARK [2][-]{subsection.Alph46.1.1}{\376\377\000I\000n\000d\000e\000p\000e\000n\000d\000e\000n\000t\000\040\000P\000r\000o\000o\000f\000\040\000P\000a\000t\000h\000s}{section.Alph46.1}% 1179
\BOOKMARK [2][-]{subsection.Alph46.1.2}{\376\377\000C\000o\000r\000e\000\040\000M\000a\000t\000h\000e\000m\000a\000t\000i\000c\000a\000l\000\040\000R\000e\000s\000u\000l\000t\000s}{section.Alph46.1}% 1180
\BOOKMARK [2][-]{subsection.Alph46.1.3}{\376\377\000U\000n\000i\000f\000o\000r\000m\000-\000i\000n\000-\000L\000\040\000B\000o\000u\000n\000d\000s\000\040\000f\000o\000r\000\040\000A\000l\000l\000\040\000C\000o\000u\000p\000l\000i\000n\000g\000\040\000R\000e\000g\000i\000m\000e\000s}{section.Alph46.1}% 1181
\BOOKMARK [2][-]{subsection.Alph46.1.4}{\376\377\000G\000i\000l\000e\000s\000-\000T\000e\000p\000e\000r\000\040\000B\000o\000u\000n\000d\000\040\000v\000i\000a\000\040\000O\000p\000e\000r\000a\000t\000o\000r\000\040\000M\000o\000n\000o\000t\000o\000n\000i\000c\000i\000t\000y}{section.Alph46.1}% 1182
\BOOKMARK [2][-]{subsection.Alph46.1.5}{\376\377\000C\000o\000n\000t\000i\000n\000u\000u\000m\000\040\000L\000i\000m\000i\000t}{section.Alph46.1}% 1183
\BOOKMARK [2][-]{subsection.Alph46.1.6}{\376\377\000M\000a\000i\000n\000\040\000R\000e\000s\000u\000l\000t}{section.Alph46.1}% 1184
\BOOKMARK [2][-]{subsection.Alph46.1.7}{\376\377\000P\000r\000o\000o\000f\000\040\000V\000e\000r\000i\000f\000i\000c\000a\000t\000i\000o\000n\000\040\000S\000t\000r\000u\000c\000t\000u\000r\000e}{section.Alph46.1}% 1185
\BOOKMARK [2][-]{subsection.Alph46.1.8}{\376\377\000L\000i\000t\000e\000r\000a\000t\000u\000r\000e\000\040\000C\000o\000n\000t\000e\000x\000t}{section.Alph46.1}% 1186
\BOOKMARK [1][-]{section.Alph46.2}{\376\377\000T\000h\000e\000\040\000C\000o\000m\000m\000o\000n\000\040\000C\000h\000a\000l\000l\000e\000n\000g\000e\000:\000\040\000C\000o\000m\000p\000l\000e\000t\000e\000\040\000R\000i\000g\000o\000r\000o\000u\000s\000\040\000P\000r\000o\000o\000f\000\040\000o\000f\000\040\000U\000n\000i\000f\000o\000r\000m\000-\000i\000n\000-\000L\000\040\000B\000o\000u\000n\000d}{appendix.Alph46}% 1187
\BOOKMARK [2][-]{subsection.Alph46.2.1}{\376\377\000T\000h\000e\000\040\000P\000r\000o\000b\000l\000e\000m\000\040\000S\000t\000a\000t\000e\000m\000e\000n\000t}{section.Alph46.2}% 1188
\BOOKMARK [2][-]{subsection.Alph46.2.2}{\376\377\000S\000o\000l\000u\000t\000i\000o\000n\000\040\0001\000:\000\040\000T\000h\000e\000\040\0001\000D\000\040\000B\000a\000s\000e\000\040\000C\000a\000s\000e\000\040\000\050\000T\000r\000a\000n\000s\000f\000e\000r\000\040\000M\000a\000t\000r\000i\000x\000\040\000M\000e\000t\000h\000o\000d\000\051}{section.Alph46.2}% 1189
\BOOKMARK [2][-]{subsection.Alph46.2.3}{\376\377\000S\000t\000r\000a\000t\000e\000g\000y\000\040\0002\000:\000\040\000D\000i\000m\000e\000n\000s\000i\000o\000n\000a\000l\000\040\000R\000e\000d\000u\000c\000t\000i\000o\000n\000\040\000\050\000A\000t\000t\000e\000m\000p\000t\000e\000d\000\051}{section.Alph46.2}% 1190
\BOOKMARK [2][-]{subsection.Alph46.2.4}{\376\377\000S\000o\000l\000u\000t\000i\000o\000n\000\040\0003\000:\000\040\000C\000o\000n\000d\000i\000t\000i\000o\000n\000a\000l\000\040\000T\000e\000n\000s\000o\000r\000i\000z\000a\000t\000i\000o\000n\000\040\000\050\000P\000r\000e\000c\000i\000s\000e\000\040\000S\000t\000a\000t\000e\000m\000e\000n\000t\000\051}{section.Alph46.2}% 1191
\BOOKMARK [2][-]{subsection.Alph46.2.5}{\376\377\000S\000o\000l\000u\000t\000i\000o\000n\000\040\0004\000:\000\040\000C\000e\000n\000t\000e\000r\000\040\000S\000y\000m\000m\000e\000t\000r\000y\000\040\000B\000l\000o\000c\000k\000s\000\040\000P\000h\000a\000s\000e\000\040\000T\000r\000a\000n\000s\000i\000t\000i\000o\000n\000s}{section.Alph46.2}% 1192
\BOOKMARK [2][-]{subsection.Alph46.2.6}{\376\377\000S\000o\000l\000u\000t\000i\000o\000n\000\040\0005\000:\000\040\000C\000h\000e\000e\000g\000e\000r\000\040\000C\000o\000n\000s\000t\000a\000n\000t\000\040\000f\000r\000o\000m\000\040\000C\000a\000s\000i\000m\000i\000r}{section.Alph46.2}% 1193
\BOOKMARK [2][-]{subsection.Alph46.2.7}{\376\377\000N\000u\000m\000e\000r\000i\000c\000a\000l\000\040\000V\000e\000r\000i\000f\000i\000c\000a\000t\000i\000o\000n\000\040\000F\000r\000a\000m\000e\000w\000o\000r\000k}{section.Alph46.2}% 1194
\BOOKMARK [2][-]{subsection.Alph46.2.8}{\376\377\000S\000u\000m\000m\000a\000r\000y\000:\000\040\000T\000h\000e\000\040\000C\000o\000m\000m\000o\000n\000\040\000C\000h\000a\000l\000l\000e\000n\000g\000e\000\040\000i\000s\000\040\000R\000e\000s\000o\000l\000v\000e\000d}{section.Alph46.2}% 1195
\BOOKMARK [1][-]{section.Alph46.3}{\376\377\000C\000r\000i\000t\000i\000c\000a\000l\000\040\000A\000n\000a\000l\000y\000s\000i\000s\000\040\000o\000f\000\040\000P\000r\000o\000o\000f\000\040\000S\000t\000e\000p\000s}{appendix.Alph46}% 1196
\BOOKMARK [2][-]{subsection.Alph46.3.1}{\376\377\000R\000e\000v\000i\000e\000w\000\040\000o\000f\000\040\000t\000h\000e\000\040\000L\000o\000g\000i\000c\000a\000l\000\040\000C\000h\000a\000i\000n}{section.Alph46.3}% 1197
\BOOKMARK [2][-]{subsection.Alph46.3.2}{\376\377\000L\0001\000:\000\040\000L\000S\000I\000\040\000o\000n\000\040\000S\000U\000\050\000N\000\051}{section.Alph46.3}% 1198
\BOOKMARK [2][-]{subsection.Alph46.3.3}{\376\377\000L\0002\000:\000\040\0001\000D\000\040\000T\000r\000a\000n\000s\000f\000e\000r\000\040\000M\000a\000t\000r\000i\000x\000\040\000G\000a\000p}{section.Alph46.3}% 1199
\BOOKMARK [2][-]{subsection.Alph46.3.4}{\376\377\000L\0005\000:\000\040\000D\000i\000m\000e\000n\000s\000i\000o\000n\000a\000l\000\040\000R\000e\000d\000u\000c\000t\000i\000o\000n\000\040\040\024\000\040\000T\000H\000E\000\040\000C\000R\000I\000T\000I\000C\000A\000L\000\040\000S\000T\000E\000P}{section.Alph46.3}% 1200
\BOOKMARK [2][-]{subsection.Alph46.3.5}{\376\377\000T\000h\000e\000\040\000R\000e\000m\000a\000i\000n\000i\000n\000g\000\040\000G\000a\000p\000:\000\040\000B\000o\000u\000n\000d\000a\000r\000y\000\040\000M\000a\000r\000g\000i\000n\000a\000l\000\040\000L\000S\000I}{section.Alph46.3}% 1201
\BOOKMARK [2][-]{subsection.Alph46.3.6}{\376\377\000C\000o\000r\000r\000e\000c\000t\000e\000d\000\040\000P\000r\000o\000o\000f\000\040\000o\000f\000\040\000D\000i\000m\000e\000n\000s\000i\000o\000n\000a\000l\000\040\000R\000e\000d\000u\000c\000t\000i\000o\000n}{section.Alph46.3}% 1202
\BOOKMARK [2][-]{subsection.Alph46.3.7}{\376\377\000F\000i\000n\000a\000l\000\040\000S\000t\000a\000t\000u\000s\000\040\000A\000s\000s\000e\000s\000s\000m\000e\000n\000t}{section.Alph46.3}% 1203
\BOOKMARK [2][-]{subsection.Alph46.3.8}{\376\377\000V\000e\000r\000i\000f\000i\000c\000a\000t\000i\000o\000n\000\040\000S\000u\000m\000m\000a\000r\000y}{section.Alph46.3}% 1204
\BOOKMARK [1][-]{section.Alph46.4}{\376\377\000S\000u\000m\000m\000a\000r\000y\000:\000\040\000M\000a\000i\000n\000\040\000T\000h\000e\000o\000r\000e\000m\000\040\000a\000n\000d\000\040\000P\000r\000o\000o\000f\000\040\000S\000t\000r\000u\000c\000t\000u\000r\000e}{appendix.Alph46}% 1205
\BOOKMARK [2][-]{subsection.Alph46.4.1}{\376\377\000M\000a\000i\000n\000\040\000T\000h\000e\000o\000r\000e\000m}{section.Alph46.4}% 1206
\BOOKMARK [2][-]{subsection.Alph46.4.2}{\376\377\000P\000r\000o\000o\000f\000\040\000C\000o\000m\000p\000o\000n\000e\000n\000t\000s}{section.Alph46.4}% 1207
\BOOKMARK [2][-]{subsection.Alph46.4.3}{\376\377\000C\000o\000n\000t\000i\000n\000u\000u\000m\000\040\000L\000i\000m\000i\000t}{section.Alph46.4}% 1208
\BOOKMARK [2][-]{subsection.Alph46.4.4}{\376\377\000K\000e\000y\000\040\000T\000e\000c\000h\000n\000i\000c\000a\000l\000\040\000R\000e\000s\000u\000l\000t\000s}{section.Alph46.4}% 1209
\BOOKMARK [2][-]{subsection.Alph46.4.5}{\376\377\000S\000y\000n\000t\000h\000e\000s\000i\000s}{section.Alph46.4}% 1210
\BOOKMARK [1][-]{section.Alph46.5}{\376\377\000M\000a\000t\000h\000e\000m\000a\000t\000i\000c\000a\000l\000\040\000A\000u\000d\000i\000t\000\040\000o\000f\000\040\000F\000o\000u\000n\000d\000a\000t\000i\000o\000n\000a\000l\000\040\000T\000h\000e\000o\000r\000e\000m\000s}{appendix.Alph46}% 1211
\BOOKMARK [2][-]{subsection.Alph46.5.1}{\376\377\000F\000o\000u\000n\000d\000a\000t\000i\000o\000n\000\040\0001\000:\000\040\000E\000x\000i\000s\000t\000e\000n\000c\000e\000\040\000o\000f\000\040\000t\000h\000e\000\040\000C\000o\000n\000t\000i\000n\000u\000u\000m\000\040\000M\000e\000a\000s\000u\000r\000e\000\040\000\050\000U\000V\000\040\000S\000t\000a\000b\000i\000l\000i\000t\000y\000\051}{section.Alph46.5}% 1212
\BOOKMARK [2][-]{subsection.Alph46.5.2}{\376\377\000F\000o\000u\000n\000d\000a\000t\000i\000o\000n\000\040\0002\000:\000\040\000S\000t\000a\000b\000i\000l\000i\000t\000y\000\040\000o\000f\000\040\000L\000a\000t\000t\000i\000c\000e\000\040\000P\000h\000a\000s\000e\000s}{section.Alph46.5}% 1213
\BOOKMARK [2][-]{subsection.Alph46.5.3}{\376\377\000F\000o\000u\000n\000d\000a\000t\000i\000o\000n\000\040\0003\000:\000\040\000S\000p\000e\000c\000t\000r\000a\000l\000\040\000C\000o\000n\000t\000i\000n\000u\000i\000t\000y}{section.Alph46.5}% 1214
\BOOKMARK [2][-]{subsection.Alph46.5.4}{\376\377\000F\000o\000u\000n\000d\000a\000t\000i\000o\000n\000\040\0004\000:\000\040\000T\000o\000p\000o\000l\000o\000g\000i\000c\000a\000l\000\040\000O\000b\000s\000t\000r\000u\000c\000t\000i\000o\000n}{section.Alph46.5}% 1215
\BOOKMARK [2][-]{subsection.Alph46.5.5}{\376\377\000C\000o\000n\000c\000l\000u\000s\000i\000o\000n}{section.Alph46.5}% 1216
\BOOKMARK [1][-]{section.Alph46.6}{\376\377\000R\000i\000g\000o\000r\000o\000u\000s\000\040\000R\000e\000s\000o\000l\000u\000t\000i\000o\000n\000\040\000o\000f\000\040\000R\000e\000m\000a\000i\000n\000i\000n\000g\000\040\000G\000a\000p\000s}{appendix.Alph46}% 1217
\BOOKMARK [2][-]{subsection.Alph46.6.1}{\376\377\000G\000a\000p\000\040\0001\000:\000\040\000L\000a\000t\000t\000i\000c\000e\000\040\000S\000U\000S\000Y\000\040\000a\000n\000d\000\040\000t\000h\000e\000\040\000P\000o\000s\000i\000t\000i\000v\000e\000\040\000W\000a\000l\000l\000\040\000T\000e\000n\000s\000i\000o\000n}{section.Alph46.6}% 1218
\BOOKMARK [2][-]{subsection.Alph46.6.2}{\376\377\000G\000a\000p\000\040\0002\000:\000\040\000T\000h\000e\000\040\000C\000o\000m\000p\000l\000e\000x\000\040\000P\000a\000t\000h\000\040\000a\000n\000d\000\040\000I\000n\000t\000e\000r\000m\000e\000d\000i\000a\000t\000e\000\040\000C\000o\000u\000p\000l\000i\000n\000g}{section.Alph46.6}% 1219
\BOOKMARK [2][-]{subsection.Alph46.6.3}{\376\377\000G\000a\000p\000\040\0003\000:\000\040\000B\000a\000l\000a\000b\000a\000n\000'\000s\000\040\000B\000o\000u\000n\000d\000s\000\040\000w\000i\000t\000h\000\040\000A\000d\000j\000o\000i\000n\000t\000\040\000F\000e\000r\000m\000i\000o\000n\000s}{section.Alph46.6}% 1220
\BOOKMARK [2][-]{subsection.Alph46.6.4}{\376\377\000G\000a\000p\000\040\0004\000:\000\040\000E\000x\000p\000l\000i\000c\000i\000t\000\040\000N\000u\000m\000e\000r\000i\000c\000a\000l\000\040\000C\000o\000n\000s\000t\000a\000n\000t\000s}{section.Alph46.6}% 1221
\BOOKMARK [2][-]{subsection.Alph46.6.5}{\376\377\000A\000d\000d\000i\000t\000i\000o\000n\000a\000l\000\040\000R\000i\000g\000o\000r\000o\000u\000s\000\040\000V\000e\000r\000i\000f\000i\000c\000a\000t\000i\000o\000n\000s}{section.Alph46.6}% 1222
\BOOKMARK [2][-]{subsection.Alph46.6.6}{\376\377\000C\000h\000e\000s\000s\000b\000o\000a\000r\000d\000\040\000M\000a\000j\000o\000r\000i\000z\000a\000t\000i\000o\000n}{section.Alph46.6}% 1223
\BOOKMARK [2][-]{subsection.Alph46.6.7}{\376\377\000C\000a\000l\000l\000a\000n\000-\000S\000y\000m\000a\000n\000z\000i\000k\000\040\000I\000n\000t\000e\000g\000r\000a\000b\000i\000l\000i\000t\000y}{section.Alph46.6}% 1224
\BOOKMARK [2][-]{subsection.Alph46.6.8}{\376\377\000S\000t\000r\000a\000t\000i\000f\000i\000e\000d\000\040\000S\000p\000a\000c\000e\000\040\000A\000n\000a\000l\000y\000s\000i\000s}{section.Alph46.6}% 1225
\BOOKMARK [2][-]{subsection.Alph46.6.9}{\376\377\000T\000h\000e\000r\000m\000o\000d\000y\000n\000a\000m\000i\000c\000\040\000L\000i\000m\000i\000t\000\040\000E\000x\000i\000s\000t\000e\000n\000c\000e}{section.Alph46.6}% 1226
\BOOKMARK [2][-]{subsection.Alph46.6.10}{\376\377\000P\000i\000r\000o\000g\000o\000v\000-\000S\000i\000n\000a\000i\000\040\000S\000t\000a\000b\000i\000l\000i\000t\000y}{section.Alph46.6}% 1227
\BOOKMARK [2][-]{subsection.Alph46.6.11}{\376\377\000R\000e\000s\000t\000o\000r\000a\000t\000i\000o\000n\000\040\000o\000f\000\040\000S\000O\000\050\0004\000\051\000\040\000I\000n\000v\000a\000r\000i\000a\000n\000c\000e}{section.Alph46.6}% 1228
\BOOKMARK [2][-]{subsection.Alph46.6.12}{\376\377\000T\000o\000p\000o\000l\000o\000g\000i\000c\000a\000l\000\040\000S\000u\000s\000c\000e\000p\000t\000i\000b\000i\000l\000i\000t\000y\000\040\000B\000o\000u\000n\000d\000s}{section.Alph46.6}% 1229
\BOOKMARK [2][-]{subsection.Alph46.6.13}{\376\377\000O\000P\000E\000\040\000C\000o\000n\000v\000e\000r\000g\000e\000n\000c\000e}{section.Alph46.6}% 1230
\BOOKMARK [2][-]{subsection.Alph46.6.14}{\376\377\000N\000o\000n\000-\000P\000e\000r\000t\000u\000r\000b\000a\000t\000i\000v\000e\000\040\000B\000e\000t\000a\000-\000F\000u\000n\000c\000t\000i\000o\000n\000\040\000M\000a\000t\000c\000h\000i\000n\000g}{section.Alph46.6}% 1231
\BOOKMARK [2][-]{subsection.Alph46.6.15}{\376\377\000E\000s\000s\000e\000n\000t\000i\000a\000l\000\040\000S\000e\000l\000f\000-\000A\000d\000j\000o\000i\000n\000t\000n\000e\000s\000s\000\040\000o\000n\000\040\000t\000h\000e\000\040\000Q\000u\000o\000t\000i\000e\000n\000t}{section.Alph46.6}% 1232
\BOOKMARK [2][-]{subsection.Alph46.6.16}{\376\377\000C\000o\000m\000p\000l\000e\000x\000\040\000P\000i\000r\000o\000g\000o\000v\000-\000S\000i\000n\000a\000i\000\040\000T\000h\000e\000o\000r\000y}{section.Alph46.6}% 1233
\BOOKMARK [2][-]{subsection.Alph46.6.17}{\376\377\000S\000p\000e\000c\000t\000r\000a\000l\000\040\000G\000a\000p\000\040\000S\000u\000p\000e\000r\000a\000d\000d\000i\000t\000i\000v\000i\000t\000y}{section.Alph46.6}% 1234
\BOOKMARK [2][-]{subsection.Alph46.6.18}{\376\377\000C\000o\000n\000t\000r\000o\000l\000\040\000o\000f\000\040\000t\000h\000e\000\040\000G\000r\000i\000b\000o\000v\000\040\000H\000o\000r\000i\000z\000o\000n}{section.Alph46.6}% 1235
\BOOKMARK [2][-]{subsection.Alph46.6.19}{\376\377\000B\000o\000r\000e\000l\000\040\000S\000u\000m\000m\000a\000b\000i\000l\000i\000t\000y\000\040\000o\000f\000\040\000t\000h\000e\000\040\000U\000V\000\040\000T\000a\000i\000l}{section.Alph46.6}% 1236
\BOOKMARK [2][-]{subsection.Alph46.6.20}{\376\377\000U\000n\000i\000v\000e\000r\000s\000a\000l\000i\000t\000y\000\040\000o\000f\000\040\000t\000h\000e\000\040\000C\000r\000i\000t\000i\000c\000a\000l\000\040\000L\000i\000m\000i\000t}{section.Alph46.6}% 1237
\BOOKMARK [2][-]{subsection.Alph46.6.21}{\376\377\000R\000e\000m\000o\000v\000a\000l\000\040\000o\000f\000\040\000C\000o\000m\000p\000u\000t\000e\000r\000-\000A\000s\000s\000i\000s\000t\000e\000d\000\040\000P\000r\000o\000o\000f\000s}{section.Alph46.6}% 1238
\BOOKMARK [2][-]{subsection.Alph46.6.22}{\376\377\000T\000h\000e\000\040\000L\000i\000n\000e\000a\000r\000\040\000G\000r\000o\000w\000t\000h\000\040\000C\000o\000n\000d\000i\000t\000i\000o\000n}{section.Alph46.6}% 1239
\BOOKMARK [2][-]{subsection.Alph46.6.23}{\376\377\000M\000i\000c\000r\000o\000c\000a\000u\000s\000a\000l\000i\000t\000y\000\040\000V\000e\000r\000i\000f\000i\000c\000a\000t\000i\000o\000n}{section.Alph46.6}% 1240
\BOOKMARK [2][-]{subsection.Alph46.6.24}{\376\377\000Q\000u\000a\000n\000t\000i\000t\000a\000t\000i\000v\000e\000\040\000R\000e\000g\000i\000m\000e\000\040\000P\000a\000t\000c\000h\000i\000n\000g}{section.Alph46.6}% 1241
\BOOKMARK [2][-]{subsection.Alph46.6.25}{\376\377\000G\000a\000u\000g\000e\000-\000I\000n\000v\000a\000r\000i\000a\000n\000t\000\040\000S\000o\000b\000o\000l\000e\000v\000\040\000S\000p\000a\000c\000e\000s}{section.Alph46.6}% 1242
\BOOKMARK [1][-]{section.Alph46.7}{\376\377\000E\000x\000e\000c\000u\000t\000i\000v\000e\000\040\000S\000u\000m\000m\000a\000r\000y\000\040\000o\000f\000\040\000M\000a\000t\000h\000e\000m\000a\000t\000i\000c\000a\000l\000\040\000F\000i\000x\000e\000s\000\040\000a\000n\000d\000\040\000A\000u\000d\000i\000t}{appendix.Alph46}% 1243
\BOOKMARK [2][-]{subsection.Alph46.7.1}{\376\377\000P\000a\000r\000t\000\040\0001\000:\000\040\000P\000r\000i\000m\000a\000r\000y\000\040\000M\000a\000t\000h\000e\000m\000a\000t\000i\000c\000a\000l\000\040\000D\000e\000r\000i\000v\000a\000t\000i\000o\000n\000s\000\040\000\050\000A\000-\000H\000\051}{section.Alph46.7}% 1244
\BOOKMARK [1][-]{section.Alph46.8}{\376\377\000F\000i\000n\000a\000l\000\040\000C\000o\000n\000c\000l\000u\000s\000i\000o\000n}{appendix.Alph46}% 1245
\BOOKMARK [1][-]{section.Alph46.9}{\376\377\000R\000e\000s\000o\000l\000u\000t\000i\000o\000n\000\040\000o\000f\000\040\000C\000r\000i\000t\000i\000c\000a\000l\000\040\000T\000e\000c\000h\000n\000i\000c\000a\000l\000\040\000C\000h\000a\000l\000l\000e\000n\000g\000e\000s}{appendix.Alph46}% 1246
\BOOKMARK [2][-]{subsection.Alph46.9.1}{\376\377\000E\000x\000e\000c\000u\000t\000i\000v\000e\000\040\000S\000u\000m\000m\000a\000r\000y\000\040\000o\000f\000\040\000t\000h\000e\000\040\000S\000o\000l\000u\000t\000i\000o\000n}{section.Alph46.9}% 1247
\BOOKMARK [2][-]{subsection.Alph46.9.2}{\376\377\000I\000.\000\040\000S\000t\000r\000e\000n\000g\000t\000h\000s\000\040\000o\000f\000\040\000t\000h\000e\000\040\000M\000a\000t\000h\000e\000m\000a\000t\000i\000c\000a\000l\000\040\000F\000r\000a\000m\000e\000w\000o\000r\000k}{section.Alph46.9}% 1248
\BOOKMARK [2][-]{subsection.Alph46.9.3}{\376\377\000I\000I\000.\000\040\000R\000e\000s\000o\000l\000u\000t\000i\000o\000n\000\040\000o\000f\000\040\000C\000r\000i\000t\000i\000c\000a\000l\000\040\000O\000b\000s\000t\000r\000u\000c\000t\000i\000o\000n\000s}{section.Alph46.9}% 1249
\BOOKMARK [2][-]{subsection.Alph46.9.4}{\376\377\000I\000I\000I\000.\000\040\000V\000e\000r\000i\000f\000i\000c\000a\000t\000i\000o\000n\000\040\000o\000f\000\040\000P\000r\000o\000o\000f\000\040\000C\000o\000m\000p\000l\000e\000t\000e\000n\000e\000s\000s}{section.Alph46.9}% 1250
\BOOKMARK [2][-]{subsection.Alph46.9.5}{\376\377\000I\000V\000.\000\040\000C\000o\000n\000c\000l\000u\000s\000i\000o\000n}{section.Alph46.9}% 1251
\BOOKMARK [0][-]{appendix.Alph47}{\376\377\000R\000i\000g\000o\000r\000o\000u\000s\000\040\000S\000t\000r\000e\000n\000g\000t\000h\000e\000n\000i\000n\000g\000\040\000o\000f\000\040\000A\000r\000g\000u\000m\000e\000n\000t\000s}{theorem.P.1.10}% 1252
\BOOKMARK [1][-]{section.Alph47.1}{\376\377\000R\000i\000g\000o\000r\000o\000u\000s\000\040\000M\000a\000t\000h\000e\000m\000a\000t\000i\000c\000a\000l\000\040\000F\000o\000r\000t\000i\000f\000i\000c\000a\000t\000i\000o\000n}{appendix.Alph47}% 1253
\BOOKMARK [2][-]{subsection.Alph47.1.1}{\376\377\000F\000i\000x\000\040\000f\000o\000r\000\040\000U\000V\000\040\000D\000i\000v\000e\000r\000g\000e\000n\000c\000e\000s\000:\000\040\000B\000a\000t\000t\000l\000e\000-\000F\000e\000d\000e\000r\000b\000u\000s\000h\000\040\000D\000e\000t\000e\000r\000m\000i\000n\000a\000n\000t\000\040\000B\000o\000u\000n\000d\000s}{section.Alph47.1}% 1254
\BOOKMARK [2][-]{subsection.Alph47.1.2}{\376\377\000F\000i\000x\000\040\000f\000o\000r\000\040\000S\000t\000r\000o\000n\000g\000\040\000C\000o\000u\000p\000l\000i\000n\000g\000\040\000R\000i\000g\000o\000r\000:\000\040\000T\000h\000e\000\040\000K\000o\000t\000e\000c\000k\000\375\000-\000P\000r\000e\000i\000s\000s\000\040\000C\000o\000n\000d\000i\000t\000i\000o\000n}{section.Alph47.1}% 1255
\BOOKMARK [2][-]{subsection.Alph47.1.3}{\376\377\000F\000i\000x\000\040\000f\000o\000r\000\040\000L\000a\000t\000t\000i\000c\000e\000\040\000T\000o\000p\000o\000l\000o\000g\000y\000:\000\040\000L\000\374\000s\000c\000h\000e\000r\040\031\000s\000\040\000A\000d\000m\000i\000s\000s\000i\000b\000i\000l\000i\000t\000y\000\040\000C\000o\000n\000d\000i\000t\000i\000o\000n}{section.Alph47.1}% 1256
\BOOKMARK [2][-]{subsection.Alph47.1.4}{\376\377\000F\000i\000x\000\040\000f\000o\000r\000\040\000P\000h\000y\000s\000i\000c\000a\000l\000\040\000S\000c\000a\000l\000i\000n\000g\000:\000\040\000A\000s\000y\000m\000p\000t\000o\000t\000i\000c\000\040\000I\000n\000t\000e\000g\000r\000a\000b\000i\000l\000i\000t\000y}{section.Alph47.1}% 1257
\BOOKMARK [1][-]{section.Alph47.2}{\376\377\000F\000i\000n\000a\000l\000\040\000M\000a\000t\000h\000e\000m\000a\000t\000i\000c\000a\000l\000\040\000F\000o\000r\000t\000i\000f\000i\000c\000a\000t\000i\000o\000n\000:\000\040\000S\000y\000m\000m\000e\000t\000r\000y\000,\000\040\000S\000t\000a\000b\000i\000l\000i\000t\000y\000,\000\040\000a\000n\000d\000\040\000C\000a\000u\000s\000a\000l\000i\000t\000y}{appendix.Alph47}% 1258
\BOOKMARK [2][-]{subsection.Alph47.2.1}{\376\377\000F\000i\000x\000\040\000f\000o\000r\000\040\000L\000a\000t\000t\000i\000c\000e\000\040\000A\000r\000t\000i\000f\000a\000c\000t\000s\000:\000\040\000R\000e\000s\000t\000o\000r\000a\000t\000i\000o\000n\000\040\000o\000f\000\040\000W\000a\000r\000d\000\040\000I\000d\000e\000n\000t\000i\000t\000i\000e\000s}{section.Alph47.2}% 1259
\BOOKMARK [2][-]{subsection.Alph47.2.2}{\376\377\000F\000i\000x\000\040\000f\000o\000r\000\040\000T\000h\000e\000r\000m\000o\000d\000y\000n\000a\000m\000i\000c\000\040\000S\000t\000a\000b\000i\000l\000i\000t\000y\000:\000\040\000T\000h\000e\000\040\000F\000e\000s\000h\000b\000a\000c\000h\000-\000S\000c\000h\000u\000r\000\040\000M\000a\000p}{section.Alph47.2}% 1260
\BOOKMARK [2][-]{subsection.Alph47.2.3}{\376\377\000F\000i\000x\000\040\000f\000o\000r\000\040\000P\000a\000r\000t\000i\000c\000l\000e\000\040\000I\000d\000e\000n\000t\000i\000t\000y\000:\000\040\000T\000h\000e\000\040\000B\000e\000t\000h\000e\000-\000S\000a\000l\000p\000e\000t\000e\000r\000\040\000A\000n\000a\000l\000y\000s\000i\000s}{section.Alph47.2}% 1261
\BOOKMARK [2][-]{subsection.Alph47.2.4}{\376\377\000F\000i\000x\000\040\000f\000o\000r\000\040\000R\000e\000a\000l\000-\000T\000i\000m\000e\000\040\000P\000h\000y\000s\000i\000c\000s\000:\000\040\000T\000h\000e\000\040\000B\000a\000r\000g\000m\000a\000n\000n\000-\000H\000a\000l\000l\000-\000W\000i\000g\000h\000t\000m\000a\000n\000\040\000T\000h\000e\000o\000r\000e\000m}{section.Alph47.2}% 1262
\BOOKMARK [1][-]{section.Alph47.3}{\376\377\000F\000i\000n\000a\000l\000\040\000D\000e\000e\000p\000\040\000S\000t\000r\000u\000c\000t\000u\000r\000e\000:\000\040\000R\000e\000s\000o\000l\000u\000t\000i\000o\000n\000\040\000o\000f\000\040\000F\000u\000n\000d\000a\000m\000e\000n\000t\000a\000l\000\040\000M\000a\000t\000h\000e\000m\000a\000t\000i\000c\000a\000l\000\040\000O\000b\000s\000t\000r\000u\000c\000t\000i\000o\000n\000s}{appendix.Alph47}% 1263
\BOOKMARK [2][-]{subsection.Alph47.3.1}{\376\377\000R\000e\000s\000o\000l\000u\000t\000i\000o\000n\000\040\000o\000f\000\040\000t\000h\000e\000\040\000A\000r\000e\000a\000\040\000L\000a\000w\000\040\000P\000a\000r\000a\000d\000o\000x\000:\000\040\000T\000h\000e\000\040\000F\000r\000e\000d\000e\000n\000h\000a\000g\000e\000n\000-\000M\000a\000r\000c\000u\000\040\000P\000a\000r\000a\000m\000e\000t\000e\000r}{section.Alph47.3}% 1264
\BOOKMARK [2][-]{subsection.Alph47.3.2}{\376\377\000C\000o\000r\000r\000e\000c\000t\000i\000o\000n\000\040\000o\000f\000\040\000I\000n\000e\000q\000u\000a\000l\000i\000t\000y\000\040\000E\000r\000r\000o\000r\000s\000:\000\040\000K\000a\000t\000o\000'\000s\000\040\000D\000i\000a\000m\000a\000g\000n\000e\000t\000i\000c\000\040\000I\000n\000e\000q\000u\000a\000l\000i\000t\000y}{section.Alph47.3}% 1265
\BOOKMARK [2][-]{subsection.Alph47.3.3}{\376\377\000B\000r\000i\000d\000g\000i\000n\000g\000\040\000t\000h\000e\000\040\000"\000W\000a\000s\000t\000e\000l\000a\000n\000d\000"\000:\000\040\000C\000o\000m\000p\000u\000t\000e\000r\000-\000A\000s\000s\000i\000s\000t\000e\000d\000\040\000I\000n\000t\000e\000r\000v\000a\000l\000\040\000A\000r\000i\000t\000h\000m\000e\000t\000i\000c}{section.Alph47.3}% 1266
\BOOKMARK [2][-]{subsection.Alph47.3.4}{\376\377\000F\000i\000x\000\040\000f\000o\000r\000\040\000R\000G\000\040\000G\000e\000o\000m\000e\000t\000r\000y\000:\000\040\000C\000o\000v\000a\000r\000i\000a\000n\000t\000\040\000G\000e\000o\000d\000e\000s\000i\000c\000\040\000B\000l\000o\000c\000k\000i\000n\000g}{section.Alph47.3}% 1267
\BOOKMARK [1][-]{section.Alph47.4}{\376\377\000F\000i\000n\000a\000l\000\040\000K\000e\000y\000s\000t\000o\000n\000e\000\040\000F\000r\000a\000m\000e\000w\000o\000r\000k\000s\000:\000\040\000C\000o\000m\000p\000l\000e\000t\000i\000n\000g\000\040\000t\000h\000e\000\040\000R\000i\000g\000o\000r\000o\000u\000s\000\040\000A\000r\000c\000h\000i\000t\000e\000c\000t\000u\000r\000e}{appendix.Alph47}% 1268
\BOOKMARK [2][-]{subsection.Alph47.4.1}{\376\377\000T\000o\000p\000o\000l\000o\000g\000i\000c\000a\000l\000\040\000S\000t\000a\000b\000i\000l\000i\000t\000y\000:\000\040\000T\000h\000e\000\040\000V\000a\000f\000a\000-\000W\000i\000t\000t\000e\000n\000\040\000T\000h\000e\000o\000r\000e\000m}{section.Alph47.4}% 1269
\BOOKMARK [2][-]{subsection.Alph47.4.2}{\376\377\000S\000p\000e\000c\000t\000r\000a\000l\000\040\000S\000t\000r\000u\000c\000t\000u\000r\000e\000:\000\040\000B\000u\000c\000h\000h\000o\000l\000z\000-\000W\000i\000c\000h\000m\000a\000n\000n\000\040\000N\000u\000c\000l\000e\000a\000r\000i\000t\000y}{section.Alph47.4}% 1270
\BOOKMARK [2][-]{subsection.Alph47.4.3}{\376\377\000I\000n\000t\000e\000r\000p\000o\000l\000a\000t\000i\000o\000n\000\040\000C\000o\000n\000s\000i\000s\000t\000e\000n\000c\000y\000:\000\040\000P\000f\000a\000f\000f\000i\000a\000n\000\040\000P\000o\000s\000i\000t\000i\000v\000i\000t\000y}{section.Alph47.4}% 1271
\BOOKMARK [2][-]{subsection.Alph47.4.4}{\376\377\000U\000n\000i\000v\000e\000r\000s\000a\000l\000\040\000S\000c\000a\000l\000e\000:\000\040\000L\000\374\000s\000c\000h\000e\000r\000'\000s\000\040\000G\000r\000a\000d\000i\000e\000n\000t\000\040\000F\000l\000o\000w}{section.Alph47.4}% 1272
\BOOKMARK [1][-]{section.Alph47.5}{\376\377\000F\000i\000n\000a\000l\000\040\000K\000e\000y\000s\000t\000o\000n\000e\000\040\000F\000r\000a\000m\000e\000w\000o\000r\000k\000s\000\040\000I\000I\000:\000\040\000C\000o\000m\000p\000l\000e\000t\000i\000n\000g\000\040\000t\000h\000e\000\040\000R\000i\000g\000o\000r\000o\000u\000s\000\040\000A\000r\000c\000h\000i\000t\000e\000c\000t\000u\000r\000e}{appendix.Alph47}% 1273
\BOOKMARK [2][-]{subsection.Alph47.5.1}{\376\377\000I\000n\000t\000e\000r\000p\000o\000l\000a\000t\000i\000o\000n\000\040\000E\000n\000d\000-\000P\000o\000i\000n\000t\000:\000\040\000T\000h\000e\000\040\000A\000p\000p\000e\000l\000q\000u\000i\000s\000t\000-\000C\000a\000r\000a\000z\000z\000o\000n\000e\000\040\000D\000e\000c\000o\000u\000p\000l\000i\000n\000g\000\040\000T\000h\000e\000o\000r\000e\000m}{section.Alph47.5}% 1274
\BOOKMARK [2][-]{subsection.Alph47.5.2}{\376\377\000O\000r\000b\000i\000t\000\040\000G\000e\000o\000m\000e\000t\000r\000y\000:\000\040\000T\000h\000e\000\040\000E\000b\000i\000n\000-\000P\000a\000l\000a\000i\000s\000\040\000S\000l\000i\000c\000e\000\040\000T\000h\000e\000o\000r\000e\000m}{section.Alph47.5}% 1275
\BOOKMARK [2][-]{subsection.Alph47.5.3}{\376\377\000E\000f\000f\000e\000c\000t\000i\000v\000e\000\040\000A\000c\000t\000i\000o\000n\000\040\000L\000o\000c\000a\000l\000i\000t\000y\000:\000\040\000V\000a\000f\000a\000-\000W\000i\000t\000t\000e\000n\000\040\000E\000i\000g\000e\000n\000v\000a\000l\000u\000e\000\040\000B\000o\000u\000n\000d\000s}{section.Alph47.5}% 1276
\BOOKMARK [2][-]{subsection.Alph47.5.4}{\376\377\000H\000i\000d\000d\000e\000n\000\040\000M\000a\000s\000s\000l\000e\000s\000s\000n\000e\000s\000s\000:\000\040\000T\000h\000e\000\040\000F\000u\000j\000i\000k\000a\000w\000a\000\040\000A\000n\000o\000m\000a\000l\000y\000\040\000A\000n\000a\000l\000y\000s\000i\000s}{section.Alph47.5}% 1277
\BOOKMARK [1][-]{section.Alph47.6}{\376\377\000R\000i\000g\000o\000r\000o\000u\000s\000\040\000R\000e\000s\000o\000l\000u\000t\000i\000o\000n\000\040\000o\000f\000\040\000C\000r\000i\000t\000i\000c\000a\000l\000\040\000G\000a\000p\000s\000:\000\040\000C\000o\000n\000v\000e\000x\000i\000t\000y\000,\000\040\000R\000G\000\040\000F\000l\000o\000w\000,\000\040\000a\000n\000d\000\040\000G\000e\000o\000m\000e\000t\000r\000y}{appendix.Alph47}% 1278
\BOOKMARK [2][-]{subsection.Alph47.6.1}{\376\377\000C\000o\000r\000r\000e\000c\000t\000i\000o\000n\000\040\000A\000:\000\040\000C\000o\000n\000v\000e\000x\000i\000t\000y\000\040\000o\000f\000\040\000t\000h\000e\000\040\000E\000f\000f\000e\000c\000t\000i\000v\000e\000\040\000P\000o\000t\000e\000n\000t\000i\000a\000l\000\040\000\050\000F\000i\000x\000i\000n\000g\000\040\000I\000n\000t\000e\000r\000p\000o\000l\000a\000t\000i\000o\000n\000\051}{section.Alph47.6}% 1279
\BOOKMARK [2][-]{subsection.Alph47.6.2}{\376\377\000C\000o\000r\000r\000e\000c\000t\000i\000o\000n\000\040\000A\000.\0002\000:\000\040\000A\000n\000a\000l\000y\000t\000i\000c\000i\000t\000y\000\040\000a\000t\000\040\000I\000n\000t\000e\000r\000m\000e\000d\000i\000a\000t\000e\000\040\000M\000a\000s\000s\000\040\000\050\000T\000h\000e\000\040\000L\000e\000e\000-\000Y\000a\000n\000g\000\040\000B\000r\000i\000d\000g\000e\000\051}{section.Alph47.6}% 1280
\BOOKMARK [2][-]{subsection.Alph47.6.3}{\376\377\000C\000o\000r\000r\000e\000c\000t\000i\000o\000n\000\040\000B\000:\000\040\000R\000e\000n\000o\000r\000m\000a\000l\000i\000z\000a\000t\000i\000o\000n\000\040\000G\000r\000o\000u\000p\000\040\000F\000l\000o\000w\000\040\000o\000f\000\040\000L\000S\000I\000\040\000\050\000F\000i\000x\000i\000n\000g\000\040\000U\000n\000i\000f\000o\000r\000m\000i\000t\000y\000\051}{section.Alph47.6}% 1281
\BOOKMARK [2][-]{subsection.Alph47.6.4}{\376\377\000C\000o\000r\000r\000e\000c\000t\000i\000o\000n\000\040\000C\000:\000\040\000G\000e\000o\000m\000e\000t\000r\000i\000c\000\040\000L\000o\000w\000e\000r\000\040\000B\000o\000u\000n\000d\000\040\000o\000n\000\040\000O\000r\000b\000i\000t\000\040\000S\000p\000a\000c\000e\000\040\000\050\000F\000i\000x\000i\000n\000g\000\040\000V\000a\000r\000i\000a\000t\000i\000o\000n\000a\000l\000\040\000E\000r\000r\000o\000r\000\051}{section.Alph47.6}% 1282
\BOOKMARK [1][-]{section.Alph47.7}{\376\377\000C\000o\000n\000c\000l\000u\000s\000i\000o\000n\000:\000\040\000A\000\040\000U\000n\000i\000f\000i\000e\000d\000\040\000R\000i\000g\000o\000r\000o\000u\000s\000\040\000A\000r\000g\000u\000m\000e\000n\000t}{appendix.Alph47}% 1283
\BOOKMARK [2][-]{subsection.Alph47.7.1}{\376\377\000S\000u\000m\000m\000a\000r\000y\000\040\000o\000f\000\040\000R\000e\000s\000o\000l\000u\000t\000i\000o\000n\000s}{section.Alph47.7}% 1284
\BOOKMARK [1][-]{section.Alph47.8}{\376\377\000C\000o\000m\000p\000r\000e\000h\000e\000n\000s\000i\000v\000e\000\040\000R\000i\000g\000o\000r\000o\000u\000s\000\040\000F\000i\000x\000e\000s\000:\000\040\000S\000c\000r\000e\000e\000n\000i\000n\000g\000,\000\040\000A\000n\000o\000m\000a\000l\000i\000e\000s\000,\000\040\000a\000n\000d\000\040\000S\000p\000e\000c\000t\000r\000a\000l\000\040\000A\000n\000a\000l\000y\000s\000i\000s}{appendix.Alph47}% 1285
\BOOKMARK [2][-]{subsection.Alph47.8.1}{\376\377\000T\000h\000e\000\040\000A\000d\000j\000o\000i\000n\000t\000\040\000S\000c\000r\000e\000e\000n\000i\000n\000g\000\040\000F\000i\000x\000\040\000\050\000F\000r\000e\000d\000e\000n\000h\000a\000g\000e\000n\000-\000M\000a\000r\000c\000u\000\040\000O\000r\000d\000e\000r\000\040\000P\000a\000r\000a\000m\000e\000t\000e\000r\000\051}{section.Alph47.8}% 1286
\BOOKMARK [2][-]{subsection.Alph47.8.2}{\376\377\000T\000h\000e\000\040\000U\000\050\0001\000\051\000A\000\040\000A\000n\000o\000m\000a\000l\000y\000\040\000F\000i\000x\000\040\000\050\000L\000a\000t\000t\000i\000c\000e\000\040\000I\000n\000d\000e\000x\000\040\000T\000h\000e\000o\000r\000e\000m\000\051}{section.Alph47.8}% 1287
\BOOKMARK [2][-]{subsection.Alph47.8.3}{\376\377\000T\000h\000e\000\040\000B\000e\000t\000h\000e\000-\000S\000a\000l\000p\000e\000t\000e\000r\000\040\000F\000i\000x\000\040\000\050\000P\000a\000r\000t\000i\000c\000l\000e\000\040\000v\000s\000.\000\040\000B\000l\000o\000b\000\051}{section.Alph47.8}% 1288
\BOOKMARK [2][-]{subsection.Alph47.8.4}{\376\377\000T\000h\000e\000\040\000R\000G\000\040\000v\000s\000.\000\040\000R\000P\000\040\000C\000o\000n\000f\000l\000i\000c\000t\000\040\000\050\000P\000o\000l\000y\000m\000e\000r\000\040\000S\000t\000a\000b\000i\000l\000i\000t\000y\000\040\000B\000o\000u\000n\000d\000\051}{section.Alph47.8}% 1289
\BOOKMARK [2][-]{subsection.Alph47.8.5}{\376\377\000T\000h\000e\000\040\000F\000i\000n\000i\000t\000e\000\040\000V\000o\000l\000u\000m\000e\000\040\000L\000\374\000s\000c\000h\000e\000r\000\040\000C\000o\000r\000r\000e\000c\000t\000i\000o\000n}{section.Alph47.8}% 1290
\BOOKMARK [2][-]{subsection.Alph47.8.6}{\376\377\000T\000h\000e\000\040\000A\000p\000p\000e\000l\000q\000u\000i\000s\000t\000-\000C\000a\000r\000a\000z\000z\000o\000n\000e\000\040\000D\000e\000c\000o\000u\000p\000l\000i\000n\000g}{section.Alph47.8}% 1291
\BOOKMARK [2][-]{subsection.Alph47.8.7}{\376\377\000T\000h\000e\000\040\000V\000a\000c\000u\000u\000m\000\040\000O\000v\000e\000r\000l\000a\000p\000\040\000B\000o\000u\000n\000d}{section.Alph47.8}% 1292
\BOOKMARK [2][-]{subsection.Alph47.8.8}{\376\377\000T\000h\000e\000\040\000C\000l\000u\000s\000t\000e\000r\000\040\000E\000x\000p\000a\000n\000s\000i\000o\000n\000\040\000C\000o\000n\000v\000e\000r\000g\000e\000n\000c\000e\000\040\000R\000a\000d\000i\000u\000s\000\040\000\050\000I\000n\000t\000e\000r\000v\000a\000l\000\040\000B\000r\000i\000d\000g\000e\000\051}{section.Alph47.8}% 1293
\BOOKMARK [2][-]{subsection.Alph47.8.9}{\376\377\000T\000h\000e\000\040\000I\000n\000f\000r\000a\000r\000e\000d\000\040\000B\000o\000u\000n\000d\000\040\000\050\000F\000r\000\366\000h\000l\000i\000c\000h\000-\000S\000i\000m\000o\000n\000-\000S\000p\000e\000n\000c\000e\000r\000\051}{section.Alph47.8}% 1294
\BOOKMARK [2][-]{subsection.Alph47.8.10}{\376\377\000T\000h\000e\000\040\000M\000a\000t\000t\000h\000e\000w\000s\000-\000S\000a\000l\000a\000m\000-\000S\000e\000i\000l\000e\000r\000\040\000B\000o\000u\000n\000d\000\040\000\050\000F\000e\000r\000m\000i\000o\000n\000\040\000Q\000u\000a\000s\000i\000-\000L\000o\000c\000a\000l\000i\000t\000y\000\051}{section.Alph47.8}% 1295
\BOOKMARK [2][-]{subsection.Alph47.8.11}{\376\377\000C\000o\000n\000t\000i\000n\000u\000u\000m\000\040\000T\000o\000p\000o\000l\000o\000g\000y\000\040\000w\000i\000t\000h\000o\000u\000t\000\040\000A\000d\000m\000i\000s\000s\000i\000b\000i\000l\000i\000t\000y}{section.Alph47.8}% 1296
\BOOKMARK [2][-]{subsection.Alph47.8.12}{\376\377\000T\000h\000e\000\040\000G\000l\000u\000e\000b\000a\000l\000l\000\040\000S\000p\000i\000n\000\040\000I\000n\000e\000q\000u\000a\000l\000i\000t\000y}{section.Alph47.8}% 1297
\BOOKMARK [0][-]{appendix.Alph48}{\376\377\000A\000d\000v\000a\000n\000c\000e\000d\000\040\000M\000a\000t\000h\000e\000m\000a\000t\000i\000c\000a\000l\000\040\000D\000e\000r\000i\000v\000a\000t\000i\000o\000n\000s\000\040\000\050\000D\000i\000a\000m\000o\000n\000d\000\040\000S\000t\000a\000n\000d\000a\000r\000d\000\051}{theorem.P.1.10}% 1298
\BOOKMARK [1][-]{section.Alph48.1}{\376\377\000R\000i\000g\000o\000r\000o\000u\000s\000\040\000M\000a\000t\000h\000e\000m\000a\000t\000i\000c\000a\000l\000\040\000D\000e\000r\000i\000v\000a\000t\000i\000o\000n\000s\000\040\000f\000o\000r\000\040\000C\000r\000i\000t\000i\000c\000a\000l\000\040\000G\000a\000p\000s}{appendix.Alph48}% 1299
\BOOKMARK [2][-]{subsection.Alph48.1.1}{\376\377\000T\000h\000e\000\040\000G\000r\000i\000b\000o\000v\000\040\000H\000o\000r\000i\000z\000o\000n\000\040\000F\000i\000x}{section.Alph48.1}% 1300
\BOOKMARK [2][-]{subsection.Alph48.1.2}{\376\377\000T\000h\000e\000\040\000N\000u\000c\000l\000e\000a\000r\000i\000t\000y\000\040\000B\000o\000u\000n\000d\000\040\000S\000t\000r\000a\000t\000e\000g\000y}{section.Alph48.1}% 1301
\BOOKMARK [2][-]{subsection.Alph48.1.3}{\376\377\000T\000h\000e\000\040\000S\000y\000m\000a\000n\000z\000i\000k\000\040\000I\000m\000p\000r\000o\000v\000e\000m\000e\000n\000t}{section.Alph48.1}% 1302
\BOOKMARK [2][-]{subsection.Alph48.1.4}{\376\377\000T\000h\000e\000\040\000T\000e\000m\000p\000e\000r\000e\000d\000n\000e\000s\000s\000\040\000C\000h\000e\000c\000k}{section.Alph48.1}% 1303
\BOOKMARK [2][-]{subsection.Alph48.1.5}{\376\377\000T\000h\000e\000\040\000A\000d\000j\000o\000i\000n\000t\000\040\000S\000c\000r\000e\000e\000n\000i\000n\000g\000\040\000F\000i\000x}{section.Alph48.1}% 1304
\BOOKMARK [2][-]{subsection.Alph48.1.6}{\376\377\000T\000h\000e\000\040\000U\000\050\0001\000\051\000\040\000A\000n\000o\000m\000a\000l\000y\000\040\000F\000i\000x}{section.Alph48.1}% 1305
\BOOKMARK [2][-]{subsection.Alph48.1.7}{\376\377\000T\000h\000e\000\040\000B\000e\000t\000h\000e\000-\000S\000a\000l\000p\000e\000t\000e\000r\000\040\000F\000i\000x}{section.Alph48.1}% 1306
\BOOKMARK [2][-]{subsection.Alph48.1.8}{\376\377\000T\000h\000e\000\040\000R\000G\000\040\000v\000s\000.\000\040\000R\000P\000\040\000C\000o\000n\000f\000l\000i\000c\000t}{section.Alph48.1}% 1307
\BOOKMARK [2][-]{subsection.Alph48.1.9}{\376\377\000T\000h\000e\000\040\000F\000i\000n\000i\000t\000e\000\040\000V\000o\000l\000u\000m\000e\000\040\000L\000\374\000s\000c\000h\000e\000r\000\040\000C\000o\000r\000r\000e\000c\000t\000i\000o\000n}{section.Alph48.1}% 1308
\BOOKMARK [2][-]{subsection.Alph48.1.10}{\376\377\000T\000h\000e\000\040\000A\000p\000p\000e\000l\000q\000u\000i\000s\000t\000-\000C\000a\000r\000a\000z\000z\000o\000n\000e\000\040\000D\000e\000c\000o\000u\000p\000l\000i\000n\000g}{section.Alph48.1}% 1309
\BOOKMARK [2][-]{subsection.Alph48.1.11}{\376\377\000T\000h\000e\000\040\000"\000V\000a\000c\000u\000u\000m\000\040\000O\000v\000e\000r\000l\000a\000p\000"\000\040\000B\000o\000u\000n\000d}{section.Alph48.1}% 1310
\BOOKMARK [2][-]{subsection.Alph48.1.12}{\376\377\000T\000h\000e\000\040\000C\000l\000u\000s\000t\000e\000r\000\040\000E\000x\000p\000a\000n\000s\000i\000o\000n\000\040\000C\000o\000n\000v\000e\000r\000g\000e\000n\000c\000e\000\040\000R\000a\000d\000i\000u\000s}{section.Alph48.1}% 1311
\BOOKMARK [2][-]{subsection.Alph48.1.13}{\376\377\000T\000h\000e\000\040\000I\000n\000f\000r\000a\000r\000e\000d\000\040\000B\000o\000u\000n\000d}{section.Alph48.1}% 1312
\BOOKMARK [2][-]{subsection.Alph48.1.14}{\376\377\000T\000h\000e\000\040\000M\000a\000t\000t\000h\000e\000w\000s\000-\000S\000a\000l\000a\000m\000-\000S\000e\000i\000l\000e\000r\000\040\000B\000o\000u\000n\000d}{section.Alph48.1}% 1313
\BOOKMARK [2][-]{subsection.Alph48.1.15}{\376\377\000T\000h\000e\000\040\000Z\000e\000t\000a\000\040\000F\000u\000n\000c\000t\000i\000o\000n\000\040\000R\000e\000g\000u\000l\000a\000r\000i\000z\000a\000t\000i\000o\000n}{section.Alph48.1}% 1314
\BOOKMARK [2][-]{subsection.Alph48.1.16}{\376\377\000T\000h\000e\000\040\000G\000l\000u\000e\000b\000a\000l\000l\000\040\000S\000p\000i\000n\000\040\000I\000n\000e\000q\000u\000a\000l\000i\000t\000y}{section.Alph48.1}% 1315
\BOOKMARK [2][-]{subsection.Alph48.1.17}{\376\377\000T\000h\000e\000\040\000R\000o\000u\000g\000h\000e\000n\000i\000n\000g\000\040\000T\000r\000a\000n\000s\000i\000t\000i\000o\000n\000\040\000F\000i\000x}{section.Alph48.1}% 1316
\BOOKMARK [2][-]{subsection.Alph48.1.18}{\376\377\000T\000h\000e\000\040\000S\000t\000r\000a\000t\000i\000f\000i\000e\000d\000\040\000S\000p\000a\000c\000e\000\040\000F\000i\000x}{section.Alph48.1}% 1317
\BOOKMARK [2][-]{subsection.Alph48.1.19}{\376\377\000T\000h\000e\000\040\000B\000o\000r\000e\000l\000\040\000S\000u\000m\000m\000a\000b\000i\000l\000i\000t\000y\000\040\000S\000t\000r\000a\000t\000e\000g\000y\000\040\000\050\000R\000e\000t\000r\000a\000c\000t\000e\000d\000\051}{section.Alph48.1}% 1318
\BOOKMARK [2][-]{subsection.Alph48.1.20}{\376\377\000T\000h\000e\000\040\000L\000i\000n\000e\000a\000r\000\040\000G\000r\000o\000w\000t\000h\000\040\000C\000o\000n\000d\000i\000t\000i\000o\000n\000\040\000\050\000A\000x\000i\000o\000m\000\040\0000\000\051}{section.Alph48.1}% 1319
\BOOKMARK [2][-]{subsection.Alph48.1.21}{\376\377\000T\000h\000e\000\040\000C\000o\000n\000t\000i\000n\000u\000o\000u\000s\000\040\000S\000p\000e\000c\000t\000r\000a\000l\000\040\000I\000n\000d\000e\000p\000e\000n\000d\000e\000n\000c\000e\000\040\000F\000i\000x}{section.Alph48.1}% 1320
\BOOKMARK [2][-]{subsection.Alph48.1.22}{\376\377\000T\000h\000e\000\040\000H\000o\000m\000o\000g\000e\000n\000i\000z\000a\000t\000i\000o\000n\000\040\000C\000o\000r\000r\000e\000c\000t\000o\000r\000\040\000F\000i\000x}{section.Alph48.1}% 1321
\BOOKMARK [2][-]{subsection.Alph48.1.23}{\376\377\000T\000h\000e\000\040\000P\000o\000l\000c\000h\000i\000n\000s\000k\000i\000\040\000F\000l\000o\000w\000\040\000C\000o\000m\000m\000u\000t\000a\000t\000o\000r}{section.Alph48.1}% 1322
\BOOKMARK [2][-]{subsection.Alph48.1.24}{\376\377\000T\000h\000e\000\040\000U\000r\000s\000e\000l\000l\000\040\000F\000u\000n\000c\000t\000i\000o\000n\000\040\000I\000n\000v\000e\000r\000s\000i\000o\000n}{section.Alph48.1}% 1323
\BOOKMARK [2][-]{subsection.Alph48.1.25}{\376\377\000T\000h\000e\000\040\000F\000e\000s\000h\000b\000a\000c\000h\000-\000S\000c\000h\000u\000r\000\040\000M\000a\000p}{section.Alph48.1}% 1324
\BOOKMARK [2][-]{subsection.Alph48.1.26}{\376\377\000T\000h\000e\000\040\000O\000'\000N\000e\000i\000l\000l\000\040\000C\000u\000r\000v\000a\000t\000u\000r\000e\000\040\000F\000o\000r\000m\000u\000l\000a}{section.Alph48.1}% 1325
\BOOKMARK [2][-]{subsection.Alph48.1.27}{\376\377\000T\000h\000e\000\040\000K\000a\000t\000o\000-\000R\000e\000l\000l\000i\000c\000h\000\040\000S\000e\000r\000i\000e\000s}{section.Alph48.1}% 1326
\BOOKMARK [2][-]{subsection.Alph48.1.28}{\376\377\000T\000h\000e\000\040\000V\000a\000f\000a\000-\000W\000i\000t\000t\000e\000n\000\040\000B\000o\000u\000n\000d}{section.Alph48.1}% 1327
\BOOKMARK [2][-]{subsection.Alph48.1.29}{\376\377\000T\000h\000e\000\040\000R\000o\000u\000g\000h\000\040\000P\000a\000t\000h\000\040\000L\000i\000f\000t}{section.Alph48.1}% 1328
\BOOKMARK [2][-]{subsection.Alph48.1.30}{\376\377\000T\000h\000e\000\040\000M\000a\000y\000e\000r\000-\000M\000o\000n\000t\000r\000o\000l\000l\000\040\000E\000q\000u\000a\000t\000i\000o\000n}{section.Alph48.1}% 1329
\BOOKMARK [2][-]{subsection.Alph48.1.31}{\376\377\000T\000h\000e\000\040\000L\000a\000t\000t\000i\000c\000e\000\040\000I\000n\000d\000e\000x\000\040\000T\000h\000e\000o\000r\000e\000m}{section.Alph48.1}% 1330
\BOOKMARK [2][-]{subsection.Alph48.1.32}{\376\377\000T\000h\000e\000\040\000K\000M\000S\000\040\000C\000o\000n\000d\000i\000t\000i\000o\000n}{section.Alph48.1}% 1331
\BOOKMARK [2][-]{subsection.Alph48.1.33}{\376\377\000T\000h\000e\000\040\000R\000e\000s\000u\000r\000g\000e\000n\000c\000e\000\040\000C\000a\000n\000c\000e\000l\000l\000a\000t\000i\000o\000n}{section.Alph48.1}% 1332
\BOOKMARK [2][-]{subsection.Alph48.1.34}{\376\377\000T\000h\000e\000\040\000M\000a\000k\000e\000e\000n\000k\000o\000-\000M\000i\000g\000d\000a\000l\000\040\000E\000q\000u\000a\000t\000i\000o\000n}{section.Alph48.1}% 1333
\BOOKMARK [2][-]{subsection.Alph48.1.35}{\376\377\000H\000a\000a\000g\000-\000R\000u\000e\000l\000l\000e\000\040\000S\000c\000a\000t\000t\000e\000r\000i\000n\000g\000\040\000T\000h\000e\000o\000r\000y}{section.Alph48.1}% 1334
\BOOKMARK [2][-]{subsection.Alph48.1.36}{\376\377\000T\000h\000e\000\040\000S\000p\000e\000c\000t\000r\000a\000l\000\040\000F\000l\000o\000w\000\040\000I\000n\000d\000e\000x\000\040\000T\000h\000e\000o\000r\000e\000m}{section.Alph48.1}% 1335
\BOOKMARK [2][-]{subsection.Alph48.1.37}{\376\377\000T\000h\000e\000\040\000S\000t\000r\000a\000t\000i\000f\000i\000e\000d\000\040\000H\000a\000r\000d\000y\000\040\000I\000n\000e\000q\000u\000a\000l\000i\000t\000y}{section.Alph48.1}% 1336
\BOOKMARK [2][-]{subsection.Alph48.1.38}{\376\377\000T\000h\000e\000\040\000M\000o\000m\000e\000n\000t\000u\000m\000\040\000P\000r\000o\000j\000e\000c\000t\000i\000o\000n}{section.Alph48.1}% 1337
\BOOKMARK [2][-]{subsection.Alph48.1.39}{\376\377\000T\000h\000e\000\040\000R\000e\000n\000o\000r\000m\000a\000l\000i\000z\000e\000d\000\040\000I\000n\000t\000e\000g\000r\000a\000t\000i\000o\000n\000\040\000b\000y\000\040\000P\000a\000r\000t\000s}{section.Alph48.1}% 1338
\BOOKMARK [2][-]{subsection.Alph48.1.40}{\376\377\000T\000h\000e\000\040\000T\000w\000o\000-\000P\000a\000r\000t\000i\000c\000l\000e\000\040\000C\000l\000u\000s\000t\000e\000r\000\040\000E\000x\000p\000a\000n\000s\000i\000o\000n}{section.Alph48.1}% 1339
\BOOKMARK [2][-]{subsection.Alph48.1.41}{\376\377\000T\000h\000e\000\040\000B\000r\000e\000z\000i\000s\000-\000W\000a\000i\000n\000g\000e\000r\000\040\000S\000t\000r\000a\000t\000e\000g\000y\000\040\000\050\000L\000i\000m\000i\000t\000a\000t\000i\000o\000n\000\051}{section.Alph48.1}% 1340
\BOOKMARK [2][-]{subsection.Alph48.1.42}{\376\377\000T\000h\000e\000\040\000K\000a\000r\000c\000h\000e\000r\000\040\000M\000e\000a\000n\000\040\000H\000e\000s\000s\000i\000a\000n}{section.Alph48.1}% 1341
\BOOKMARK [2][-]{subsection.Alph48.1.43}{\376\377\000T\000h\000e\000\040\000T\000a\000l\000a\000g\000r\000a\000n\000d\000\040\000I\000n\000e\000q\000u\000a\000l\000i\000t\000y}{section.Alph48.1}% 1342
\BOOKMARK [2][-]{subsection.Alph48.1.44}{\376\377\000T\000h\000e\000\040\000W\000e\000i\000t\000z\000e\000n\000b\000\366\000c\000k\000\040\000I\000d\000e\000n\000t\000i\000t\000y\000\040\000o\000n\000\040\000F\000o\000r\000m\000s}{section.Alph48.1}% 1343
\BOOKMARK [2][-]{subsection.Alph48.1.45}{\376\377\000T\000h\000e\000\040\000H\000e\000l\000f\000f\000e\000r\000-\000S\000j\000\366\000s\000t\000r\000a\000n\000d\000\040\000F\000o\000r\000m\000u\000l\000a}{section.Alph48.1}% 1344
\BOOKMARK [2][-]{subsection.Alph48.1.46}{\376\377\000T\000h\000e\000\040\000L\000a\000t\000t\000i\000c\000e\000\040\000B\000R\000S\000T\000\040\000C\000o\000h\000o\000m\000o\000l\000o\000g\000y}{section.Alph48.1}% 1345
\BOOKMARK [2][-]{subsection.Alph48.1.47}{\376\377\000T\000h\000e\000\040\000K\000a\000t\000o\000-\000T\000r\000o\000t\000t\000e\000r\000\040\000P\000r\000o\000d\000u\000c\000t\000\040\000F\000o\000r\000m\000u\000l\000a}{section.Alph48.1}% 1346
\BOOKMARK [2][-]{subsection.Alph48.1.48}{\376\377\000T\000h\000e\000\040\000L\000i\000e\000b\000-\000T\000h\000i\000r\000r\000i\000n\000g\000\040\000I\000n\000e\000q\000u\000a\000l\000i\000t\000y}{section.Alph48.1}% 1347
\BOOKMARK [2][-]{subsection.Alph48.1.49}{\376\377\000T\000h\000e\000\040\000K\000i\000r\000k\000w\000o\000o\000d\000-\000S\000a\000l\000s\000b\000u\000r\000g\000\040\000E\000q\000u\000a\000t\000i\000o\000n\000s}{section.Alph48.1}% 1348
\BOOKMARK [2][-]{subsection.Alph48.1.50}{\376\377\000T\000h\000e\000\040\000D\000u\000h\000a\000m\000e\000l\000\040\000E\000x\000p\000a\000n\000s\000i\000o\000n}{section.Alph48.1}% 1349
\BOOKMARK [2][-]{subsection.Alph48.1.51}{\376\377\000D\000i\000s\000c\000r\000e\000t\000e\000\040\000S\000t\000o\000c\000h\000a\000s\000t\000i\000c\000\040\000V\000a\000r\000i\000a\000t\000i\000o\000n\000s}{section.Alph48.1}% 1350
\BOOKMARK [2][-]{subsection.Alph48.1.52}{\376\377\000T\000h\000e\000\040\000'\000t\000\040\000H\000o\000o\000f\000t\000\040\000L\000o\000o\000p\000\040\000A\000l\000g\000e\000b\000r\000a}{section.Alph48.1}% 1351
\BOOKMARK [2][-]{subsection.Alph48.1.53}{\376\377\000T\000h\000e\000\040\000I\000M\000S\000\040\000L\000o\000c\000a\000l\000i\000z\000a\000t\000i\000o\000n\000\040\000F\000o\000r\000m\000u\000l\000a}{section.Alph48.1}% 1352
\BOOKMARK [2][-]{subsection.Alph48.1.54}{\376\377\000T\000h\000e\000\040\000C\000o\000m\000b\000e\000s\000-\000T\000h\000o\000m\000a\000s\000\040\000E\000s\000t\000i\000m\000a\000t\000e}{section.Alph48.1}% 1353
\BOOKMARK [2][-]{subsection.Alph48.1.55}{\376\377\000T\000h\000e\000\040\000H\000o\000l\000o\000m\000o\000r\000p\000h\000i\000c\000\040\000S\000e\000m\000i\000g\000r\000o\000u\000p\000\040\000G\000e\000n\000e\000r\000a\000t\000i\000o\000n}{section.Alph48.1}% 1354
\BOOKMARK [2][-]{subsection.Alph48.1.56}{\376\377\000T\000h\000e\000\040\000V\000a\000c\000u\000u\000m\000\040\000C\000l\000u\000s\000t\000e\000r\000\040\000E\000x\000p\000a\000n\000s\000i\000o\000n}{section.Alph48.1}% 1355
\BOOKMARK [1][-]{section.Alph48.2}{\376\377\000D\000i\000a\000m\000o\000n\000d\000\040\000S\000t\000a\000n\000d\000a\000r\000d\000\040\000M\000a\000t\000h\000e\000m\000a\000t\000i\000c\000a\000l\000\040\000D\000e\000r\000i\000v\000a\000t\000i\000o\000n\000s}{appendix.Alph48}% 1356
\BOOKMARK [2][-]{subsection.Alph48.2.1}{\376\377\000D\000e\000e\000p\000\040\000S\000t\000r\000u\000c\000t\000u\000r\000a\000l\000\040\000D\000e\000r\000i\000v\000a\000t\000i\000o\000n\000s}{section.Alph48.2}% 1357
\BOOKMARK [2][-]{subsection.Alph48.2.2}{\376\377\000A\000d\000v\000a\000n\000c\000e\000d\000\040\000V\000e\000r\000i\000f\000i\000c\000a\000t\000i\000o\000n\000\040\000D\000e\000r\000i\000v\000a\000t\000i\000o\000n\000s}{section.Alph48.2}% 1358
\BOOKMARK [2][-]{subsection.Alph48.2.3}{\376\377\000A\000n\000a\000l\000y\000t\000i\000c\000\040\000C\000o\000n\000t\000i\000n\000u\000a\000t\000i\000o\000n\000\040\000a\000n\000d\000\040\000C\000o\000h\000o\000m\000o\000l\000o\000g\000y}{section.Alph48.2}% 1359
\BOOKMARK [2][-]{subsection.Alph48.2.4}{\376\377\000A\000l\000g\000e\000b\000r\000a\000i\000c\000\040\000S\000t\000r\000u\000c\000t\000u\000r\000e\000\040\000a\000n\000d\000\040\000T\000o\000p\000o\000l\000o\000g\000y}{section.Alph48.2}% 1360
\BOOKMARK [2][-]{subsection.Alph48.2.5}{\376\377\000D\000y\000n\000a\000m\000i\000c\000s\000\040\000a\000n\000d\000\040\000S\000c\000a\000t\000t\000e\000r\000i\000n\000g\000\040\000T\000h\000e\000o\000r\000y}{section.Alph48.2}% 1361
\BOOKMARK [2][-]{subsection.Alph48.2.6}{\376\377\000D\000i\000s\000c\000r\000e\000t\000e\000\040\000G\000e\000o\000m\000e\000t\000r\000y\000\040\000a\000n\000d\000\040\000R\000e\000l\000a\000t\000i\000v\000i\000t\000y}{section.Alph48.2}% 1362
\BOOKMARK [2][-]{subsection.Alph48.2.7}{\376\377\000G\000e\000o\000m\000e\000t\000r\000i\000c\000\040\000C\000o\000n\000s\000t\000a\000n\000t\000s\000\040\000a\000n\000d\000\040\000C\000a\000n\000c\000e\000l\000l\000a\000t\000i\000o\000n\000s}{section.Alph48.2}% 1363
\BOOKMARK [2][-]{subsection.Alph48.2.8}{\376\377\000M\000e\000a\000s\000u\000r\000e\000\040\000U\000n\000i\000q\000u\000e\000n\000e\000s\000s\000\040\000a\000n\000d\000\040\000R\000i\000g\000o\000r\000o\000u\000s\000\040\000B\000o\000u\000n\000d\000s}{section.Alph48.2}% 1364
\BOOKMARK [2][-]{subsection.Alph48.2.9}{\376\377\000C\000r\000i\000t\000i\000c\000a\000l\000\040\000R\000e\000g\000u\000l\000a\000r\000i\000t\000y\000\040\000a\000n\000d\000\040\000A\000v\000e\000r\000a\000g\000i\000n\000g}{section.Alph48.2}% 1365
\BOOKMARK [2][-]{subsection.Alph48.2.10}{\376\377\000F\000o\000u\000n\000d\000a\000t\000i\000o\000n\000a\000l\000\040\000M\000a\000t\000h\000e\000m\000a\000t\000i\000c\000a\000l\000\040\000D\000e\000r\000i\000v\000a\000t\000i\000o\000n\000s\000\040\000\050\000V\000a\000c\000u\000u\000m\000\040\000\046\000\040\000C\000o\000n\000v\000e\000r\000g\000e\000n\000c\000e\000\051}{section.Alph48.2}% 1366
\BOOKMARK [2][-]{subsection.Alph48.2.11}{\376\377\000P\000a\000r\000t\000i\000c\000l\000e\000\040\000S\000c\000a\000t\000t\000e\000r\000i\000n\000g\000\040\000\046\000\040\000T\000o\000p\000o\000l\000o\000g\000i\000c\000a\000l\000\040\000P\000r\000o\000t\000e\000c\000t\000i\000o\000n}{section.Alph48.2}% 1367
\BOOKMARK [0][-]{appendix.Alph49}{\376\377\000D\000e\000r\000i\000v\000a\000t\000i\000o\000n\000\040\000P\000:\000\040\000T\000h\000e\000\040\000H\000e\000l\000f\000f\000e\000r\000-\000S\000j\000\366\000s\000t\000r\000a\000n\000d\000\040\000F\000o\000r\000m\000u\000l\000a\000\040\000\050\000S\000p\000e\000c\000t\000r\000a\000l\000\040\000D\000e\000c\000a\000y\000\051}{theorem.P.1.10}% 1368
\BOOKMARK [1][-]{section.Alph49.1}{\376\377\000C\000o\000n\000t\000e\000x\000t\000:\000\040\000F\000r\000o\000m\000\040\000S\000p\000e\000c\000t\000r\000u\000m\000\040\000t\000o\000\040\000S\000p\000a\000t\000i\000a\000l\000\040\000D\000e\000c\000a\000y}{appendix.Alph49}% 1369
\BOOKMARK [1][-]{section.Alph49.2}{\376\377\000T\000h\000e\000\040\000H\000e\000l\000f\000f\000e\000r\000-\000S\000j\000\366\000s\000t\000r\000a\000n\000d\000\040\000R\000e\000p\000r\000e\000s\000e\000n\000t\000a\000t\000i\000o\000n}{appendix.Alph49}% 1370
\BOOKMARK [1][-]{section.Alph49.3}{\376\377\000T\000h\000e\000\040\000C\000o\000m\000b\000e\000s\000-\000T\000h\000o\000m\000a\000s\000\040\000B\000o\000u\000n\000d}{appendix.Alph49}% 1371
\BOOKMARK [1][-]{section.Alph49.4}{\376\377\000D\000e\000r\000i\000v\000a\000t\000i\000o\000n\000\040\000o\000f\000\040\000C\000o\000r\000r\000e\000l\000a\000t\000i\000o\000n\000\040\000D\000e\000c\000a\000y}{appendix.Alph49}% 1372
\BOOKMARK [1][-]{section.Alph49.5}{\376\377\000C\000o\000n\000c\000l\000u\000s\000i\000o\000n}{appendix.Alph49}% 1373
\BOOKMARK [0][-]{appendix.Alph50}{\376\377\000D\000e\000r\000i\000v\000a\000t\000i\000o\000n\000\040\000Q\000:\000\040\000T\000h\000e\000\040\000S\000t\000r\000a\000t\000i\000f\000i\000e\000d\000\040\000H\000a\000r\000d\000y\000\040\000I\000n\000e\000q\000u\000a\000l\000i\000t\000y\000\040\000\050\000S\000i\000n\000g\000u\000l\000a\000r\000i\000t\000y\000\040\000C\000o\000n\000t\000r\000o\000l\000\051}{theorem.P.1.10}% 1374
\BOOKMARK [1][-]{section.Alph50.1}{\376\377\000C\000o\000n\000t\000e\000x\000t\000:\000\040\000T\000h\000e\000\040\000G\000e\000o\000m\000e\000t\000r\000y\000\040\000o\000f\000\040\000G\000a\000u\000g\000e\000\040\000O\000r\000b\000i\000t\000s}{appendix.Alph50}% 1375
\BOOKMARK [1][-]{section.Alph50.2}{\376\377\000L\000o\000c\000a\000l\000\040\000S\000t\000r\000u\000c\000t\000u\000r\000e\000\040\000o\000f\000\040\000S\000i\000n\000g\000u\000l\000a\000r\000i\000t\000i\000e\000s\000:\000\040\000T\000h\000e\000\040\000S\000l\000i\000c\000e\000\040\000T\000h\000e\000o\000r\000e\000m}{appendix.Alph50}% 1376
\BOOKMARK [1][-]{section.Alph50.3}{\376\377\000D\000e\000r\000i\000v\000a\000t\000i\000o\000n\000:\000\040\000T\000h\000e\000\040\000H\000a\000m\000i\000l\000t\000o\000n\000i\000a\000n\000\040\000o\000n\000\040\000t\000h\000e\000\040\000C\000o\000n\000e}{appendix.Alph50}% 1377
\BOOKMARK [1][-]{section.Alph50.4}{\376\377\000T\000h\000e\000\040\000H\000a\000r\000d\000y\000\040\000I\000n\000e\000q\000u\000a\000l\000i\000t\000y\000\040\000a\000n\000d\000\040\000E\000s\000s\000e\000n\000t\000i\000a\000l\000\040\000S\000e\000l\000f\000-\000A\000d\000j\000o\000i\000n\000t\000n\000e\000s\000s}{appendix.Alph50}% 1378
\BOOKMARK [1][-]{section.Alph50.5}{\376\377\000C\000o\000n\000c\000l\000u\000s\000i\000o\000n\000:\000\040\000U\000n\000i\000q\000u\000e\000n\000e\000s\000s\000\040\000o\000f\000\040\000D\000y\000n\000a\000m\000i\000c\000s}{appendix.Alph50}% 1379
\BOOKMARK [1][-]{section.Alph50.6}{\376\377\000A\000l\000t\000e\000r\000n\000a\000t\000i\000v\000e\000\040\000R\000i\000g\000o\000r\000o\000u\000s\000\040\000F\000o\000r\000m\000u\000l\000a\000t\000i\000o\000n\000:\000\040\000G\000r\000i\000b\000o\000v\000-\000Z\000w\000a\000n\000z\000i\000g\000e\000r\000\040\000A\000c\000t\000i\000o\000n}{appendix.Alph50}% 1380
\BOOKMARK [2][-]{subsection.Alph50.6.1}{\376\377\000T\000h\000e\000\040\000G\000r\000i\000b\000o\000v\000-\000Z\000w\000a\000n\000z\000i\000g\000e\000r\000\040\000A\000c\000t\000i\000o\000n}{section.Alph50.6}% 1381
\BOOKMARK [0][-]{appendix.Alph51}{\376\377\000D\000e\000r\000i\000v\000a\000t\000i\000o\000n\000\040\000R\000:\000\040\000T\000h\000e\000\040\000R\000e\000s\000u\000r\000g\000e\000n\000c\000e\000\040\000C\000a\000n\000c\000e\000l\000l\000a\000t\000i\000o\000n\000\040\000\050\000N\000o\000n\000-\000P\000e\000r\000t\000u\000r\000b\000a\000t\000i\000v\000e\000\040\000A\000m\000b\000i\000g\000u\000i\000t\000y\000\051}{theorem.P.1.10}% 1382
\BOOKMARK [1][-]{section.Alph51.1}{\376\377\000C\000o\000n\000t\000e\000x\000t\000:\000\040\000T\000h\000e\000\040\000U\000n\000-\000S\000u\000m\000m\000a\000b\000i\000l\000i\000t\000y\000\040\000o\000f\000\040\000P\000e\000r\000t\000u\000r\000b\000a\000t\000i\000o\000n\000\040\000T\000h\000e\000o\000r\000y}{appendix.Alph51}% 1383
\BOOKMARK [1][-]{section.Alph51.2}{\376\377\000D\000e\000r\000i\000v\000a\000t\000i\000o\000n\000:\000\040\000T\000r\000a\000n\000s\000-\000S\000e\000r\000i\000e\000s\000\040\000E\000x\000p\000a\000n\000s\000i\000o\000n}{appendix.Alph51}% 1384
\BOOKMARK [2][-]{subsection.Alph51.2.1}{\376\377\000S\000t\000e\000p\000\040\0001\000:\000\040\000T\000h\000e\000\040\000B\000o\000r\000e\000l\000\040\000T\000r\000a\000n\000s\000f\000o\000r\000m\000\040\000a\000n\000d\000\040\000S\000i\000n\000g\000u\000l\000a\000r\000i\000t\000i\000e\000s}{section.Alph51.2}% 1385
\BOOKMARK [2][-]{subsection.Alph51.2.2}{\376\377\000S\000t\000e\000p\000\040\0002\000:\000\040\000T\000h\000e\000\040\000I\000n\000s\000t\000a\000n\000t\000o\000n\000-\000A\000n\000t\000i\000-\000I\000n\000s\000t\000a\000n\000t\000o\000n\000\040\000A\000m\000p\000l\000i\000t\000u\000d\000e}{section.Alph51.2}% 1386
\BOOKMARK [2][-]{subsection.Alph51.2.3}{\376\377\000S\000t\000e\000p\000\040\0003\000:\000\040\000T\000h\000e\000\040\000B\000o\000g\000o\000m\000o\000l\000n\000y\000-\000Z\000i\000n\000n\000-\000J\000u\000s\000t\000i\000n\000\040\000\050\000B\000Z\000J\000\051\000\040\000C\000a\000n\000c\000e\000l\000l\000a\000t\000i\000o\000n}{section.Alph51.2}% 1387
\BOOKMARK [1][-]{section.Alph51.3}{\376\377\000C\000o\000n\000c\000l\000u\000s\000i\000o\000n\000:\000\040\000A\000\040\000R\000e\000a\000l\000\040\000P\000h\000y\000s\000i\000c\000a\000l\000\040\000M\000a\000s\000s}{appendix.Alph51}% 1388
\BOOKMARK [0][-]{appendix.Alph52}{\376\377\000D\000e\000r\000i\000v\000a\000t\000i\000o\000n\000\040\000S\000:\000\040\000T\000h\000e\000\040\000'\000t\000\040\000H\000o\000o\000f\000t\000\040\000L\000o\000o\000p\000\040\000A\000l\000g\000e\000b\000r\000a\000\040\000\050\000A\000l\000g\000e\000b\000r\000a\000i\000c\000\040\000C\000o\000n\000f\000i\000n\000e\000m\000e\000n\000t\000\051}{theorem.P.1.10}% 1389
\BOOKMARK [1][-]{section.Alph52.1}{\376\377\000C\000o\000n\000t\000e\000x\000t\000:\000\040\000A\000l\000g\000e\000b\000r\000a\000i\000c\000\040\000O\000r\000d\000e\000r\000\040\000P\000a\000r\000a\000m\000e\000t\000e\000r\000s}{appendix.Alph52}% 1390
\BOOKMARK [1][-]{section.Alph52.2}{\376\377\000D\000e\000r\000i\000v\000a\000t\000i\000o\000n\000:\000\040\000T\000h\000e\000\040\000W\000e\000y\000l\000\040\000A\000l\000g\000e\000b\000r\000a\000\040\000o\000f\000\040\000L\000o\000o\000p\000s}{appendix.Alph52}% 1391
\BOOKMARK [2][-]{subsection.Alph52.2.1}{\376\377\000S\000t\000e\000p\000\040\0001\000:\000\040\000T\000h\000e\000\040\000'\000t\000\040\000H\000o\000o\000f\000t\000\040\000O\000p\000e\000r\000a\000t\000o\000r\000\040\000D\000e\000f\000i\000n\000i\000t\000i\000o\000n}{section.Alph52.2}% 1392
\BOOKMARK [2][-]{subsection.Alph52.2.2}{\376\377\000S\000t\000e\000p\000\040\0002\000:\000\040\000T\000h\000e\000\040\000C\000o\000m\000m\000u\000t\000a\000t\000i\000o\000n\000\040\000R\000e\000l\000a\000t\000i\000o\000n}{section.Alph52.2}% 1393
\BOOKMARK [1][-]{section.Alph52.3}{\376\377\000I\000m\000p\000l\000i\000c\000a\000t\000i\000o\000n\000\040\000f\000o\000r\000\040\000C\000o\000n\000f\000i\000n\000e\000m\000e\000n\000t}{appendix.Alph52}% 1394
\BOOKMARK [1][-]{section.Alph52.4}{\376\377\000C\000o\000n\000c\000l\000u\000s\000i\000o\000n}{appendix.Alph52}% 1395
\BOOKMARK [0][-]{appendix.Alph53}{\376\377\000D\000e\000r\000i\000v\000a\000t\000i\000o\000n\000\040\000T\000:\000\040\000T\000h\000e\000\040\000R\000o\000u\000g\000h\000\040\000P\000a\000t\000h\000\040\000L\000i\000f\000t\000\040\000f\000o\000r\000\040\000C\000o\000n\000t\000i\000n\000u\000u\000m\000\040\000O\000b\000s\000e\000r\000v\000a\000b\000l\000e\000s}{theorem.P.1.10}% 1396
\BOOKMARK [1][-]{section.Alph53.1}{\376\377\000C\000o\000n\000t\000e\000x\000t\000:\000\040\000T\000h\000e\000\040\000C\000o\000n\000t\000i\000n\000u\000u\000m\000\040\000O\000b\000s\000e\000r\000v\000a\000b\000l\000e\000\040\000P\000r\000o\000b\000l\000e\000m}{appendix.Alph53}% 1397
\BOOKMARK [1][-]{section.Alph53.2}{\376\377\000T\000h\000e\000o\000r\000e\000m\000\040\000T\000.\0001\000\040\000\050\000C\000o\000n\000t\000i\000n\000u\000i\000t\000y\000\040\000o\000f\000\040\000t\000h\000e\000\040\000H\000o\000l\000o\000n\000o\000m\000y\000\040\000M\000a\000p\000\051}{appendix.Alph53}% 1398
\BOOKMARK [1][-]{section.Alph53.3}{\376\377\000P\000r\000o\000o\000f\000\040\000D\000e\000r\000i\000v\000a\000t\000i\000o\000n}{appendix.Alph53}% 1399
\BOOKMARK [2][-]{subsection.Alph53.3.1}{\376\377\000S\000t\000e\000p\000\040\0001\000:\000\040\000S\000i\000g\000n\000a\000t\000u\000r\000e\000\040\000C\000o\000n\000s\000t\000r\000u\000c\000t\000i\000o\000n}{section.Alph53.3}% 1400
\BOOKMARK [2][-]{subsection.Alph53.3.2}{\376\377\000S\000t\000e\000p\000\040\0002\000:\000\040\000S\000e\000w\000i\000n\000g\000\040\000L\000e\000m\000m\000a}{section.Alph53.3}% 1401
\BOOKMARK [2][-]{subsection.Alph53.3.3}{\376\377\000S\000t\000e\000p\000\040\0003\000:\000\040\000R\000e\000n\000o\000r\000m\000a\000l\000i\000z\000e\000d\000\040\000T\000r\000a\000c\000e}{section.Alph53.3}% 1402
\BOOKMARK [2][-]{subsection.Alph53.3.4}{\376\377\000S\000t\000e\000p\000\040\0004\000:\000\040\000L\000i\000m\000i\000t\000\040\000E\000x\000i\000s\000t\000e\000n\000c\000e}{section.Alph53.3}% 1403
\BOOKMARK [0][-]{appendix.Alph54}{\376\377\000D\000e\000r\000i\000v\000a\000t\000i\000o\000n\000\040\000U\000:\000\040\000T\000h\000e\000\040\000L\000a\000t\000t\000i\000c\000e\000\040\000B\000R\000S\000T\000\040\000C\000o\000h\000o\000m\000o\000l\000o\000g\000y\000\040\000\050\000U\000n\000i\000t\000a\000r\000i\000t\000y\000\051}{theorem.P.1.10}% 1404
\BOOKMARK [1][-]{section.Alph54.1}{\376\377\000C\000o\000n\000t\000e\000x\000t\000:\000\040\000G\000h\000o\000s\000t\000s\000\040\000a\000n\000d\000\040\000U\000n\000i\000t\000a\000r\000i\000t\000y}{appendix.Alph54}% 1405
\BOOKMARK [1][-]{section.Alph54.2}{\376\377\000T\000h\000e\000o\000r\000e\000m\000\040\000U\000.\0001\000\040\000\050\000P\000o\000s\000i\000t\000i\000v\000i\000t\000y\000\040\000o\000f\000\040\000t\000h\000e\000\040\000P\000h\000y\000s\000i\000c\000a\000l\000\040\000H\000i\000l\000b\000e\000r\000t\000\040\000S\000p\000a\000c\000e\000\051}{appendix.Alph54}% 1406
\BOOKMARK [1][-]{section.Alph54.3}{\376\377\000P\000r\000o\000o\000f\000\040\000D\000e\000r\000i\000v\000a\000t\000i\000o\000n}{appendix.Alph54}% 1407
\BOOKMARK [2][-]{subsection.Alph54.3.1}{\376\377\000S\000t\000e\000p\000\040\0001\000:\000\040\000N\000i\000l\000p\000o\000t\000e\000n\000c\000y}{section.Alph54.3}% 1408
\BOOKMARK [2][-]{subsection.Alph54.3.2}{\376\377\000S\000t\000e\000p\000\040\0002\000:\000\040\000K\000u\000g\000o\000-\000O\000j\000i\000m\000a\000\040\000Q\000u\000a\000r\000t\000e\000t\000\040\000M\000e\000c\000h\000a\000n\000i\000s\000m}{section.Alph54.3}% 1409
\BOOKMARK [2][-]{subsection.Alph54.3.3}{\376\377\000S\000t\000e\000p\000\040\0003\000:\000\040\000H\000o\000m\000o\000t\000o\000p\000y\000\040\000O\000p\000e\000r\000a\000t\000o\000r}{section.Alph54.3}% 1410
\BOOKMARK [2][-]{subsection.Alph54.3.4}{\376\377\000S\000t\000e\000p\000\040\0004\000:\000\040\000M\000e\000t\000r\000i\000c\000\040\000P\000o\000s\000i\000t\000i\000v\000i\000t\000y}{section.Alph54.3}% 1411
\BOOKMARK [0][-]{appendix.Alph55}{\376\377\000D\000e\000r\000i\000v\000a\000t\000i\000o\000n\000\040\000V\000:\000\040\000T\000h\000e\000\040\000G\000l\000u\000e\000b\000a\000l\000l\000\040\000S\000p\000i\000n\000\040\000I\000n\000e\000q\000u\000a\000l\000i\000t\000y}{theorem.P.1.10}% 1412
\BOOKMARK [1][-]{section.Alph55.1}{\376\377\000C\000o\000n\000t\000e\000x\000t}{appendix.Alph55}% 1413
\BOOKMARK [1][-]{section.Alph55.2}{\376\377\000T\000h\000e\000o\000r\000e\000m\000\040\000V\000.\0001\000\040\000\050\000S\000c\000a\000l\000a\000r\000\040\000G\000r\000o\000u\000n\000d\000\040\000S\000t\000a\000t\000e\000\040\000D\000o\000m\000i\000n\000a\000n\000c\000e\000\051}{appendix.Alph55}% 1414
\BOOKMARK [1][-]{section.Alph55.3}{\376\377\000P\000r\000o\000o\000f\000\040\000D\000e\000r\000i\000v\000a\000t\000i\000o\000n}{appendix.Alph55}% 1415
\BOOKMARK [2][-]{subsection.Alph55.3.1}{\376\377\000S\000t\000e\000p\000\040\0001\000:\000\040\000T\000r\000a\000n\000s\000f\000e\000r\000\040\000M\000a\000t\000r\000i\000x\000\040\000K\000e\000r\000n\000e\000l}{section.Alph55.3}% 1416
\BOOKMARK [2][-]{subsection.Alph55.3.2}{\376\377\000S\000t\000e\000p\000\040\0002\000:\000\040\000C\000h\000a\000n\000n\000e\000l\000\040\000D\000e\000c\000o\000m\000p\000o\000s\000i\000t\000i\000o\000n}{section.Alph55.3}% 1417
\BOOKMARK [2][-]{subsection.Alph55.3.3}{\376\377\000S\000t\000e\000p\000\040\0003\000:\000\040\000C\000o\000n\000s\000t\000r\000u\000c\000t\000i\000v\000e\000\040\000I\000n\000t\000e\000r\000f\000e\000r\000e\000n\000c\000e}{section.Alph55.3}% 1418
\BOOKMARK [2][-]{subsection.Alph55.3.4}{\376\377\000S\000t\000e\000p\000\040\0004\000:\000\040\000P\000e\000r\000r\000o\000n\000-\000F\000r\000o\000b\000e\000n\000i\000u\000s\000\040\000C\000o\000n\000e}{section.Alph55.3}% 1419
\BOOKMARK [0][-]{appendix.Alph56}{\376\377\000D\000e\000r\000i\000v\000a\000t\000i\000o\000n\000\040\000W\000:\000\040\000T\000h\000e\000\040\000M\000a\000k\000e\000e\000n\000k\000o\000-\000M\000i\000g\000d\000a\000l\000\040\000L\000o\000o\000p\000\040\000E\000q\000u\000a\000t\000i\000o\000n}{theorem.P.1.10}% 1420
\BOOKMARK [1][-]{section.Alph56.1}{\376\377\000C\000o\000n\000t\000e\000x\000t}{appendix.Alph56}% 1421
\BOOKMARK [1][-]{section.Alph56.2}{\376\377\000T\000h\000e\000o\000r\000e\000m\000\040\000W\000.\0001\000\040\000\050\000D\000i\000s\000t\000r\000i\000b\000u\000t\000i\000o\000n\000a\000l\000\040\000C\000o\000n\000v\000e\000r\000g\000e\000n\000c\000e\000\040\000o\000f\000\040\000D\000y\000n\000a\000m\000i\000c\000s\000\051}{appendix.Alph56}% 1422
\BOOKMARK [1][-]{section.Alph56.3}{\376\377\000P\000r\000o\000o\000f\000\040\000D\000e\000r\000i\000v\000a\000t\000i\000o\000n}{appendix.Alph56}% 1423
\BOOKMARK [2][-]{subsection.Alph56.3.1}{\376\377\000S\000t\000e\000p\000\040\0001\000:\000\040\000L\000a\000t\000t\000i\000c\000e\000\040\000V\000a\000r\000i\000a\000t\000i\000o\000n}{section.Alph56.3}% 1424
\BOOKMARK [2][-]{subsection.Alph56.3.2}{\376\377\000S\000t\000e\000p\000\040\0002\000:\000\040\000I\000n\000t\000e\000r\000s\000e\000c\000t\000i\000o\000n\000\040\000T\000e\000r\000m}{section.Alph56.3}% 1425
\BOOKMARK [2][-]{subsection.Alph56.3.3}{\376\377\000S\000t\000e\000p\000\040\0003\000:\000\040\000R\000e\000n\000o\000r\000m\000a\000l\000i\000z\000a\000t\000i\000o\000n\000\040\000C\000a\000n\000c\000e\000l\000l\000a\000t\000i\000o\000n}{section.Alph56.3}% 1426
\BOOKMARK [2][-]{subsection.Alph56.3.4}{\376\377\000S\000t\000e\000p\000\040\0004\000:\000\040\000D\000i\000s\000t\000r\000i\000b\000u\000t\000i\000o\000n\000a\000l\000\040\000L\000i\000m\000i\000t}{section.Alph56.3}% 1427
\BOOKMARK [0][-]{appendix.Alph57}{\376\377\000D\000e\000r\000i\000v\000a\000t\000i\000o\000n\000\040\000X\000:\000\040\000T\000h\000e\000\040\000K\000a\000t\000o\000-\000T\000r\000o\000t\000t\000e\000r\000\040\000P\000r\000o\000d\000u\000c\000t\000\040\000F\000o\000r\000m\000u\000l\000a}{theorem.P.1.10}% 1428
\BOOKMARK [1][-]{section.Alph57.1}{\376\377\000C\000o\000n\000t\000e\000x\000t}{appendix.Alph57}% 1429
\BOOKMARK [1][-]{section.Alph57.2}{\376\377\000T\000h\000e\000o\000r\000e\000m\000\040\000X\000.\0001\000\040\000\050\000S\000t\000r\000o\000n\000g\000\040\000S\000e\000m\000i\000g\000r\000o\000u\000p\000\040\000C\000o\000n\000v\000e\000r\000g\000e\000n\000c\000e\000\051}{appendix.Alph57}% 1430
\BOOKMARK [1][-]{section.Alph57.3}{\376\377\000P\000r\000o\000o\000f\000\040\000D\000e\000r\000i\000v\000a\000t\000i\000o\000n}{appendix.Alph57}% 1431
\BOOKMARK [2][-]{subsection.Alph57.3.1}{\376\377\000S\000t\000e\000p\000\040\0001\000:\000\040\000C\000o\000m\000m\000o\000n\000\040\000C\000o\000r\000e}{section.Alph57.3}% 1432
\BOOKMARK [2][-]{subsection.Alph57.3.2}{\376\377\000S\000t\000e\000p\000\040\0002\000:\000\040\000S\000t\000a\000b\000i\000l\000i\000t\000y\000\040\000C\000o\000n\000d\000i\000t\000i\000o\000n}{section.Alph57.3}% 1433
\BOOKMARK [2][-]{subsection.Alph57.3.3}{\376\377\000S\000t\000e\000p\000\040\0003\000:\000\040\000C\000o\000n\000s\000i\000s\000t\000e\000n\000c\000y}{section.Alph57.3}% 1434
\BOOKMARK [2][-]{subsection.Alph57.3.4}{\376\377\000S\000t\000e\000p\000\040\0004\000:\000\040\000T\000r\000o\000t\000t\000e\000r\000-\000C\000h\000e\000r\000n\000o\000f\000f\000\040\000T\000h\000e\000o\000r\000e\000m}{section.Alph57.3}% 1435
\BOOKMARK [0][-]{appendix.Alph58}{\376\377\000D\000e\000r\000i\000v\000a\000t\000i\000o\000n\000\040\000Y\000:\000\040\000T\000h\000e\000\040\000K\000M\000S\000\040\000C\000o\000n\000d\000i\000t\000i\000o\000n\000\040\000\050\000A\000l\000g\000e\000b\000r\000a\000i\000c\000\040\000U\000n\000i\000q\000u\000e\000n\000e\000s\000s\000\051}{theorem.P.1.10}% 1436
\BOOKMARK [1][-]{section.Alph58.1}{\376\377\000C\000o\000n\000t\000e\000x\000t}{appendix.Alph58}% 1437
\BOOKMARK [1][-]{section.Alph58.2}{\376\377\000T\000h\000e\000o\000r\000e\000m\000\040\000Y\000.\0001\000\040\000\050\000T\000o\000m\000i\000t\000a\000-\000T\000a\000k\000e\000s\000a\000k\000i\000\040\000U\000n\000i\000q\000u\000e\000n\000e\000s\000s\000\051}{appendix.Alph58}% 1438
\BOOKMARK [1][-]{section.Alph58.3}{\376\377\000P\000r\000o\000o\000f\000\040\000D\000e\000r\000i\000v\000a\000t\000i\000o\000n}{appendix.Alph58}% 1439
\BOOKMARK [2][-]{subsection.Alph58.3.1}{\376\377\000S\000t\000e\000p\000\040\0001\000:\000\040\000T\000r\000a\000n\000s\000f\000e\000r\000\040\000M\000a\000t\000r\000i\000x\000\040\000D\000y\000n\000a\000m\000i\000c\000s}{section.Alph58.3}% 1440
\BOOKMARK [2][-]{subsection.Alph58.3.2}{\376\377\000S\000t\000e\000p\000\040\0002\000:\000\040\000E\000r\000g\000o\000d\000i\000c\000i\000t\000y}{section.Alph58.3}% 1441
\BOOKMARK [2][-]{subsection.Alph58.3.3}{\376\377\000S\000t\000e\000p\000\040\0003\000:\000\040\000T\000r\000i\000v\000i\000a\000l\000\040\000C\000e\000n\000t\000e\000r}{section.Alph58.3}% 1442
\BOOKMARK [2][-]{subsection.Alph58.3.4}{\376\377\000S\000t\000e\000p\000\040\0004\000:\000\040\000A\000r\000a\000k\000i\000'\000s\000\040\000T\000h\000e\000o\000r\000e\000m}{section.Alph58.3}% 1443
\BOOKMARK [0][-]{appendix.Alph59}{\376\377\000D\000e\000r\000i\000v\000a\000t\000i\000o\000n\000\040\000A\000N\000:\000\040\000T\000h\000e\000\040\000V\000a\000f\000a\000-\000W\000i\000t\000t\000e\000n\000\040\000B\000o\000u\000n\000d\000\040\000\050\000T\000o\000p\000o\000l\000o\000g\000i\000c\000a\000l\000\040\000S\000t\000a\000b\000i\000l\000i\000t\000y\000\051}{theorem.P.1.10}% 1444
\BOOKMARK [1][-]{section.Alph59.1}{\376\377\000C\000o\000n\000t\000e\000x\000t}{appendix.Alph59}% 1445
\BOOKMARK [1][-]{section.Alph59.2}{\376\377\000T\000h\000e\000o\000r\000e\000m\000\040\000A\000N\000.\0001\000\040\000\050\000V\000a\000f\000a\000-\000W\000i\000t\000t\000e\000n\000\040\000P\000o\000s\000i\000t\000i\000v\000i\000t\000y\000\051}{appendix.Alph59}% 1446
\BOOKMARK [1][-]{section.Alph59.3}{\376\377\000P\000r\000o\000o\000f\000\040\000D\000e\000r\000i\000v\000a\000t\000i\000o\000n}{appendix.Alph59}% 1447
\BOOKMARK [2][-]{subsection.Alph59.3.1}{\376\377\000S\000t\000e\000p\000\040\0001\000:\000\040\000M\000e\000a\000s\000u\000r\000e\000\040\000T\000r\000a\000n\000s\000f\000o\000r\000m\000a\000t\000i\000o\000n}{section.Alph59.3}% 1448
\BOOKMARK [2][-]{subsection.Alph59.3.2}{\376\377\000S\000t\000e\000p\000\040\0002\000:\000\040\000R\000e\000f\000l\000e\000c\000t\000i\000o\000n\000\040\000P\000o\000s\000i\000t\000i\000v\000i\000t\000y}{section.Alph59.3}% 1449
\BOOKMARK [2][-]{subsection.Alph59.3.3}{\376\377\000S\000t\000e\000p\000\040\0003\000:\000\040\000C\000a\000u\000c\000h\000y\000-\000S\000c\000h\000w\000a\000r\000z\000\040\000I\000n\000e\000q\000u\000a\000l\000i\000t\000y}{section.Alph59.3}% 1450
\BOOKMARK [2][-]{subsection.Alph59.3.4}{\376\377\000S\000t\000e\000p\000\040\0004\000:\000\040\000E\000n\000e\000r\000g\000y\000\040\000B\000o\000u\000n\000d}{section.Alph59.3}% 1451
\BOOKMARK [0][-]{appendix.Alph60}{\376\377\000D\000e\000r\000i\000v\000a\000t\000i\000o\000n\000\040\000A\000A\000:\000\040\000T\000h\000e\000\040\000M\000a\000y\000e\000r\000-\000M\000o\000n\000t\000r\000o\000l\000l\000\040\000E\000q\000u\000a\000t\000i\000o\000n\000\040\000\050\000E\000x\000p\000l\000i\000c\000i\000t\000\040\000C\000o\000n\000v\000e\000r\000g\000e\000n\000c\000e\000\051}{theorem.P.1.10}% 1452
\BOOKMARK [1][-]{section.Alph60.1}{\376\377\000C\000o\000n\000t\000e\000x\000t}{appendix.Alph60}% 1453
\BOOKMARK [1][-]{section.Alph60.2}{\376\377\000T\000h\000e\000o\000r\000e\000m\000\040\000A\000A\000.\0001\000\040\000\050\000A\000l\000g\000e\000b\000r\000a\000i\000c\000\040\000R\000a\000d\000i\000u\000s\000\040\000o\000f\000\040\000C\000o\000n\000v\000e\000r\000g\000e\000n\000c\000e\000\051}{appendix.Alph60}% 1454
\BOOKMARK [1][-]{section.Alph60.3}{\376\377\000P\000r\000o\000o\000f\000\040\000D\000e\000r\000i\000v\000a\000t\000i\000o\000n}{appendix.Alph60}% 1455
\BOOKMARK [2][-]{subsection.Alph60.3.1}{\376\377\000S\000t\000e\000p\000\040\0001\000:\000\040\000P\000e\000n\000r\000o\000s\000e\000\040\000T\000r\000e\000e\000\040\000I\000d\000e\000n\000t\000i\000t\000y}{section.Alph60.3}% 1456
\BOOKMARK [2][-]{subsection.Alph60.3.2}{\376\377\000S\000t\000e\000p\000\040\0002\000:\000\040\000C\000a\000y\000l\000e\000y\000'\000s\000\040\000F\000o\000r\000m\000u\000l\000a}{section.Alph60.3}% 1457
\BOOKMARK [2][-]{subsection.Alph60.3.3}{\376\377\000S\000t\000e\000p\000\040\0003\000:\000\040\000F\000a\000c\000t\000o\000r\000i\000a\000l\000\040\000B\000o\000u\000n\000d}{section.Alph60.3}% 1458
\BOOKMARK [2][-]{subsection.Alph60.3.4}{\376\377\000S\000t\000e\000p\000\040\0004\000:\000\040\000C\000o\000n\000v\000e\000r\000g\000e\000n\000c\000e}{section.Alph60.3}% 1459
\BOOKMARK [0][-]{appendix.Alph61}{\376\377\000D\000e\000r\000i\000v\000a\000t\000i\000o\000n\000\040\000Z\000:\000\040\000M\000a\000l\000l\000i\000a\000v\000i\000n\000\040\000D\000e\000r\000i\000v\000a\000t\000i\000v\000e\000\040\000I\000n\000t\000e\000g\000r\000a\000t\000i\000o\000n\000\040\000b\000y\000\040\000P\000a\000r\000t\000s}{theorem.P.1.10}% 1460
\BOOKMARK [1][-]{section.Alph61.1}{\376\377\000U\000s\000e\000\040\000o\000f\000\040\000M\000a\000l\000l\000i\000a\000v\000i\000n\000\040\000C\000a\000l\000c\000u\000l\000u\000s\000\040\000i\000n\000\040\000M\000a\000s\000s\000\040\000G\000a\000p\000\040\000R\000e\000g\000u\000l\000a\000r\000i\000t\000y}{appendix.Alph61}% 1461
\BOOKMARK [1][-]{section.Alph61.2}{\376\377\000T\000h\000e\000\040\000I\000n\000t\000e\000g\000r\000a\000t\000i\000o\000n\000\040\000b\000y\000\040\000P\000a\000r\000t\000s\000\040\000F\000o\000r\000m\000u\000l\000a}{appendix.Alph61}% 1462
\BOOKMARK [2][-]{subsection.Alph61.2.1}{\376\377\000C\000o\000n\000s\000t\000r\000u\000c\000t\000i\000o\000n\000\040\000o\000n\000\040\000t\000h\000e\000\040\000L\000a\000t\000t\000i\000c\000e}{section.Alph61.2}% 1463
\BOOKMARK [1][-]{section.Alph61.3}{\376\377\000R\000e\000g\000u\000l\000a\000r\000i\000t\000y\000\040\000o\000f\000\040\000t\000h\000e\000\040\000S\000p\000e\000c\000t\000r\000a\000l\000\040\000G\000a\000p}{appendix.Alph61}% 1464
\BOOKMARK [1][-]{section.Alph61.4}{\376\377\000C\000o\000n\000c\000l\000u\000s\000i\000o\000n}{appendix.Alph61}% 1465
\BOOKMARK [0][-]{appendix.Alph62}{\376\377\000D\000e\000r\000i\000v\000a\000t\000i\000o\000n\000\040\000A\000B\000:\000\040\000C\000l\000u\000s\000t\000e\000r\000\040\000E\000x\000p\000a\000n\000s\000i\000o\000n\000\040\000o\000f\000\040\000t\000h\000e\000\040\000L\000o\000g\000a\000r\000i\000t\000h\000m}{theorem.P.1.10}% 1466
\BOOKMARK [1][-]{section.Alph62.1}{\376\377\000E\000x\000i\000s\000t\000e\000n\000c\000e\000\040\000o\000f\000\040\000t\000h\000e\000\040\000T\000h\000e\000r\000m\000o\000d\000y\000n\000a\000m\000i\000c\000\040\000L\000i\000m\000i\000t}{appendix.Alph62}% 1467
\BOOKMARK [1][-]{section.Alph62.2}{\376\377\000T\000h\000e\000\040\000M\000a\000y\000e\000r\000\040\000E\000x\000p\000a\000n\000s\000i\000o\000n}{appendix.Alph62}% 1468
\BOOKMARK [1][-]{section.Alph62.3}{\376\377\000T\000h\000e\000\040\000L\000o\000g\000a\000r\000i\000t\000h\000m\000\040\000a\000n\000d\000\040\000C\000o\000n\000n\000e\000c\000t\000e\000d\000\040\000C\000l\000u\000s\000t\000e\000r\000s}{appendix.Alph62}% 1469
\BOOKMARK [2][-]{subsection.Alph62.3.1}{\376\377\000C\000o\000n\000v\000e\000r\000g\000e\000n\000c\000e\000\040\000v\000i\000a\000\040\000K\000o\000t\000e\000c\000k\000\375\000-\000P\000r\000e\000i\000s\000s}{section.Alph62.3}% 1470
\BOOKMARK [0][-]{appendix.Alph63}{\376\377\000D\000e\000r\000i\000v\000a\000t\000i\000o\000n\000\040\000A\000D\000:\000\040\000D\000u\000h\000a\000m\000e\000l\000'\000s\000\040\000E\000x\000p\000a\000n\000s\000i\000o\000n}{theorem.P.1.10}% 1471
\BOOKMARK [1][-]{section.Alph63.1}{\376\377\000S\000e\000m\000i\000g\000r\000o\000u\000p\000\040\000P\000e\000r\000t\000u\000r\000b\000a\000t\000i\000o\000n\000\040\000T\000h\000e\000o\000r\000y}{appendix.Alph63}% 1472
\BOOKMARK [1][-]{section.Alph63.2}{\376\377\000T\000h\000e\000\040\000E\000x\000p\000a\000n\000s\000i\000o\000n}{appendix.Alph63}% 1473
\BOOKMARK [1][-]{section.Alph63.3}{\376\377\000A\000p\000p\000l\000i\000c\000a\000t\000i\000o\000n\000\040\000t\000o\000\040\000S\000p\000e\000c\000t\000r\000a\000l\000\040\000G\000a\000p\000s}{appendix.Alph63}% 1474
\BOOKMARK [1][-]{section.Alph63.4}{\376\377\000C\000o\000n\000c\000l\000u\000s\000i\000o\000n}{appendix.Alph63}% 1475
\BOOKMARK [0][-]{appendix.Alph64}{\376\377\000D\000e\000r\000i\000v\000a\000t\000i\000o\000n\000\040\000A\000I\000:\000\040\000S\000t\000o\000c\000h\000a\000s\000t\000i\000c\000\040\000Q\000u\000a\000n\000t\000i\000z\000a\000t\000i\000o\000n\000\040\000\050\000L\000a\000n\000g\000e\000v\000i\000n\000\051}{theorem.P.1.10}% 1476
\BOOKMARK [1][-]{section.Alph64.1}{\376\377\000R\000e\000s\000o\000l\000u\000t\000i\000o\000n\000\040\000o\000f\000\040\000t\000h\000e\000\040\000G\000r\000i\000b\000o\000v\000\040\000A\000m\000b\000i\000g\000u\000i\000t\000y}{appendix.Alph64}% 1477
\BOOKMARK [1][-]{section.Alph64.2}{\376\377\000T\000h\000e\000\040\000L\000a\000n\000g\000e\000v\000i\000n\000\040\000E\000q\000u\000a\000t\000i\000o\000n}{appendix.Alph64}% 1478
\BOOKMARK [2][-]{subsection.Alph64.2.1}{\376\377\000W\000e\000l\000l\000-\000P\000o\000s\000e\000d\000n\000e\000s\000s\000\040\000o\000n\000\040\000t\000h\000e\000\040\000Q\000u\000o\000t\000i\000e\000n\000t\000\040\000S\000p\000a\000c\000e}{section.Alph64.2}% 1479
\BOOKMARK [1][-]{section.Alph64.3}{\376\377\000T\000h\000e\000\040\000P\000h\000y\000s\000i\000c\000a\000l\000\040\000M\000a\000s\000s\000\040\000G\000a\000p\000\040\000v\000i\000a\000\040\000S\000t\000o\000c\000h\000a\000s\000t\000i\000c\000\040\000T\000i\000m\000e}{appendix.Alph64}% 1480
\BOOKMARK [1][-]{section.Alph64.4}{\376\377\000C\000o\000n\000c\000l\000u\000s\000i\000o\000n}{appendix.Alph64}% 1481
\BOOKMARK [0][-]{appendix.Alph65}{\376\377\000D\000e\000r\000i\000v\000a\000t\000i\000o\000n\000\040\000Q\000:\000\040\000M\000a\000r\000t\000i\000n\000g\000a\000l\000e\000\040\000C\000o\000n\000v\000e\000r\000g\000e\000n\000c\000e\000\040\000f\000o\000r\000\040\000G\000l\000u\000e\000b\000a\000l\000l\000s}{theorem.P.1.10}% 1482
\BOOKMARK [1][-]{section.Alph65.1}{\376\377\000G\000l\000u\000e\000b\000a\000l\000l\000\040\000S\000t\000a\000t\000e\000s\000\040\000a\000s\000\040\000M\000a\000r\000t\000i\000n\000g\000a\000l\000e\000\040\000L\000i\000m\000i\000t\000s}{appendix.Alph65}% 1483
\BOOKMARK [1][-]{section.Alph65.2}{\376\377\000F\000i\000l\000t\000r\000a\000t\000i\000o\000n\000\040\000o\000f\000\040\000L\000o\000o\000p\000\040\000O\000b\000s\000e\000r\000v\000a\000b\000l\000e\000s}{appendix.Alph65}% 1484
\BOOKMARK [1][-]{section.Alph65.3}{\376\377\000B\000o\000u\000n\000d\000a\000r\000y\000\040\000M\000a\000r\000g\000i\000n\000a\000l\000\040\000L\000S\000I\000\040\000v\000i\000a\000\040\000M\000a\000r\000t\000i\000n\000g\000a\000l\000e\000s}{appendix.Alph65}% 1485
\BOOKMARK [0][-]{appendix.Alph66}{\376\377\000H\000i\000s\000t\000o\000r\000i\000c\000a\000l\000\040\000C\000o\000n\000t\000e\000x\000t\000\040\000a\000n\000d\000\040\000F\000u\000t\000u\000r\000e\000\040\000D\000i\000r\000e\000c\000t\000i\000o\000n\000s}{theorem.P.1.10}% 1486
\BOOKMARK [1][-]{section.Alph66.1}{\376\377\000F\000u\000t\000u\000r\000e\000\040\000D\000i\000r\000e\000c\000t\000i\000o\000n\000s\000\040\000a\000n\000d\000\040\000E\000x\000t\000e\000n\000s\000i\000o\000n\000s}{appendix.Alph66}% 1487
\BOOKMARK [2][-]{subsection.Alph66.1.1}{\376\377\000R\000e\000f\000i\000n\000e\000m\000e\000n\000t\000\040\000o\000f\000\040\000M\000a\000s\000s\000\040\000G\000a\000p\000\040\000B\000o\000u\000n\000d\000s}{section.Alph66.1}% 1488
\BOOKMARK [2][-]{subsection.Alph66.1.2}{\376\377\000T\000o\000p\000o\000l\000o\000g\000i\000c\000a\000l\000\040\000A\000s\000p\000e\000c\000t\000s}{section.Alph66.1}% 1489
\BOOKMARK [2][-]{subsection.Alph66.1.3}{\376\377\000C\000o\000m\000p\000u\000t\000a\000t\000i\000o\000n\000a\000l\000\040\000A\000s\000p\000e\000c\000t\000s}{section.Alph66.1}% 1490
\BOOKMARK [1][-]{section.Alph66.2}{\376\377\000H\000i\000s\000t\000o\000r\000i\000c\000a\000l\000\040\000R\000e\000s\000o\000l\000u\000t\000i\000o\000n\000\040\000o\000f\000\040\000R\000e\000m\000a\000i\000n\000i\000n\000g\000\040\000G\000a\000p\000s}{appendix.Alph66}% 1491
\BOOKMARK [2][-]{subsection.Alph66.2.1}{\376\377\000G\000a\000p\000\040\0001\000:\000\040\000C\000o\000n\000t\000i\000n\000u\000u\000m\000\040\000N\000o\000n\000-\000T\000r\000i\000v\000i\000a\000l\000i\000t\000y\000\040\000\050\000s\000i\000g\000m\000a\000\040\000>\000\040\0000\000\051}{section.Alph66.2}% 1492
\BOOKMARK [2][-]{subsection.Alph66.2.2}{\376\377\000G\000a\000p\000\040\0002\000:\000\040\000R\000a\000t\000i\000o\000\040\000L\000i\000m\000i\000t\000\040\000E\000x\000i\000s\000t\000e\000n\000c\000e}{section.Alph66.2}% 1493
\BOOKMARK [2][-]{subsection.Alph66.2.3}{\376\377\000G\000a\000p\000\040\0003\000:\000\040\000I\000n\000f\000i\000n\000i\000t\000e\000-\000V\000o\000l\000u\000m\000e\000\040\000A\000n\000a\000l\000y\000t\000i\000c\000i\000t\000y\000\040\000\050\000L\000e\000e\000-\000Y\000a\000n\000g\000\040\000Z\000e\000r\000o\000s\000\051}{section.Alph66.2}% 1494
\BOOKMARK [2][-]{subsection.Alph66.2.4}{\376\377\000G\000a\000p\000\040\0005\000:\000\040\000R\000i\000g\000o\000r\000o\000u\000s\000\040\000L\000e\000e\000-\000Y\000a\000n\000g\000\040\000B\000o\000u\000n\000d\000s\000\040\000f\000o\000r\000\040\000A\000d\000j\000o\000i\000n\000t\000\040\000Q\000C\000D}{section.Alph66.2}% 1495
\BOOKMARK [0][-]{appendix.Alph67}{\376\377\000W\000e\000a\000k\000\040\000C\000o\000u\000p\000l\000i\000n\000g\000\040\000a\000n\000d\000\040\000A\000s\000y\000m\000p\000t\000o\000t\000i\000c\000\040\000A\000n\000a\000l\000y\000s\000i\000s}{theorem.P.1.10}% 1496
\BOOKMARK [1][-]{section.Alph67.1}{\376\377\000W\000e\000a\000k\000\040\000C\000o\000u\000p\000l\000i\000n\000g\000\040\000S\000c\000a\000l\000i\000n\000g\000:\000\040\000T\000h\000e\000\040\000F\000i\000n\000a\000l\000\040\000G\000a\000p}{appendix.Alph67}% 1497
\BOOKMARK [2][-]{subsection.Alph67.1.1}{\376\377\000T\000h\000e\000\040\000S\000c\000a\000l\000i\000n\000g\000\040\000R\000e\000q\000u\000i\000r\000e\000m\000e\000n\000t}{section.Alph67.1}% 1498
\BOOKMARK [2][-]{subsection.Alph67.1.2}{\376\377\000T\000h\000e\000\040\000N\000a\000i\000v\000e\000\040\000E\000s\000t\000i\000m\000a\000t\000e\000\040\000i\000s\000\040\000W\000r\000o\000n\000g}{section.Alph67.1}% 1499
\BOOKMARK [2][-]{subsection.Alph67.1.3}{\376\377\000S\000t\000r\000i\000n\000g\000\040\000T\000e\000n\000s\000i\000o\000n\000\040\000S\000c\000a\000l\000i\000n\000g}{section.Alph67.1}% 1500
\BOOKMARK [2][-]{subsection.Alph67.1.4}{\376\377\000G\000a\000p\000\040\000f\000r\000o\000m\000\040\000S\000t\000r\000i\000n\000g\000\040\000T\000e\000n\000s\000i\000o\000n\000\040\000v\000i\000a\000\040\000G\000i\000l\000e\000s\000-\000T\000e\000p\000e\000r}{section.Alph67.1}% 1501
\BOOKMARK [2][-]{subsection.Alph67.1.5}{\376\377\000V\000e\000r\000i\000f\000i\000c\000a\000t\000i\000o\000n\000\040\000o\000f\000\040\000S\000t\000r\000i\000n\000g\000\040\000T\000e\000n\000s\000i\000o\000n\000\040\000S\000c\000a\000l\000i\000n\000g}{section.Alph67.1}% 1502
\BOOKMARK [2][-]{subsection.Alph67.1.6}{\376\377\000T\000h\000e\000\040\000R\000G\000\040\000A\000r\000g\000u\000m\000e\000n\000t\000:\000\040\000N\000o\000n\000-\000C\000i\000r\000c\000u\000l\000a\000r\000\040\000V\000e\000r\000i\000f\000i\000c\000a\000t\000i\000o\000n}{section.Alph67.1}% 1503
\BOOKMARK [2][-]{subsection.Alph67.1.7}{\376\377\000C\000o\000m\000p\000l\000e\000t\000e\000\040\000W\000e\000a\000k\000\040\000C\000o\000u\000p\000l\000i\000n\000g\000\040\000A\000n\000a\000l\000y\000s\000i\000s}{section.Alph67.1}% 1504
\BOOKMARK [2][-]{subsection.Alph67.1.8}{\376\377\000S\000u\000m\000m\000a\000r\000y\000:\000\040\000C\000o\000n\000t\000i\000n\000u\000u\000m\000\040\000G\000a\000p\000\040\000i\000s\000\040\000P\000o\000s\000i\000t\000i\000v\000e}{section.Alph67.1}% 1505
\BOOKMARK [2][-]{subsection.Alph67.1.9}{\376\377\000R\000e\000m\000a\000i\000n\000i\000n\000g\000\040\000T\000e\000c\000h\000n\000i\000c\000a\000l\000i\000t\000i\000e\000s}{section.Alph67.1}% 1506
\BOOKMARK [1][-]{section.Alph67.2}{\376\377\000F\000i\000n\000i\000t\000e\000\040\000C\000o\000r\000r\000e\000l\000a\000t\000i\000o\000n\000\040\000L\000e\000n\000g\000t\000h\000:\000\040\000N\000o\000n\000-\000C\000i\000r\000c\000u\000l\000a\000r\000\040\000P\000r\000o\000o\000f}{appendix.Alph67}% 1507
\BOOKMARK [2][-]{subsection.Alph67.2.1}{\376\377\000T\000h\000e\000\040\000L\000o\000g\000i\000c\000a\000l\000\040\000S\000t\000r\000u\000c\000t\000u\000r\000e}{section.Alph67.2}% 1508
\BOOKMARK [2][-]{subsection.Alph67.2.2}{\376\377\000W\000h\000a\000t\000\040\000Z\000e\000g\000a\000r\000l\000i\000n\000s\000k\000i\000\040\000A\000c\000t\000u\000a\000l\000l\000y\000\040\000R\000e\000q\000u\000i\000r\000e\000s}{section.Alph67.2}% 1509
\BOOKMARK [2][-]{subsection.Alph67.2.3}{\376\377\000T\000h\000e\000\040\000D\000o\000b\000r\000u\000s\000h\000i\000n\000\040\000M\000a\000t\000r\000i\000x\000\040\000f\000o\000r\000\040\000L\000a\000t\000t\000i\000c\000e\000\040\000G\000a\000u\000g\000e\000\040\000T\000h\000e\000o\000r\000y}{section.Alph67.2}% 1510
\BOOKMARK [2][-]{subsection.Alph67.2.4}{\376\377\000T\000h\000e\000\040\000P\000r\000o\000b\000l\000e\000m\000:\000\040\000L\000a\000r\000g\000e\000\040\000b\000e\000t\000a}{section.Alph67.2}% 1511
\BOOKMARK [2][-]{subsection.Alph67.2.5}{\376\377\000R\000e\000s\000o\000l\000u\000t\000i\000o\000n\000:\000\040\000B\000l\000o\000c\000k\000\040\000D\000o\000b\000r\000u\000s\000h\000i\000n\000\040\000C\000o\000n\000d\000i\000t\000i\000o\000n}{section.Alph67.2}% 1512
\BOOKMARK [2][-]{subsection.Alph67.2.6}{\376\377\000B\000l\000o\000c\000k\000\040\000D\000o\000b\000r\000u\000s\000h\000i\000n\000\040\000f\000o\000r\000\040\000Y\000a\000n\000g\000-\000M\000i\000l\000l\000s}{section.Alph67.2}% 1513
\BOOKMARK [2][-]{subsection.Alph67.2.7}{\376\377\000T\000h\000e\000\040\000F\000i\000n\000a\000l\000\040\000N\000o\000n\000-\000C\000i\000r\000c\000u\000l\000a\000r\000\040\000A\000r\000g\000u\000m\000e\000n\000t}{section.Alph67.2}% 1514
\BOOKMARK [2][-]{subsection.Alph67.2.8}{\376\377\000E\000x\000p\000l\000i\000c\000i\000t\000\040\000V\000e\000r\000i\000f\000i\000c\000a\000t\000i\000o\000n\000\040\000o\000f\000\040\000N\000o\000n\000-\000C\000i\000r\000c\000u\000l\000a\000r\000i\000t\000y}{section.Alph67.2}% 1515
\BOOKMARK [2][-]{subsection.Alph67.2.9}{\376\377\000R\000e\000m\000a\000i\000n\000i\000n\000g\000\040\000T\000e\000c\000h\000n\000i\000c\000a\000l\000\040\000I\000s\000s\000u\000e\000:\000\040\000Q\000u\000a\000n\000t\000i\000t\000a\000t\000i\000v\000e\000\040\000B\000o\000u\000n\000d\000s}{section.Alph67.2}% 1516
\BOOKMARK [2][-]{subsection.Alph67.2.10}{\376\377\000S\000u\000m\000m\000a\000r\000y\000:\000\040\000C\000o\000m\000p\000l\000e\000t\000e\000\040\000N\000o\000n\000-\000C\000i\000r\000c\000u\000l\000a\000r\000\040\000P\000r\000o\000o\000f\000\040\000C\000h\000a\000i\000n}{section.Alph67.2}% 1517
\BOOKMARK [1][-]{section.Alph67.3}{\376\377\000R\000i\000g\000o\000r\000o\000u\000s\000\040\000C\000o\000n\000t\000i\000n\000u\000u\000m\000\040\000L\000i\000m\000i\000t\000:\000\040\000C\000o\000r\000r\000e\000c\000t\000\040\000S\000p\000e\000c\000t\000r\000a\000l\000\040\000S\000c\000a\000l\000i\000n\000g}{appendix.Alph67}% 1518
\BOOKMARK [2][-]{subsection.Alph67.3.1}{\376\377\000T\000h\000e\000\040\000S\000c\000a\000l\000i\000n\000g\000\040\000P\000r\000o\000b\000l\000e\000m}{section.Alph67.3}% 1519
\BOOKMARK [2][-]{subsection.Alph67.3.2}{\376\377\000P\000r\000o\000p\000e\000r\000\040\000S\000c\000a\000l\000e\000\040\000S\000e\000t\000t\000i\000n\000g\000\040\000v\000i\000a\000\040\000R\000e\000n\000o\000r\000m\000a\000l\000i\000z\000a\000t\000i\000o\000n\000\040\000C\000o\000n\000d\000i\000t\000i\000o\000n\000s}{section.Alph67.3}% 1520
\BOOKMARK [2][-]{subsection.Alph67.3.3}{\376\377\000T\000r\000a\000n\000s\000f\000e\000r\000\040\000M\000a\000t\000r\000i\000x\000\040\000a\000n\000d\000\040\000P\000h\000y\000s\000i\000c\000a\000l\000\040\000H\000a\000m\000i\000l\000t\000o\000n\000i\000a\000n}{section.Alph67.3}% 1521
\BOOKMARK [2][-]{subsection.Alph67.3.4}{\376\377\000T\000h\000e\000\040\000C\000o\000r\000r\000e\000c\000t\000\040\000S\000p\000e\000c\000t\000r\000a\000l\000\040\000P\000e\000r\000m\000a\000n\000e\000n\000c\000e\000\040\000S\000t\000a\000t\000e\000m\000e\000n\000t}{section.Alph67.3}% 1522
\BOOKMARK [2][-]{subsection.Alph67.3.5}{\376\377\000M\000o\000s\000c\000o\000\040\000C\000o\000n\000v\000e\000r\000g\000e\000n\000c\000e\000\040\000a\000n\000d\000\040\000S\000p\000e\000c\000t\000r\000a\000l\000\040\000L\000i\000m\000i\000t\000s}{section.Alph67.3}% 1523
\BOOKMARK [2][-]{subsection.Alph67.3.6}{\376\377\000T\000h\000e\000\040\000P\000h\000y\000s\000i\000c\000a\000l\000\040\000M\000a\000s\000s\000\040\000G\000a\000p\000\040\000T\000h\000e\000o\000r\000e\000m}{section.Alph67.3}% 1524
\BOOKMARK [2][-]{subsection.Alph67.3.7}{\376\377\000W\000h\000a\000t\000\040\000M\000u\000s\000t\000\040\000B\000e\000\040\000P\000r\000o\000v\000e\000d}{section.Alph67.3}% 1525
\BOOKMARK [2][-]{subsection.Alph67.3.8}{\376\377\000A\000v\000o\000i\000d\000i\000n\000g\000\040\000C\000i\000r\000c\000u\000l\000a\000r\000\040\000A\000r\000g\000u\000m\000e\000n\000t\000s}{section.Alph67.3}% 1526
\BOOKMARK [1][-]{section.Alph67.4}{\376\377\000W\000e\000i\000g\000h\000t\000e\000d\000\040\000S\000p\000e\000c\000t\000r\000a\000l\000\040\000A\000n\000a\000l\000y\000s\000i\000s\000:\000\040\000B\000a\000k\000r\000y\000-\000\311\000m\000e\000r\000y\000\040\000a\000n\000d\000\040\000W\000i\000t\000t\000e\000n\000\040\000L\000a\000p\000l\000a\000c\000i\000a\000n\000s}{appendix.Alph67}% 1527
\BOOKMARK [2][-]{subsection.Alph67.4.1}{\376\377\000T\000h\000e\000\040\000E\000r\000r\000o\000r\000\040\000i\000n\000\040\000t\000h\000e\000\040\000C\000a\000s\000i\000m\000i\000r\000\040\000A\000r\000g\000u\000m\000e\000n\000t}{section.Alph67.4}% 1528
\BOOKMARK [2][-]{subsection.Alph67.4.2}{\376\377\000T\000h\000e\000\040\000W\000i\000t\000t\000e\000n\000\040\000L\000a\000p\000l\000a\000c\000i\000a\000n}{section.Alph67.4}% 1529
\BOOKMARK [2][-]{subsection.Alph67.4.3}{\376\377\000A\000p\000p\000l\000i\000c\000a\000t\000i\000o\000n\000\040\000t\000o\000\040\000Y\000a\000n\000g\000-\000M\000i\000l\000l\000s}{section.Alph67.4}% 1530
\BOOKMARK [2][-]{subsection.Alph67.4.4}{\376\377\000B\000a\000k\000r\000y\000-\000\311\000m\000e\000r\000y\000\040\000C\000r\000i\000t\000e\000r\000i\000o\000n}{section.Alph67.4}% 1531
\BOOKMARK [2][-]{subsection.Alph67.4.5}{\376\377\000C\000o\000m\000p\000u\000t\000i\000n\000g\000\040\000R\000i\000c\000V\000\040\000f\000o\000r\000\040\000Y\000a\000n\000g\000-\000M\000i\000l\000l\000s}{section.Alph67.4}% 1532
\BOOKMARK [2][-]{subsection.Alph67.4.6}{\376\377\000W\000h\000y\000\040\000D\000i\000r\000e\000c\000t\000\040\000B\000a\000k\000r\000y\000-\000\311\000m\000e\000r\000y\000\040\000F\000a\000i\000l\000s}{section.Alph67.4}% 1533
\BOOKMARK [2][-]{subsection.Alph67.4.7}{\376\377\000W\000h\000a\000t\000\040\000W\000o\000r\000k\000s\000\040\000I\000n\000s\000t\000e\000a\000d}{section.Alph67.4}% 1534
\BOOKMARK [2][-]{subsection.Alph67.4.8}{\376\377\000T\000h\000e\000\040\000C\000o\000r\000r\000e\000c\000t\000\040\000-\000D\000e\000p\000e\000n\000d\000e\000n\000c\000e}{section.Alph67.4}% 1535
\BOOKMARK [2][-]{subsection.Alph67.4.9}{\376\377\000S\000u\000m\000m\000a\000r\000y\000:\000\040\000W\000h\000a\000t\000\040\000M\000u\000s\000t\000\040\000B\000e\000\040\000D\000o\000n\000e}{section.Alph67.4}% 1536
\BOOKMARK [0][-]{appendix.Alph68}{\376\377\000S\000u\000p\000p\000l\000e\000m\000e\000n\000t\000a\000r\000y\000\040\000T\000e\000c\000h\000n\000i\000c\000a\000l\000\040\000D\000e\000t\000a\000i\000l\000s}{theorem.P.1.10}% 1537
\BOOKMARK [0][-]{appendix.Alph69}{\376\377\000F\000i\000x\000\040\0008\000:\000\040\000T\000h\000e\000\040\000N\000o\000n\000-\000P\000e\000r\000t\000u\000r\000b\000a\000t\000i\000v\000e\000\040\000D\000e\000c\000o\000u\000p\000l\000i\000n\000g\000\040\000T\000h\000e\000o\000r\000e\000m}{theorem.P.1.10}% 1538
\BOOKMARK [1][-]{section.Alph69.1}{\376\377\000C\000o\000n\000t\000e\000x\000t}{appendix.Alph69}% 1539
\BOOKMARK [1][-]{section.Alph69.2}{\376\377\000T\000h\000e\000o\000r\000e\000m\000\040\000N\000.\0001\000\040\000\050\000N\000o\000r\000m\000\040\000R\000e\000s\000o\000l\000v\000e\000n\000t\000\040\000C\000o\000n\000v\000e\000r\000g\000e\000n\000c\000e\000\051}{appendix.Alph69}% 1540
\BOOKMARK [1][-]{section.Alph69.3}{\376\377\000P\000r\000o\000o\000f\000\040\000D\000e\000r\000i\000v\000a\000t\000i\000o\000n}{appendix.Alph69}% 1541
\BOOKMARK [2][-]{subsection.Alph69.3.1}{\376\377\0001\000.\000\040\000F\000e\000s\000h\000b\000a\000c\000h\000-\000S\000c\000h\000u\000r\000\040\000M\000a\000p}{section.Alph69.3}% 1542
\BOOKMARK [2][-]{subsection.Alph69.3.2}{\376\377\0002\000.\000\040\000K\000i\000n\000e\000t\000i\000c\000\040\000G\000a\000p}{section.Alph69.3}% 1543
\BOOKMARK [2][-]{subsection.Alph69.3.3}{\376\377\0003\000.\000\040\000I\000n\000t\000e\000r\000a\000c\000t\000i\000o\000n\000\040\000B\000o\000u\000n\000d}{section.Alph69.3}% 1544
\BOOKMARK [2][-]{subsection.Alph69.3.4}{\376\377\0004\000.\000\040\000S\000p\000e\000c\000t\000r\000a\000l\000\040\000S\000t\000a\000b\000i\000l\000i\000t\000y}{section.Alph69.3}% 1545
\BOOKMARK [0][-]{appendix.Alph70}{\376\377\000F\000i\000x\000\040\0001\0003\000:\000\040\000V\000a\000f\000a\000-\000W\000i\000t\000t\000e\000n\000\040\000B\000o\000u\000n\000d\000s\000\040\000f\000o\000r\000\040\000A\000d\000j\000o\000i\000n\000t\000\040\000Q\000C\000D}{theorem.P.1.10}% 1546
\BOOKMARK [1][-]{section.Alph70.1}{\376\377\000P\000o\000s\000i\000t\000i\000v\000i\000t\000y\000\040\000o\000f\000\040\000t\000h\000e\000\040\000M\000e\000a\000s\000u\000r\000e}{appendix.Alph70}% 1547
\BOOKMARK [1][-]{section.Alph70.2}{\376\377\000U\000n\000i\000f\000o\000r\000m\000\040\000B\000o\000u\000n\000d\000\040\000o\000n\000\040\000t\000h\000e\000\040\000F\000r\000e\000e\000\040\000E\000n\000e\000r\000g\000y}{appendix.Alph70}% 1548
\BOOKMARK [1][-]{section.Alph70.3}{\376\377\000E\000r\000r\000a\000t\000a\000\040\000a\000n\000d\000\040\000C\000r\000i\000t\000i\000c\000a\000l\000\040\000C\000o\000r\000r\000e\000c\000t\000i\000o\000n\000s}{appendix.Alph70}% 1549
\BOOKMARK [2][-]{subsection.Alph70.3.1}{\376\377\000C\000o\000r\000r\000e\000c\000t\000i\000o\000n\000\040\0001\000:\000\040\000S\000c\000a\000l\000e\000\040\000S\000e\000t\000t\000i\000n\000g}{section.Alph70.3}% 1550
\BOOKMARK [2][-]{subsection.Alph70.3.2}{\376\377\000C\000o\000r\000r\000e\000c\000t\000i\000o\000n\000\040\0002\000:\000\040\000C\000o\000n\000d\000i\000t\000i\000o\000n\000a\000l\000\040\000T\000e\000n\000s\000o\000r\000i\000z\000a\000t\000i\000o\000n}{section.Alph70.3}% 1551
\BOOKMARK [2][-]{subsection.Alph70.3.3}{\376\377\000C\000o\000r\000r\000e\000c\000t\000i\000o\000n\000\040\0003\000:\000\040\000C\000h\000e\000e\000g\000e\000r\000/\000C\000a\000s\000i\000m\000i\000r\000\040\000A\000r\000g\000u\000m\000e\000n\000t}{section.Alph70.3}% 1552
\BOOKMARK [2][-]{subsection.Alph70.3.4}{\376\377\000C\000o\000r\000r\000e\000c\000t\000i\000o\000n\000\040\0004\000:\000\040\000E\000m\000p\000i\000r\000i\000c\000a\000l\000\040\000I\000n\000p\000u\000t\000s}{section.Alph70.3}% 1553
\BOOKMARK [2][-]{subsection.Alph70.3.5}{\376\377\000C\000o\000r\000r\000e\000c\000t\000i\000o\000n\000\040\0005\000:\000\040\000C\000o\000n\000t\000i\000n\000u\000u\000m\000\040\000L\000i\000m\000i\000t\000\040\000S\000c\000a\000l\000i\000n\000g}{section.Alph70.3}% 1554
\BOOKMARK [2][-]{subsection.Alph70.3.6}{\376\377\000C\000o\000r\000r\000e\000c\000t\000i\000o\000n\000\040\0006\000:\000\040\000D\000i\000m\000e\000n\000s\000i\000o\000n\000a\000l\000\040\000T\000r\000a\000n\000s\000m\000u\000t\000a\000t\000i\000o\000n}{section.Alph70.3}% 1555
\BOOKMARK [2][-]{subsection.Alph70.3.7}{\376\377\000S\000u\000m\000m\000a\000r\000y\000\040\000o\000f\000\040\000R\000e\000q\000u\000i\000r\000e\000d\000\040\000A\000n\000a\000l\000y\000s\000i\000s}{section.Alph70.3}% 1556
\BOOKMARK [2][-]{subsection.Alph70.3.8}{\376\377\000T\000h\000e\000\040\000H\000o\000n\000e\000s\000t\000\040\000S\000t\000r\000u\000c\000t\000u\000r\000e\000\040\000o\000f\000\040\000t\000h\000e\000\040\000P\000r\000o\000o\000f}{section.Alph70.3}% 1557
\BOOKMARK [1][-]{section.Alph70.4}{\376\377\000A\000d\000v\000a\000n\000c\000e\000d\000\040\000V\000e\000r\000i\000f\000i\000c\000a\000t\000i\000o\000n\000\040\000a\000n\000d\000\040\000R\000e\000s\000o\000l\000u\000t\000i\000o\000n\000\040\000o\000f\000\040\000A\000n\000a\000l\000y\000t\000i\000c\000a\000l\000\040\000O\000b\000s\000t\000a\000c\000l\000e\000s}{appendix.Alph70}% 1558
\BOOKMARK [2][-]{subsection.Alph70.4.1}{\376\377\000R\000e\000s\000o\000l\000v\000i\000n\000g\000\040\000t\000h\000e\000\040\000"\000V\000a\000r\000i\000a\000t\000i\000o\000n\000a\000l\000\040\000L\000o\000w\000e\000r\000\040\000B\000o\000u\000n\000d\000"\000\040\000E\000r\000r\000o\000r}{section.Alph70.4}% 1559
\BOOKMARK [2][-]{subsection.Alph70.4.2}{\376\377\000R\000e\000s\000o\000l\000v\000i\000n\000g\000\040\000t\000h\000e\000\040\000"\000O\000s\000c\000i\000l\000l\000a\000t\000i\000o\000n\000\040\000C\000a\000t\000a\000s\000t\000r\000o\000p\000h\000e\000"\000\040\000\050\000L\000S\000I\000\040\000D\000e\000g\000r\000a\000d\000a\000t\000i\000o\000n\000\051}{section.Alph70.4}% 1560
\BOOKMARK [2][-]{subsection.Alph70.4.3}{\376\377\000R\000e\000s\000o\000l\000v\000i\000n\000g\000\040\000t\000h\000e\000\040\000F\000a\000i\000l\000u\000r\000e\000\040\000o\000f\000\040\000G\000K\000S\000\040\000I\000n\000e\000q\000u\000a\000l\000i\000t\000i\000e\000s}{section.Alph70.4}% 1561
\BOOKMARK [2][-]{subsection.Alph70.4.4}{\376\377\000R\000e\000s\000o\000l\000v\000i\000n\000g\000\040\000C\000i\000r\000c\000u\000l\000a\000r\000i\000t\000y\000\040\000i\000n\000\040\000A\000d\000j\000o\000i\000n\000t\000\040\000I\000n\000t\000e\000r\000p\000o\000l\000a\000t\000i\000o\000n}{section.Alph70.4}% 1562
\BOOKMARK [2][-]{subsection.Alph70.4.5}{\376\377\000R\000e\000s\000o\000l\000v\000i\000n\000g\000\040\000t\000h\000e\000\040\000D\000i\000m\000e\000n\000s\000i\000o\000n\000a\000l\000\040\000C\000o\000l\000l\000a\000p\000s\000e\000\040\000\050\0001\000D\000\040\000B\000a\000s\000e\000\040\000C\000a\000s\000e\000\051}{section.Alph70.4}% 1563
\BOOKMARK [2][-]{subsection.Alph70.4.6}{\376\377\000R\000e\000s\000o\000l\000v\000i\000n\000g\000\040\000t\000h\000e\000\040\000"\000I\000n\000t\000r\000i\000n\000s\000i\000c\000\040\000T\000i\000g\000h\000t\000n\000e\000s\000s\000"\000\040\000C\000i\000r\000c\000u\000l\000a\000r\000i\000t\000y}{section.Alph70.4}% 1564
\BOOKMARK [2][-]{subsection.Alph70.4.7}{\376\377\000R\000e\000s\000o\000l\000v\000i\000n\000g\000\040\000t\000h\000e\000\040\000"\000S\000c\000a\000l\000e\000\040\000S\000e\000t\000t\000i\000n\000g\000"\000\040\000T\000a\000u\000t\000o\000l\000o\000g\000y}{section.Alph70.4}% 1565
\BOOKMARK [2][-]{subsection.Alph70.4.8}{\376\377\000R\000e\000s\000o\000l\000v\000i\000n\000g\000\040\000t\000h\000e\000\040\000"\000G\000a\000p\000\040\0002\000.\0005\000"\000\040\000S\000p\000e\000c\000t\000r\000a\000l\000\040\000C\000o\000m\000p\000a\000c\000t\000n\000e\000s\000s\000\040\000F\000a\000i\000l\000u\000r\000e}{section.Alph70.4}% 1566
\BOOKMARK [2][-]{subsection.Alph70.4.9}{\376\377\000R\000e\000s\000o\000l\000v\000i\000n\000g\000\040\000t\000h\000e\000\040\000"\000G\000r\000i\000b\000o\000v\000\040\000H\000o\000r\000i\000z\000o\000n\000"\000\040\000M\000e\000a\000s\000u\000r\000e\000\040\000C\000o\000l\000l\000a\000p\000s\000e}{section.Alph70.4}% 1567
\BOOKMARK [2][-]{subsection.Alph70.4.10}{\376\377\000R\000e\000s\000o\000l\000v\000i\000n\000g\000\040\000t\000h\000e\000\040\000S\000t\000r\000a\000t\000i\000f\000i\000e\000d\000\040\000S\000p\000a\000c\000e\000\040\000S\000i\000n\000g\000u\000l\000a\000r\000i\000t\000y}{section.Alph70.4}% 1568
\BOOKMARK [2][-]{subsection.Alph70.4.11}{\376\377\000R\000e\000s\000o\000l\000v\000i\000n\000g\000\040\000t\000h\000e\000\040\000"\000C\000u\000r\000s\000e\000\040\000o\000f\000\040\000D\000i\000m\000e\000n\000s\000i\000o\000n\000a\000l\000i\000t\000y\000"\000\040\000i\000n\000\040\000C\000o\000m\000p\000u\000t\000e\000r\000\040\000V\000e\000r\000i\000f\000i\000c\000a\000t\000i\000o\000n}{section.Alph70.4}% 1569
\BOOKMARK [2][-]{subsection.Alph70.4.12}{\376\377\000R\000e\000s\000o\000l\000v\000i\000n\000g\000\040\000t\000h\000e\000\040\000"\000R\000o\000t\000a\000t\000i\000o\000n\000a\000l\000\040\000S\000y\000m\000m\000e\000t\000r\000y\000"\000\040\000R\000e\000s\000t\000o\000r\000a\000t\000i\000o\000n\000\040\000F\000a\000i\000l\000u\000r\000e}{section.Alph70.4}% 1570
\BOOKMARK [2][-]{subsection.Alph70.4.13}{\376\377\000R\000e\000s\000o\000l\000v\000i\000n\000g\000\040\000t\000h\000e\000\040\000"\000V\000a\000c\000u\000u\000m\000\040\000E\000n\000e\000r\000g\000y\000"\000\040\000C\000u\000r\000v\000a\000t\000u\000r\000e\000\040\000S\000i\000g\000n\000\040\000E\000r\000r\000o\000r}{section.Alph70.4}% 1571
\BOOKMARK [2][-]{subsection.Alph70.4.14}{\376\377\000R\000e\000s\000o\000l\000v\000i\000n\000g\000\040\000t\000h\000e\000\040\000"\000T\000r\000a\000c\000e\000\040\000C\000l\000a\000s\000s\000"\000\040\000O\000p\000e\000r\000a\000t\000o\000r\000\040\000F\000a\000l\000l\000a\000c\000y}{section.Alph70.4}% 1572
\BOOKMARK [2][-]{subsection.Alph70.4.15}{\376\377\000R\000e\000s\000o\000l\000v\000i\000n\000g\000\040\000t\000h\000e\000\040\000"\000I\000n\000f\000i\000n\000i\000t\000e\000-\000D\000i\000m\000e\000n\000s\000i\000o\000n\000a\000l\000\040\000C\000u\000r\000v\000a\000t\000u\000r\000e\000"\000\040\000C\000o\000l\000l\000a\000p\000s\000e}{section.Alph70.4}% 1573
\BOOKMARK [2][-]{subsection.Alph70.4.16}{\376\377\000R\000e\000s\000o\000l\000v\000i\000n\000g\000\040\000t\000h\000e\000\040\000"\000S\000y\000m\000m\000e\000t\000r\000y\000\040\000D\000o\000e\000s\000\040\000N\000o\000t\000\040\000I\000m\000p\000l\000i\000e\000s\000\040\000A\000n\000a\000l\000y\000t\000i\000c\000i\000t\000y\000"\000\040\000F\000a\000l\000l\000a\000c\000y}{section.Alph70.4}% 1574
\BOOKMARK [2][-]{subsection.Alph70.4.17}{\376\377\000R\000e\000s\000o\000l\000v\000i\000n\000g\000\040\000t\000h\000e\000\040\000"\000S\000u\000b\000c\000r\000i\000t\000i\000c\000a\000l\000"\000\040\000R\000e\000g\000u\000l\000a\000r\000i\000t\000y\000\040\000F\000a\000l\000l\000a\000c\000y}{section.Alph70.4}% 1575
\BOOKMARK [2][-]{subsection.Alph70.4.18}{\376\377\000R\000e\000s\000o\000l\000v\000i\000n\000g\000\040\000t\000h\000e\000\040\000"\000G\000r\000i\000b\000o\000v\000\040\000H\000o\000r\000i\000z\000o\000n\000"\000\040\000C\000o\000n\000t\000r\000a\000d\000i\000c\000t\000i\000o\000n}{section.Alph70.4}% 1576
\BOOKMARK [2][-]{subsection.Alph70.4.19}{\376\377\000R\000e\000s\000o\000l\000v\000i\000n\000g\000\040\000t\000h\000e\000\040\000"\000F\000r\000e\000e\000\040\000E\000n\000e\000r\000g\000y\000\040\000v\000s\000.\000\040\000S\000p\000e\000c\000t\000r\000a\000l\000\040\000G\000a\000p\000"\000\040\000A\000n\000a\000l\000y\000t\000i\000c\000i\000t\000y\000\040\000E\000r\000r\000o\000r}{section.Alph70.4}% 1577
\BOOKMARK [2][-]{subsection.Alph70.4.20}{\376\377\000S\000u\000m\000m\000a\000r\000y\000\040\000o\000f\000\040\000R\000e\000q\000u\000i\000r\000e\000d\000\040\000F\000i\000x\000e\000s}{section.Alph70.4}% 1578
\BOOKMARK [2][-]{subsection.Alph70.4.21}{\376\377\000F\000i\000n\000a\000l\000\040\000V\000e\000r\000d\000i\000c\000t\000\040\000o\000n\000\040\000t\000h\000e\000\040\000M\000a\000n\000u\000s\000c\000r\000i\000p\000t}{section.Alph70.4}% 1579
\BOOKMARK [1][-]{section.Alph70.5}{\376\377\000R\000i\000g\000o\000r\000o\000u\000s\000\040\000D\000e\000r\000i\000v\000a\000t\000i\000o\000n\000s\000\040\000o\000f\000\040\000M\000a\000t\000h\000e\000m\000a\000t\000i\000c\000a\000l\000\040\000P\000a\000t\000c\000h\000e\000s}{appendix.Alph70}% 1580
\BOOKMARK [2][-]{subsection.Alph70.5.1}{\376\377\000P\000r\000o\000o\000f\000\040\000o\000f\000\040\000L\000o\000w\000e\000r\000\040\000B\000o\000u\000n\000d\000\040\000v\000i\000a\000\040\000T\000e\000m\000p\000l\000e\000'\000s\000\040\000I\000n\000e\000q\000u\000a\000l\000i\000t\000y}{section.Alph70.5}% 1581
\BOOKMARK [2][-]{subsection.Alph70.5.2}{\376\377\000P\000r\000o\000o\000f\000\040\000o\000f\000\040\000U\000n\000i\000f\000o\000r\000m\000\040\000L\000S\000I\000\040\000v\000i\000a\000\040\000R\000e\000n\000o\000r\000m\000a\000l\000i\000z\000a\000t\000i\000o\000n\000\040\000G\000r\000o\000u\000p}{section.Alph70.5}% 1582
\BOOKMARK [2][-]{subsection.Alph70.5.3}{\376\377\000P\000r\000o\000o\000f\000\040\000o\000f\000\040\000S\000t\000r\000i\000n\000g\000\040\000T\000e\000n\000s\000i\000o\000n\000\040\000v\000i\000a\000\040\000C\000o\000n\000t\000o\000u\000r\000\040\000E\000x\000p\000a\000n\000s\000i\000o\000n\000\040\000\050\000R\000e\000p\000l\000a\000c\000i\000n\000g\000\040\000G\000K\000S\000\051}{section.Alph70.5}% 1583
\BOOKMARK [2][-]{subsection.Alph70.5.4}{\376\377\000P\000r\000o\000o\000f\000\040\000o\000f\000\040\000t\000h\000e\000\040\000B\000a\000s\000e\000\040\000C\000a\000s\000e\000\040\000v\000i\000a\000\040\000H\000o\000l\000o\000m\000o\000r\000p\000h\000i\000c\000\040\000C\000o\000n\000t\000r\000a\000c\000t\000i\000o\000n}{section.Alph70.5}% 1584
\BOOKMARK [2][-]{subsection.Alph70.5.5}{\376\377\000P\000r\000o\000o\000f\000\040\000o\000f\000\040\000F\000i\000n\000i\000t\000e\000\040\000C\000u\000r\000v\000a\000t\000u\000r\000e\000\040\000v\000i\000a\000\040\000Z\000e\000t\000a\000\040\000R\000e\000g\000u\000l\000a\000r\000i\000z\000a\000t\000i\000o\000n}{section.Alph70.5}% 1585
\BOOKMARK [2][-]{subsection.Alph70.5.6}{\376\377\000R\000e\000s\000o\000l\000v\000i\000n\000g\000\040\000t\000h\000e\000\040\000G\000r\000i\000b\000o\000v\000\040\000A\000m\000b\000i\000g\000u\000i\000t\000y\000\040\000v\000i\000a\000\040\000S\000t\000o\000c\000h\000a\000s\000t\000i\000c\000\040\000Q\000u\000a\000n\000t\000i\000z\000a\000t\000i\000o\000n}{section.Alph70.5}% 1586
\BOOKMARK [2][-]{subsection.Alph70.5.7}{\376\377\000P\000r\000o\000o\000f\000\040\000o\000f\000\040\000P\000a\000r\000t\000i\000c\000l\000e\000\040\000E\000x\000i\000s\000t\000e\000n\000c\000e\000\040\000v\000i\000a\000\040\000N\000u\000c\000l\000e\000a\000r\000i\000t\000y}{section.Alph70.5}% 1587
\BOOKMARK [2][-]{subsection.Alph70.5.8}{\376\377\000P\000r\000o\000o\000f\000\040\000o\000f\000\040\000L\000o\000r\000e\000n\000t\000z\000\040\000I\000n\000v\000a\000r\000i\000a\000n\000c\000e\000\040\000v\000i\000a\000\040\000W\000a\000r\000d\000\040\000I\000d\000e\000n\000t\000i\000t\000i\000e\000s}{section.Alph70.5}% 1588
\BOOKMARK [2][-]{subsection.Alph70.5.9}{\376\377\000P\000r\000o\000o\000f\000\040\000o\000f\000\040\000G\000a\000p\000\040\000S\000t\000a\000b\000i\000l\000i\000t\000y\000\040\000v\000i\000a\000\040\000R\000e\000s\000o\000l\000v\000e\000n\000t\000\040\000E\000s\000t\000i\000m\000a\000t\000e\000s}{section.Alph70.5}% 1589
\BOOKMARK [2][-]{subsection.Alph70.5.10}{\376\377\000P\000r\000o\000o\000f\000\040\000o\000f\000\040\000C\000r\000i\000t\000i\000c\000a\000l\000\040\000R\000e\000g\000u\000l\000a\000r\000i\000t\000y\000\040\000v\000i\000a\000\040\000W\000e\000i\000g\000h\000t\000e\000d\000\040\000B\000e\000s\000o\000v\000\040\000S\000p\000a\000c\000e\000s}{section.Alph70.5}% 1590
\BOOKMARK [2][-]{subsection.Alph70.5.11}{\376\377\000S\000p\000e\000c\000t\000r\000a\000l\000\040\000T\000h\000e\000o\000r\000y\000\040\000o\000n\000\040\000t\000h\000e\000\040\000S\000t\000r\000a\000t\000i\000f\000i\000e\000d\000\040\000Q\000u\000o\000t\000i\000e\000n\000t\000\040\000S\000p\000a\000c\000e}{section.Alph70.5}% 1591
\BOOKMARK [2][-]{subsection.Alph70.5.12}{\376\377\000T\000h\000e\000\040\000F\000a\000c\000t\000o\000r\000i\000a\000l\000\040\000G\000r\000o\000w\000t\000h\000\040\000B\000o\000u\000n\000d\000\040\000\050\000T\000e\000m\000p\000e\000r\000e\000d\000n\000e\000s\000s\000\051}{section.Alph70.5}% 1592
\BOOKMARK [2][-]{subsection.Alph70.5.13}{\376\377\000L\000a\000r\000g\000e\000\040\000F\000i\000e\000l\000d\000\040\000S\000t\000a\000b\000i\000l\000i\000t\000y\000\040\000v\000i\000a\000\040\000C\000o\000n\000v\000e\000x\000i\000t\000y\000\040\000B\000o\000u\000n\000d\000s}{section.Alph70.5}% 1593
\BOOKMARK [2][-]{subsection.Alph70.5.14}{\376\377\000V\000a\000c\000u\000u\000m\000\040\000U\000n\000i\000q\000u\000e\000n\000e\000s\000s\000\040\000v\000i\000a\000\040\000C\000l\000u\000s\000t\000e\000r\000\040\000E\000x\000p\000a\000n\000s\000i\000o\000n}{section.Alph70.5}% 1594
\BOOKMARK [2][-]{subsection.Alph70.5.15}{\376\377\000N\000o\000r\000m\000\040\000R\000e\000s\000o\000l\000v\000e\000n\000t\000\040\000C\000o\000n\000v\000e\000r\000g\000e\000n\000c\000e\000\040\000\050\000T\000h\000e\000\040\000"\000S\000p\000e\000c\000t\000r\000a\000l\000\040\000B\000r\000i\000d\000g\000e\000"\000\051}{section.Alph70.5}% 1595
\BOOKMARK [2][-]{subsection.Alph70.5.16}{\376\377\000F\000i\000n\000a\000l\000\040\000C\000h\000e\000c\000k\000l\000i\000s\000t\000\040\000f\000o\000r\000\040\000t\000h\000e\000\040\000"\000P\000e\000r\000f\000e\000c\000t\000"\000\040\000P\000r\000o\000o\000f}{section.Alph70.5}% 1596
\BOOKMARK [2][-]{subsection.Alph70.5.17}{\376\377\000R\000e\000n\000o\000r\000m\000a\000l\000i\000z\000a\000t\000i\000o\000n\000\040\000o\000f\000\040\000t\000h\000e\000\040\000W\000i\000l\000s\000o\000n\000\040\000L\000o\000o\000p\000\040\000\050\000P\000e\000r\000i\000m\000e\000t\000e\000r\000\040\000S\000u\000b\000t\000r\000a\000c\000t\000i\000o\000n\000\051}{section.Alph70.5}% 1597
\BOOKMARK [2][-]{subsection.Alph70.5.18}{\376\377\000S\000c\000a\000l\000e\000\040\000S\000e\000t\000t\000i\000n\000g\000\040\000v\000i\000a\000\040\000R\000e\000n\000o\000r\000m\000a\000l\000i\000z\000e\000d\000\040\000C\000o\000u\000p\000l\000i\000n\000g\000\040\000\050\000B\000r\000e\000a\000k\000i\000n\000g\000\040\000t\000h\000e\000\040\000C\000i\000r\000c\000u\000l\000a\000r\000i\000t\000y\000\051}{section.Alph70.5}% 1598
\BOOKMARK [2][-]{subsection.Alph70.5.19}{\376\377\000T\000h\000e\000\040\000"\000S\000p\000i\000n\000-\0000\000"\000\040\000G\000l\000u\000e\000b\000a\000l\000l\000\040\000T\000h\000e\000o\000r\000e\000m}{section.Alph70.5}% 1599
\BOOKMARK [2][-]{subsection.Alph70.5.20}{\376\377\000C\000o\000n\000t\000i\000n\000u\000u\000m\000\040\000L\000i\000m\000i\000t\000\040\000o\000f\000\040\000t\000h\000e\000\040\000S\000c\000a\000l\000e\000d\000\040\000M\000a\000s\000s\000\040\000G\000a\000p}{section.Alph70.5}% 1600
\BOOKMARK [2][-]{subsection.Alph70.5.21}{\376\377\000P\000r\000o\000o\000f\000\040\000o\000f\000\040\000V\000a\000c\000u\000u\000m\000\040\000U\000n\000i\000q\000u\000e\000n\000e\000s\000s\000\040\000v\000i\000a\000\040\000C\000l\000u\000s\000t\000e\000r\000\040\000D\000e\000c\000o\000m\000p\000o\000s\000i\000t\000i\000o\000n}{section.Alph70.5}% 1601
\BOOKMARK [2][-]{subsection.Alph70.5.22}{\376\377\000R\000i\000g\000o\000r\000o\000u\000s\000\040\000D\000e\000r\000i\000v\000a\000t\000i\000o\000n\000\040\000o\000f\000\040\000t\000h\000e\000\040\000L\000\374\000s\000c\000h\000e\000r\000\040\000T\000e\000r\000m\000\040\000\050\000U\000n\000i\000v\000e\000r\000s\000a\000l\000\040\000S\000c\000a\000l\000i\000n\000g\000\051}{section.Alph70.5}% 1602
\BOOKMARK [2][-]{subsection.Alph70.5.23}{\376\377\000R\000i\000g\000o\000r\000o\000u\000s\000\040\000D\000e\000c\000o\000u\000p\000l\000i\000n\000g\000\040\000T\000h\000e\000o\000r\000e\000m\000\040\000\050\000T\000h\000e\000\040\000"\000H\000e\000a\000v\000y\000\040\000M\000a\000s\000s\000"\000\040\000L\000i\000m\000i\000t\000\051}{section.Alph70.5}% 1603
\BOOKMARK [2][-]{subsection.Alph70.5.24}{\376\377\000T\000h\000e\000\040\000C\000o\000m\000b\000e\000s\000-\000T\000h\000o\000m\000a\000s\000\040\000B\000o\000u\000n\000d\000\040\000\050\000L\000o\000c\000a\000l\000i\000z\000a\000t\000i\000o\000n\000\040\000o\000f\000\040\000S\000t\000a\000t\000e\000s\000\051}{section.Alph70.5}% 1604
\BOOKMARK [2][-]{subsection.Alph70.5.25}{\376\377\000O\000l\000l\000i\000v\000i\000e\000r\000-\000R\000i\000c\000c\000i\000\040\000C\000u\000r\000v\000a\000t\000u\000r\000e\000\040\000\050\000D\000i\000s\000c\000r\000e\000t\000e\000\040\000G\000e\000o\000m\000e\000t\000r\000i\000c\000\040\000G\000a\000p\000\051}{section.Alph70.5}% 1605
\BOOKMARK [2][-]{subsection.Alph70.5.26}{\376\377\000T\000h\000e\000\040\000F\000r\000e\000d\000e\000n\000h\000a\000g\000e\000n\000-\000M\000a\000r\000c\000u\000\040\000O\000r\000d\000e\000r\000\040\000P\000a\000r\000a\000m\000e\000t\000e\000r\000\040\000\050\000F\000i\000x\000i\000n\000g\000\040\000t\000h\000e\000\040\000"\000S\000c\000r\000e\000e\000n\000i\000n\000g\000"\000\040\000E\000r\000r\000o\000r\000\051}{section.Alph70.5}% 1606
\BOOKMARK [2][-]{subsection.Alph70.5.27}{\376\377\000T\000h\000e\000\040\000F\000a\000c\000t\000o\000r\000i\000a\000l\000\040\000G\000r\000o\000w\000t\000h\000\040\000B\000o\000u\000n\000d\000\040\000\050\000F\000i\000x\000i\000n\000g\000\040\000"\000A\000x\000i\000o\000m\000\040\0000\000"\000\051}{section.Alph70.5}% 1607
\BOOKMARK [2][-]{subsection.Alph70.5.28}{\376\377\000F\000i\000n\000i\000t\000e\000\040\000V\000o\000l\000u\000m\000e\000\040\000L\000\374\000s\000c\000h\000e\000r\000\040\000C\000o\000r\000r\000e\000c\000t\000i\000o\000n\000s\000\040\000\050\000T\000h\000e\000\040\000"\000T\000h\000e\000r\000m\000o\000d\000y\000n\000a\000m\000i\000c\000"\000\040\000F\000i\000x\000\051}{section.Alph70.5}% 1608
\BOOKMARK [2][-]{subsection.Alph70.5.29}{\376\377\000R\000i\000g\000o\000r\000o\000u\000s\000\040\000C\000o\000n\000t\000r\000o\000l\000\040\000o\000f\000\040\000A\000d\000j\000o\000i\000n\000t\000\040\000F\000e\000r\000m\000i\000o\000n\000\040\000Q\000u\000a\000s\000i\000-\000L\000o\000c\000a\000l\000i\000t\000y}{section.Alph70.5}% 1609
\BOOKMARK [2][-]{subsection.Alph70.5.30}{\376\377\000T\000h\000e\000\040\000I\000n\000f\000r\000a\000r\000e\000d\000\040\000B\000o\000u\000n\000d\000\040\000\050\000F\000i\000x\000i\000n\000g\000\040\000"\000S\000p\000e\000c\000t\000r\000a\000l\000\040\000D\000e\000n\000s\000i\000t\000y\000"\000\051}{section.Alph70.5}% 1610
\BOOKMARK [2][-]{subsection.Alph70.5.31}{\376\377\000T\000h\000e\000\040\000K\000\344\000l\000l\000\351\000n\000-\000L\000e\000h\000m\000a\000n\000n\000\040\000R\000e\000p\000r\000e\000s\000e\000n\000t\000a\000t\000i\000o\000n\000\040\000\050\000F\000i\000x\000i\000n\000g\000\040\000"\000P\000h\000y\000s\000i\000c\000a\000l\000\040\000M\000a\000s\000s\000"\000\051}{section.Alph70.5}% 1611
\BOOKMARK [2][-]{subsection.Alph70.5.32}{\376\377\000T\000h\000e\000\040\000D\000y\000s\000o\000n\000-\000S\000c\000h\000w\000i\000n\000g\000e\000r\000\040\000E\000q\000u\000a\000t\000i\000o\000n\000s\000\040\000\050\000F\000i\000x\000i\000n\000g\000\040\000"\000D\000y\000n\000a\000m\000i\000c\000s\000"\000\051}{section.Alph70.5}% 1612
\BOOKMARK [2][-]{subsection.Alph70.5.33}{\376\377\000C\000o\000n\000s\000t\000r\000u\000c\000t\000i\000o\000n\000\040\000o\000f\000\040\000t\000h\000e\000\040\000E\000n\000e\000r\000g\000y\000-\000M\000o\000m\000e\000n\000t\000u\000m\000\040\000T\000e\000n\000s\000o\000r\000\040\000\050\000F\000i\000x\000i\000n\000g\000\040\000"\000R\000e\000l\000a\000t\000i\000v\000i\000t\000y\000"\000\051}{section.Alph70.5}% 1613
\BOOKMARK [2][-]{subsection.Alph70.5.34}{\376\377\000T\000h\000e\000\040\000L\000a\000t\000t\000i\000c\000e\000\040\000W\000i\000t\000t\000e\000n\000\040\000I\000n\000d\000e\000x\000\040\000T\000h\000e\000o\000r\000e\000m\000\040\000\050\000F\000i\000x\000i\000n\000g\000\040\000"\000T\000h\000e\000\040\000A\000n\000c\000h\000o\000r\000"\000\051}{section.Alph70.5}% 1614
\BOOKMARK [2][-]{subsection.Alph70.5.35}{\376\377\000T\000h\000e\000\040\000S\000p\000e\000c\000t\000r\000a\000l\000\040\000F\000l\000o\000w\000\040\000T\000h\000e\000o\000r\000e\000m\000\040\000\050\000F\000i\000x\000i\000n\000g\000\040\000"\000A\000d\000j\000o\000i\000n\000t\000\040\000Z\000e\000r\000o\000\040\000M\000o\000d\000e\000s\000"\000\051}{section.Alph70.5}% 1615
\BOOKMARK [2][-]{subsection.Alph70.5.36}{\376\377\000G\000\345\000r\000d\000i\000n\000g\000\040\000I\000n\000e\000q\000u\000a\000l\000i\000t\000y\000\040\000o\000n\000\040\000t\000h\000e\000\040\000Q\000u\000o\000t\000i\000e\000n\000t\000\040\000S\000p\000a\000c\000e\000\040\000\050\000F\000i\000x\000i\000n\000g\000\040\000"\000S\000t\000o\000c\000h\000a\000s\000t\000i\000c\000\040\000C\000o\000n\000v\000e\000r\000g\000e\000n\000c\000e\000"\000\051}{section.Alph70.5}% 1616
\BOOKMARK [2][-]{subsection.Alph70.5.37}{\376\377\000T\000h\000e\000\040\000P\000a\000r\000t\000i\000c\000l\000e\000\040\000S\000t\000r\000u\000c\000t\000u\000r\000e\000\040\000C\000l\000u\000s\000t\000e\000r\000\040\000E\000x\000p\000a\000n\000s\000i\000o\000n\000\040\000\050\000F\000i\000x\000i\000n\000g\000\040\000"\000T\000h\000e\000\040\000M\000a\000s\000s\000\040\000S\000h\000e\000l\000l\000"\000\051}{section.Alph70.5}% 1617
\BOOKMARK [2][-]{subsection.Alph70.5.38}{\376\377\000R\000e\000s\000u\000r\000g\000e\000n\000t\000\040\000A\000n\000a\000l\000y\000s\000i\000s\000\040\000o\000f\000\040\000t\000h\000e\000\040\000B\000e\000t\000a\000\040\000F\000u\000n\000c\000t\000i\000o\000n\000\040\000\050\000F\000i\000x\000i\000n\000g\000\040\000"\000E\000s\000s\000e\000n\000t\000i\000a\000l\000\040\000S\000i\000n\000g\000u\000l\000a\000r\000i\000t\000y\000"\000\051}{section.Alph70.5}% 1618
\BOOKMARK [2][-]{subsection.Alph70.5.39}{\376\377\000T\000h\000e\000\040\000U\000p\000p\000e\000r\000\040\000G\000a\000p\000\040\000P\000r\000o\000p\000e\000r\000t\000y\000\040\000\050\000F\000i\000x\000i\000n\000g\000\040\000"\000P\000a\000r\000t\000i\000c\000l\000e\000\040\000I\000s\000o\000l\000a\000t\000i\000o\000n\000"\000\051}{section.Alph70.5}% 1619
\BOOKMARK [2][-]{subsection.Alph70.5.40}{\376\377\000C\000o\000r\000r\000e\000c\000t\000i\000o\000n\000:\000\040\000C\000e\000n\000t\000e\000r\000\040\000S\000y\000m\000m\000e\000t\000r\000y\000\040\000a\000n\000d\000\040\000E\000l\000i\000t\000z\000u\000r\000'\000s\000\040\000T\000h\000e\000o\000r\000e\000m}{section.Alph70.5}% 1620
\BOOKMARK [2][-]{subsection.Alph70.5.41}{\376\377\000F\000i\000n\000i\000t\000e\000\040\000T\000e\000m\000p\000e\000r\000a\000t\000u\000r\000e\000\040\000C\000o\000m\000p\000a\000t\000i\000b\000i\000l\000i\000t\000y\000\040\000\050\000A\000v\000o\000i\000d\000i\000n\000g\000\040\000t\000h\000e\000\040\000"\000H\000i\000g\000h\000-\000T\000\040\000G\000a\000p\000"\000\040\000F\000a\000l\000l\000a\000c\000y\000\051}{section.Alph70.5}% 1621
\BOOKMARK [2][-]{subsection.Alph70.5.42}{\376\377\000L\000a\000r\000g\000e\000\040\000N\000\040\000C\000o\000n\000s\000i\000s\000t\000e\000n\000c\000y\000\040\000C\000h\000e\000c\000k\000\040\000\050\000T\000h\000e\000\040\000"\000'\000t\000\040\000H\000o\000o\000f\000t\000\040\000L\000i\000m\000i\000t\000"\000\051}{section.Alph70.5}% 1622
\BOOKMARK [1][-]{section.Alph70.6}{\376\377\000F\000i\000n\000a\000l\000\040\000"\000D\000i\000a\000m\000o\000n\000d\000\040\000S\000t\000a\000n\000d\000a\000r\000d\000"\000\040\000C\000o\000m\000p\000l\000e\000t\000i\000o\000n}{appendix.Alph70}% 1623
\BOOKMARK [0][-]{appendix.Alph71}{\376\377\000R\000e\000s\000p\000o\000n\000s\000e\000s\000\040\000t\000o\000\040\000T\000e\000c\000h\000n\000i\000c\000a\000l\000\040\000Q\000u\000e\000r\000i\000e\000s}{theorem.P.1.10}% 1624
\BOOKMARK [1][-]{section.Alph71.1}{\376\377\000R\000e\000s\000p\000o\000n\000s\000e\000\040\000t\000o\000\040\000C\000r\000i\000t\000i\000c\000a\000l\000\040\000R\000e\000v\000i\000e\000w\000:\000\040\000R\000i\000g\000o\000r\000o\000u\000s\000\040\000M\000a\000t\000h\000e\000m\000a\000t\000i\000c\000a\000l\000\040\000A\000n\000a\000l\000y\000s\000i\000s}{appendix.Alph71}% 1625
\BOOKMARK [2][-]{subsection.Alph71.1.1}{\376\377\000C\000h\000a\000l\000l\000e\000n\000g\000e\000\040\0001\000:\000\040\000T\000h\000e\000\040\000"\000L\000i\000q\000u\000i\000d\000-\000G\000a\000s\000"\000\040\000P\000h\000a\000s\000e\000\040\000T\000r\000a\000n\000s\000i\000t\000i\000o\000n\000\040\000\050\000A\000d\000j\000o\000i\000n\000t\000\040\000A\000n\000a\000l\000y\000t\000i\000c\000i\000t\000y\000\051}{section.Alph71.1}% 1626
\BOOKMARK [2][-]{subsection.Alph71.1.2}{\376\377\000C\000h\000a\000l\000l\000e\000n\000g\000e\000\040\0002\000:\000\040\000I\000n\000d\000u\000c\000e\000d\000\040\000B\000o\000u\000n\000d\000a\000r\000y\000\040\000I\000n\000t\000e\000r\000a\000c\000t\000i\000o\000n\000s\000\040\000\050\000C\000o\000n\000d\000i\000t\000i\000o\000n\000a\000l\000\040\000T\000e\000n\000s\000o\000r\000i\000z\000a\000t\000i\000o\000n\000\051}{section.Alph71.1}% 1627
\BOOKMARK [2][-]{subsection.Alph71.1.3}{\376\377\000C\000h\000a\000l\000l\000e\000n\000g\000e\000\040\0003\000:\000\040\000S\000i\000n\000g\000u\000l\000a\000r\000i\000t\000i\000e\000s\000\040\000i\000n\000\040\000t\000h\000e\000\040\000Q\000u\000o\000t\000i\000e\000n\000t\000\040\000S\000p\000a\000c\000e}{section.Alph71.1}% 1628
\BOOKMARK [2][-]{subsection.Alph71.1.4}{\376\377\000C\000h\000a\000l\000l\000e\000n\000g\000e\000\040\0004\000:\000\040\000C\000o\000h\000e\000r\000e\000n\000c\000e\000\040\000o\000f\000\040\000t\000h\000e\000\040\000M\000a\000t\000h\000e\000m\000a\000t\000i\000c\000a\000l\000\040\000F\000r\000a\000m\000e\000w\000o\000r\000k}{section.Alph71.1}% 1629
\BOOKMARK [1][-]{section.Alph71.2}{\376\377\000C\000o\000n\000c\000l\000u\000s\000i\000o\000n\000:\000\040\000R\000i\000g\000o\000r\000o\000u\000s\000\040\000S\000t\000a\000t\000u\000s\000\040\000o\000f\000\040\000t\000h\000e\000\040\000P\000r\000o\000o\000f}{appendix.Alph71}% 1630
\BOOKMARK [1][-]{section.Alph71.3}{\376\377\000V\000e\000r\000i\000f\000i\000c\000a\000t\000i\000o\000n\000\040\000o\000f\000\040\000C\000r\000i\000t\000i\000c\000a\000l\000\040\000E\000s\000t\000i\000m\000a\000t\000e\000s}{appendix.Alph71}% 1631
\BOOKMARK [2][-]{subsection.Alph71.3.1}{\376\377\000E\000x\000p\000l\000i\000c\000i\000t\000\040\000N\000u\000m\000e\000r\000i\000c\000a\000l\000\040\000B\000o\000u\000n\000d\000s\000\040\000f\000o\000r\000\040\000S\000U\000\050\0002\000\051\000\040\000a\000n\000d\000\040\000S\000U\000\050\0003\000\051}{section.Alph71.3}% 1632
\BOOKMARK [2][-]{subsection.Alph71.3.2}{\376\377\000I\000n\000t\000e\000r\000m\000e\000d\000i\000a\000t\000e\000\040\000C\000o\000u\000p\000l\000i\000n\000g\000:\000\040\000E\000x\000p\000l\000i\000c\000i\000t\000\040\000C\000h\000e\000e\000g\000e\000r\000\040\000B\000o\000u\000n\000d}{section.Alph71.3}% 1633
\BOOKMARK [2][-]{subsection.Alph71.3.3}{\376\377\000C\000o\000n\000t\000i\000n\000u\000u\000m\000\040\000L\000i\000m\000i\000t\000\040\000H\000\366\000l\000d\000e\000r\000\040\000E\000s\000t\000i\000m\000a\000t\000e\000:\000\040\000D\000e\000t\000a\000i\000l\000e\000d\000\040\000D\000e\000r\000i\000v\000a\000t\000i\000o\000n}{section.Alph71.3}% 1634
\BOOKMARK [2][-]{subsection.Alph71.3.4}{\376\377\000G\000i\000l\000e\000s\000-\000T\000e\000p\000e\000r\000\040\000D\000e\000r\000i\000v\000a\000t\000i\000o\000n\000:\000\040\000O\000p\000e\000r\000a\000t\000o\000r\000-\000T\000h\000e\000o\000r\000e\000t\000i\000c\000\040\000J\000u\000s\000t\000i\000f\000i\000c\000a\000t\000i\000o\000n}{section.Alph71.3}% 1635
\BOOKMARK [2][-]{subsection.Alph71.3.5}{\376\377\000B\000a\000l\000a\000b\000a\000n\000'\000s\000\040\000B\000o\000u\000n\000d\000s\000:\000\040\000P\000r\000e\000c\000i\000s\000e\000\040\000C\000i\000t\000a\000t\000i\000o\000n\000s}{section.Alph71.3}% 1636
\BOOKMARK [2][-]{subsection.Alph71.3.6}{\376\377\000M\000u\000l\000t\000i\000-\000S\000c\000a\000l\000e\000\040\000E\000n\000t\000r\000o\000p\000y\000:\000\040\000E\000x\000p\000l\000i\000c\000i\000t\000\040\000B\000o\000o\000t\000s\000t\000r\000a\000p\000\040\000C\000o\000n\000s\000t\000a\000n\000t\000s}{section.Alph71.3}% 1637
\BOOKMARK [2][-]{subsection.Alph71.3.7}{\376\377\000R\000P\000\040\000M\000o\000n\000o\000t\000o\000n\000i\000c\000i\000t\000y\000:\000\040\000A\000t\000t\000r\000i\000b\000u\000t\000i\000o\000n\000\040\000V\000e\000r\000i\000f\000i\000c\000a\000t\000i\000o\000n}{section.Alph71.3}% 1638
\BOOKMARK [2][-]{subsection.Alph71.3.8}{\376\377\000S\000u\000m\000m\000a\000r\000y\000\040\000o\000f\000\040\000R\000e\000s\000p\000o\000n\000s\000e\000s}{section.Alph71.3}% 1639
\BOOKMARK [1][-]{section.Alph71.4}{\376\377\000A\000d\000d\000e\000n\000d\000u\000m\000:\000\040\000A\000d\000d\000r\000e\000s\000s\000i\000n\000g\000\040\000S\000p\000e\000c\000i\000f\000i\000c\000\040\000C\000o\000n\000c\000e\000r\000n\000s\000\040\000f\000r\000o\000m\000\040\000C\000o\000m\000p\000r\000e\000h\000e\000n\000s\000i\000v\000e\000\040\000R\000e\000v\000i\000e\000w}{appendix.Alph71}% 1640
\BOOKMARK [2][-]{subsection.Alph71.4.1}{\376\377\000U\000n\000i\000f\000o\000r\000m\000-\000i\000n\000-\000L\000\040\000B\000o\000u\000n\000d\000s\000\040\000a\000n\000d\000\040\000R\000P\000\040\000M\000o\000n\000o\000t\000o\000n\000i\000c\000i\000t\000y}{section.Alph71.4}% 1641
\BOOKMARK [2][-]{subsection.Alph71.4.2}{\376\377\000C\000o\000n\000t\000i\000n\000u\000u\000m\000\040\000L\000i\000m\000i\000t\000\040\000C\000i\000r\000c\000u\000l\000a\000r\000i\000t\000y}{section.Alph71.4}% 1642
\BOOKMARK [2][-]{subsection.Alph71.4.3}{\376\377\000W\000e\000a\000k\000\040\000C\000o\000u\000p\000l\000i\000n\000g\000\040\000R\000e\000g\000i\000m\000e\000\040\000a\000n\000d\000\040\000M\000u\000l\000t\000i\000-\000S\000c\000a\000l\000e\000\040\000E\000n\000t\000r\000o\000p\000y}{section.Alph71.4}% 1643
\BOOKMARK [2][-]{subsection.Alph71.4.4}{\376\377\000C\000l\000a\000r\000i\000f\000i\000c\000a\000t\000i\000o\000n\000\040\000o\000f\000\040\000D\000e\000p\000e\000n\000d\000e\000n\000c\000i\000e\000s}{section.Alph71.4}% 1644
\BOOKMARK [2][-]{subsection.Alph71.4.5}{\376\377\000C\000o\000n\000s\000o\000l\000i\000d\000a\000t\000e\000d\000\040\000P\000r\000o\000o\000f\000\040\000A\000r\000c\000h\000i\000t\000e\000c\000t\000u\000r\000e}{section.Alph71.4}% 1645
\BOOKMARK [2][-]{subsection.Alph71.4.6}{\376\377\000T\000e\000c\000h\000n\000i\000c\000a\000l\000\040\000G\000a\000p\000s\000\040\000i\000n\000\040\000t\000h\000e\000\040\000G\000i\000l\000e\000s\000-\000T\000e\000p\000e\000r\000\040\000B\000o\000u\000n\000d}{section.Alph71.4}% 1646
\BOOKMARK [1][-]{section.Alph71.5}{\376\377\000R\000e\000s\000p\000o\000n\000s\000e\000\040\000t\000o\000\040\000C\000o\000m\000p\000r\000e\000h\000e\000n\000s\000i\000v\000e\000\040\000R\000e\000v\000i\000e\000w\000\040\000\050\000D\000e\000c\000e\000m\000b\000e\000r\000\040\0002\0000\0002\0005\000\051}{appendix.Alph71}% 1647
\BOOKMARK [2][-]{subsection.Alph71.5.1}{\376\377\000T\000h\000e\000\040\000"\000L\000i\000q\000u\000i\000d\000-\000G\000a\000s\000"\000\040\000P\000r\000o\000b\000l\000e\000m\000\040\000i\000n\000\040\000A\000d\000j\000o\000i\000n\000t\000\040\000I\000n\000t\000e\000r\000p\000o\000l\000a\000t\000i\000o\000n}{section.Alph71.5}% 1648
\BOOKMARK [2][-]{subsection.Alph71.5.2}{\376\377\000U\000n\000i\000f\000o\000r\000m\000i\000t\000y\000\040\000o\000f\000\040\000t\000h\000e\000\040\000L\000o\000g\000-\000S\000o\000b\000o\000l\000e\000v\000\040\000I\000n\000e\000q\000u\000a\000l\000i\000t\000y\000\040\000\050\000L\000S\000I\000\051}{section.Alph71.5}% 1649
\BOOKMARK [2][-]{subsection.Alph71.5.3}{\376\377\000T\000h\000e\000\040\000G\000i\000l\000e\000s\000-\000T\000e\000p\000e\000r\000\040\000C\000o\000n\000s\000t\000a\000n\000t\000:\000\040\000R\000i\000g\000o\000r\000o\000u\000s\000\040\000L\000o\000w\000e\000r\000\040\000B\000o\000u\000n\000d}{section.Alph71.5}% 1650
\BOOKMARK [2][-]{subsection.Alph71.5.4}{\376\377\000U\000l\000t\000r\000a\000v\000i\000o\000l\000e\000t\000\040\000S\000t\000a\000b\000i\000l\000i\000t\000y\000\040\000a\000n\000d\000\040\000B\000a\000l\000a\000b\000a\000n\000'\000s\000\040\000T\000h\000e\000o\000r\000e\000m\000s}{section.Alph71.5}% 1651
\BOOKMARK [0][-]{appendix.Alph72}{\376\377\000C\000o\000m\000p\000u\000t\000e\000r\000-\000A\000s\000s\000i\000s\000t\000e\000d\000\040\000V\000e\000r\000i\000f\000i\000c\000a\000t\000i\000o\000n}{theorem.P.1.10}% 1652
\BOOKMARK [1][-]{section.Alph72.1}{\376\377\000C\000o\000m\000p\000u\000t\000e\000r\000-\000V\000e\000r\000i\000f\000i\000a\000b\000l\000e\000\040\000B\000o\000u\000n\000d\000s}{appendix.Alph72}% 1653
\BOOKMARK [2][-]{subsection.Alph72.1.1}{\376\377\000P\000a\000r\000t\000\040\000A\000:\000\040\000B\000e\000s\000s\000e\000l\000\040\000F\000u\000n\000c\000t\000i\000o\000n\000\040\000I\000n\000e\000q\000u\000a\000l\000i\000t\000i\000e\000s}{section.Alph72.1}% 1654
\BOOKMARK [2][-]{subsection.Alph72.1.2}{\376\377\000P\000a\000r\000t\000\040\000B\000:\000\040\000L\000S\000I\000\040\000C\000o\000n\000s\000t\000a\000n\000t\000s}{section.Alph72.1}% 1655
\BOOKMARK [2][-]{subsection.Alph72.1.3}{\376\377\000P\000a\000r\000t\000\040\000C\000:\000\040\000G\000i\000l\000e\000s\000-\000T\000e\000p\000e\000r\000\040\000C\000o\000n\000s\000t\000a\000n\000t\000s}{section.Alph72.1}% 1656
\BOOKMARK [2][-]{subsection.Alph72.1.4}{\376\377\000P\000a\000r\000t\000\040\000D\000:\000\040\000C\000o\000u\000p\000l\000i\000n\000g\000\040\000R\000e\000g\000i\000m\000e\000\040\000B\000o\000u\000n\000d\000a\000r\000i\000e\000s}{section.Alph72.1}% 1657
\BOOKMARK [2][-]{subsection.Alph72.1.5}{\376\377\000P\000a\000r\000t\000\040\000E\000:\000\040\000A\000s\000y\000m\000p\000t\000o\000t\000i\000c\000\040\000F\000r\000e\000e\000d\000o\000m\000\040\000C\000o\000e\000f\000f\000i\000c\000i\000e\000n\000t\000s}{section.Alph72.1}% 1658
\BOOKMARK [2][-]{subsection.Alph72.1.6}{\376\377\000P\000a\000r\000t\000\040\000F\000:\000\040\000V\000e\000r\000i\000f\000i\000c\000a\000t\000i\000o\000n\000\040\000C\000h\000e\000c\000k\000l\000i\000s\000t}{section.Alph72.1}% 1659
\BOOKMARK [2][-]{subsection.Alph72.1.7}{\376\377\000P\000a\000r\000t\000\040\000G\000:\000\040\000S\000a\000m\000p\000l\000e\000\040\000V\000e\000r\000i\000f\000i\000c\000a\000t\000i\000o\000n\000\040\000C\000o\000d\000e}{section.Alph72.1}% 1660
\BOOKMARK [0][-]{appendix.Alph73}{\376\377\000S\000u\000m\000m\000a\000r\000y\000\040\000o\000f\000\040\000R\000e\000s\000u\000l\000t\000s\000\040\000a\000n\000d\000\040\000S\000t\000a\000t\000u\000s}{theorem.P.1.10}% 1661
\BOOKMARK [1][-]{section.Alph73.1}{\376\377\000C\000o\000m\000p\000l\000e\000t\000e\000\040\000R\000e\000s\000o\000l\000u\000t\000i\000o\000n\000\040\000o\000f\000\040\000C\000r\000i\000t\000i\000c\000a\000l\000\040\000M\000a\000t\000h\000e\000m\000a\000t\000i\000c\000a\000l\000\040\000O\000b\000s\000t\000r\000u\000c\000t\000i\000o\000n\000s}{appendix.Alph73}% 1662
\BOOKMARK [2][-]{subsection.Alph73.1.1}{\376\377\000E\000x\000e\000c\000u\000t\000i\000v\000e\000\040\000S\000u\000m\000m\000a\000r\000y}{section.Alph73.1}% 1663
\BOOKMARK [2][-]{subsection.Alph73.1.2}{\376\377\000R\000e\000s\000o\000l\000u\000t\000i\000o\000n\000\040\0001\000:\000\040\000A\000d\000j\000o\000i\000n\000t\000\040\000F\000e\000r\000m\000i\000o\000n\000\040\000N\000o\000n\000-\000L\000o\000c\000a\000l\000i\000t\000y\000\040\000C\000o\000n\000t\000r\000o\000l}{section.Alph73.1}% 1664
\BOOKMARK [2][-]{subsection.Alph73.1.3}{\376\377\000R\000e\000s\000o\000l\000u\000t\000i\000o\000n\000\040\0002\000:\000\040\000C\000o\000n\000d\000i\000t\000i\000o\000n\000a\000l\000\040\000T\000e\000n\000s\000o\000r\000i\000z\000a\000t\000i\000o\000n\000\040\000B\000o\000u\000n\000d\000a\000r\000y\000\040\000P\000r\000o\000b\000l\000e\000m}{section.Alph73.1}% 1665
\BOOKMARK [2][-]{subsection.Alph73.1.4}{\376\377\000C\000o\000m\000b\000i\000n\000e\000d\000\040\000R\000e\000s\000o\000l\000u\000t\000i\000o\000n\000:\000\040\000S\000t\000a\000t\000u\000s\000\040\000U\000p\000d\000a\000t\000e}{section.Alph73.1}% 1666
\BOOKMARK [2][-]{subsection.Alph73.1.5}{\376\377\000R\000e\000m\000a\000i\000n\000i\000n\000g\000\040\000T\000e\000c\000h\000n\000i\000c\000a\000l\000\040\000W\000o\000r\000k}{section.Alph73.1}% 1667
\BOOKMARK [2][-]{subsection.Alph73.1.6}{\376\377\000C\000o\000m\000p\000a\000r\000i\000s\000o\000n\000\040\000w\000i\000t\000h\000\040\000L\000i\000t\000e\000r\000a\000t\000u\000r\000e}{section.Alph73.1}% 1668
\BOOKMARK [2][-]{subsection.Alph73.1.7}{\376\377\000I\000m\000p\000l\000i\000c\000a\000t\000i\000o\000n\000s\000\040\000f\000o\000r\000\040\000t\000h\000e\000\040\000M\000a\000s\000s\000\040\000G\000a\000p\000\040\000P\000r\000o\000b\000l\000e\000m}{section.Alph73.1}% 1669
\BOOKMARK [2][-]{subsection.Alph73.1.8}{\376\377\000C\000o\000n\000c\000l\000u\000s\000i\000o\000n}{section.Alph73.1}% 1670
\BOOKMARK [1][-]{section.Alph73.2}{\376\377\000F\000i\000n\000a\000l\000\040\000S\000y\000n\000t\000h\000e\000s\000i\000s\000:\000\040\000T\000h\000e\000\040\000N\000o\000n\000-\000P\000e\000r\000t\000u\000r\000b\000a\000t\000i\000v\000e\000\040\000C\000o\000n\000t\000i\000n\000u\000u\000m\000\040\000L\000i\000m\000i\000t\000\040\000F\000r\000a\000m\000e\000w\000o\000r\000k}{appendix.Alph73}% 1671
\BOOKMARK [1][-]{section.Alph73.3}{\376\377\000T\000h\000e\000\040\000C\000o\000n\000j\000e\000c\000t\000u\000r\000e\000\040\000C\000a\000p\000s\000u\000l\000e\000\040\000\050\000I\000n\000t\000e\000r\000n\000a\000l\000\040\000B\000o\000t\000t\000l\000e\000n\000e\000c\000k\000s\000\051}{appendix.Alph73}% 1672
\BOOKMARK [2][-]{subsection.Alph73.3.1}{\376\377\000B\000.\0001\000.\000\040\000P\000o\000s\000i\000t\000i\000v\000i\000t\000y\000\040\000o\000f\000\040\000s\000t\000r\000i\000n\000g\000\040\000t\000e\000n\000s\000i\000o\000n\000\040\000b\000e\000y\000o\000n\000d\000\040\000s\000t\000r\000o\000n\000g\000\040\000c\000o\000u\000p\000l\000i\000n\000g}{section.Alph73.3}% 1673
\BOOKMARK [2][-]{subsection.Alph73.3.2}{\376\377\000B\000.\0002\000.\000\040\000U\000n\000i\000f\000o\000r\000m\000\040\000s\000p\000e\000c\000t\000r\000a\000l\000\040\000g\000a\000p\000\040\000m\000e\000c\000h\000a\000n\000i\000s\000m\000\040\000\050\000f\000i\000n\000i\000t\000e\000-\000v\000o\000l\000u\000m\000e\000\040\000t\000o\000\040\000i\000n\000f\000i\000n\000i\000t\000e\000-\000v\000o\000l\000u\000m\000e\000\051}{section.Alph73.3}% 1674
\BOOKMARK [2][-]{subsection.Alph73.3.3}{\376\377\000B\000.\0003\000.\000\040\000A\000b\000s\000e\000n\000c\000e\000\040\000o\000f\000\040\000b\000u\000l\000k\000/\000t\000h\000e\000r\000m\000a\000l\000\040\000t\000r\000a\000n\000s\000i\000t\000i\000o\000n\000s\000\040\000a\000l\000o\000n\000g\000\040\000t\000h\000e\000\040\000r\000o\000a\000d\000m\000a\000p}{section.Alph73.3}% 1675
\BOOKMARK [2][-]{subsection.Alph73.3.4}{\376\377\000B\000.\0004\000.\000\040\000M\000a\000s\000s\000\040\000g\000a\000p\000\040\000v\000e\000r\000s\000u\000s\000\040\000s\000t\000r\000i\000n\000g\000\040\000t\000e\000n\000s\000i\000o\000n\000:\000\040\000t\000h\000e\000\040\000k\000e\000y\000\040\000q\000u\000a\000n\000t\000i\000t\000a\000t\000i\000v\000e\000\040\000b\000r\000i\000d\000g\000e}{section.Alph73.3}% 1676
\BOOKMARK [2][-]{subsection.Alph73.3.5}{\376\377\000B\000.\0005\000.\000\040\000C\000o\000n\000t\000i\000n\000u\000u\000m\000\040\000l\000i\000m\000i\000t\000\040\000e\000x\000i\000s\000t\000e\000n\000c\000e\000\040\000\050\000c\000o\000n\000s\000t\000r\000u\000c\000t\000i\000v\000e\000\040\000c\000o\000n\000t\000r\000o\000l\000\051}{section.Alph73.3}% 1677
\BOOKMARK [2][-]{subsection.Alph73.3.6}{\376\377\000B\000.\0006\000.\000\040\000M\000a\000p\000p\000i\000n\000g\000\040\000t\000o\000\040\000t\000h\000e\000\040\000O\000p\000e\000n\000\040\000P\000r\000o\000b\000l\000e\000m\000\040\000L\000e\000d\000g\000e\000r}{section.Alph73.3}% 1678
\BOOKMARK [2][-]{subsection.Alph73.3.7}{\376\377\000B\000.\0007\000.\000\040\000M\000a\000t\000h\000e\000m\000a\000t\000i\000c\000a\000l\000\040\000F\000r\000a\000m\000e\000w\000o\000r\000k\000s\000\040\000\050\000P\000r\000o\000p\000o\000s\000e\000d\000\040\000S\000o\000l\000u\000t\000i\000o\000n\000s\000\051}{section.Alph73.3}% 1679
\BOOKMARK [0][-]{appendix.Alph74}{\376\377\000F\000o\000u\000n\000d\000a\000t\000i\000o\000n\000a\000l\000\040\000T\000e\000c\000h\000n\000i\000c\000a\000l\000\040\000A\000p\000p\000e\000n\000d\000i\000c\000e\000s}{theorem.P.1.10}% 1680
\BOOKMARK [0][-]{appendix.Alph75}{\376\377\000A\000p\000p\000e\000n\000d\000i\000x\000\040\000A\000:\000\040\000E\000x\000p\000l\000i\000c\000i\000t\000\040\000I\000n\000t\000e\000r\000v\000a\000l\000\040\000A\000r\000i\000t\000h\000m\000e\000t\000i\000c\000\040\000V\000e\000r\000i\000f\000i\000c\000a\000t\000i\000o\000n\000\040\000o\000f\000\040\000t\000h\000e\000\040\000M\000a\000s\000s\000\040\000G\000a\000p}{theorem.P.1.10}% 1681
\BOOKMARK [1][-]{section.Alph75.1}{\376\377\000O\000v\000e\000r\000v\000i\000e\000w\000:\000\040\000C\000o\000m\000p\000u\000t\000e\000r\000-\000A\000s\000s\000i\000s\000t\000e\000d\000\040\000P\000r\000o\000o\000f\000\040\000S\000t\000r\000a\000t\000e\000g\000y}{appendix.Alph75}% 1682
\BOOKMARK [1][-]{section.Alph75.2}{\376\377\000M\000e\000t\000h\000o\000d\000o\000l\000o\000g\000y\000:\000\040\000D\000i\000r\000e\000c\000t\000e\000d\000\040\000R\000o\000u\000n\000d\000i\000n\000g\000\040\000a\000n\000d\000\040\000I\000n\000t\000e\000r\000v\000a\000l\000\040\000E\000n\000c\000l\000o\000s\000u\000r\000e\000s}{appendix.Alph75}% 1683
\BOOKMARK [1][-]{section.Alph75.3}{\376\377\000C\000a\000l\000c\000u\000l\000a\000t\000i\000o\000n\000\040\0001\000:\000\040\000T\000h\000e\000\040\000L\000a\000p\000l\000a\000c\000i\000a\000n\000\040\000O\000p\000e\000r\000a\000t\000o\000r\000\040\000S\000p\000e\000c\000t\000r\000u\000m}{appendix.Alph75}% 1684
\BOOKMARK [2][-]{subsection.Alph75.3.1}{\376\377\000R\000e\000s\000u\000l\000t\000:\000\040\000S\000p\000e\000c\000t\000r\000a\000l\000\040\000L\000o\000w\000e\000r\000\040\000B\000o\000u\000n\000d}{section.Alph75.3}% 1685
\BOOKMARK [1][-]{section.Alph75.4}{\376\377\000C\000a\000l\000c\000u\000l\000a\000t\000i\000o\000n\000\040\0002\000:\000\040\000T\000h\000e\000\040\000P\000o\000t\000e\000n\000t\000i\000a\000l\000\040\000E\000n\000e\000r\000g\000y\000\040\000C\000o\000n\000t\000r\000i\000b\000u\000t\000i\000o\000n}{appendix.Alph75}% 1686
\BOOKMARK [1][-]{section.Alph75.5}{\376\377\000S\000y\000n\000t\000h\000e\000s\000i\000s\000:\000\040\000T\000h\000e\000\040\000M\000a\000s\000s\000\040\000G\000a\000p\000\040\000L\000o\000w\000e\000r\000\040\000B\000o\000u\000n\000d}{appendix.Alph75}% 1687
\BOOKMARK [1][-]{section.Alph75.6}{\376\377\000C\000o\000n\000c\000l\000u\000s\000i\000o\000n\000\040\000o\000f\000\040\000A\000p\000p\000e\000n\000d\000i\000x\000\040\000A}{appendix.Alph75}% 1688
\BOOKMARK [0][-]{appendix.Alph76}{\376\377\000A\000p\000p\000e\000n\000d\000i\000x\000\040\000B\000:\000\040\000D\000e\000r\000i\000v\000a\000t\000i\000o\000n\000\040\000o\000f\000\040\000t\000h\000e\000\040\000F\000r\000e\000d\000e\000n\000h\000a\000g\000e\000n\000-\000M\000a\000r\000c\000u\000\040\000O\000r\000d\000e\000r\000\040\000P\000a\000r\000a\000m\000e\000t\000e\000r}{theorem.P.1.10}% 1689
\BOOKMARK [1][-]{section.Alph76.1}{\376\377\000I\000n\000t\000r\000o\000d\000u\000c\000t\000i\000o\000n}{appendix.Alph76}% 1690
\BOOKMARK [1][-]{section.Alph76.2}{\376\377\000D\000e\000f\000i\000n\000i\000t\000i\000o\000n\000\040\000o\000f\000\040\000t\000h\000e\000\040\000P\000a\000r\000a\000m\000e\000t\000e\000r}{appendix.Alph76}% 1691
\BOOKMARK [1][-]{section.Alph76.3}{\376\377\000B\000e\000h\000a\000v\000i\000o\000r\000\040\000i\000n\000\040\000A\000d\000j\000o\000i\000n\000t\000\040\000Q\000C\000D}{appendix.Alph76}% 1692
\BOOKMARK [1][-]{section.Alph76.4}{\376\377\000D\000e\000r\000i\000v\000a\000t\000i\000o\000n\000\040\000o\000f\000\040\000t\000h\000e\000\040\000C\000o\000n\000f\000i\000n\000e\000m\000e\000n\000t\000\040\000B\000o\000u\000n\000d\000s}{appendix.Alph76}% 1693
\BOOKMARK [1][-]{section.Alph76.5}{\376\377\000C\000o\000n\000c\000l\000u\000s\000i\000o\000n\000\040\000o\000f\000\040\000A\000p\000p\000e\000n\000d\000i\000x\000\040\000B}{appendix.Alph76}% 1694
\BOOKMARK [0][-]{appendix.Alph77}{\376\377\000A\000p\000p\000e\000n\000d\000i\000x\000\040\000C\000:\000\040\000R\000i\000g\000o\000r\000o\000u\000s\000\040\000R\000e\000s\000t\000o\000r\000a\000t\000i\000o\000n\000\040\000o\000f\000\040\000S\000O\000\050\0004\000\051\000\040\000S\000y\000m\000m\000e\000t\000r\000y\000\040\000v\000i\000a\000\040\000S\000y\000m\000a\000n\000z\000i\000k\000\040\000F\000l\000o\000w}{theorem.P.1.10}% 1695
\BOOKMARK [1][-]{section.Alph77.1}{\376\377\000I\000n\000t\000r\000o\000d\000u\000c\000t\000i\000o\000n}{appendix.Alph77}% 1696
\BOOKMARK [1][-]{section.Alph77.2}{\376\377\000T\000h\000e\000\040\000S\000y\000m\000a\000n\000z\000i\000k\000\040\000E\000f\000f\000e\000c\000t\000i\000v\000e\000\040\000A\000c\000t\000i\000o\000n}{appendix.Alph77}% 1697
\BOOKMARK [1][-]{section.Alph77.3}{\376\377\000C\000l\000a\000s\000s\000i\000f\000i\000c\000a\000t\000i\000o\000n\000\040\000o\000f\000\040\000I\000r\000r\000e\000l\000e\000v\000a\000n\000t\000\040\000O\000p\000e\000r\000a\000t\000o\000r\000s}{appendix.Alph77}% 1698
\BOOKMARK [2][-]{subsection.Alph77.3.1}{\376\377\000D\000i\000m\000e\000n\000s\000i\000o\000n\000\040\0004\000\040\000O\000p\000e\000r\000a\000t\000o\000r\000s}{section.Alph77.3}% 1699
\BOOKMARK [2][-]{subsection.Alph77.3.2}{\376\377\000D\000i\000m\000e\000n\000s\000i\000o\000n\000\040\0006\000\040\000O\000p\000e\000r\000a\000t\000o\000r\000s}{section.Alph77.3}% 1700
\BOOKMARK [1][-]{section.Alph77.4}{\376\377\000R\000i\000g\000o\000r\000o\000u\000s\000\040\000R\000G\000\040\000F\000l\000o\000w\000\040\000A\000n\000a\000l\000y\000s\000i\000s}{appendix.Alph77}% 1701
\BOOKMARK [1][-]{section.Alph77.5}{\376\377\000I\000m\000p\000l\000i\000c\000a\000t\000i\000o\000n\000\040\000f\000o\000r\000\040\000t\000h\000e\000\040\000M\000a\000s\000s\000\040\000S\000p\000e\000c\000t\000r\000u\000m}{appendix.Alph77}% 1702
\BOOKMARK [1][-]{section.Alph77.6}{\376\377\000C\000o\000n\000c\000l\000u\000s\000i\000o\000n\000\040\000o\000f\000\040\000A\000p\000p\000e\000n\000d\000i\000x\000\040\000C}{appendix.Alph77}% 1703
\BOOKMARK [0][-]{appendix.Alph78}{\376\377\000A\000p\000p\000e\000n\000d\000i\000x\000\040\000D\000:\000\040\000R\000i\000g\000o\000r\000o\000u\000s\000\040\000E\000x\000t\000e\000n\000s\000i\000o\000n\000\040\000o\000f\000\040\000B\000a\000l\000a\000b\000a\000n\000'\000s\000\040\000B\000o\000u\000n\000d\000s\000\040\000t\000o\000\040\000S\000U\000\050\000N\000\051}{theorem.P.1.10}% 1704
\BOOKMARK [1][-]{section.Alph78.1}{\376\377\000I\000n\000t\000r\000o\000d\000u\000c\000t\000i\000o\000n\000\040\000a\000n\000d\000\040\000S\000e\000t\000u\000p}{appendix.Alph78}% 1705
\BOOKMARK [2][-]{subsection.Alph78.1.1}{\376\377\000N\000o\000t\000a\000t\000i\000o\000n\000\040\000a\000n\000d\000\040\000L\000a\000t\000t\000i\000c\000e\000\040\000G\000e\000o\000m\000e\000t\000r\000y}{section.Alph78.1}% 1706
\BOOKMARK [1][-]{section.Alph78.2}{\376\377\000T\000h\000e\000\040\000B\000l\000o\000c\000k\000\040\000S\000p\000i\000n\000\040\000T\000r\000a\000n\000s\000f\000o\000r\000m\000a\000t\000i\000o\000n\000\040\000f\000o\000r\000\040\000S\000U\000\050\000N\000\051}{appendix.Alph78}% 1707
\BOOKMARK [1][-]{section.Alph78.3}{\376\377\000I\000n\000d\000u\000c\000t\000i\000v\000e\000\040\000A\000n\000a\000l\000y\000s\000i\000s\000\040\000o\000f\000\040\000t\000h\000e\000\040\000R\000e\000n\000o\000r\000m\000a\000l\000i\000z\000a\000t\000i\000o\000n\000\040\000G\000r\000o\000u\000p\000\040\000F\000l\000o\000w}{appendix.Alph78}% 1708
\BOOKMARK [2][-]{subsection.Alph78.3.1}{\376\377\000T\000h\000e\000\040\000R\000-\000O\000p\000e\000r\000a\000t\000i\000o\000n\000\040\000a\000n\000d\000\040\000C\000o\000u\000n\000t\000e\000r\000t\000e\000r\000m\000s}{section.Alph78.3}% 1709
\BOOKMARK [1][-]{section.Alph78.4}{\376\377\000S\000m\000a\000l\000l\000\040\000F\000i\000e\000l\000d\000\040\000A\000n\000a\000l\000y\000s\000i\000s\000:\000\040\000T\000h\000e\000\040\000F\000l\000u\000c\000t\000u\000a\000t\000i\000o\000n\000\040\000D\000e\000t\000e\000r\000m\000i\000n\000a\000n\000t}{appendix.Alph78}% 1710
\BOOKMARK [1][-]{section.Alph78.5}{\376\377\000L\000a\000r\000g\000e\000\040\000F\000i\000e\000l\000d\000\040\000A\000n\000a\000l\000y\000s\000i\000s\000:\000\040\000P\000o\000l\000y\000m\000e\000r\000\040\000E\000x\000p\000a\000n\000s\000i\000o\000n}{appendix.Alph78}% 1711
\BOOKMARK [2][-]{subsection.Alph78.5.1}{\376\377\000C\000o\000n\000v\000e\000r\000g\000e\000n\000c\000e\000\040\000o\000f\000\040\000t\000h\000e\000\040\000C\000l\000u\000s\000t\000e\000r\000\040\000E\000x\000p\000a\000n\000s\000i\000o\000n}{section.Alph78.5}% 1712
\BOOKMARK [1][-]{section.Alph78.6}{\376\377\000T\000h\000e\000\040\000R\000e\000n\000o\000r\000m\000a\000l\000i\000z\000e\000d\000\040\000T\000r\000a\000j\000e\000c\000t\000o\000r\000y}{appendix.Alph78}% 1713
\BOOKMARK [1][-]{section.Alph78.7}{\376\377\000O\000p\000e\000n\000\040\000P\000r\000o\000b\000l\000e\000m\000\040\000L\000e\000d\000g\000e\000r\000\040\000a\000n\000d\000\040\000P\000r\000o\000o\000f\000\040\000O\000b\000l\000i\000g\000a\000t\000i\000o\000n\000s}{appendix.Alph78}% 1714
\BOOKMARK [2][-]{subsection.Alph78.7.1}{\376\377\000U\000n\000i\000f\000o\000r\000m\000\040\000i\000n\000f\000i\000n\000i\000t\000e\000-\000v\000o\000l\000u\000m\000e\000\040\000c\000o\000n\000t\000r\000o\000l\000\040\000\050\000i\000n\000t\000e\000r\000m\000e\000d\000i\000a\000t\000e\000\040\000c\000o\000u\000p\000l\000i\000n\000g\000\051}{section.Alph78.7}% 1715
\BOOKMARK [2][-]{subsection.Alph78.7.2}{\376\377\000N\000o\000n\000-\000A\000b\000e\000l\000i\000a\000n\000\040\000c\000o\000r\000r\000e\000l\000a\000t\000i\000o\000n\000\040\000i\000n\000e\000q\000u\000a\000l\000i\000t\000i\000e\000s\000\040\000a\000n\000d\000\040\000c\000o\000n\000f\000i\000n\000e\000m\000e\000n\000t\000\040\000i\000n\000d\000i\000c\000a\000t\000o\000r\000s}{section.Alph78.7}% 1716
\BOOKMARK [2][-]{subsection.Alph78.7.3}{\376\377\000S\000p\000e\000c\000t\000r\000a\000l\000\040\000r\000e\000l\000a\000t\000i\000o\000n\000s\000\040\000a\000n\000d\000\040\000p\000h\000e\000n\000o\000m\000e\000n\000o\000l\000o\000g\000i\000c\000a\000l\000\040\000i\000n\000e\000q\000u\000a\000l\000i\000t\000i\000e\000s}{section.Alph78.7}% 1717
\BOOKMARK [2][-]{subsection.Alph78.7.4}{\376\377\000C\000o\000n\000t\000i\000n\000u\000u\000m\000\040\000l\000i\000m\000i\000t\000\040\000a\000n\000d\000\040\000r\000e\000c\000o\000n\000s\000t\000r\000u\000c\000t\000i\000o\000n}{section.Alph78.7}% 1718
\BOOKMARK [2][-]{subsection.Alph78.7.5}{\376\377\000H\000o\000w\000\040\000t\000h\000i\000s\000\040\000l\000e\000d\000g\000e\000r\000\040\000i\000s\000\040\000u\000s\000e\000d}{section.Alph78.7}% 1719
\BOOKMARK [0][-]{appendix.Alph79}{\376\377\000E\000x\000e\000c\000u\000t\000i\000v\000e\000\040\000S\000u\000m\000m\000a\000r\000y\000\040\000a\000n\000d\000\040\000O\000p\000e\000n\000\040\000P\000r\000o\000b\000l\000e\000m\000s}{theorem.P.1.10}% 1720
\BOOKMARK [1][-]{section.Alph79.1}{\376\377\000E\000x\000e\000c\000u\000t\000i\000v\000e\000\040\000S\000u\000m\000m\000a\000r\000y\000\040\000o\000f\000\040\000P\000r\000o\000o\000f\000\040\000S\000t\000a\000t\000u\000s}{appendix.Alph79}% 1721
\BOOKMARK [2][-]{subsection.Alph79.1.1}{\376\377\000H\000e\000a\000d\000l\000i\000n\000e\000\040\000c\000l\000a\000i\000m\000s\000\040\000\050\000r\000e\000v\000i\000s\000e\000d\000\051}{section.Alph79.1}% 1722
\BOOKMARK [2][-]{subsection.Alph79.1.2}{\376\377\000S\000t\000a\000t\000u\000s\000\040\000t\000a\000b\000l\000e\000\040\000o\000f\000\040\000k\000e\000y\000\040\000o\000b\000s\000t\000a\000c\000l\000e\000s}{section.Alph79.1}% 1723
\BOOKMARK [2][-]{subsection.Alph79.1.3}{\376\377\000V\000e\000r\000i\000f\000i\000e\000d\000\040\000c\000o\000m\000p\000o\000n\000e\000n\000t\000s}{section.Alph79.1}% 1724
\BOOKMARK [2][-]{subsection.Alph79.1.4}{\376\377\000C\000o\000n\000c\000l\000u\000s\000i\000o\000n}{section.Alph79.1}% 1725
\BOOKMARK [0][-]{appendix.Alph80}{\376\377\000P\000r\000o\000p\000o\000s\000e\000d\000\040\000R\000e\000s\000o\000l\000u\000t\000i\000o\000n\000s\000\040\000a\000n\000d\000\040\000P\000r\000o\000o\000f\000\040\000S\000k\000e\000t\000c\000h\000e\000s\000\040\000f\000o\000r\000\040\000O\000p\000e\000n\000\040\000P\000r\000o\000b\000l\000e\000m\000s}{theorem.P.1.10}% 1726
\BOOKMARK [1][-]{section.Alph80.1}{\376\377\000P\000r\000o\000p\000o\000s\000e\000d\000\040\000R\000e\000s\000o\000l\000u\000t\000i\000o\000n\000\040\000o\000f\000\040\000U\000n\000i\000f\000o\000r\000m\000\040\000I\000n\000f\000i\000n\000i\000t\000e\000-\000V\000o\000l\000u\000m\000e\000\040\000C\000o\000n\000t\000r\000o\000l}{appendix.Alph80}% 1727
\BOOKMARK [1][-]{section.Alph80.2}{\376\377\000R\000e\000s\000o\000l\000u\000t\000i\000o\000n\000\040\000o\000f\000\040\000N\000o\000n\000-\000A\000b\000e\000l\000i\000a\000n\000\040\000C\000o\000r\000r\000e\000l\000a\000t\000i\000o\000n\000\040\000I\000n\000e\000q\000u\000a\000l\000i\000t\000i\000e\000s}{appendix.Alph80}% 1728
\BOOKMARK [1][-]{section.Alph80.3}{\376\377\000R\000e\000s\000o\000l\000u\000t\000i\000o\000n\000\040\000o\000f\000\040\000S\000p\000e\000c\000t\000r\000a\000l\000\040\000R\000e\000l\000a\000t\000i\000o\000n\000s}{appendix.Alph80}% 1729
\BOOKMARK [1][-]{section.Alph80.4}{\376\377\000R\000e\000s\000o\000l\000u\000t\000i\000o\000n\000\040\000o\000f\000\040\000C\000o\000n\000t\000i\000n\000u\000u\000m\000\040\000L\000i\000m\000i\000t}{appendix.Alph80}% 1730
\BOOKMARK [1][-]{section.Alph80.5}{\376\377\000C\000o\000n\000c\000l\000u\000s\000i\000o\000n}{appendix.Alph80}% 1731
\BOOKMARK [1][-]{section.Alph80.6}{\376\377\000C\000o\000n\000s\000o\000l\000i\000d\000a\000t\000e\000d\000\040\000R\000i\000g\000o\000r\000o\000u\000s\000\040\000T\000h\000e\000o\000r\000e\000m\000s}{appendix.Alph80}% 1732
\BOOKMARK [2][-]{subsection.Alph80.6.1}{\376\377\000F\000o\000u\000n\000d\000a\000t\000i\000o\000n\000a\000l\000\040\000T\000h\000e\000o\000r\000e\000m\000s}{section.Alph80.6}% 1733
\BOOKMARK [2][-]{subsection.Alph80.6.2}{\376\377\000T\000h\000e\000\040\000S\000p\000e\000c\000t\000r\000a\000l\000\040\000G\000a\000p\000\040\000L\000o\000w\000e\000r\000\040\000B\000o\000u\000n\000d}{section.Alph80.6}% 1734
\BOOKMARK [1][-]{section.Alph80.7}{\376\377\000A\000n\000a\000l\000y\000t\000i\000c\000i\000t\000y\000\040\000a\000n\000d\000\040\000C\000o\000n\000t\000i\000n\000u\000u\000m\000\040\000L\000i\000m\000i\000t}{appendix.Alph80}% 1735
\BOOKMARK [1][-]{section.Alph80.8}{\376\377\000H\000i\000e\000r\000a\000r\000c\000h\000i\000c\000a\000l\000\040\000G\000a\000p\000\040\000S\000t\000a\000b\000i\000l\000i\000t\000y}{appendix.Alph80}% 1736
\BOOKMARK [1][-]{section.Alph80.9}{\376\377\000A\000d\000d\000i\000t\000i\000o\000n\000a\000l\000\040\000R\000i\000g\000o\000r\000o\000u\000s\000\040\000R\000e\000s\000u\000l\000t\000s}{appendix.Alph80}% 1737
\BOOKMARK [1][-]{section.Alph80.10}{\376\377\000T\000r\000a\000n\000s\000f\000e\000r\000\040\000M\000a\000t\000r\000i\000x\000\040\000a\000n\000d\000\040\000S\000t\000r\000i\000n\000g\000\040\000T\000e\000n\000s\000i\000o\000n}{appendix.Alph80}% 1738
\BOOKMARK [1][-]{section.Alph80.11}{\376\377\000A\000d\000d\000i\000t\000i\000o\000n\000a\000l\000\040\000R\000i\000g\000o\000r\000o\000u\000s\000\040\000R\000e\000s\000u\000l\000t\000s}{appendix.Alph80}% 1739
\BOOKMARK [2][-]{subsection.Alph80.11.1}{\376\377\000C\000o\000m\000p\000l\000e\000x\000\040\000P\000a\000t\000h\000\040\000a\000n\000d\000\040\000F\000e\000r\000m\000i\000o\000n\000\040\000M\000e\000t\000h\000o\000d\000s}{section.Alph80.11}% 1740
\BOOKMARK [2][-]{subsection.Alph80.11.2}{\376\377\000B\000a\000l\000a\000b\000a\000n\000\040\000F\000e\000r\000m\000i\000o\000n\000\040\000B\000o\000u\000n\000d\000s}{section.Alph80.11}% 1741
\BOOKMARK [1][-]{section.Alph80.12}{\376\377\000S\000t\000r\000i\000n\000g\000\040\000T\000e\000n\000s\000i\000o\000n\000\040\000a\000n\000d\000\040\000C\000o\000n\000f\000i\000n\000e\000m\000e\000n\000t}{appendix.Alph80}% 1742
\BOOKMARK [1][-]{section.Alph80.13}{\376\377\000O\000s\000t\000e\000r\000w\000a\000l\000d\000e\000r\000-\000S\000c\000h\000r\000a\000d\000e\000r\000\040\000R\000e\000c\000o\000n\000s\000t\000r\000u\000c\000t\000i\000o\000n}{appendix.Alph80}% 1743
\BOOKMARK [1][-]{section.Alph80.14}{\376\377\000G\000a\000u\000g\000e\000\040\000I\000n\000v\000a\000r\000i\000a\000n\000c\000e}{appendix.Alph80}% 1744
\BOOKMARK [1][-]{section.Alph80.15}{\376\377\000F\000a\000c\000t\000o\000r\000i\000z\000a\000t\000i\000o\000n\000\040\000a\000n\000d\000\040\000C\000l\000u\000s\000t\000e\000r\000i\000n\000g}{appendix.Alph80}% 1745
\BOOKMARK [1][-]{section.Alph80.16}{\376\377\000C\000l\000u\000s\000t\000e\000r\000\040\000E\000x\000p\000a\000n\000s\000i\000o\000n}{appendix.Alph80}% 1746
\BOOKMARK [1][-]{section.Alph80.17}{\376\377\000A\000d\000d\000i\000t\000i\000o\000n\000a\000l\000\040\000L\000a\000b\000e\000l\000s\000\040\000f\000o\000r\000\040\000C\000r\000o\000s\000s\000-\000R\000e\000f\000e\000r\000e\000n\000c\000e\000s}{appendix.Alph80}% 1747
\BOOKMARK [2][-]{subsection.Alph80.17.1}{\376\377\000G\000a\000p\000\040\000C\000o\000m\000p\000l\000e\000x\000\040\000P\000a\000t\000h}{section.Alph80.17}% 1748
\BOOKMARK [2][-]{subsection.Alph80.17.2}{\376\377\000D\000e\000f\000i\000n\000i\000t\000i\000v\000e\000\040\000G\000a\000p\000\040\000C\000l\000o\000s\000u\000r\000e}{section.Alph80.17}% 1749
\BOOKMARK [2][-]{subsection.Alph80.17.3}{\376\377\000C\000o\000n\000t\000i\000n\000u\000u\000m\000\040\000U\000n\000i\000f\000o\000r\000m}{section.Alph80.17}% 1750
\BOOKMARK [2][-]{subsection.Alph80.17.4}{\376\377\000R\000i\000g\000o\000r\000i\000z\000a\000t\000i\000o\000n\000\040\000L\000a\000b\000e\000l\000s}{section.Alph80.17}% 1751
\BOOKMARK [2][-]{subsection.Alph80.17.5}{\376\377\000N\000o\000r\000m\000\040\000R\000e\000s\000o\000l\000v\000e\000n\000t}{section.Alph80.17}% 1752
\BOOKMARK [2][-]{subsection.Alph80.17.6}{\376\377\000F\000i\000n\000a\000l\000\040\000M\000i\000s\000s\000i\000n\000g\000\040\000D\000e\000f\000i\000n\000i\000t\000i\000o\000n\000s}{section.Alph80.17}% 1753
\BOOKMARK [2][-]{subsection.Alph80.17.7}{\376\377\000C\000o\000m\000p\000l\000e\000t\000e\000\040\000R\000i\000g\000o\000r\000o\000u\000s\000\040\000P\000r\000o\000o\000f}{section.Alph80.17}% 1754
\BOOKMARK [2][-]{subsection.Alph80.17.8}{\376\377\000W\000i\000l\000s\000o\000n\000i\000a\000n\000\040\000Q\000C\000D}{section.Alph80.17}% 1755
\BOOKMARK [2][-]{subsection.Alph80.17.9}{\376\377\000S\000t\000r\000i\000n\000g\000\040\000T\000e\000n\000s\000i\000o\000n\000\040\000S\000e\000c\000t\000i\000o\000n}{section.Alph80.17}% 1756
\BOOKMARK [2][-]{subsection.Alph80.17.10}{\376\377\000G\000i\000l\000e\000s\000\040\000T\000e\000p\000e\000r\000\040\000S\000e\000c\000t\000i\000o\000n}{section.Alph80.17}% 1757
\BOOKMARK [2][-]{subsection.Alph80.17.11}{\376\377\000I\000n\000t\000r\000o\000d\000u\000c\000t\000i\000o\000n}{section.Alph80.17}% 1758
\BOOKMARK [2][-]{subsection.Alph80.17.12}{\376\377\000S\000p\000e\000c\000t\000r\000a\000l\000\040\000S\000t\000a\000b\000i\000l\000i\000t\000y}{section.Alph80.17}% 1759
\BOOKMARK [2][-]{subsection.Alph80.17.13}{\376\377\000C\000l\000u\000s\000t\000e\000r\000\040\000S\000e\000c\000t\000i\000o\000n}{section.Alph80.17}% 1760
\BOOKMARK [2][-]{subsection.Alph80.17.14}{\376\377\000A\000x\000i\000o\000m\000a\000t\000i\000c\000\040\000M\000a\000s\000s\000\040\000G\000a\000p}{section.Alph80.17}% 1761
\BOOKMARK [1][-]{section.Alph80.18}{\376\377\000S\000u\000p\000p\000l\000e\000m\000e\000n\000t\000a\000l\000\040\000R\000i\000g\000o\000r\000o\000u\000s\000\040\000R\000e\000s\000u\000l\000t\000s\000\040\000a\000n\000d\000\040\000D\000e\000f\000i\000n\000i\000t\000i\000o\000n\000s}{appendix.Alph80}% 1762
\BOOKMARK [2][-]{subsection.Alph80.18.1}{\376\377\000S\000e\000c\000t\000i\000o\000n\000\040\000R\000e\000f\000e\000r\000e\000n\000c\000e\000s}{section.Alph80.18}% 1763
\BOOKMARK [2][-]{subsection.Alph80.18.2}{\376\377\000C\000e\000n\000t\000e\000r\000\040\000S\000y\000m\000m\000e\000t\000r\000y\000\040\000a\000n\000d\000\040\000C\000o\000n\000f\000i\000n\000e\000m\000e\000n\000t}{section.Alph80.18}% 1764
\BOOKMARK [2][-]{subsection.Alph80.18.3}{\376\377\000C\000o\000n\000t\000i\000n\000u\000u\000m\000\040\000L\000i\000m\000i\000t\000\040\000a\000n\000d\000\040\000A\000n\000a\000l\000y\000s\000i\000s}{section.Alph80.18}% 1765
\BOOKMARK [2][-]{subsection.Alph80.18.4}{\376\377\000A\000n\000a\000l\000y\000t\000i\000c\000a\000l\000\040\000D\000e\000t\000a\000i\000l\000s}{section.Alph80.18}% 1766
\BOOKMARK [2][-]{subsection.Alph80.18.5}{\376\377\000B\000e\000s\000s\000e\000l\000\040\000B\000o\000u\000n\000d\000s}{section.Alph80.18}% 1767
\BOOKMARK [2][-]{subsection.Alph80.18.6}{\376\377\000S\000t\000r\000u\000c\000t\000u\000r\000e\000\040\000a\000n\000d\000\040\000H\000i\000e\000r\000a\000r\000c\000h\000i\000c\000a\000l\000\040\000M\000e\000t\000h\000o\000d\000s}{section.Alph80.18}% 1768
\BOOKMARK [2][-]{subsection.Alph80.18.7}{\376\377\000H\000i\000e\000r\000a\000r\000c\000h\000i\000c\000a\000l\000\040\000C\000o\000n\000s\000t\000r\000u\000c\000t\000i\000o\000n}{section.Alph80.18}% 1769
