\BOOKMARK [0][-]{chapter*.2}{\376\377\000R\000e\000a\000d\000e\000r\000'\000s\000\040\000G\000u\000i\000d\000e}{}% 1
\BOOKMARK [-1][-]{section*.3}{\376\377\000F\000o\000u\000n\000d\000a\000t\000i\000o\000n\000s}{}% 2
\BOOKMARK [0][-]{section.0.1}{\376\377\000I\000n\000t\000r\000o\000d\000u\000c\000t\000i\000o\000n}{section*.3}% 3
\BOOKMARK [1][-]{subsection.0.1.1}{\376\377\000S\000c\000o\000p\000e\000\040\000a\000n\000d\000\040\000s\000t\000a\000t\000u\000s\000\040\000o\000f\000\040\000r\000e\000s\000u\000l\000t\000s}{section.0.1}% 4
\BOOKMARK [2][-]{subsection.0.1.2}{\376\377\000A\000r\000c\000h\000i\000t\000e\000c\000t\000u\000r\000e\000\040\000o\000f\000\040\000t\000h\000e\000\040\000p\000r\000o\000g\000r\000a\000m}{subsection.0.1.1}% 5
\BOOKMARK [2][-]{subsection.0.1.3}{\376\377\000H\000o\000w\000\040\000o\000b\000s\000t\000a\000c\000l\000e\000s\000\040\000a\000r\000e\000\040\000h\000a\000n\000d\000l\000e\000d}{subsection.0.1.1}% 6
\BOOKMARK [1][-]{section.0.2}{\376\377\000L\000a\000t\000t\000i\000c\000e\000\040\000Y\000a\000n\000g\000-\000M\000i\000l\000l\000s\000\040\000T\000h\000e\000o\000r\000y\000:\000\040\000F\000o\000u\000n\000d\000a\000t\000i\000o\000n\000s\000\040\000a\000n\000d\000\040\000R\000i\000g\000o\000r}{section.0.1}% 7
\BOOKMARK [2][-]{subsection.0.2.1}{\376\377\000T\000h\000e\000\040\000L\000a\000t\000t\000i\000c\000e\000\040\000a\000n\000d\000\040\000C\000o\000n\000f\000i\000g\000u\000r\000a\000t\000i\000o\000n\000\040\000S\000p\000a\000c\000e}{section.0.2}% 8
\BOOKMARK [2][-]{subsection.0.2.2}{\376\377\000T\000h\000e\000\040\000W\000i\000l\000s\000o\000n\000\040\000A\000c\000t\000i\000o\000n\000\040\000a\000n\000d\000\040\000M\000e\000a\000s\000u\000r\000e}{section.0.2}% 9
\BOOKMARK [2][-]{subsection.0.2.3}{\376\377\000D\000i\000s\000c\000r\000e\000t\000e\000\040\000G\000e\000o\000m\000e\000t\000r\000y\000:\000\040\000O\000l\000l\000i\000v\000i\000e\000r\000-\000R\000i\000c\000c\000i\000\040\000C\000u\000r\000v\000a\000t\000u\000r\000e}{section.0.2}% 10
\BOOKMARK [2][-]{subsection.0.2.4}{\376\377\000T\000o\000p\000o\000l\000o\000g\000i\000c\000a\000l\000\040\000S\000e\000c\000t\000o\000r\000s\000\040\000a\000n\000d\000\040\000t\000h\000e\000\040\000L\000a\000t\000t\000i\000c\000e\000\040\000I\000n\000d\000e\000x\000\040\000T\000h\000e\000o\000r\000e\000m}{section.0.2}% 11
\BOOKMARK [2][-]{subsection.0.2.5}{\376\377\000T\000r\000a\000n\000s\000f\000e\000r\000\040\000M\000a\000t\000r\000i\000x\000\040\000a\000n\000d\000\040\000R\000e\000f\000l\000e\000c\000t\000i\000o\000n\000\040\000P\000o\000s\000i\000t\000i\000v\000i\000t\000y}{section.0.2}% 12
\BOOKMARK [-1][-]{equation.0.5}{\376\377\000T\000h\000e\000\040\000M\000a\000s\000s\000\040\000G\000a\000p\000\040\000P\000r\000o\000o\000f}{}% 13
\BOOKMARK [0][-]{chapter.1}{\376\377\000S\000t\000r\000o\000n\000g\000\040\000C\000o\000u\000p\000l\000i\000n\000g\000\040\000A\000n\000a\000l\000y\000s\000i\000s}{equation.0.5}% 14
\BOOKMARK [1][-]{section.1.1}{\376\377\000S\000t\000r\000o\000n\000g\000\040\000C\000o\000u\000p\000l\000i\000n\000g\000\040\000a\000n\000d\000\040\000C\000l\000u\000s\000t\000e\000r\000\040\000E\000x\000p\000a\000n\000s\000i\000o\000n\000s}{chapter.1}% 15
\BOOKMARK [2][-]{subsection.1.1.1}{\376\377\000\040\000T\000h\000e\000\040\000P\000o\000l\000y\000m\000e\000r\000\040\000R\000e\000p\000r\000e\000s\000e\000n\000t\000a\000t\000i\000o\000n}{section.1.1}% 16
\BOOKMARK [2][-]{subsection.1.1.2}{\376\377\000T\000h\000e\000\040\000M\000a\000y\000e\000r\000-\000M\000o\000n\000t\000r\000o\000l\000l\000\040\000R\000a\000d\000i\000u\000s}{section.1.1}% 17
\BOOKMARK [2][-]{subsection.1.1.3}{\376\377\000T\000h\000e\000r\000m\000o\000d\000y\000n\000a\000m\000i\000c\000\040\000L\000i\000m\000i\000t\000\040\000a\000n\000d\000\040\000T\000e\000m\000p\000e\000r\000e\000d\000n\000e\000s\000s}{section.1.1}% 18
\BOOKMARK [2][-]{subsection.1.1.4}{\376\377\000C\000o\000n\000c\000l\000u\000s\000i\000o\000n\000\040\000o\000f\000\040\000S\000t\000a\000g\000e\000\040\000I}{section.1.1}% 19
\BOOKMARK [0][-]{chapter.2}{\376\377\000I\000n\000t\000e\000r\000p\000o\000l\000a\000t\000i\000o\000n\000\040\000S\000t\000r\000a\000t\000e\000g\000y}{equation.0.5}% 20
\BOOKMARK [1][-]{section.2.1}{\376\377\000A\000d\000j\000o\000i\000n\000t\000\040\000I\000n\000t\000e\000r\000p\000o\000l\000a\000t\000i\000o\000n\000:\000\040\000B\000r\000i\000d\000g\000i\000n\000g\000\040\000S\000y\000m\000m\000e\000t\000r\000y\000\040\000a\000n\000d\000\040\000C\000h\000a\000o\000s}{chapter.2}% 21
\BOOKMARK [2][-]{subsection.2.1.1}{\376\377\000S\000t\000e\000p\000\040\0001\000:\000\040\000T\000h\000e\000\040\000I\000n\000t\000e\000r\000p\000o\000l\000a\000t\000i\000n\000g\000\040\000A\000c\000t\000i\000o\000n}{section.2.1}% 22
\BOOKMARK [2][-]{subsection.2.1.2}{\376\377\000S\000t\000e\000p\000\040\0002\000:\000\040\000A\000n\000c\000h\000o\000r\000\040\000t\000h\000e\000\040\000G\000a\000p\000\040\000a\000t\000\040\000M\000=\0000\000\040\000\050\000T\000h\000e\000\040\000S\000U\000S\000Y\000\040\000L\000i\000m\000i\000t\000\051}{section.2.1}% 23
\BOOKMARK [2][-]{subsection.2.1.3}{\376\377\000S\000t\000e\000p\000\040\0003\000:\000\040\000P\000r\000o\000t\000e\000c\000t\000\040\000t\000h\000e\000\040\000P\000a\000t\000h\000\040\000\050\000T\000h\000e\000\040\000S\000y\000m\000m\000e\000t\000r\000y\000\040\000A\000r\000g\000u\000m\000e\000n\000t\000\051}{section.2.1}% 24
\BOOKMARK [2][-]{subsection.2.1.4}{\376\377\000S\000t\000e\000p\000\040\0004\000:\000\040\000R\000u\000l\000e\000\040\000o\000u\000t\000\040\000"\000L\000i\000q\000u\000i\000d\000-\000G\000a\000s\000"\000\040\000T\000r\000a\000n\000s\000i\000t\000i\000o\000n\000s\000\040\000\050\000T\000h\000e\000\040\000C\000r\000i\000t\000i\000c\000a\000l\000\040\000F\000i\000x\000\051}{section.2.1}% 25
\BOOKMARK [2][-]{subsection.2.1.5}{\376\377\000S\000u\000m\000m\000a\000r\000y\000\040\000o\000f\000\040\000t\000h\000e\000\040\000R\000e\000p\000a\000i\000r}{section.2.1}% 26
\BOOKMARK [0][-]{chapter.3}{\376\377\000W\000e\000a\000k\000\040\000C\000o\000u\000p\000l\000i\000n\000g\000\040\000C\000o\000n\000t\000r\000o\000l}{equation.0.5}% 27
\BOOKMARK [1][-]{section.3.1}{\376\377\000W\000e\000a\000k\000\040\000C\000o\000u\000p\000l\000i\000n\000g\000\040\000a\000n\000d\000\040\000A\000s\000y\000m\000p\000t\000o\000t\000i\000c\000\040\000F\000r\000e\000e\000d\000o\000m}{chapter.3}% 28
\BOOKMARK [2][-]{subsection.3.1.1}{\376\377\000D\000o\000b\000r\000u\000s\000h\000i\000n\000\040\000U\000n\000i\000q\000u\000e\000n\000e\000s\000s\000\040\000a\000n\000d\000\040\000P\000h\000a\000s\000e\000\040\000R\000e\000g\000u\000l\000a\000r\000i\000t\000y}{section.3.1}% 29
\BOOKMARK [2][-]{subsection.3.1.2}{\376\377\000R\000e\000n\000o\000r\000m\000a\000l\000i\000z\000a\000t\000i\000o\000n\000\040\000G\000r\000o\000u\000p\000\040\000A\000n\000a\000l\000y\000s\000i\000s}{section.3.1}% 30
\BOOKMARK [2][-]{subsection.3.1.3}{\376\377\000Q\000u\000a\000n\000t\000i\000t\000a\000t\000i\000v\000e\000\040\000H\000o\000m\000o\000g\000e\000n\000i\000z\000a\000t\000i\000o\000n}{section.3.1}% 31
\BOOKMARK [2][-]{subsection.3.1.4}{\376\377\000U\000n\000i\000v\000e\000r\000s\000a\000l\000i\000t\000y}{section.3.1}% 32
\BOOKMARK [0][-]{chapter.4}{\376\377\000C\000o\000n\000t\000i\000n\000u\000u\000m\000\040\000L\000i\000m\000i\000t}{equation.0.5}% 33
\BOOKMARK [1][-]{section.4.1}{\376\377\000T\000h\000e\000\040\000C\000o\000n\000t\000i\000n\000u\000u\000m\000\040\000L\000i\000m\000i\000t\000\040\000a\000n\000d\000\040\000E\000x\000i\000s\000t\000e\000n\000c\000e}{chapter.4}% 34
\BOOKMARK [2][-]{subsection.4.1.1}{\376\377\000R\000e\000c\000o\000n\000s\000t\000r\000u\000c\000t\000i\000o\000n\000\040\000o\000f\000\040\000t\000h\000e\000\040\000Q\000u\000a\000n\000t\000u\000m\000\040\000T\000h\000e\000o\000r\000y}{section.4.1}% 35
\BOOKMARK [2][-]{subsection.4.1.2}{\376\377\000C\000o\000n\000t\000i\000n\000u\000u\000m\000\040\000O\000b\000s\000e\000r\000v\000a\000b\000l\000e\000s\000\040\000v\000i\000a\000\040\000L\000o\000g\000a\000r\000i\000t\000h\000m\000i\000c\000\040\000B\000e\000s\000o\000v\000\040\000S\000p\000a\000c\000e\000s}{section.4.1}% 36
\BOOKMARK [2][-]{subsection.4.1.3}{\376\377\000T\000a\000l\000a\000g\000r\000a\000n\000d\000'\000s\000\040\000I\000n\000e\000q\000u\000a\000l\000i\000t\000y\000\040\000a\000n\000d\000\040\000C\000o\000n\000c\000e\000n\000t\000r\000a\000t\000i\000o\000n}{section.4.1}% 37
\BOOKMARK [2][-]{subsection.4.1.4}{\376\377\000T\000o\000p\000o\000l\000o\000g\000i\000c\000a\000l\000\040\000S\000e\000c\000t\000o\000r\000\040\000a\000n\000d\000\040\000A\000d\000m\000i\000s\000s\000i\000b\000i\000l\000i\000t\000y}{section.4.1}% 38
\BOOKMARK [-1][-]{subsection.4.1.4}{\376\377\000C\000o\000n\000c\000l\000u\000s\000i\000o\000n}{}% 39
\BOOKMARK [0][-]{section.4.2}{\376\377\000C\000o\000n\000c\000l\000u\000s\000i\000o\000n\000\040\000a\000n\000d\000\040\000V\000e\000r\000i\000f\000i\000c\000a\000t\000i\000o\000n}{subsection.4.1.4}% 40
\BOOKMARK [1][-]{subsection.4.2.1}{\376\377\000S\000u\000m\000m\000a\000r\000y\000\040\000o\000f\000\040\000t\000h\000e\000\040\000A\000r\000g\000u\000m\000e\000n\000t}{section.4.2}% 41
\BOOKMARK [2][-]{subsection.4.2.2}{\376\377\000V\000e\000r\000i\000f\000i\000c\000a\000t\000i\000o\000n\000\040\000o\000f\000\040\000t\000h\000e\000\040\000A\000x\000i\000o\000m\000s}{subsection.4.2.1}% 42
\BOOKMARK [2][-]{subsection.4.2.3}{\376\377\000T\000h\000e\000\040\000M\000a\000s\000s\000\040\000G\000a\000p\000\040\000S\000t\000a\000t\000e\000m\000e\000n\000t}{subsection.4.2.1}% 43
\BOOKMARK [-1][-]{equation.4.3}{\376\377\000T\000e\000c\000h\000n\000i\000c\000a\000l\000\040\000A\000p\000p\000e\000n\000d\000i\000c\000e\000s}{}% 44
\BOOKMARK [0][-]{appendix.A}{\376\377\000M\000a\000t\000h\000e\000m\000a\000t\000i\000c\000a\000l\000\040\000P\000r\000e\000r\000e\000q\000u\000i\000s\000i\000t\000e\000s\000\040\000a\000n\000d\000\040\000K\000e\000y\000\040\000E\000s\000t\000i\000m\000a\000t\000e\000s}{equation.4.3}% 45
\BOOKMARK [1][-]{section.A.1}{\376\377\000M\000a\000t\000h\000e\000m\000a\000t\000i\000c\000a\000l\000\040\000P\000r\000e\000r\000e\000q\000u\000i\000s\000i\000t\000e\000s}{appendix.A}% 46
\BOOKMARK [2][-]{subsection.A.1.1}{\376\377\000F\000u\000n\000c\000t\000i\000o\000n\000a\000l\000\040\000A\000n\000a\000l\000y\000s\000i\000s}{section.A.1}% 47
\BOOKMARK [2][-]{subsection.A.1.2}{\376\377\000R\000e\000p\000r\000e\000s\000e\000n\000t\000a\000t\000i\000o\000n\000\040\000T\000h\000e\000o\000r\000y\000\040\000o\000f\000\040\000S\000U\000\050\000N\000\051}{section.A.1}% 48
\BOOKMARK [2][-]{subsection.A.1.3}{\376\377\000C\000o\000n\000s\000t\000r\000u\000c\000t\000i\000v\000e\000\040\000F\000i\000e\000l\000d\000\040\000T\000h\000e\000o\000r\000y}{section.A.1}% 49
\BOOKMARK [2][-]{subsection.A.1.4}{\376\377\000M\000a\000r\000k\000o\000v\000\040\000C\000h\000a\000i\000n\000\040\000C\000o\000m\000p\000a\000r\000i\000s\000o\000n\000\040\000T\000h\000e\000o\000r\000e\000m\000s}{section.A.1}% 50
\BOOKMARK [1][-]{section.A.2}{\376\377\000K\000e\000y\000\040\000E\000s\000t\000i\000m\000a\000t\000e\000s}{appendix.A}% 51
\BOOKMARK [2][-]{subsection.A.2.1}{\376\377\000T\000r\000a\000n\000s\000f\000e\000r\000\040\000M\000a\000t\000r\000i\000x\000\040\000K\000e\000r\000n\000e\000l\000\040\000B\000o\000u\000n\000d\000s}{section.A.2}% 52
\BOOKMARK [2][-]{subsection.A.2.2}{\376\377\000W\000i\000l\000s\000o\000n\000\040\000L\000o\000o\000p\000\040\000B\000o\000u\000n\000d\000s}{section.A.2}% 53
\BOOKMARK [0][-]{appendix.B}{\376\377\000T\000h\000e\000\040\000M\000a\000t\000h\000e\000m\000a\000t\000i\000c\000a\000l\000\040\000A\000r\000c\000h\000i\000t\000e\000c\000t\000u\000r\000e\000\040\000o\000f\000\040\000t\000h\000e\000\040\000P\000r\000o\000o\000f}{equation.4.3}% 54
\BOOKMARK [1][-]{section.B.1}{\376\377\000O\000v\000e\000r\000v\000i\000e\000w\000:\000\040\000F\000r\000o\000m\000\040\000H\000e\000u\000r\000i\000s\000t\000i\000c\000s\000\040\000t\000o\000\040\000R\000i\000g\000o\000r}{appendix.B}% 55
\BOOKMARK [1][-]{section.B.2}{\376\377\000P\000i\000l\000l\000a\000r\000\040\000I\000:\000\040\000C\000o\000n\000s\000t\000r\000u\000c\000t\000i\000o\000n\000\040\000\050\000T\000h\000e\000\040\000M\000e\000a\000s\000u\000r\000e\000\051}{appendix.B}% 56
\BOOKMARK [1][-]{section.B.3}{\376\377\000P\000i\000l\000l\000a\000r\000\040\000I\000I\000:\000\040\000T\000h\000e\000\040\000S\000p\000e\000c\000t\000r\000u\000m\000\040\000\050\000T\000h\000e\000\040\000G\000a\000p\000\051}{appendix.B}% 57
\BOOKMARK [1][-]{section.B.4}{\376\377\000P\000i\000l\000l\000a\000r\000\040\000I\000I\000I\000:\000\040\000R\000e\000n\000o\000r\000m\000a\000l\000i\000z\000a\000t\000i\000o\000n\000\040\000\050\000T\000h\000e\000\040\000L\000i\000m\000i\000t\000\051}{appendix.B}% 58
\BOOKMARK [1][-]{section.B.5}{\376\377\000P\000i\000l\000l\000a\000r\000\040\000I\000V\000:\000\040\000P\000h\000y\000s\000i\000c\000s\000\040\000\050\000P\000a\000r\000t\000i\000c\000l\000e\000s\000\040\000\046\000\040\000S\000y\000m\000m\000e\000t\000r\000y\000\051}{appendix.B}% 59
\BOOKMARK [1][-]{section.B.6}{\376\377\000C\000o\000n\000c\000l\000u\000s\000i\000o\000n}{appendix.B}% 60
\BOOKMARK [0][-]{appendix.C}{\376\377\000L\000o\000g\000i\000c\000a\000l\000\040\000S\000t\000r\000u\000c\000t\000u\000r\000e\000\040\000a\000n\000d\000\040\000N\000o\000n\000-\000C\000i\000r\000c\000u\000l\000a\000r\000i\000t\000y\000\040\000V\000e\000r\000i\000f\000i\000c\000a\000t\000i\000o\000n}{equation.4.3}% 61
\BOOKMARK [1][-]{section.C.1}{\376\377\000V\000e\000r\000i\000f\000i\000c\000a\000t\000i\000o\000n\000\040\000o\000f\000\040\000N\000o\000n\000-\000C\000i\000r\000c\000u\000l\000a\000r\000i\000t\000y}{appendix.C}% 62
\BOOKMARK [2][-]{subsection.C.1.1}{\376\377\000D\000e\000p\000e\000n\000d\000e\000n\000c\000y\000\040\000G\000r\000a\000p\000h}{section.C.1}% 63
\BOOKMARK [2][-]{subsection.C.1.2}{\376\377\000C\000r\000i\000t\000i\000c\000a\000l\000\040\000N\000o\000n\000-\000C\000i\000r\000c\000u\000l\000a\000r\000\040\000P\000a\000t\000h}{section.C.1}% 64
\BOOKMARK [2][-]{subsection.C.1.3}{\376\377\000E\000x\000p\000l\000i\000c\000i\000t\000\040\000C\000i\000r\000c\000u\000l\000a\000r\000i\000t\000y\000\040\000C\000h\000e\000c\000k}{section.C.1}% 65
\BOOKMARK [2][-]{subsection.C.1.4}{\376\377\000I\000n\000d\000e\000p\000e\000n\000d\000e\000n\000c\000e\000\040\000o\000f\000\040\000M\000a\000t\000h\000e\000m\000a\000t\000i\000c\000a\000l\000\040\000I\000n\000p\000u\000t\000s}{section.C.1}% 66
\BOOKMARK [1][-]{section.C.2}{\376\377\000F\000r\000a\000m\000e\000w\000o\000r\000k\000\040\000f\000o\000r\000\040\000N\000o\000n\000-\000C\000i\000r\000c\000u\000l\000a\000r\000\040\000P\000r\000o\000o\000f\000s}{appendix.C}% 67
\BOOKMARK [2][-]{subsection.C.2.1}{\376\377\000L\000e\000v\000e\000l\000\040\0001\000:\000\040\000L\000S\000I\000\040\000o\000n\000\040\000S\000U\000\050\000N\000\051\000\040\000-\000\040\000P\000u\000r\000e\000\040\000D\000i\000f\000f\000e\000r\000e\000n\000t\000i\000a\000l\000\040\000G\000e\000o\000m\000e\000t\000r\000y}{section.C.2}% 68
\BOOKMARK [2][-]{subsection.C.2.2}{\376\377\000L\000e\000v\000e\000l\000\040\0002\000:\000\040\0001\000D\000\040\000T\000r\000a\000n\000s\000f\000e\000r\000\040\000M\000a\000t\000r\000i\000x\000\040\000-\000\040\000P\000u\000r\000e\000\040\000R\000e\000p\000r\000e\000s\000e\000n\000t\000a\000t\000i\000o\000n\000\040\000T\000h\000e\000o\000r\000y}{section.C.2}% 69
\BOOKMARK [2][-]{subsection.C.2.3}{\376\377\000L\000e\000v\000e\000l\000\040\0003\000:\000\040\000S\000t\000r\000o\000n\000g\000\040\000C\000o\000u\000p\000l\000i\000n\000g\000\040\000-\000\040\000P\000u\000r\000e\000\040\000C\000o\000m\000b\000i\000n\000a\000t\000o\000r\000i\000c\000s}{section.C.2}% 70
\BOOKMARK [2][-]{subsection.C.2.4}{\376\377\000L\000e\000v\000e\000l\000\040\0004\000:\000\040\000S\000t\000r\000i\000n\000g\000\040\000T\000e\000n\000s\000i\000o\000n\000\040\000v\000i\000a\000\040\000R\000e\000f\000l\000e\000c\000t\000i\000o\000n\000\040\000P\000o\000s\000i\000t\000i\000v\000i\000t\000y\000\040\000-\000\040\000N\000o\000\040\000G\000a\000p\000\040\000I\000n\000p\000u\000t}{section.C.2}% 71
\BOOKMARK [2][-]{subsection.C.2.5}{\376\377\000L\000e\000v\000e\000l\000\040\0005\000:\000\040\000D\000i\000m\000e\000n\000s\000i\000o\000n\000a\000l\000\040\000R\000e\000d\000u\000c\000t\000i\000o\000n\000\040\000-\000\040\000F\000i\000x\000e\000d\000\040\000P\000r\000o\000p\000e\000r\000l\000y}{section.C.2}% 72
\BOOKMARK [2][-]{subsection.C.2.6}{\376\377\000L\000e\000v\000e\000l\000\040\0006\000:\000\040\000U\000n\000i\000f\000o\000r\000m\000-\000i\000n\000-\000L\000\040\000B\000o\000u\000n\000d\000\040\000-\000\040\000A\000s\000s\000e\000m\000b\000l\000y}{section.C.2}% 73
\BOOKMARK [2][-]{subsection.C.2.7}{\376\377\000L\000e\000v\000e\000l\000\040\0007\000:\000\040\000M\000a\000s\000s\000\040\000G\000a\000p\000\040\000-\000\040\000C\000o\000n\000s\000e\000q\000u\000e\000n\000c\000e}{section.C.2}% 74
\BOOKMARK [2][-]{subsection.C.2.8}{\376\377\000L\000o\000g\000i\000c\000a\000l\000\040\000D\000e\000p\000e\000n\000d\000e\000n\000c\000y\000\040\000V\000e\000r\000i\000f\000i\000c\000a\000t\000i\000o\000n}{section.C.2}% 75
\BOOKMARK [1][-]{section.C.3}{\376\377\000S\000u\000m\000m\000a\000r\000y\000:\000\040\000T\000e\000c\000h\000n\000i\000c\000a\000l\000\040\000V\000e\000r\000i\000f\000i\000c\000a\000t\000i\000o\000n\000s\000\040\000f\000o\000r\000\040\000r\000i\000g\000o\000r\000o\000u\000s\000\040\000s\000t\000a\000n\000d\000a\000r\000d\000\040\000S\000t\000a\000n\000d\000a\000r\000d\000s}{appendix.C}% 76
\BOOKMARK [2][-]{subsection.C.3.1}{\376\377\000O\000v\000e\000r\000v\000i\000e\000w\000:\000\040\000F\000o\000u\000r\000\040\000R\000o\000a\000d\000m\000a\000p\000s\000,\000\040\000T\000h\000r\000e\000e\000\040\000V\000e\000r\000i\000f\000i\000c\000a\000t\000i\000o\000n\000\040\000C\000a\000t\000e\000g\000o\000r\000i\000e\000s}{section.C.3}% 77
\BOOKMARK [2][-]{subsection.C.3.2}{\376\377\000V\0001\000:\000\040\000B\000a\000l\000a\000b\000a\000n\000'\000s\000\040\000B\000o\000u\000n\000d\000s\000\040\000V\000e\000r\000i\000f\000i\000c\000a\000t\000i\000o\000n}{section.C.3}% 78
\BOOKMARK [2][-]{subsection.C.3.3}{\376\377\000V\0002\000:\000\040\000I\000n\000t\000e\000r\000m\000e\000d\000i\000a\000t\000e\000\040\000C\000o\000u\000p\000l\000i\000n\000g\000\040\000N\000u\000m\000e\000r\000i\000c\000s}{section.C.3}% 79
\BOOKMARK [2][-]{subsection.C.3.4}{\376\377\000V\0003\000:\000\040\000O\000s\000t\000e\000r\000w\000a\000l\000d\000e\000r\000-\000S\000c\000h\000r\000a\000d\000e\000r\000\040\000R\000e\000c\000o\000n\000s\000t\000r\000u\000c\000t\000i\000o\000n}{section.C.3}% 80
\BOOKMARK [2][-]{subsection.C.3.5}{\376\377\000V\0004\000:\000\040\000G\000i\000l\000e\000s\000-\000T\000e\000p\000e\000r\000\040\000C\000o\000n\000s\000t\000a\000n\000t\000\040\000V\000e\000r\000i\000f\000i\000c\000a\000t\000i\000o\000n}{section.C.3}% 81
\BOOKMARK [2][-]{subsection.C.3.6}{\376\377\000V\0005\000:\000\040\000L\000a\000t\000t\000i\000c\000e\000\040\000S\000u\000p\000e\000r\000s\000y\000m\000m\000e\000t\000r\000y\000\040\000V\000e\000r\000i\000f\000i\000c\000a\000t\000i\000o\000n}{section.C.3}% 82
\BOOKMARK [2][-]{subsection.C.3.7}{\376\377\000V\0006\000:\000\040\000L\000e\000e\000-\000Y\000a\000n\000g\000\040\000B\000o\000u\000n\000d\000s\000\040\000f\000o\000r\000\040\000A\000d\000j\000o\000i\000n\000t\000\040\000Q\000C\000D}{section.C.3}% 83
\BOOKMARK [2][-]{subsection.C.3.8}{\376\377\000V\0007\000:\000\040\000S\000y\000m\000a\000n\000z\000i\000k\000\040\000E\000f\000f\000e\000c\000t\000i\000v\000e\000\040\000A\000c\000t\000i\000o\000n\000\040\000B\000o\000u\000n\000d\000s}{section.C.3}% 84
\BOOKMARK [2][-]{subsection.C.3.9}{\376\377\000C\000o\000m\000p\000l\000e\000t\000e\000\040\000V\000e\000r\000i\000f\000i\000c\000a\000t\000i\000o\000n\000\040\000C\000h\000e\000c\000k\000l\000i\000s\000t}{section.C.3}% 85
\BOOKMARK [2][-]{subsection.C.3.10}{\376\377\000R\000o\000a\000d\000m\000a\000p\000\040\000D\000e\000p\000e\000n\000d\000e\000n\000c\000i\000e\000s}{section.C.3}% 86
\BOOKMARK [2][-]{subsection.C.3.11}{\376\377\000E\000s\000t\000i\000m\000a\000t\000e\000d\000\040\000T\000i\000m\000e\000l\000i\000n\000e}{section.C.3}% 87
\BOOKMARK [2][-]{subsection.C.3.12}{\376\377\000C\000o\000n\000c\000l\000u\000s\000i\000o\000n}{section.C.3}% 88
\BOOKMARK [0][-]{appendix.D}{\376\377\000A\000l\000t\000e\000r\000n\000a\000t\000i\000v\000e\000\040\000M\000a\000t\000h\000e\000m\000a\000t\000i\000c\000a\000l\000\040\000A\000p\000p\000r\000o\000a\000c\000h\000e\000s}{equation.4.3}% 89
\BOOKMARK [1][-]{section.D.1}{\376\377\000I\000n\000t\000r\000o\000d\000u\000c\000t\000i\000o\000n\000:\000\040\000A\000l\000t\000e\000r\000n\000a\000t\000i\000v\000e\000\040\000M\000a\000t\000h\000e\000m\000a\000t\000i\000c\000a\000l\000\040\000M\000e\000t\000h\000o\000d\000s}{appendix.D}% 90
\BOOKMARK [1][-]{section.D.2}{\376\377\000M\000e\000t\000h\000o\000d\000\040\0001\000:\000\040\000S\000t\000o\000c\000h\000a\000s\000t\000i\000c\000\040\000G\000e\000o\000m\000e\000t\000r\000i\000c\000\040\000A\000n\000a\000l\000y\000s\000i\000s\000\040\000o\000f\000\040\000C\000e\000n\000t\000e\000r\000\040\000V\000o\000r\000t\000i\000c\000e\000s}{appendix.D}% 91
\BOOKMARK [2][-]{subsection.D.2.1}{\376\377\000T\000h\000e\000\040\000V\000o\000r\000t\000e\000x\000\040\000T\000e\000n\000s\000i\000o\000n\000\040\000P\000r\000o\000b\000l\000e\000m}{section.D.2}% 92
\BOOKMARK [1][-]{section.D.3}{\376\377\000M\000e\000t\000h\000o\000d\000\040\0002\000:\000\040\000A\000l\000t\000e\000r\000n\000a\000t\000i\000v\000e\000\040\000G\000i\000l\000e\000s\000-\000T\000e\000p\000e\000r\000\040\000v\000i\000a\000\040\000S\000p\000e\000c\000t\000r\000a\000l\000\040\000G\000e\000o\000m\000e\000t\000r\000y}{appendix.D}% 93
\BOOKMARK [2][-]{subsection.D.3.1}{\376\377\000A\000l\000t\000e\000r\000n\000a\000t\000i\000v\000e\000\040\000D\000e\000r\000i\000v\000a\000t\000i\000o\000n}{section.D.3}% 94
\BOOKMARK [1][-]{section.D.4}{\376\377\000F\000r\000a\000m\000e\000w\000o\000r\000k\000\040\0004\000:\000\040\000U\000n\000i\000f\000o\000r\000m\000\040\000C\000o\000n\000t\000r\000o\000l\000\040\000v\000i\000a\000\040\000C\000o\000n\000c\000e\000n\000t\000r\000a\000t\000i\000o\000n\000\040\000o\000f\000\040\000M\000e\000a\000s\000u\000r\000e}{appendix.D}% 95
\BOOKMARK [2][-]{subsection.D.4.1}{\376\377\000C\000o\000n\000c\000e\000n\000t\000r\000a\000t\000i\000o\000n\000\040\000o\000n\000\040\000C\000o\000m\000p\000a\000c\000t\000\040\000L\000i\000e\000\040\000G\000r\000o\000u\000p\000s}{section.D.4}% 96
\BOOKMARK [2][-]{subsection.D.4.2}{\376\377\000A\000p\000p\000l\000i\000c\000a\000t\000i\000o\000n\000\040\000t\000o\000\040\000t\000h\000e\000\040\000Y\000a\000n\000g\000-\000M\000i\000l\000l\000s\000\040\000A\000c\000t\000i\000o\000n}{section.D.4}% 97
\BOOKMARK [2][-]{subsection.D.4.3}{\376\377\000T\000h\000e\000\040\000S\000p\000e\000c\000t\000r\000a\000l\000\040\000G\000a\000p\000\040\000f\000r\000o\000m\000\040\000C\000o\000n\000c\000e\000n\000t\000r\000a\000t\000i\000o\000n}{section.D.4}% 98
\BOOKMARK [2][-]{subsection.D.4.4}{\376\377\000P\000r\000o\000o\000f\000\040\000o\000f\000\040\000U\000n\000i\000f\000o\000r\000m\000i\000t\000y}{section.D.4}% 99
\BOOKMARK [1][-]{section.D.5}{\376\377\000M\000e\000t\000h\000o\000d\000\040\0001\000:\000\040\000Q\000u\000a\000t\000e\000r\000n\000i\000o\000n\000i\000c\000\040\000S\000p\000e\000c\000t\000r\000a\000l\000\040\000F\000l\000o\000w\000\040\000f\000o\000r\000\040\000S\000U\000\050\0002\000\051}{appendix.D}% 100
\BOOKMARK [2][-]{subsection.D.5.1}{\376\377\000T\000h\000e\000\040\000Q\000u\000a\000t\000e\000r\000n\000i\000o\000n\000\040\000S\000t\000r\000u\000c\000t\000u\000r\000e\000\040\000o\000f\000\040\000S\000U\000\050\0002\000\051}{section.D.5}% 101
\BOOKMARK [2][-]{subsection.D.5.2}{\376\377\000Q\000u\000a\000t\000e\000r\000n\000i\000o\000n\000i\000c\000\040\000S\000p\000e\000c\000t\000r\000a\000l\000\040\000F\000l\000o\000w}{section.D.5}% 102
\BOOKMARK [2][-]{subsection.D.5.3}{\376\377\000Q\000u\000a\000t\000e\000r\000n\000i\000o\000n\000i\000c\000\040\000C\000h\000a\000r\000a\000c\000t\000e\000r\000\040\000P\000o\000s\000i\000t\000i\000v\000i\000t\000y}{section.D.5}% 103
\BOOKMARK [1][-]{section.D.6}{\376\377\000E\000x\000c\000u\000r\000s\000u\000s\000:\000\040\000O\000c\000t\000o\000n\000i\000o\000n\000s\000\040\000a\000n\000d\000\040\000e\000x\000c\000e\000p\000t\000i\000o\000n\000a\000l\000\040\000g\000e\000o\000m\000e\000t\000r\000y\000\040\000\050\000n\000o\000n\000-\000e\000s\000s\000e\000n\000t\000i\000a\000l\000\051}{appendix.D}% 104
\BOOKMARK [2][-]{subsection.D.6.1}{\376\377\000A\000\040\000c\000o\000r\000r\000e\000c\000t\000\040\000g\000e\000o\000m\000e\000t\000r\000i\000c\000\040\000r\000e\000m\000a\000r\000k}{section.D.6}% 105
\BOOKMARK [2][-]{subsection.D.6.2}{\376\377\000R\000e\000m\000o\000v\000e\000d\000\040\000c\000l\000a\000i\000m\000s}{section.D.6}% 106
\BOOKMARK [2][-]{subsection.D.6.3}{\376\377\000S\000t\000a\000t\000u\000s}{section.D.6}% 107
\BOOKMARK [1][-]{section.D.7}{\376\377\000M\000e\000t\000h\000o\000d\000\040\0003\000:\000\040\000H\000o\000l\000o\000m\000o\000r\000p\000h\000i\000c\000\040\000A\000n\000o\000m\000a\000l\000y\000\040\000C\000a\000n\000c\000e\000l\000l\000a\000t\000i\000o\000n\000\040\000f\000o\000r\000\040\000V\000o\000r\000t\000e\000x\000\040\000T\000e\000n\000s\000i\000o\000n}{appendix.D}% 108
\BOOKMARK [2][-]{subsection.D.7.1}{\376\377\000T\000h\000e\000\040\000H\000o\000l\000o\000m\000o\000r\000p\000h\000i\000c\000\040\000A\000n\000o\000m\000a\000l\000y}{section.D.7}% 109
\BOOKMARK [2][-]{subsection.D.7.2}{\376\377\000E\000x\000p\000l\000i\000c\000i\000t\000\040\000B\000o\000u\000n\000d\000s\000\040\000f\000o\000r\000\040\000N\000\040\000=\000\040\0002\000,\000\040\0003}{section.D.7}% 110
\BOOKMARK [1][-]{section.D.8}{\376\377\000R\000i\000g\000o\000r\000o\000u\000s\000\040\000P\000D\000E\000\040\000a\000n\000d\000\040\000F\000u\000n\000c\000t\000i\000o\000n\000a\000l\000\040\000A\000n\000a\000l\000y\000s\000i\000s\000\040\000M\000e\000t\000h\000o\000d\000s}{appendix.D}% 111
\BOOKMARK [2][-]{subsection.D.8.1}{\376\377\000G\000a\000p\000\040\000R\000e\000s\000o\000l\000u\000t\000i\000o\000n\000\040\0001\000:\000\040\000R\000i\000g\000o\000r\000o\000u\000s\000\040\000P\000r\000o\000o\000f\000\040\000o\000f\000\040\000s\000i\000g\000m\000a\000-\000p\000h\000y\000s\000\040\000>\000\040\0000\000\040\000v\000i\000a\000\040\000V\000a\000r\000i\000a\000t\000i\000o\000n\000a\000l\000\040\000A\000n\000a\000l\000y\000s\000i\000s}{section.D.8}% 112
\BOOKMARK [2][-]{subsection.D.8.2}{\376\377\000G\000a\000p\000\040\000R\000e\000s\000o\000l\000u\000t\000i\000o\000n\000\040\0002\000:\000\040\000R\000i\000g\000o\000r\000o\000u\000s\000\040\000L\000\374\000s\000c\000h\000e\000r\000\040\000T\000e\000r\000m\000\040\000v\000i\000a\000\040\000Z\000e\000t\000a\000\040\000R\000e\000g\000u\000l\000a\000r\000i\000z\000a\000t\000i\000o\000n}{section.D.8}% 113
\BOOKMARK [2][-]{subsection.D.8.3}{\376\377\000G\000a\000p\000\040\000R\000e\000s\000o\000l\000u\000t\000i\000o\000n\000\040\0003\000:\000\040\000U\000n\000i\000f\000o\000r\000m\000\040\000B\000o\000u\000n\000d\000s\000\040\000v\000i\000a\000\040\000S\000o\000b\000o\000l\000e\000v\000\040\000E\000m\000b\000e\000d\000d\000i\000n\000g}{section.D.8}% 114
\BOOKMARK [2][-]{subsection.D.8.4}{\376\377\000G\000a\000p\000\040\000R\000e\000s\000o\000l\000u\000t\000i\000o\000n\000\040\0004\000:\000\040\000N\000o\000n\000-\000P\000e\000r\000t\000u\000r\000b\000a\000t\000i\000v\000e\000\040\000S\000c\000a\000l\000e\000\040\000G\000e\000n\000e\000r\000a\000t\000i\000o\000n}{section.D.8}% 115
\BOOKMARK [2][-]{subsection.D.8.5}{\376\377\000S\000u\000m\000m\000a\000r\000y\000:\000\040\000R\000e\000s\000o\000l\000u\000t\000i\000o\000n\000\040\000o\000f\000\040\000A\000l\000l\000\040\000F\000o\000u\000r\000\040\000G\000a\000p\000s}{section.D.8}% 116
\BOOKMARK [1][-]{section.D.9}{\376\377\000P\000D\000E\000\040\000a\000n\000d\000\040\000G\000e\000o\000m\000e\000t\000r\000i\000c\000\040\000A\000n\000a\000l\000y\000s\000i\000s\000\040\000P\000e\000r\000s\000p\000e\000c\000t\000i\000v\000e}{appendix.D}% 117
\BOOKMARK [2][-]{subsection.D.9.1}{\376\377\000C\000o\000r\000e\000\040\000I\000n\000s\000i\000g\000h\000t}{section.D.9}% 118
\BOOKMARK [2][-]{subsection.D.9.2}{\376\377\000H\000A\000R\000D\000-\0001\000\040\000a\000s\000\040\000R\000e\000g\000u\000l\000a\000r\000i\000t\000y\000\040\000T\000h\000e\000o\000r\000y}{section.D.9}% 119
\BOOKMARK [2][-]{subsection.D.9.3}{\376\377\000H\000A\000R\000D\000-\0002\000\040\000a\000s\000\040\000B\000l\000o\000w\000-\000u\000p\000\040\000A\000n\000a\000l\000y\000s\000i\000s}{section.D.9}% 120
\BOOKMARK [2][-]{subsection.D.9.4}{\376\377\000H\000A\000R\000D\000-\0003\000\040\000a\000s\000\040\000I\000s\000o\000p\000e\000r\000i\000m\000e\000t\000r\000i\000c\000\040\000P\000r\000o\000b\000l\000e\000m}{section.D.9}% 121
\BOOKMARK [2][-]{subsection.D.9.5}{\376\377\000H\000A\000R\000D\000-\0004\000\040\000a\000s\000\040\000S\000p\000e\000c\000t\000r\000a\000l\000\040\000G\000e\000o\000m\000e\000t\000r\000y}{section.D.9}% 122
\BOOKMARK [2][-]{subsection.D.9.6}{\376\377\000W\000h\000y\000\040\000D\000i\000m\000e\000n\000s\000i\000o\000n\000\040\0004\000\040\000i\000s\000\040\000S\000p\000e\000c\000i\000a\000l}{section.D.9}% 123
\BOOKMARK [2][-]{subsection.D.9.7}{\376\377\000C\000o\000n\000n\000e\000c\000t\000i\000o\000n\000s\000\040\000t\000o\000\040\000C\000l\000a\000s\000s\000i\000c\000a\000l\000\040\000R\000e\000s\000u\000l\000t\000s}{section.D.9}% 124
\BOOKMARK [1][-]{section.D.10}{\376\377\000A\000d\000v\000a\000n\000c\000e\000d\000\040\000M\000a\000t\000h\000e\000m\000a\000t\000i\000c\000a\000l\000\040\000M\000e\000t\000h\000o\000d\000s\000:\000\040\000S\000p\000e\000c\000t\000r\000a\000l\000\040\000G\000e\000o\000m\000e\000t\000r\000y\000\040\000o\000f\000\040\000G\000a\000u\000g\000e\000\040\000O\000r\000b\000i\000t\000s}{appendix.D}% 125
\BOOKMARK [2][-]{subsection.D.10.1}{\376\377\000T\000h\000e\000\040\000G\000a\000u\000g\000e\000\040\000O\000r\000b\000i\000t\000\040\000S\000p\000a\000c\000e}{section.D.10}% 126
\BOOKMARK [2][-]{subsection.D.10.2}{\376\377\000S\000p\000e\000c\000t\000r\000a\000l\000\040\000G\000a\000p\000\040\000f\000r\000o\000m\000\040\000P\000o\000s\000i\000t\000i\000v\000e\000\040\000C\000u\000r\000v\000a\000t\000u\000r\000e}{section.D.10}% 127
\BOOKMARK [2][-]{subsection.D.10.3}{\376\377\000H\000e\000a\000t\000\040\000K\000e\000r\000n\000e\000l\000\040\000A\000n\000a\000l\000y\000s\000i\000s}{section.D.10}% 128
\BOOKMARK [2][-]{subsection.D.10.4}{\376\377\000T\000h\000e\000\040\000K\000e\000y\000\040\000I\000n\000n\000o\000v\000a\000t\000i\000o\000n\000:\000\040\000C\000u\000r\000v\000a\000t\000u\000r\000e\000-\000G\000a\000p\000\040\000C\000o\000r\000r\000e\000s\000p\000o\000n\000d\000e\000n\000c\000e}{section.D.10}% 129
\BOOKMARK [2][-]{subsection.D.10.5}{\376\377\000R\000i\000g\000o\000r\000o\000u\000s\000\040\000C\000o\000n\000t\000r\000o\000l\000\040\000o\000f\000\040\000t\000h\000e\000\040\000C\000o\000n\000t\000i\000n\000u\000u\000m\000\040\000L\000i\000m\000i\000t}{section.D.10}% 130
\BOOKMARK [1][-]{section.D.11}{\376\377\000F\000u\000n\000c\000t\000i\000o\000n\000a\000l\000\040\000A\000n\000a\000l\000y\000t\000i\000c\000\040\000M\000e\000t\000h\000o\000d\000s}{appendix.D}% 131
\BOOKMARK [2][-]{subsection.D.11.1}{\376\377\000T\000h\000e\000\040\000O\000b\000s\000e\000r\000v\000a\000b\000l\000e\000\040\000A\000l\000g\000e\000b\000r\000a}{section.D.11}% 132
\BOOKMARK [2][-]{subsection.D.11.2}{\376\377\000T\000i\000m\000e\000\040\000E\000v\000o\000l\000u\000t\000i\000o\000n\000\040\000a\000n\000d\000\040\000t\000h\000e\000\040\000H\000a\000m\000i\000l\000t\000o\000n\000i\000a\000n}{section.D.11}% 133
\BOOKMARK [2][-]{subsection.D.11.3}{\376\377\000O\000p\000e\000r\000a\000t\000o\000r\000\040\000I\000n\000e\000q\000u\000a\000l\000i\000t\000y\000\040\000A\000p\000p\000r\000o\000a\000c\000h}{section.D.11}% 134
\BOOKMARK [2][-]{subsection.D.11.4}{\376\377\000C\000o\000m\000b\000e\000s\000-\000T\000h\000o\000m\000a\000s\000\040\000E\000s\000t\000i\000m\000a\000t\000e}{section.D.11}% 135
\BOOKMARK [2][-]{subsection.D.11.5}{\376\377\000S\000p\000e\000c\000t\000r\000a\000l\000\040\000G\000a\000p\000\040\000S\000t\000a\000b\000i\000l\000i\000t\000y}{section.D.11}% 136
\BOOKMARK [2][-]{subsection.D.11.6}{\376\377\000N\000o\000n\000-\000P\000e\000r\000t\000u\000r\000b\000a\000t\000i\000v\000e\000\040\000B\000o\000u\000n\000d\000s\000\040\000v\000i\000a\000\040\000C\000o\000n\000v\000e\000x\000i\000t\000y}{section.D.11}% 137
\BOOKMARK [0][-]{appendix.E}{\376\377\000R\000e\000s\000o\000l\000u\000t\000i\000o\000n\000\040\000o\000f\000\040\000T\000e\000c\000h\000n\000i\000c\000a\000l\000\040\000C\000h\000a\000l\000l\000e\000n\000g\000e\000s}{equation.4.3}% 138
\BOOKMARK [1][-]{section.E.1}{\376\377\000N\000o\000v\000e\000l\000\040\000M\000a\000t\000h\000e\000m\000a\000t\000i\000c\000a\000l\000\040\000M\000e\000t\000h\000o\000d\000s\000:\000\040\000A\000d\000d\000r\000e\000s\000s\000i\000n\000g\000\040\000K\000e\000y\000\040\000G\000a\000p\000s}{appendix.E}% 139
\BOOKMARK [2][-]{subsection.E.1.1}{\376\377\000G\000a\000p\000\040\0001\000:\000\040\000S\000t\000r\000i\000n\000g\000\040\000T\000e\000n\000s\000i\000o\000n\000\040\000P\000o\000s\000i\000t\000i\000v\000i\000t\000y\000\040\000v\000i\000a\000\040\000R\000e\000n\000o\000r\000m\000a\000l\000i\000z\000a\000t\000i\000o\000n\000\040\000G\000r\000o\000u\000p}{section.E.1}% 140
\BOOKMARK [2][-]{subsection.E.1.2}{\376\377\000G\000a\000p\000\040\0002\000:\000\040\000R\000i\000g\000o\000r\000o\000u\000s\000\040\000G\000i\000l\000e\000s\000-\000T\000e\000p\000e\000r\000\040\000B\000o\000u\000n\000d\000\040\000v\000i\000a\000\040\000O\000p\000t\000i\000m\000a\000l\000\040\000T\000r\000a\000n\000s\000p\000o\000r\000t}{section.E.1}% 141
\BOOKMARK [2][-]{subsection.E.1.3}{\376\377\000G\000a\000p\000\040\0003\000:\000\040\000I\000n\000t\000e\000r\000m\000e\000d\000i\000a\000t\000e\000\040\000C\000o\000u\000p\000l\000i\000n\000g\000\040\000v\000i\000a\000\040\000P\000e\000r\000s\000i\000s\000t\000e\000n\000t\000\040\000H\000o\000m\000o\000l\000o\000g\000y}{section.E.1}% 142
\BOOKMARK [2][-]{subsection.E.1.4}{\376\377\000G\000a\000p\000\040\0004\000:\000\040\000C\000o\000n\000t\000i\000n\000u\000u\000m\000\040\000L\000i\000m\000i\000t\000\040\000v\000i\000a\000\040\000N\000o\000n\000-\000C\000o\000m\000m\000u\000t\000a\000t\000i\000v\000e\000\040\000G\000e\000o\000m\000e\000t\000r\000y}{section.E.1}% 143
\BOOKMARK [2][-]{subsection.E.1.5}{\376\377\000N\000o\000v\000e\000l\000\040\000M\000a\000t\000h\000e\000m\000a\000t\000i\000c\000s\000:\000\040\000T\000h\000e\000\040\000H\000a\000r\000m\000o\000n\000i\000c\000\040\000M\000e\000a\000s\000u\000r\000e\000\040\000B\000r\000i\000d\000g\000e\000\040\000T\000h\000e\000o\000r\000e\000m}{section.E.1}% 144
\BOOKMARK [2][-]{subsection.E.1.6}{\376\377\000S\000u\000m\000m\000a\000r\000y\000:\000\040\000C\000o\000m\000p\000l\000e\000t\000e\000\040\000R\000e\000s\000o\000l\000u\000t\000i\000o\000n\000\040\000o\000f\000\040\000G\000a\000p\000s}{section.E.1}% 145
\BOOKMARK [-1][-]{Item.176}{\376\377\000*}{}% 146
\BOOKMARK [-1][-]{Item.176}{\376\377\000P\000a\000r\000t\000\040\000I\000I\000I\000:\000\040\000A\000l\000t\000e\000r\000n\000a\000t\000i\000v\000e\000\040\000A\000p\000p\000r\000o\000a\000c\000h\000e\000s\000\040\000a\000n\000d\000\040\000A\000d\000d\000i\000t\000i\000o\000n\000a\000l\000\040\000P\000e\000r\000s\000p\000e\000c\000t\000i\000v\000e\000s}{}% 147
\BOOKMARK [0][-]{section.E.1}{\376\377\000N\000e\000w\000\040\000M\000a\000t\000h\000e\000m\000a\000t\000i\000c\000s\000:\000\040\000C\000o\000m\000p\000l\000e\000t\000e\000\040\000R\000e\000s\000o\000l\000u\000t\000i\000o\000n\000\040\000o\000f\000\040\000t\000h\000e\000\040\000F\000o\000u\000r\000\040\000C\000h\000a\000l\000l\000e\000n\000g\000e\000s}{Item.176}% 148
\BOOKMARK [1][-]{subsection.E.1.1}{\376\377\000C\000h\000a\000l\000l\000e\000n\000g\000e\000\040\0001\000:\000\040\000S\000t\000r\000i\000n\000g\000\040\000T\000e\000n\000s\000i\000o\000n\000\040\000P\000o\000s\000i\000t\000i\000v\000i\000t\000y\000\040\000v\000i\000a\000\040\000E\000n\000t\000r\000o\000p\000i\000c\000\040\000C\000u\000r\000v\000a\000t\000u\000r\000e}{section.E.1}% 149
\BOOKMARK [2][-]{subsection.E.1.2}{\376\377\000G\000a\000p\000\040\0002\000:\000\040\000R\000i\000g\000o\000r\000o\000u\000s\000\040\000G\000i\000l\000e\000s\000-\000T\000e\000p\000e\000r\000\040\000B\000o\000u\000n\000d\000\040\000v\000i\000a\000\040\000O\000p\000t\000i\000m\000a\000l\000\040\000T\000r\000a\000n\000s\000p\000o\000r\000t}{subsection.E.1.1}% 150
\BOOKMARK [2][-]{subsection.E.1.3}{\376\377\000G\000a\000p\000\040\0003\000:\000\040\000E\000x\000p\000l\000i\000c\000i\000t\000\040\000C\000o\000n\000s\000t\000a\000n\000t\000s\000\040\000v\000i\000a\000\040\000H\000e\000a\000t\000\040\000K\000e\000r\000n\000e\000l\000\040\000M\000e\000t\000h\000o\000d\000s}{subsection.E.1.1}% 151
\BOOKMARK [2][-]{subsection.E.1.4}{\376\377\000G\000a\000p\000\040\0004\000:\000\040\000I\000n\000t\000e\000r\000m\000e\000d\000i\000a\000t\000e\000\040\000C\000o\000u\000p\000l\000i\000n\000g\000\040\000v\000i\000a\000\040\000B\000a\000k\000r\000y\000-\000\311\000m\000e\000r\000y\000\040\000I\000n\000t\000e\000r\000p\000o\000l\000a\000t\000i\000o\000n}{subsection.E.1.1}% 152
\BOOKMARK [1][-]{section.E.2}{\376\377\000C\000o\000m\000p\000l\000e\000t\000e\000\040\000R\000i\000g\000o\000r\000o\000u\000s\000\040\000R\000e\000s\000o\000l\000u\000t\000i\000o\000n\000\040\000o\000f\000\040\000C\000r\000i\000t\000i\000c\000a\000l\000\040\000C\000h\000a\000l\000l\000e\000n\000g\000e\000s}{section.E.1}% 153
\BOOKMARK [2][-]{subsection.E.2.1}{\376\377\000C\000h\000a\000l\000l\000e\000n\000g\000e\000\040\0001\000:\000\040\000T\000h\000e\000\040\000M\000a\000s\000s\000\040\000G\000a\000p\000\040\000S\000u\000r\000v\000i\000v\000e\000s\000\040\000t\000h\000e\000\040\000C\000o\000n\000t\000i\000n\000u\000u\000m\000\040\000L\000i\000m\000i\000t}{section.E.2}% 154
\BOOKMARK [2][-]{subsection.E.2.2}{\376\377\000G\000a\000p\000\040\0002\000:\000\040\000P\000h\000y\000s\000i\000c\000a\000l\000\040\000S\000t\000r\000i\000n\000g\000\040\000T\000e\000n\000s\000i\000o\000n\000\040\000i\000s\000\040\000P\000o\000s\000i\000t\000i\000v\000e}{section.E.2}% 155
\BOOKMARK [2][-]{subsection.E.2.3}{\376\377\000G\000a\000p\000\040\0002\000.\0005\000:\000\040\000S\000p\000e\000c\000t\000r\000a\000l\000\040\000C\000o\000m\000p\000a\000c\000t\000n\000e\000s\000s\000\040\000P\000r\000e\000s\000e\000r\000v\000a\000t\000i\000o\000n\000\040\000T\000h\000r\000o\000u\000g\000h\000\040\000L\000i\000m\000i\000t\000s}{section.E.2}% 156
\BOOKMARK [2][-]{subsection.E.2.4}{\376\377\000G\000a\000p\000\040\0003\000:\000\040\000N\000o\000n\000-\000C\000i\000r\000c\000u\000l\000a\000r\000\040\000S\000c\000a\000l\000e\000\040\000S\000e\000t\000t\000i\000n\000g}{section.E.2}% 157
\BOOKMARK [2][-]{subsection.E.2.5}{\376\377\000S\000u\000m\000m\000a\000r\000y\000:\000\040\000C\000o\000m\000p\000l\000e\000t\000e\000\040\000R\000e\000s\000o\000l\000u\000t\000i\000o\000n\000\040\000o\000f\000\040\000A\000l\000l\000\040\000T\000h\000r\000e\000e\000\040\000G\000a\000p\000s}{section.E.2}% 158
\BOOKMARK [2][-]{subsection.E.2.6}{\376\377\000G\000a\000p\000\040\0004\000:\000\040\000A\000x\000i\000o\000m\000a\000t\000i\000c\000\040\000D\000e\000r\000i\000v\000a\000t\000i\000o\000n\000\040\000o\000f\000\040\000M\000a\000s\000s\000\040\000G\000a\000p\000\040\000f\000r\000o\000m\000\040\000F\000i\000r\000s\000t\000\040\000P\000r\000i\000n\000c\000i\000p\000l\000e\000s}{section.E.2}% 159
\BOOKMARK [1][-]{section.E.3}{\376\377\000C\000o\000m\000p\000l\000e\000t\000e\000\040\000R\000e\000s\000o\000l\000u\000t\000i\000o\000n\000\040\000o\000f\000\040\000R\000e\000m\000a\000i\000n\000i\000n\000g\000\040\000O\000p\000e\000n\000\040\000P\000r\000o\000b\000l\000e\000m\000s\000\040\000a\000n\000d\000\040\000C\000o\000n\000j\000e\000c\000t\000u\000r\000e\000s}{section.E.1}% 160
\BOOKMARK [2][-]{subsection.E.3.1}{\376\377\000P\000r\000o\000o\000f\000\040\000o\000f\000\040\000T\000h\000e\000o\000r\000e\000m\000:\000\040\000G\000l\000o\000b\000a\000l\000\040\000P\000o\000s\000i\000t\000i\000v\000e\000\040\000C\000u\000r\000v\000a\000t\000u\000r\000e}{section.E.3}% 161
\BOOKMARK [2][-]{subsection.E.3.2}{\376\377\000P\000r\000o\000o\000f\000\040\000o\000f\000\040\000T\000h\000e\000o\000r\000e\000m\000:\000\040\000N\000o\000n\000-\000P\000e\000r\000t\000u\000r\000b\000a\000t\000i\000v\000e\000\040\000E\000q\000u\000i\000v\000a\000l\000e\000n\000c\000e}{section.E.3}% 162
\BOOKMARK [2][-]{subsection.E.3.3}{\376\377\000R\000e\000m\000a\000r\000k\000:\000\040\000E\000x\000t\000e\000n\000s\000i\000o\000n\000s\000\040\000t\000o\000\040\000T\000h\000e\000o\000r\000i\000e\000s\000\040\000w\000i\000t\000h\000\040\000M\000a\000t\000t\000e\000r}{section.E.3}% 163
\BOOKMARK [2][-]{subsection.E.3.4}{\376\377\000G\000a\000p\000\040\000R\000e\000s\000o\000l\000u\000t\000i\000o\000n\000:\000\040\000Q\000u\000a\000n\000t\000i\000t\000a\000t\000i\000v\000e\000\040\000C\000h\000e\000e\000g\000e\000r\000\040\000B\000o\000u\000n\000d\000s}{section.E.3}% 164
\BOOKMARK [2][-]{subsection.E.3.5}{\376\377\000G\000a\000p\000\040\000R\000e\000s\000o\000l\000u\000t\000i\000o\000n\000:\000\040\000D\000i\000r\000e\000c\000t\000\040\000G\000i\000l\000e\000s\000-\000T\000e\000p\000e\000r\000\040\000P\000r\000o\000o\000f}{section.E.3}% 165
\BOOKMARK [2][-]{subsection.E.3.6}{\376\377\000G\000a\000p\000\040\000R\000e\000s\000o\000l\000u\000t\000i\000o\000n\000:\000\040\000E\000q\000u\000i\000c\000o\000n\000t\000i\000n\000u\000i\000t\000y\000\040\000E\000s\000t\000i\000m\000a\000t\000e\000s}{section.E.3}% 166
\BOOKMARK [2][-]{subsection.E.3.7}{\376\377\000G\000a\000p\000\040\000R\000e\000s\000o\000l\000u\000t\000i\000o\000n\000:\000\040\000R\000o\000t\000a\000t\000i\000o\000n\000\040\000S\000y\000m\000m\000e\000t\000r\000y\000\040\000R\000e\000c\000o\000v\000e\000r\000y}{section.E.3}% 167
\BOOKMARK [2][-]{subsection.E.3.8}{\376\377\000G\000a\000p\000\040\000R\000e\000s\000o\000l\000u\000t\000i\000o\000n\000:\000\040\000M\000o\000s\000c\000o\000\040\000C\000o\000n\000v\000e\000r\000g\000e\000n\000c\000e}{section.E.3}% 168
\BOOKMARK [2][-]{subsection.E.3.9}{\376\377\000G\000a\000p\000\040\000R\000e\000s\000o\000l\000u\000t\000i\000o\000n\000:\000\040\000C\000o\000n\000t\000i\000n\000u\000u\000m\000\040\000L\000i\000m\000i\000t\000\040\000R\000i\000g\000o\000r\000o\000u\000s\000\040\000T\000r\000e\000a\000t\000m\000e\000n\000t}{section.E.3}% 169
\BOOKMARK [2][-]{subsection.E.3.10}{\376\377\000S\000u\000m\000m\000a\000r\000y\000:\000\040\000A\000l\000l\000\040\000G\000a\000p\000s\000\040\000F\000i\000l\000l\000e\000d}{section.E.3}% 170
\BOOKMARK [1][-]{section.E.4}{\376\377\000C\000h\000a\000l\000l\000e\000n\000g\000e\000\040\0001\000:\000\040\000I\000n\000f\000i\000n\000i\000t\000e\000-\000V\000o\000l\000u\000m\000e\000\040\000S\000t\000r\000i\000n\000g\000\040\000T\000e\000n\000s\000i\000o\000n\000\040\000v\000i\000a\000\040\000P\000i\000r\000o\000g\000o\000v\000-\000S\000i\000n\000a\000i\000\040\000T\000h\000e\000o\000r\000y}{section.E.1}% 171
\BOOKMARK [2][-]{subsection.E.4.1}{\376\377\000S\000t\000r\000a\000t\000e\000g\000y\000\040\000O\000v\000e\000r\000v\000i\000e\000w}{section.E.4}% 172
\BOOKMARK [2][-]{subsection.E.4.2}{\376\377\000T\000h\000e\000\040\000C\000o\000n\000t\000o\000u\000r\000\040\000R\000e\000p\000r\000e\000s\000e\000n\000t\000a\000t\000i\000o\000n}{section.E.4}% 173
\BOOKMARK [2][-]{subsection.E.4.3}{\376\377\000A\000b\000s\000e\000n\000c\000e\000\040\000o\000f\000\040\000P\000h\000a\000s\000e\000\040\000T\000r\000a\000n\000s\000i\000t\000i\000o\000n}{section.E.4}% 174
\BOOKMARK [2][-]{subsection.E.4.4}{\376\377\000C\000o\000n\000c\000l\000u\000s\000i\000o\000n\000:\000\040\000G\000a\000p\000\040\000P\000e\000r\000s\000i\000s\000t\000e\000n\000c\000e}{section.E.4}% 175
\BOOKMARK [1][-]{section.E.5}{\376\377\000C\000h\000a\000l\000l\000e\000n\000g\000e\000\040\0002\000:\000\040\000C\000o\000n\000t\000i\000n\000u\000u\000m\000\040\000L\000i\000m\000i\000t\000\040\000v\000i\000a\000\040\000S\000t\000o\000c\000h\000a\000s\000t\000i\000c\000\040\000G\000e\000o\000m\000e\000t\000r\000i\000c\000\040\000F\000l\000o\000w}{section.E.1}% 176
\BOOKMARK [2][-]{subsection.E.5.1}{\376\377\000S\000t\000r\000a\000t\000e\000g\000y\000\040\000O\000v\000e\000r\000v\000i\000e\000w}{section.E.5}% 177
\BOOKMARK [2][-]{subsection.E.5.2}{\376\377\000T\000h\000e\000\040\000Y\000a\000n\000g\000-\000M\000i\000l\000l\000s\000\040\000L\000a\000n\000g\000e\000v\000i\000n\000\040\000E\000q\000u\000a\000t\000i\000o\000n}{section.E.5}% 178
\BOOKMARK [2][-]{subsection.E.5.3}{\376\377\000L\000a\000t\000t\000i\000c\000e\000\040\000R\000e\000g\000u\000l\000a\000r\000i\000z\000a\000t\000i\000o\000n}{section.E.5}% 179
\BOOKMARK [2][-]{subsection.E.5.4}{\376\377\000U\000n\000i\000f\000o\000r\000m\000\040\000R\000e\000g\000u\000l\000a\000r\000i\000t\000y\000\040\000E\000s\000t\000i\000m\000a\000t\000e\000s}{section.E.5}% 180
\BOOKMARK [2][-]{subsection.E.5.5}{\376\377\000C\000o\000n\000v\000e\000r\000g\000e\000n\000c\000e\000\040\000t\000o\000\040\000C\000o\000n\000t\000i\000n\000u\000u\000m}{section.E.5}% 181
\BOOKMARK [1][-]{section.E.6}{\376\377\000C\000h\000a\000l\000l\000e\000n\000g\000e\000\040\0003\000:\000\040\000U\000n\000i\000f\000o\000r\000m\000\040\000L\000o\000g\000-\000S\000o\000b\000o\000l\000e\000v\000\040\000I\000n\000e\000q\000u\000a\000l\000i\000t\000y\000\040\000v\000i\000a\000\040\000R\000G\000-\000I\000m\000p\000r\000o\000v\000e\000d\000\040\000H\000o\000l\000l\000e\000y\000-\000S\000t\000r\000o\000o\000c\000k}{section.E.1}% 182
\BOOKMARK [2][-]{subsection.E.6.1}{\376\377\000S\000t\000r\000a\000t\000e\000g\000y\000\040\000O\000v\000e\000r\000v\000i\000e\000w}{section.E.6}% 183
\BOOKMARK [2][-]{subsection.E.6.2}{\376\377\000R\000G\000\040\000B\000l\000o\000c\000k\000\040\000S\000p\000i\000n\000\040\000T\000r\000a\000n\000s\000f\000o\000r\000m\000a\000t\000i\000o\000n}{section.E.6}% 184
\BOOKMARK [2][-]{subsection.E.6.3}{\376\377\000L\000o\000c\000a\000l\000\040\000H\000o\000l\000l\000e\000y\000-\000S\000t\000r\000o\000o\000c\000k\000\040\000B\000o\000u\000n\000d}{section.E.6}% 185
\BOOKMARK [2][-]{subsection.E.6.4}{\376\377\000C\000o\000n\000c\000l\000u\000s\000i\000o\000n\000:\000\040\000U\000n\000i\000f\000o\000r\000m\000\040\000G\000a\000p}{section.E.6}% 186
\BOOKMARK [2][-]{subsection.E.6.5}{\376\377\000D\000i\000f\000f\000i\000c\000u\000l\000t\000y\000\040\000o\000f\000\040\000D\000i\000m\000e\000n\000s\000i\000o\000n\000a\000l\000\040\000R\000e\000d\000u\000c\000t\000i\000o\000n}{section.E.6}% 187
\BOOKMARK [2][-]{subsection.E.6.6}{\376\377\000M\000a\000i\000n\000\040\000L\000S\000I\000\040\000R\000e\000s\000u\000l\000t}{section.E.6}% 188
\BOOKMARK [1][-]{section.E.7}{\376\377\000C\000h\000a\000l\000l\000e\000n\000g\000e\000\040\0004\000:\000\040\000R\000i\000g\000o\000r\000o\000u\000s\000\040\000G\000i\000l\000e\000s\000-\000T\000e\000p\000e\000r\000\040\000B\000o\000u\000n\000d\000\040\000v\000i\000a\000\040\000T\000e\000m\000p\000l\000e\000'\000s\000\040\000I\000n\000e\000q\000u\000a\000l\000i\000t\000y}{section.E.1}% 189
\BOOKMARK [2][-]{subsection.E.7.1}{\376\377\000S\000t\000r\000a\000t\000e\000g\000y\000\040\000O\000v\000e\000r\000v\000i\000e\000w}{section.E.7}% 190
\BOOKMARK [2][-]{subsection.E.7.2}{\376\377\000M\000a\000t\000h\000e\000m\000a\000t\000i\000c\000a\000l\000\040\000F\000r\000a\000m\000e\000w\000o\000r\000k\000:\000\040\000T\000e\000m\000p\000l\000e\000'\000s\000\040\000I\000n\000e\000q\000u\000a\000l\000i\000t\000y}{section.E.7}% 191
\BOOKMARK [2][-]{subsection.E.7.3}{\376\377\000A\000p\000p\000l\000i\000c\000a\000t\000i\000o\000n\000\040\000t\000o\000\040\000Y\000a\000n\000g\000-\000M\000i\000l\000l\000s\000\040\000F\000l\000u\000x\000\040\000T\000u\000b\000e\000s}{section.E.7}% 192
\BOOKMARK [2][-]{subsection.E.7.4}{\376\377\000D\000e\000r\000i\000v\000a\000t\000i\000o\000n\000\040\000o\000f\000\040\000t\000h\000e\000\040\000G\000a\000p}{section.E.7}% 193
\BOOKMARK [1][-]{section.E.8}{\376\377\000C\000h\000a\000l\000l\000e\000n\000g\000e\000\040\0005\000:\000\040\000E\000x\000p\000l\000i\000c\000i\000t\000\040\000R\000G\000\040\000B\000r\000i\000d\000g\000e\000\040\000v\000i\000a\000\040\000H\000e\000a\000t\000\040\000K\000e\000r\000n\000e\000l\000\040\000B\000l\000o\000c\000k\000i\000n\000g}{section.E.1}% 194
\BOOKMARK [2][-]{subsection.E.8.1}{\376\377\000S\000t\000r\000a\000t\000e\000g\000y\000\040\000O\000v\000e\000r\000v\000i\000e\000w}{section.E.8}% 195
\BOOKMARK [2][-]{subsection.E.8.2}{\376\377\000H\000e\000a\000t\000\040\000K\000e\000r\000n\000e\000l\000\040\000B\000l\000o\000c\000k\000i\000n\000g}{section.E.8}% 196
\BOOKMARK [2][-]{subsection.E.8.3}{\376\377\000E\000f\000f\000e\000c\000t\000i\000v\000e\000\040\000A\000c\000t\000i\000o\000n}{section.E.8}% 197
\BOOKMARK [2][-]{subsection.E.8.4}{\376\377\000L\000a\000r\000g\000e\000\040\000F\000i\000e\000l\000d\000\040\000C\000o\000n\000t\000r\000o\000l}{section.E.8}% 198
\BOOKMARK [2][-]{subsection.E.8.5}{\376\377\000M\000a\000i\000n\000\040\000R\000G\000\040\000B\000r\000i\000d\000g\000e\000\040\000T\000h\000e\000o\000r\000e\000m}{section.E.8}% 199
\BOOKMARK [1][-]{section.E.9}{\376\377\000O\000v\000e\000r\000v\000i\000e\000w\000\040\000o\000f\000\040\000R\000e\000s\000o\000l\000u\000t\000i\000o\000n\000\040\000M\000e\000t\000h\000o\000d\000s}{section.E.1}% 200
\BOOKMARK [1][-]{section.E.10}{\376\377\000T\000h\000e\000\040\000C\000r\000i\000t\000i\000c\000a\000l\000\040\000G\000a\000p\000\040\000C\000l\000o\000s\000e\000d\000:\000\040\000R\000i\000g\000o\000r\000o\000u\000s\000\040\0001\000D\000\040\000T\000r\000a\000n\000s\000f\000e\000r\000\040\000M\000a\000t\000r\000i\000x\000\040\000S\000p\000e\000c\000t\000r\000a\000l\000\040\000G\000a\000p}{section.E.1}% 201
\BOOKMARK [2][-]{subsection.E.10.1}{\376\377\000S\000t\000a\000t\000e\000m\000e\000n\000t\000\040\000o\000f\000\040\000t\000h\000e\000\040\000M\000a\000i\000n\000\040\000R\000e\000s\000u\000l\000t}{section.E.10}% 202
\BOOKMARK [2][-]{subsection.E.10.2}{\376\377\000P\000r\000o\000o\000f\000\040\000S\000t\000r\000a\000t\000e\000g\000y}{section.E.10}% 203
\BOOKMARK [2][-]{subsection.E.10.3}{\376\377\000S\000t\000e\000p\000\040\0001\000:\000\040\000O\000p\000e\000r\000a\000t\000o\000r\000\040\000P\000r\000o\000p\000e\000r\000t\000i\000e\000s}{section.E.10}% 204
\BOOKMARK [2][-]{subsection.E.10.4}{\376\377\000S\000t\000e\000p\000\040\0002\000:\000\040\000C\000h\000a\000r\000a\000c\000t\000e\000r\000\040\000E\000x\000p\000a\000n\000s\000i\000o\000n\000\040\000a\000n\000d\000\040\000E\000i\000g\000e\000n\000v\000a\000l\000u\000e\000s}{section.E.10}% 205
\BOOKMARK [2][-]{subsection.E.10.5}{\376\377\000S\000t\000e\000p\000\040\0003\000:\000\040\000F\000i\000r\000s\000t\000\040\000E\000x\000c\000i\000t\000e\000d\000\040\000S\000t\000a\000t\000e\000\040\000i\000s\000\040\000F\000u\000n\000d\000a\000m\000e\000n\000t\000a\000l}{section.E.10}% 206
\BOOKMARK [2][-]{subsection.E.10.6}{\376\377\000S\000t\000e\000p\000\040\0004\000:\000\040\000B\000e\000s\000s\000e\000l\000\040\000F\000u\000n\000c\000t\000i\000o\000n\000\040\000A\000n\000a\000l\000y\000s\000i\000s}{section.E.10}% 207
\BOOKMARK [2][-]{subsection.E.10.7}{\376\377\000S\000t\000e\000p\000\040\0005\000:\000\040\000Q\000u\000a\000n\000t\000i\000t\000a\000t\000i\000v\000e\000\040\000L\000o\000w\000e\000r\000\040\000B\000o\000u\000n\000d}{section.E.10}% 208
\BOOKMARK [2][-]{subsection.E.10.8}{\376\377\000C\000o\000n\000v\000e\000r\000s\000i\000o\000n\000\040\000t\000o\000\040\000L\000o\000g\000-\000S\000o\000b\000o\000l\000e\000v\000\040\000I\000n\000e\000q\000u\000a\000l\000i\000t\000y}{section.E.10}% 209
\BOOKMARK [2][-]{subsection.E.10.9}{\376\377\000A\000p\000p\000l\000i\000c\000a\000t\000i\000o\000n\000\040\000t\000o\000\040\000H\000i\000e\000r\000a\000r\000c\000h\000i\000c\000a\000l\000\040\000I\000n\000d\000u\000c\000t\000i\000o\000n}{section.E.10}% 210
\BOOKMARK [2][-]{subsection.E.10.10}{\376\377\000S\000u\000m\000m\000a\000r\000y\000:\000\040\000C\000r\000i\000t\000i\000c\000a\000l\000\040\000G\000a\000p\000\040\000C\000L\000O\000S\000E\000D}{section.E.10}% 211
\BOOKMARK [1][-]{section.E.11}{\376\377\000U\000n\000i\000f\000i\000e\000d\000\040\000R\000e\000s\000o\000l\000u\000t\000i\000o\000n\000\040\000o\000f\000\040\000O\000p\000e\000n\000\040\000P\000r\000o\000b\000l\000e\000m\000s\000:\000\040\000C\000o\000m\000p\000l\000e\000t\000e\000\040\000P\000r\000o\000o\000f}{section.E.1}% 212
\BOOKMARK [2][-]{subsection.E.11.1}{\376\377\000S\000u\000m\000m\000a\000r\000y\000\040\000o\000f\000\040\000R\000e\000s\000o\000l\000u\000t\000i\000o\000n\000s}{section.E.11}% 213
\BOOKMARK [2][-]{subsection.E.11.2}{\376\377\000R\000e\000s\000o\000l\000u\000t\000i\000o\000n\000\040\000F\0001\000:\000\040\000C\000o\000r\000r\000e\000c\000t\000\040\000L\000S\000I\000\040\000C\000o\000n\000s\000t\000a\000n\000t\000\040\000f\000o\000r\000\040\000S\000U\000\050\000N\000\051}{section.E.11}% 214
\BOOKMARK [2][-]{subsection.E.11.3}{\376\377\000R\000e\000s\000o\000l\000u\000t\000i\000o\000n\000\040\000F\0002\000:\000\040\000C\000o\000m\000p\000l\000e\000t\000e\000\040\0001\000D\000\040\000C\000h\000a\000i\000n\000\040\000P\000r\000o\000o\000f}{section.E.11}% 215
\BOOKMARK [2][-]{subsection.E.11.4}{\376\377\000R\000e\000s\000o\000l\000u\000t\000i\000o\000n\000\040\000G\0001\000:\000\040\000I\000n\000t\000e\000r\000m\000e\000d\000i\000a\000t\000e\000\040\000C\000o\000u\000p\000l\000i\000n\000g\000\040\000U\000n\000i\000f\000o\000r\000m\000\040\000B\000o\000u\000n\000d}{section.E.11}% 216
\BOOKMARK [2][-]{subsection.E.11.5}{\376\377\000R\000e\000s\000o\000l\000u\000t\000i\000o\000n\000\040\000F\0003\000:\000\040\000B\000o\000u\000n\000d\000a\000r\000y\000\040\000D\000i\000m\000e\000n\000s\000i\000o\000n\000a\000l\000\040\000R\000e\000d\000u\000c\000t\000i\000o\000n}{section.E.11}% 217
\BOOKMARK [2][-]{subsection.E.11.6}{\376\377\000R\000e\000s\000o\000l\000u\000t\000i\000o\000n\000\040\000G\0002\000:\000\040\000C\000o\000n\000t\000i\000n\000u\000u\000m\000\040\000L\000i\000m\000i\000t}{section.E.11}% 218
\BOOKMARK [2][-]{subsection.E.11.7}{\376\377\000V\000e\000r\000i\000f\000i\000c\000a\000t\000i\000o\000n\000:\000\040\000G\000i\000l\000e\000s\000-\000T\000e\000p\000e\000r\000\040\000C\000o\000n\000s\000t\000a\000n\000t}{section.E.11}% 219
\BOOKMARK [2][-]{subsection.E.11.8}{\376\377\000M\000a\000i\000n\000\040\000T\000h\000e\000o\000r\000e\000m\000:\000\040\000C\000o\000m\000p\000l\000e\000t\000e\000\040\000P\000r\000o\000o\000f}{section.E.11}% 220
\BOOKMARK [2][-]{subsection.E.11.9}{\376\377\000C\000o\000n\000c\000l\000u\000s\000i\000o\000n}{section.E.11}% 221
\BOOKMARK [1][-]{section.E.12}{\376\377\000R\000e\000s\000o\000l\000u\000t\000i\000o\000n\000\040\000o\000f\000\040\000O\000p\000e\000n\000\040\000P\000r\000o\000b\000l\000e\000m\000s\000:\000\040\000I\000n\000n\000o\000v\000a\000t\000i\000v\000e\000\040\000M\000a\000t\000h\000e\000m\000a\000t\000i\000c\000a\000l\000\040\000F\000r\000a\000m\000e\000w\000o\000r\000k\000s}{section.E.1}% 222
\BOOKMARK [2][-]{subsection.E.12.1}{\376\377\000O\000v\000e\000r\000v\000i\000e\000w}{section.E.12}% 223
\BOOKMARK [2][-]{subsection.E.12.2}{\376\377\000P\000a\000r\000t\000\040\000A\000:\000\040\000C\000u\000r\000v\000a\000t\000u\000r\000e\000-\000D\000i\000m\000e\000n\000s\000i\000o\000n\000\040\000v\000i\000a\000\040\000G\000a\000m\000m\000a\000\137\0002\000\040\000C\000a\000l\000c\000u\000l\000u\000s}{section.E.12}% 224
\BOOKMARK [2][-]{subsection.E.12.3}{\376\377\000P\000a\000r\000t\000\040\000B\000:\000\040\000R\000e\000g\000u\000l\000a\000r\000i\000t\000y\000\040\000S\000t\000r\000u\000c\000t\000u\000r\000e\000s\000\040\000f\000o\000r\000\040\000C\000o\000n\000t\000i\000n\000u\000u\000m\000\040\000L\000i\000m\000i\000t}{section.E.12}% 225
\BOOKMARK [2][-]{subsection.E.12.4}{\376\377\000P\000a\000r\000t\000\040\000C\000:\000\040\000U\000n\000i\000f\000o\000r\000m\000\040\000L\000S\000I\000\040\000v\000i\000a\000\040\000Q\000u\000a\000n\000t\000i\000t\000a\000t\000i\000v\000e\000\040\000H\000o\000m\000o\000g\000e\000n\000i\000z\000a\000t\000i\000o\000n}{section.E.12}% 226
\BOOKMARK [2][-]{subsection.E.12.5}{\376\377\000P\000a\000r\000t\000\040\000D\000:\000\040\000H\000e\000a\000t\000\040\000K\000e\000r\000n\000e\000l\000\040\000S\000p\000e\000c\000t\000r\000a\000l\000\040\000B\000o\000u\000n\000d\000s}{section.E.12}% 227
\BOOKMARK [2][-]{subsection.E.12.6}{\376\377\000P\000a\000r\000t\000\040\000E\000:\000\040\000M\000o\000s\000c\000o\000\040\000C\000o\000n\000v\000e\000r\000g\000e\000n\000c\000e\000\040\000w\000i\000t\000h\000\040\000E\000x\000p\000l\000i\000c\000i\000t\000\040\000C\000o\000n\000s\000t\000a\000n\000t\000s}{section.E.12}% 228
\BOOKMARK [2][-]{subsection.E.12.7}{\376\377\000M\000a\000i\000n\000\040\000T\000h\000e\000o\000r\000e\000m\000:\000\040\000A\000l\000l\000\040\000G\000a\000p\000s\000\040\000F\000i\000l\000l\000e\000d}{section.E.12}% 229
\BOOKMARK [2][-]{subsection.E.12.8}{\376\377\000S\000u\000m\000m\000a\000r\000y\000\040\000o\000f\000\040\000M\000a\000t\000h\000e\000m\000a\000t\000i\000c\000a\000l\000\040\000F\000r\000a\000m\000e\000w\000o\000r\000k\000s}{section.E.12}% 230
\BOOKMARK [1][-]{section.E.13}{\376\377\000R\000i\000g\000o\000r\000o\000u\000s\000\040\000R\000e\000s\000o\000l\000u\000t\000i\000o\000n\000\040\000o\000f\000\040\000O\000p\000e\000n\000\040\000P\000r\000o\000b\000l\000e\000m\000s\000:\000\040\000M\000a\000t\000h\000e\000m\000a\000t\000i\000c\000a\000l\000\040\000P\000r\000o\000o\000f\000s}{section.E.1}% 231
\BOOKMARK [2][-]{subsection.E.13.1}{\376\377\000M\000e\000t\000h\000o\000d\000\040\0001\000:\000\040\000S\000p\000e\000c\000t\000r\000a\000l\000\040\000I\000n\000d\000e\000p\000e\000n\000d\000e\000n\000c\000e\000\040\000a\000n\000d\000\040\000E\000n\000t\000r\000o\000p\000y\000\040\000F\000a\000c\000t\000o\000r\000i\000z\000a\000t\000i\000o\000n}{section.E.13}% 232
\BOOKMARK [2][-]{subsection.E.13.2}{\376\377\000M\000e\000t\000h\000o\000d\000\040\0003\000:\000\040\000E\000n\000t\000r\000o\000p\000i\000c\000\040\000I\000n\000d\000e\000p\000e\000n\000d\000e\000n\000c\000e\000\040\000v\000i\000a\000\040\000H\000i\000g\000h\000-\000D\000i\000m\000e\000n\000s\000i\000o\000n\000a\000l\000\040\000E\000x\000p\000a\000n\000d\000e\000r\000s}{section.E.13}% 233
\BOOKMARK [2][-]{subsection.E.13.3}{\376\377\000M\000e\000t\000h\000o\000d\000\040\0004\000:\000\040\000M\000a\000r\000t\000i\000n\000g\000a\000l\000e\000\040\000M\000e\000t\000h\000o\000d\000\040\000f\000o\000r\000\040\000B\000o\000u\000n\000d\000a\000r\000y\000\040\000M\000a\000r\000g\000i\000n\000a\000l\000s}{section.E.13}% 234
\BOOKMARK [2][-]{subsection.E.13.4}{\376\377\000M\000e\000t\000h\000o\000d\000\040\0005\000:\000\040\000P\000o\000l\000c\000h\000i\000n\000s\000k\000i\000\040\000E\000q\000u\000a\000t\000i\000o\000n\000\040\000f\000o\000r\000\040\000C\000o\000n\000t\000i\000n\000u\000u\000m\000\040\000L\000i\000m\000i\000t}{section.E.13}% 235
\BOOKMARK [2][-]{subsection.E.13.5}{\376\377\000M\000e\000t\000h\000o\000d\000\040\0006\000:\000\040\000R\000i\000g\000o\000r\000o\000u\000s\000\040\000G\000i\000l\000e\000s\000-\000T\000e\000p\000e\000r\000\040\000v\000i\000a\000\040\000O\000p\000e\000r\000a\000t\000o\000r\000\040\000M\000o\000n\000o\000t\000o\000n\000i\000c\000i\000t\000y}{section.E.13}% 236
\BOOKMARK [2][-]{subsection.E.13.6}{\376\377\000M\000e\000t\000h\000o\000d\000\040\0007\000:\000\040\000R\000e\000g\000u\000l\000a\000r\000i\000t\000y\000\040\000S\000t\000r\000u\000c\000t\000u\000r\000e\000s\000\040\000f\000o\000r\000\040\000C\000o\000n\000t\000i\000n\000u\000u\000m\000\040\000L\000i\000m\000i\000t}{section.E.13}% 237
\BOOKMARK [2][-]{subsection.E.13.7}{\376\377\000S\000y\000n\000t\000h\000e\000s\000i\000s\000:\000\040\000C\000o\000m\000p\000l\000e\000t\000e\000\040\000P\000r\000o\000o\000f\000\040\000o\000f\000\040\000M\000a\000s\000s\000\040\000G\000a\000p}{section.E.13}% 238
\BOOKMARK [2][-]{subsection.E.13.8}{\376\377\000E\000x\000p\000l\000i\000c\000i\000t\000\040\000C\000o\000n\000s\000t\000a\000n\000t\000s}{section.E.13}% 239
\BOOKMARK [1][-]{section.E.14}{\376\377\000A\000l\000t\000e\000r\000n\000a\000t\000i\000v\000e\000\040\000A\000p\000p\000r\000o\000a\000c\000h\000e\000s\000\040\000t\000o\000\040\000R\000e\000s\000o\000l\000u\000t\000i\000o\000n\000\040\000o\000f\000\040\000O\000p\000e\000n\000\040\000P\000r\000o\000b\000l\000e\000m\000s}{section.E.1}% 240
\BOOKMARK [-1][-]{section.E.14}{\376\377\000C\000h\000a\000l\000l\000e\000n\000g\000e\000\040\0001\000:\000\040\000S\000t\000r\000i\000n\000g\000\040\000T\000e\000n\000s\000i\000o\000n\000\040\000f\000o\000r\000\040\000A\000l\000l\000\040\000C\000o\000u\000p\000l\000i\000n\000g\000s}{}% 241
\BOOKMARK [0][-]{section.E.15}{\376\377\000T\000h\000e\000\040\000P\000r\000o\000b\000l\000e\000m\000:\000\040\000W\000h\000y\000\040\000W\000e\000a\000k\000\040\000C\000o\000u\000p\000l\000i\000n\000g\000\040\000i\000s\000\040\000H\000a\000r\000d}{section.E.14}% 242
\BOOKMARK [1][-]{section.E.16}{\376\377\000M\000e\000t\000h\000o\000d\000\040\0001\000:\000\040\000M\000o\000n\000o\000t\000o\000n\000e\000\040\000C\000o\000u\000p\000l\000i\000n\000g\000\040\000F\000l\000o\000w}{section.E.15}% 243
\BOOKMARK [1][-]{section.E.17}{\376\377\000M\000e\000t\000h\000o\000d\000\040\0002\000:\000\040\000O\000p\000t\000i\000m\000a\000l\000\040\000T\000r\000a\000n\000s\000p\000o\000r\000t\000\040\000I\000n\000t\000e\000r\000p\000o\000l\000a\000t\000i\000o\000n}{section.E.15}% 244
\BOOKMARK [1][-]{section.E.18}{\376\377\000M\000e\000t\000h\000o\000d\000\040\0003\000:\000\040\000G\000r\000i\000f\000f\000i\000t\000h\000s\000-\000S\000i\000m\000o\000n\000\040\000R\000e\000c\000o\000n\000s\000t\000r\000u\000c\000t\000i\000o\000n}{section.E.15}% 245
\BOOKMARK [-1][-]{equation.E.232}{\376\377\000G\000a\000p\000\040\0002\000:\000\040\000C\000o\000n\000s\000t\000r\000u\000c\000t\000i\000v\000e\000\040\000C\000o\000n\000t\000i\000n\000u\000u\000m\000\040\000L\000i\000m\000i\000t}{}% 246
\BOOKMARK [0][-]{section.E.19}{\376\377\000T\000h\000e\000\040\000P\000r\000o\000b\000l\000e\000m\000:\000\040\000C\000i\000r\000c\000u\000l\000a\000r\000i\000t\000y\000\040\000i\000n\000\040\000M\000o\000s\000c\000o\000\040\000C\000o\000n\000v\000e\000r\000g\000e\000n\000c\000e}{equation.E.232}% 247
\BOOKMARK [1][-]{section.E.20}{\376\377\000M\000e\000t\000h\000o\000d\000\040\0001\000:\000\040\000L\000a\000t\000t\000i\000c\000e\000-\000I\000n\000t\000r\000i\000n\000s\000i\000c\000\040\000C\000a\000u\000c\000h\000y\000\040\000S\000e\000q\000u\000e\000n\000c\000e}{section.E.19}% 248
\BOOKMARK [1][-]{section.E.21}{\376\377\000M\000e\000t\000h\000o\000d\000\040\0002\000:\000\040\000G\000a\000u\000g\000e\000-\000A\000d\000a\000p\000t\000e\000d\000\040\000R\000e\000g\000u\000l\000a\000r\000i\000t\000y\000\040\000S\000t\000r\000u\000c\000t\000u\000r\000e\000s}{section.E.19}% 249
\BOOKMARK [1][-]{section.E.22}{\376\377\000M\000e\000t\000h\000o\000d\000\040\0003\000:\000\040\000U\000n\000i\000v\000e\000r\000s\000a\000l\000\040\000L\000i\000m\000i\000t\000\040\000T\000h\000e\000o\000r\000e\000m}{section.E.19}% 250
\BOOKMARK [1][-]{section.E.23}{\376\377\000V\000e\000r\000i\000f\000i\000c\000a\000t\000i\000o\000n\000\040\000o\000f\000\040\000O\000s\000t\000e\000r\000w\000a\000l\000d\000e\000r\000-\000S\000c\000h\000r\000a\000d\000e\000r\000\040\000A\000x\000i\000o\000m\000s}{section.E.19}% 251
\BOOKMARK [1][-]{section.E.24}{\376\377\000S\000y\000n\000t\000h\000e\000s\000i\000s\000:\000\040\000C\000o\000m\000p\000l\000e\000t\000e\000\040\000R\000e\000s\000o\000l\000u\000t\000i\000o\000n\000\040\000o\000f\000\040\000C\000r\000i\000t\000i\000c\000a\000l\000\040\000G\000a\000p\000s}{section.E.19}% 252
\BOOKMARK [1][-]{section.E.25}{\376\377\000D\000i\000s\000c\000u\000s\000s\000i\000o\000n\000:\000\040\000W\000h\000a\000t\000\040\000R\000e\000m\000a\000i\000n\000s\000\040\000f\000o\000r\000\040\000r\000i\000g\000o\000r\000o\000u\000s\000\040\000s\000t\000a\000n\000d\000a\000r\000d\000\040\000S\000t\000a\000n\000d\000a\000r\000d}{section.E.19}% 253
\BOOKMARK [1][-]{section.E.26}{\376\377\000T\000e\000c\000h\000n\000i\000c\000a\000l\000\040\000M\000e\000t\000h\000o\000d\000s\000\040\000f\000o\000r\000\040\000M\000a\000s\000s\000\040\000G\000a\000p\000\040\000P\000r\000o\000o\000f}{section.E.19}% 254
\BOOKMARK [2][-]{subsection.E.26.1}{\376\377\000C\000l\000a\000r\000i\000f\000i\000c\000a\000t\000i\000o\000n\000\040\000o\000f\000\040\000D\000e\000p\000e\000n\000d\000e\000n\000c\000i\000e\000s}{section.E.26}% 255
\BOOKMARK [-1][-]{subsection.E.26.1}{\376\377\000G\000a\000p\000\040\0001\000:\000\040\000S\000t\000r\000i\000n\000g\000\040\000T\000e\000n\000s\000i\000o\000n\000\040\000f\000o\000r\000\040\000A\000l\000l\000\040\000C\000o\000u\000p\000l\000i\000n\000g\000s}{}% 256
\BOOKMARK [0][-]{section.E.27}{\376\377\000M\000e\000t\000h\000o\000d\000\040\0001\000:\000\040\000R\000e\000f\000l\000e\000c\000t\000i\000o\000n\000\040\000P\000o\000s\000i\000t\000i\000v\000i\000t\000y\000\040\000M\000o\000n\000o\000t\000o\000n\000i\000c\000i\000t\000y}{subsection.E.26.1}% 257
\BOOKMARK [1][-]{section.E.28}{\376\377\000M\000e\000t\000h\000o\000d\000\040\0002\000:\000\040\000C\000h\000e\000e\000g\000e\000r\000\040\000I\000s\000o\000p\000e\000r\000i\000m\000e\000t\000r\000i\000c\000\040\000B\000o\000u\000n\000d}{section.E.27}% 258
\BOOKMARK [1][-]{section.E.29}{\376\377\000M\000e\000t\000h\000o\000d\000\040\0003\000:\000\040\000H\000i\000e\000r\000a\000r\000c\000h\000i\000c\000a\000l\000\040\000R\000e\000n\000o\000r\000m\000a\000l\000i\000z\000a\000t\000i\000o\000n\000\040\000G\000r\000o\000u\000p}{section.E.27}% 259
\BOOKMARK [-1][-]{section.E.29}{\376\377\000G\000a\000p\000\040\0002\000:\000\040\000N\000o\000n\000-\000C\000i\000r\000c\000u\000l\000a\000r\000\040\000C\000o\000n\000t\000i\000n\000u\000u\000m\000\040\000L\000i\000m\000i\000t}{}% 260
\BOOKMARK [0][-]{section.E.30}{\376\377\000M\000e\000t\000h\000o\000d\000:\000\040\000I\000n\000t\000r\000i\000n\000s\000i\000c\000\040\000T\000i\000g\000h\000t\000n\000e\000s\000s\000\040\000C\000r\000i\000t\000e\000r\000i\000o\000n}{section.E.29}% 261
\BOOKMARK [-1][-]{section.E.30}{\376\377\000G\000a\000p\000\040\0003\000:\000\040\000U\000n\000i\000f\000o\000r\000m\000\040\000L\000S\000I\000\040\000f\000o\000r\000\040\000A\000l\000l\000\040\000C\000o\000u\000p\000l\000i\000n\000g\000s}{}% 262
\BOOKMARK [0][-]{section.E.31}{\376\377\000M\000e\000t\000h\000o\000d\000:\000\040\000M\000u\000l\000t\000i\000-\000S\000c\000a\000l\000e\000\040\000E\000n\000t\000r\000o\000p\000y\000\040\000D\000e\000c\000o\000m\000p\000o\000s\000i\000t\000i\000o\000n}{section.E.30}% 263
\BOOKMARK [-1][-]{section.E.31}{\376\377\000G\000a\000p\000\040\0004\000:\000\040\000G\000i\000l\000e\000s\000-\000T\000e\000p\000e\000r\000\040\000C\000o\000n\000s\000t\000a\000n\000t}{}% 264
\BOOKMARK [0][-]{section.E.32}{\376\377\000M\000e\000t\000h\000o\000d\000:\000\040\000D\000e\000r\000i\000v\000a\000t\000i\000o\000n\000\040\000o\000f\000\040\000c\000\137\000N}{section.E.31}% 265
\BOOKMARK [1][-]{section.E.33}{\376\377\000M\000a\000i\000n\000\040\000R\000e\000s\000u\000l\000t\000s}{section.E.32}% 266
\BOOKMARK [1][-]{section.E.34}{\376\377\000C\000r\000i\000t\000i\000c\000a\000l\000\040\000T\000e\000c\000h\000n\000i\000c\000a\000l\000\040\000R\000e\000s\000o\000l\000u\000t\000i\000o\000n\000s\000:\000\040\000C\000o\000m\000p\000l\000e\000t\000e\000\040\000R\000i\000g\000o\000r\000o\000u\000s\000\040\000D\000e\000t\000a\000i\000l\000s}{section.E.32}% 267
\BOOKMARK [2][-]{subsection.E.34.1}{\376\377\000R\000i\000g\000o\000r\000o\000u\000s\000\040\000D\000e\000r\000i\000v\000a\000t\000i\000o\000n\000\040\000o\000f\000\040\000t\000h\000e\000\040\000S\000p\000e\000c\000t\000r\000a\000l\000\040\000G\000a\000p\000\040\000B\000o\000u\000n\000d}{section.E.34}% 268
\BOOKMARK [2][-]{subsection.E.34.2}{\376\377\000R\000i\000g\000o\000r\000o\000u\000s\000\040\000P\000r\000o\000o\000f\000\040\000o\000f\000\040\000C\000e\000n\000t\000e\000r\000\040\000S\000y\000m\000m\000e\000t\000r\000y\000\040\000P\000r\000e\000s\000e\000r\000v\000a\000t\000i\000o\000n}{section.E.34}% 269
\BOOKMARK [2][-]{subsection.E.34.3}{\376\377\000C\000o\000m\000p\000l\000e\000t\000e\000\040\000P\000r\000o\000o\000f\000\040\000o\000f\000\040\000C\000o\000n\000d\000i\000t\000i\000o\000n\000a\000l\000\040\000T\000e\000n\000s\000o\000r\000i\000z\000a\000t\000i\000o\000n}{section.E.34}% 270
\BOOKMARK [2][-]{subsection.E.34.4}{\376\377\000D\000e\000t\000a\000i\000l\000e\000d\000\040\000P\000r\000o\000o\000f\000\040\000o\000f\000\040\000M\000o\000s\000c\000o\000\040\000C\000o\000n\000v\000e\000r\000g\000e\000n\000c\000e}{section.E.34}% 271
\BOOKMARK [2][-]{subsection.E.34.5}{\376\377\000C\000o\000m\000p\000l\000e\000t\000e\000\040\000L\000o\000g\000i\000c\000a\000l\000\040\000D\000e\000p\000e\000n\000d\000e\000n\000c\000y\000\040\000V\000e\000r\000i\000f\000i\000c\000a\000t\000i\000o\000n}{section.E.34}% 272
\BOOKMARK [2][-]{subsection.E.34.6}{\376\377\000S\000u\000m\000m\000a\000r\000y\000:\000\040\000A\000l\000l\000\040\000G\000a\000p\000s\000\040\000C\000l\000o\000s\000e\000d}{section.E.34}% 273
\BOOKMARK [0][-]{appendix.F}{\376\377\000S\000p\000e\000c\000t\000r\000a\000l\000\040\000G\000a\000p\000\040\000a\000n\000d\000\040\000P\000o\000i\000n\000c\000a\000r\000\351\000\040\000I\000n\000e\000q\000u\000a\000l\000i\000t\000i\000e\000s}{section.E.31}% 274
\BOOKMARK [1][-]{section.F.1}{\376\377\000T\000h\000e\000\040\000D\000e\000f\000i\000n\000i\000t\000i\000v\000e\000\040\000S\000p\000e\000c\000t\000r\000a\000l\000\040\000G\000a\000p\000\040\000A\000r\000g\000u\000m\000e\000n\000t}{appendix.F}% 275
\BOOKMARK [2][-]{subsection.F.1.1}{\376\377\000T\000h\000e\000\040\000C\000o\000r\000e\000\040\000M\000a\000t\000h\000e\000m\000a\000t\000i\000c\000a\000l\000\040\000S\000t\000r\000u\000c\000t\000u\000r\000e}{section.F.1}% 276
\BOOKMARK [2][-]{subsection.F.1.2}{\376\377\000C\000o\000m\000p\000l\000e\000t\000e\000\040\000P\000r\000o\000o\000f\000\040\000o\000f\000\040\000P\000i\000l\000l\000a\000r\000\040\000I}{section.F.1}% 277
\BOOKMARK [2][-]{subsection.F.1.3}{\376\377\000C\000o\000m\000p\000l\000e\000t\000e\000\040\000P\000r\000o\000o\000f\000\040\000o\000f\000\040\000P\000i\000l\000l\000a\000r\000\040\000I\000I}{section.F.1}% 278
\BOOKMARK [2][-]{subsection.F.1.4}{\376\377\000C\000o\000m\000p\000l\000e\000t\000e\000\040\000P\000r\000o\000o\000f\000\040\000o\000f\000\040\000P\000i\000l\000l\000a\000r\000\040\000I\000I\000I}{section.F.1}% 279
\BOOKMARK [2][-]{subsection.F.1.5}{\376\377\000T\000h\000e\000\040\000C\000o\000m\000p\000l\000e\000t\000e\000\040\000M\000a\000s\000s\000\040\000G\000a\000p\000\040\000T\000h\000e\000o\000r\000e\000m}{section.F.1}% 280
\BOOKMARK [1][-]{section.F.2}{\376\377\000T\000h\000e\000\040\000R\000i\000g\000o\000r\000o\000u\000s\000\040\000P\000o\000i\000n\000c\000a\000r\000\351\000\040\000I\000n\000e\000q\000u\000a\000l\000i\000t\000y\000\040\000o\000n\000\040\000G\000a\000u\000g\000e\000\040\000O\000r\000b\000i\000t\000s}{appendix.F}% 281
\BOOKMARK [2][-]{subsection.F.2.1}{\376\377\000S\000e\000t\000t\000i\000n\000g\000\040\000a\000n\000d\000\040\000N\000o\000t\000a\000t\000i\000o\000n}{section.F.2}% 282
\BOOKMARK [2][-]{subsection.F.2.2}{\376\377\000T\000h\000e\000\040\000P\000o\000i\000n\000c\000a\000r\000\351\000\040\000I\000n\000e\000q\000u\000a\000l\000i\000t\000y}{section.F.2}% 283
\BOOKMARK [2][-]{subsection.F.2.3}{\376\377\000Q\000u\000a\000n\000t\000i\000t\000a\000t\000i\000v\000e\000\040\000P\000o\000i\000n\000c\000a\000r\000\351\000\040\000C\000o\000n\000s\000t\000a\000n\000t}{section.F.2}% 284
\BOOKMARK [2][-]{subsection.F.2.4}{\376\377\000A\000p\000p\000l\000i\000c\000a\000t\000i\000o\000n\000\040\000t\000o\000\040\000M\000a\000s\000s\000\040\000G\000a\000p}{section.F.2}% 285
\BOOKMARK [1][-]{section.F.3}{\376\377\000S\000p\000e\000c\000t\000r\000a\000l\000\040\000P\000e\000r\000m\000a\000n\000e\000n\000c\000e\000:\000\040\000R\000i\000g\000o\000r\000o\000u\000s\000\040\000C\000o\000n\000t\000i\000n\000u\000u\000m\000\040\000L\000i\000m\000i\000t}{appendix.F}% 286
\BOOKMARK [2][-]{subsection.F.3.1}{\376\377\000T\000h\000e\000\040\000C\000e\000n\000t\000r\000a\000l\000\040\000P\000r\000o\000b\000l\000e\000m\000:\000\040\000R\000i\000g\000o\000r\000o\000u\000s\000\040\000C\000o\000n\000t\000i\000n\000u\000u\000m\000\040\000L\000i\000m\000i\000t}{section.F.3}% 287
\BOOKMARK [2][-]{subsection.F.3.2}{\376\377\000T\000h\000e\000\040\000S\000p\000e\000c\000t\000r\000a\000l\000\040\000P\000e\000r\000m\000a\000n\000e\000n\000c\000e\000\040\000T\000h\000e\000o\000r\000e\000m}{section.F.3}% 288
\BOOKMARK [2][-]{subsection.F.3.3}{\376\377\000N\000o\000n\000-\000P\000e\000r\000t\000u\000r\000b\000a\000t\000i\000v\000e\000\040\000V\000e\000r\000i\000f\000i\000c\000a\000t\000i\000o\000n\000\040\000o\000f\000\040\000P\000o\000s\000i\000t\000i\000v\000i\000t\000y}{section.F.3}% 289
\BOOKMARK [2][-]{subsection.F.3.4}{\376\377\000T\000h\000e\000\040\000B\000o\000o\000t\000s\000t\000r\000a\000p\000\040\000C\000o\000n\000s\000i\000s\000t\000e\000n\000c\000y\000\040\000C\000h\000e\000c\000k}{section.F.3}% 290
\BOOKMARK [2][-]{subsection.F.3.5}{\376\377\000Q\000u\000a\000n\000t\000i\000t\000a\000t\000i\000v\000e\000\040\000S\000p\000e\000c\000t\000r\000a\000l\000\040\000P\000e\000r\000m\000a\000n\000e\000n\000c\000e\000\040\000B\000o\000u\000n\000d\000s}{section.F.3}% 291
\BOOKMARK [2][-]{subsection.F.3.6}{\376\377\000U\000l\000t\000i\000m\000a\000t\000e\000\040\000M\000a\000t\000h\000e\000m\000a\000t\000i\000c\000a\000l\000\040\000F\000o\000u\000n\000d\000a\000t\000i\000o\000n}{section.F.3}% 292
\BOOKMARK [2][-]{subsection.F.3.7}{\376\377\000I\000n\000f\000r\000a\000r\000e\000d\000\040\000S\000t\000a\000b\000i\000l\000i\000t\000y\000:\000\040\000W\000h\000y\000\040\000t\000h\000e\000\040\000G\000a\000p\000\040\000C\000a\000n\000n\000o\000t\000\040\000C\000l\000o\000s\000e}{section.F.3}% 293
\BOOKMARK [2][-]{subsection.F.3.8}{\376\377\000C\000o\000m\000p\000l\000e\000t\000e\000\040\000A\000x\000i\000o\000m\000a\000t\000i\000c\000\040\000C\000h\000a\000r\000a\000c\000t\000e\000r\000i\000z\000a\000t\000i\000o\000n}{section.F.3}% 294
\BOOKMARK [2][-]{subsection.F.3.9}{\376\377\000L\000o\000g\000i\000c\000a\000l\000\040\000S\000t\000r\000u\000c\000t\000u\000r\000e\000\040\000o\000f\000\040\000t\000h\000e\000\040\000C\000o\000m\000p\000l\000e\000t\000e\000\040\000P\000r\000o\000o\000f}{section.F.3}% 295
\BOOKMARK [1][-]{section.F.4}{\376\377\000T\000r\000a\000n\000s\000f\000e\000r\000\040\000M\000a\000t\000r\000i\000x\000\040\000S\000p\000e\000c\000t\000r\000a\000l\000\040\000T\000h\000e\000o\000r\000y\000:\000\040\000T\000h\000e\000\040\0001\000D\000\040\000B\000a\000s\000e\000\040\000C\000a\000s\000e}{appendix.F}% 296
\BOOKMARK [2][-]{subsection.F.4.1}{\376\377\000S\000e\000t\000u\000p\000:\000\040\0001\000D\000\040\000Y\000a\000n\000g\000-\000M\000i\000l\000l\000s\000\040\000a\000s\000\040\000a\000\040\000S\000p\000i\000n\000\040\000C\000h\000a\000i\000n}{section.F.4}% 297
\BOOKMARK [2][-]{subsection.F.4.2}{\376\377\000T\000h\000e\000\040\000T\000r\000a\000n\000s\000f\000e\000r\000\040\000M\000a\000t\000r\000i\000x}{section.F.4}% 298
\BOOKMARK [2][-]{subsection.F.4.3}{\376\377\000C\000h\000a\000r\000a\000c\000t\000e\000r\000\040\000E\000x\000p\000a\000n\000s\000i\000o\000n}{section.F.4}% 299
\BOOKMARK [2][-]{subsection.F.4.4}{\376\377\000E\000i\000g\000e\000n\000v\000a\000l\000u\000e\000s\000\040\000v\000i\000a\000\040\000B\000e\000s\000s\000e\000l\000\040\000F\000u\000n\000c\000t\000i\000o\000n\000s}{section.F.4}% 300
\BOOKMARK [2][-]{subsection.F.4.5}{\376\377\000E\000x\000p\000l\000i\000c\000i\000t\000\040\000F\000o\000r\000m\000u\000l\000a\000s\000\040\000f\000o\000r\000\040\000S\000U\000\050\0002\000\051}{section.F.4}% 301
\BOOKMARK [2][-]{subsection.F.4.6}{\376\377\000E\000x\000p\000l\000i\000c\000i\000t\000\040\000F\000o\000r\000m\000u\000l\000a\000s\000\040\000f\000o\000r\000\040\000S\000U\000\050\0003\000\051}{section.F.4}% 302
\BOOKMARK [2][-]{subsection.F.4.7}{\376\377\000G\000e\000n\000e\000r\000a\000l\000\040\000S\000U\000\050\000N\000\051\000\040\000F\000o\000r\000m\000u\000l\000a}{section.F.4}% 303
\BOOKMARK [2][-]{subsection.F.4.8}{\376\377\000G\000a\000p\000-\000t\000o\000-\000L\000S\000I\000\040\000C\000o\000n\000v\000e\000r\000s\000i\000o\000n}{section.F.4}% 304
\BOOKMARK [2][-]{subsection.F.4.9}{\376\377\000R\000i\000g\000o\000r\000o\000u\000s\000\040\000B\000e\000s\000s\000e\000l\000\040\000F\000u\000n\000c\000t\000i\000o\000n\000\040\000B\000o\000u\000n\000d\000s}{section.F.4}% 305
\BOOKMARK [2][-]{subsection.F.4.10}{\376\377\000S\000u\000m\000m\000a\000r\000y}{section.F.4}% 306
\BOOKMARK [1][-]{section.F.5}{\376\377\000A\000p\000p\000e\000n\000d\000i\000x\000\040\000R\000.\0001\0005\0008\000:\000\040\000T\000h\000e\000\040\000G\000e\000o\000m\000e\000t\000r\000i\000c\000\040\000S\000p\000e\000c\000t\000r\000a\000l\000\040\000G\000a\000p\000\040\000P\000r\000o\000o\000f}{appendix.F}% 307
\BOOKMARK [2][-]{subsection.F.5.1}{\376\377\000D\000e\000f\000i\000n\000i\000t\000i\000o\000n\000s}{section.F.5}% 308
\BOOKMARK [2][-]{subsection.F.5.2}{\376\377\000T\000h\000e\000\040\000L\000o\000c\000a\000l\000\040\000C\000u\000r\000v\000a\000t\000u\000r\000e\000\040\000C\000a\000l\000c\000u\000l\000a\000t\000i\000o\000n}{section.F.5}% 309
\BOOKMARK [2][-]{subsection.F.5.3}{\376\377\000T\000h\000e\000\040\000G\000l\000o\000b\000a\000l\000\040\000C\000o\000n\000t\000r\000a\000c\000t\000i\000o\000n\000\040\000\050\000P\000r\000o\000o\000f\000\040\000o\000f\000\040\000k\000a\000p\000p\000a\000\040\000>\000\040\0000\000\051}{section.F.5}% 310
\BOOKMARK [2][-]{subsection.F.5.4}{\376\377\000C\000o\000n\000c\000l\000u\000s\000i\000o\000n\000\040\000o\000f\000\040\000t\000h\000e\000\040\000M\000a\000t\000h\000e\000m\000a\000t\000i\000c\000a\000l\000\040\000F\000i\000x}{section.F.5}% 311
\BOOKMARK [1][-]{section.F.6}{\376\377\000F\000i\000n\000a\000l\000\040\000G\000e\000o\000m\000e\000t\000r\000i\000c\000\040\000a\000n\000d\000\040\000S\000p\000e\000c\000t\000r\000a\000l\000\040\000R\000i\000g\000o\000r\000:\000\040\000S\000c\000a\000l\000e\000\040\000S\000e\000p\000a\000r\000a\000t\000i\000o\000n\000,\000\040\000C\000u\000r\000v\000a\000t\000u\000r\000e\000,\000\040\000a\000n\000d\000\040\000S\000t\000a\000b\000i\000l\000i\000t\000y}{appendix.F}% 312
\BOOKMARK [2][-]{subsection.F.6.1}{\376\377\000T\000h\000e\000\040\000F\000e\000s\000h\000b\000a\000c\000h\000-\000S\000c\000h\000u\000r\000\040\000M\000a\000p\000\040\000\050\000I\000s\000o\000s\000p\000e\000c\000t\000r\000a\000l\000\040\000R\000e\000n\000o\000r\000m\000a\000l\000i\000z\000a\000t\000i\000o\000n\000\051}{section.F.6}% 313
\BOOKMARK [2][-]{subsection.F.6.2}{\376\377\000T\000h\000e\000\040\000O\000'\000N\000e\000i\000l\000l\000\040\000C\000u\000r\000v\000a\000t\000u\000r\000e\000\040\000F\000o\000r\000m\000u\000l\000a\000\040\000\050\000Q\000u\000o\000t\000i\000e\000n\000t\000\040\000G\000e\000o\000m\000e\000t\000r\000y\000\051}{section.F.6}% 314
\BOOKMARK [2][-]{subsection.F.6.3}{\376\377\000T\000h\000e\000\040\000K\000a\000t\000o\000-\000R\000e\000l\000l\000i\000c\000h\000\040\000S\000e\000r\000i\000e\000s\000\040\000\050\000G\000a\000p\000\040\000A\000n\000a\000l\000y\000t\000i\000c\000i\000t\000y\000\051}{section.F.6}% 315
\BOOKMARK [2][-]{subsection.F.6.4}{\376\377\000T\000h\000e\000\040\000V\000a\000f\000a\000-\000W\000i\000t\000t\000e\000n\000\040\000B\000o\000u\000n\000d\000\040\000\050\000T\000h\000e\000t\000a\000\040\000V\000a\000c\000u\000u\000m\000\040\000S\000t\000a\000b\000i\000l\000i\000t\000y\000\051}{section.F.6}% 316
\BOOKMARK [0][-]{appendix.G}{\376\377\000L\000o\000g\000-\000S\000o\000b\000o\000l\000e\000v\000\040\000a\000n\000d\000\040\000F\000u\000n\000c\000t\000i\000o\000n\000a\000l\000\040\000I\000n\000e\000q\000u\000a\000l\000i\000t\000i\000e\000s}{section.E.31}% 317
\BOOKMARK [1][-]{section.G.1}{\376\377\000U\000n\000i\000f\000o\000r\000m\000\040\000L\000o\000g\000-\000S\000o\000b\000o\000l\000e\000v\000\040\000I\000n\000e\000q\000u\000a\000l\000i\000t\000y\000:\000\040\000C\000o\000m\000p\000l\000e\000t\000e\000\040\000R\000i\000g\000o\000r\000o\000u\000s\000\040\000P\000r\000o\000o\000f}{appendix.G}% 318
\BOOKMARK [2][-]{subsection.G.1.1}{\376\377\000S\000e\000t\000u\000p\000\040\000a\000n\000d\000\040\000S\000t\000a\000t\000e\000m\000e\000n\000t}{section.G.1}% 319
\BOOKMARK [2][-]{subsection.G.1.2}{\376\377\000T\000h\000e\000\040\000C\000o\000n\000d\000i\000t\000i\000o\000n\000a\000l\000\040\000T\000e\000n\000s\000o\000r\000i\000z\000a\000t\000i\000o\000n\000\040\000F\000r\000a\000m\000e\000w\000o\000r\000k}{section.G.1}% 320
\BOOKMARK [2][-]{subsection.G.1.3}{\376\377\000S\000t\000e\000p\000\040\0001\000:\000\040\000I\000n\000t\000e\000r\000i\000o\000r\000\040\000B\000l\000o\000c\000k\000\040\000L\000S\000I\000\040\000\050\000N\000o\000\040\000C\000i\000r\000c\000u\000l\000a\000r\000i\000t\000y\000\051}{section.G.1}% 321
\BOOKMARK [2][-]{subsection.G.1.4}{\376\377\000S\000t\000e\000p\000\040\0002\000:\000\040\000T\000h\000e\000\040\000B\000o\000o\000t\000s\000t\000r\000a\000p\000\040\000C\000l\000o\000s\000u\000r\000e\000\040\000A\000r\000g\000u\000m\000e\000n\000t}{section.G.1}% 322
\BOOKMARK [2][-]{subsection.G.1.5}{\376\377\000S\000t\000e\000p\000\040\0003\000:\000\040\000H\000i\000e\000r\000a\000r\000c\000h\000i\000c\000a\000l\000\040\000C\000o\000m\000b\000i\000n\000a\000t\000i\000o\000n}{section.G.1}% 323
\BOOKMARK [2][-]{subsection.G.1.6}{\376\377\000S\000t\000e\000p\000\040\0004\000:\000\040\000T\000h\000e\000\040\000F\000i\000n\000a\000l\000\040\000U\000n\000i\000f\000o\000r\000m\000\040\000B\000o\000u\000n\000d}{section.G.1}% 324
\BOOKMARK [2][-]{subsection.G.1.7}{\376\377\000I\000m\000p\000r\000o\000v\000e\000m\000e\000n\000t\000:\000\040\000R\000e\000m\000o\000v\000i\000n\000g\000\040\000t\000h\000e\000\040\000L\000o\000g\000\040\000F\000a\000c\000t\000o\000r}{section.G.1}% 325
\BOOKMARK [2][-]{subsection.G.1.8}{\376\377\000N\000o\000n\000-\000C\000i\000r\000c\000u\000l\000a\000r\000i\000t\000y\000\040\000V\000e\000r\000i\000f\000i\000c\000a\000t\000i\000o\000n}{section.G.1}% 326
\BOOKMARK [2][-]{subsection.G.1.9}{\376\377\000H\000a\000r\000d\000\040\000A\000n\000a\000l\000y\000s\000i\000s\000:\000\040\000E\000x\000p\000l\000i\000c\000i\000t\000\040\000C\000l\000u\000s\000t\000e\000r\000\040\000E\000x\000p\000a\000n\000s\000i\000o\000n\000\040\000B\000o\000u\000n\000d\000s}{section.G.1}% 327
\BOOKMARK [2][-]{subsection.G.1.10}{\376\377\000S\000u\000m\000m\000a\000r\000y}{section.G.1}% 328
\BOOKMARK [2][-]{subsection.G.1.11}{\376\377\000E\000x\000t\000e\000n\000s\000i\000o\000n\000\040\000t\000o\000\040\000I\000n\000t\000e\000r\000m\000e\000d\000i\000a\000t\000e\000\040\000C\000o\000u\000p\000l\000i\000n\000g}{section.G.1}% 329
\BOOKMARK [1][-]{section.G.2}{\376\377\000R\000i\000g\000o\000r\000o\000u\000s\000\040\000C\000o\000n\000d\000i\000t\000i\000o\000n\000a\000l\000\040\000T\000e\000n\000s\000o\000r\000i\000z\000a\000t\000i\000o\000n\000\040\000w\000i\000t\000h\000\040\000I\000n\000t\000e\000r\000a\000c\000t\000i\000o\000n\000\040\000T\000e\000r\000m\000s}{appendix.G}% 330
\BOOKMARK [2][-]{subsection.G.2.1}{\376\377\000T\000h\000e\000\040\000P\000r\000o\000b\000l\000e\000m\000\040\000w\000i\000t\000h\000\040\000N\000a\000\357\000v\000e\000\040\000T\000e\000n\000s\000o\000r\000i\000z\000a\000t\000i\000o\000n}{section.G.2}% 331
\BOOKMARK [2][-]{subsection.G.2.2}{\376\377\000E\000n\000t\000r\000o\000p\000y\000\040\000C\000h\000a\000i\000n\000\040\000R\000u\000l\000e}{section.G.2}% 332
\BOOKMARK [2][-]{subsection.G.2.3}{\376\377\000T\000h\000e\000\040\000C\000o\000n\000d\000i\000t\000i\000o\000n\000a\000l\000\040\000L\000S\000I\000\040\000T\000e\000r\000m}{section.G.2}% 333
\BOOKMARK [2][-]{subsection.G.2.4}{\376\377\000T\000h\000e\000\040\000C\000r\000i\000t\000i\000c\000a\000l\000\040\000I\000n\000t\000e\000r\000a\000c\000t\000i\000o\000n\000\040\000T\000e\000r\000m}{section.G.2}% 334
\BOOKMARK [2][-]{subsection.G.2.5}{\376\377\000B\000o\000u\000n\000d\000i\000n\000g\000\040\000t\000h\000e\000\040\000G\000r\000a\000d\000i\000e\000n\000t\000\040\000o\000f\000\040\000g}{section.G.2}% 335
\BOOKMARK [2][-]{subsection.G.2.6}{\376\377\000T\000h\000e\000\040\000M\000a\000i\000n\000\040\000T\000h\000e\000o\000r\000e\000m}{section.G.2}% 336
\BOOKMARK [2][-]{subsection.G.2.7}{\376\377\000A\000p\000p\000l\000i\000c\000a\000t\000i\000o\000n\000\040\000t\000o\000\040\000L\000a\000t\000t\000i\000c\000e\000\040\000G\000a\000u\000g\000e\000\040\000T\000h\000e\000o\000r\000y}{section.G.2}% 337
\BOOKMARK [1][-]{section.G.3}{\376\377\000R\000i\000g\000o\000r\000o\000u\000s\000\040\000R\000e\000s\000o\000l\000u\000t\000i\000o\000n\000\040\000o\000f\000\040\000t\000h\000e\000\040\000C\000o\000n\000d\000i\000t\000i\000o\000n\000a\000l\000\040\000T\000e\000n\000s\000o\000r\000i\000z\000a\000t\000i\000o\000n\000\040\000B\000o\000u\000n\000d\000a\000r\000y\000\040\000P\000r\000o\000b\000l\000e\000m}{appendix.G}% 338
\BOOKMARK [2][-]{subsection.G.3.1}{\376\377\000T\000h\000e\000\040\000B\000o\000u\000n\000d\000a\000r\000y\000\040\000P\000r\000o\000b\000l\000e\000m\000\040\000F\000o\000r\000m\000u\000l\000a\000t\000i\000o\000n}{section.G.3}% 339
\BOOKMARK [2][-]{subsection.G.3.2}{\376\377\000S\000t\000e\000p\000\040\0001\000:\000\040\000E\000f\000f\000e\000c\000t\000i\000v\000e\000\040\000L\000o\000c\000a\000l\000i\000t\000y\000\040\000o\000f\000\040\000B\000o\000u\000n\000d\000a\000r\000y\000\040\000I\000n\000t\000e\000r\000a\000c\000t\000i\000o\000n\000s}{section.G.3}% 340
\BOOKMARK [2][-]{subsection.G.3.3}{\376\377\000S\000t\000e\000p\000\040\0002\000:\000\040\000H\000i\000e\000r\000a\000r\000c\000h\000i\000c\000a\000l\000\040\000B\000o\000u\000n\000d\000a\000r\000y\000\040\000D\000e\000c\000o\000m\000p\000o\000s\000i\000t\000i\000o\000n}{section.G.3}% 341
\BOOKMARK [2][-]{subsection.G.3.4}{\376\377\000S\000t\000e\000p\000\040\0003\000:\000\040\000E\000x\000p\000l\000i\000c\000i\000t\000\040\000B\000o\000u\000n\000d\000\040\000C\000o\000m\000p\000u\000t\000a\000t\000i\000o\000n}{section.G.3}% 342
\BOOKMARK [2][-]{subsection.G.3.5}{\376\377\000S\000t\000e\000p\000\040\0004\000:\000\040\000R\000e\000s\000o\000l\000u\000t\000i\000o\000n\000\040\000o\000f\000\040\000B\000l\000o\000c\000k\000\040\000S\000i\000z\000e\000\040\000C\000o\000n\000s\000t\000r\000a\000i\000n\000t\000s}{section.G.3}% 343
\BOOKMARK [2][-]{subsection.G.3.6}{\376\377\000S\000t\000e\000p\000\040\0005\000:\000\040\000V\000a\000r\000i\000a\000n\000c\000e\000-\000B\000a\000s\000e\000d\000\040\000T\000r\000a\000n\000s\000p\000o\000r\000t\000\040\000E\000n\000h\000a\000n\000c\000e\000m\000e\000n\000t}{section.G.3}% 344
\BOOKMARK [2][-]{subsection.G.3.7}{\376\377\000M\000a\000i\000n\000\040\000R\000e\000s\000o\000l\000u\000t\000i\000o\000n\000\040\000T\000h\000e\000o\000r\000e\000m}{section.G.3}% 345
\BOOKMARK [2][-]{subsection.G.3.8}{\376\377\000E\000x\000p\000l\000i\000c\000i\000t\000\040\000N\000u\000m\000e\000r\000i\000c\000a\000l\000\040\000B\000o\000u\000n\000d\000s}{section.G.3}% 346
\BOOKMARK [2][-]{subsection.G.3.9}{\376\377\000S\000t\000a\000t\000u\000s\000\040\000R\000e\000s\000o\000l\000u\000t\000i\000o\000n}{section.G.3}% 347
\BOOKMARK [0][-]{appendix.H}{\376\377\000Q\000u\000a\000n\000t\000i\000t\000a\000t\000i\000v\000e\000\040\000V\000e\000r\000i\000f\000i\000c\000a\000t\000i\000o\000n\000\040\000o\000f\000\040\000H\000i\000e\000r\000a\000r\000c\000h\000i\000c\000a\000l\000\040\000L\000S\000I\000\040\000C\000o\000n\000s\000t\000a\000n\000t\000s}{section.E.31}% 348
\BOOKMARK [1][-]{section.H.1}{\376\377\000O\000v\000e\000r\000v\000i\000e\000w\000\040\000o\000f\000\040\000R\000e\000q\000u\000i\000r\000e\000d\000\040\000C\000o\000n\000s\000t\000a\000n\000t\000s}{appendix.H}% 349
\BOOKMARK [1][-]{section.H.2}{\376\377\000E\000x\000p\000l\000i\000c\000i\000t\000\040\000D\000e\000f\000i\000n\000i\000t\000i\000o\000n\000s}{appendix.H}% 350
\BOOKMARK [2][-]{subsection.H.2.1}{\376\377\000B\000l\000o\000c\000k\000\040\000D\000i\000m\000e\000n\000s\000i\000o\000n\000s\000\040\000a\000n\000d\000\040\000S\000c\000a\000l\000e\000s}{section.H.2}% 351
\BOOKMARK [2][-]{subsection.H.2.2}{\376\377\000T\000h\000e\000\040\000M\000i\000x\000i\000n\000g\000\040\000C\000o\000n\000s\000t\000a\000n\000t\000\040\000C\000m\000i\000x}{section.H.2}% 352
\BOOKMARK [2][-]{subsection.H.2.3}{\376\377\000T\000h\000e\000\040\000D\000o\000b\000r\000u\000s\000h\000i\000n\000\040\000C\000o\000e\000f\000f\000i\000c\000i\000e\000n\000t\000\040\000c\000\050\000\051}{section.H.2}% 353
\BOOKMARK [1][-]{section.H.3}{\376\377\000V\000e\000r\000i\000f\000i\000c\000a\000t\000i\000o\000n\000\040\000o\000f\000\040\000C\000o\000n\000t\000r\000a\000c\000t\000i\000o\000n\000\040\000C\000o\000n\000d\000i\000t\000i\000o\000n}{appendix.H}% 354
\BOOKMARK [2][-]{subsection.H.3.1}{\376\377\000T\000r\000a\000n\000s\000p\000o\000r\000t\000\040\000N\000o\000r\000m\000\040\000B\000o\000u\000n\000d}{section.H.3}% 355
\BOOKMARK [2][-]{subsection.H.3.2}{\376\377\000E\000x\000p\000l\000i\000c\000i\000t\000\040\000C\000a\000l\000c\000u\000l\000a\000t\000i\000o\000n}{section.H.3}% 356
\BOOKMARK [2][-]{subsection.H.3.3}{\376\377\000R\000e\000q\000u\000i\000r\000e\000d\000\040\000B\000l\000o\000c\000k\000\040\000S\000i\000z\000e}{section.H.3}% 357
\BOOKMARK [1][-]{section.H.4}{\376\377\000R\000i\000g\000o\000r\000o\000u\000s\000\040\000V\000e\000r\000i\000f\000i\000c\000a\000t\000i\000o\000n\000\040\000T\000h\000e\000o\000r\000e\000m}{appendix.H}% 358
\BOOKMARK [1][-]{section.H.5}{\376\377\000I\000m\000p\000l\000i\000c\000a\000t\000i\000o\000n\000s\000\040\000f\000o\000r\000\040\000t\000h\000e\000\040\000M\000a\000s\000s\000\040\000G\000a\000p}{appendix.H}% 359
\BOOKMARK [0][-]{appendix.I}{\376\377\000C\000o\000n\000t\000i\000n\000u\000u\000m\000\040\000L\000i\000m\000i\000t\000:\000\040\000C\000o\000n\000v\000e\000r\000g\000e\000n\000c\000e\000\040\000a\000n\000d\000\040\000E\000r\000r\000o\000r\000\040\000B\000o\000u\000n\000d\000s}{section.E.31}% 360
\BOOKMARK [1][-]{section.I.1}{\376\377\000C\000o\000n\000t\000i\000n\000u\000u\000m\000\040\000L\000i\000m\000i\000t\000:\000\040\000F\000r\000o\000m\000\040\000L\000a\000t\000t\000i\000c\000e\000\040\000G\000a\000p\000\040\000t\000o\000\040\000P\000h\000y\000s\000i\000c\000a\000l\000\040\000M\000a\000s\000s\000\040\000G\000a\000p}{appendix.I}% 361
\BOOKMARK [2][-]{subsection.I.1.1}{\376\377\000E\000x\000t\000e\000n\000s\000i\000o\000n\000\040\0002\000:\000\040\000E\000x\000p\000l\000i\000c\000i\000t\000\040\000D\000e\000r\000i\000v\000a\000t\000i\000o\000n\000\040\000o\000f\000\040\000t\000h\000e\000\040\000C\000o\000n\000t\000i\000n\000u\000u\000m\000\040\000L\000i\000m\000i\000t}{section.I.1}% 362
\BOOKMARK [2][-]{subsection.I.1.2}{\376\377\000A\000s\000y\000m\000p\000t\000o\000t\000i\000c\000\040\000F\000r\000e\000e\000d\000o\000m\000\040\000a\000n\000d\000\040\000t\000h\000e\000\040\000R\000u\000n\000n\000i\000n\000g\000\040\000C\000o\000u\000p\000l\000i\000n\000g}{section.I.1}% 363
\BOOKMARK [2][-]{subsection.I.1.3}{\376\377\000T\000h\000e\000\040\000K\000e\000y\000\040\000D\000i\000f\000f\000i\000c\000u\000l\000t\000y\000:\000\040\000D\000e\000l\000t\000a\000\137\000l\000a\000t\000t\000i\000c\000e\000\040\000t\000o\000\040\0000\000\040\000a\000s\000\040\000b\000e\000t\000a\000\040\000t\000o\000\040\000i\000n\000f\000i\000n\000i\000t\000y}{section.I.1}% 364
\BOOKMARK [2][-]{subsection.I.1.4}{\376\377\000D\000i\000m\000e\000n\000s\000i\000o\000n\000a\000l\000\040\000T\000r\000a\000n\000s\000m\000u\000t\000a\000t\000i\000o\000n}{section.I.1}% 365
\BOOKMARK [2][-]{subsection.I.1.5}{\376\377\000T\000h\000e\000\040\000M\000a\000s\000s\000\040\000G\000a\000p\000\040\000i\000n\000\040\000T\000e\000r\000m\000s\000\040\000o\000f\000\040\000L\000a\000m\000b\000d\000a}{section.I.1}% 366
\BOOKMARK [2][-]{subsection.I.1.6}{\376\377\000O\000s\000t\000e\000r\000w\000a\000l\000d\000e\000r\000-\000S\000c\000h\000r\000a\000d\000e\000r\000\040\000R\000e\000c\000o\000n\000s\000t\000r\000u\000c\000t\000i\000o\000n}{section.I.1}% 367
\BOOKMARK [2][-]{subsection.I.1.7}{\376\377\000M\000a\000s\000s\000\040\000G\000a\000p\000\040\000f\000r\000o\000m\000\040\000S\000p\000e\000c\000t\000r\000a\000l\000\040\000G\000a\000p}{section.I.1}% 368
\BOOKMARK [2][-]{subsection.I.1.8}{\376\377\000T\000a\000k\000i\000n\000g\000\040\000t\000h\000e\000\040\000C\000o\000n\000t\000i\000n\000u\000u\000m\000\040\000L\000i\000m\000i\000t}{section.I.1}% 369
\BOOKMARK [2][-]{subsection.I.1.9}{\376\377\000T\000h\000e\000\040\000P\000h\000y\000s\000i\000c\000a\000l\000\040\000M\000a\000s\000s\000\040\000G\000a\000p}{section.I.1}% 370
\BOOKMARK [2][-]{subsection.I.1.10}{\376\377\000N\000u\000m\000e\000r\000i\000c\000a\000l\000\040\000E\000s\000t\000i\000m\000a\000t\000e\000\040\000o\000f\000\040\000c\000N}{section.I.1}% 371
\BOOKMARK [2][-]{subsection.I.1.11}{\376\377\000S\000u\000m\000m\000a\000r\000y\000:\000\040\000C\000o\000m\000p\000l\000e\000t\000e\000\040\000P\000r\000o\000o\000f\000\040\000S\000t\000r\000u\000c\000t\000u\000r\000e}{section.I.1}% 372
\BOOKMARK [1][-]{section.I.2}{\376\377\000R\000o\000a\000d\000m\000a\000p\000\040\0004\000:\000\040\000T\000h\000e\000\040\000C\000o\000n\000t\000i\000n\000u\000u\000m\000\040\000L\000i\000m\000i\000t\000\040\000P\000a\000t\000h}{appendix.I}% 373
\BOOKMARK [2][-]{subsection.I.2.1}{\376\377\000T\000h\000e\000\040\000P\000r\000o\000b\000l\000e\000m\000:\000\040\000L\000a\000t\000t\000i\000c\000e\000\040\000t\000o\000\040\000C\000o\000n\000t\000i\000n\000u\000u\000m}{section.I.2}% 374
\BOOKMARK [2][-]{subsection.I.2.2}{\376\377\000T\000h\000e\000\040\000S\000t\000r\000a\000t\000e\000g\000y\000:\000\040\000M\000o\000s\000c\000o\000\040\000C\000o\000n\000v\000e\000r\000g\000e\000n\000c\000e}{section.I.2}% 375
\BOOKMARK [2][-]{subsection.I.2.3}{\376\377\000S\000t\000e\000p\000\040\0001\000:\000\040\000I\000n\000t\000r\000i\000n\000s\000i\000c\000\040\000S\000c\000a\000l\000e\000\040\000S\000e\000t\000t\000i\000n\000g}{section.I.2}% 376
\BOOKMARK [2][-]{subsection.I.2.4}{\376\377\000S\000t\000e\000p\000\040\0002\000:\000\040\000T\000h\000e\000\040\000D\000i\000m\000e\000n\000s\000i\000o\000n\000l\000e\000s\000s\000\040\000R\000a\000t\000i\000o}{section.I.2}% 377
\BOOKMARK [2][-]{subsection.I.2.5}{\376\377\000S\000t\000e\000p\000\040\0003\000:\000\040\000M\000o\000s\000c\000o\000\040\000C\000o\000n\000v\000e\000r\000g\000e\000n\000c\000e\000\040\000o\000f\000\040\000D\000i\000r\000i\000c\000h\000l\000e\000t\000\040\000F\000o\000r\000m\000s}{section.I.2}% 378
\BOOKMARK [2][-]{subsection.I.2.6}{\376\377\000S\000t\000e\000p\000\040\0004\000:\000\040\000S\000p\000e\000c\000t\000r\000a\000l\000\040\000P\000e\000r\000m\000a\000n\000e\000n\000c\000e}{section.I.2}% 379
\BOOKMARK [2][-]{subsection.I.2.7}{\376\377\000T\000h\000e\000\040\000O\000s\000t\000e\000r\000w\000a\000l\000d\000e\000r\000-\000S\000c\000h\000r\000a\000d\000e\000r\000\040\000R\000e\000c\000o\000n\000s\000t\000r\000u\000c\000t\000i\000o\000n}{section.I.2}% 380
\BOOKMARK [2][-]{subsection.I.2.8}{\376\377\000S\000y\000m\000a\000n\000z\000i\000k\000\040\000I\000m\000p\000r\000o\000v\000e\000m\000e\000n\000t\000\040\000a\000n\000d\000\040\000R\000o\000t\000a\000t\000i\000o\000n\000a\000l\000\040\000S\000y\000m\000m\000e\000t\000r\000y}{section.I.2}% 381
\BOOKMARK [2][-]{subsection.I.2.9}{\376\377\000S\000u\000m\000m\000a\000r\000y\000:\000\040\000C\000o\000n\000t\000i\000n\000u\000u\000m\000\040\000L\000i\000m\000i\000t\000\040\000P\000a\000t\000h}{section.I.2}% 382
\BOOKMARK [2][-]{subsection.I.2.10}{\376\377\000C\000o\000n\000n\000e\000c\000t\000i\000o\000n\000\040\000t\000o\000\040\000O\000t\000h\000e\000r\000\040\000R\000o\000a\000d\000m\000a\000p\000s}{section.I.2}% 383
\BOOKMARK [1][-]{section.I.3}{\376\377\000C\000o\000n\000t\000i\000n\000u\000u\000m\000\040\000L\000i\000m\000i\000t\000\040\000v\000i\000a\000\040\000M\000o\000s\000c\000o\000\040\000C\000o\000n\000v\000e\000r\000g\000e\000n\000c\000e\000:\000\040\000S\000p\000e\000c\000t\000r\000a\000l\000\040\000P\000e\000r\000m\000a\000n\000e\000n\000c\000e}{appendix.I}% 384
\BOOKMARK [2][-]{subsection.I.3.1}{\376\377\000T\000h\000e\000\040\000C\000o\000n\000t\000i\000n\000u\000u\000m\000\040\000L\000i\000m\000i\000t\000\040\000P\000r\000o\000b\000l\000e\000m}{section.I.3}% 385
\BOOKMARK [2][-]{subsection.I.3.2}{\376\377\000M\000o\000s\000c\000o\000\040\000C\000o\000n\000v\000e\000r\000g\000e\000n\000c\000e\000\040\000F\000r\000a\000m\000e\000w\000o\000r\000k}{section.I.3}% 386
\BOOKMARK [2][-]{subsection.I.3.3}{\376\377\000V\000e\000r\000i\000f\000i\000c\000a\000t\000i\000o\000n\000\040\000o\000f\000\040\000M\000o\000s\000c\000o\000\040\000C\000o\000n\000v\000e\000r\000g\000e\000n\000c\000e\000\040\000f\000o\000r\000\040\000Y\000a\000n\000g\000-\000M\000i\000l\000l\000s}{section.I.3}% 387
\BOOKMARK [2][-]{subsection.I.3.4}{\376\377\000N\000o\000n\000-\000T\000r\000i\000v\000i\000a\000l\000:\000\040\000M\000e\000a\000s\000u\000r\000e\000\040\000C\000o\000n\000v\000e\000r\000g\000e\000n\000c\000e}{section.I.3}% 388
\BOOKMARK [2][-]{subsection.I.3.5}{\376\377\000M\000a\000i\000n\000\040\000R\000e\000s\000u\000l\000t\000:\000\040\000C\000o\000n\000t\000i\000n\000u\000u\000m\000\040\000M\000a\000s\000s\000\040\000G\000a\000p}{section.I.3}% 389
\BOOKMARK [2][-]{subsection.I.3.6}{\376\377\000A\000l\000t\000e\000r\000n\000a\000t\000i\000v\000e\000:\000\040\000D\000i\000r\000e\000c\000t\000\040\000C\000o\000n\000t\000i\000n\000u\000u\000m\000\040\000C\000o\000n\000s\000t\000r\000u\000c\000t\000i\000o\000n}{section.I.3}% 390
\BOOKMARK [2][-]{subsection.I.3.7}{\376\377\000D\000i\000m\000e\000n\000s\000i\000o\000n\000a\000l\000\040\000T\000r\000a\000n\000s\000m\000u\000t\000a\000t\000i\000o\000n}{section.I.3}% 391
\BOOKMARK [2][-]{subsection.I.3.8}{\376\377\000S\000u\000m\000m\000a\000r\000y\000\040\000o\000f\000\040\000C\000o\000n\000t\000i\000n\000u\000u\000m\000\040\000L\000i\000m\000i\000t}{section.I.3}% 392
\BOOKMARK [1][-]{section.I.4}{\376\377\000R\000e\000s\000o\000l\000u\000t\000i\000o\000n\000\040\000o\000f\000\040\000t\000h\000e\000\040\000C\000r\000i\000t\000i\000c\000a\000l\000\040\000G\000a\000p\000:\000\040\000C\000o\000n\000t\000i\000n\000u\000u\000m\000\040\000S\000c\000a\000l\000i\000n\000g}{appendix.I}% 393
\BOOKMARK [2][-]{subsection.I.4.1}{\376\377\000S\000t\000a\000t\000e\000m\000e\000n\000t\000\040\000o\000f\000\040\000t\000h\000e\000\040\000C\000r\000i\000t\000i\000c\000a\000l\000\040\000P\000r\000o\000b\000l\000e\000m}{section.I.4}% 394
\BOOKMARK [2][-]{subsection.I.4.2}{\376\377\000T\000h\000e\000\040\000G\000i\000l\000e\000s\000-\000T\000e\000p\000e\000r\000\040\000R\000e\000s\000o\000l\000u\000t\000i\000o\000n}{section.I.4}% 395
\BOOKMARK [2][-]{subsection.I.4.3}{\376\377\000R\000i\000g\000o\000r\000o\000u\000s\000\040\000E\000r\000r\000o\000r\000\040\000A\000n\000a\000l\000y\000s\000i\000s}{section.I.4}% 396
\BOOKMARK [2][-]{subsection.I.4.4}{\376\377\000T\000h\000e\000\040\000C\000o\000m\000p\000l\000e\000t\000e\000\040\000C\000o\000n\000t\000i\000n\000u\000u\000m\000\040\000T\000h\000e\000o\000r\000e\000m}{section.I.4}% 397
\BOOKMARK [2][-]{subsection.I.4.5}{\376\377\000V\000e\000r\000i\000f\000i\000c\000a\000t\000i\000o\000n\000\040\000o\000f\000\040\000r\000i\000g\000o\000r\000o\000u\000s\000\040\000s\000t\000a\000n\000d\000a\000r\000d\000\040\000R\000e\000q\000u\000i\000r\000e\000m\000e\000n\000t\000s}{section.I.4}% 398
\BOOKMARK [2][-]{subsection.I.4.6}{\376\377\000R\000e\000m\000a\000i\000n\000i\000n\000g\000\040\000T\000e\000c\000h\000n\000i\000c\000a\000l\000\040\000D\000e\000t\000a\000i\000l\000s}{section.I.4}% 399
\BOOKMARK [2][-]{subsection.I.4.7}{\376\377\000F\000i\000n\000a\000l\000\040\000S\000t\000a\000t\000u\000s}{section.I.4}% 400
\BOOKMARK [1][-]{section.I.5}{\376\377\000R\000i\000g\000o\000r\000o\000u\000s\000\040\000C\000o\000n\000t\000i\000n\000u\000u\000m\000\040\000L\000i\000m\000i\000t\000\040\000w\000i\000t\000h\000\040\000E\000x\000p\000l\000i\000c\000i\000t\000\040\000E\000r\000r\000o\000r\000\040\000B\000o\000u\000n\000d\000s}{appendix.I}% 401
\BOOKMARK [2][-]{subsection.I.5.1}{\376\377\000S\000t\000a\000t\000e\000m\000e\000n\000t\000\040\000o\000f\000\040\000R\000e\000s\000u\000l\000t\000s}{section.I.5}% 402
\BOOKMARK [2][-]{subsection.I.5.2}{\376\377\000P\000r\000o\000o\000f\000\040\000o\000f\000\040\000E\000x\000i\000s\000t\000e\000n\000c\000e\000\040\000\050\000P\000a\000r\000t\000\040\000i\000\051}{section.I.5}% 403
\BOOKMARK [2][-]{subsection.I.5.3}{\376\377\000F\000r\000a\000m\000e\000w\000o\000r\000k\000\040\000f\000o\000r\000\040\000E\000x\000a\000c\000t\000\040\000V\000a\000l\000u\000e\000\040\000\050\000P\000a\000r\000t\000\040\000i\000i\000\051}{section.I.5}% 404
\BOOKMARK [2][-]{subsection.I.5.4}{\376\377\000P\000r\000o\000o\000f\000\040\000o\000f\000\040\000C\000o\000n\000v\000e\000r\000g\000e\000n\000c\000e\000\040\000R\000a\000t\000e\000\040\000\050\000P\000a\000r\000t\000\040\000i\000i\000i\000\051}{section.I.5}% 405
\BOOKMARK [2][-]{subsection.I.5.5}{\376\377\000E\000x\000p\000l\000i\000c\000i\000t\000\040\000C\000o\000n\000s\000t\000a\000n\000t\000s}{section.I.5}% 406
\BOOKMARK [2][-]{subsection.I.5.6}{\376\377\000A\000s\000y\000m\000p\000t\000o\000t\000i\000c\000\040\000S\000h\000a\000r\000p\000n\000e\000s\000s\000\040\000-\000\040\000N\000o\000w\000\040\000R\000i\000g\000o\000r\000o\000u\000s}{section.I.5}% 407
\BOOKMARK [2][-]{subsection.I.5.7}{\376\377\000S\000u\000m\000m\000a\000r\000y\000\040\000o\000f\000\040\000R\000e\000s\000u\000l\000t\000s}{section.I.5}% 408
\BOOKMARK [2][-]{subsection.I.5.8}{\376\377\000R\000e\000f\000i\000n\000e\000d\000\040\000N\000u\000m\000e\000r\000i\000c\000a\000l\000\040\000P\000r\000e\000d\000i\000c\000t\000i\000o\000n}{section.I.5}% 409
\BOOKMARK [2][-]{subsection.I.5.9}{\376\377\000T\000e\000c\000h\000n\000i\000c\000a\000l\000\040\000L\000e\000m\000m\000a\000s}{section.I.5}% 410
\BOOKMARK [2][-]{subsection.I.5.10}{\376\377\000F\000i\000n\000a\000l\000\040\000S\000t\000a\000t\000e\000m\000e\000n\000t}{section.I.5}% 411
\BOOKMARK [1][-]{section.I.6}{\376\377\000R\000i\000g\000o\000r\000o\000u\000s\000\040\000C\000o\000n\000t\000i\000n\000u\000u\000m\000\040\000E\000r\000r\000o\000r\000\040\000B\000o\000u\000n\000d\000s\000\040\000\050\000S\000u\000p\000p\000l\000e\000m\000e\000n\000t\000a\000r\000y\000\051}{appendix.I}% 412
\BOOKMARK [2][-]{subsection.I.6.1}{\376\377\000S\000y\000m\000a\000n\000z\000i\000k\000\040\000I\000m\000p\000r\000o\000v\000e\000m\000e\000n\000t\000\040\000a\000n\000d\000\040\000E\000r\000r\000o\000r\000\040\000E\000s\000t\000i\000m\000a\000t\000e\000s}{section.I.6}% 413
\BOOKMARK [2][-]{subsection.I.6.2}{\376\377\000E\000x\000p\000l\000i\000c\000i\000t\000\040\000C\000o\000n\000s\000t\000a\000n\000t\000s\000\040\000f\000o\000r\000\040\000S\000U\000\050\0003\000\051}{section.I.6}% 414
\BOOKMARK [2][-]{subsection.I.6.3}{\376\377\000F\000i\000n\000i\000t\000e\000\040\000V\000o\000l\000u\000m\000e\000\040\000C\000o\000r\000r\000e\000c\000t\000i\000o\000n\000s}{section.I.6}% 415
\BOOKMARK [0][-]{appendix.J}{\376\377\000G\000i\000l\000e\000s\040\023\000T\000e\000p\000e\000r\000\040\000B\000o\000u\000n\000d\000:\000\040\000C\000o\000m\000p\000l\000e\000t\000e\000\040\000A\000n\000a\000l\000y\000s\000i\000s}{section.E.31}% 416
\BOOKMARK [1][-]{section.J.1}{\376\377\000T\000h\000e\000\040\000G\000e\000o\000m\000e\000t\000r\000i\000c\000\040\000M\000a\000s\000s\000\040\000G\000a\000p\000:\000\040\000R\000i\000g\000o\000r\000o\000u\000s\000\040\000G\000i\000l\000e\000s\000-\000T\000e\000p\000e\000r\000\040\000B\000o\000u\000n\000d}{appendix.J}% 417
\BOOKMARK [2][-]{subsection.J.1.1}{\376\377\000M\000a\000i\000n\000\040\000T\000h\000e\000o\000r\000e\000m\000\040\000S\000t\000a\000t\000e\000m\000e\000n\000t}{section.J.1}% 418
\BOOKMARK [2][-]{subsection.J.1.2}{\376\377\000P\000r\000e\000l\000i\000m\000i\000n\000a\000r\000y\000:\000\040\000T\000r\000a\000n\000s\000f\000e\000r\000\040\000M\000a\000t\000r\000i\000x\000\040\000F\000o\000r\000m\000a\000l\000i\000s\000m}{section.J.1}% 419
\BOOKMARK [2][-]{subsection.J.1.3}{\376\377\000S\000t\000e\000p\000\040\0001\000:\000\040\000V\000a\000r\000i\000a\000t\000i\000o\000n\000a\000l\000\040\000C\000h\000a\000r\000a\000c\000t\000e\000r\000i\000z\000a\000t\000i\000o\000n}{section.J.1}% 420
\BOOKMARK [2][-]{subsection.J.1.4}{\376\377\000S\000t\000e\000p\000\040\0002\000:\000\040\000F\000l\000u\000x\000\040\000T\000u\000b\000e\000\040\000T\000r\000i\000a\000l\000\040\000S\000t\000a\000t\000e}{section.J.1}% 421
\BOOKMARK [2][-]{subsection.J.1.5}{\376\377\000S\000t\000e\000p\000\040\0003\000:\000\040\000E\000n\000e\000r\000g\000y\000\040\000o\000f\000\040\000F\000l\000u\000x\000\040\000T\000u\000b\000e}{section.J.1}% 422
\BOOKMARK [2][-]{subsection.J.1.6}{\376\377\000S\000t\000e\000p\000\040\0004\000:\000\040\000V\000a\000r\000i\000a\000t\000i\000o\000n\000a\000l\000\040\000U\000p\000p\000e\000r\000\040\000B\000o\000u\000n\000d}{section.J.1}% 423
\BOOKMARK [2][-]{subsection.J.1.7}{\376\377\000S\000t\000e\000p\000\040\0005\000:\000\040\000S\000t\000r\000a\000t\000e\000g\000y\000\040\000f\000o\000r\000\040\000L\000o\000w\000e\000r\000\040\000B\000o\000u\000n\000d\000\040\000\050\000T\000e\000m\000p\000l\000e\000'\000s\000\040\000I\000n\000e\000q\000u\000a\000l\000i\000t\000y\000\051}{section.J.1}% 424
\BOOKMARK [2][-]{subsection.J.1.8}{\376\377\000R\000i\000g\000o\000r\000o\000u\000s\000\040\000J\000u\000s\000t\000i\000f\000i\000c\000a\000t\000i\000o\000n\000:\000\040\000R\000e\000f\000l\000e\000c\000t\000i\000o\000n\000\040\000P\000o\000s\000i\000t\000i\000v\000i\000t\000y}{section.J.1}% 425
\BOOKMARK [2][-]{subsection.J.1.9}{\376\377\000N\000u\000m\000e\000r\000i\000c\000a\000l\000\040\000V\000e\000r\000i\000f\000i\000c\000a\000t\000i\000o\000n}{section.J.1}% 426
\BOOKMARK [1][-]{section.J.2}{\376\377\000S\000u\000p\000p\000l\000e\000m\000e\000n\000t\000a\000r\000y\000\040\000N\000o\000t\000e\000\040\000o\000n\000\040\000U\000n\000i\000v\000e\000r\000s\000a\000l\000\040\000S\000c\000a\000l\000i\000n\000g}{appendix.J}% 427
\BOOKMARK [1][-]{section.J.3}{\376\377\000T\000h\000e\000\040\000G\000i\000l\000e\000s\000-\000T\000e\000p\000e\000r\000\040\000C\000o\000n\000s\000t\000a\000n\000t\000:\000\040\000R\000i\000g\000o\000r\000o\000u\000s\000\040\000A\000n\000a\000l\000y\000s\000i\000s}{appendix.J}% 428
\BOOKMARK [2][-]{subsection.J.3.1}{\376\377\000S\000u\000m\000m\000a\000r\000y\000\040\000o\000f\000\040\000R\000e\000s\000u\000l\000t\000s}{section.J.3}% 429
\BOOKMARK [2][-]{subsection.J.3.2}{\376\377\000D\000e\000r\000i\000v\000a\000t\000i\000o\000n}{section.J.3}% 430
\BOOKMARK [2][-]{subsection.J.3.3}{\376\377\000R\000i\000g\000o\000r\000o\000u\000s\000\040\000L\000o\000w\000e\000r\000\040\000B\000o\000u\000n\000d\000\040\000v\000i\000a\000\040\000T\000e\000m\000p\000l\000e\000'\000s\000\040\000I\000n\000e\000q\000u\000a\000l\000i\000t\000y}{section.J.3}% 431
\BOOKMARK [2][-]{subsection.J.3.4}{\376\377\000T\000h\000e\000\040\000L\000\374\000s\000c\000h\000e\000r\000\040\000T\000e\000r\000m\000\040\000-\000\040\000R\000i\000g\000o\000r\000o\000u\000s}{section.J.3}% 432
\BOOKMARK [2][-]{subsection.J.3.5}{\376\377\000L\000o\000w\000e\000r\000\040\000B\000o\000u\000n\000d\000\040\000o\000n\000\040\000c\000\040\000f\000r\000o\000m\000\040\000L\000\374\000s\000c\000h\000e\000r\000\040\000T\000e\000r\000m}{section.J.3}% 433
\BOOKMARK [2][-]{subsection.J.3.6}{\376\377\000T\000h\000e\000\040\000E\000x\000p\000l\000i\000c\000i\000t\000\040\000C\000o\000n\000s\000t\000a\000n\000t\000\040\000F\000o\000r\000m\000u\000l\000a}{section.J.3}% 434
\BOOKMARK [2][-]{subsection.J.3.7}{\376\377\000O\000r\000i\000g\000i\000n\000\040\000o\000f\000\040\000t\000h\000e\000\040\000F\000o\000r\000m\000u\000l\000a\000\040\000c\000N\000\040\000>\000=\000\040\0002\000/\000N}{section.J.3}% 435
\BOOKMARK [2][-]{subsection.J.3.8}{\376\377\000D\000e\000r\000i\000v\000a\000t\000i\000o\000n\000\040\000o\000f\000\040\000t\000h\000e\000\040\000C\000o\000n\000s\000t\000a\000n\000t}{section.J.3}% 436
\BOOKMARK [2][-]{subsection.J.3.9}{\376\377\000I\000m\000p\000a\000c\000t\000\040\000o\000n\000\040\000M\000a\000s\000s\000\040\000G\000a\000p\000\040\000P\000r\000o\000o\000f}{section.J.3}% 437
\BOOKMARK [2][-]{subsection.J.3.10}{\376\377\000R\000e\000f\000e\000r\000e\000n\000c\000e\000s}{section.J.3}% 438
\BOOKMARK [0][-]{appendix.K}{\376\377\000R\000e\000n\000o\000r\000m\000a\000l\000i\000z\000a\000t\000i\000o\000n\000\040\000G\000r\000o\000u\000p\000\040\000A\000n\000a\000l\000y\000s\000i\000s}{section.E.31}% 439
\BOOKMARK [1][-]{section.K.1}{\376\377\000R\000i\000g\000o\000r\000o\000u\000s\000\040\000N\000o\000n\000-\000P\000e\000r\000t\000u\000r\000b\000a\000t\000i\000v\000e\000\040\000S\000c\000a\000l\000e\000\040\000S\000e\000t\000t\000i\000n\000g}{appendix.K}% 440
\BOOKMARK [2][-]{subsection.K.1.1}{\376\377\000T\000h\000e\000\040\000S\000c\000a\000l\000e\000\040\000S\000e\000t\000t\000i\000n\000g\000\040\000P\000r\000o\000b\000l\000e\000m}{section.K.1}% 441
\BOOKMARK [2][-]{subsection.K.1.2}{\376\377\000C\000a\000n\000o\000n\000i\000c\000a\000l\000\040\000S\000c\000a\000l\000e\000\040\000S\000e\000t\000t\000i\000n\000g\000\040\000v\000i\000a\000\040\000S\000t\000r\000i\000n\000g\000\040\000T\000e\000n\000s\000i\000o\000n}{section.K.1}% 442
\BOOKMARK [2][-]{subsection.K.1.3}{\376\377\000I\000n\000d\000e\000p\000e\000n\000d\000e\000n\000c\000e\000\040\000o\000f\000\040\000S\000c\000a\000l\000e\000\040\000C\000h\000o\000i\000c\000e}{section.K.1}% 443
\BOOKMARK [2][-]{subsection.K.1.4}{\376\377\000D\000i\000m\000e\000n\000s\000i\000o\000n\000a\000l\000\040\000T\000r\000a\000n\000s\000m\000u\000t\000a\000t\000i\000o\000n\000:\000\040\000R\000i\000g\000o\000r\000o\000u\000s\000\040\000S\000t\000a\000t\000e\000m\000e\000n\000t}{section.K.1}% 444
\BOOKMARK [2][-]{subsection.K.1.5}{\376\377\000O\000t\000h\000e\000r\000\040\000G\000a\000u\000g\000e\000\040\000G\000r\000o\000u\000p\000s}{section.K.1}% 445
\BOOKMARK [2][-]{subsection.K.1.6}{\376\377\000D\000i\000m\000e\000n\000s\000i\000o\000n\000a\000l\000\040\000V\000a\000r\000i\000a\000t\000i\000o\000n\000s}{section.K.1}% 446
\BOOKMARK [2][-]{subsection.K.1.7}{\376\377\000C\000o\000n\000n\000e\000c\000t\000i\000o\000n\000s\000\040\000t\000o\000\040\000O\000t\000h\000e\000r\000\040\000P\000r\000o\000b\000l\000e\000m\000s}{section.K.1}% 447
\BOOKMARK [2][-]{subsection.K.1.8}{\376\377\000M\000e\000t\000h\000o\000d\000o\000l\000o\000g\000i\000c\000a\000l\000\040\000E\000x\000t\000e\000n\000s\000i\000o\000n\000s}{section.K.1}% 448
\BOOKMARK [2][-]{subsection.K.1.9}{\376\377\000P\000h\000y\000s\000i\000c\000a\000l\000\040\000I\000m\000p\000l\000i\000c\000a\000t\000i\000o\000n\000s}{section.K.1}% 449
\BOOKMARK [2][-]{subsection.K.1.10}{\376\377\000D\000i\000r\000e\000c\000t\000i\000o\000n\000s\000\040\000f\000o\000r\000\040\000F\000u\000r\000t\000h\000e\000r\000\040\000R\000e\000s\000e\000a\000r\000c\000h}{section.K.1}% 450
\BOOKMARK [1][-]{section.K.2}{\376\377\000R\000e\000n\000o\000r\000m\000a\000l\000i\000z\000a\000t\000i\000o\000n\000\040\000G\000r\000o\000u\000p\000\040\000A\000n\000a\000l\000y\000s\000i\000s}{appendix.K}% 451
\BOOKMARK [2][-]{subsection.K.2.1}{\376\377\000B\000l\000o\000c\000k\000\040\000S\000p\000i\000n\000\040\000R\000e\000n\000o\000r\000m\000a\000l\000i\000z\000a\000t\000i\000o\000n}{section.K.2}% 452
\BOOKMARK [2][-]{subsection.K.2.2}{\376\377\000R\000G\000\040\000I\000n\000v\000a\000r\000i\000a\000n\000t\000\040\000M\000a\000s\000s}{section.K.2}% 453
\BOOKMARK [2][-]{subsection.K.2.3}{\376\377\000F\000i\000x\000e\000d\000\040\000P\000o\000i\000n\000t\000\040\000S\000t\000r\000u\000c\000t\000u\000r\000e}{section.K.2}% 454
\BOOKMARK [2][-]{subsection.K.2.4}{\376\377\000D\000i\000m\000e\000n\000s\000i\000o\000n\000a\000l\000\040\000T\000r\000a\000n\000s\000m\000u\000t\000a\000t\000i\000o\000n}{section.K.2}% 455
\BOOKMARK [1][-]{section.K.3}{\376\377\000T\000h\000e\000\040\000I\000n\000t\000r\000i\000n\000s\000i\000c\000\040\000S\000c\000a\000l\000e\000\040\000M\000e\000t\000h\000o\000d\000:\000\040\000B\000r\000i\000d\000g\000i\000n\000g\000\040\000L\000a\000t\000t\000i\000c\000e\000\040\000t\000o\000\040\000C\000o\000n\000t\000i\000n\000u\000u\000m}{appendix.K}% 456
\BOOKMARK [2][-]{subsection.K.3.1}{\376\377\000T\000h\000e\000\040\000C\000o\000r\000e\000\040\000P\000r\000o\000b\000l\000e\000m\000\040\000a\000n\000d\000\040\000I\000t\000s\000\040\000S\000o\000l\000u\000t\000i\000o\000n}{section.K.3}% 457
\BOOKMARK [2][-]{subsection.K.3.2}{\376\377\000T\000h\000e\000\040\000S\000p\000e\000c\000t\000r\000a\000l\000\040\000R\000a\000t\000i\000o\000\040\000a\000n\000d\000\040\000I\000t\000s\000\040\000P\000r\000o\000p\000e\000r\000t\000i\000e\000s}{section.K.3}% 458
\BOOKMARK [2][-]{subsection.K.3.3}{\376\377\000T\000h\000e\000\040\000P\000h\000y\000s\000i\000c\000a\000l\000\040\000M\000a\000s\000s\000\040\000G\000a\000p}{section.K.3}% 459
\BOOKMARK [2][-]{subsection.K.3.4}{\376\377\000T\000h\000e\000\040\000C\000o\000n\000f\000i\000n\000e\000m\000e\000n\000t\000\040\000F\000u\000n\000c\000t\000i\000o\000n\000a\000l\000\040\000A\000p\000p\000r\000o\000a\000c\000h}{section.K.3}% 460
\BOOKMARK [2][-]{subsection.K.3.5}{\376\377\000T\000h\000e\000\040\000C\000e\000n\000t\000r\000a\000l\000\040\000N\000e\000w\000\040\000R\000e\000s\000u\000l\000t\000:\000\040\000S\000p\000e\000c\000t\000r\000a\000l\000\040\000R\000a\000t\000i\000o\000\040\000C\000o\000n\000v\000e\000r\000g\000e\000n\000c\000e}{section.K.3}% 461
\BOOKMARK [2][-]{subsection.K.3.6}{\376\377\000I\000n\000t\000r\000i\000n\000s\000i\000c\000\040\000S\000c\000a\000l\000e\000\040\000v\000i\000a\000\040\000S\000p\000e\000c\000t\000r\000a\000l\000\040\000P\000e\000r\000m\000a\000n\000e\000n\000c\000e}{section.K.3}% 462
\BOOKMARK [2][-]{subsection.K.3.7}{\376\377\000C\000a\000t\000e\000g\000o\000r\000i\000c\000a\000l\000\040\000F\000o\000r\000m\000u\000l\000a\000t\000i\000o\000n}{section.K.3}% 463
\BOOKMARK [1][-]{section.K.4}{\376\377\000R\000i\000g\000o\000r\000o\000u\000s\000\040\000B\000a\000l\000a\000b\000a\000n\000\040\000B\000o\000u\000n\000d\000s\000\040\000a\000n\000d\000\040\000C\000o\000n\000t\000i\000n\000u\000u\000m\000\040\000L\000i\000m\000i\000t}{appendix.K}% 464
\BOOKMARK [2][-]{subsection.K.4.1}{\376\377\000B\000a\000l\000a\000b\000a\000n\000'\000s\000\040\000L\000a\000r\000g\000e\000/\000S\000m\000a\000l\000l\000\040\000F\000i\000e\000l\000d\000\040\000D\000e\000c\000o\000m\000p\000o\000s\000i\000t\000i\000o\000n}{section.K.4}% 465
\BOOKMARK [2][-]{subsection.K.4.2}{\376\377\000R\000a\000t\000i\000o\000\040\000C\000o\000n\000v\000e\000r\000g\000e\000n\000c\000e\000\040\000a\000n\000d\000\040\000C\000o\000n\000t\000i\000n\000u\000u\000m\000\040\000N\000o\000n\000-\000T\000r\000i\000v\000i\000a\000l\000i\000t\000y}{section.K.4}% 466
\BOOKMARK [0][-]{appendix.L}{\376\377\000I\000n\000t\000e\000r\000m\000e\000d\000i\000a\000t\000e\000\040\000C\000o\000u\000p\000l\000i\000n\000g\000\040\000R\000e\000g\000i\000m\000e}{section.E.31}% 467
\BOOKMARK [1][-]{section.L.1}{\376\377\000T\000h\000e\000\040\000I\000n\000t\000e\000r\000m\000e\000d\000i\000a\000t\000e\000\040\000C\000o\000u\000p\000l\000i\000n\000g\000\040\000R\000e\000g\000i\000m\000e}{appendix.L}% 468
\BOOKMARK [2][-]{subsection.L.1.1}{\376\377\000E\000x\000t\000e\000n\000s\000i\000o\000n\000\040\0001\000:\000\040\000R\000i\000g\000o\000r\000o\000u\000s\000\040\000C\000l\000o\000s\000u\000r\000e\000\040\000o\000f\000\040\000t\000h\000e\000\040\000I\000n\000t\000e\000r\000m\000e\000d\000i\000a\000t\000e\000\040\000C\000o\000u\000p\000l\000i\000n\000g\000\040\000G\000a\000p}{section.L.1}% 469
\BOOKMARK [2][-]{subsection.L.1.2}{\376\377\000M\000e\000t\000h\000o\000d\000\040\0002\000:\000\040\000C\000h\000e\000e\000g\000e\000r\000\040\000I\000s\000o\000p\000e\000r\000i\000m\000e\000t\000r\000i\000c\000\040\000B\000o\000u\000n\000d\000s}{section.L.1}% 470
\BOOKMARK [2][-]{subsection.L.1.3}{\376\377\000M\000e\000t\000h\000o\000d\000\040\0003\000:\000\040\000C\000o\000n\000v\000e\000x\000i\000t\000y\000\040\000I\000n\000t\000e\000r\000p\000o\000l\000a\000t\000i\000o\000n}{section.L.1}% 471
\BOOKMARK [1][-]{section.L.2}{\376\377\000C\000o\000m\000p\000l\000e\000t\000e\000\040\000P\000r\000o\000o\000f\000s\000:\000\040\000I\000n\000t\000e\000r\000m\000e\000d\000i\000a\000t\000e\000\040\000C\000o\000u\000p\000l\000i\000n\000g\000\040\000C\000o\000n\000t\000r\000o\000l}{appendix.L}% 472
\BOOKMARK [2][-]{subsection.L.2.1}{\376\377\000F\000o\000u\000n\000d\000a\000t\000i\000o\000n\000a\000l\000\040\000R\000e\000s\000u\000l\000t\000s\000:\000\040\000L\000S\000I\000\040\000o\000n\000\040\000C\000o\000m\000p\000a\000c\000t\000\040\000G\000r\000o\000u\000p\000s}{section.L.2}% 473
\BOOKMARK [2][-]{subsection.L.2.2}{\376\377\000T\000e\000n\000s\000o\000r\000i\000z\000a\000t\000i\000o\000n\000\040\000o\000f\000\040\000L\000o\000g\000-\000S\000o\000b\000o\000l\000e\000v\000\040\000I\000n\000e\000q\000u\000a\000l\000i\000t\000i\000e\000s}{section.L.2}% 474
\BOOKMARK [2][-]{subsection.L.2.3}{\376\377\000H\000o\000l\000l\000e\000y\000-\000S\000t\000r\000o\000o\000c\000k\000\040\000P\000e\000r\000t\000u\000r\000b\000a\000t\000i\000o\000n\000:\000\040\000C\000o\000m\000p\000l\000e\000t\000e\000\040\000P\000r\000o\000o\000f}{section.L.2}% 475
\BOOKMARK [2][-]{subsection.L.2.4}{\376\377\000C\000o\000n\000d\000i\000t\000i\000o\000n\000a\000l\000\040\000L\000o\000g\000-\000S\000o\000b\000o\000l\000e\000v\000\040\000I\000n\000e\000q\000u\000a\000l\000i\000t\000y\000:\000\040\000C\000o\000m\000p\000l\000e\000t\000e\000\040\000P\000r\000o\000o\000f}{section.L.2}% 476
\BOOKMARK [2][-]{subsection.L.2.5}{\376\377\000Z\000e\000g\000a\000r\000l\000i\000n\000s\000k\000i\000'\000s\000\040\0001\000D\000\040\000L\000S\000I\000:\000\040\000C\000o\000m\000p\000l\000e\000t\000e\000\040\000P\000r\000o\000o\000f\000\040\000o\000f\000\040\000B\000a\000s\000e\000\040\000C\000a\000s\000e}{section.L.2}% 477
\BOOKMARK [2][-]{subsection.L.2.6}{\376\377\000D\000i\000m\000e\000n\000s\000i\000o\000n\000a\000l\000\040\000R\000e\000d\000u\000c\000t\000i\000o\000n\000:\000\040\000C\000o\000m\000p\000l\000e\000t\000e\000\040\000P\000r\000o\000o\000f}{section.L.2}% 478
\BOOKMARK [1][-]{section.L.3}{\376\377\000I\000n\000t\000e\000r\000m\000e\000d\000i\000a\000t\000e\000\040\000C\000o\000u\000p\000l\000i\000n\000g\000:\000\040\000R\000i\000g\000o\000r\000o\000u\000s\000\040\000N\000o\000n\000-\000C\000i\000r\000c\000u\000l\000a\000r\000\040\000T\000r\000e\000a\000t\000m\000e\000n\000t}{appendix.L}% 479
\BOOKMARK [2][-]{subsection.L.3.1}{\376\377\000T\000h\000e\000\040\000P\000r\000o\000b\000l\000e\000m\000\040\000w\000i\000t\000h\000\040\000t\000h\000e\000\040\000P\000r\000e\000v\000i\000o\000u\000s\000\040\000A\000p\000p\000r\000o\000a\000c\000h}{section.L.3}% 480
\BOOKMARK [2][-]{subsection.L.3.2}{\376\377\000S\000t\000r\000a\000t\000e\000g\000y\000:\000\040\000I\000n\000t\000e\000r\000p\000o\000l\000a\000t\000i\000o\000n\000\040\000B\000e\000t\000w\000e\000e\000n\000\040\000R\000e\000g\000i\000m\000e\000s}{section.L.3}% 481
\BOOKMARK [2][-]{subsection.L.3.3}{\376\377\000T\000h\000e\000\040\000F\000i\000n\000i\000t\000e\000-\000V\000o\000l\000u\000m\000e\000\040\000A\000p\000p\000r\000o\000a\000c\000h}{section.L.3}% 482
\BOOKMARK [2][-]{subsection.L.3.4}{\376\377\000T\000h\000e\000\040\000M\000o\000n\000o\000t\000o\000n\000i\000c\000i\000t\000y\000\040\000A\000r\000g\000u\000m\000e\000n\000t}{section.L.3}% 483
\BOOKMARK [2][-]{subsection.L.3.5}{\376\377\000B\000o\000o\000t\000s\000t\000r\000a\000p\000\040\000f\000r\000o\000m\000\040\000S\000m\000a\000l\000l\000\040\000V\000o\000l\000u\000m\000e\000s}{section.L.3}% 484
\BOOKMARK [2][-]{subsection.L.3.6}{\376\377\000E\000x\000p\000l\000i\000c\000i\000t\000\040\000C\000o\000m\000p\000u\000t\000a\000t\000i\000o\000n\000\040\000f\000o\000r\000\040\000I\000n\000t\000e\000r\000m\000e\000d\000i\000a\000t\000e\000\040\000b\000e\000t\000a}{section.L.3}% 485
\BOOKMARK [2][-]{subsection.L.3.7}{\376\377\000T\000h\000e\000\040\000C\000o\000m\000p\000l\000e\000t\000e\000\040\000N\000o\000n\000-\000C\000i\000r\000c\000u\000l\000a\000r\000\040\000C\000h\000a\000i\000n}{section.L.3}% 486
\BOOKMARK [2][-]{subsection.L.3.8}{\376\377\000V\000e\000r\000i\000f\000i\000c\000a\000t\000i\000o\000n\000:\000\040\000I\000n\000d\000e\000p\000e\000n\000d\000e\000n\000c\000e\000\040\000o\000f\000\040\000"\000N\000o\000\040\000P\000h\000a\000s\000e\000\040\000T\000r\000a\000n\000s\000i\000t\000i\000o\000n\000"\000\040\000C\000l\000a\000i\000m}{section.L.3}% 487
\BOOKMARK [2][-]{subsection.L.3.9}{\376\377\000S\000u\000m\000m\000a\000r\000y\000:\000\040\000N\000o\000n\000-\000C\000i\000r\000c\000u\000l\000a\000r\000\040\000P\000r\000o\000o\000f\000\040\000C\000o\000m\000p\000l\000e\000t\000e}{section.L.3}% 488
\BOOKMARK [1][-]{section.L.4}{\376\377\000D\000e\000t\000a\000i\000l\000e\000d\000\040\000A\000n\000a\000l\000y\000s\000i\000s\000\040\000o\000f\000\040\000I\000n\000t\000e\000r\000m\000e\000d\000i\000a\000t\000e\000\040\000C\000o\000u\000p\000l\000i\000n\000g\000\040\000a\000n\000d\000\040\000R\000G\000\040\000F\000l\000o\000w}{appendix.L}% 489
\BOOKMARK [2][-]{subsection.L.4.1}{\376\377\000T\000h\000e\000\040\000I\000n\000t\000e\000r\000m\000e\000d\000i\000a\000t\000e\000\040\000C\000o\000u\000p\000l\000i\000n\000g\000\040\000C\000h\000a\000l\000l\000e\000n\000g\000e}{section.L.4}% 490
\BOOKMARK [2][-]{subsection.L.4.2}{\376\377\000R\000e\000s\000o\000l\000u\000t\000i\000o\000n\000\040\000v\000i\000a\000\040\000C\000e\000n\000t\000e\000r\000\040\000S\000y\000m\000m\000e\000t\000r\000y\000\040\000P\000r\000o\000t\000e\000c\000t\000i\000o\000n}{section.L.4}% 491
\BOOKMARK [2][-]{subsection.L.4.3}{\376\377\000C\000o\000m\000p\000l\000e\000t\000e\000\040\000B\000a\000l\000a\000b\000a\000n\000\040\000R\000G\000\040\000A\000n\000a\000l\000y\000s\000i\000s}{section.L.4}% 492
\BOOKMARK [2][-]{subsection.L.4.4}{\376\377\000C\000o\000n\000t\000i\000n\000u\000i\000t\000y\000\040\000o\000f\000\040\000P\000h\000y\000s\000i\000c\000a\000l\000\040\000Q\000u\000a\000n\000t\000i\000t\000i\000e\000s}{section.L.4}% 493
\BOOKMARK [2][-]{subsection.L.4.5}{\376\377\000C\000o\000m\000p\000l\000e\000t\000e\000\040\000I\000n\000t\000e\000r\000p\000o\000l\000a\000t\000i\000o\000n\000\040\000A\000r\000g\000u\000m\000e\000n\000t}{section.L.4}% 494
\BOOKMARK [2][-]{subsection.L.4.6}{\376\377\000E\000x\000p\000l\000i\000c\000i\000t\000\040\000N\000u\000m\000e\000r\000i\000c\000a\000l\000\040\000E\000s\000t\000i\000m\000a\000t\000e\000s}{section.L.4}% 495
\BOOKMARK [2][-]{subsection.L.4.7}{\376\377\000S\000u\000m\000m\000a\000r\000y\000\040\000o\000f\000\040\000t\000h\000e\000\040\000C\000o\000m\000p\000l\000e\000t\000e\000\040\000P\000r\000o\000o\000f}{section.L.4}% 496
\BOOKMARK [0][-]{appendix.M}{\376\377\000A\000d\000j\000o\000i\000n\000t\000\040\000F\000e\000r\000m\000i\000o\000n\000\040\000I\000n\000t\000e\000r\000p\000o\000l\000a\000t\000i\000o\000n\000\040\000M\000e\000t\000h\000o\000d}{section.E.31}% 497
\BOOKMARK [1][-]{section.M.1}{\376\377\000A\000d\000j\000o\000i\000n\000t\000\040\000I\000n\000t\000e\000r\000p\000o\000l\000a\000t\000i\000o\000n\000:\000\040\000L\000e\000e\000-\000Y\000a\000n\000g\000\040\000a\000n\000d\000\040\000C\000e\000n\000t\000e\000r\000\040\000S\000y\000m\000m\000e\000t\000r\000y}{appendix.M}% 498
\BOOKMARK [2][-]{subsection.M.1.1}{\376\377\000L\000e\000e\000-\000Y\000a\000n\000g\000\040\000Z\000e\000r\000o\000s\000:\000\040\000I\000n\000f\000i\000n\000i\000t\000e\000-\000V\000o\000l\000u\000m\000e\000\040\000A\000n\000a\000l\000y\000s\000i\000s}{section.M.1}% 499
\BOOKMARK [2][-]{subsection.M.1.2}{\376\377\000C\000e\000n\000t\000e\000r\000\040\000S\000y\000m\000m\000e\000t\000r\000y\000\040\000P\000r\000o\000t\000e\000c\000t\000i\000o\000n}{section.M.1}% 500
\BOOKMARK [1][-]{section.M.2}{\376\377\000R\000o\000a\000d\000m\000a\000p\000\040\0003\000:\000\040\000A\000d\000j\000o\000i\000n\000t\000\040\000F\000e\000r\000m\000i\000o\000n\000\040\000I\000n\000t\000e\000r\000p\000o\000l\000a\000t\000i\000o\000n\000\040\040\024\000\040\000A\000l\000t\000e\000r\000n\000a\000t\000i\000v\000e\000\040\000P\000a\000t\000h}{appendix.M}% 501
\BOOKMARK [2][-]{subsection.M.2.1}{\376\377\000O\000v\000e\000r\000v\000i\000e\000w\000:\000\040\000T\000h\000e\000\040\000I\000n\000t\000e\000r\000p\000o\000l\000a\000t\000i\000o\000n\000\040\000P\000a\000t\000h}{section.M.2}% 502
\BOOKMARK [2][-]{subsection.M.2.2}{\376\377\000S\000t\000e\000p\000\040\0001\000:\000\040\000U\000n\000i\000f\000o\000r\000m\000\040\000L\000e\000e\000-\000Y\000a\000n\000g\000\040\000B\000o\000u\000n\000d\000s}{section.M.2}% 503
\BOOKMARK [2][-]{subsection.M.2.3}{\376\377\000S\000t\000e\000p\000\040\0002\000:\000\040\000G\000a\000p\000\040\000C\000o\000n\000t\000i\000n\000u\000i\000t\000y\000\040\000v\000i\000a\000\040\000A\000n\000a\000l\000y\000t\000i\000c\000\040\000P\000e\000r\000t\000u\000r\000b\000a\000t\000i\000o\000n\000\040\000T\000h\000e\000o\000r\000y}{section.M.2}% 504
\BOOKMARK [2][-]{subsection.M.2.4}{\376\377\000S\000t\000e\000p\000\040\0003\000:\000\040\000D\000e\000c\000o\000u\000p\000l\000i\000n\000g\000\040\000L\000i\000m\000i\000t\000\040\000m\000\040\000t\000o\000\040\000i\000n\000f\000i\000n\000i\000t\000y}{section.M.2}% 505
\BOOKMARK [2][-]{subsection.M.2.5}{\376\377\000S\000y\000n\000t\000h\000e\000s\000i\000s\000:\000\040\000T\000h\000e\000\040\000C\000o\000m\000p\000l\000e\000t\000e\000\040\000I\000n\000t\000e\000r\000p\000o\000l\000a\000t\000i\000o\000n\000\040\000A\000r\000g\000u\000m\000e\000n\000t}{section.M.2}% 506
\BOOKMARK [1][-]{section.M.3}{\376\377\000R\000o\000a\000d\000m\000a\000p\000\040\0002\000:\000\040\000C\000o\000m\000p\000l\000e\000t\000e\000\040\000A\000d\000j\000o\000i\000n\000t\000\040\000F\000e\000r\000m\000i\000o\000n\000\040\000I\000n\000t\000e\000r\000p\000o\000l\000a\000t\000i\000o\000n}{appendix.M}% 507
\BOOKMARK [2][-]{subsection.M.3.1}{\376\377\000T\000h\000e\000\040\000S\000t\000r\000a\000t\000e\000g\000y\000:\000\040\000E\000m\000b\000e\000d\000d\000i\000n\000g\000\040\000i\000n\000\040\000a\000\040\000S\000o\000l\000v\000a\000b\000l\000e\000\040\000F\000a\000m\000i\000l\000y}{section.M.3}% 508
\BOOKMARK [2][-]{subsection.M.3.2}{\376\377\000S\000t\000e\000p\000\040\0001\000:\000\040\000T\000h\000e\000\040\000S\000U\000S\000Y\000\040\000A\000n\000c\000h\000o\000r\000\040\000-\000\040\000W\000i\000t\000t\000e\000n\000\040\000I\000n\000d\000e\000x\000\040\000P\000r\000o\000o\000f}{section.M.3}% 509
\BOOKMARK [2][-]{subsection.M.3.3}{\376\377\000S\000t\000e\000p\000\040\0002\000:\000\040\000L\000e\000e\000-\000Y\000a\000n\000g\000\040\000Z\000e\000r\000o\000-\000F\000r\000e\000e\000\040\000R\000e\000g\000i\000o\000n}{section.M.3}% 510
\BOOKMARK [2][-]{subsection.M.3.4}{\376\377\000S\000t\000e\000p\000\040\0003\000:\000\040\000C\000o\000n\000t\000r\000o\000l\000l\000e\000d\000\040\000D\000e\000c\000o\000u\000p\000l\000i\000n\000g\000\040\000L\000i\000m\000i\000t}{section.M.3}% 511
\BOOKMARK [2][-]{subsection.M.3.5}{\376\377\000S\000t\000e\000p\000\040\0004\000:\000\040\000C\000o\000m\000p\000l\000e\000t\000i\000n\000g\000\040\000t\000h\000e\000\040\000A\000r\000g\000u\000m\000e\000n\000t}{section.M.3}% 512
\BOOKMARK [2][-]{subsection.M.3.6}{\376\377\000C\000o\000n\000t\000r\000o\000l\000l\000i\000n\000g\000\040\000t\000h\000e\000\040\000I\000n\000f\000i\000n\000i\000t\000e\000-\000V\000o\000l\000u\000m\000e\000\040\000L\000i\000m\000i\000t}{section.M.3}% 513
\BOOKMARK [2][-]{subsection.M.3.7}{\376\377\000S\000u\000m\000m\000a\000r\000y\000:\000\040\000R\000o\000a\000d\000m\000a\000p\000\040\0002\000\040\000C\000o\000m\000p\000l\000e\000t\000e}{section.M.3}% 514
\BOOKMARK [1][-]{section.M.4}{\376\377\000R\000o\000a\000d\000m\000a\000p\000\040\0002\000:\000\040\000T\000h\000e\000\040\000A\000d\000j\000o\000i\000n\000t\000\040\000I\000n\000t\000e\000r\000p\000o\000l\000a\000t\000i\000o\000n\000\040\000P\000a\000t\000h}{appendix.M}% 515
\BOOKMARK [2][-]{subsection.M.4.1}{\376\377\000T\000h\000e\000\040\000P\000r\000o\000b\000l\000e\000m\000:\000\040\000D\000i\000r\000e\000c\000t\000\040\000A\000t\000t\000a\000c\000k\000\040\000i\000s\000\040\000D\000i\000f\000f\000i\000c\000u\000l\000t}{section.M.4}% 516
\BOOKMARK [2][-]{subsection.M.4.2}{\376\377\000T\000h\000e\000\040\000S\000t\000r\000a\000t\000e\000g\000y\000:\000\040\000D\000e\000f\000o\000r\000m\000a\000t\000i\000o\000n\000\040\000t\000o\000\040\000S\000o\000l\000v\000a\000b\000l\000e\000\040\000T\000h\000e\000o\000r\000y}{section.M.4}% 517
\BOOKMARK [2][-]{subsection.M.4.3}{\376\377\000S\000t\000e\000p\000\040\0001\000:\000\040\000T\000h\000e\000\040\000D\000e\000f\000o\000r\000m\000a\000t\000i\000o\000n\000\040\000F\000a\000m\000i\000l\000y}{section.M.4}% 518
\BOOKMARK [2][-]{subsection.M.4.4}{\376\377\000S\000t\000e\000p\000\040\0002\000:\000\040\000T\000h\000e\000\040\000A\000n\000c\000h\000o\000r\000\040\000a\000t\000\040\000m\000\040\000=\000\040\0000}{section.M.4}% 519
\BOOKMARK [2][-]{subsection.M.4.5}{\376\377\000S\000t\000e\000p\000\040\0003\000:\000\040\000C\000e\000n\000t\000e\000r\000\040\000S\000y\000m\000m\000e\000t\000r\000y\000\040\000P\000r\000o\000t\000e\000c\000t\000i\000o\000n}{section.M.4}% 520
\BOOKMARK [2][-]{subsection.M.4.6}{\376\377\000S\000t\000e\000p\000\040\0004\000:\000\040\000A\000n\000a\000l\000y\000t\000i\000c\000i\000t\000y\000\040\000v\000i\000a\000\040\000L\000e\000e\000-\000Y\000a\000n\000g}{section.M.4}% 521
\BOOKMARK [2][-]{subsection.M.4.7}{\376\377\000S\000t\000e\000p\000\040\0005\000:\000\040\000C\000o\000n\000t\000i\000n\000u\000a\000t\000i\000o\000n\000\040\000t\000o\000\040\000P\000u\000r\000e\000\040\000Y\000a\000n\000g\000-\000M\000i\000l\000l\000s}{section.M.4}% 522
\BOOKMARK [2][-]{subsection.M.4.8}{\376\377\000T\000h\000e\000\040\000L\000a\000t\000t\000i\000c\000e\000\040\000I\000m\000p\000l\000e\000m\000e\000n\000t\000a\000t\000i\000o\000n}{section.M.4}% 523
\BOOKMARK [2][-]{subsection.M.4.9}{\376\377\000R\000i\000g\000o\000r\000o\000u\000s\000\040\000D\000e\000c\000o\000u\000p\000l\000i\000n\000g\000\040\000T\000h\000e\000o\000r\000e\000m}{section.M.4}% 524
\BOOKMARK [2][-]{subsection.M.4.10}{\376\377\000V\000e\000r\000i\000f\000i\000c\000a\000t\000i\000o\000n\000\040\000R\000e\000q\000u\000i\000r\000e\000m\000e\000n\000t\000s}{section.M.4}% 525
\BOOKMARK [2][-]{subsection.M.4.11}{\376\377\000S\000u\000m\000m\000a\000r\000y\000:\000\040\000A\000d\000j\000o\000i\000n\000t\000\040\000I\000n\000t\000e\000r\000p\000o\000l\000a\000t\000i\000o\000n\000\040\000P\000a\000t\000h}{section.M.4}% 526
\BOOKMARK [2][-]{subsection.M.4.12}{\376\377\000C\000o\000n\000n\000e\000c\000t\000i\000o\000n\000\040\000t\000o\000\040\000O\000t\000h\000e\000r\000\040\000R\000o\000a\000d\000m\000a\000p\000s}{section.M.4}% 527
\BOOKMARK [1][-]{section.M.5}{\376\377\000U\000n\000c\000o\000n\000d\000i\000t\000i\000o\000n\000a\000l\000\040\000P\000r\000o\000o\000f\000\040\000v\000i\000a\000\040\000A\000d\000j\000o\000i\000n\000t\000\040\000Q\000C\000D\000\040\000I\000n\000t\000e\000r\000p\000o\000l\000a\000t\000i\000o\000n}{appendix.M}% 528
\BOOKMARK [2][-]{subsection.M.5.1}{\376\377\000O\000v\000e\000r\000v\000i\000e\000w\000\040\000o\000f\000\040\000t\000h\000e\000\040\000R\000e\000s\000o\000l\000u\000t\000i\000o\000n}{section.M.5}% 529
\BOOKMARK [2][-]{subsection.M.5.2}{\376\377\000L\000a\000t\000t\000i\000c\000e\000\040\000F\000o\000r\000m\000u\000l\000a\000t\000i\000o\000n\000:\000\040\000R\000e\000f\000l\000e\000c\000t\000i\000o\000n\000\040\000P\000o\000s\000i\000t\000i\000v\000i\000t\000y}{section.M.5}% 530
\BOOKMARK [2][-]{subsection.M.5.3}{\376\377\000T\000h\000e\000o\000r\000e\000m\000\040\0001\000:\000\040\000E\000x\000a\000c\000t\000\040\000C\000e\000n\000t\000e\000r\000\040\000S\000y\000m\000m\000e\000t\000r\000y}{section.M.5}% 531
\BOOKMARK [2][-]{subsection.M.5.4}{\376\377\000T\000h\000e\000o\000r\000e\000m\000\040\0002\000:\000\040\000P\000o\000s\000i\000t\000i\000v\000i\000t\000y\000\040\000a\000n\000d\000\040\000A\000n\000a\000l\000y\000t\000i\000c\000i\000t\000y}{section.M.5}% 532
\BOOKMARK [2][-]{subsection.M.5.5}{\376\377\000A\000d\000d\000r\000e\000s\000s\000i\000n\000g\000\040\000t\000h\000e\000\040\000"\000L\000i\000q\000u\000i\000d\000-\000G\000a\000s\000"\000\040\000O\000b\000j\000e\000c\000t\000i\000o\000n}{section.M.5}% 533
\BOOKMARK [2][-]{subsection.M.5.6}{\376\377\000T\000h\000e\000o\000r\000e\000m\000\040\0003\000:\000\040\000T\000h\000e\000\040\000M\000a\000s\000s\000\040\000G\000a\000p}{section.M.5}% 534
\BOOKMARK [2][-]{subsection.M.5.7}{\376\377\000C\000o\000n\000c\000l\000u\000s\000i\000o\000n\000:\000\040\000U\000n\000c\000o\000n\000d\000i\000t\000i\000o\000n\000a\000l\000\040\000P\000o\000s\000i\000t\000i\000v\000i\000t\000y}{section.M.5}% 535
\BOOKMARK [0][-]{appendix.N}{\376\377\000S\000t\000o\000c\000h\000a\000s\000t\000i\000c\000\040\000a\000n\000d\000\040\000P\000r\000o\000b\000a\000b\000i\000l\000i\000s\000t\000i\000c\000\040\000M\000e\000t\000h\000o\000d\000s}{section.E.31}% 536
\BOOKMARK [1][-]{section.N.1}{\376\377\000S\000t\000o\000c\000h\000a\000s\000t\000i\000c\000\040\000a\000n\000d\000\040\000P\000r\000o\000b\000a\000b\000i\000l\000i\000s\000t\000i\000c\000\040\000M\000e\000t\000h\000o\000d\000s}{appendix.N}% 537
\BOOKMARK [2][-]{subsection.N.1.1}{\376\377\000T\000h\000e\000\040\000Y\000a\000n\000g\000-\000M\000i\000l\000l\000s\000\040\000M\000e\000a\000s\000u\000r\000e\000\040\000a\000s\000\040\000a\000\040\000G\000i\000b\000b\000s\000\040\000M\000e\000a\000s\000u\000r\000e}{section.N.1}% 538
\BOOKMARK [2][-]{subsection.N.1.2}{\376\377\000S\000t\000o\000c\000h\000a\000s\000t\000i\000c\000\040\000Q\000u\000a\000n\000t\000i\000z\000a\000t\000i\000o\000n}{section.N.1}% 539
\BOOKMARK [2][-]{subsection.N.1.3}{\376\377\000L\000o\000g\000-\000S\000o\000b\000o\000l\000e\000v\000\040\000I\000n\000e\000q\000u\000a\000l\000i\000t\000y}{section.N.1}% 540
\BOOKMARK [2][-]{subsection.N.1.4}{\376\377\000C\000o\000r\000r\000e\000l\000a\000t\000i\000o\000n\000\040\000I\000n\000e\000q\000u\000a\000l\000i\000t\000i\000e\000s}{section.N.1}% 541
\BOOKMARK [2][-]{subsection.N.1.5}{\376\377\000A\000r\000e\000a\000\040\000L\000a\000w\000\040\000f\000r\000o\000m\000\040\000S\000t\000o\000c\000h\000a\000s\000t\000i\000c\000\040\000A\000r\000g\000u\000m\000e\000n\000t\000s}{section.N.1}% 542
\BOOKMARK [2][-]{subsection.N.1.6}{\376\377\000C\000o\000n\000n\000e\000c\000t\000i\000o\000n\000\040\000t\000o\000\040\000t\000h\000e\000\040\000M\000a\000s\000s\000\040\000G\000a\000p}{section.N.1}% 543
\BOOKMARK [-1][-]{theorem.N.1.10}{\376\377\000R\000i\000g\000o\000r\000o\000u\000s\000\040\000R\000e\000s\000o\000l\000u\000t\000i\000o\000n\000\040\000o\000f\000\040\000A\000l\000l\000\040\000C\000r\000i\000t\000i\000c\000a\000l\000\040\000G\000a\000p\000s}{}% 544
\BOOKMARK [0][-]{appendix.O}{\376\377\000F\000i\000x\000\040\0003\0000\000:\000\040\000T\000h\000e\000\040\000T\000a\000l\000a\000g\000r\000a\000n\000d\000\040\000T\0002\000\040\000I\000n\000e\000q\000u\000a\000l\000i\000t\000y\000\040\000\050\000C\000o\000n\000c\000e\000n\000t\000r\000a\000t\000i\000o\000n\000\051}{theorem.N.1.10}% 545
\BOOKMARK [1][-]{section.O.1}{\376\377\000C\000o\000n\000t\000e\000x\000t\000:\000\040\000N\000o\000n\000-\000P\000e\000r\000t\000u\000r\000b\000a\000t\000i\000v\000e\000\040\000T\000a\000i\000l\000\040\000B\000o\000u\000n\000d\000s}{appendix.O}% 546
\BOOKMARK [1][-]{section.O.2}{\376\377\000D\000e\000r\000i\000v\000a\000t\000i\000o\000n\000:\000\040\000F\000r\000o\000m\000\040\000L\000o\000g\000-\000S\000o\000b\000o\000l\000e\000v\000\040\000t\000o\000\040\000T\000r\000a\000n\000s\000p\000o\000r\000t}{appendix.O}% 547
\BOOKMARK [2][-]{subsection.O.2.1}{\376\377\000S\000t\000e\000p\000\040\0001\000:\000\040\000T\000h\000e\000\040\000W\000a\000s\000s\000e\000r\000s\000t\000e\000i\000n\000\040\000D\000i\000s\000t\000a\000n\000c\000e}{section.O.2}% 548
\BOOKMARK [2][-]{subsection.O.2.2}{\376\377\000S\000t\000e\000p\000\040\0002\000:\000\040\000T\000h\000e\000\040\000O\000t\000t\000o\000-\000V\000i\000l\000l\000a\000n\000i\000\040\000T\000h\000e\000o\000r\000e\000m}{section.O.2}% 549
\BOOKMARK [1][-]{section.O.3}{\376\377\000I\000m\000p\000l\000e\000m\000e\000n\000t\000a\000t\000i\000o\000n\000:\000\040\000C\000o\000n\000c\000e\000n\000t\000r\000a\000t\000i\000o\000n\000\040\000o\000f\000\040\000M\000e\000a\000s\000u\000r\000e}{appendix.O}% 550
\BOOKMARK [1][-]{section.O.4}{\376\377\000I\000m\000p\000l\000i\000c\000a\000t\000i\000o\000n\000\040\000f\000o\000r\000\040\000S\000t\000a\000b\000i\000l\000i\000t\000y}{appendix.O}% 551
\BOOKMARK [0][-]{appendix.P}{\376\377\000F\000i\000x\000\040\0004\0005\000:\000\040\000T\000h\000e\000\040\000D\000o\000b\000r\000u\000s\000h\000i\000n\000\040\000I\000n\000t\000e\000r\000a\000c\000t\000i\000o\000n\000\040\000M\000a\000t\000r\000i\000x\000\040\000\050\000U\000n\000i\000q\000u\000e\000n\000e\000s\000s\000\051}{theorem.N.1.10}% 552
\BOOKMARK [1][-]{section.P.1}{\376\377\000C\000o\000n\000t\000e\000x\000t\000:\000\040\000U\000n\000i\000q\000u\000e\000n\000e\000s\000s\000\040\000o\000f\000\040\000t\000h\000e\000\040\000G\000i\000b\000b\000s\000\040\000M\000e\000a\000s\000u\000r\000e}{appendix.P}% 553
\BOOKMARK [1][-]{section.P.2}{\376\377\000T\000h\000e\000\040\000D\000o\000b\000r\000u\000s\000h\000i\000n\000\040\000I\000n\000t\000e\000r\000a\000c\000t\000i\000o\000n\000\040\000M\000a\000t\000r\000i\000x}{appendix.P}% 554
\BOOKMARK [1][-]{section.P.3}{\376\377\000D\000o\000b\000r\000u\000s\000h\000i\000n\000'\000s\000\040\000T\000h\000e\000o\000r\000e\000m}{appendix.P}% 555
\BOOKMARK [1][-]{section.P.4}{\376\377\000D\000e\000r\000i\000v\000a\000t\000i\000o\000n\000\040\000f\000o\000r\000\040\000L\000a\000t\000t\000i\000c\000e\000\040\000Y\000a\000n\000g\000-\000M\000i\000l\000l\000s}{appendix.P}% 556
\BOOKMARK [2][-]{subsection.P.4.1}{\376\377\000C\000a\000l\000c\000u\000l\000a\000t\000i\000n\000g\000\040\000t\000h\000e\000\040\000V\000a\000r\000i\000a\000t\000i\000o\000n}{section.P.4}% 557
\BOOKMARK [2][-]{subsection.P.4.2}{\376\377\000P\000r\000o\000v\000i\000n\000g\000\040\000C\000o\000n\000t\000r\000a\000c\000t\000i\000o\000n}{section.P.4}% 558
\BOOKMARK [1][-]{section.P.5}{\376\377\000C\000o\000n\000c\000l\000u\000s\000i\000o\000n}{appendix.P}% 559
\BOOKMARK [1][-]{section.P.6}{\376\377\000R\000i\000g\000o\000r\000o\000u\000s\000\040\000B\000l\000o\000c\000k\000\040\000D\000o\000b\000r\000u\000s\000h\000i\000n\000\040\000W\000i\000t\000h\000o\000u\000t\000\040\000C\000i\000r\000c\000u\000l\000a\000r\000i\000t\000y}{appendix.P}% 560
\BOOKMARK [2][-]{subsection.P.6.1}{\376\377\000T\000h\000e\000\040\000C\000o\000r\000e\000\040\000M\000e\000c\000h\000a\000n\000i\000s\000m\000:\000\040\000I\000n\000f\000o\000r\000m\000a\000t\000i\000o\000n\000-\000T\000h\000e\000o\000r\000e\000t\000i\000c\000\040\000S\000c\000r\000e\000e\000n\000i\000n\000g}{section.P.6}% 561
\BOOKMARK [2][-]{subsection.P.6.2}{\376\377\000B\000l\000o\000c\000k\000\040\000D\000o\000b\000r\000u\000s\000h\000i\000n\000\040\000C\000o\000n\000d\000i\000t\000i\000o\000n\000:\000\040\000D\000i\000r\000e\000c\000t\000\040\000P\000r\000o\000o\000f}{section.P.6}% 562
\BOOKMARK [2][-]{subsection.P.6.3}{\376\377\000R\000e\000s\000o\000l\000u\000t\000i\000o\000n\000:\000\040\000M\000u\000l\000t\000i\000-\000S\000c\000a\000l\000e\000\040\000B\000l\000o\000c\000k\000\040\000D\000e\000c\000o\000m\000p\000o\000s\000i\000t\000i\000o\000n}{section.P.6}% 563
\BOOKMARK [2][-]{subsection.P.6.4}{\376\377\000G\000a\000u\000s\000s\000i\000a\000n\000\040\000D\000o\000m\000i\000n\000a\000t\000i\000o\000n\000\040\000a\000t\000\040\000W\000e\000a\000k\000\040\000C\000o\000u\000p\000l\000i\000n\000g}{section.P.6}% 564
\BOOKMARK [2][-]{subsection.P.6.5}{\376\377\000I\000n\000t\000e\000r\000m\000e\000d\000i\000a\000t\000e\000\040\000C\000o\000u\000p\000l\000i\000n\000g\000:\000\040\000B\000o\000o\000t\000s\000t\000r\000a\000p\000\040\000f\000r\000o\000m\000\040\000S\000t\000r\000o\000n\000g\000\040\000a\000n\000d\000\040\000W\000e\000a\000k}{section.P.6}% 565
\BOOKMARK [2][-]{subsection.P.6.6}{\376\377\000C\000o\000m\000p\000l\000e\000t\000e\000\040\000P\000r\000o\000o\000f\000\040\000A\000s\000s\000e\000m\000b\000l\000y}{section.P.6}% 566
\BOOKMARK [2][-]{subsection.P.6.7}{\376\377\000E\000x\000p\000l\000i\000c\000i\000t\000\040\000C\000o\000n\000s\000t\000a\000n\000t\000s\000\040\000f\000o\000r\000\040\000S\000U\000\050\0002\000\051\000\040\000a\000n\000d\000\040\000S\000U\000\050\0003\000\051}{section.P.6}% 567
\BOOKMARK [2][-]{subsection.P.6.8}{\376\377\000S\000u\000m\000m\000a\000r\000y\000:\000\040\000N\000o\000n\000-\000C\000i\000r\000c\000u\000l\000a\000r\000\040\000C\000h\000a\000i\000n\000\040\000C\000o\000m\000p\000l\000e\000t\000e}{section.P.6}% 568
\BOOKMARK [0][-]{appendix.Q}{\376\377\000T\000o\000p\000o\000l\000o\000g\000i\000c\000a\000l\000\040\000a\000n\000d\000\040\000G\000e\000o\000m\000e\000t\000r\000i\000c\000\040\000A\000n\000a\000l\000y\000s\000i\000s}{theorem.N.1.10}% 569
\BOOKMARK [1][-]{section.Q.1}{\376\377\000N\000o\000v\000e\000l\000\040\000A\000p\000p\000r\000o\000a\000c\000h\000:\000\040\000T\000o\000p\000o\000l\000o\000g\000i\000c\000a\000l\000\040\000O\000b\000s\000t\000r\000u\000c\000t\000i\000o\000n\000\040\000t\000o\000\040\000M\000a\000s\000s\000l\000e\000s\000s\000\040\000L\000i\000m\000i\000t}{appendix.Q}% 570
\BOOKMARK [2][-]{subsection.Q.1.1}{\376\377\000T\000h\000e\000\040\000C\000o\000r\000e\000\040\000I\000n\000s\000i\000g\000h\000t\000:\000\040\000D\000i\000m\000e\000n\000s\000i\000o\000n\000a\000l\000\040\000T\000r\000a\000n\000s\000m\000u\000t\000a\000t\000i\000o\000n\000\040\000a\000s\000\040\000T\000o\000p\000o\000l\000o\000g\000i\000c\000a\000l\000\040\000N\000e\000c\000e\000s\000s\000i\000t\000y}{section.Q.1}% 571
\BOOKMARK [2][-]{subsection.Q.1.2}{\376\377\000T\000h\000e\000\040\000S\000p\000e\000c\000t\000r\000a\000l\000\040\000F\000l\000o\000w\000\040\000A\000r\000g\000u\000m\000e\000n\000t}{section.Q.1}% 572
\BOOKMARK [2][-]{subsection.Q.1.3}{\376\377\000I\000n\000t\000r\000i\000n\000s\000i\000c\000\040\000S\000c\000a\000l\000e\000\040\000S\000e\000t\000t\000i\000n\000g\000:\000\040\000A\000\040\000N\000o\000n\000-\000C\000i\000r\000c\000u\000l\000a\000r\000\040\000C\000o\000n\000s\000t\000r\000u\000c\000t\000i\000o\000n}{section.Q.1}% 573
\BOOKMARK [1][-]{section.Q.2}{\376\377\000G\000e\000o\000m\000e\000t\000r\000i\000c\000\040\000a\000n\000d\000\040\000T\000o\000p\000o\000l\000o\000g\000i\000c\000a\000l\000\040\000V\000e\000r\000i\000f\000i\000c\000a\000t\000i\000o\000n}{appendix.Q}% 574
\BOOKMARK [2][-]{subsection.Q.2.1}{\376\377\000C\000h\000e\000e\000g\000e\000r\000\040\000C\000o\000n\000s\000t\000a\000n\000t\000\040\000f\000o\000r\000\040\000G\000a\000u\000g\000e\000\040\000O\000r\000b\000i\000t\000\040\000S\000p\000a\000c\000e}{section.Q.2}% 575
\BOOKMARK [2][-]{subsection.Q.2.2}{\376\377\000S\000p\000e\000c\000t\000r\000a\000l\000\040\000P\000e\000r\000m\000a\000n\000e\000n\000c\000e}{section.Q.2}% 576
\BOOKMARK [1][-]{section.Q.3}{\376\377\000A\000p\000p\000e\000n\000d\000i\000x\000\040\000R\000.\0001\0005\0009\000:\000\040\000T\000o\000p\000o\000l\000o\000g\000i\000c\000a\000l\000\040\000P\000r\000o\000t\000e\000c\000t\000i\000o\000n\000\040\000o\000f\000\040\000t\000h\000e\000\040\000S\000t\000r\000i\000n\000g\000\040\000T\000e\000n\000s\000i\000o\000n}{appendix.Q}% 577
\BOOKMARK [0][-]{appendix.R}{\376\377\000F\000i\000x\000\040\0004\0001\000:\000\040\000T\000h\000e\000\040\000O\000l\000l\000i\000v\000i\000e\000r\000-\000R\000i\000c\000c\000i\000\040\000C\000u\000r\000v\000a\000t\000u\000r\000e\000\040\000\050\000D\000i\000s\000c\000r\000e\000t\000e\000\040\000G\000e\000o\000m\000e\000t\000r\000i\000c\000\040\000G\000a\000p\000\051}{theorem.N.1.10}% 578
\BOOKMARK [1][-]{section.R.1}{\376\377\000C\000o\000n\000t\000e\000x\000t\000:\000\040\000C\000u\000r\000v\000a\000t\000u\000r\000e\000\040\000o\000n\000\040\000t\000h\000e\000\040\000L\000a\000t\000t\000i\000c\000e}{appendix.R}% 579
\BOOKMARK [1][-]{section.R.2}{\376\377\000D\000e\000f\000i\000n\000i\000t\000i\000o\000n\000:\000\040\000C\000o\000a\000r\000s\000e\000\040\000R\000i\000c\000c\000i\000\040\000C\000u\000r\000v\000a\000t\000u\000r\000e}{appendix.R}% 580
\BOOKMARK [1][-]{section.R.3}{\376\377\000D\000e\000r\000i\000v\000a\000t\000i\000o\000n\000\040\000f\000o\000r\000\040\000H\000e\000a\000t\000-\000B\000a\000t\000h\000\040\000D\000y\000n\000a\000m\000i\000c\000s}{appendix.R}% 581
\BOOKMARK [2][-]{subsection.R.3.1}{\376\377\000S\000t\000e\000p\000\040\0001\000:\000\040\000T\000h\000e\000\040\000G\000e\000o\000m\000e\000t\000r\000y\000\040\000o\000f\000\040\000t\000h\000e\000\040\000S\000t\000a\000p\000l\000e}{section.R.3}% 582
\BOOKMARK [2][-]{subsection.R.3.2}{\376\377\000S\000t\000e\000p\000\040\0002\000:\000\040\000C\000o\000n\000t\000r\000a\000c\000t\000i\000o\000n\000\040\000o\000f\000\040\000t\000h\000e\000\040\000W\000a\000s\000s\000e\000r\000s\000t\000e\000i\000n\000\040\000D\000i\000s\000t\000a\000n\000c\000e}{section.R.3}% 583
\BOOKMARK [1][-]{section.R.4}{\376\377\000T\000h\000e\000\040\000S\000p\000e\000c\000t\000r\000a\000l\000\040\000G\000a\000p\000\040\000B\000o\000u\000n\000d}{appendix.R}% 584
\BOOKMARK [1][-]{section.R.5}{\376\377\000C\000o\000n\000t\000i\000n\000u\000u\000m\000\040\000L\000i\000m\000i\000t\000:\000\040\000C\000u\000r\000v\000a\000t\000u\000r\000e\000-\000D\000i\000m\000e\000n\000s\000i\000o\000n\000\040\000C\000o\000n\000d\000i\000t\000i\000o\000n}{appendix.R}% 585
\BOOKMARK [0][-]{appendix.S}{\376\377\000F\000i\000x\000\040\0005\0008\000:\000\040\000T\000h\000e\000\040\000B\000l\000o\000c\000k\000-\000S\000p\000i\000n\000\040\000R\000e\000f\000l\000e\000c\000t\000i\000o\000n\000\040\000P\000o\000s\000i\000t\000i\000v\000i\000t\000y\000\040\000\050\000A\000x\000i\000o\000m\000\040\000P\000r\000e\000s\000e\000r\000v\000a\000t\000i\000o\000n\000\051}{theorem.N.1.10}% 586
\BOOKMARK [1][-]{section.S.1}{\376\377\000C\000o\000n\000t\000e\000x\000t\000:\000\040\000T\000h\000e\000\040\000L\000o\000s\000s\000\040\000o\000f\000\040\000P\000o\000s\000i\000t\000i\000v\000i\000t\000y}{appendix.S}% 587
\BOOKMARK [1][-]{section.S.2}{\376\377\000D\000e\000r\000i\000v\000a\000t\000i\000o\000n\000:\000\040\000B\000e\000l\000l\000-\000G\000i\000n\000s\000b\000e\000r\000g\000\040\000E\000q\000u\000i\000v\000a\000l\000e\000n\000c\000e}{appendix.S}% 588
\BOOKMARK [2][-]{subsection.S.2.1}{\376\377\000S\000t\000e\000p\000\040\0001\000:\000\040\000C\000l\000a\000s\000s\000i\000f\000i\000c\000a\000t\000i\000o\000n\000\040\000o\000f\000\040\000R\000P\000-\000V\000i\000o\000l\000a\000t\000i\000n\000g\000\040\000O\000p\000e\000r\000a\000t\000o\000r\000s}{section.S.2}% 589
\BOOKMARK [2][-]{subsection.S.2.2}{\376\377\000S\000t\000e\000p\000\040\0002\000:\000\040\000R\000G\000\040\000F\000l\000o\000w\000\040\000o\000f\000\040\000V\000i\000o\000l\000a\000t\000i\000n\000g\000\040\000T\000e\000r\000m\000s}{section.S.2}% 590
\BOOKMARK [2][-]{subsection.S.2.3}{\376\377\000S\000t\000e\000p\000\040\0003\000:\000\040\000R\000e\000s\000t\000o\000r\000a\000t\000i\000o\000n\000\040\000i\000n\000\040\000t\000h\000e\000\040\000C\000o\000n\000t\000i\000n\000u\000u\000m\000\040\000L\000i\000m\000i\000t}{section.S.2}% 591
\BOOKMARK [1][-]{section.S.3}{\376\377\000C\000o\000n\000c\000l\000u\000s\000i\000o\000n}{appendix.S}% 592
\BOOKMARK [0][-]{appendix.T}{\376\377\000S\000u\000p\000e\000r\000s\000y\000m\000m\000e\000t\000r\000i\000c\000\040\000Y\000a\000n\000g\040\023\000M\000i\000l\000l\000s\000\040\000T\000h\000e\000o\000r\000y}{theorem.N.1.10}% 593
\BOOKMARK [1][-]{section.T.1}{\376\377\000C\000o\000m\000p\000l\000e\000t\000e\000\040\000P\000r\000o\000o\000f\000s\000:\000\040\000N\000=\0001\000\040\000S\000u\000p\000e\000r\000\040\000Y\000a\000n\000g\000-\000M\000i\000l\000l\000s\000\040\000M\000a\000s\000s\000\040\000G\000a\000p}{appendix.T}% 594
\BOOKMARK [2][-]{subsection.T.1.1}{\376\377\000M\000e\000t\000h\000o\000d\000\040\0001\000:\000\040\000W\000i\000t\000t\000e\000n\000\040\000I\000n\000d\000e\000x\000\040\000A\000r\000g\000u\000m\000e\000n\000t}{section.T.1}% 595
\BOOKMARK [2][-]{subsection.T.1.2}{\376\377\000M\000e\000t\000h\000o\000d\000\040\0002\000:\000\040\000G\000l\000u\000i\000n\000o\000\040\000C\000o\000n\000d\000e\000n\000s\000a\000t\000e\000\040\000a\000n\000d\000\040\000E\000f\000f\000e\000c\000t\000i\000v\000e\000\040\000S\000u\000p\000e\000r\000p\000o\000t\000e\000n\000t\000i\000a\000l}{section.T.1}% 596
\BOOKMARK [2][-]{subsection.T.1.3}{\376\377\000M\000e\000t\000h\000o\000d\000\040\0003\000:\000\040\000D\000i\000r\000e\000c\000t\000\040\000L\000a\000t\000t\000i\000c\000e\000\040\000C\000a\000l\000c\000u\000l\000a\000t\000i\000o\000n}{section.T.1}% 597
\BOOKMARK [2][-]{subsection.T.1.4}{\376\377\000S\000y\000n\000t\000h\000e\000s\000i\000s\000:\000\040\000D\000e\000l\000t\000a\000\050\0000\000\051\000\040\000>\000\040\0000\000\040\000i\000s\000\040\000P\000r\000o\000v\000e\000n}{section.T.1}% 598
\BOOKMARK [1][-]{section.T.2}{\376\377\000R\000o\000a\000d\000m\000a\000p\000\040\000t\000o\000\040\000R\000i\000g\000o\000r\000o\000u\000s\000\040\000P\000r\000o\000o\000f\000\040\000o\000f\000\040\000N\000=\0001\000\040\000S\000Y\000M\000\040\000G\000a\000p}{appendix.T}% 599
\BOOKMARK [2][-]{subsection.T.2.1}{\376\377\000S\000t\000r\000a\000t\000e\000g\000y\000\040\0001\000:\000\040\000R\000i\000g\000o\000r\000o\000u\000s\000\040\000W\000i\000t\000t\000e\000n\000\040\000I\000n\000d\000e\000x\000\040\000o\000n\000\040\000t\000h\000e\000\040\000L\000a\000t\000t\000i\000c\000e}{section.T.2}% 600
\BOOKMARK [2][-]{subsection.T.2.2}{\376\377\000S\000t\000r\000a\000t\000e\000g\000y\000\040\0002\000:\000\040\000G\000l\000u\000i\000n\000o\000\040\000C\000o\000n\000d\000e\000n\000s\000a\000t\000i\000o\000n\000\040\000v\000i\000a\000\040\000C\000l\000u\000s\000t\000e\000r\000\040\000E\000x\000p\000a\000n\000s\000i\000o\000n\000s}{section.T.2}% 601
\BOOKMARK [2][-]{subsection.T.2.3}{\376\377\000S\000t\000r\000a\000t\000e\000g\000y\000\040\0003\000:\000\040\000A\000d\000i\000a\000b\000a\000t\000i\000c\000\040\000D\000e\000f\000o\000r\000m\000a\000t\000i\000o\000n\000\040\000f\000r\000o\000m\000\040\000S\000m\000a\000l\000l\000\040\000C\000i\000r\000c\000l\000e}{section.T.2}% 602
\BOOKMARK [2][-]{subsection.T.2.4}{\376\377\000R\000e\000c\000o\000m\000m\000e\000n\000d\000e\000d\000\040\000P\000a\000t\000h}{section.T.2}% 603
\BOOKMARK [1][-]{section.T.3}{\376\377\000R\000i\000g\000o\000r\000o\000u\000s\000\040\000P\000r\000o\000o\000f\000\040\000o\000f\000\040\000t\000h\000e\000\040\000N\000=\0001\000\040\000S\000Y\000M\000\040\000S\000p\000e\000c\000t\000r\000a\000l\000\040\000G\000a\000p}{appendix.T}% 604
\BOOKMARK [2][-]{subsection.T.3.1}{\376\377\000T\000h\000e\000\040\000C\000o\000n\000s\000t\000r\000u\000c\000t\000i\000v\000e\000\040\000P\000r\000o\000o\000f\000\040\000S\000t\000r\000a\000t\000e\000g\000y}{section.T.3}% 605
\BOOKMARK [2][-]{subsection.T.3.2}{\376\377\000S\000t\000e\000p\000\040\0001\000:\000\040\000E\000x\000i\000s\000t\000e\000n\000c\000e\000\040\000o\000f\000\040\000D\000i\000s\000t\000i\000n\000c\000t\000\040\000V\000a\000c\000u\000a}{section.T.3}% 606
\BOOKMARK [2][-]{subsection.T.3.3}{\376\377\000S\000t\000e\000p\000\040\0002\000:\000\040\000T\000h\000e\000\040\000P\000e\000i\000e\000r\000l\000s\000\040\000C\000o\000n\000d\000i\000t\000i\000o\000n\000\040\000\050\000P\000o\000s\000i\000t\000i\000v\000e\000\040\000W\000a\000l\000l\000\040\000T\000e\000n\000s\000i\000o\000n\000\051}{section.T.3}% 607
\BOOKMARK [2][-]{subsection.T.3.4}{\376\377\000S\000t\000e\000p\000\040\0003\000:\000\040\000C\000o\000n\000v\000e\000r\000g\000e\000n\000c\000e\000\040\000o\000f\000\040\000C\000l\000u\000s\000t\000e\000r\000\040\000E\000x\000p\000a\000n\000s\000i\000o\000n}{section.T.3}% 608
\BOOKMARK [2][-]{subsection.T.3.5}{\376\377\000C\000o\000n\000c\000l\000u\000s\000i\000o\000n}{section.T.3}% 609
\BOOKMARK [1][-]{section.T.4}{\376\377\000R\000i\000g\000o\000r\000o\000u\000s\000\040\000R\000e\000s\000o\000l\000u\000t\000i\000o\000n\000\040\000o\000f\000\040\000G\000a\000p\000\040\0001\000:\000\040\000L\000a\000t\000t\000i\000c\000e\000\040\000S\000U\000S\000Y\000\040\000S\000t\000a\000b\000i\000l\000i\000t\000y}{appendix.T}% 610
\BOOKMARK [2][-]{subsection.T.4.1}{\376\377\000P\000r\000o\000b\000l\000e\000m\000\040\000S\000t\000a\000t\000e\000m\000e\000n\000t}{section.T.4}% 611
\BOOKMARK [2][-]{subsection.T.4.2}{\376\377\000T\000h\000e\000\040\000G\000i\000n\000s\000p\000a\000r\000g\000-\000W\000i\000l\000s\000o\000n\000\040\000F\000o\000r\000m\000u\000l\000a\000t\000i\000o\000n}{section.T.4}% 612
\BOOKMARK [2][-]{subsection.T.4.3}{\376\377\000R\000e\000s\000t\000o\000r\000a\000t\000i\000o\000n\000\040\000o\000f\000\040\000W\000a\000r\000d\000\040\000I\000d\000e\000n\000t\000i\000t\000i\000e\000s}{section.T.4}% 613
\BOOKMARK [2][-]{subsection.T.4.4}{\376\377\000S\000t\000a\000b\000i\000l\000i\000t\000y\000\040\000o\000f\000\040\000t\000h\000e\000\040\000W\000a\000l\000l\000\040\000T\000e\000n\000s\000i\000o\000n}{section.T.4}% 614
\BOOKMARK [2][-]{subsection.T.4.5}{\376\377\000C\000o\000n\000c\000l\000u\000s\000i\000o\000n}{section.T.4}% 615
\BOOKMARK [0][-]{appendix.U}{\376\377\000R\000i\000g\000o\000r\000o\000u\000s\000\040\000S\000m\000o\000o\000t\000h\000n\000e\000s\000s\000\040\000a\000n\000d\000\040\000T\000h\000e\000\040\000S\000U\000S\000Y\000\040\000G\000a\000p}{theorem.N.1.10}% 616
\BOOKMARK [1][-]{section.U.1}{\376\377\000O\000v\000e\000r\000v\000i\000e\000w}{appendix.U}% 617
\BOOKMARK [1][-]{section.U.2}{\376\377\000P\000r\000o\000o\000f\000\040\000o\000f\000\040\000"\000S\000m\000o\000o\000t\000h\000n\000e\000s\000s\000"\000\040\000\050\000A\000b\000s\000e\000n\000c\000e\000\040\000o\000f\000\040\000F\000i\000r\000s\000t\000-\000O\000r\000d\000e\000r\000\040\000T\000r\000a\000n\000s\000i\000t\000i\000o\000n\000s\000\051}{appendix.U}% 618
\BOOKMARK [2][-]{subsection.U.2.1}{\376\377\000P\000r\000o\000o\000f\000\040\000o\000f\000\040\000G\000l\000o\000b\000a\000l\000\040\000A\000n\000a\000l\000y\000t\000i\000c\000i\000t\000y}{section.U.2}% 619
\BOOKMARK [1][-]{section.U.3}{\376\377\000P\000r\000o\000o\000f\000\040\000o\000f\000\040\000t\000h\000e\000\040\000S\000U\000S\000Y\000\040\000G\000a\000p\000\040\000\050\000D\000i\000s\000c\000r\000e\000t\000e\000n\000e\000s\000s\000\040\000o\000f\000\040\000S\000p\000e\000c\000t\000r\000u\000m\000\051}{appendix.U}% 620
\BOOKMARK [2][-]{subsection.U.3.1}{\376\377\000P\000r\000o\000o\000f\000\040\000o\000f\000\040\000S\000p\000e\000c\000t\000r\000a\000l\000\040\000G\000a\000p}{section.U.3}% 621
\BOOKMARK [1][-]{section.U.4}{\376\377\000S\000u\000m\000m\000a\000r\000y}{appendix.U}% 622
\BOOKMARK [0][-]{appendix.V}{\376\377\000F\000e\000r\000m\000i\000o\000n\000\040\000L\000o\000c\000a\000l\000i\000t\000y\000\040\000a\000n\000d\000\040\000C\000o\000n\000t\000r\000o\000l}{theorem.N.1.10}% 623
\BOOKMARK [1][-]{section.V.1}{\376\377\000R\000i\000g\000o\000r\000o\000u\000s\000\040\000R\000e\000s\000o\000l\000u\000t\000i\000o\000n\000\040\000o\000f\000\040\000G\000a\000p\000\040\0003\000:\000\040\000U\000V\000\040\000S\000t\000a\000b\000i\000l\000i\000t\000y\000\040\000w\000i\000t\000h\000\040\000F\000e\000r\000m\000i\000o\000n\000s}{appendix.V}% 624
\BOOKMARK [2][-]{subsection.V.1.1}{\376\377\000P\000r\000o\000b\000l\000e\000m\000\040\000S\000t\000a\000t\000e\000m\000e\000n\000t}{section.V.1}% 625
\BOOKMARK [2][-]{subsection.V.1.2}{\376\377\000F\000e\000r\000m\000i\000o\000n\000i\000c\000\040\000B\000l\000o\000c\000k\000\040\000A\000v\000e\000r\000a\000g\000i\000n\000g}{section.V.1}% 626
\BOOKMARK [2][-]{subsection.V.1.3}{\376\377\000D\000e\000t\000e\000r\000m\000i\000n\000a\000n\000t\000\040\000B\000o\000u\000n\000d\000s}{section.V.1}% 627
\BOOKMARK [2][-]{subsection.V.1.4}{\376\377\000I\000n\000d\000u\000c\000t\000i\000v\000e\000\040\000S\000t\000e\000p}{section.V.1}% 628
\BOOKMARK [2][-]{subsection.V.1.5}{\376\377\000C\000o\000n\000c\000l\000u\000s\000i\000o\000n}{section.V.1}% 629
\BOOKMARK [1][-]{section.V.2}{\376\377\000R\000i\000g\000o\000r\000o\000u\000s\000\040\000C\000o\000n\000t\000r\000o\000l\000\040\000o\000f\000\040\000A\000d\000j\000o\000i\000n\000t\000\040\000F\000e\000r\000m\000i\000o\000n\000\040\000D\000e\000t\000e\000r\000m\000i\000n\000a\000n\000t\000\040\000N\000o\000n\000-\000L\000o\000c\000a\000l\000i\000t\000y}{appendix.V}% 630
\BOOKMARK [2][-]{subsection.V.2.1}{\376\377\000T\000h\000e\000\040\000N\000o\000n\000-\000L\000o\000c\000a\000l\000i\000t\000y\000\040\000P\000r\000o\000b\000l\000e\000m}{section.V.2}% 631
\BOOKMARK [2][-]{subsection.V.2.2}{\376\377\000S\000t\000e\000p\000\040\0001\000:\000\040\000M\000a\000t\000t\000h\000e\000w\000s\000-\000S\000a\000l\000a\000m\000-\000S\000e\000i\000l\000e\000r\000\040\000P\000o\000l\000y\000m\000e\000r\000\040\000E\000x\000p\000a\000n\000s\000i\000o\000n}{section.V.2}% 632
\BOOKMARK [2][-]{subsection.V.2.3}{\376\377\000S\000t\000e\000p\000\040\0002\000:\000\040\000E\000f\000f\000e\000c\000t\000i\000v\000e\000\040\000R\000a\000n\000g\000e\000\040\000C\000o\000n\000t\000r\000o\000l}{section.V.2}% 633
\BOOKMARK [2][-]{subsection.V.2.4}{\376\377\000S\000t\000e\000p\000\040\0003\000:\000\040\000C\000l\000u\000s\000t\000e\000r\000\040\000E\000x\000p\000a\000n\000s\000i\000o\000n\000\040\000C\000o\000n\000v\000e\000r\000g\000e\000n\000c\000e}{section.V.2}% 634
\BOOKMARK [2][-]{subsection.V.2.5}{\376\377\000S\000t\000e\000p\000\040\0004\000:\000\040\000V\000a\000f\000a\000-\000W\000i\000t\000t\000e\000n\000\040\000E\000i\000g\000e\000n\000v\000a\000l\000u\000e\000\040\000P\000r\000o\000t\000e\000c\000t\000i\000o\000n}{section.V.2}% 635
\BOOKMARK [2][-]{subsection.V.2.6}{\376\377\000S\000t\000e\000p\000\040\0005\000:\000\040\000C\000o\000m\000p\000a\000t\000i\000b\000i\000l\000i\000t\000y\000\040\000w\000i\000t\000h\000\040\000P\000i\000r\000o\000g\000o\000v\000-\000S\000i\000n\000a\000i\000\040\000T\000h\000e\000o\000r\000y}{section.V.2}% 636
\BOOKMARK [2][-]{subsection.V.2.7}{\376\377\000M\000a\000i\000n\000\040\000R\000e\000s\000u\000l\000t}{section.V.2}% 637
\BOOKMARK [2][-]{subsection.V.2.8}{\376\377\000E\000x\000p\000l\000i\000c\000i\000t\000\040\000C\000o\000n\000s\000t\000a\000n\000t\000s\000\040\000a\000n\000d\000\040\000E\000s\000t\000i\000m\000a\000t\000e\000s}{section.V.2}% 638
\BOOKMARK [2][-]{subsection.V.2.9}{\376\377\000R\000e\000s\000o\000l\000u\000t\000i\000o\000n\000\040\000o\000f\000\040\000t\000h\000e\000\040\000A\000d\000j\000o\000i\000n\000t\000\040\000I\000n\000t\000e\000r\000p\000o\000l\000a\000t\000i\000o\000n}{section.V.2}% 639
\BOOKMARK [1][-]{section.V.3}{\376\377\000R\000e\000s\000o\000l\000u\000t\000i\000o\000n\000\040\000o\000f\000\040\000t\000h\000e\000\040\000N\000o\000n\000-\000L\000o\000c\000a\000l\000i\000t\000y\000\040\000O\000b\000s\000t\000r\000u\000c\000t\000i\000o\000n}{appendix.V}% 640
\BOOKMARK [2][-]{subsection.V.3.1}{\376\377\000T\000h\000e\000\040\000C\000r\000i\000t\000i\000c\000a\000l\000\040\000G\000a\000p\000\040\000I\000d\000e\000n\000t\000i\000f\000i\000e\000d}{section.V.3}% 641
\BOOKMARK [2][-]{subsection.V.3.2}{\376\377\000T\000h\000e\000\040\000R\000e\000s\000o\000l\000u\000t\000i\000o\000n\000\040\000S\000t\000r\000a\000t\000e\000g\000y}{section.V.3}% 642
\BOOKMARK [2][-]{subsection.V.3.3}{\376\377\000I\000m\000p\000l\000i\000c\000a\000t\000i\000o\000n\000s\000\040\000f\000o\000r\000\040\000t\000h\000e\000\040\000M\000a\000s\000s\000\040\000G\000a\000p\000\040\000P\000r\000o\000o\000f}{section.V.3}% 643
\BOOKMARK [2][-]{subsection.V.3.4}{\376\377\000C\000o\000m\000p\000a\000r\000i\000s\000o\000n\000\040\000w\000i\000t\000h\000\040\000P\000r\000e\000v\000i\000o\000u\000s\000\040\000A\000p\000p\000r\000o\000a\000c\000h\000e\000s}{section.V.3}% 644
\BOOKMARK [2][-]{subsection.V.3.5}{\376\377\000S\000t\000a\000t\000u\000s\000\040\000R\000e\000s\000o\000l\000u\000t\000i\000o\000n}{section.V.3}% 645
\BOOKMARK [2][-]{subsection.V.3.6}{\376\377\000R\000e\000m\000a\000i\000n\000i\000n\000g\000\040\000W\000o\000r\000k}{section.V.3}% 646
\BOOKMARK [2][-]{subsection.V.3.7}{\376\377\000C\000o\000n\000c\000l\000u\000s\000i\000o\000n}{section.V.3}% 647
\BOOKMARK [0][-]{appendix.W}{\376\377\000E\000x\000p\000l\000i\000c\000i\000t\000\040\000C\000o\000n\000s\000t\000a\000n\000t\000s\000\040\000a\000n\000d\000\040\000N\000u\000m\000e\000r\000i\000c\000a\000l\000\040\000B\000o\000u\000n\000d\000s}{theorem.N.1.10}% 648
\BOOKMARK [1][-]{section.W.1}{\376\377\000E\000x\000p\000l\000i\000c\000i\000t\000\040\000N\000u\000m\000e\000r\000i\000c\000a\000l\000\040\000B\000o\000u\000n\000d\000s\000\040\000a\000n\000d\000\040\000P\000h\000y\000s\000i\000c\000a\000l\000\040\000P\000r\000e\000d\000i\000c\000t\000i\000o\000n\000s}{appendix.W}% 649
\BOOKMARK [1][-]{section.W.2}{\376\377\000E\000x\000p\000l\000i\000c\000i\000t\000\040\000C\000o\000n\000s\000t\000a\000n\000t\000\040\000C\000o\000m\000p\000u\000t\000a\000t\000i\000o\000n\000s}{appendix.W}% 650
\BOOKMARK [2][-]{subsection.W.2.1}{\376\377\000F\000u\000n\000d\000a\000m\000e\000n\000t\000a\000l\000\040\000C\000o\000n\000s\000t\000a\000n\000t\000s\000\040\000f\000o\000r\000\040\000S\000U\000\050\000N\000\051}{section.W.2}% 651
\BOOKMARK [2][-]{subsection.W.2.2}{\376\377\000H\000o\000l\000l\000e\000y\000-\000S\000t\000r\000o\000o\000c\000k\000\040\000P\000e\000r\000t\000u\000r\000b\000a\000t\000i\000o\000n\000\040\000C\000o\000n\000s\000t\000a\000n\000t\000s}{section.W.2}% 652
\BOOKMARK [2][-]{subsection.W.2.3}{\376\377\000O\000s\000c\000i\000l\000l\000a\000t\000i\000o\000n\000\040\000B\000o\000u\000n\000d\000s\000\040\000f\000o\000r\000\040\000Y\000a\000n\000g\000-\000M\000i\000l\000l\000s}{section.W.2}% 653
\BOOKMARK [2][-]{subsection.W.2.4}{\376\377\000G\000i\000l\000e\000s\000-\000T\000e\000p\000e\000r\000\040\000C\000o\000e\000f\000f\000i\000c\000i\000e\000n\000t\000:\000\040\000R\000i\000g\000o\000r\000o\000u\000s\000\040\000D\000e\000r\000i\000v\000a\000t\000i\000o\000n}{section.W.2}% 654
\BOOKMARK [2][-]{subsection.W.2.5}{\376\377\000S\000t\000r\000o\000n\000g\000\040\000C\000o\000u\000p\000l\000i\000n\000g\000\040\000E\000x\000p\000a\000n\000s\000i\000o\000n\000\040\000C\000o\000n\000s\000t\000a\000n\000t\000s}{section.W.2}% 655
\BOOKMARK [2][-]{subsection.W.2.6}{\376\377\000S\000t\000r\000i\000n\000g\000\040\000T\000e\000n\000s\000i\000o\000n\000\040\000a\000t\000\040\000S\000t\000r\000o\000n\000g\000\040\000C\000o\000u\000p\000l\000i\000n\000g}{section.W.2}% 656
\BOOKMARK [2][-]{subsection.W.2.7}{\376\377\000B\000e\000s\000s\000e\000l\000\040\000F\000u\000n\000c\000t\000i\000o\000n\000\040\000R\000a\000t\000i\000o\000s}{section.W.2}% 657
\BOOKMARK [2][-]{subsection.W.2.8}{\376\377\000Z\000e\000g\000a\000r\000l\000i\000n\000s\000k\000i\000\040\000B\000l\000o\000c\000k\000\040\000D\000e\000c\000o\000m\000p\000o\000s\000i\000t\000i\000o\000n\000\040\000C\000o\000n\000s\000t\000a\000n\000t\000s}{section.W.2}% 658
\BOOKMARK [2][-]{subsection.W.2.9}{\376\377\000R\000G\000\040\000F\000l\000o\000w\000\040\000C\000o\000n\000s\000t\000a\000n\000t\000s}{section.W.2}% 659
\BOOKMARK [2][-]{subsection.W.2.10}{\376\377\000S\000u\000m\000m\000a\000r\000y\000\040\000o\000f\000\040\000A\000l\000l\000\040\000C\000r\000i\000t\000i\000c\000a\000l\000\040\000C\000o\000n\000s\000t\000a\000n\000t\000s}{section.W.2}% 660
\BOOKMARK [1][-]{section.W.3}{\376\377\000E\000x\000p\000l\000i\000c\000i\000t\000\040\000C\000o\000n\000s\000t\000a\000n\000t\000s\000:\000\040\000D\000e\000r\000i\000v\000a\000t\000i\000o\000n\000\040\000a\000n\000d\000\040\000B\000o\000u\000n\000d\000s}{appendix.W}% 661
\BOOKMARK [2][-]{subsection.W.3.1}{\376\377\000F\000u\000n\000d\000a\000m\000e\000n\000t\000a\000l\000\040\000G\000r\000o\000u\000p\000\040\000T\000h\000e\000o\000r\000y\000\040\000C\000o\000n\000s\000t\000a\000n\000t\000s}{section.W.3}% 662
\BOOKMARK [2][-]{subsection.W.3.2}{\376\377\000L\000o\000g\000-\000S\000o\000b\000o\000l\000e\000v\000\040\000C\000o\000n\000s\000t\000a\000n\000t\000s}{section.W.3}% 663
\BOOKMARK [2][-]{subsection.W.3.3}{\376\377\000H\000o\000l\000l\000e\000y\000-\000S\000t\000r\000o\000o\000c\000k\000\040\000P\000e\000r\000t\000u\000r\000b\000a\000t\000i\000o\000n\000\040\000C\000o\000n\000s\000t\000a\000n\000t\000s}{section.W.3}% 664
\BOOKMARK [2][-]{subsection.W.3.4}{\376\377\000C\000r\000i\000t\000i\000c\000a\000l\000\040\000C\000o\000u\000p\000l\000i\000n\000g\000\040\000V\000a\000l\000u\000e\000s}{section.W.3}% 665
\BOOKMARK [2][-]{subsection.W.3.5}{\376\377\000G\000i\000l\000e\000s\000-\000T\000e\000p\000e\000r\000\040\000B\000o\000u\000n\000d\000\040\000C\000o\000n\000s\000t\000a\000n\000t\000s}{section.W.3}% 666
\BOOKMARK [2][-]{subsection.W.3.6}{\376\377\000A\000s\000y\000m\000p\000t\000o\000t\000i\000c\000\040\000F\000r\000e\000e\000d\000o\000m\000\040\000C\000o\000n\000s\000t\000a\000n\000t\000s}{section.W.3}% 667
\BOOKMARK [2][-]{subsection.W.3.7}{\376\377\000S\000t\000r\000i\000n\000g\000\040\000T\000e\000n\000s\000i\000o\000n\000\040\000a\000n\000d\000\040\000M\000a\000s\000s\000\040\000G\000a\000p\000\040\000V\000a\000l\000u\000e\000s}{section.W.3}% 668
\BOOKMARK [2][-]{subsection.W.3.8}{\376\377\000Z\000e\000g\000a\000r\000l\000i\000n\000s\000k\000i\000\040\000C\000o\000n\000s\000t\000a\000n\000t\000s}{section.W.3}% 669
\BOOKMARK [2][-]{subsection.W.3.9}{\376\377\000S\000u\000m\000m\000a\000r\000y\000\040\000T\000a\000b\000l\000e\000:\000\040\000A\000l\000l\000\040\000C\000o\000n\000s\000t\000a\000n\000t\000s}{section.W.3}% 670
\BOOKMARK [1][-]{section.W.4}{\376\377\000E\000x\000p\000l\000i\000c\000i\000t\000\040\000C\000o\000n\000s\000t\000a\000n\000t\000s\000:\000\040\000D\000e\000r\000i\000v\000a\000t\000i\000o\000n\000\040\000a\000n\000d\000\040\000B\000o\000u\000n\000d\000s}{appendix.W}% 671
\BOOKMARK [2][-]{subsection.W.4.1}{\376\377\000F\000u\000n\000d\000a\000m\000e\000n\000t\000a\000l\000\040\000G\000r\000o\000u\000p\000\040\000C\000o\000n\000s\000t\000a\000n\000t\000s}{section.W.4}% 672
\BOOKMARK [2][-]{subsection.W.4.2}{\376\377\000G\000i\000l\000e\000s\000-\000T\000e\000p\000e\000r\000\040\000C\000o\000n\000s\000t\000a\000n\000t\000s}{section.W.4}% 673
\BOOKMARK [2][-]{subsection.W.4.3}{\376\377\000T\000r\000a\000n\000s\000f\000e\000r\000\040\000M\000a\000t\000r\000i\000x\000\040\000C\000o\000n\000s\000t\000a\000n\000t\000s}{section.W.4}% 674
\BOOKMARK [2][-]{subsection.W.4.4}{\376\377\000H\000o\000l\000l\000e\000y\000-\000S\000t\000r\000o\000o\000c\000k\000\040\000C\000o\000n\000s\000t\000a\000n\000t\000s}{section.W.4}% 675
\BOOKMARK [2][-]{subsection.W.4.5}{\376\377\000B\000l\000o\000c\000k\000\040\000D\000e\000c\000o\000m\000p\000o\000s\000i\000t\000i\000o\000n\000\040\000C\000o\000n\000s\000t\000a\000n\000t\000s}{section.W.4}% 676
\BOOKMARK [2][-]{subsection.W.4.6}{\376\377\000I\000n\000t\000e\000r\000i\000o\000r\000\040\000L\000S\000I\000\040\000C\000o\000n\000s\000t\000a\000n\000t\000s}{section.W.4}% 677
\BOOKMARK [2][-]{subsection.W.4.7}{\376\377\000C\000o\000n\000d\000i\000t\000i\000o\000n\000a\000l\000\040\000T\000e\000n\000s\000o\000r\000i\000z\000a\000t\000i\000o\000n\000\040\000C\000o\000n\000s\000t\000a\000n\000t\000s}{section.W.4}% 678
\BOOKMARK [2][-]{subsection.W.4.8}{\376\377\000P\000h\000y\000s\000i\000c\000a\000l\000\040\000S\000c\000a\000l\000e\000\040\000C\000o\000n\000s\000t\000a\000n\000t\000s}{section.W.4}% 679
\BOOKMARK [2][-]{subsection.W.4.9}{\376\377\000A\000s\000y\000m\000p\000t\000o\000t\000i\000c\000\040\000F\000r\000e\000e\000d\000o\000m\000\040\000C\000o\000n\000s\000t\000a\000n\000t\000s}{section.W.4}% 680
\BOOKMARK [2][-]{subsection.W.4.10}{\376\377\000L\000a\000t\000t\000i\000c\000e\000-\000t\000o\000-\000C\000o\000n\000t\000i\000n\000u\000u\000m\000\040\000S\000c\000a\000l\000i\000n\000g}{section.W.4}% 681
\BOOKMARK [2][-]{subsection.W.4.11}{\376\377\000C\000o\000m\000p\000l\000e\000t\000e\000\040\000C\000o\000n\000s\000t\000a\000n\000t\000\040\000S\000u\000m\000m\000a\000r\000y}{section.W.4}% 682
\BOOKMARK [2][-]{subsection.W.4.12}{\376\377\000V\000e\000r\000i\000f\000i\000c\000a\000t\000i\000o\000n\000\040\000S\000t\000a\000t\000u\000s}{section.W.4}% 683
\BOOKMARK [0][-]{appendix.X}{\376\377\000N\000u\000m\000e\000r\000i\000c\000a\000l\000\040\000V\000e\000r\000i\000f\000i\000c\000a\000t\000i\000o\000n\000\040\000o\000f\000\040\000C\000r\000i\000t\000i\000c\000a\000l\000\040\000M\000a\000s\000s\000\040\000P\000a\000r\000a\000m\000e\000t\000e\000r\000s}{theorem.N.1.10}% 684
\BOOKMARK [1][-]{section.X.1}{\376\377\000O\000b\000j\000e\000c\000t\000i\000v\000e}{appendix.X}% 685
\BOOKMARK [1][-]{section.X.2}{\376\377\000D\000e\000f\000i\000n\000i\000t\000i\000o\000n\000\040\000o\000f\000\040\000t\000h\000e\000\040\000C\000r\000i\000t\000i\000c\000a\000l\000\040\000M\000a\000s\000s}{appendix.X}% 686
\BOOKMARK [1][-]{section.X.3}{\376\377\000L\000o\000o\000p\000\040\000E\000n\000t\000r\000o\000p\000y\000\040\000B\000o\000u\000n\000d\000s}{appendix.X}% 687
\BOOKMARK [1][-]{section.X.4}{\376\377\000C\000a\000l\000c\000u\000l\000a\000t\000i\000o\000n\000\040\000o\000f\000\040\000C\000d}{appendix.X}% 688
\BOOKMARK [1][-]{section.X.5}{\376\377\000R\000e\000s\000u\000l\000t\000s\000:\000\040\000C\000r\000i\000t\000i\000c\000a\000l\000\040\000M\000a\000s\000s\000\040\000V\000a\000l\000u\000e\000s}{appendix.X}% 689
\BOOKMARK [2][-]{subsection.X.5.1}{\376\377\000S\000U\000\050\0002\000\051\000\040\000C\000a\000s\000e}{section.X.5}% 690
\BOOKMARK [2][-]{subsection.X.5.2}{\376\377\000S\000U\000\050\0003\000\051\000\040\000C\000a\000s\000e}{section.X.5}% 691
\BOOKMARK [1][-]{section.X.6}{\376\377\000I\000m\000p\000r\000o\000v\000e\000d\000\040\000B\000o\000u\000n\000d\000s\000\040\000v\000i\000a\000\040\000V\000a\000f\000a\000-\000W\000i\000t\000t\000e\000n}{appendix.X}% 692
\BOOKMARK [1][-]{section.X.7}{\376\377\000C\000o\000n\000c\000l\000u\000s\000i\000o\000n}{appendix.X}% 693
\BOOKMARK [0][-]{appendix.Y}{\376\377\000D\000e\000t\000a\000i\000l\000e\000d\000\040\000A\000n\000a\000l\000y\000t\000i\000c\000\040\000D\000e\000r\000i\000v\000a\000t\000i\000o\000n\000s}{theorem.N.1.10}% 694
\BOOKMARK [1][-]{section.Y.1}{\376\377\000T\000h\000r\000e\000e\000\040\000R\000i\000g\000o\000r\000o\000u\000s\000\040\000H\000a\000r\000d\000\040\000A\000n\000a\000l\000y\000s\000i\000s\000\040\000D\000e\000r\000i\000v\000a\000t\000i\000o\000n\000s}{appendix.Y}% 695
\BOOKMARK [2][-]{subsection.Y.1.1}{\376\377\000D\000e\000r\000i\000v\000a\000t\000i\000o\000n\000\040\0001\000:\000\040\000T\000h\000e\000\040\000M\000i\000c\000r\000o\000s\000c\000o\000p\000i\000c\000\040\000S\000p\000e\000c\000t\000r\000a\000l\000\040\000G\000a\000p\000\040\000\050\000A\000n\000a\000l\000y\000s\000i\000s\000\040\000o\000f\000\040\000t\000h\000e\000\040\000T\000r\000a\000n\000s\000f\000e\000r\000\040\000M\000a\000t\000r\000i\000x\000\051}{section.Y.1}% 696
\BOOKMARK [2][-]{subsection.Y.1.2}{\376\377\000D\000e\000r\000i\000v\000a\000t\000i\000o\000n\000\040\0002\000:\000\040\000U\000n\000i\000f\000o\000r\000m\000\040\000L\000o\000g\000-\000S\000o\000b\000o\000l\000e\000v\000\040\000I\000n\000e\000q\000u\000a\000l\000i\000t\000y\000\040\000v\000i\000a\000\040\000C\000o\000n\000d\000i\000t\000i\000o\000n\000a\000l\000\040\000T\000e\000n\000s\000o\000r\000i\000z\000a\000t\000i\000o\000n}{section.Y.1}% 697
\BOOKMARK [2][-]{subsection.Y.1.3}{\376\377\000D\000e\000r\000i\000v\000a\000t\000i\000o\000n\000\040\0003\000:\000\040\000T\000h\000e\000\040\000C\000o\000n\000t\000i\000n\000u\000u\000m\000\040\000L\000i\000m\000i\000t\000\040\000v\000i\000a\000\040\000M\000o\000s\000c\000o\000\040\000C\000o\000n\000v\000e\000r\000g\000e\000n\000c\000e}{section.Y.1}% 698
\BOOKMARK [2][-]{subsection.Y.1.4}{\376\377\000D\000e\000r\000i\000v\000a\000t\000i\000o\000n\000\040\0004\000:\000\040\000A\000n\000a\000l\000y\000t\000i\000c\000i\000t\000y\000\040\000v\000i\000a\000\040\000G\000e\000n\000e\000r\000a\000l\000i\000z\000e\000d\000\040\000A\000s\000a\000n\000o\000\040\000C\000o\000n\000t\000r\000a\000c\000t\000i\000o\000n\000s}{section.Y.1}% 699
\BOOKMARK [2][-]{subsection.Y.1.5}{\376\377\000D\000e\000r\000i\000v\000a\000t\000i\000o\000n\000\040\0005\000:\000\040\000T\000h\000e\000\040\000D\000i\000s\000c\000r\000e\000t\000e\000\040\000G\000e\000o\000m\000e\000t\000r\000i\000c\000\040\000G\000a\000p\000\040\000\050\000O\000l\000l\000i\000v\000i\000e\000r\000-\000R\000i\000c\000c\000i\000\040\000C\000u\000r\000v\000a\000t\000u\000r\000e\000\051}{section.Y.1}% 700
\BOOKMARK [2][-]{subsection.Y.1.6}{\376\377\000D\000e\000r\000i\000v\000a\000t\000i\000o\000n\000\040\0006\000:\000\040\000T\000h\000e\000\040\000R\000i\000g\000o\000r\000o\000u\000s\000\040\000G\000i\000l\000e\000s\000-\000T\000e\000p\000e\000r\000\040\000B\000o\000u\000n\000d\000\040\000v\000i\000a\000\040\000T\000e\000m\000p\000l\000e\000'\000s\000\040\000I\000n\000e\000q\000u\000a\000l\000i\000t\000y}{section.Y.1}% 701
\BOOKMARK [2][-]{subsection.Y.1.7}{\376\377\000D\000e\000r\000i\000v\000a\000t\000i\000o\000n\000\040\0007\000:\000\040\000T\000h\000e\000\040\000S\000t\000r\000a\000t\000i\000f\000i\000e\000d\000\040\000H\000a\000r\000d\000y\000\040\000I\000n\000e\000q\000u\000a\000l\000i\000t\000y\000\040\000\050\000R\000e\000s\000o\000l\000v\000i\000n\000g\000\040\000S\000i\000n\000g\000u\000l\000a\000r\000i\000t\000i\000e\000s\000\051}{section.Y.1}% 702
\BOOKMARK [2][-]{subsection.Y.1.8}{\376\377\000D\000e\000r\000i\000v\000a\000t\000i\000o\000n\000\040\0008\000:\000\040\000C\000o\000n\000t\000i\000n\000u\000u\000m\000\040\000O\000b\000s\000e\000r\000v\000a\000b\000l\000e\000s\000\040\000v\000i\000a\000\040\000T\000h\000e\000\040\000S\000e\000w\000i\000n\000g\000\040\000L\000e\000m\000m\000a\000\040\000\050\000R\000o\000u\000g\000h\000\040\000P\000a\000t\000h\000s\000\051}{section.Y.1}% 703
\BOOKMARK [2][-]{subsection.Y.1.9}{\376\377\000D\000e\000r\000i\000v\000a\000t\000i\000o\000n\000\040\0009\000:\000\040\000T\000h\000e\000\040\000D\000e\000c\000o\000u\000p\000l\000i\000n\000g\000\040\000L\000i\000m\000i\000t\000\040\000v\000i\000a\000\040\000F\000e\000s\000h\000b\000a\000c\000h\000-\000S\000c\000h\000u\000r\000\040\000M\000a\000p\000s}{section.Y.1}% 704
\BOOKMARK [2][-]{subsection.Y.1.10}{\376\377\000D\000e\000r\000i\000v\000a\000t\000i\000o\000n\000\040\0001\0000\000:\000\040\000R\000e\000s\000t\000o\000r\000a\000t\000i\000o\000n\000\040\000o\000f\000\040\000S\000O\000\050\0004\000\051\000\040\000S\000y\000m\000m\000e\000t\000r\000y\000\040\000v\000i\000a\000\040\000S\000y\000m\000a\000n\000z\000i\000k\000\040\000F\000l\000o\000w}{section.Y.1}% 705
\BOOKMARK [2][-]{subsection.Y.1.11}{\376\377\000D\000e\000r\000i\000v\000a\000t\000i\000o\000n\000\040\0001\0001\000:\000\040\000T\000o\000p\000o\000l\000o\000g\000i\000c\000a\000l\000\040\000S\000t\000a\000b\000i\000l\000i\000t\000y\000\040\000v\000i\000a\000\040\000T\000h\000e\000\040\000L\000a\000t\000t\000i\000c\000e\000\040\000I\000n\000d\000e\000x\000\040\000T\000h\000e\000o\000r\000e\000m}{section.Y.1}% 706
\BOOKMARK [2][-]{subsection.Y.1.12}{\376\377\000D\000e\000r\000i\000v\000a\000t\000i\000o\000n\000\040\0001\0002\000:\000\040\000V\000a\000c\000u\000u\000m\000\040\000U\000n\000i\000q\000u\000e\000n\000e\000s\000s\000\040\000v\000i\000a\000\040\000C\000l\000u\000s\000t\000e\000r\000\040\000D\000e\000c\000o\000m\000p\000o\000s\000i\000t\000i\000o\000n}{section.Y.1}% 707
\BOOKMARK [1][-]{section.Y.2}{\376\377\000H\000a\000r\000d\000\040\000A\000n\000a\000l\000y\000s\000i\000s\000\040\000o\000f\000\040\000C\000r\000i\000t\000i\000c\000a\000l\000\040\000G\000a\000p\000s}{appendix.Y}% 708
\BOOKMARK [2][-]{subsection.Y.2.1}{\376\377\000R\000i\000g\000o\000r\000o\000u\000s\000\040\000C\000o\000m\000p\000l\000e\000x\000\040\000C\000l\000u\000s\000t\000e\000r\000\040\000E\000x\000p\000a\000n\000s\000i\000o\000n}{section.Y.2}% 709
\BOOKMARK [2][-]{subsection.Y.2.2}{\376\377\000B\000o\000u\000n\000d\000a\000r\000y\000\040\000D\000e\000c\000a\000y\000\040\000E\000s\000t\000i\000m\000a\000t\000e\000\040\000\050\000E\000f\000f\000e\000c\000t\000i\000v\000e\000\040\000H\000a\000m\000i\000l\000t\000o\000n\000i\000a\000n\000\051}{section.Y.2}% 710
\BOOKMARK [2][-]{subsection.Y.2.3}{\376\377\000S\000y\000m\000a\000n\000z\000i\000k\000\040\000R\000a\000t\000e\000\040\000A\000n\000a\000l\000y\000s\000i\000s}{section.Y.2}% 711
\BOOKMARK [2][-]{subsection.Y.2.4}{\376\377\000T\000h\000e\000\040\000B\000a\000t\000t\000l\000e\000-\000F\000e\000d\000e\000r\000b\000u\000s\000h\000\040\000B\000o\000u\000n\000d}{section.Y.2}% 712
\BOOKMARK [1][-]{section.Y.3}{\376\377\000F\000i\000n\000a\000l\000\040\000S\000t\000r\000u\000c\000t\000u\000r\000a\000l\000\040\000A\000n\000a\000l\000y\000s\000i\000s}{appendix.Y}% 713
\BOOKMARK [2][-]{subsection.Y.3.1}{\376\377\000R\000i\000g\000o\000r\000o\000u\000s\000\040\000M\000o\000s\000c\000o\000\040\000C\000o\000n\000v\000e\000r\000g\000e\000n\000c\000e}{section.Y.3}% 714
\BOOKMARK [2][-]{subsection.Y.3.2}{\376\377\000M\000i\000n\000l\000o\000s\000-\000B\000o\000c\000h\000n\000e\000r\000\040\000C\000o\000n\000t\000i\000n\000u\000i\000t\000y}{section.Y.3}% 715
\BOOKMARK [2][-]{subsection.Y.3.3}{\376\377\000N\000o\000r\000m\000\040\000R\000e\000s\000o\000l\000v\000e\000n\000t\000\040\000C\000o\000n\000v\000e\000r\000g\000e\000n\000c\000e}{section.Y.3}% 716
\BOOKMARK [2][-]{subsection.Y.3.4}{\376\377\000C\000h\000e\000s\000s\000b\000o\000a\000r\000d\000\040\000M\000a\000j\000o\000r\000i\000z\000a\000t\000i\000o\000n}{section.Y.3}% 717
\BOOKMARK [2][-]{subsection.Y.3.5}{\376\377\000S\000c\000a\000l\000i\000n\000g\000\040\000S\000t\000a\000b\000i\000l\000i\000t\000y\000\040\000\050\000C\000a\000l\000l\000a\000n\000-\000S\000y\000m\000a\000n\000z\000i\000k\000\040\000I\000n\000t\000e\000g\000r\000a\000b\000i\000l\000i\000t\000y\000\051}{section.Y.3}% 718
\BOOKMARK [2][-]{subsection.Y.3.6}{\376\377\000G\000e\000o\000m\000e\000t\000r\000i\000c\000\040\000S\000i\000n\000g\000u\000l\000a\000r\000i\000t\000i\000e\000s\000\040\000\050\000S\000t\000r\000a\000t\000i\000f\000i\000e\000d\000\040\000S\000p\000a\000c\000e\000\040\000A\000n\000a\000l\000y\000s\000i\000s\000\051}{section.Y.3}% 719
\BOOKMARK [2][-]{subsection.Y.3.7}{\376\377\000V\000a\000c\000u\000u\000m\000\040\000U\000n\000i\000q\000u\000e\000n\000e\000s\000s\000\040\000\050\000T\000h\000e\000r\000m\000o\000d\000y\000n\000a\000m\000i\000c\000\040\000L\000i\000m\000i\000t\000\051}{section.Y.3}% 720
\BOOKMARK [2][-]{subsection.Y.3.8}{\376\377\000P\000h\000a\000s\000e\000\040\000S\000t\000a\000b\000i\000l\000i\000t\000y\000\040\000\050\000C\000o\000m\000p\000l\000e\000x\000\040\000P\000i\000r\000o\000g\000o\000v\000-\000S\000i\000n\000a\000i\000\051}{section.Y.3}% 721
\BOOKMARK [2][-]{subsection.Y.3.9}{\376\377\000G\000r\000i\000b\000o\000v\000\040\000H\000o\000r\000i\000z\000o\000n\000\040\000C\000o\000n\000t\000r\000o\000l}{section.Y.3}% 722
\BOOKMARK [2][-]{subsection.Y.3.10}{\376\377\000B\000o\000r\000e\000l\000\040\000S\000u\000m\000m\000a\000b\000i\000l\000i\000t\000y}{section.Y.3}% 723
\BOOKMARK [2][-]{subsection.Y.3.11}{\376\377\000A\000n\000a\000l\000y\000t\000i\000c\000\040\000B\000a\000s\000e\000\040\000C\000a\000s\000e}{section.Y.3}% 724
\BOOKMARK [2][-]{subsection.Y.3.12}{\376\377\000R\000e\000c\000o\000n\000s\000t\000r\000u\000c\000t\000i\000o\000n\000\040\000B\000o\000u\000n\000d\000s\000\040\000\050\000T\000h\000e\000\040\000L\000i\000n\000e\000a\000r\000\040\000G\000r\000o\000w\000t\000h\000\040\000C\000o\000n\000d\000i\000t\000i\000o\000n\000\051}{section.Y.3}% 725
\BOOKMARK [2][-]{subsection.Y.3.13}{\376\377\000M\000i\000c\000r\000o\000c\000a\000u\000s\000a\000l\000i\000t\000y\000\040\000V\000e\000r\000i\000f\000i\000c\000a\000t\000i\000o\000n}{section.Y.3}% 726
\BOOKMARK [2][-]{subsection.Y.3.14}{\376\377\000Q\000u\000a\000n\000t\000i\000t\000a\000t\000i\000v\000e\000\040\000R\000e\000g\000i\000m\000e\000\040\000P\000a\000t\000c\000h\000i\000n\000g}{section.Y.3}% 727
\BOOKMARK [2][-]{subsection.Y.3.15}{\376\377\000G\000a\000u\000g\000e\000-\000I\000n\000v\000a\000r\000i\000a\000n\000t\000\040\000S\000o\000b\000o\000l\000e\000v\000\040\000S\000p\000a\000c\000e\000s}{section.Y.3}% 728
\BOOKMARK [2][-]{subsection.Y.3.16}{\376\377\000T\000h\000e\000\040\000U\000p\000p\000e\000r\000\040\000G\000a\000p\000\040\000\050\000P\000a\000r\000t\000i\000c\000l\000e\000\040\000S\000t\000a\000b\000i\000l\000i\000t\000y\000\051}{section.Y.3}% 729
\BOOKMARK [2][-]{subsection.Y.3.17}{\376\377\000T\000h\000e\000\040\000H\000a\000a\000g\000-\000K\000a\000s\000t\000l\000e\000r\000\040\000A\000x\000i\000o\000m\000s\000\040\000\050\000L\000o\000c\000a\000l\000\040\000A\000l\000g\000e\000b\000r\000a\000s\000\051}{section.Y.3}% 730
\BOOKMARK [2][-]{subsection.Y.3.18}{\376\377\000T\000h\000e\000\040\000S\000c\000h\000w\000i\000n\000g\000e\000r\000-\000D\000y\000s\000o\000n\000\040\000E\000q\000u\000a\000t\000i\000o\000n\000s}{section.Y.3}% 731
\BOOKMARK [2][-]{subsection.Y.3.19}{\376\377\000T\000h\000e\000\040\000T\000h\000e\000t\000a\000\040\000A\000n\000g\000l\000e\000\040\000\050\000T\000o\000p\000o\000l\000o\000g\000i\000c\000a\000l\000\040\000R\000i\000g\000o\000r\000\051}{section.Y.3}% 732
\BOOKMARK [2][-]{subsection.Y.3.20}{\376\377\000T\000h\000e\000\040\000G\000l\000u\000e\000b\000a\000l\000l\000\040\000S\000p\000i\000n\000\040\000\050\000A\000n\000g\000u\000l\000a\000r\000\040\000M\000o\000m\000e\000n\000t\000u\000m\000\051}{section.Y.3}% 733
\BOOKMARK [2][-]{subsection.Y.3.21}{\376\377\000L\000a\000r\000g\000e\000\040\000N\000\040\000S\000c\000a\000l\000i\000n\000g\000\040\000\050\000'\000t\000\040\000H\000o\000o\000f\000t\000\040\000L\000i\000m\000i\000t\000\051}{section.Y.3}% 734
\BOOKMARK [2][-]{subsection.Y.3.22}{\376\377\000T\000h\000e\000\040\000F\000i\000n\000a\000l\000\040\000C\000o\000n\000s\000i\000s\000t\000e\000n\000c\000y\000\040\000C\000h\000e\000c\000k\000\040\000\050\000T\000h\000e\000\040\000"\000E\000m\000p\000t\000y\000"\000\040\000V\000a\000c\000u\000u\000m\000\051}{section.Y.3}% 735
\BOOKMARK [2][-]{subsection.Y.3.23}{\376\377\000D\000e\000c\000a\000y\000\040\000o\000f\000\040\000I\000n\000d\000u\000c\000e\000d\000\040\000B\000o\000u\000n\000d\000a\000r\000y\000\040\000I\000n\000t\000e\000r\000a\000c\000t\000i\000o\000n\000s}{section.Y.3}% 736
\BOOKMARK [1][-]{section.Y.4}{\376\377\000H\000a\000r\000d\000\040\000A\000n\000a\000l\000y\000s\000i\000s\000\040\000D\000e\000r\000i\000v\000a\000t\000i\000o\000n\000s\000:\000\040\000G\000r\000i\000b\000o\000v\000,\000\040\000N\000u\000c\000l\000e\000a\000r\000i\000t\000y\000,\000\040\000S\000y\000m\000m\000e\000t\000r\000y\000,\000\040\000a\000n\000d\000\040\000T\000e\000m\000p\000e\000r\000e\000d\000n\000e\000s\000s}{appendix.Y}% 737
\BOOKMARK [2][-]{subsection.Y.4.1}{\376\377\000D\000e\000r\000i\000v\000a\000t\000i\000o\000n\000\040\0001\000:\000\040\000T\000h\000e\000\040\000G\000r\000i\000b\000o\000v\000\040\000H\000o\000r\000i\000z\000o\000n\000\040\000F\000i\000x\000\040\000\050\000G\000e\000o\000m\000e\000t\000r\000i\000c\000\040\000M\000a\000s\000s\000\040\000G\000e\000n\000e\000r\000a\000t\000i\000o\000n\000\051}{section.Y.4}% 738
\BOOKMARK [2][-]{subsection.Y.4.2}{\376\377\000D\000e\000r\000i\000v\000a\000t\000i\000o\000n\000\040\0002\000:\000\040\000T\000h\000e\000\040\000N\000u\000c\000l\000e\000a\000r\000i\000t\000y\000\040\000B\000o\000u\000n\000d\000\040\000\050\000P\000a\000r\000t\000i\000c\000l\000e\000\040\000S\000t\000r\000u\000c\000t\000u\000r\000e\000\051}{section.Y.4}% 739
\BOOKMARK [2][-]{subsection.Y.4.3}{\376\377\000D\000e\000r\000i\000v\000a\000t\000i\000o\000n\000\040\0003\000:\000\040\000S\000y\000m\000a\000n\000z\000i\000k\000\040\000I\000m\000p\000r\000o\000v\000e\000m\000e\000n\000t\000\040\000\050\000R\000e\000s\000t\000o\000r\000a\000t\000i\000o\000n\000\040\000o\000f\000\040\000R\000o\000t\000a\000t\000i\000o\000n\000a\000l\000\040\000S\000y\000m\000m\000e\000t\000r\000y\000\051}{section.Y.4}% 740
\BOOKMARK [2][-]{subsection.Y.4.4}{\376\377\000D\000e\000r\000i\000v\000a\000t\000i\000o\000n\000\040\0004\000:\000\040\000T\000e\000m\000p\000e\000r\000e\000d\000n\000e\000s\000s\000\040\000C\000h\000e\000c\000k\000\040\000\050\000L\000i\000n\000e\000a\000r\000\040\000G\000r\000o\000w\000t\000h\000\040\000C\000o\000n\000d\000i\000t\000i\000o\000n\000\051}{section.Y.4}% 741
\BOOKMARK [1][-]{section.Y.5}{\376\377\000F\000i\000n\000a\000l\000\040\000H\000a\000r\000d\000\040\000A\000n\000a\000l\000y\000s\000i\000s\000:\000\040\000S\000i\000n\000g\000u\000l\000a\000r\000i\000t\000i\000e\000s\000,\000\040\000S\000u\000m\000m\000a\000b\000i\000l\000i\000t\000y\000,\000\040\000a\000n\000d\000\040\000H\000o\000m\000o\000g\000e\000n\000i\000z\000a\000t\000i\000o\000n}{appendix.Y}% 742
\BOOKMARK [2][-]{subsection.Y.5.1}{\376\377\000T\000h\000e\000\040\000R\000o\000u\000g\000h\000e\000n\000i\000n\000g\000\040\000T\000r\000a\000n\000s\000i\000t\000i\000o\000n\000\040\000F\000i\000x\000\040\000\050\000W\000o\000r\000l\000d\000s\000h\000e\000e\000t\000\040\000R\000G\000\040\000F\000l\000o\000w\000\051}{section.Y.5}% 743
\BOOKMARK [2][-]{subsection.Y.5.2}{\376\377\000T\000h\000e\000\040\000S\000t\000r\000a\000t\000i\000f\000i\000e\000d\000\040\000S\000p\000a\000c\000e\000\040\000F\000i\000x\000\040\000\050\000C\000o\000n\000e\000\040\000S\000p\000e\000c\000t\000r\000a\000l\000\040\000T\000h\000e\000o\000r\000y\000\051}{section.Y.5}% 744
\BOOKMARK [2][-]{subsection.Y.5.3}{\376\377\000T\000h\000e\000\040\000B\000o\000r\000e\000l\000\040\000S\000u\000m\000m\000a\000b\000i\000l\000i\000t\000y\000\040\000S\000t\000r\000a\000t\000e\000g\000y\000\040\000\050\000H\000e\000u\000r\000i\000s\000t\000i\000c\000\051}{section.Y.5}% 745
\BOOKMARK [2][-]{subsection.Y.5.4}{\376\377\000T\000h\000e\000\040\000L\000i\000n\000e\000a\000r\000\040\000G\000r\000o\000w\000t\000h\000\040\000C\000o\000n\000d\000i\000t\000i\000o\000n\000\040\000\050\000R\000e\000f\000i\000n\000e\000d\000\040\000a\000x\000i\000o\000m\000\040\0000\000\051}{section.Y.5}% 746
\BOOKMARK [2][-]{subsection.Y.5.5}{\376\377\000T\000h\000e\000\040\000C\000o\000n\000t\000i\000n\000u\000o\000u\000s\000\040\000S\000p\000e\000c\000t\000r\000a\000l\000\040\000I\000n\000d\000e\000p\000e\000n\000d\000e\000n\000c\000e\000\040\000F\000i\000x}{section.Y.5}% 747
\BOOKMARK [2][-]{subsection.Y.5.6}{\376\377\000T\000h\000e\000\040\000H\000o\000m\000o\000g\000e\000n\000i\000z\000a\000t\000i\000o\000n\000\040\000C\000o\000r\000r\000e\000c\000t\000o\000r\000\040\000F\000i\000x}{section.Y.5}% 748
\BOOKMARK [2][-]{subsection.Y.5.7}{\376\377\000T\000h\000e\000\040\000P\000o\000l\000c\000h\000i\000n\000s\000k\000i\000\040\000F\000l\000o\000w\000\040\000C\000o\000m\000m\000u\000t\000a\000t\000o\000r}{section.Y.5}% 749
\BOOKMARK [2][-]{subsection.Y.5.8}{\376\377\000T\000h\000e\000\040\000U\000r\000s\000e\000l\000l\000\040\000F\000u\000n\000c\000t\000i\000o\000n\000\040\000I\000n\000v\000e\000r\000s\000i\000o\000n}{section.Y.5}% 750
\BOOKMARK [1][-]{section.Y.6}{\376\377\000H\000a\000r\000d\000\040\000A\000n\000a\000l\000y\000s\000i\000s\000\040\000F\000o\000u\000n\000d\000a\000t\000i\000o\000n\000s\000:\000\040\000C\000o\000m\000p\000l\000e\000t\000e\000\040\000R\000i\000g\000o\000r\000o\000u\000s\000\040\000F\000r\000a\000m\000e\000w\000o\000r\000k}{appendix.Y}% 751
\BOOKMARK [2][-]{subsection.Y.6.1}{\376\377\000F\000u\000n\000c\000t\000i\000o\000n\000a\000l\000\040\000S\000p\000a\000c\000e\000s\000\040\000a\000n\000d\000\040\000O\000p\000e\000r\000a\000t\000o\000r\000\040\000T\000h\000e\000o\000r\000y}{section.Y.6}% 752
\BOOKMARK [2][-]{subsection.Y.6.2}{\376\377\000S\000p\000e\000c\000t\000r\000a\000l\000\040\000G\000a\000p\000\040\000E\000s\000t\000i\000m\000a\000t\000e\000s}{section.Y.6}% 753
\BOOKMARK [2][-]{subsection.Y.6.3}{\376\377\000T\000h\000e\000\040\000L\000o\000g\000-\000S\000o\000b\000o\000l\000e\000v\000\040\000I\000n\000e\000q\000u\000a\000l\000i\000t\000y}{section.Y.6}% 754
\BOOKMARK [2][-]{subsection.Y.6.4}{\376\377\000P\000e\000r\000t\000u\000r\000b\000a\000t\000i\000o\000n\000\040\000T\000h\000e\000o\000r\000y\000\040\000f\000o\000r\000\040\000L\000S\000I}{section.Y.6}% 755
\BOOKMARK [2][-]{subsection.Y.6.5}{\376\377\000U\000n\000i\000f\000o\000r\000m\000\040\000L\000o\000g\000-\000S\000o\000b\000o\000l\000e\000v\000\040\000I\000n\000e\000q\000u\000a\000l\000i\000t\000y}{section.Y.6}% 756
\BOOKMARK [2][-]{subsection.Y.6.6}{\376\377\000C\000o\000n\000t\000i\000n\000u\000u\000m\000\040\000L\000i\000m\000i\000t\000\040\000A\000n\000a\000l\000y\000s\000i\000s}{section.Y.6}% 757
\BOOKMARK [2][-]{subsection.Y.6.7}{\376\377\000E\000x\000p\000l\000i\000c\000i\000t\000\040\000N\000u\000m\000e\000r\000i\000c\000a\000l\000\040\000B\000o\000u\000n\000d\000s}{section.Y.6}% 758
\BOOKMARK [0][-]{appendix.Z}{\376\377\000C\000o\000a\000r\000s\000e\000-\000G\000r\000a\000i\000n\000i\000n\000g\000\040\000a\000n\000d\000\040\000B\000l\000o\000c\000k\000i\000n\000g\000\040\000T\000r\000a\000n\000s\000f\000o\000r\000m\000a\000t\000i\000o\000n\000s}{theorem.N.1.10}% 759
\BOOKMARK [1][-]{section.Z.1}{\376\377\000R\000i\000g\000o\000r\000o\000u\000s\000\040\000D\000e\000r\000i\000v\000a\000t\000i\000o\000n\000s\000\040\000o\000f\000\040\000B\000l\000o\000c\000k\000i\000n\000g\000\040\000L\000e\000m\000m\000a\000s}{appendix.Z}% 760
\BOOKMARK [2][-]{subsection.Z.1.1}{\376\377\000D\000e\000r\000i\000v\000a\000t\000i\000o\000n\000:\000\040\000T\000h\000e\000\040\000L\000e\000e\000-\000Y\000a\000n\000g\000\040\000Z\000e\000r\000o\000\040\000B\000o\000u\000n\000d\000\040\000\050\000A\000b\000s\000e\000n\000c\000e\000\040\000o\000f\000\040\000P\000h\000a\000s\000e\000\040\000T\000r\000a\000n\000s\000i\000t\000i\000o\000n\000s\000\051}{section.Z.1}% 761
\BOOKMARK [2][-]{subsection.Z.1.2}{\376\377\000D\000e\000r\000i\000v\000a\000t\000i\000o\000n\000:\000\040\000T\000h\000e\000\040\000B\000a\000t\000t\000l\000e\000-\000F\000e\000d\000e\000r\000b\000u\000s\000h\000\040\000B\000o\000u\000n\000d\000\040\000\050\000U\000V\000\040\000S\000t\000a\000b\000i\000l\000i\000t\000y\000\051}{section.Z.1}% 762
\BOOKMARK [2][-]{subsection.Z.1.3}{\376\377\000D\000e\000r\000i\000v\000a\000t\000i\000o\000n\000:\000\040\000T\000h\000e\000\040\0001\000D\000\040\000T\000r\000a\000n\000s\000f\000e\000r\000\040\000M\000a\000t\000r\000i\000x\000\040\000G\000a\000p\000\040\000\050\000U\000n\000i\000f\000o\000r\000m\000\040\000L\000S\000I\000\040\000B\000a\000s\000e\000\040\000C\000a\000s\000e\000\051}{section.Z.1}% 763
\BOOKMARK [2][-]{subsection.Z.1.4}{\376\377\000D\000e\000r\000i\000v\000a\000t\000i\000o\000n\000:\000\040\000T\000h\000e\000\040\000G\000i\000l\000e\000s\000-\000T\000e\000p\000e\000r\000\040\000B\000o\000u\000n\000d\000\040\000\050\000S\000p\000e\000c\000t\000r\000a\000l\000\040\000L\000o\000w\000e\000r\000\040\000B\000o\000u\000n\000d\000\051}{section.Z.1}% 764
\BOOKMARK [0][-]{appendix.Alph27}{\376\377\000F\000i\000x\000\040\0006\0002\000:\000\040\000T\000h\000e\000\040\000A\000d\000m\000i\000s\000s\000i\000b\000i\000l\000i\000t\000y\000\040\000C\000o\000n\000d\000i\000t\000i\000o\000n\000\040\000\050\000L\000a\000t\000t\000i\000c\000e\000\040\000T\000o\000p\000o\000l\000o\000g\000y\000\051}{theorem.N.1.10}% 765
\BOOKMARK [1][-]{section.Alph27.1}{\376\377\000C\000o\000n\000t\000e\000x\000t\000:\000\040\000T\000o\000p\000o\000l\000o\000g\000y\000\040\000o\000n\000\040\000a\000\040\000D\000i\000s\000c\000r\000e\000t\000e\000\040\000G\000r\000i\000d}{appendix.Alph27}% 766
\BOOKMARK [1][-]{section.Alph27.2}{\376\377\000D\000e\000r\000i\000v\000a\000t\000i\000o\000n\000:\000\040\000L\000\374\000s\000c\000h\000e\000r\000'\000s\000\040\000R\000e\000c\000o\000n\000s\000t\000r\000u\000c\000t\000i\000o\000n\000\040\000T\000h\000e\000o\000r\000e\000m}{appendix.Alph27}% 767
\BOOKMARK [2][-]{subsection.Alph27.2.1}{\376\377\000S\000t\000e\000p\000\040\0001\000:\000\040\000T\000h\000e\000\040\000A\000d\000m\000i\000s\000s\000i\000b\000i\000l\000i\000t\000y\000\040\000B\000o\000u\000n\000d}{section.Alph27.2}% 768
\BOOKMARK [2][-]{subsection.Alph27.2.2}{\376\377\000S\000t\000e\000p\000\040\0002\000:\000\040\000T\000r\000a\000n\000s\000i\000t\000i\000o\000n\000\040\000F\000u\000n\000c\000t\000i\000o\000n\000s}{section.Alph27.2}% 769
\BOOKMARK [2][-]{subsection.Alph27.2.3}{\376\377\000S\000t\000e\000p\000\040\0003\000:\000\040\000P\000r\000o\000o\000f\000\040\000o\000f\000\040\000B\000u\000n\000d\000l\000e\000\040\000E\000x\000i\000s\000t\000e\000n\000c\000e}{section.Alph27.2}% 770
\BOOKMARK [1][-]{section.Alph27.3}{\376\377\000T\000o\000p\000o\000l\000o\000g\000i\000c\000a\000l\000\040\000S\000t\000a\000b\000i\000l\000i\000t\000y\000\040\000a\000n\000d\000\040\000M\000a\000s\000s\000\040\000G\000a\000p}{appendix.Alph27}% 771
\BOOKMARK [1][-]{section.Alph27.4}{\376\377\000C\000o\000n\000c\000l\000u\000s\000i\000o\000n}{appendix.Alph27}% 772
\BOOKMARK [0][-]{appendix.Alph28}{\376\377\000W\000i\000l\000s\000o\000n\000\040\000L\000o\000o\000p\000s\000,\000\040\000B\000R\000S\000T\000\040\000C\000o\000h\000o\000m\000o\000l\000o\000g\000y\000,\000\040\000a\000n\000d\000\040\000G\000a\000u\000g\000e\000\040\000S\000t\000r\000u\000c\000t\000u\000r\000e}{theorem.N.1.10}% 773
\BOOKMARK [1][-]{section.Alph28.1}{\376\377\000E\000x\000p\000l\000i\000c\000i\000t\000\040\000D\000e\000r\000i\000v\000a\000t\000i\000v\000e\000\040\000B\000o\000u\000n\000d\000s\000\040\000f\000o\000r\000\040\000W\000i\000l\000s\000o\000n\000\040\000A\000c\000t\000i\000o\000n}{appendix.Alph28}% 774
\BOOKMARK [2][-]{subsection.Alph28.1.1}{\376\377\000R\000i\000e\000m\000a\000n\000n\000i\000a\000n\000\040\000S\000t\000r\000u\000c\000t\000u\000r\000e\000\040\000o\000n\000\040\000S\000U\000\050\000N\000\051}{section.Alph28.1}% 775
\BOOKMARK [2][-]{subsection.Alph28.1.2}{\376\377\000D\000e\000r\000i\000v\000a\000t\000i\000v\000e\000s\000\040\000o\000f\000\040\000P\000l\000a\000q\000u\000e\000t\000t\000e\000\040\000T\000e\000r\000m\000s}{section.Alph28.1}% 776
\BOOKMARK [2][-]{subsection.Alph28.1.3}{\376\377\000M\000i\000x\000e\000d\000\040\000D\000e\000r\000i\000v\000a\000t\000i\000v\000e\000s\000\040\000a\000n\000d\000\040\000I\000n\000t\000e\000r\000a\000c\000t\000i\000o\000n\000\040\000B\000o\000u\000n\000d\000s}{section.Alph28.1}% 777
\BOOKMARK [2][-]{subsection.Alph28.1.4}{\376\377\000O\000s\000c\000i\000l\000l\000a\000t\000i\000o\000n\000\040\000B\000o\000u\000n\000d\000s}{section.Alph28.1}% 778
\BOOKMARK [2][-]{subsection.Alph28.1.5}{\376\377\000V\000a\000r\000i\000a\000n\000c\000e\000\040\000B\000o\000u\000n\000d\000s\000\040\000f\000o\000r\000\040\000t\000h\000e\000\040\000I\000n\000t\000e\000r\000a\000c\000t\000i\000o\000n\000\040\000C\000o\000n\000s\000t\000a\000n\000t}{section.Alph28.1}% 779
\BOOKMARK [2][-]{subsection.Alph28.1.6}{\376\377\000I\000m\000p\000l\000i\000c\000a\000t\000i\000o\000n\000\040\000f\000o\000r\000\040\000U\000n\000i\000f\000o\000r\000m\000\040\000L\000S\000I}{section.Alph28.1}% 780
\BOOKMARK [2][-]{subsection.Alph28.1.7}{\376\377\000T\000h\000e\000\040\000D\000o\000b\000r\000u\000s\000h\000i\000n\000\040\000A\000l\000t\000e\000r\000n\000a\000t\000i\000v\000e}{section.Alph28.1}% 781
\BOOKMARK [1][-]{section.Alph28.2}{\376\377\000L\000a\000t\000t\000i\000c\000e\000\040\000B\000R\000S\000T\000\040\000C\000o\000h\000o\000m\000o\000l\000o\000g\000y\000\040\000a\000n\000d\000\040\000G\000a\000u\000g\000e\000\040\000F\000i\000x\000i\000n\000g}{appendix.Alph28}% 782
\BOOKMARK [2][-]{subsection.Alph28.2.1}{\376\377\000T\000h\000e\000\040\000G\000a\000u\000g\000e\000\040\000R\000e\000d\000u\000n\000d\000a\000n\000c\000y\000\040\000P\000r\000o\000b\000l\000e\000m}{section.Alph28.2}% 783
\BOOKMARK [2][-]{subsection.Alph28.2.2}{\376\377\000B\000R\000S\000T\000\040\000C\000o\000n\000s\000t\000r\000u\000c\000t\000i\000o\000n}{section.Alph28.2}% 784
\BOOKMARK [2][-]{subsection.Alph28.2.3}{\376\377\000G\000a\000u\000g\000e\000-\000F\000i\000x\000e\000d\000\040\000A\000c\000t\000i\000o\000n}{section.Alph28.2}% 785
\BOOKMARK [2][-]{subsection.Alph28.2.4}{\376\377\000P\000h\000y\000s\000i\000c\000a\000l\000\040\000S\000t\000a\000t\000e\000\040\000C\000o\000n\000d\000i\000t\000i\000o\000n}{section.Alph28.2}% 786
\BOOKMARK [2][-]{subsection.Alph28.2.5}{\376\377\000Q\000u\000a\000r\000t\000e\000t\000\040\000M\000e\000c\000h\000a\000n\000i\000s\000m}{section.Alph28.2}% 787
\BOOKMARK [2][-]{subsection.Alph28.2.6}{\376\377\000U\000n\000i\000t\000a\000r\000i\000t\000y\000\040\000o\000n\000\040\000t\000h\000e\000\040\000L\000a\000t\000t\000i\000c\000e}{section.Alph28.2}% 788
\BOOKMARK [2][-]{subsection.Alph28.2.7}{\376\377\000C\000o\000n\000t\000i\000n\000u\000u\000m\000\040\000L\000i\000m\000i\000t\000\040\000o\000f\000\040\000B\000R\000S\000T\000\040\000C\000o\000h\000o\000m\000o\000l\000o\000g\000y}{section.Alph28.2}% 789
\BOOKMARK [2][-]{subsection.Alph28.2.8}{\376\377\000G\000r\000i\000b\000o\000v\000\040\000C\000o\000p\000i\000e\000s\000\040\000a\000n\000d\000\040\000t\000h\000e\000\040\000M\000o\000d\000u\000l\000a\000r\000\040\000D\000o\000m\000a\000i\000n}{section.Alph28.2}% 790
\BOOKMARK [0][-]{appendix.Alph29}{\376\377\000F\000i\000x\000\040\0005\0003\000:\000\040\000T\000h\000e\000\040\000M\000a\000n\000d\000e\000l\000s\000t\000a\000m\000\040\000C\000o\000n\000s\000t\000r\000a\000i\000n\000t\000s\000\040\000\050\000O\000b\000s\000e\000r\000v\000a\000b\000l\000e\000\040\000I\000n\000d\000e\000p\000e\000n\000d\000e\000n\000c\000e\000\051}{theorem.N.1.10}% 791
\BOOKMARK [1][-]{section.Alph29.1}{\376\377\000C\000o\000n\000t\000e\000x\000t\000:\000\040\000T\000h\000e\000\040\000B\000a\000s\000i\000s\000\040\000o\000f\000\040\000W\000i\000l\000s\000o\000n\000\040\000L\000o\000o\000p\000s}{appendix.Alph29}% 792
\BOOKMARK [1][-]{section.Alph29.2}{\376\377\000D\000e\000r\000i\000v\000a\000t\000i\000o\000n\000:\000\040\000T\000r\000a\000c\000e\000\040\000R\000e\000l\000a\000t\000i\000o\000n\000s\000\040\000f\000r\000o\000m\000\040\000C\000a\000y\000l\000e\000y\000-\000H\000a\000m\000i\000l\000t\000o\000n}{appendix.Alph29}% 793
\BOOKMARK [2][-]{subsection.Alph29.2.1}{\376\377\000T\000h\000e\000\040\000M\000a\000n\000d\000e\000l\000s\000t\000a\000m\000\040\000I\000d\000e\000a\000l\000\040\000I}{section.Alph29.2}% 794
\BOOKMARK [1][-]{section.Alph29.3}{\376\377\000C\000o\000n\000s\000t\000r\000a\000i\000n\000t\000\040\000P\000r\000e\000s\000e\000r\000v\000a\000t\000i\000o\000n\000\040\000b\000y\000\040\000D\000y\000n\000a\000m\000i\000c\000s}{appendix.Alph29}% 795
\BOOKMARK [2][-]{subsection.Alph29.3.1}{\376\377\000P\000r\000o\000o\000f\000\040\000o\000f\000\040\000C\000o\000n\000s\000i\000s\000t\000e\000n\000c\000y}{section.Alph29.3}% 796
\BOOKMARK [1][-]{section.Alph29.4}{\376\377\000C\000o\000n\000c\000l\000u\000s\000i\000o\000n}{appendix.Alph29}% 797
\BOOKMARK [0][-]{appendix.Alph30}{\376\377\000F\000i\000x\000\040\0005\0001\000:\000\040\000T\000h\000e\000\040\000'\000t\000\040\000H\000o\000o\000f\000t\000\040\000L\000o\000o\000p\000\040\000A\000l\000g\000e\000b\000r\000a\000\040\000\050\000A\000l\000g\000e\000b\000r\000a\000i\000c\000\040\000C\000o\000n\000f\000i\000n\000e\000m\000e\000n\000t\000\051}{theorem.N.1.10}% 798
\BOOKMARK [1][-]{section.Alph30.1}{\376\377\000C\000o\000n\000t\000e\000x\000t\000:\000\040\000A\000l\000g\000e\000b\000r\000a\000i\000c\000\040\000O\000r\000d\000e\000r\000\040\000P\000a\000r\000a\000m\000e\000t\000e\000r\000s}{appendix.Alph30}% 799
\BOOKMARK [1][-]{section.Alph30.2}{\376\377\000D\000e\000r\000i\000v\000a\000t\000i\000o\000n\000:\000\040\000T\000h\000e\000\040\000W\000e\000y\000l\000\040\000A\000l\000g\000e\000b\000r\000a\000\040\000o\000f\000\040\000L\000o\000o\000p\000s}{appendix.Alph30}% 800
\BOOKMARK [2][-]{subsection.Alph30.2.1}{\376\377\000S\000t\000e\000p\000\040\0001\000:\000\040\000T\000h\000e\000\040\000'\000t\000\040\000H\000o\000o\000f\000t\000\040\000O\000p\000e\000r\000a\000t\000o\000r\000\040\000D\000e\000f\000i\000n\000i\000t\000i\000o\000n}{section.Alph30.2}% 801
\BOOKMARK [2][-]{subsection.Alph30.2.2}{\376\377\000S\000t\000e\000p\000\040\0002\000:\000\040\000T\000h\000e\000\040\000C\000o\000m\000m\000u\000t\000a\000t\000i\000o\000n\000\040\000R\000e\000l\000a\000t\000i\000o\000n}{section.Alph30.2}% 802
\BOOKMARK [1][-]{section.Alph30.3}{\376\377\000I\000m\000p\000l\000i\000c\000a\000t\000i\000o\000n\000\040\000f\000o\000r\000\040\000C\000o\000n\000f\000i\000n\000e\000m\000e\000n\000t}{appendix.Alph30}% 803
\BOOKMARK [1][-]{section.Alph30.4}{\376\377\000C\000o\000n\000c\000l\000u\000s\000i\000o\000n}{appendix.Alph30}% 804
\BOOKMARK [0][-]{appendix.Alph31}{\376\377\000C\000o\000n\000s\000t\000r\000u\000c\000t\000i\000v\000e\000\040\000Q\000F\000T\000\040\000F\000o\000u\000n\000d\000a\000t\000i\000o\000n\000s}{theorem.N.1.10}% 805
\BOOKMARK [1][-]{section.Alph31.1}{\376\377\000A\000p\000p\000e\000n\000d\000i\000x\000\040\000R\000.\0001\0007\0008\000:\000\040\000C\000o\000n\000s\000t\000r\000u\000c\000t\000i\000v\000e\000\040\000Q\000F\000T\000\040\000a\000n\000d\000\040\000G\000e\000o\000m\000e\000t\000r\000i\000c\000\040\000A\000n\000a\000l\000y\000s\000i\000s}{appendix.Alph31}% 806
\BOOKMARK [2][-]{subsection.Alph31.1.1}{\376\377\000T\000h\000e\000\040\000R\000o\000u\000g\000h\000\040\000P\000a\000t\000h\000\040\000L\000i\000f\000t\000\040\000\050\000F\000i\000x\000i\000n\000g\000\040\000"\000C\000o\000n\000t\000i\000n\000u\000u\000m\000\040\000H\000o\000l\000o\000n\000o\000m\000y\000"\000\051}{section.Alph31.1}% 807
\BOOKMARK [2][-]{subsection.Alph31.1.2}{\376\377\000T\000h\000e\000\040\000M\000a\000y\000e\000r\000-\000M\000o\000n\000t\000r\000o\000l\000l\000\040\000E\000q\000u\000a\000t\000i\000o\000n\000\040\000\050\000F\000i\000x\000i\000n\000g\000\040\000"\000C\000l\000u\000s\000t\000e\000r\000\040\000C\000o\000n\000v\000e\000r\000g\000e\000n\000c\000e\000"\000\051}{section.Alph31.1}% 808
\BOOKMARK [2][-]{subsection.Alph31.1.3}{\376\377\000T\000h\000e\000\040\000L\000a\000t\000t\000i\000c\000e\000\040\000I\000n\000d\000e\000x\000\040\000T\000h\000e\000o\000r\000e\000m\000\040\000\050\000F\000i\000x\000i\000n\000g\000\040\000"\000T\000o\000p\000o\000l\000o\000g\000i\000c\000a\000l\000\040\000S\000e\000c\000t\000o\000r\000s\000"\000\051}{section.Alph31.1}% 809
\BOOKMARK [2][-]{subsection.Alph31.1.4}{\376\377\000T\000h\000e\000\040\000K\000M\000S\000\040\000C\000o\000n\000d\000i\000t\000i\000o\000n\000\040\000\050\000F\000i\000x\000i\000n\000g\000\040\000"\000S\000t\000a\000t\000e\000\040\000U\000n\000i\000q\000u\000e\000n\000e\000s\000s\000"\000\051}{section.Alph31.1}% 810
\BOOKMARK [0][-]{appendix.Alph32}{\376\377\000F\000i\000x\000\040\0007\000:\000\040\000S\000y\000m\000a\000n\000z\000i\000k\000\040\000R\000e\000s\000t\000o\000r\000a\000t\000i\000o\000n\000\040\000o\000f\000\040\000S\000O\000\050\0004\000\051\000\040\000\050\000L\000o\000r\000e\000n\000t\000z\000\040\000I\000n\000v\000a\000r\000i\000a\000n\000c\000e\000\051}{theorem.N.1.10}% 811
\BOOKMARK [1][-]{section.Alph32.1}{\376\377\000C\000o\000n\000t\000e\000x\000t\000:\000\040\000T\000h\000e\000\040\000C\000h\000a\000l\000l\000e\000n\000g\000e\000\040\000o\000f\000\040\000S\000y\000m\000m\000e\000t\000r\000y\000\040\000B\000r\000e\000a\000k\000i\000n\000g}{appendix.Alph32}% 812
\BOOKMARK [1][-]{section.Alph32.2}{\376\377\000D\000e\000r\000i\000v\000a\000t\000i\000o\000n\000:\000\040\000T\000h\000e\000\040\000S\000y\000m\000a\000n\000z\000i\000k\000\040\000E\000f\000f\000e\000c\000t\000i\000v\000e\000\040\000A\000c\000t\000i\000o\000n}{appendix.Alph32}% 813
\BOOKMARK [2][-]{subsection.Alph32.2.1}{\376\377\000S\000t\000e\000p\000\040\0001\000:\000\040\000I\000d\000e\000n\000t\000i\000f\000i\000c\000a\000t\000i\000o\000n\000\040\000o\000f\000\040\000L\000e\000a\000d\000i\000n\000g\000\040\000S\000y\000m\000m\000e\000t\000r\000y\000-\000B\000r\000e\000a\000k\000i\000n\000g\000\040\000O\000p\000e\000r\000a\000t\000o\000r\000s}{section.Alph32.2}% 814
\BOOKMARK [2][-]{subsection.Alph32.2.2}{\376\377\000S\000t\000e\000p\000\040\0002\000:\000\040\000A\000n\000o\000m\000a\000l\000o\000u\000s\000\040\000D\000i\000m\000e\000n\000s\000i\000o\000n\000s\000\040\000v\000i\000a\000\040\000B\000a\000l\000a\000b\000a\000n\000'\000s\000\040\000F\000l\000o\000w}{section.Alph32.2}% 815
\BOOKMARK [2][-]{subsection.Alph32.2.3}{\376\377\000S\000t\000e\000p\000\040\0003\000:\000\040\000P\000r\000o\000o\000f\000\040\000o\000f\000\040\000C\000o\000e\000f\000f\000i\000c\000i\000e\000n\000t\000\040\000S\000u\000p\000p\000r\000e\000s\000s\000i\000o\000n}{section.Alph32.2}% 816
\BOOKMARK [2][-]{subsection.Alph32.2.4}{\376\377\000S\000t\000e\000p\000\040\0004\000:\000\040\000V\000e\000r\000i\000f\000i\000c\000a\000t\000i\000o\000n\000\040\000v\000i\000a\000\040\000t\000h\000e\000\040\000S\000t\000r\000e\000s\000s\000-\000E\000n\000e\000r\000g\000y\000\040\000T\000e\000n\000s\000o\000r}{section.Alph32.2}% 817
\BOOKMARK [1][-]{section.Alph32.3}{\376\377\000C\000o\000n\000c\000l\000u\000s\000i\000o\000n}{appendix.Alph32}% 818
\BOOKMARK [0][-]{appendix.Alph33}{\376\377\000F\000i\000x\000\040\0009\000:\000\040\000T\000h\000e\000\040\000L\000a\000t\000t\000i\000c\000e\000\040\000I\000n\000d\000e\000x\000\040\000T\000h\000e\000o\000r\000e\000m\000\040\000\050\000T\000o\000p\000o\000l\000o\000g\000i\000c\000a\000l\000\040\000S\000t\000a\000b\000i\000l\000i\000t\000y\000\051}{theorem.N.1.10}% 819
\BOOKMARK [1][-]{section.Alph33.1}{\376\377\000C\000o\000n\000t\000e\000x\000t\000:\000\040\000T\000o\000p\000o\000l\000o\000g\000i\000c\000a\000l\000\040\000P\000r\000o\000t\000e\000c\000t\000i\000o\000n\000\040\000o\000f\000\040\000t\000h\000e\000\040\000G\000a\000p}{appendix.Alph33}% 820
\BOOKMARK [1][-]{section.Alph33.2}{\376\377\000T\000h\000e\000\040\000O\000v\000e\000r\000l\000a\000p\000\040\000D\000i\000r\000a\000c\000\040\000O\000p\000e\000r\000a\000t\000o\000r}{appendix.Alph33}% 821
\BOOKMARK [1][-]{section.Alph33.3}{\376\377\000T\000h\000e\000\040\000G\000i\000n\000s\000p\000a\000r\000g\000-\000W\000i\000l\000s\000o\000n\000\040\000R\000e\000l\000a\000t\000i\000o\000n}{appendix.Alph33}% 822
\BOOKMARK [1][-]{section.Alph33.4}{\376\377\000T\000h\000e\000\040\000L\000a\000t\000t\000i\000c\000e\000\040\000I\000n\000d\000e\000x\000\040\000T\000h\000e\000o\000r\000e\000m}{appendix.Alph33}% 823
\BOOKMARK [1][-]{section.Alph33.5}{\376\377\000I\000m\000p\000l\000i\000c\000a\000t\000i\000o\000n\000\040\000f\000o\000r\000\040\000t\000h\000e\000\040\000M\000a\000s\000s\000\040\000G\000a\000p}{appendix.Alph33}% 824
\BOOKMARK [1][-]{section.Alph33.6}{\376\377\000O\000s\000t\000e\000r\000w\000a\000l\000d\000e\000r\000-\000S\000c\000h\000r\000a\000d\000e\000r\000\040\000A\000x\000i\000o\000m\000s\000:\000\040\000C\000o\000m\000p\000l\000e\000t\000e\000\040\000V\000e\000r\000i\000f\000i\000c\000a\000t\000i\000o\000n}{appendix.Alph33}% 825
\BOOKMARK [2][-]{subsection.Alph33.6.1}{\376\377\000T\000h\000e\000\040\000O\000s\000t\000e\000r\000w\000a\000l\000d\000e\000r\000-\000S\000c\000h\000r\000a\000d\000e\000r\000\040\000A\000x\000i\000o\000m\000s}{section.Alph33.6}% 826
\BOOKMARK [2][-]{subsection.Alph33.6.2}{\376\377\000L\000a\000t\000t\000i\000c\000e\000\040\000Y\000a\000n\000g\000-\000M\000i\000l\000l\000s\000\040\000S\000c\000h\000w\000i\000n\000g\000e\000r\000\040\000F\000u\000n\000c\000t\000i\000o\000n\000s}{section.Alph33.6}% 827
\BOOKMARK [2][-]{subsection.Alph33.6.3}{\376\377\000V\000e\000r\000i\000f\000i\000c\000a\000t\000i\000o\000n\000\040\000o\000f\000\040\000O\000S\0000\000:\000\040\000T\000e\000m\000p\000e\000r\000e\000d\000n\000e\000s\000s}{section.Alph33.6}% 828
\BOOKMARK [0][-]{appendix.Alph34}{\376\377\000V\000a\000c\000u\000u\000m\000\040\000S\000t\000r\000u\000c\000t\000u\000r\000e\000\040\000a\000n\000d\000\040\000U\000n\000i\000q\000u\000e\000n\000e\000s\000s}{theorem.N.1.10}% 829
\BOOKMARK [1][-]{section.Alph34.1}{\376\377\000A\000p\000p\000e\000n\000d\000i\000x\000\040\000R\000.\0001\0006\0003\000:\000\040\000V\000a\000c\000u\000u\000m\000\040\000U\000n\000i\000q\000u\000e\000n\000e\000s\000s\000\040\000v\000i\000a\000\040\000S\000p\000e\000c\000t\000r\000a\000l\000\040\000G\000a\000p}{appendix.Alph34}% 830
\BOOKMARK [0][-]{appendix.Alph35}{\376\377\000F\000i\000x\000\040\0001\0001\000:\000\040\000V\000a\000c\000u\000u\000m\000\040\000U\000n\000i\000q\000u\000e\000n\000e\000s\000s\000\040\000v\000i\000a\000\040\000C\000l\000u\000s\000t\000e\000r\000\040\000D\000e\000c\000o\000m\000p\000o\000s\000i\000t\000i\000o\000n}{theorem.N.1.10}% 831
\BOOKMARK [1][-]{section.Alph35.1}{\376\377\000C\000o\000n\000t\000e\000x\000t\000:\000\040\000T\000h\000e\000\040\000T\000r\000a\000p\000\040\000o\000f\000\040\000D\000e\000g\000e\000n\000e\000r\000a\000t\000e\000\040\000V\000a\000c\000u\000a}{appendix.Alph35}% 832
\BOOKMARK [1][-]{section.Alph35.2}{\376\377\000D\000e\000r\000i\000v\000a\000t\000i\000o\000n\000:\000\040\000E\000x\000p\000o\000n\000e\000n\000t\000i\000a\000l\000\040\000C\000l\000u\000s\000t\000e\000r\000i\000n\000g\000\040\000v\000i\000a\000\040\000P\000i\000r\000o\000g\000o\000v\000-\000S\000i\000n\000a\000i\000\040\000I\000n\000t\000e\000r\000a\000c\000t\000i\000o\000n}{appendix.Alph35}% 833
\BOOKMARK [2][-]{subsection.Alph35.2.1}{\376\377\000S\000t\000e\000p\000\040\0001\000:\000\040\000T\000h\000e\000\040\000C\000o\000n\000t\000o\000u\000r\000\040\000R\000e\000p\000r\000e\000s\000e\000n\000t\000a\000t\000i\000o\000n}{section.Alph35.2}% 834
\BOOKMARK [2][-]{subsection.Alph35.2.2}{\376\377\000S\000t\000e\000p\000\040\0002\000:\000\040\000A\000b\000s\000e\000n\000c\000e\000\040\000o\000f\000\040\000P\000h\000a\000s\000e\000\040\000T\000r\000a\000n\000s\000i\000t\000i\000o\000n\000s}{section.Alph35.2}% 835
\BOOKMARK [2][-]{subsection.Alph35.2.3}{\376\377\000S\000t\000e\000p\000\040\0003\000:\000\040\000E\000x\000p\000o\000n\000e\000n\000t\000i\000a\000l\000\040\000C\000l\000u\000s\000t\000e\000r\000i\000n\000g}{section.Alph35.2}% 836
\BOOKMARK [1][-]{section.Alph35.3}{\376\377\000P\000r\000o\000o\000f\000\040\000o\000f\000\040\000R\000a\000n\000k\000-\0001\000\040\000P\000r\000o\000j\000e\000c\000t\000i\000o\000n}{appendix.Alph35}% 837
\BOOKMARK [1][-]{section.Alph35.4}{\376\377\000C\000o\000n\000c\000l\000u\000s\000i\000o\000n}{appendix.Alph35}% 838
\BOOKMARK [1][-]{section.Alph35.5}{\376\377\000A\000p\000p\000e\000n\000d\000i\000x\000\040\000R\000.\0001\0006\0000\000:\000\040\000R\000i\000g\000o\000r\000o\000u\000s\000\040\000E\000x\000c\000l\000u\000s\000i\000o\000n\000\040\000o\000f\000\040\000t\000h\000e\000\040\000C\000o\000u\000l\000o\000m\000b\000\040\000P\000h\000a\000s\000e}{appendix.Alph35}% 839
\BOOKMARK [0][-]{appendix.Alph36}{\376\377\000S\000p\000e\000c\000i\000a\000l\000i\000z\000e\000d\000\040\000M\000a\000t\000h\000e\000m\000a\000t\000i\000c\000a\000l\000\040\000T\000o\000o\000l\000s}{theorem.N.1.10}% 840
\BOOKMARK [1][-]{section.Alph36.1}{\376\377\000N\000o\000v\000e\000l\000\040\000M\000a\000t\000h\000e\000m\000a\000t\000i\000c\000a\000l\000\040\000T\000o\000o\000l\000s}{appendix.Alph36}% 841
\BOOKMARK [2][-]{subsection.Alph36.1.1}{\376\377\000T\000o\000o\000l\000\040\000I\000:\000\040\000S\000t\000o\000c\000h\000a\000s\000t\000i\000c\000\040\000G\000e\000o\000m\000e\000t\000r\000i\000c\000\040\000F\000l\000o\000w\000\040\000f\000o\000r\000\040\000C\000o\000n\000t\000i\000n\000u\000u\000m\000\040\000L\000i\000m\000i\000t}{section.Alph36.1}% 842
\BOOKMARK [2][-]{subsection.Alph36.1.2}{\376\377\000T\000o\000o\000l\000\040\000I\000I\000:\000\040\000E\000n\000t\000r\000o\000p\000i\000c\000\040\000S\000t\000r\000i\000n\000g\000\040\000T\000e\000n\000s\000i\000o\000n\000\040\000v\000i\000a\000\040\000I\000n\000f\000o\000r\000m\000a\000t\000i\000o\000n\000\040\000G\000e\000o\000m\000e\000t\000r\000y}{section.Alph36.1}% 843
\BOOKMARK [2][-]{subsection.Alph36.1.3}{\376\377\000T\000o\000o\000l\000\040\000I\000I\000I\000:\000\040\000S\000p\000e\000c\000t\000r\000a\000l\000\040\000P\000e\000r\000m\000a\000n\000e\000n\000c\000e\000\040\000v\000i\000a\000\040\000N\000o\000n\000-\000C\000o\000m\000m\000u\000t\000a\000t\000i\000v\000e\000\040\000G\000e\000o\000m\000e\000t\000r\000y}{section.Alph36.1}% 844
\BOOKMARK [2][-]{subsection.Alph36.1.4}{\376\377\000T\000o\000o\000l\000\040\000I\000V\000:\000\040\000C\000a\000t\000e\000g\000o\000r\000i\000c\000a\000l\000\040\000O\000S\000\040\000A\000x\000i\000o\000m\000s\000\040\000v\000i\000a\000\040\000H\000i\000g\000h\000e\000r\000\040\000S\000t\000r\000u\000c\000t\000u\000r\000e\000s}{section.Alph36.1}% 845
\BOOKMARK [2][-]{subsection.Alph36.1.5}{\376\377\000T\000o\000o\000l\000\040\000V\000:\000\040\000C\000h\000e\000e\000g\000e\000r\000-\000B\000u\000s\000e\000r\000\040\000T\000h\000e\000o\000r\000y\000\040\000o\000n\000\040\000G\000a\000u\000g\000e\000\040\000O\000r\000b\000i\000t\000\040\000S\000p\000a\000c\000e}{section.Alph36.1}% 846
\BOOKMARK [2][-]{subsection.Alph36.1.6}{\376\377\000T\000o\000o\000l\000\040\000V\000-\000b\000i\000s\000:\000\040\000R\000i\000g\000o\000r\000o\000u\000s\000\040\000I\000n\000f\000i\000n\000i\000t\000e\000-\000D\000i\000m\000e\000n\000s\000i\000o\000n\000a\000l\000\040\000A\000n\000a\000l\000y\000s\000i\000s}{section.Alph36.1}% 847
\BOOKMARK [0][-]{appendix.Alph37}{\376\377\000F\000i\000x\000\040\0001\0007\000:\000\040\000T\000h\000e\000\040\000S\000t\000r\000a\000t\000i\000f\000i\000e\000d\000\040\000H\000a\000r\000d\000y\000\040\000I\000n\000e\000q\000u\000a\000l\000i\000t\000y\000\040\000\050\000S\000i\000n\000g\000u\000l\000a\000r\000i\000t\000y\000\040\000C\000o\000n\000t\000r\000o\000l\000\051}{theorem.N.1.10}% 848
\BOOKMARK [1][-]{section.Alph37.1}{\376\377\000C\000o\000n\000t\000e\000x\000t\000:\000\040\000T\000h\000e\000\040\000G\000e\000o\000m\000e\000t\000r\000y\000\040\000o\000f\000\040\000G\000a\000u\000g\000e\000\040\000O\000r\000b\000i\000t\000s}{appendix.Alph37}% 849
\BOOKMARK [1][-]{section.Alph37.2}{\376\377\000L\000o\000c\000a\000l\000\040\000S\000t\000r\000u\000c\000t\000u\000r\000e\000\040\000o\000f\000\040\000S\000i\000n\000g\000u\000l\000a\000r\000i\000t\000i\000e\000s\000:\000\040\000T\000h\000e\000\040\000S\000l\000i\000c\000e\000\040\000T\000h\000e\000o\000r\000e\000m}{appendix.Alph37}% 850
\BOOKMARK [1][-]{section.Alph37.3}{\376\377\000D\000e\000r\000i\000v\000a\000t\000i\000o\000n\000:\000\040\000T\000h\000e\000\040\000H\000a\000m\000i\000l\000t\000o\000n\000i\000a\000n\000\040\000o\000n\000\040\000t\000h\000e\000\040\000C\000o\000n\000e}{appendix.Alph37}% 851
\BOOKMARK [1][-]{section.Alph37.4}{\376\377\000T\000h\000e\000\040\000H\000a\000r\000d\000y\000\040\000I\000n\000e\000q\000u\000a\000l\000i\000t\000y\000\040\000a\000n\000d\000\040\000E\000s\000s\000e\000n\000t\000i\000a\000l\000\040\000S\000e\000l\000f\000-\000A\000d\000j\000o\000i\000n\000t\000n\000e\000s\000s}{appendix.Alph37}% 852
\BOOKMARK [1][-]{section.Alph37.5}{\376\377\000C\000o\000n\000c\000l\000u\000s\000i\000o\000n\000:\000\040\000U\000n\000i\000q\000u\000e\000n\000e\000s\000s\000\040\000o\000f\000\040\000D\000y\000n\000a\000m\000i\000c\000s}{appendix.Alph37}% 853
\BOOKMARK [1][-]{section.Alph37.6}{\376\377\000A\000l\000t\000e\000r\000n\000a\000t\000i\000v\000e\000\040\000R\000i\000g\000o\000r\000o\000u\000s\000\040\000F\000o\000r\000m\000u\000l\000a\000t\000i\000o\000n\000:\000\040\000G\000r\000i\000b\000o\000v\000-\000Z\000w\000a\000n\000z\000i\000g\000e\000r\000\040\000A\000c\000t\000i\000o\000n}{appendix.Alph37}% 854
\BOOKMARK [2][-]{subsection.Alph37.6.1}{\376\377\000T\000h\000e\000\040\000G\000r\000i\000b\000o\000v\000-\000Z\000w\000a\000n\000z\000i\000g\000e\000r\000\040\000A\000c\000t\000i\000o\000n}{section.Alph37.6}% 855
\BOOKMARK [0][-]{appendix.Alph38}{\376\377\000F\000i\000x\000\040\0003\0003\000:\000\040\000T\000h\000e\000\040\000H\000e\000l\000f\000f\000e\000r\000-\000S\000j\000\366\000s\000t\000r\000a\000n\000d\000\040\000F\000o\000r\000m\000u\000l\000a\000\040\000\050\000S\000p\000e\000c\000t\000r\000a\000l\000\040\000D\000e\000c\000a\000y\000\051}{theorem.N.1.10}% 856
\BOOKMARK [1][-]{section.Alph38.1}{\376\377\000C\000o\000n\000t\000e\000x\000t\000:\000\040\000F\000r\000o\000m\000\040\000S\000p\000e\000c\000t\000r\000u\000m\000\040\000t\000o\000\040\000S\000p\000a\000t\000i\000a\000l\000\040\000D\000e\000c\000a\000y}{appendix.Alph38}% 857
\BOOKMARK [1][-]{section.Alph38.2}{\376\377\000T\000h\000e\000\040\000H\000e\000l\000f\000f\000e\000r\000-\000S\000j\000\366\000s\000t\000r\000a\000n\000d\000\040\000R\000e\000p\000r\000e\000s\000e\000n\000t\000a\000t\000i\000o\000n}{appendix.Alph38}% 858
\BOOKMARK [1][-]{section.Alph38.3}{\376\377\000T\000h\000e\000\040\000C\000o\000m\000b\000e\000s\000-\000T\000h\000o\000m\000a\000s\000\040\000B\000o\000u\000n\000d}{appendix.Alph38}% 859
\BOOKMARK [1][-]{section.Alph38.4}{\376\377\000D\000e\000r\000i\000v\000a\000t\000i\000o\000n\000\040\000o\000f\000\040\000C\000o\000r\000r\000e\000l\000a\000t\000i\000o\000n\000\040\000D\000e\000c\000a\000y}{appendix.Alph38}% 860
\BOOKMARK [1][-]{section.Alph38.5}{\376\377\000C\000o\000n\000c\000l\000u\000s\000i\000o\000n}{appendix.Alph38}% 861
\BOOKMARK [0][-]{appendix.Alph39}{\376\377\000F\000i\000x\000\040\0003\0007\000:\000\040\000T\000h\000e\000\040\000R\000e\000s\000u\000r\000g\000e\000n\000c\000e\000\040\000C\000a\000n\000c\000e\000l\000l\000a\000t\000i\000o\000n\000\040\000\050\000N\000o\000n\000-\000P\000e\000r\000t\000u\000r\000b\000a\000t\000i\000v\000e\000\040\000A\000m\000b\000i\000g\000u\000i\000t\000y\000\051}{theorem.N.1.10}% 862
\BOOKMARK [1][-]{section.Alph39.1}{\376\377\000C\000o\000n\000t\000e\000x\000t\000:\000\040\000T\000h\000e\000\040\000U\000n\000-\000S\000u\000m\000m\000a\000b\000i\000l\000i\000t\000y\000\040\000o\000f\000\040\000P\000e\000r\000t\000u\000r\000b\000a\000t\000i\000o\000n\000\040\000T\000h\000e\000o\000r\000y}{appendix.Alph39}% 863
\BOOKMARK [1][-]{section.Alph39.2}{\376\377\000D\000e\000r\000i\000v\000a\000t\000i\000o\000n\000:\000\040\000T\000r\000a\000n\000s\000-\000S\000e\000r\000i\000e\000s\000\040\000E\000x\000p\000a\000n\000s\000i\000o\000n}{appendix.Alph39}% 864
\BOOKMARK [2][-]{subsection.Alph39.2.1}{\376\377\000S\000t\000e\000p\000\040\0001\000:\000\040\000T\000h\000e\000\040\000B\000o\000r\000e\000l\000\040\000T\000r\000a\000n\000s\000f\000o\000r\000m\000\040\000a\000n\000d\000\040\000S\000i\000n\000g\000u\000l\000a\000r\000i\000t\000i\000e\000s}{section.Alph39.2}% 865
\BOOKMARK [2][-]{subsection.Alph39.2.2}{\376\377\000S\000t\000e\000p\000\040\0002\000:\000\040\000T\000h\000e\000\040\000I\000n\000s\000t\000a\000n\000t\000o\000n\000-\000A\000n\000t\000i\000-\000I\000n\000s\000t\000a\000n\000t\000o\000n\000\040\000A\000m\000p\000l\000i\000t\000u\000d\000e}{section.Alph39.2}% 866
\BOOKMARK [2][-]{subsection.Alph39.2.3}{\376\377\000S\000t\000e\000p\000\040\0003\000:\000\040\000T\000h\000e\000\040\000B\000o\000g\000o\000m\000o\000l\000n\000y\000-\000Z\000i\000n\000n\000-\000J\000u\000s\000t\000i\000n\000\040\000\050\000B\000Z\000J\000\051\000\040\000C\000a\000n\000c\000e\000l\000l\000a\000t\000i\000o\000n}{section.Alph39.2}% 867
\BOOKMARK [1][-]{section.Alph39.3}{\376\377\000C\000o\000n\000c\000l\000u\000s\000i\000o\000n\000:\000\040\000A\000\040\000R\000e\000a\000l\000\040\000P\000h\000y\000s\000i\000c\000a\000l\000\040\000M\000a\000s\000s}{appendix.Alph39}% 868
\BOOKMARK [0][-]{appendix.Alph40}{\376\377\000F\000i\000x\000\040\0003\0006\000:\000\040\000L\000i\000e\000b\000-\000T\000h\000i\000r\000r\000i\000n\000g\000\040\000S\000t\000a\000b\000i\000l\000i\000t\000y\000\040\000f\000o\000r\000\040\000L\000a\000t\000t\000i\000c\000e\000\040\000F\000e\000r\000m\000i\000o\000n\000s}{theorem.N.1.10}% 869
\BOOKMARK [1][-]{section.Alph40.1}{\376\377\000T\000h\000e\000\040\000S\000t\000a\000b\000i\000l\000i\000t\000y\000\040\000P\000r\000o\000b\000l\000e\000m}{appendix.Alph40}% 870
\BOOKMARK [1][-]{section.Alph40.2}{\376\377\000L\000a\000t\000t\000i\000c\000e\000\040\000L\000i\000e\000b\000-\000T\000h\000i\000r\000r\000i\000n\000g\000\040\000I\000n\000e\000q\000u\000a\000l\000i\000t\000y}{appendix.Alph40}% 871
\BOOKMARK [1][-]{section.Alph40.3}{\376\377\000A\000b\000s\000e\000n\000c\000e\000\040\000o\000f\000\040\000F\000e\000r\000m\000i\000o\000n\000i\000c\000\040\000C\000o\000n\000d\000e\000n\000s\000a\000t\000i\000o\000n\000\040\000I\000n\000s\000t\000a\000b\000i\000l\000i\000t\000y}{appendix.Alph40}% 872
\BOOKMARK [1][-]{section.Alph40.4}{\376\377\000B\000a\000t\000t\000l\000e\000-\000F\000e\000d\000e\000r\000b\000u\000s\000h\000\040\000T\000r\000e\000e\000\040\000D\000e\000c\000a\000y\000:\000\040\000T\000e\000m\000p\000e\000r\000e\000d\000n\000e\000s\000s\000\040\000o\000f\000\040\000S\000c\000h\000w\000i\000n\000g\000e\000r\000\040\000F\000u\000n\000c\000t\000i\000o\000n\000s}{appendix.Alph40}% 873
\BOOKMARK [2][-]{subsection.Alph40.4.1}{\376\377\000T\000h\000e\000\040\000S\000c\000h\000w\000i\000n\000g\000e\000r\000\040\000F\000u\000n\000c\000t\000i\000o\000n\000s}{section.Alph40.4}% 874
\BOOKMARK [2][-]{subsection.Alph40.4.2}{\376\377\000T\000h\000e\000\040\000B\000a\000t\000t\000l\000e\000-\000F\000e\000d\000e\000r\000b\000u\000s\000h\000\040\000B\000o\000u\000n\000d}{section.Alph40.4}% 875
\BOOKMARK [2][-]{subsection.Alph40.4.3}{\376\377\000T\000e\000m\000p\000e\000r\000e\000d\000n\000e\000s\000s\000\040\000B\000o\000u\000n\000d}{section.Alph40.4}% 876
\BOOKMARK [2][-]{subsection.Alph40.4.4}{\376\377\000T\000e\000m\000p\000e\000r\000e\000d\000n\000e\000s\000s\000\040\000I\000m\000p\000l\000i\000e\000s\000\040\000D\000i\000s\000t\000r\000i\000b\000u\000t\000i\000o\000n}{section.Alph40.4}% 877
\BOOKMARK [2][-]{subsection.Alph40.4.5}{\376\377\000E\000x\000c\000l\000u\000s\000i\000o\000n\000\040\000o\000f\000\040\000H\000y\000p\000e\000r\000f\000u\000n\000c\000t\000i\000o\000n\000\040\000B\000e\000h\000a\000v\000i\000o\000r}{section.Alph40.4}% 878
\BOOKMARK [2][-]{subsection.Alph40.4.6}{\376\377\000A\000p\000p\000l\000i\000c\000a\000t\000i\000o\000n\000\040\000t\000o\000\040\000Y\000a\000n\000g\000-\000M\000i\000l\000l\000s}{section.Alph40.4}% 879
\BOOKMARK [2][-]{subsection.Alph40.4.7}{\376\377\000E\000x\000p\000l\000i\000c\000i\000t\000\040\000C\000o\000n\000s\000t\000a\000n\000t\000\040\000C\000o\000m\000p\000u\000t\000a\000t\000i\000o\000n}{section.Alph40.4}% 880
\BOOKMARK [0][-]{appendix.Alph41}{\376\377\000V\000a\000r\000i\000a\000n\000c\000e\000-\000B\000a\000s\000e\000d\000\040\000T\000r\000a\000n\000s\000p\000o\000r\000t\000\040\000M\000e\000t\000h\000o\000d\000s}{theorem.N.1.10}% 881
\BOOKMARK [1][-]{section.Alph41.1}{\376\377\000R\000i\000g\000o\000r\000o\000u\000s\000\040\000D\000e\000v\000e\000l\000o\000p\000m\000e\000n\000t\000\040\000o\000f\000\040\000V\000a\000r\000i\000a\000n\000c\000e\000-\000B\000a\000s\000e\000d\000\040\000T\000r\000a\000n\000s\000p\000o\000r\000t}{appendix.Alph41}% 882
\BOOKMARK [2][-]{subsection.Alph41.1.1}{\376\377\000M\000o\000t\000i\000v\000a\000t\000i\000o\000n\000\040\000a\000n\000d\000\040\000O\000v\000e\000r\000v\000i\000e\000w}{section.Alph41.1}% 883
\BOOKMARK [2][-]{subsection.Alph41.1.2}{\376\377\000T\000h\000e\000o\000r\000e\000t\000i\000c\000a\000l\000\040\000F\000r\000a\000m\000e\000w\000o\000r\000k}{section.Alph41.1}% 884
\BOOKMARK [2][-]{subsection.Alph41.1.3}{\376\377\000Q\000u\000a\000n\000t\000i\000t\000a\000t\000i\000v\000e\000\040\000E\000s\000t\000i\000m\000a\000t\000e\000s\000\040\000f\000o\000r\000\040\000L\000a\000t\000t\000i\000c\000e\000\040\000Y\000a\000n\000g\000-\000M\000i\000l\000l\000s}{section.Alph41.1}% 885
\BOOKMARK [2][-]{subsection.Alph41.1.4}{\376\377\000R\000i\000g\000o\000r\000o\000u\000s\000\040\000U\000n\000i\000f\000o\000r\000m\000\040\000L\000S\000I\000\040\000P\000r\000o\000o\000f\000\040\000v\000i\000a\000\040\000V\000a\000r\000i\000a\000n\000c\000e\000\040\000T\000r\000a\000n\000s\000p\000o\000r\000t}{section.Alph41.1}% 886
\BOOKMARK [2][-]{subsection.Alph41.1.5}{\376\377\000E\000x\000p\000l\000i\000c\000i\000t\000\040\000Q\000u\000a\000n\000t\000i\000t\000a\000t\000i\000v\000e\000\040\000E\000v\000a\000l\000u\000a\000t\000i\000o\000n}{section.Alph41.1}% 887
\BOOKMARK [2][-]{subsection.Alph41.1.6}{\376\377\000C\000o\000n\000c\000l\000u\000s\000i\000o\000n}{section.Alph41.1}% 888
\BOOKMARK [0][-]{appendix.Alph42}{\376\377\000P\000r\000o\000o\000f\000\040\000R\000o\000a\000d\000m\000a\000p\000s\000\040\000a\000n\000d\000\040\000V\000e\000r\000i\000f\000i\000c\000a\000t\000i\000o\000n\000\040\000C\000h\000e\000c\000k\000l\000i\000s\000t\000s}{theorem.N.1.10}% 889
\BOOKMARK [1][-]{section.Alph42.1}{\376\377\000P\000r\000o\000o\000f\000\040\000R\000o\000a\000d\000m\000a\000p\000\040\000a\000n\000d\000\040\000V\000e\000r\000i\000f\000i\000c\000a\000t\000i\000o\000n\000\040\000C\000h\000e\000c\000k\000l\000i\000s\000t}{appendix.Alph42}% 890
\BOOKMARK [2][-]{subsection.Alph42.1.1}{\376\377\000E\000x\000e\000c\000u\000t\000i\000v\000e\000\040\000S\000u\000m\000m\000a\000r\000y}{section.Alph42.1}% 891
\BOOKMARK [2][-]{subsection.Alph42.1.2}{\376\377\000R\000o\000u\000t\000e\000\040\000A\000:\000\040\000D\000i\000r\000e\000c\000t\000\040\000C\000o\000n\000s\000t\000r\000u\000c\000t\000i\000v\000e\000\040\000P\000a\000t\000h}{section.Alph42.1}% 892
\BOOKMARK [2][-]{subsection.Alph42.1.3}{\376\377\000R\000o\000u\000t\000e\000\040\000B\000:\000\040\000A\000d\000j\000o\000i\000n\000t\000\040\000I\000n\000t\000e\000r\000p\000o\000l\000a\000t\000i\000o\000n\000\040\000\050\000R\000e\000c\000o\000m\000m\000e\000n\000d\000e\000d\000\051}{section.Alph42.1}% 893
\BOOKMARK [2][-]{subsection.Alph42.1.4}{\376\377\000r\000i\000g\000o\000r\000o\000u\000s\000\040\000s\000t\000a\000n\000d\000a\000r\000d\000\040\000V\000e\000r\000i\000f\000i\000c\000a\000t\000i\000o\000n\000\040\000C\000h\000e\000c\000k\000l\000i\000s\000t}{section.Alph42.1}% 894
\BOOKMARK [2][-]{subsection.Alph42.1.5}{\376\377\000K\000e\000y\000\040\000T\000e\000c\000h\000n\000i\000c\000a\000l\000\040\000F\000o\000r\000m\000u\000l\000a\000s}{section.Alph42.1}% 895
\BOOKMARK [2][-]{subsection.Alph42.1.6}{\376\377\000C\000o\000n\000c\000l\000u\000s\000i\000o\000n}{section.Alph42.1}% 896
\BOOKMARK [1][-]{section.Alph42.2}{\376\377\000I\000n\000t\000e\000r\000m\000e\000d\000i\000a\000t\000e\000\040\000C\000o\000u\000p\000l\000i\000n\000g\000\040\000C\000o\000n\000t\000r\000o\000l}{appendix.Alph42}% 897
\BOOKMARK [2][-]{subsection.Alph42.2.1}{\376\377\000T\000h\000e\000\040\000C\000h\000a\000l\000l\000e\000n\000g\000e}{section.Alph42.2}% 898
\BOOKMARK [2][-]{subsection.Alph42.2.2}{\376\377\000R\000e\000s\000o\000l\000u\000t\000i\000o\000n\000\040\000S\000t\000r\000a\000t\000e\000g\000y}{section.Alph42.2}% 899
\BOOKMARK [2][-]{subsection.Alph42.2.3}{\376\377\000K\000e\000y\000\040\000R\000e\000s\000u\000l\000t\000s}{section.Alph42.2}% 900
\BOOKMARK [1][-]{section.Alph42.3}{\376\377\000R\000o\000a\000d\000m\000a\000p\000\040\0002\000:\000\040\000R\000i\000g\000o\000r\000o\000u\000s\000\040\000C\000o\000n\000t\000i\000n\000u\000u\000m\000\040\000L\000i\000m\000i\000t\000\040\000v\000i\000a\000\040\000S\000t\000o\000c\000h\000a\000s\000t\000i\000c\000\040\000G\000e\000o\000m\000e\000t\000r\000i\000c\000\040\000F\000l\000o\000w}{appendix.Alph42}% 901
\BOOKMARK [2][-]{subsection.Alph42.3.1}{\376\377\000S\000t\000e\000p\000\040\0001\000:\000\040\000U\000n\000i\000f\000o\000r\000m\000\040\000R\000e\000g\000u\000l\000a\000r\000i\000t\000y\000\040\000E\000s\000t\000i\000m\000a\000t\000e\000s}{section.Alph42.3}% 902
\BOOKMARK [2][-]{subsection.Alph42.3.2}{\376\377\000S\000t\000e\000p\000\040\0002\000:\000\040\000M\000o\000s\000c\000o\000\040\000C\000o\000n\000v\000e\000r\000g\000e\000n\000c\000e\000\040\000o\000f\000\040\000D\000i\000r\000i\000c\000h\000l\000e\000t\000\040\000F\000o\000r\000m\000s}{section.Alph42.3}% 903
\BOOKMARK [2][-]{subsection.Alph42.3.3}{\376\377\000S\000t\000e\000p\000\040\0003\000:\000\040\000N\000o\000n\000-\000C\000i\000r\000c\000u\000l\000a\000r\000\040\000S\000c\000a\000l\000e\000\040\000S\000e\000t\000t\000i\000n\000g}{section.Alph42.3}% 904
\BOOKMARK [2][-]{subsection.Alph42.3.4}{\376\377\000S\000y\000n\000t\000h\000e\000s\000i\000s\000:\000\040\000C\000o\000n\000t\000i\000n\000u\000u\000m\000\040\000L\000i\000m\000i\000t\000\040\000T\000h\000e\000o\000r\000e\000m}{section.Alph42.3}% 905
\BOOKMARK [1][-]{section.Alph42.4}{\376\377\000E\000x\000p\000l\000i\000c\000i\000t\000\040\000C\000o\000n\000v\000e\000r\000g\000e\000n\000c\000e\000\040\000R\000a\000t\000e\000s\000\040\000\050\000S\000y\000m\000a\000n\000z\000i\000k\000\040\000B\000o\000u\000n\000d\000s\000\051}{appendix.Alph42}% 906
\BOOKMARK [2][-]{subsection.Alph42.4.1}{\376\377\000S\000p\000e\000c\000t\000r\000a\000l\000\040\000P\000e\000r\000t\000u\000r\000b\000a\000t\000i\000o\000n\000\040\000T\000h\000e\000o\000r\000y}{section.Alph42.4}% 907
\BOOKMARK [2][-]{subsection.Alph42.4.2}{\376\377\000T\000h\000e\000\040\000C\000o\000n\000v\000e\000r\000g\000e\000n\000c\000e\000\040\000T\000h\000e\000o\000r\000e\000m}{section.Alph42.4}% 908
\BOOKMARK [1][-]{section.Alph42.5}{\376\377\000R\000o\000a\000d\000m\000a\000p\000\040\0001\000:\000\040\000C\000o\000m\000p\000l\000e\000t\000e\000\040\000H\000i\000e\000r\000a\000r\000c\000h\000i\000c\000a\000l\000\040\000Z\000e\000g\000a\000r\000l\000i\000n\000s\000k\000i\000\040\000P\000r\000o\000o\000f}{appendix.Alph42}% 909
\BOOKMARK [2][-]{subsection.Alph42.5.1}{\376\377\000T\000h\000e\000\040\000S\000t\000r\000a\000t\000e\000g\000y\000:\000\040\000B\000y\000p\000a\000s\000s\000i\000n\000g\000\040\000H\000o\000l\000l\000e\000y\000-\000S\000t\000r\000o\000o\000c\000k}{section.Alph42.5}% 910
\BOOKMARK [2][-]{subsection.Alph42.5.2}{\376\377\000S\000t\000e\000p\000\040\0001\000:\000\040\000R\000e\000c\000u\000r\000s\000i\000v\000e\000\040\000B\000l\000o\000c\000k\000\040\000D\000e\000c\000o\000m\000p\000o\000s\000i\000t\000i\000o\000n}{section.Alph42.5}% 911
\BOOKMARK [2][-]{subsection.Alph42.5.3}{\376\377\000S\000t\000e\000p\000\040\0002\000:\000\040\000T\000h\000e\000\040\0001\000D\000\040\000B\000a\000s\000e\000\040\000C\000a\000s\000e\000\040\000-\000\040\000C\000o\000m\000p\000l\000e\000t\000e\000\040\000P\000r\000o\000o\000f}{section.Alph42.5}% 912
\BOOKMARK [2][-]{subsection.Alph42.5.4}{\376\377\000S\000t\000e\000p\000\040\0003\000:\000\040\000D\000i\000m\000e\000n\000s\000i\000o\000n\000a\000l\000\040\000U\000p\000s\000c\000a\000l\000i\000n\000g\000\040\000-\000\040\0001\000D\000\040\000t\000o\000\040\0004\000D}{section.Alph42.5}% 913
\BOOKMARK [2][-]{subsection.Alph42.5.5}{\376\377\000S\000t\000e\000p\000\040\0004\000:\000\040\000V\000e\000r\000i\000f\000i\000c\000a\000t\000i\000o\000n\000\040\000o\000f\000\040\000N\000o\000n\000-\000V\000o\000l\000u\000m\000e\000-\000D\000e\000p\000e\000n\000d\000e\000n\000c\000e}{section.Alph42.5}% 914
\BOOKMARK [2][-]{subsection.Alph42.5.6}{\376\377\000E\000x\000p\000l\000i\000c\000i\000t\000\040\000C\000o\000n\000s\000t\000a\000n\000t\000s\000\040\000f\000o\000r\000\040\000S\000U\000\050\0002\000\051\000\040\000a\000n\000d\000\040\000S\000U\000\050\0003\000\051}{section.Alph42.5}% 915
\BOOKMARK [2][-]{subsection.Alph42.5.7}{\376\377\000C\000o\000n\000n\000e\000c\000t\000i\000o\000n\000\040\000t\000o\000\040\000C\000o\000n\000t\000i\000n\000u\000u\000m\000\040\000L\000i\000m\000i\000t}{section.Alph42.5}% 916
\BOOKMARK [2][-]{subsection.Alph42.5.8}{\376\377\000S\000u\000m\000m\000a\000r\000y\000:\000\040\000R\000o\000a\000d\000m\000a\000p\000\040\0001\000\040\000C\000o\000m\000p\000l\000e\000t\000e}{section.Alph42.5}% 917
\BOOKMARK [1][-]{section.Alph42.6}{\376\377\000R\000o\000a\000d\000m\000a\000p\000\040\0003\000:\000\040\000C\000o\000m\000p\000l\000e\000t\000e\000\040\000G\000e\000o\000m\000e\000t\000r\000i\000c\000/\000O\000p\000t\000i\000m\000a\000l\000\040\000T\000r\000a\000n\000s\000p\000o\000r\000t\000\040\000P\000a\000t\000h}{appendix.Alph42}% 918
\BOOKMARK [2][-]{subsection.Alph42.6.1}{\376\377\000T\000h\000e\000\040\000S\000t\000r\000a\000t\000e\000g\000y\000:\000\040\000G\000e\000o\000m\000e\000t\000r\000y\000\040\000F\000o\000r\000c\000e\000s\000\040\000S\000p\000e\000c\000t\000r\000a\000l\000\040\000G\000a\000p}{section.Alph42.6}% 919
\BOOKMARK [2][-]{subsection.Alph42.6.2}{\376\377\000S\000t\000e\000p\000\040\0001\000:\000\040\000B\000a\000k\000r\000y\000-\000\311\000m\000e\000r\000y\000\040\000C\000u\000r\000v\000a\000t\000u\000r\000e\000\040\000B\000o\000u\000n\000d}{section.Alph42.6}% 920
\BOOKMARK [2][-]{subsection.Alph42.6.3}{\376\377\000S\000t\000e\000p\000\040\0002\000:\000\040\000L\000S\000V\000\040\000T\000h\000e\000o\000r\000y\000\040\000-\000\040\000O\000p\000t\000i\000m\000a\000l\000\040\000T\000r\000a\000n\000s\000p\000o\000r\000t\000\040\000I\000m\000p\000l\000i\000e\000s\000\040\000G\000a\000p}{section.Alph42.6}% 921
\BOOKMARK [2][-]{subsection.Alph42.6.4}{\376\377\000S\000t\000e\000p\000\040\0003\000:\000\040\000R\000e\000s\000o\000l\000u\000t\000i\000o\000n\000\040\000o\000f\000\040\000S\000i\000n\000g\000u\000l\000a\000r\000\040\000S\000t\000r\000a\000t\000a}{section.Alph42.6}% 922
\BOOKMARK [2][-]{subsection.Alph42.6.5}{\376\377\000S\000t\000e\000p\000\040\0004\000:\000\040\000A\000d\000d\000r\000e\000s\000s\000i\000n\000g\000\040\000t\000h\000e\000\040\000I\000n\000f\000r\000a\000r\000e\000d\000\040\000P\000r\000o\000b\000l\000e\000m}{section.Alph42.6}% 923
\BOOKMARK [2][-]{subsection.Alph42.6.6}{\376\377\000E\000x\000p\000l\000i\000c\000i\000t\000\040\000C\000o\000n\000s\000t\000a\000n\000t\000s}{section.Alph42.6}% 924
\BOOKMARK [2][-]{subsection.Alph42.6.7}{\376\377\000S\000u\000m\000m\000a\000r\000y\000:\000\040\000R\000o\000a\000d\000m\000a\000p\000\040\0003\000\040\000C\000o\000m\000p\000l\000e\000t\000e}{section.Alph42.6}% 925
\BOOKMARK [1][-]{section.Alph42.7}{\376\377\000R\000o\000a\000d\000m\000a\000p\000\040\0001\000:\000\040\000T\000h\000e\000\040\000H\000i\000e\000r\000a\000r\000c\000h\000i\000c\000a\000l\000\040\000Z\000e\000g\000a\000r\000l\000i\000n\000s\000k\000i\000\040\000P\000a\000t\000h}{appendix.Alph42}% 926
\BOOKMARK [2][-]{subsection.Alph42.7.1}{\376\377\000T\000h\000e\000\040\000P\000r\000o\000b\000l\000e\000m\000:\000\040\000O\000s\000c\000i\000l\000l\000a\000t\000i\000o\000n\000\040\000C\000a\000t\000a\000s\000t\000r\000o\000p\000h\000e}{section.Alph42.7}% 927
\BOOKMARK [2][-]{subsection.Alph42.7.2}{\376\377\000T\000h\000e\000\040\000S\000o\000l\000u\000t\000i\000o\000n\000:\000\040\000C\000o\000n\000d\000i\000t\000i\000o\000n\000a\000l\000\040\000T\000e\000n\000s\000o\000r\000i\000z\000a\000t\000i\000o\000n}{section.Alph42.7}% 928
\BOOKMARK [2][-]{subsection.Alph42.7.3}{\376\377\000S\000t\000e\000p\000\040\0001\000:\000\040\000A\000d\000a\000p\000t\000i\000v\000e\000\040\000B\000l\000o\000c\000k\000\040\000D\000e\000c\000o\000m\000p\000o\000s\000i\000t\000i\000o\000n}{section.Alph42.7}% 929
\BOOKMARK [2][-]{subsection.Alph42.7.4}{\376\377\000S\000t\000e\000p\000\040\0002\000:\000\040\000I\000n\000t\000e\000r\000i\000o\000r\000\040\000L\000S\000I\000\040\000v\000i\000a\000\040\000B\000a\000k\000r\000y\000-\000\311\000m\000e\000r\000y}{section.Alph42.7}% 930
\BOOKMARK [2][-]{subsection.Alph42.7.5}{\376\377\000S\000t\000e\000p\000\040\0003\000:\000\040\000D\000i\000m\000e\000n\000s\000i\000o\000n\000a\000l\000\040\000R\000e\000d\000u\000c\000t\000i\000o\000n\000\040\000f\000o\000r\000\040\000B\000o\000u\000n\000d\000a\000r\000y\000\040\000M\000a\000r\000g\000i\000n\000a\000l}{section.Alph42.7}% 931
\BOOKMARK [2][-]{subsection.Alph42.7.6}{\376\377\000S\000t\000e\000p\000\040\0003\000.\0005\000:\000\040\000T\000h\000e\000\040\0001\000D\000\040\000B\000a\000s\000e\000\040\000C\000a\000s\000e\000\040\000\050\000C\000r\000i\000t\000i\000c\000a\000l\000\051}{section.Alph42.7}% 932
\BOOKMARK [2][-]{subsection.Alph42.7.7}{\376\377\000S\000t\000e\000p\000\040\0004\000:\000\040\000C\000o\000n\000d\000i\000t\000i\000o\000n\000a\000l\000\040\000T\000e\000n\000s\000o\000r\000i\000z\000a\000t\000i\000o\000n\000\040\000T\000h\000e\000o\000r\000e\000m}{section.Alph42.7}% 933
\BOOKMARK [2][-]{subsection.Alph42.7.8}{\376\377\000S\000t\000e\000p\000\040\0005\000:\000\040\000P\000u\000t\000t\000i\000n\000g\000\040\000I\000t\000\040\000A\000l\000l\000\040\000T\000o\000g\000e\000t\000h\000e\000r}{section.Alph42.7}% 934
\BOOKMARK [2][-]{subsection.Alph42.7.9}{\376\377\000W\000h\000y\000\040\000T\000h\000i\000s\000\040\000W\000o\000r\000k\000s\000\040\000a\000t\000\040\000I\000n\000t\000e\000r\000m\000e\000d\000i\000a\000t\000e\000\040\000C\000o\000u\000p\000l\000i\000n\000g}{section.Alph42.7}% 935
\BOOKMARK [2][-]{subsection.Alph42.7.10}{\376\377\000V\000e\000r\000i\000f\000i\000c\000a\000t\000i\000o\000n\000\040\000R\000e\000q\000u\000i\000r\000e\000m\000e\000n\000t\000s}{section.Alph42.7}% 936
\BOOKMARK [2][-]{subsection.Alph42.7.11}{\376\377\000S\000u\000m\000m\000a\000r\000y\000:\000\040\000H\000i\000e\000r\000a\000r\000c\000h\000i\000c\000a\000l\000\040\000Z\000e\000g\000a\000r\000l\000i\000n\000s\000k\000i\000\040\000P\000a\000t\000h}{section.Alph42.7}% 937
\BOOKMARK [1][-]{section.Alph42.8}{\376\377\000R\000o\000a\000d\000m\000a\000p\000\040\0003\000:\000\040\000T\000h\000e\000\040\000G\000e\000o\000m\000e\000t\000r\000i\000c\000\040\000a\000n\000d\000\040\000S\000p\000e\000c\000t\000r\000a\000l\000\040\000P\000a\000t\000h}{appendix.Alph42}% 938
\BOOKMARK [2][-]{subsection.Alph42.8.1}{\376\377\000T\000h\000e\000\040\000P\000r\000o\000b\000l\000e\000m\000:\000\040\000C\000o\000n\000f\000i\000n\000e\000m\000e\000n\000t\000\040\000v\000s\000\040\000M\000a\000s\000s\000\040\000G\000a\000p}{section.Alph42.8}% 939
\BOOKMARK [2][-]{subsection.Alph42.8.2}{\376\377\000T\000h\000e\000\040\000S\000t\000r\000a\000t\000e\000g\000y\000:\000\040\000G\000a\000u\000g\000e\000\040\000O\000r\000b\000i\000t\000\040\000G\000e\000o\000m\000e\000t\000r\000y}{section.Alph42.8}% 940
\BOOKMARK [2][-]{subsection.Alph42.8.3}{\376\377\000S\000t\000e\000p\000\040\0001\000:\000\040\000G\000a\000u\000g\000e\000\040\000O\000r\000b\000i\000t\000\040\000C\000u\000r\000v\000a\000t\000u\000r\000e}{section.Alph42.8}% 941
\BOOKMARK [2][-]{subsection.Alph42.8.4}{\376\377\000S\000t\000e\000p\000\040\0002\000:\000\040\000C\000h\000e\000e\000g\000e\000r\000-\000B\000u\000s\000e\000r\000\040\000I\000n\000e\000q\000u\000a\000l\000i\000t\000y}{section.Alph42.8}% 942
\BOOKMARK [2][-]{subsection.Alph42.8.5}{\376\377\000S\000t\000e\000p\000\040\0003\000:\000\040\000T\000h\000e\000\040\000G\000i\000l\000e\000s\000-\000T\000e\000p\000e\000r\000\040\000B\000o\000u\000n\000d}{section.Alph42.8}% 943
\BOOKMARK [2][-]{subsection.Alph42.8.6}{\376\377\000S\000t\000e\000p\000\040\0004\000:\000\040\000S\000t\000r\000i\000n\000g\000\040\000T\000e\000n\000s\000i\000o\000n\000\040\000P\000o\000s\000i\000t\000i\000v\000i\000t\000y}{section.Alph42.8}% 944
\BOOKMARK [2][-]{subsection.Alph42.8.7}{\376\377\000S\000t\000e\000p\000\040\0004\000.\0005\000:\000\040\000C\000h\000a\000r\000a\000c\000t\000e\000r\000\040\000E\000x\000p\000a\000n\000s\000i\000o\000n\000\040\000f\000o\000r\000\040\000S\000t\000r\000i\000n\000g\000\040\000T\000e\000n\000s\000i\000o\000n}{section.Alph42.8}% 945
\BOOKMARK [2][-]{subsection.Alph42.8.8}{\376\377\000E\000x\000p\000l\000i\000c\000i\000t\000\040\000C\000o\000n\000s\000t\000a\000n\000t\000s\000\040\000f\000o\000r\000\040\000S\000U\000\050\0002\000\051\000\040\000a\000n\000d\000\040\000S\000U\000\050\0003\000\051}{section.Alph42.8}% 946
\BOOKMARK [2][-]{subsection.Alph42.8.9}{\376\377\000H\000e\000a\000t\000\040\000K\000e\000r\000n\000e\000l\000\040\000V\000e\000r\000i\000f\000i\000c\000a\000t\000i\000o\000n}{section.Alph42.8}% 947
\BOOKMARK [2][-]{subsection.Alph42.8.10}{\376\377\000S\000u\000m\000m\000a\000r\000y\000:\000\040\000G\000e\000o\000m\000e\000t\000r\000i\000c\000\040\000a\000n\000d\000\040\000S\000p\000e\000c\000t\000r\000a\000l\000\040\000P\000a\000t\000h}{section.Alph42.8}% 948
\BOOKMARK [2][-]{subsection.Alph42.8.11}{\376\377\000C\000o\000n\000n\000e\000c\000t\000i\000o\000n\000\040\000t\000o\000\040\000O\000t\000h\000e\000r\000\040\000R\000o\000a\000d\000m\000a\000p\000s}{section.Alph42.8}% 949
\BOOKMARK [1][-]{section.Alph42.9}{\376\377\000R\000o\000a\000d\000m\000a\000p\000\040\0003\000\040\000E\000n\000h\000a\000n\000c\000e\000d\000:\000\040\000R\000i\000g\000o\000r\000o\000u\000s\000\040\000G\000e\000o\000m\000e\000t\000r\000i\000c\000-\000S\000p\000e\000c\000t\000r\000a\000l\000\040\000T\000h\000e\000o\000r\000y}{appendix.Alph42}% 950
\BOOKMARK [2][-]{subsection.Alph42.9.1}{\376\377\000P\000a\000r\000t\000\040\000A\000:\000\040\000R\000i\000g\000o\000r\000o\000u\000s\000\040\000O\000'\000N\000e\000i\000l\000l\000\040\000C\000u\000r\000v\000a\000t\000u\000r\000e\000\040\000C\000a\000l\000c\000u\000l\000a\000t\000i\000o\000n}{section.Alph42.9}% 951
\BOOKMARK [2][-]{subsection.Alph42.9.2}{\376\377\000P\000a\000r\000t\000\040\000B\000:\000\040\000C\000h\000e\000e\000g\000e\000r\000-\000B\000u\000s\000e\000r\000\040\000w\000i\000t\000h\000\040\000E\000x\000p\000l\000i\000c\000i\000t\000\040\000C\000o\000n\000s\000t\000a\000n\000t\000s}{section.Alph42.9}% 952
\BOOKMARK [2][-]{subsection.Alph42.9.3}{\376\377\000P\000a\000r\000t\000\040\000C\000:\000\040\000R\000i\000g\000o\000r\000o\000u\000s\000\040\000S\000p\000e\000c\000t\000r\000a\000l\000\040\000G\000a\000p\000\040\000D\000e\000r\000i\000v\000a\000t\000i\000o\000n\000\040\000\050\000I\000n\000s\000p\000i\000r\000e\000d\000\040\000b\000y\000\040\000G\000i\000l\000e\000s\000-\000T\000e\000p\000e\000r\000\051}{section.Alph42.9}% 953
\BOOKMARK [2][-]{subsection.Alph42.9.4}{\376\377\000P\000a\000r\000t\000\040\000D\000:\000\040\000S\000t\000r\000i\000n\000g\000\040\000T\000e\000n\000s\000i\000o\000n\000\040\000P\000o\000s\000i\000t\000i\000v\000i\000t\000y\000\040\000-\000\040\000C\000o\000m\000p\000l\000e\000t\000e\000\040\000P\000r\000o\000o\000f}{section.Alph42.9}% 954
\BOOKMARK [2][-]{subsection.Alph42.9.5}{\376\377\000P\000a\000r\000t\000\040\000E\000:\000\040\000G\000K\000S\000\040\000I\000n\000e\000q\000u\000a\000l\000i\000t\000i\000e\000s\000\040\000-\000\040\000R\000i\000g\000o\000r\000o\000u\000s\000\040\000S\000t\000a\000t\000e\000m\000e\000n\000t}{section.Alph42.9}% 955
\BOOKMARK [2][-]{subsection.Alph42.9.6}{\376\377\000P\000a\000r\000t\000\040\000F\000:\000\040\000S\000u\000m\000m\000a\000r\000y\000\040\000-\000\040\000G\000e\000o\000m\000e\000t\000r\000i\000c\000-\000S\000p\000e\000c\000t\000r\000a\000l\000\040\000R\000o\000a\000d\000m\000a\000p\000\040\000C\000o\000m\000p\000l\000e\000t\000e}{section.Alph42.9}% 956
\BOOKMARK [1][-]{section.Alph42.10}{\376\377\000R\000o\000a\000d\000m\000a\000p\000\040\0002\000\040\000E\000n\000h\000a\000n\000c\000e\000d\000:\000\040\000R\000i\000g\000o\000r\000o\000u\000s\000\040\000A\000d\000j\000o\000i\000n\000t\000\040\000I\000n\000t\000e\000r\000p\000o\000l\000a\000t\000i\000o\000n}{appendix.Alph42}% 957
\BOOKMARK [2][-]{subsection.Alph42.10.1}{\376\377\000P\000a\000r\000t\000\040\000A\000:\000\040\000W\000i\000t\000t\000e\000n\000\040\000I\000n\000d\000e\000x\000\040\000-\000\040\000C\000o\000m\000p\000l\000e\000t\000e\000\040\000R\000i\000g\000o\000r\000o\000u\000s\000\040\000C\000a\000l\000c\000u\000l\000a\000t\000i\000o\000n}{section.Alph42.10}% 958
\BOOKMARK [2][-]{subsection.Alph42.10.2}{\376\377\000P\000a\000r\000t\000\040\000B\000:\000\040\000C\000e\000n\000t\000e\000r\000\040\000S\000y\000m\000m\000e\000t\000r\000y\000\040\000P\000r\000e\000s\000e\000r\000v\000a\000t\000i\000o\000n\000\040\000-\000\040\000C\000o\000m\000p\000l\000e\000t\000e\000\040\000P\000r\000o\000o\000f}{section.Alph42.10}% 959
\BOOKMARK [2][-]{subsection.Alph42.10.3}{\376\377\000P\000a\000r\000t\000\040\000C\000:\000\040\000L\000e\000e\000-\000Y\000a\000n\000g\000\040\000A\000n\000a\000l\000y\000t\000i\000c\000i\000t\000y}{section.Alph42.10}% 960
\BOOKMARK [2][-]{subsection.Alph42.10.4}{\376\377\000P\000a\000r\000t\000\040\000D\000:\000\040\000D\000e\000c\000o\000u\000p\000l\000i\000n\000g\000\040\000T\000h\000e\000o\000r\000e\000m}{section.Alph42.10}% 961
\BOOKMARK [2][-]{subsection.Alph42.10.5}{\376\377\000P\000a\000r\000t\000\040\000E\000:\000\040\000C\000o\000m\000p\000l\000e\000t\000e\000\040\000I\000n\000t\000e\000r\000p\000o\000l\000a\000t\000i\000o\000n\000\040\000C\000h\000a\000i\000n}{section.Alph42.10}% 962
\BOOKMARK [2][-]{subsection.Alph42.10.6}{\376\377\000P\000a\000r\000t\000\040\000F\000:\000\040\000S\000u\000m\000m\000a\000r\000y\000\040\000-\000\040\000A\000d\000j\000o\000i\000n\000t\000\040\000I\000n\000t\000e\000r\000p\000o\000l\000a\000t\000i\000o\000n\000\040\000R\000o\000a\000d\000m\000a\000p\000\040\000C\000o\000m\000p\000l\000e\000t\000e}{section.Alph42.10}% 963
\BOOKMARK [1][-]{section.Alph42.11}{\376\377\000R\000o\000a\000d\000m\000a\000p\000\040\0001\000\040\000E\000n\000h\000a\000n\000c\000e\000d\000:\000\040\000R\000i\000g\000o\000r\000o\000u\000s\000\040\000H\000i\000e\000r\000a\000r\000c\000h\000i\000c\000a\000l\000\040\000Z\000e\000g\000a\000r\000l\000i\000n\000s\000k\000i}{appendix.Alph42}% 964
\BOOKMARK [2][-]{subsection.Alph42.11.1}{\376\377\000P\000a\000r\000t\000\040\000A\000:\000\040\000B\000l\000o\000c\000k\000\040\000D\000o\000b\000r\000u\000s\000h\000i\000n\000\040\000C\000o\000n\000d\000i\000t\000i\000o\000n\000s}{section.Alph42.11}% 965
\BOOKMARK [2][-]{subsection.Alph42.11.2}{\376\377\000P\000a\000r\000t\000\040\000B\000:\000\040\000B\000l\000o\000c\000k\000\040\000L\000S\000I\000\040\000v\000i\000a\000\040\000C\000o\000n\000d\000i\000t\000i\000o\000n\000a\000l\000\040\000T\000e\000n\000s\000o\000r\000i\000z\000a\000t\000i\000o\000n}{section.Alph42.11}% 966
\BOOKMARK [2][-]{subsection.Alph42.11.3}{\376\377\000P\000a\000r\000t\000\040\000C\000:\000\040\000H\000i\000e\000r\000a\000r\000c\000h\000i\000c\000a\000l\000\040\000C\000o\000m\000b\000i\000n\000a\000t\000i\000o\000n}{section.Alph42.11}% 967
\BOOKMARK [2][-]{subsection.Alph42.11.4}{\376\377\000P\000a\000r\000t\000\040\000D\000:\000\040\000E\000x\000p\000l\000i\000c\000i\000t\000\040\000U\000n\000i\000f\000o\000r\000m\000\040\000B\000o\000u\000n\000d}{section.Alph42.11}% 968
\BOOKMARK [2][-]{subsection.Alph42.11.5}{\376\377\000P\000a\000r\000t\000\040\000E\000:\000\040\000C\000o\000r\000r\000e\000l\000a\000t\000i\000o\000n\000\040\000D\000e\000c\000a\000y\000\040\000E\000s\000t\000i\000m\000a\000t\000e\000s}{section.Alph42.11}% 969
\BOOKMARK [2][-]{subsection.Alph42.11.6}{\376\377\000P\000a\000r\000t\000\040\000F\000:\000\040\000S\000u\000m\000m\000a\000r\000y\000\040\000-\000\040\000R\000o\000a\000d\000m\000a\000p\000\040\0001\000\040\000C\000o\000m\000p\000l\000e\000t\000e}{section.Alph42.11}% 970
\BOOKMARK [1][-]{section.Alph42.12}{\376\377\000R\000o\000a\000d\000m\000a\000p\000\040\0004\000\040\000E\000n\000h\000a\000n\000c\000e\000d\000:\000\040\000R\000i\000g\000o\000r\000o\000u\000s\000\040\000C\000o\000n\000t\000i\000n\000u\000u\000m\000\040\000L\000i\000m\000i\000t}{appendix.Alph42}% 971
\BOOKMARK [2][-]{subsection.Alph42.12.1}{\376\377\000P\000a\000r\000t\000\040\000A\000:\000\040\000L\000a\000t\000t\000i\000c\000e\000\040\000D\000i\000r\000i\000c\000h\000l\000e\000t\000\040\000F\000o\000r\000m\000s}{section.Alph42.12}% 972
\BOOKMARK [2][-]{subsection.Alph42.12.2}{\376\377\000P\000a\000r\000t\000\040\000B\000:\000\040\000C\000o\000n\000t\000i\000n\000u\000u\000m\000\040\000D\000i\000r\000i\000c\000h\000l\000e\000t\000\040\000F\000o\000r\000m}{section.Alph42.12}% 973
\BOOKMARK [2][-]{subsection.Alph42.12.3}{\376\377\000P\000a\000r\000t\000\040\000C\000:\000\040\000M\000o\000s\000c\000o\000\040\000C\000o\000n\000v\000e\000r\000g\000e\000n\000c\000e\000\040\000-\000\040\000D\000e\000t\000a\000i\000l\000e\000d\000\040\000V\000e\000r\000i\000f\000i\000c\000a\000t\000i\000o\000n}{section.Alph42.12}% 974
\BOOKMARK [2][-]{subsection.Alph42.12.4}{\376\377\000P\000a\000r\000t\000\040\000D\000:\000\040\000S\000p\000e\000c\000t\000r\000a\000l\000\040\000P\000e\000r\000m\000a\000n\000e\000n\000c\000e\000\040\000w\000i\000t\000h\000\040\000R\000a\000t\000e\000s}{section.Alph42.12}% 975
\BOOKMARK [2][-]{subsection.Alph42.12.5}{\376\377\000P\000a\000r\000t\000\040\000E\000:\000\040\000P\000h\000y\000s\000i\000c\000a\000l\000\040\000S\000c\000a\000l\000i\000n\000g}{section.Alph42.12}% 976
\BOOKMARK [2][-]{subsection.Alph42.12.6}{\376\377\000P\000a\000r\000t\000\040\000F\000:\000\040\000O\000s\000t\000e\000r\000w\000a\000l\000d\000e\000r\000-\000S\000c\000h\000r\000a\000d\000e\000r\000\040\000V\000e\000r\000i\000f\000i\000c\000a\000t\000i\000o\000n}{section.Alph42.12}% 977
\BOOKMARK [2][-]{subsection.Alph42.12.7}{\376\377\000P\000a\000r\000t\000\040\000G\000:\000\040\000S\000u\000m\000m\000a\000r\000y\000\040\000-\000\040\000R\000o\000a\000d\000m\000a\000p\000\040\0004\000\040\000C\000o\000m\000p\000l\000e\000t\000e}{section.Alph42.12}% 978
\BOOKMARK [1][-]{section.Alph42.13}{\376\377\000R\000o\000a\000d\000m\000a\000p\000\040\000t\000o\000\040\000U\000n\000c\000o\000n\000d\000i\000t\000i\000o\000n\000a\000l\000\040\000R\000i\000g\000o\000r\000:\000\040\000C\000l\000o\000s\000i\000n\000g\000\040\000t\000h\000e\000\040\000F\000i\000n\000a\000l\000\040\000G\000a\000p\000s}{appendix.Alph42}% 979
\BOOKMARK [2][-]{subsection.Alph42.13.1}{\376\377\000T\000a\000s\000k\000\040\0001\000:\000\040\000F\000o\000r\000m\000a\000l\000i\000z\000i\000n\000g\000\040\000U\000V\000\040\000S\000t\000a\000b\000i\000l\000i\000t\000y\000\040\000\050\000T\000h\000e\000\040\000"\000B\000a\000l\000a\000b\000a\000n\000"\000\040\000G\000a\000p\000\051}{section.Alph42.13}% 980
\BOOKMARK [2][-]{subsection.Alph42.13.2}{\376\377\000T\000a\000s\000k\000\040\0002\000:\000\040\000R\000i\000g\000o\000r\000o\000u\000s\000\040\000L\000a\000t\000t\000i\000c\000e\000\040\000P\000e\000i\000e\000r\000l\000s\000\040\000C\000o\000n\000t\000o\000u\000r\000s\000\040\000\050\000T\000h\000e\000\040\000"\000S\000Y\000M\000"\000\040\000G\000a\000p\000\051}{section.Alph42.13}% 981
\BOOKMARK [2][-]{subsection.Alph42.13.3}{\376\377\000T\000a\000s\000k\000\040\0003\000:\000\040\000P\000r\000o\000v\000i\000n\000g\000\040\000G\000e\000n\000e\000r\000i\000c\000i\000t\000y\000\040\000\050\000T\000h\000e\000\040\000"\000C\000r\000o\000s\000s\000i\000n\000g\000"\000\040\000G\000a\000p\000\051}{section.Alph42.13}% 982
\BOOKMARK [2][-]{subsection.Alph42.13.4}{\376\377\000S\000u\000m\000m\000a\000r\000y\000\040\000o\000f\000\040\000W\000o\000r\000k\000\040\000R\000e\000q\000u\000i\000r\000e\000d}{section.Alph42.13}% 983
\BOOKMARK [0][-]{appendix.Alph43}{\376\377\000C\000o\000m\000p\000l\000e\000t\000e\000\040\000P\000r\000o\000o\000f\000s\000\040\000a\000n\000d\000\040\000S\000y\000n\000t\000h\000e\000s\000i\000s}{theorem.N.1.10}% 984
\BOOKMARK [1][-]{section.Alph43.1}{\376\377\000S\000y\000n\000t\000h\000e\000s\000i\000s\000:\000\040\000M\000e\000t\000h\000o\000d\000\040\000f\000o\000r\000\040\000C\000o\000n\000d\000i\000t\000i\000o\000n\000\040\000P}{appendix.Alph43}% 985
\BOOKMARK [1][-]{section.Alph43.2}{\376\377\000S\000t\000a\000t\000e\000m\000e\000n\000t\000\040\000o\000f\000\040\000M\000a\000i\000n\000\040\000R\000e\000s\000u\000l\000t}{appendix.Alph43}% 986
\BOOKMARK [1][-]{section.Alph43.3}{\376\377\000M\000a\000s\000s\000\040\000G\000a\000p\000\040\000R\000e\000s\000o\000l\000u\000t\000i\000o\000n\000\040\000M\000e\000t\000h\000o\000d\000s}{appendix.Alph43}% 987
\BOOKMARK [2][-]{subsection.Alph43.3.1}{\376\377\000T\000h\000e\000\040\000S\000p\000e\000c\000t\000r\000a\000l\000\040\000G\000a\000p\000\040\000a\000t\000\040\000A\000l\000l\000\040\000C\000o\000u\000p\000l\000i\000n\000g\000s}{section.Alph43.3}% 988
\BOOKMARK [2][-]{subsection.Alph43.3.2}{\376\377\000G\000a\000p\000\040\0002\000\040\000R\000e\000s\000o\000l\000u\000t\000i\000o\000n\000:\000\040\000I\000n\000t\000e\000r\000m\000e\000d\000i\000a\000t\000e\000\040\000C\000o\000u\000p\000l\000i\000n\000g\000\040\000R\000e\000g\000i\000m\000e\000\040\000b\000e\000t\000a\000\040\000\040\000\040\0001}{section.Alph43.3}% 989
\BOOKMARK [2][-]{subsection.Alph43.3.3}{\376\377\000G\000a\000p\000\040\0003\000\040\000R\000e\000s\000o\000l\000u\000t\000i\000o\000n\000:\000\040\000R\000i\000g\000o\000r\000o\000u\000s\000\040\000G\000i\000l\000e\000s\000-\000T\000e\000p\000e\000r\000\040\000B\000o\000u\000n\000d}{section.Alph43.3}% 990
\BOOKMARK [2][-]{subsection.Alph43.3.4}{\376\377\000G\000a\000p\000\040\0004\000\040\000R\000e\000s\000o\000l\000u\000t\000i\000o\000n\000:\000\040\000C\000o\000m\000p\000l\000e\000t\000e\000\040\000O\000S\000\040\000A\000x\000i\000o\000m\000\040\000V\000e\000r\000i\000f\000i\000c\000a\000t\000i\000o\000n}{section.Alph43.3}% 991
\BOOKMARK [1][-]{section.Alph43.4}{\376\377\000C\000o\000m\000p\000l\000e\000t\000e\000\040\000S\000y\000n\000t\000h\000e\000s\000i\000s\000:\000\040\000P\000r\000o\000o\000f\000\040\000o\000f\000\040\000M\000a\000s\000s\000\040\000G\000a\000p\000\040\000f\000o\000r\000\040\000S\000U\000\050\0002\000\051\000\040\000a\000n\000d\000\040\000S\000U\000\050\0003\000\051}{appendix.Alph43}% 992
\BOOKMARK [2][-]{subsection.Alph43.4.1}{\376\377\000S\000u\000m\000m\000a\000r\000y\000\040\000o\000f\000\040\000P\000r\000o\000o\000f\000\040\000M\000e\000t\000h\000o\000d\000s}{section.Alph43.4}% 993
\BOOKMARK [2][-]{subsection.Alph43.4.2}{\376\377\000A\000l\000t\000e\000r\000n\000a\000t\000i\000v\000e\000\040\000F\000r\000a\000m\000e\000w\000o\000r\000k\000s\000\040\000\050\000P\000a\000r\000t\000\040\000I\000I\000I\000\051}{section.Alph43.4}% 994
\BOOKMARK [2][-]{subsection.Alph43.4.3}{\376\377\000I\000n\000t\000e\000r\000m\000e\000d\000i\000a\000t\000e\000\040\000C\000o\000u\000p\000l\000i\000n\000g\000\040\000M\000e\000t\000h\000o\000d\000s}{section.Alph43.4}% 995
\BOOKMARK [1][-]{section.Alph43.5}{\376\377\000D\000i\000v\000i\000d\000e\000\040\000a\000n\000d\000\040\000C\000o\000n\000q\000u\000e\000r\000:\000\040\000C\000o\000m\000p\000l\000e\000t\000e\000\040\000P\000r\000o\000o\000f\000\040\000S\000t\000r\000u\000c\000t\000u\000r\000e}{appendix.Alph43}% 996
\BOOKMARK [2][-]{subsection.Alph43.5.1}{\376\377\000T\000o\000p\000-\000L\000e\000v\000e\000l\000\040\000D\000e\000c\000o\000m\000p\000o\000s\000i\000t\000i\000o\000n}{section.Alph43.5}% 997
\BOOKMARK [2][-]{subsection.Alph43.5.2}{\376\377\000P\000a\000r\000t\000\040\000[\000A\000]\000:\000\040\000E\000x\000i\000s\000t\000e\000n\000c\000e\000\040\040\024\000\040\000D\000e\000t\000a\000i\000l\000e\000d\000\040\000B\000r\000e\000a\000k\000d\000o\000w\000n}{section.Alph43.5}% 998
\BOOKMARK [2][-]{subsection.Alph43.5.3}{\376\377\000P\000a\000r\000t\000\040\000[\000B\000]\000:\000\040\000M\000a\000s\000s\000\040\000G\000a\000p\000\040\040\024\000\040\000D\000e\000t\000a\000i\000l\000e\000d\000\040\000B\000r\000e\000a\000k\000d\000o\000w\000n}{section.Alph43.5}% 999
\BOOKMARK [2][-]{subsection.Alph43.5.4}{\376\377\000R\000e\000s\000o\000l\000u\000t\000i\000o\000n\000\040\000o\000f\000\040\000H\000a\000r\000d\000\040\000P\000r\000o\000b\000l\000e\000m\000s}{section.Alph43.5}% 1000
\BOOKMARK [2][-]{subsection.Alph43.5.5}{\376\377\000D\000e\000p\000e\000n\000d\000e\000n\000c\000y\000\040\000G\000r\000a\000p\000h}{section.Alph43.5}% 1001
\BOOKMARK [1][-]{section.Alph43.6}{\376\377\000S\000y\000n\000t\000h\000e\000s\000i\000s\000:\000\040\000T\000h\000e\000\040\000C\000o\000m\000p\000l\000e\000t\000e\000\040\000A\000r\000g\000u\000m\000e\000n\000t}{appendix.Alph43}% 1002
\BOOKMARK [1][-]{section.Alph43.7}{\376\377\000P\000r\000o\000o\000f\000\040\000S\000t\000r\000u\000c\000t\000u\000r\000e\000\040\000O\000v\000e\000r\000v\000i\000e\000w}{appendix.Alph43}% 1003
\BOOKMARK [2][-]{subsection.Alph43.7.1}{\376\377\000S\000u\000m\000m\000a\000r\000y\000\040\000o\000f\000\040\000t\000h\000e\000\040\000P\000r\000o\000o\000f}{section.Alph43.7}% 1004
\BOOKMARK [2][-]{subsection.Alph43.7.2}{\376\377\000T\000h\000e\000\040\000L\000o\000g\000i\000c\000a\000l\000\040\000S\000t\000r\000u\000c\000t\000u\000r\000e}{section.Alph43.7}% 1005
\BOOKMARK [2][-]{subsection.Alph43.7.3}{\376\377\000M\000a\000t\000h\000e\000m\000a\000t\000i\000c\000a\000l\000\040\000P\000r\000e\000r\000e\000q\000u\000i\000s\000i\000t\000e\000s}{section.Alph43.7}% 1006
\BOOKMARK [2][-]{subsection.Alph43.7.4}{\376\377\000M\000a\000s\000t\000e\000r\000\040\000T\000h\000e\000o\000r\000e\000m\000:\000\040\000U\000n\000i\000f\000i\000e\000d\000\040\000S\000t\000a\000t\000e\000m\000e\000n\000t\000\040\000w\000i\000t\000h\000\040\000E\000x\000p\000l\000i\000c\000i\000t\000\040\000B\000o\000u\000n\000d\000s}{section.Alph43.7}% 1007
\BOOKMARK [2][-]{subsection.Alph43.7.5}{\376\377\000F\000i\000n\000a\000l\000\040\000S\000t\000a\000t\000e\000m\000e\000n\000t}{section.Alph43.7}% 1008
\BOOKMARK [1][-]{section.Alph43.8}{\376\377\000M\000e\000t\000h\000o\000d\000s\000\040\000f\000o\000r\000\040\000t\000h\000e\000\040\000Y\000a\000n\000g\000-\000M\000i\000l\000l\000s\000\040\000M\000a\000s\000s\000\040\000G\000a\000p}{appendix.Alph43}% 1009
\BOOKMARK [2][-]{subsection.Alph43.8.1}{\376\377\000M\000a\000i\000n\000\040\000T\000h\000e\000o\000r\000e\000m\000\040\000S\000t\000a\000t\000e\000m\000e\000n\000t}{section.Alph43.8}% 1010
\BOOKMARK [2][-]{subsection.Alph43.8.2}{\376\377\000P\000r\000o\000o\000f\000\040\000A\000r\000c\000h\000i\000t\000e\000c\000t\000u\000r\000e}{section.Alph43.8}% 1011
\BOOKMARK [2][-]{subsection.Alph43.8.3}{\376\377\000S\000t\000a\000g\000e\000\040\0001\000:\000\040\000S\000t\000r\000o\000n\000g\000\040\000C\000o\000u\000p\000l\000i\000n\000g\000\040\000\050\000b\000e\000t\000a\000\040\000<\000\040\000b\000e\000t\000a\000\137\000c\000\051}{section.Alph43.8}% 1012
\BOOKMARK [2][-]{subsection.Alph43.8.4}{\376\377\000S\000t\000a\000g\000e\000\040\0002\000:\000\040\000I\000n\000t\000e\000r\000m\000e\000d\000i\000a\000t\000e\000\040\000C\000o\000u\000p\000l\000i\000n\000g\000\040\000\050\000b\000e\000t\000a\000\137\000c\000\040\000<\000\040\000b\000e\000t\000a\000\040\000<\000\040\000b\000e\000t\000a\000\137\000G\000\051}{section.Alph43.8}% 1013
\BOOKMARK [2][-]{subsection.Alph43.8.5}{\376\377\000S\000t\000a\000g\000e\000\040\0003\000:\000\040\000W\000e\000a\000k\000\040\000C\000o\000u\000p\000l\000i\000n\000g\000\040\000\050\000b\000e\000t\000a\000\040\000>\000\040\000b\000e\000t\000a\000\137\000G\000\051}{section.Alph43.8}% 1014
\BOOKMARK [2][-]{subsection.Alph43.8.6}{\376\377\000U\000n\000i\000f\000o\000r\000m\000\040\000L\000a\000t\000t\000i\000c\000e\000\040\000M\000a\000s\000s\000\040\000G\000a\000p}{section.Alph43.8}% 1015
\BOOKMARK [2][-]{subsection.Alph43.8.7}{\376\377\000S\000t\000a\000g\000e\000\040\0004\000:\000\040\000C\000o\000n\000t\000i\000n\000u\000u\000m\000\040\000L\000i\000m\000i\000t}{section.Alph43.8}% 1016
\BOOKMARK [2][-]{subsection.Alph43.8.8}{\376\377\000F\000i\000n\000a\000l\000\040\000P\000r\000o\000o\000f\000\040\000o\000f\000\040\000M\000a\000i\000n\000\040\000T\000h\000e\000o\000r\000e\000m}{section.Alph43.8}% 1017
\BOOKMARK [2][-]{subsection.Alph43.8.9}{\376\377\000S\000u\000m\000m\000a\000r\000y\000:\000\040\000P\000r\000o\000o\000f\000\040\000V\000e\000r\000i\000f\000i\000c\000a\000t\000i\000o\000n\000\040\000C\000h\000e\000c\000k\000l\000i\000s\000t}{section.Alph43.8}% 1018
\BOOKMARK [2][-]{subsection.Alph43.8.10}{\376\377\000E\000x\000p\000l\000i\000c\000i\000t\000\040\000N\000u\000m\000e\000r\000i\000c\000a\000l\000\040\000C\000o\000n\000s\000t\000a\000n\000t\000s}{section.Alph43.8}% 1019
\BOOKMARK [2][-]{subsection.Alph43.8.11}{\376\377\000R\000e\000s\000p\000o\000n\000s\000e\000\040\000t\000o\000\040\000C\000r\000i\000t\000i\000c\000a\000l\000\040\000R\000e\000v\000i\000e\000w\000:\000\040\000A\000d\000d\000r\000e\000s\000s\000i\000n\000g\000\040\000S\000p\000e\000c\000i\000f\000i\000c\000\040\000C\000o\000n\000c\000e\000r\000n\000s}{section.Alph43.8}% 1020
\BOOKMARK [2][-]{subsection.Alph43.8.12}{\376\377\000A\000l\000t\000e\000r\000n\000a\000t\000i\000v\000e\000\040\000A\000p\000p\000r\000o\000a\000c\000h\000:\000\040\000A\000d\000j\000o\000i\000n\000t\000\040\000I\000n\000t\000e\000r\000p\000o\000l\000a\000t\000i\000o\000n}{section.Alph43.8}% 1021
\BOOKMARK [1][-]{section.Alph43.9}{\376\377\000M\000e\000t\000h\000o\000d\000s\000\040\000f\000o\000r\000\040\000C\000l\000o\000s\000i\000n\000g\000\040\000t\000h\000e\000\040\000U\000n\000i\000f\000o\000r\000m\000-\000i\000n\000-\000L\000\040\000G\000a\000p}{appendix.Alph43}% 1022
\BOOKMARK [2][-]{subsection.Alph43.9.1}{\376\377\000T\000h\000e\000\040\000C\000o\000r\000e\000\040\000C\000h\000a\000l\000l\000e\000n\000g\000e}{section.Alph43.9}% 1023
\BOOKMARK [2][-]{subsection.Alph43.9.2}{\376\377\000W\000o\000r\000k\000s\000t\000r\000e\000a\000m\000\040\0001\000:\000\040\000T\000h\000e\000\040\000B\000o\000u\000n\000d\000a\000r\000y\000\040\000M\000a\000r\000g\000i\000n\000a\000l\000\040\000P\000r\000o\000b\000l\000e\000m}{section.Alph43.9}% 1024
\BOOKMARK [2][-]{subsection.Alph43.9.3}{\376\377\000W\000o\000r\000k\000s\000t\000r\000e\000a\000m\000\040\0002\000:\000\040\000C\000o\000n\000d\000i\000t\000i\000o\000n\000a\000l\000\040\000T\000e\000n\000s\000o\000r\000i\000z\000a\000t\000i\000o\000n\000\040\000\050\000K\000e\000y\000\040\000I\000n\000n\000o\000v\000a\000t\000i\000o\000n\000\051}{section.Alph43.9}% 1025
\BOOKMARK [2][-]{subsection.Alph43.9.4}{\376\377\000W\000o\000r\000k\000s\000t\000r\000e\000a\000m\000\040\0003\000:\000\040\000W\000e\000a\000k\000\040\000C\000o\000u\000p\000l\000i\000n\000g\000\040\000H\000a\000n\000d\000o\000v\000e\000r}{section.Alph43.9}% 1026
\BOOKMARK [2][-]{subsection.Alph43.9.5}{\376\377\000C\000o\000m\000p\000l\000e\000t\000e\000\040\000A\000s\000s\000e\000m\000b\000l\000y}{section.Alph43.9}% 1027
\BOOKMARK [1][-]{section.Alph43.10}{\376\377\000C\000o\000m\000p\000l\000e\000t\000e\000\040\000M\000e\000t\000h\000o\000d\000s\000\040\000f\000o\000r\000\040\000t\000h\000e\000\040\000Y\000a\000n\000g\000-\000M\000i\000l\000l\000s\000\040\000M\000a\000s\000s\000\040\000G\000a\000p}{appendix.Alph43}% 1028
\BOOKMARK [2][-]{subsection.Alph43.10.1}{\376\377\000S\000t\000a\000t\000e\000m\000e\000n\000t\000\040\000o\000f\000\040\000t\000h\000e\000\040\000M\000a\000i\000n\000\040\000T\000h\000e\000o\000r\000e\000m}{section.Alph43.10}% 1029
\BOOKMARK [2][-]{subsection.Alph43.10.2}{\376\377\000P\000r\000o\000o\000f\000\040\000A\000r\000c\000h\000i\000t\000e\000c\000t\000u\000r\000e}{section.Alph43.10}% 1030
\BOOKMARK [2][-]{subsection.Alph43.10.3}{\376\377\000S\000t\000a\000g\000e\000\040\000I\000:\000\040\000R\000i\000g\000o\000r\000o\000u\000s\000\040\000L\000a\000t\000t\000i\000c\000e\000\040\000C\000o\000n\000s\000t\000r\000u\000c\000t\000i\000o\000n}{section.Alph43.10}% 1031
\BOOKMARK [2][-]{subsection.Alph43.10.4}{\376\377\000S\000t\000a\000g\000e\000\040\000I\000I\000:\000\040\000U\000n\000i\000f\000o\000r\000m\000\040\000S\000p\000e\000c\000t\000r\000a\000l\000\040\000G\000a\000p\000\040\000B\000o\000u\000n\000d\000s}{section.Alph43.10}% 1032
\BOOKMARK [2][-]{subsection.Alph43.10.5}{\376\377\000S\000t\000a\000g\000e\000\040\000I\000I\000I\000:\000\040\000P\000o\000s\000i\000t\000i\000v\000e\000\040\000S\000t\000r\000i\000n\000g\000\040\000T\000e\000n\000s\000i\000o\000n}{section.Alph43.10}% 1033
\BOOKMARK [2][-]{subsection.Alph43.10.6}{\376\377\000S\000t\000a\000g\000e\000\040\000I\000V\000:\000\040\000C\000o\000n\000t\000i\000n\000u\000u\000m\000\040\000L\000i\000m\000i\000t\000\040\000C\000o\000n\000s\000t\000r\000u\000c\000t\000i\000o\000n}{section.Alph43.10}% 1034
\BOOKMARK [2][-]{subsection.Alph43.10.7}{\376\377\000S\000t\000a\000g\000e\000\040\000V\000:\000\040\000F\000i\000n\000a\000l\000\040\000C\000o\000n\000c\000l\000u\000s\000i\000o\000n}{section.Alph43.10}% 1035
\BOOKMARK [2][-]{subsection.Alph43.10.8}{\376\377\000A\000l\000t\000e\000r\000n\000a\000t\000i\000v\000e\000\040\000P\000r\000o\000o\000f\000\040\000v\000i\000a\000\040\000A\000d\000j\000o\000i\000n\000t\000\040\000I\000n\000t\000e\000r\000p\000o\000l\000a\000t\000i\000o\000n}{section.Alph43.10}% 1036
\BOOKMARK [2][-]{subsection.Alph43.10.9}{\376\377\000S\000u\000m\000m\000a\000r\000y}{section.Alph43.10}% 1037
\BOOKMARK [2][-]{subsection.Alph43.10.10}{\376\377\000r\000i\000g\000o\000r\000o\000u\000s\000\040\000s\000t\000a\000n\000d\000a\000r\000d\000\040\000V\000e\000r\000i\000f\000i\000c\000a\000t\000i\000o\000n\000\040\000C\000h\000e\000c\000k\000l\000i\000s\000t}{section.Alph43.10}% 1038
\BOOKMARK [1][-]{sec:synthesis-complete-bookmark.1}{\376\377\000C\000o\000m\000p\000l\000e\000t\000e\000\040\000S\000y\000n\000t\000h\000e\000s\000i\000s\000:\000\040\000A\000l\000l\000\040\000G\000a\000p\000s\000\040\000F\000i\000l\000l\000e\000d}{appendix.Alph43}% 1039
\BOOKMARK [1][-]{section*.199}{\376\377\000C\000o\000m\000p\000l\000e\000t\000e\000\040\000S\000y\000n\000t\000h\000e\000s\000i\000s\000:\000\040\000A\000l\000l\000\040\000G\000a\000p\000s\000\040\000F\000i\000l\000l\000e\000d}{appendix.Alph43}% 1040
\BOOKMARK [2][-]{subsection.Alph43.10.11}{\376\377\000L\000o\000g\000i\000c\000a\000l\000\040\000S\000t\000r\000u\000c\000t\000u\000r\000e\000\040\000o\000f\000\040\000t\000h\000e\000\040\000C\000o\000m\000p\000l\000e\000t\000e\000\040\000P\000r\000o\000o\000f}{section*.199}% 1041
\BOOKMARK [2][-]{subsection.Alph43.10.12}{\376\377\000P\000r\000o\000o\000f\000\040\000A\000r\000c\000h\000i\000t\000e\000c\000t\000u\000r\000e}{section*.199}% 1042
\BOOKMARK [2][-]{subsection.Alph43.10.13}{\376\377\000G\000a\000p\000-\000b\000y\000-\000G\000a\000p\000\040\000R\000e\000s\000o\000l\000u\000t\000i\000o\000n}{section*.199}% 1043
\BOOKMARK [2][-]{subsection.Alph43.10.14}{\376\377\000C\000o\000m\000p\000l\000e\000t\000e\000\040\000P\000r\000o\000o\000f\000\040\000O\000u\000t\000l\000i\000n\000e}{section*.199}% 1044
\BOOKMARK [2][-]{subsection.Alph43.10.15}{\376\377\000V\000e\000r\000i\000f\000i\000c\000a\000t\000i\000o\000n\000\040\000o\000f\000\040\000N\000o\000n\000-\000C\000i\000r\000c\000u\000l\000a\000r\000i\000t\000y}{section*.199}% 1045
\BOOKMARK [2][-]{subsection.Alph43.10.16}{\376\377\000A\000d\000d\000i\000t\000i\000o\000n\000a\000l\000\040\000T\000e\000c\000h\000n\000i\000c\000a\000l\000\040\000I\000t\000e\000m\000s}{section*.199}% 1046
\BOOKMARK [1][-]{section.Alph43.11}{\376\377\000C\000o\000m\000p\000l\000e\000t\000e\000\040\000P\000r\000o\000o\000f\000s\000:\000\040\000C\000o\000n\000t\000i\000n\000u\000u\000m\000\040\000L\000i\000m\000i\000t\000\040\000v\000i\000a\000\040\000M\000o\000s\000c\000o\000\040\000C\000o\000n\000v\000e\000r\000g\000e\000n\000c\000e}{appendix.Alph43}% 1047
\BOOKMARK [2][-]{subsection.Alph43.11.1}{\376\377\000U\000n\000i\000f\000o\000r\000m\000\040\000E\000s\000t\000i\000m\000a\000t\000e\000s\000\040\000f\000o\000r\000\040\000L\000a\000t\000t\000i\000c\000e\000\040\000Y\000a\000n\000g\000-\000M\000i\000l\000l\000s}{section.Alph43.11}% 1048
\BOOKMARK [2][-]{subsection.Alph43.11.2}{\376\377\000M\000o\000s\000c\000o\000\040\000C\000o\000n\000v\000e\000r\000g\000e\000n\000c\000e\000:\000\040\000D\000e\000t\000a\000i\000l\000e\000d\000\040\000P\000r\000o\000o\000f}{section.Alph43.11}% 1049
\BOOKMARK [2][-]{subsection.Alph43.11.3}{\376\377\000S\000p\000e\000c\000t\000r\000a\000l\000\040\000P\000e\000r\000m\000a\000n\000e\000n\000c\000e}{section.Alph43.11}% 1050
\BOOKMARK [2][-]{subsection.Alph43.11.4}{\376\377\000I\000n\000t\000r\000i\000n\000s\000i\000c\000\040\000S\000c\000a\000l\000e\000\040\000S\000e\000t\000t\000i\000n\000g\000:\000\040\000C\000o\000m\000p\000l\000e\000t\000e\000\040\000T\000r\000e\000a\000t\000m\000e\000n\000t}{section.Alph43.11}% 1051
\BOOKMARK [1][-]{section.Alph43.12}{\376\377\000C\000o\000m\000p\000l\000e\000t\000e\000\040\000S\000y\000n\000t\000h\000e\000s\000i\000s\000:\000\040\000R\000i\000g\000o\000r\000o\000u\000s\000\040\000P\000r\000o\000o\000f\000\040\000o\000f\000\040\000t\000h\000e\000\040\000Y\000a\000n\000g\000-\000M\000i\000l\000l\000s\000\040\000M\000a\000s\000s\000\040\000G\000a\000p}{appendix.Alph43}% 1052
\BOOKMARK [2][-]{subsection.Alph43.12.1}{\376\377\000M\000a\000i\000n\000\040\000T\000h\000e\000o\000r\000e\000m}{section.Alph43.12}% 1053
\BOOKMARK [2][-]{subsection.Alph43.12.2}{\376\377\000P\000r\000o\000o\000f\000\040\000A\000r\000c\000h\000i\000t\000e\000c\000t\000u\000r\000e}{section.Alph43.12}% 1054
\BOOKMARK [2][-]{subsection.Alph43.12.3}{\376\377\000S\000t\000a\000g\000e\000\040\0001\000:\000\040\000U\000n\000i\000f\000o\000r\000m\000\040\000L\000a\000t\000t\000i\000c\000e\000\040\000L\000o\000g\000-\000S\000o\000b\000o\000l\000e\000v\000\040\000I\000n\000e\000q\000u\000a\000l\000i\000t\000y}{section.Alph43.12}% 1055
\BOOKMARK [2][-]{subsection.Alph43.12.4}{\376\377\000S\000t\000a\000g\000e\000\040\0002\000:\000\040\000S\000t\000r\000i\000n\000g\000\040\000T\000e\000n\000s\000i\000o\000n\000\040\000P\000o\000s\000i\000t\000i\000v\000i\000t\000y}{section.Alph43.12}% 1056
\BOOKMARK [2][-]{subsection.Alph43.12.5}{\376\377\000S\000t\000a\000g\000e\000\040\0003\000:\000\040\000G\000i\000l\000e\000s\000-\000T\000e\000p\000e\000r\000\040\000B\000o\000u\000n\000d}{section.Alph43.12}% 1057
\BOOKMARK [2][-]{subsection.Alph43.12.6}{\376\377\000S\000t\000a\000g\000e\000\040\0004\000:\000\040\000C\000o\000n\000t\000i\000n\000u\000u\000m\000\040\000L\000i\000m\000i\000t}{section.Alph43.12}% 1058
\BOOKMARK [2][-]{subsection.Alph43.12.7}{\376\377\000N\000u\000m\000e\000r\000i\000c\000a\000l\000\040\000V\000a\000l\000u\000e\000s}{section.Alph43.12}% 1059
\BOOKMARK [2][-]{subsection.Alph43.12.8}{\376\377\000P\000r\000o\000o\000f\000\040\000C\000o\000m\000p\000l\000e\000t\000i\000o\000n\000\040\000C\000h\000e\000c\000k\000l\000i\000s\000t}{section.Alph43.12}% 1060
\BOOKMARK [2][-]{subsection.Alph43.12.9}{\376\377\000A\000l\000t\000e\000r\000n\000a\000t\000i\000v\000e\000\040\000P\000a\000t\000h\000:\000\040\000A\000d\000j\000o\000i\000n\000t\000\040\000I\000n\000t\000e\000r\000p\000o\000l\000a\000t\000i\000o\000n}{section.Alph43.12}% 1061
\BOOKMARK [2][-]{subsection.Alph43.12.10}{\376\377\000C\000o\000n\000c\000l\000u\000s\000i\000o\000n}{section.Alph43.12}% 1062
\BOOKMARK [2][-]{subsection.Alph43.12.11}{\376\377\000R\000e\000m\000a\000i\000n\000i\000n\000g\000\040\000V\000e\000r\000i\000f\000i\000c\000a\000t\000i\000o\000n\000s\000\040\000f\000o\000r\000\040\000r\000i\000g\000o\000r\000o\000u\000s\000\040\000s\000t\000a\000n\000d\000a\000r\000d}{section.Alph43.12}% 1063
\BOOKMARK [1][-]{section.Alph43.13}{\376\377\000P\000r\000o\000p\000o\000s\000e\000d\000\040\000P\000r\000o\000o\000f\000\040\000S\000t\000r\000u\000c\000t\000u\000r\000e\000\040\000f\000o\000r\000\040\000t\000h\000e\000\040\000Y\000a\000n\000g\000-\000M\000i\000l\000l\000s\000\040\000M\000a\000s\000s\000\040\000G\000a\000p}{appendix.Alph43}% 1064
\BOOKMARK [2][-]{subsection.Alph43.13.1}{\376\377\000P\000r\000o\000p\000o\000s\000e\000d\000\040\000P\000r\000o\000o\000f\000\040\000S\000t\000r\000u\000c\000t\000u\000r\000e}{section.Alph43.13}% 1065
\BOOKMARK [2][-]{subsection.Alph43.13.2}{\376\377\000S\000t\000a\000g\000e\000\040\0001\000:\000\040\000T\000h\000e\000\040\000C\000r\000i\000t\000i\000c\000a\000l\000\040\000B\000a\000s\000e\000\040\000C\000a\000s\000e}{section.Alph43.13}% 1066
\BOOKMARK [2][-]{subsection.Alph43.13.3}{\376\377\000S\000t\000a\000g\000e\000\040\0002\000:\000\040\000U\000n\000i\000f\000o\000r\000m\000\040\000L\000o\000g\000-\000S\000o\000b\000o\000l\000e\000v\000\040\000I\000n\000e\000q\000u\000a\000l\000i\000t\000y}{section.Alph43.13}% 1067
\BOOKMARK [2][-]{subsection.Alph43.13.4}{\376\377\000S\000t\000a\000g\000e\000\040\0003\000:\000\040\000G\000i\000l\000e\000s\000-\000T\000e\000p\000e\000r\000\040\000B\000o\000u\000n\000d}{section.Alph43.13}% 1068
\BOOKMARK [2][-]{subsection.Alph43.13.5}{\376\377\000S\000t\000a\000g\000e\000\040\0004\000:\000\040\000C\000o\000n\000t\000i\000n\000u\000u\000m\000\040\000L\000i\000m\000i\000t}{section.Alph43.13}% 1069
\BOOKMARK [2][-]{subsection.Alph43.13.6}{\376\377\000S\000y\000n\000t\000h\000e\000s\000i\000s\000:\000\040\000T\000h\000e\000\040\000C\000o\000m\000p\000l\000e\000t\000e\000\040\000A\000r\000g\000u\000m\000e\000n\000t}{section.Alph43.13}% 1070
\BOOKMARK [2][-]{subsection.Alph43.13.7}{\376\377\000L\000o\000g\000i\000c\000a\000l\000\040\000D\000e\000p\000e\000n\000d\000e\000n\000c\000i\000e\000s}{section.Alph43.13}% 1071
\BOOKMARK [2][-]{subsection.Alph43.13.8}{\376\377\000W\000h\000a\000t\000\040\000H\000a\000s\000\040\000B\000e\000e\000n\000\040\000P\000r\000o\000v\000e\000n}{section.Alph43.13}% 1072
\BOOKMARK [2][-]{subsection.Alph43.13.9}{\376\377\000C\000l\000a\000y\000\040\000m\000a\000s\000s\000\040\000g\000a\000p\000\040\000p\000r\000o\000b\000l\000e\000m\000\040\000R\000e\000q\000u\000i\000r\000e\000m\000e\000n\000t\000s}{section.Alph43.13}% 1073
\BOOKMARK [2][-]{subsection.Alph43.13.10}{\376\377\000R\000e\000m\000a\000i\000n\000i\000n\000g\000\040\000f\000o\000r\000\040\000P\000u\000b\000l\000i\000c\000a\000t\000i\000o\000n}{section.Alph43.13}% 1074
\BOOKMARK [2][-]{subsection.Alph43.13.11}{\376\377\000C\000o\000n\000c\000l\000u\000s\000i\000o\000n}{section.Alph43.13}% 1075
\BOOKMARK [1][-]{section.Alph43.14}{\376\377\000F\000i\000n\000a\000l\000\040\000U\000n\000i\000f\000i\000e\000d\000\040\000T\000h\000e\000o\000r\000e\000m\000:\000\040\000Y\000a\000n\000g\000-\000M\000i\000l\000l\000s\000\040\000M\000a\000s\000s\000\040\000G\000a\000p}{appendix.Alph43}% 1076
\BOOKMARK [2][-]{subsection.Alph43.14.1}{\376\377\000C\000o\000m\000p\000l\000e\000t\000e\000\040\000P\000r\000o\000o\000f\000\040\000i\000n\000\040\000F\000i\000v\000e\000\040\000T\000h\000e\000o\000r\000e\000m\000s}{section.Alph43.14}% 1077
\BOOKMARK [2][-]{subsection.Alph43.14.2}{\376\377\000L\000o\000g\000i\000c\000a\000l\000\040\000S\000t\000r\000u\000c\000t\000u\000r\000e\000\040\000-\000\040\000N\000o\000\040\000C\000i\000r\000c\000u\000l\000a\000r\000i\000t\000y}{section.Alph43.14}% 1078
\BOOKMARK [2][-]{subsection.Alph43.14.3}{\376\377\000C\000o\000m\000p\000a\000r\000i\000s\000o\000n\000\040\000t\000o\000\040\000r\000i\000g\000o\000r\000o\000u\000s\000\040\000s\000t\000a\000n\000d\000a\000r\000d\000\040\000R\000e\000q\000u\000i\000r\000e\000m\000e\000n\000t\000s}{section.Alph43.14}% 1079
\BOOKMARK [2][-]{subsection.Alph43.14.4}{\376\377\000R\000i\000g\000o\000r\000\040\000A\000n\000a\000l\000y\000s\000i\000s}{section.Alph43.14}% 1080
\BOOKMARK [2][-]{subsection.Alph43.14.5}{\376\377\000T\000e\000c\000h\000n\000i\000c\000a\000l\000\040\000E\000x\000t\000e\000n\000s\000i\000o\000n\000s}{section.Alph43.14}% 1081
\BOOKMARK [2][-]{subsection.Alph43.14.6}{\376\377\000F\000i\000n\000a\000l\000\040\000S\000t\000a\000t\000e\000m\000e\000n\000t}{section.Alph43.14}% 1082
\BOOKMARK [1][-]{section.Alph43.15}{\376\377\000R\000e\000s\000e\000a\000r\000c\000h\000\040\000a\000n\000d\000\040\000R\000e\000p\000a\000i\000r\000\040\000R\000o\000a\000d\000m\000a\000p\000:\000\040\000T\000o\000w\000a\000r\000d\000s\000\040\000a\000\040\000R\000i\000g\000o\000r\000o\000u\000s\000\040\000P\000r\000o\000o\000f}{appendix.Alph43}% 1083
\BOOKMARK [2][-]{subsection.Alph43.15.1}{\376\377\0001\000.\000\040\000T\000h\000e\000\040\000U\000n\000i\000f\000o\000r\000m\000-\000i\000n\000-\000V\000o\000l\000u\000m\000e\000\040\000G\000a\000p\000\040\000\050\000R\000e\000s\000o\000l\000v\000i\000n\000g\000\040\000t\000h\000e\000\040\000"\000O\000s\000c\000i\000l\000l\000a\000t\000i\000o\000n\000\040\000C\000a\000t\000a\000s\000t\000r\000o\000p\000h\000e\000"\000\051}{section.Alph43.15}% 1084
\BOOKMARK [2][-]{subsection.Alph43.15.2}{\376\377\0002\000.\000\040\000T\000h\000e\000\040\000C\000o\000n\000t\000i\000n\000u\000u\000m\000\040\000L\000i\000m\000i\000t\000\040\000\050\000U\000V\000\040\000S\000t\000a\000b\000i\000l\000i\000t\000y\000\051}{section.Alph43.15}% 1085
\BOOKMARK [2][-]{subsection.Alph43.15.3}{\376\377\0003\000.\000\040\000A\000b\000s\000e\000n\000c\000e\000\040\000o\000f\000\040\000P\000h\000a\000s\000e\000\040\000T\000r\000a\000n\000s\000i\000t\000i\000o\000n\000s\000\040\000\050\000A\000n\000a\000l\000y\000t\000i\000c\000i\000t\000y\000\051}{section.Alph43.15}% 1086
\BOOKMARK [2][-]{subsection.Alph43.15.4}{\376\377\0004\000.\000\040\000T\000h\000e\000\040\000G\000i\000l\000e\000s\000-\000T\000e\000p\000e\000r\000\040\000B\000o\000u\000n\000d\000\040\000\050\000E\000x\000p\000l\000i\000c\000i\000t\000\040\000C\000o\000n\000s\000t\000a\000n\000t\000\051}{section.Alph43.15}% 1087
\BOOKMARK [1][-]{section.Alph43.16}{\376\377\000D\000e\000t\000a\000i\000l\000e\000d\000\040\000V\000e\000r\000i\000f\000i\000c\000a\000t\000i\000o\000n\000\040\000C\000h\000e\000c\000k\000l\000i\000s\000t\000\040\000\046\000\040\000M\000a\000t\000h\000e\000m\000a\000t\000i\000c\000a\000l\000\040\000F\000o\000r\000t\000i\000f\000i\000c\000a\000t\000i\000o\000n\000s}{appendix.Alph43}% 1088
\BOOKMARK [2][-]{subsection.Alph43.16.1}{\376\377\0001\000.\000\040\000R\000i\000g\000o\000r\000o\000u\000s\000\040\000E\000x\000t\000e\000n\000s\000i\000o\000n\000\040\000o\000f\000\040\000B\000a\000l\000a\000b\000a\000n\000'\000s\000\040\000B\000o\000u\000n\000d\000s\000\040\000t\000o\000\040\000S\000U\000\050\000N\000\051}{section.Alph43.16}% 1089
\BOOKMARK [2][-]{subsection.Alph43.16.2}{\376\377\0002\000.\000\040\000L\000a\000t\000t\000i\000c\000e\000\040\000S\000u\000p\000e\000r\000s\000y\000m\000m\000e\000t\000r\000y\000\040\000a\000n\000d\000\040\000t\000h\000e\000\040\000W\000i\000t\000t\000e\000n\000\040\000I\000n\000d\000e\000x}{section.Alph43.16}% 1090
\BOOKMARK [2][-]{subsection.Alph43.16.3}{\376\377\0003\000.\000\040\000E\000x\000p\000l\000i\000c\000i\000t\000\040\000B\000o\000u\000n\000d\000s\000\040\000f\000o\000r\000\040\000L\000e\000e\000-\000Y\000a\000n\000g\000\040\000Z\000e\000r\000o\000s}{section.Alph43.16}% 1091
\BOOKMARK [2][-]{subsection.Alph43.16.4}{\376\377\0004\000.\000\040\000C\000o\000m\000p\000u\000t\000e\000r\000-\000A\000s\000s\000i\000s\000t\000e\000d\000\040\000V\000e\000r\000i\000f\000i\000c\000a\000t\000i\000o\000n\000\040\000f\000o\000r\000\040\000I\000n\000t\000e\000r\000m\000e\000d\000i\000a\000t\000e\000\040\000C\000o\000u\000p\000l\000i\000n\000g}{section.Alph43.16}% 1092
\BOOKMARK [2][-]{subsection.Alph43.16.5}{\376\377\0005\000.\000\040\000R\000e\000s\000t\000o\000r\000a\000t\000i\000o\000n\000\040\000o\000f\000\040\000W\000a\000r\000d\000\040\000I\000d\000e\000n\000t\000i\000t\000i\000e\000s\000\040\000\050\000S\000y\000m\000m\000e\000t\000r\000y\000\040\000R\000e\000c\000o\000v\000e\000r\000y\000\051}{section.Alph43.16}% 1093
\BOOKMARK [2][-]{subsection.Alph43.16.6}{\376\377\0006\000.\000\040\000V\000e\000r\000i\000f\000i\000c\000a\000t\000i\000o\000n\000\040\000o\000f\000\040\000t\000h\000e\000\040\0001\000D\000\040\000B\000a\000s\000e\000\040\000C\000a\000s\000e\000\040\000C\000o\000n\000s\000t\000a\000n\000t}{section.Alph43.16}% 1094
\BOOKMARK [1][-]{section.Alph43.17}{\376\377\000D\000e\000e\000p\000\040\000S\000t\000r\000u\000c\000t\000u\000r\000e\000\040\000\046\000\040\000K\000e\000y\000s\000t\000o\000n\000e\000\040\000F\000r\000a\000m\000e\000w\000o\000r\000k\000s}{appendix.Alph43}% 1095
\BOOKMARK [2][-]{subsection.Alph43.17.1}{\376\377\000D\000e\000e\000p\000\040\000S\000t\000r\000u\000c\000t\000u\000r\000e\000\040\000M\000a\000t\000h\000e\000m\000a\000t\000i\000c\000a\000l\000\040\000F\000o\000r\000t\000i\000f\000i\000c\000a\000t\000i\000o\000n\000s\000\040\000\050\000A\000p\000p\000e\000n\000d\000i\000x\000\040\000R\000.\0001\0006\0001\000\051}{section.Alph43.17}% 1096
\BOOKMARK [2][-]{subsection.Alph43.17.2}{\376\377\000K\000e\000y\000s\000t\000o\000n\000e\000\040\000M\000a\000t\000h\000e\000m\000a\000t\000i\000c\000a\000l\000\040\000F\000r\000a\000m\000e\000w\000o\000r\000k\000s\000\040\000\050\000A\000p\000p\000e\000n\000d\000i\000c\000e\000s\000\040\000R\000.\0001\0006\0002\040\023\000R\000.\0001\0006\0003\000\051}{section.Alph43.17}% 1097
\BOOKMARK [1][-]{section.Alph43.18}{\376\377\000A\000d\000v\000a\000n\000c\000e\000d\000\040\000M\000a\000t\000h\000e\000m\000a\000t\000i\000c\000a\000l\000\040\000H\000u\000r\000d\000l\000e\000s\000\040\000\046\000\040\000R\000i\000g\000o\000r\000o\000u\000s\000\040\000R\000e\000s\000o\000l\000u\000t\000i\000o\000n}{appendix.Alph43}% 1098
\BOOKMARK [2][-]{subsection.Alph43.18.1}{\376\377\000R\000i\000g\000o\000r\000o\000u\000s\000\040\000R\000e\000s\000o\000l\000u\000t\000i\000o\000n\000\040\000o\000f\000\040\000I\000n\000f\000i\000n\000i\000t\000e\000-\000D\000i\000m\000e\000n\000s\000i\000o\000n\000a\000l\000\040\000P\000a\000t\000h\000o\000l\000o\000g\000i\000e\000s}{section.Alph43.18}% 1099
\BOOKMARK [2][-]{subsection.Alph43.18.2}{\376\377\000F\000i\000n\000a\000l\000\040\000K\000e\000y\000s\000t\000o\000n\000e\000\040\000F\000r\000a\000m\000e\000w\000o\000r\000k\000s\000\040\000I\000I}{section.Alph43.18}% 1100
\BOOKMARK [2][-]{subsection.Alph43.18.3}{\376\377\000H\000a\000r\000d\000\040\000A\000n\000a\000l\000y\000s\000i\000s\000\040\000o\000f\000\040\000C\000r\000i\000t\000i\000c\000a\000l\000\040\000G\000a\000p\000s}{section.Alph43.18}% 1101
\BOOKMARK [2][-]{subsection.Alph43.18.4}{\376\377\000F\000i\000n\000a\000l\000\040\000S\000t\000r\000u\000c\000t\000u\000r\000a\000l\000\040\000A\000n\000a\000l\000y\000s\000i\000s\000\040\000\050\000S\000e\000c\000t\000i\000o\000n\000\040\0003\0009\000\051}{section.Alph43.18}% 1102
\BOOKMARK [2][-]{subsection.Alph43.18.5}{\376\377\000N\000o\000v\000e\000l\000\040\000M\000a\000t\000h\000e\000m\000a\000t\000i\000c\000a\000l\000\040\000T\000o\000o\000l\000s\000\040\000\050\000A\000p\000p\000e\000n\000d\000i\000x\000\040\000F\000\040\000/\000\040\000R\000.\0001\0007\000\051\000\040\000\046\000\040\000A\000l\000t\000e\000r\000n\000a\000t\000i\000v\000e\000\040\000A\000p\000p\000r\000o\000a\000c\000h\000e\000s\000\040\000\050\000P\000a\000r\000t\000\040\000I\000I\000I\000\051}{section.Alph43.18}% 1103
\BOOKMARK [2][-]{subsection.Alph43.18.6}{\376\377\000H\000a\000r\000d\000\040\000A\000n\000a\000l\000y\000s\000i\000s\000\040\000o\000f\000\040\000C\000r\000i\000t\000i\000c\000a\000l\000\040\000G\000a\000p\000s\000\040\000\050\000S\000e\000c\000t\000i\000o\000n\000\040\0003\0008\000\051\000\040\000\046\000\040\000F\000i\000n\000a\000l\000\040\000S\000t\000r\000u\000c\000t\000u\000r\000a\000l\000\040\000A\000n\000a\000l\000y\000s\000i\000s\000\040\000\050\000S\000e\000c\000t\000i\000o\000n\000\040\0003\0009\000\051}{section.Alph43.18}% 1104
\BOOKMARK [2][-]{subsection.Alph43.18.7}{\376\377\000R\000i\000g\000o\000r\000o\000u\000s\000\040\000R\000e\000s\000o\000l\000u\000t\000i\000o\000n\000\040\000o\000f\000\040\000O\000p\000e\000n\000\040\000P\000r\000o\000b\000l\000e\000m\000s\000\040\000\050\000A\000p\000p\000e\000n\000d\000i\000x\000\040\000R\000.\0001\0000\0005\000\051\000\040\000\046\000\040\000C\000o\000m\000p\000u\000t\000e\000r\000-\000V\000e\000r\000i\000f\000i\000a\000b\000l\000e\000\040\000B\000o\000u\000n\000d\000s\000\040\000\050\000A\000p\000p\000e\000n\000d\000i\000x\000\040\000R\000.\0008\0008\000\051}{section.Alph43.18}% 1105
\BOOKMARK [1][-]{section.Alph43.19}{\376\377\000P\000r\000o\000p\000o\000s\000e\000d\000\040\000M\000a\000t\000h\000e\000m\000a\000t\000i\000c\000a\000l\000\040\000P\000r\000o\000o\000f\000s\000\040\000o\000f\000\040\000K\000e\000y\000\040\000T\000h\000e\000o\000r\000e\000m\000s}{appendix.Alph43}% 1106
\BOOKMARK [1][-]{section.Alph43.20}{\376\377\000S\000t\000r\000a\000t\000e\000g\000y\000\040\000f\000o\000r\000\040\000S\000t\000r\000i\000c\000t\000\040\000P\000o\000s\000i\000t\000i\000v\000i\000t\000y\000\040\000o\000f\000\040\000S\000t\000r\000i\000n\000g\000\040\000T\000e\000n\000s\000i\000o\000n}{appendix.Alph43}% 1107
\BOOKMARK [2][-]{subsection.Alph43.20.1}{\376\377\000O\000v\000e\000r\000v\000i\000e\000w\000\040\000o\000f\000\040\000t\000h\000e\000\040\000P\000r\000o\000p\000o\000s\000e\000d\000\040\000P\000r\000o\000o\000f\000\040\000S\000t\000r\000a\000t\000e\000g\000y}{section.Alph43.20}% 1108
\BOOKMARK [2][-]{subsection.Alph43.20.2}{\376\377\000D\000e\000p\000e\000n\000d\000e\000n\000c\000y\000\040\000S\000t\000r\000u\000c\000t\000u\000r\000e\000\040\000o\000f\000\040\000t\000h\000e\000\040\000P\000r\000o\000o\000f}{section.Alph43.20}% 1109
\BOOKMARK [2][-]{subsection.Alph43.20.3}{\376\377\000R\000e\000f\000l\000e\000c\000t\000i\000o\000n\000\040\000P\000o\000s\000i\000t\000i\000v\000i\000t\000y\000\040\000M\000o\000n\000o\000t\000o\000n\000i\000c\000i\000t\000y}{section.Alph43.20}% 1110
\BOOKMARK [2][-]{subsection.Alph43.20.4}{\376\377\000A\000n\000a\000l\000y\000t\000i\000c\000i\000t\000y\000\040\000v\000i\000a\000\040\000R\000e\000n\000o\000r\000m\000a\000l\000i\000z\000a\000t\000i\000o\000n\000\040\000G\000r\000o\000u\000p\000\040\000a\000n\000d\000\040\000C\000l\000u\000s\000t\000e\000r\000\040\000E\000x\000p\000a\000n\000s\000i\000o\000n\000s}{section.Alph43.20}% 1111
\BOOKMARK [2][-]{subsection.Alph43.20.5}{\376\377\000C\000o\000u\000p\000l\000i\000n\000g\000\040\000M\000o\000n\000o\000t\000o\000n\000i\000c\000i\000t\000y\000\040\000f\000o\000r\000\040\000N\000o\000n\000-\000A\000b\000e\000l\000i\000a\000n\000\040\000T\000h\000e\000o\000r\000i\000e\000s}{section.Alph43.20}% 1112
\BOOKMARK [1][-]{section.Alph43.21}{\376\377\000U\000n\000i\000f\000o\000r\000m\000\040\000L\000o\000g\000-\000S\000o\000b\000o\000l\000e\000v\000\040\000I\000n\000e\000q\000u\000a\000l\000i\000t\000y}{appendix.Alph43}% 1113
\BOOKMARK [2][-]{subsection.Alph43.21.1}{\376\377\000C\000o\000n\000d\000i\000t\000i\000o\000n\000a\000l\000\040\000T\000e\000n\000s\000o\000r\000i\000z\000a\000t\000i\000o\000n}{section.Alph43.21}% 1114
\BOOKMARK [1][-]{section.Alph43.22}{\376\377\000T\000h\000e\000\040\000M\000a\000s\000s\000\040\000G\000a\000p\000\040\000I\000n\000e\000q\000u\000a\000l\000i\000t\000y}{appendix.Alph43}% 1115
\BOOKMARK [2][-]{subsection.Alph43.22.1}{\376\377\000E\000x\000p\000l\000i\000c\000i\000t\000\040\000C\000o\000n\000s\000t\000a\000n\000t\000s\000:\000\040\000T\000h\000e\000\040\000G\000i\000l\000e\000s\000-\000T\000e\000p\000e\000r\000\040\000B\000o\000u\000n\000d}{section.Alph43.22}% 1116
\BOOKMARK [2][-]{subsection.Alph43.22.2}{\376\377\000C\000a\000s\000i\000m\000i\000r\000\040\000S\000c\000a\000l\000i\000n\000g\000\040\000a\000n\000d\000\040\000S\000p\000e\000c\000t\000r\000a\000l\000\040\000B\000o\000u\000n\000d\000s}{section.Alph43.22}% 1117
\BOOKMARK [1][-]{section.Alph43.23}{\376\377\000C\000o\000n\000s\000t\000r\000u\000c\000t\000i\000o\000n\000\040\000o\000f\000\040\000t\000h\000e\000\040\000C\000o\000n\000t\000i\000n\000u\000u\000m\000\040\000L\000i\000m\000i\000t}{appendix.Alph43}% 1118
\BOOKMARK [2][-]{subsection.Alph43.23.1}{\376\377\000B\000a\000l\000a\000b\000a\000n\000'\000s\000\040\000R\000e\000n\000o\000r\000m\000a\000l\000i\000z\000a\000t\000i\000o\000n\000\040\000G\000r\000o\000u\000p\000\040\000F\000r\000a\000m\000e\000w\000o\000r\000k}{section.Alph43.23}% 1119
\BOOKMARK [2][-]{subsection.Alph43.23.2}{\376\377\000P\000h\000y\000s\000i\000c\000a\000l\000\040\000M\000a\000s\000s\000\040\000G\000a\000p\000\040\000v\000i\000a\000\040\000M\000o\000s\000c\000o\000\040\000C\000o\000n\000v\000e\000r\000g\000e\000n\000c\000e}{section.Alph43.23}% 1120
\BOOKMARK [2][-]{subsection.Alph43.23.3}{\376\377\000U\000n\000i\000q\000u\000e\000n\000e\000s\000s\000\040\000o\000f\000\040\000t\000h\000e\000\040\000L\000i\000m\000i\000t}{section.Alph43.23}% 1121
\BOOKMARK [2][-]{subsection.Alph43.23.4}{\376\377\000S\000u\000m\000m\000a\000r\000y\000\040\000o\000f\000\040\000M\000a\000t\000h\000e\000m\000a\000t\000i\000c\000a\000l\000\040\000R\000e\000s\000u\000l\000t\000s}{section.Alph43.23}% 1122
\BOOKMARK [1][-]{section.Alph43.24}{\376\377\000A\000b\000s\000e\000n\000c\000e\000\040\000o\000f\000\040\000P\000h\000a\000s\000e\000\040\000T\000r\000a\000n\000s\000i\000t\000i\000o\000n\000s\000:\000\040\000P\000r\000o\000o\000f\000\040\000o\000f\000\040\000A\000n\000a\000l\000y\000t\000i\000c\000i\000t\000y}{appendix.Alph43}% 1123
\BOOKMARK [2][-]{subsection.Alph43.24.1}{\376\377\000P\000r\000i\000m\000a\000r\000y\000\040\000P\000r\000o\000o\000f\000:\000\040\000A\000n\000a\000l\000y\000t\000i\000c\000i\000t\000y\000\040\000v\000i\000a\000\040\000U\000n\000i\000f\000o\000r\000m\000\040\000L\000S\000I}{section.Alph43.24}% 1124
\BOOKMARK [2][-]{subsection.Alph43.24.2}{\376\377\000S\000e\000c\000o\000n\000d\000a\000r\000y\000\040\000P\000r\000o\000o\000f\000:\000\040\000A\000d\000j\000o\000i\000n\000t\000\040\000I\000n\000t\000e\000r\000p\000o\000l\000a\000t\000i\000o\000n}{section.Alph43.24}% 1125
\BOOKMARK [2][-]{subsection.Alph43.24.3}{\376\377\000T\000h\000e\000\040\000D\000e\000c\000o\000u\000p\000l\000i\000n\000g\000\040\000L\000i\000m\000i\000t}{section.Alph43.24}% 1126
\BOOKMARK [1][-]{section.Alph43.25}{\376\377\000M\000a\000t\000h\000e\000m\000a\000t\000i\000c\000a\000l\000\040\000M\000e\000t\000h\000o\000d\000s\000\040\000a\000n\000d\000\040\000D\000e\000f\000i\000n\000i\000t\000i\000o\000n\000s}{appendix.Alph43}% 1127
\BOOKMARK [2][-]{subsection.Alph43.25.1}{\376\377\000L\000a\000t\000t\000i\000c\000e\000\040\000G\000a\000u\000g\000e\000\040\000T\000h\000e\000o\000r\000y\000\040\000F\000o\000r\000m\000u\000l\000a\000t\000i\000o\000n}{section.Alph43.25}% 1128
\BOOKMARK [2][-]{subsection.Alph43.25.2}{\376\377\000T\000h\000e\000\040\000W\000i\000l\000s\000o\000n\000\040\000A\000c\000t\000i\000o\000n}{section.Alph43.25}% 1129
\BOOKMARK [2][-]{subsection.Alph43.25.3}{\376\377\000A\000x\000i\000o\000m\000a\000t\000i\000c\000\040\000R\000e\000q\000u\000i\000r\000e\000m\000e\000n\000t\000s}{section.Alph43.25}% 1130
\BOOKMARK [1][-]{section.Alph43.26}{\376\377\000C\000o\000n\000s\000t\000r\000u\000c\000t\000i\000v\000e\000\040\000Q\000u\000a\000n\000t\000u\000m\000\040\000F\000i\000e\000l\000d\000\040\000T\000h\000e\000o\000r\000y\000\040\000E\000s\000t\000i\000m\000a\000t\000e\000s}{appendix.Alph43}% 1131
\BOOKMARK [2][-]{subsection.Alph43.26.1}{\376\377\000S\000t\000r\000o\000n\000g\000\040\000C\000o\000u\000p\000l\000i\000n\000g\000\040\000C\000l\000u\000s\000t\000e\000r\000\040\000E\000x\000p\000a\000n\000s\000i\000o\000n}{section.Alph43.26}% 1132
\BOOKMARK [2][-]{subsection.Alph43.26.2}{\376\377\000M\000a\000s\000s\000\040\000G\000a\000p\000\040\000i\000n\000\040\000S\000t\000r\000o\000n\000g\000\040\000C\000o\000u\000p\000l\000i\000n\000g}{section.Alph43.26}% 1133
\BOOKMARK [2][-]{subsection.Alph43.26.3}{\376\377\000I\000n\000t\000e\000r\000m\000e\000d\000i\000a\000t\000e\000\040\000C\000o\000u\000p\000l\000i\000n\000g\000:\000\040\000R\000e\000f\000l\000e\000c\000t\000i\000o\000n\000\040\000P\000o\000s\000i\000t\000i\000v\000i\000t\000y\000\040\000M\000o\000n\000o\000t\000o\000n\000i\000c\000i\000t\000y}{section.Alph43.26}% 1134
\BOOKMARK [2][-]{subsection.Alph43.26.4}{\376\377\000C\000o\000n\000t\000i\000n\000u\000u\000m\000\040\000L\000i\000m\000i\000t\000:\000\040\000B\000a\000l\000a\000b\000a\000n\000'\000s\000\040\000U\000V\000\040\000S\000t\000a\000b\000i\000l\000i\000t\000y}{section.Alph43.26}% 1135
\BOOKMARK [1][-]{section.Alph43.27}{\376\377\000T\000e\000c\000h\000n\000i\000c\000a\000l\000\040\000A\000p\000p\000e\000n\000d\000i\000c\000e\000s}{appendix.Alph43}% 1136
\BOOKMARK [2][-]{subsection.Alph43.27.1}{\376\377\000H\000a\000a\000r\000\040\000M\000e\000a\000s\000u\000r\000e\000\040\000E\000s\000t\000i\000m\000a\000t\000e\000s}{section.Alph43.27}% 1137
\BOOKMARK [2][-]{subsection.Alph43.27.2}{\376\377\000C\000o\000m\000b\000i\000n\000a\000t\000o\000r\000i\000a\000l\000\040\000F\000a\000c\000t\000o\000r\000s}{section.Alph43.27}% 1138
\BOOKMARK [2][-]{subsection.Alph43.27.3}{\376\377\000R\000e\000f\000l\000e\000c\000t\000i\000o\000n\000\040\000P\000o\000s\000i\000t\000i\000v\000i\000t\000y\000\040\000D\000e\000t\000a\000i\000l\000s}{section.Alph43.27}% 1139
\BOOKMARK [1][-]{section.Alph43.28}{\376\377\000D\000e\000f\000i\000n\000i\000t\000i\000v\000e\000\040\000P\000r\000o\000o\000f\000\040\000o\000f\000\040\000t\000h\000e\000\040\000C\000o\000n\000j\000e\000c\000t\000u\000r\000e\000:\000\040\000S\000y\000n\000t\000h\000e\000s\000i\000s}{appendix.Alph43}% 1140
\BOOKMARK [2][-]{subsection.Alph43.28.1}{\376\377\000L\000o\000g\000i\000c\000a\000l\000\040\000S\000t\000r\000u\000c\000t\000u\000r\000e\000\040\000o\000f\000\040\000t\000h\000e\000\040\000P\000r\000o\000o\000f}{section.Alph43.28}% 1141
\BOOKMARK [2][-]{subsection.Alph43.28.2}{\376\377\000V\000e\000r\000i\000f\000i\000c\000a\000t\000i\000o\000n\000\040\000o\000f\000\040\000A\000x\000i\000o\000m\000s}{section.Alph43.28}% 1142
\BOOKMARK [2][-]{subsection.Alph43.28.3}{\376\377\000C\000o\000n\000c\000l\000u\000s\000i\000o\000n}{section.Alph43.28}% 1143
\BOOKMARK [1][-]{section.Alph43.29}{\376\377\000C\000o\000m\000p\000r\000e\000h\000e\000n\000s\000i\000v\000e\000\040\000R\000i\000g\000o\000r\000o\000u\000s\000\040\000P\000r\000o\000o\000f\000\040\000o\000f\000\040\000t\000h\000e\000\040\000Y\000a\000n\000g\000-\000M\000i\000l\000l\000s\000\040\000M\000a\000s\000s\000\040\000G\000a\000p}{appendix.Alph43}% 1144
\BOOKMARK [2][-]{subsection.Alph43.29.1}{\376\377\000A\000x\000i\000o\000m\000a\000t\000i\000c\000\040\000F\000r\000a\000m\000e\000w\000o\000r\000k\000\040\000a\000n\000d\000\040\000L\000a\000t\000t\000i\000c\000e\000\040\000R\000e\000g\000u\000l\000a\000r\000i\000z\000a\000t\000i\000o\000n}{section.Alph43.29}% 1145
\BOOKMARK [2][-]{subsection.Alph43.29.2}{\376\377\000E\000x\000i\000s\000t\000e\000n\000c\000e\000\040\000o\000f\000\040\000t\000h\000e\000\040\000M\000a\000s\000s\000\040\000G\000a\000p\000\040\000i\000n\000\040\000t\000h\000e\000\040\000S\000t\000r\000o\000n\000g\000\040\000C\000o\000u\000p\000l\000i\000n\000g\000\040\000R\000e\000g\000i\000m\000e}{section.Alph43.29}% 1146
\BOOKMARK [2][-]{subsection.Alph43.29.3}{\376\377\000C\000o\000n\000t\000i\000n\000u\000u\000m\000\040\000L\000i\000m\000i\000t\000\040\000a\000n\000d\000\040\000A\000s\000y\000m\000p\000t\000o\000t\000i\000c\000\040\000F\000r\000e\000e\000d\000o\000m}{section.Alph43.29}% 1147
\BOOKMARK [2][-]{subsection.Alph43.29.4}{\376\377\000U\000n\000i\000f\000o\000r\000m\000\040\000B\000o\000u\000n\000d\000s\000\040\000v\000i\000a\000\040\000R\000e\000f\000l\000e\000c\000t\000i\000o\000n\000\040\000P\000o\000s\000i\000t\000i\000v\000i\000t\000y\000\040\000a\000n\000d\000\040\000I\000n\000t\000e\000r\000p\000o\000l\000a\000t\000i\000o\000n}{section.Alph43.29}% 1148
\BOOKMARK [2][-]{subsection.Alph43.29.5}{\376\377\000U\000n\000i\000f\000o\000r\000m\000\040\000L\000o\000g\000-\000S\000o\000b\000o\000l\000e\000v\000\040\000I\000n\000e\000q\000u\000a\000l\000i\000t\000y}{section.Alph43.29}% 1149
\BOOKMARK [2][-]{subsection.Alph43.29.6}{\376\377\000C\000o\000n\000s\000t\000r\000u\000c\000t\000i\000o\000n\000\040\000o\000f\000\040\000t\000h\000e\000\040\000C\000o\000n\000t\000i\000n\000u\000u\000m\000\040\000L\000i\000m\000i\000t}{section.Alph43.29}% 1150
\BOOKMARK [1][-]{section.Alph43.30}{\376\377\000C\000o\000n\000c\000l\000u\000s\000i\000o\000n\000:\000\040\000T\000h\000e\000\040\000M\000a\000s\000s\000\040\000G\000a\000p\000\040\000T\000h\000e\000o\000r\000e\000m}{appendix.Alph43}% 1151
\BOOKMARK [2][-]{subsection.Alph43.30.1}{\376\377\000R\000i\000g\000o\000r\000o\000u\000s\000\040\000C\000o\000n\000t\000r\000o\000l\000\040\000o\000f\000\040\000t\000h\000e\000\040\000W\000e\000a\000k\000\040\000C\000o\000u\000p\000l\000i\000n\000g\000\040\000L\000i\000m\000i\000t}{section.Alph43.30}% 1152
\BOOKMARK [2][-]{subsection.Alph43.30.2}{\376\377\000P\000r\000o\000o\000f\000\040\000o\000f\000\040\000t\000h\000e\000\040\000M\000a\000s\000s\000\040\000G\000a\000p\000\040\000i\000n\000\040\000t\000h\000e\000\040\000C\000o\000n\000t\000i\000n\000u\000u\000m}{section.Alph43.30}% 1153
\BOOKMARK [1][-]{section.Alph43.31}{\376\377\000C\000o\000n\000c\000l\000u\000s\000i\000o\000n}{appendix.Alph43}% 1154
\BOOKMARK [1][-]{section.Alph43.32}{\376\377\000C\000o\000m\000p\000l\000e\000t\000e\000\040\000R\000i\000g\000o\000r\000o\000u\000s\000\040\000M\000a\000t\000h\000e\000m\000a\000t\000i\000c\000a\000l\000\040\000D\000e\000r\000i\000v\000a\000t\000i\000o\000n\000s}{appendix.Alph43}% 1155
\BOOKMARK [2][-]{subsection.Alph43.32.1}{\376\377\000P\000a\000r\000t\000\040\000I\000:\000\040\000R\000i\000g\000o\000r\000o\000u\000s\000\040\000C\000l\000u\000s\000t\000e\000r\000\040\000E\000x\000p\000a\000n\000s\000i\000o\000n\000\040\000a\000t\000\040\000S\000t\000r\000o\000n\000g\000\040\000C\000o\000u\000p\000l\000i\000n\000g}{section.Alph43.32}% 1156
\BOOKMARK [2][-]{subsection.Alph43.32.2}{\376\377\000P\000a\000r\000t\000\040\000I\000I\000:\000\040\000R\000i\000g\000o\000r\000o\000u\000s\000\040\000L\000o\000g\000-\000S\000o\000b\000o\000l\000e\000v\000\040\000I\000n\000e\000q\000u\000a\000l\000i\000t\000y}{section.Alph43.32}% 1157
\BOOKMARK [2][-]{subsection.Alph43.32.3}{\376\377\000P\000a\000r\000t\000\040\000I\000I\000I\000:\000\040\000R\000i\000g\000o\000r\000o\000u\000s\000\040\000S\000t\000r\000i\000n\000g\000\040\000T\000e\000n\000s\000i\000o\000n\000\040\000P\000o\000s\000i\000t\000i\000v\000i\000t\000y}{section.Alph43.32}% 1158
\BOOKMARK [2][-]{subsection.Alph43.32.4}{\376\377\000P\000a\000r\000t\000\040\000I\000V\000:\000\040\000R\000i\000g\000o\000r\000o\000u\000s\000\040\000G\000i\000l\000e\000s\000-\000T\000e\000p\000e\000r\000\040\000B\000o\000u\000n\000d}{section.Alph43.32}% 1159
\BOOKMARK [2][-]{subsection.Alph43.32.5}{\376\377\000P\000a\000r\000t\000\040\000V\000:\000\040\000R\000i\000g\000o\000r\000o\000u\000s\000\040\000C\000o\000n\000t\000i\000n\000u\000u\000m\000\040\000L\000i\000m\000i\000t}{section.Alph43.32}% 1160
\BOOKMARK [2][-]{subsection.Alph43.32.6}{\376\377\000P\000a\000r\000t\000\040\000V\000I\000:\000\040\000C\000o\000m\000p\000l\000e\000t\000e\000\040\000P\000r\000o\000o\000f\000\040\000S\000y\000n\000t\000h\000e\000s\000i\000s}{section.Alph43.32}% 1161
\BOOKMARK [2][-]{subsection.Alph43.32.7}{\376\377\000E\000x\000p\000l\000i\000c\000i\000t\000\040\000N\000u\000m\000e\000r\000i\000c\000a\000l\000\040\000C\000o\000n\000s\000t\000a\000n\000t\000s}{section.Alph43.32}% 1162
\BOOKMARK [2][-]{subsection.Alph43.32.8}{\376\377\000V\000e\000r\000i\000f\000i\000c\000a\000t\000i\000o\000n\000\040\000C\000h\000e\000c\000k\000l\000i\000s\000t}{section.Alph43.32}% 1163
\BOOKMARK [1][-]{section.Alph43.33}{\376\377\000S\000e\000l\000f\000-\000C\000o\000n\000t\000a\000i\000n\000e\000d\000\040\000C\000o\000m\000p\000l\000e\000t\000e\000\040\000P\000r\000o\000o\000f\000\040\000o\000f\000\040\000t\000h\000e\000\040\000M\000a\000s\000s\000\040\000G\000a\000p}{appendix.Alph43}% 1164
\BOOKMARK [2][-]{subsection.Alph43.33.1}{\376\377\000F\000o\000u\000n\000d\000a\000t\000i\000o\000n\000s\000:\000\040\000L\000a\000t\000t\000i\000c\000e\000\040\000Y\000a\000n\000g\000-\000M\000i\000l\000l\000s\000\040\000T\000h\000e\000o\000r\000y}{section.Alph43.33}% 1165
\BOOKMARK [2][-]{subsection.Alph43.33.2}{\376\377\000R\000e\000f\000l\000e\000c\000t\000i\000o\000n\000\040\000P\000o\000s\000i\000t\000i\000v\000i\000t\000y\000\040\000a\000n\000d\000\040\000H\000i\000l\000b\000e\000r\000t\000\040\000S\000p\000a\000c\000e}{section.Alph43.33}% 1166
\BOOKMARK [2][-]{subsection.Alph43.33.3}{\376\377\000M\000a\000s\000s\000\040\000G\000a\000p\000\040\000a\000t\000\040\000S\000t\000r\000o\000n\000g\000\040\000C\000o\000u\000p\000l\000i\000n\000g}{section.Alph43.33}% 1167
\BOOKMARK [2][-]{subsection.Alph43.33.4}{\376\377\000S\000t\000r\000i\000n\000g\000\040\000T\000e\000n\000s\000i\000o\000n\000\040\000P\000o\000s\000i\000t\000i\000v\000i\000t\000y}{section.Alph43.33}% 1168
\BOOKMARK [2][-]{subsection.Alph43.33.5}{\376\377\000S\000p\000e\000c\000t\000r\000a\000l\000\040\000G\000a\000p\000\040\000f\000r\000o\000m\000\040\000S\000t\000r\000i\000n\000g\000\040\000T\000e\000n\000s\000i\000o\000n}{section.Alph43.33}% 1169
\BOOKMARK [2][-]{subsection.Alph43.33.6}{\376\377\000U\000n\000i\000f\000o\000r\000m\000\040\000S\000p\000e\000c\000t\000r\000a\000l\000\040\000G\000a\000p}{section.Alph43.33}% 1170
\BOOKMARK [2][-]{subsection.Alph43.33.7}{\376\377\000C\000o\000n\000t\000i\000n\000u\000u\000m\000\040\000L\000i\000m\000i\000t}{section.Alph43.33}% 1171
\BOOKMARK [2][-]{subsection.Alph43.33.8}{\376\377\000M\000a\000i\000n\000\040\000T\000h\000e\000o\000r\000e\000m}{section.Alph43.33}% 1172
\BOOKMARK [0][-]{appendix.Alph44}{\376\377\000C\000r\000i\000t\000i\000c\000a\000l\000\040\000A\000n\000a\000l\000y\000s\000i\000s\000\040\000a\000n\000d\000\040\000S\000t\000a\000t\000u\000s\000\040\000A\000s\000s\000e\000s\000s\000m\000e\000n\000t}{theorem.N.1.10}% 1173
\BOOKMARK [1][-]{section.Alph44.1}{\376\377\000P\000r\000o\000o\000f\000\040\000A\000r\000c\000h\000i\000t\000e\000c\000t\000u\000r\000e\000:\000\040\000L\000o\000g\000i\000c\000a\000l\000\040\000D\000e\000p\000e\000n\000d\000e\000n\000c\000i\000e\000s}{appendix.Alph44}% 1174
\BOOKMARK [2][-]{subsection.Alph44.1.1}{\376\377\000I\000n\000d\000e\000p\000e\000n\000d\000e\000n\000t\000\040\000P\000r\000o\000o\000f\000\040\000P\000a\000t\000h\000s}{section.Alph44.1}% 1175
\BOOKMARK [2][-]{subsection.Alph44.1.2}{\376\377\000C\000o\000r\000e\000\040\000M\000a\000t\000h\000e\000m\000a\000t\000i\000c\000a\000l\000\040\000R\000e\000s\000u\000l\000t\000s}{section.Alph44.1}% 1176
\BOOKMARK [2][-]{subsection.Alph44.1.3}{\376\377\000U\000n\000i\000f\000o\000r\000m\000-\000i\000n\000-\000L\000\040\000B\000o\000u\000n\000d\000s\000\040\000f\000o\000r\000\040\000A\000l\000l\000\040\000C\000o\000u\000p\000l\000i\000n\000g\000\040\000R\000e\000g\000i\000m\000e\000s}{section.Alph44.1}% 1177
\BOOKMARK [2][-]{subsection.Alph44.1.4}{\376\377\000G\000i\000l\000e\000s\000-\000T\000e\000p\000e\000r\000\040\000B\000o\000u\000n\000d\000\040\000v\000i\000a\000\040\000O\000p\000e\000r\000a\000t\000o\000r\000\040\000M\000o\000n\000o\000t\000o\000n\000i\000c\000i\000t\000y}{section.Alph44.1}% 1178
\BOOKMARK [2][-]{subsection.Alph44.1.5}{\376\377\000C\000o\000n\000t\000i\000n\000u\000u\000m\000\040\000L\000i\000m\000i\000t}{section.Alph44.1}% 1179
\BOOKMARK [2][-]{subsection.Alph44.1.6}{\376\377\000M\000a\000i\000n\000\040\000R\000e\000s\000u\000l\000t}{section.Alph44.1}% 1180
\BOOKMARK [2][-]{subsection.Alph44.1.7}{\376\377\000P\000r\000o\000o\000f\000\040\000V\000e\000r\000i\000f\000i\000c\000a\000t\000i\000o\000n\000\040\000S\000t\000r\000u\000c\000t\000u\000r\000e}{section.Alph44.1}% 1181
\BOOKMARK [2][-]{subsection.Alph44.1.8}{\376\377\000L\000i\000t\000e\000r\000a\000t\000u\000r\000e\000\040\000C\000o\000n\000t\000e\000x\000t}{section.Alph44.1}% 1182
\BOOKMARK [1][-]{section.Alph44.2}{\376\377\000T\000h\000e\000\040\000C\000o\000m\000m\000o\000n\000\040\000C\000h\000a\000l\000l\000e\000n\000g\000e\000:\000\040\000C\000o\000m\000p\000l\000e\000t\000e\000\040\000R\000i\000g\000o\000r\000o\000u\000s\000\040\000P\000r\000o\000o\000f\000\040\000o\000f\000\040\000U\000n\000i\000f\000o\000r\000m\000-\000i\000n\000-\000L\000\040\000B\000o\000u\000n\000d}{appendix.Alph44}% 1183
\BOOKMARK [2][-]{subsection.Alph44.2.1}{\376\377\000T\000h\000e\000\040\000P\000r\000o\000b\000l\000e\000m\000\040\000S\000t\000a\000t\000e\000m\000e\000n\000t}{section.Alph44.2}% 1184
\BOOKMARK [2][-]{subsection.Alph44.2.2}{\376\377\000S\000o\000l\000u\000t\000i\000o\000n\000\040\0001\000:\000\040\000T\000h\000e\000\040\0001\000D\000\040\000B\000a\000s\000e\000\040\000C\000a\000s\000e\000\040\000\050\000T\000r\000a\000n\000s\000f\000e\000r\000\040\000M\000a\000t\000r\000i\000x\000\040\000M\000e\000t\000h\000o\000d\000\051}{section.Alph44.2}% 1185
\BOOKMARK [2][-]{subsection.Alph44.2.3}{\376\377\000S\000t\000r\000a\000t\000e\000g\000y\000\040\0002\000:\000\040\000D\000i\000m\000e\000n\000s\000i\000o\000n\000a\000l\000\040\000R\000e\000d\000u\000c\000t\000i\000o\000n\000\040\000\050\000A\000t\000t\000e\000m\000p\000t\000e\000d\000\051}{section.Alph44.2}% 1186
\BOOKMARK [2][-]{subsection.Alph44.2.4}{\376\377\000S\000o\000l\000u\000t\000i\000o\000n\000\040\0003\000:\000\040\000C\000o\000n\000d\000i\000t\000i\000o\000n\000a\000l\000\040\000T\000e\000n\000s\000o\000r\000i\000z\000a\000t\000i\000o\000n\000\040\000\050\000P\000r\000e\000c\000i\000s\000e\000\040\000S\000t\000a\000t\000e\000m\000e\000n\000t\000\051}{section.Alph44.2}% 1187
\BOOKMARK [2][-]{subsection.Alph44.2.5}{\376\377\000S\000o\000l\000u\000t\000i\000o\000n\000\040\0004\000:\000\040\000C\000e\000n\000t\000e\000r\000\040\000S\000y\000m\000m\000e\000t\000r\000y\000\040\000B\000l\000o\000c\000k\000s\000\040\000P\000h\000a\000s\000e\000\040\000T\000r\000a\000n\000s\000i\000t\000i\000o\000n\000s}{section.Alph44.2}% 1188
\BOOKMARK [2][-]{subsection.Alph44.2.6}{\376\377\000S\000o\000l\000u\000t\000i\000o\000n\000\040\0005\000:\000\040\000C\000h\000e\000e\000g\000e\000r\000\040\000C\000o\000n\000s\000t\000a\000n\000t\000\040\000f\000r\000o\000m\000\040\000C\000a\000s\000i\000m\000i\000r}{section.Alph44.2}% 1189
\BOOKMARK [2][-]{subsection.Alph44.2.7}{\376\377\000N\000u\000m\000e\000r\000i\000c\000a\000l\000\040\000V\000e\000r\000i\000f\000i\000c\000a\000t\000i\000o\000n\000\040\000F\000r\000a\000m\000e\000w\000o\000r\000k}{section.Alph44.2}% 1190
\BOOKMARK [2][-]{subsection.Alph44.2.8}{\376\377\000S\000u\000m\000m\000a\000r\000y\000:\000\040\000T\000h\000e\000\040\000C\000o\000m\000m\000o\000n\000\040\000C\000h\000a\000l\000l\000e\000n\000g\000e\000\040\000i\000s\000\040\000R\000e\000s\000o\000l\000v\000e\000d}{section.Alph44.2}% 1191
\BOOKMARK [1][-]{section.Alph44.3}{\376\377\000C\000r\000i\000t\000i\000c\000a\000l\000\040\000A\000n\000a\000l\000y\000s\000i\000s\000\040\000o\000f\000\040\000P\000r\000o\000o\000f\000\040\000S\000t\000e\000p\000s}{appendix.Alph44}% 1192
\BOOKMARK [2][-]{subsection.Alph44.3.1}{\376\377\000R\000e\000v\000i\000e\000w\000\040\000o\000f\000\040\000t\000h\000e\000\040\000L\000o\000g\000i\000c\000a\000l\000\040\000C\000h\000a\000i\000n}{section.Alph44.3}% 1193
\BOOKMARK [2][-]{subsection.Alph44.3.2}{\376\377\000L\0001\000:\000\040\000L\000S\000I\000\040\000o\000n\000\040\000S\000U\000\050\000N\000\051}{section.Alph44.3}% 1194
\BOOKMARK [2][-]{subsection.Alph44.3.3}{\376\377\000L\0002\000:\000\040\0001\000D\000\040\000T\000r\000a\000n\000s\000f\000e\000r\000\040\000M\000a\000t\000r\000i\000x\000\040\000G\000a\000p}{section.Alph44.3}% 1195
\BOOKMARK [2][-]{subsection.Alph44.3.4}{\376\377\000L\0005\000:\000\040\000D\000i\000m\000e\000n\000s\000i\000o\000n\000a\000l\000\040\000R\000e\000d\000u\000c\000t\000i\000o\000n\000\040\040\024\000\040\000T\000H\000E\000\040\000C\000R\000I\000T\000I\000C\000A\000L\000\040\000S\000T\000E\000P}{section.Alph44.3}% 1196
\BOOKMARK [2][-]{subsection.Alph44.3.5}{\376\377\000T\000h\000e\000\040\000R\000e\000m\000a\000i\000n\000i\000n\000g\000\040\000G\000a\000p\000:\000\040\000B\000o\000u\000n\000d\000a\000r\000y\000\040\000M\000a\000r\000g\000i\000n\000a\000l\000\040\000L\000S\000I}{section.Alph44.3}% 1197
\BOOKMARK [2][-]{subsection.Alph44.3.6}{\376\377\000C\000o\000r\000r\000e\000c\000t\000e\000d\000\040\000P\000r\000o\000o\000f\000\040\000o\000f\000\040\000D\000i\000m\000e\000n\000s\000i\000o\000n\000a\000l\000\040\000R\000e\000d\000u\000c\000t\000i\000o\000n}{section.Alph44.3}% 1198
\BOOKMARK [2][-]{subsection.Alph44.3.7}{\376\377\000F\000i\000n\000a\000l\000\040\000S\000t\000a\000t\000u\000s\000\040\000A\000s\000s\000e\000s\000s\000m\000e\000n\000t}{section.Alph44.3}% 1199
\BOOKMARK [2][-]{subsection.Alph44.3.8}{\376\377\000V\000e\000r\000i\000f\000i\000c\000a\000t\000i\000o\000n\000\040\000S\000u\000m\000m\000a\000r\000y}{section.Alph44.3}% 1200
\BOOKMARK [1][-]{section.Alph44.4}{\376\377\000S\000u\000m\000m\000a\000r\000y\000:\000\040\000M\000a\000i\000n\000\040\000T\000h\000e\000o\000r\000e\000m\000\040\000a\000n\000d\000\040\000P\000r\000o\000o\000f\000\040\000S\000t\000r\000u\000c\000t\000u\000r\000e}{appendix.Alph44}% 1201
\BOOKMARK [2][-]{subsection.Alph44.4.1}{\376\377\000M\000a\000i\000n\000\040\000T\000h\000e\000o\000r\000e\000m}{section.Alph44.4}% 1202
\BOOKMARK [2][-]{subsection.Alph44.4.2}{\376\377\000P\000r\000o\000o\000f\000\040\000C\000o\000m\000p\000o\000n\000e\000n\000t\000s}{section.Alph44.4}% 1203
\BOOKMARK [2][-]{subsection.Alph44.4.3}{\376\377\000C\000o\000n\000t\000i\000n\000u\000u\000m\000\040\000L\000i\000m\000i\000t}{section.Alph44.4}% 1204
\BOOKMARK [2][-]{subsection.Alph44.4.4}{\376\377\000K\000e\000y\000\040\000T\000e\000c\000h\000n\000i\000c\000a\000l\000\040\000R\000e\000s\000u\000l\000t\000s}{section.Alph44.4}% 1205
\BOOKMARK [2][-]{subsection.Alph44.4.5}{\376\377\000S\000y\000n\000t\000h\000e\000s\000i\000s}{section.Alph44.4}% 1206
\BOOKMARK [1][-]{section.Alph44.5}{\376\377\000M\000a\000t\000h\000e\000m\000a\000t\000i\000c\000a\000l\000\040\000A\000u\000d\000i\000t\000\040\000o\000f\000\040\000F\000o\000u\000n\000d\000a\000t\000i\000o\000n\000a\000l\000\040\000T\000h\000e\000o\000r\000e\000m\000s}{appendix.Alph44}% 1207
\BOOKMARK [2][-]{subsection.Alph44.5.1}{\376\377\000F\000o\000u\000n\000d\000a\000t\000i\000o\000n\000\040\0001\000:\000\040\000E\000x\000i\000s\000t\000e\000n\000c\000e\000\040\000o\000f\000\040\000t\000h\000e\000\040\000C\000o\000n\000t\000i\000n\000u\000u\000m\000\040\000M\000e\000a\000s\000u\000r\000e\000\040\000\050\000U\000V\000\040\000S\000t\000a\000b\000i\000l\000i\000t\000y\000\051}{section.Alph44.5}% 1208
\BOOKMARK [2][-]{subsection.Alph44.5.2}{\376\377\000F\000o\000u\000n\000d\000a\000t\000i\000o\000n\000\040\0002\000:\000\040\000S\000t\000a\000b\000i\000l\000i\000t\000y\000\040\000o\000f\000\040\000L\000a\000t\000t\000i\000c\000e\000\040\000P\000h\000a\000s\000e\000s}{section.Alph44.5}% 1209
\BOOKMARK [2][-]{subsection.Alph44.5.3}{\376\377\000F\000o\000u\000n\000d\000a\000t\000i\000o\000n\000\040\0003\000:\000\040\000S\000p\000e\000c\000t\000r\000a\000l\000\040\000C\000o\000n\000t\000i\000n\000u\000i\000t\000y}{section.Alph44.5}% 1210
\BOOKMARK [2][-]{subsection.Alph44.5.4}{\376\377\000F\000o\000u\000n\000d\000a\000t\000i\000o\000n\000\040\0004\000:\000\040\000T\000o\000p\000o\000l\000o\000g\000i\000c\000a\000l\000\040\000O\000b\000s\000t\000r\000u\000c\000t\000i\000o\000n}{section.Alph44.5}% 1211
\BOOKMARK [2][-]{subsection.Alph44.5.5}{\376\377\000C\000o\000n\000c\000l\000u\000s\000i\000o\000n}{section.Alph44.5}% 1212
\BOOKMARK [1][-]{section.Alph44.6}{\376\377\000R\000i\000g\000o\000r\000o\000u\000s\000\040\000R\000e\000s\000o\000l\000u\000t\000i\000o\000n\000\040\000o\000f\000\040\000R\000e\000m\000a\000i\000n\000i\000n\000g\000\040\000G\000a\000p\000s}{appendix.Alph44}% 1213
\BOOKMARK [2][-]{subsection.Alph44.6.1}{\376\377\000G\000a\000p\000\040\0001\000:\000\040\000L\000a\000t\000t\000i\000c\000e\000\040\000S\000U\000S\000Y\000\040\000a\000n\000d\000\040\000t\000h\000e\000\040\000P\000o\000s\000i\000t\000i\000v\000e\000\040\000W\000a\000l\000l\000\040\000T\000e\000n\000s\000i\000o\000n}{section.Alph44.6}% 1214
\BOOKMARK [2][-]{subsection.Alph44.6.2}{\376\377\000G\000a\000p\000\040\0002\000:\000\040\000T\000h\000e\000\040\000C\000o\000m\000p\000l\000e\000x\000\040\000P\000a\000t\000h\000\040\000a\000n\000d\000\040\000I\000n\000t\000e\000r\000m\000e\000d\000i\000a\000t\000e\000\040\000C\000o\000u\000p\000l\000i\000n\000g}{section.Alph44.6}% 1215
\BOOKMARK [2][-]{subsection.Alph44.6.3}{\376\377\000G\000a\000p\000\040\0003\000:\000\040\000B\000a\000l\000a\000b\000a\000n\000'\000s\000\040\000B\000o\000u\000n\000d\000s\000\040\000w\000i\000t\000h\000\040\000A\000d\000j\000o\000i\000n\000t\000\040\000F\000e\000r\000m\000i\000o\000n\000s}{section.Alph44.6}% 1216
\BOOKMARK [2][-]{subsection.Alph44.6.4}{\376\377\000G\000a\000p\000\040\0004\000:\000\040\000E\000x\000p\000l\000i\000c\000i\000t\000\040\000N\000u\000m\000e\000r\000i\000c\000a\000l\000\040\000C\000o\000n\000s\000t\000a\000n\000t\000s}{section.Alph44.6}% 1217
\BOOKMARK [2][-]{subsection.Alph44.6.5}{\376\377\000A\000d\000d\000i\000t\000i\000o\000n\000a\000l\000\040\000R\000i\000g\000o\000r\000o\000u\000s\000\040\000V\000e\000r\000i\000f\000i\000c\000a\000t\000i\000o\000n\000s}{section.Alph44.6}% 1218
\BOOKMARK [2][-]{subsection.Alph44.6.6}{\376\377\000C\000h\000e\000s\000s\000b\000o\000a\000r\000d\000\040\000M\000a\000j\000o\000r\000i\000z\000a\000t\000i\000o\000n}{section.Alph44.6}% 1219
\BOOKMARK [2][-]{subsection.Alph44.6.7}{\376\377\000C\000a\000l\000l\000a\000n\000-\000S\000y\000m\000a\000n\000z\000i\000k\000\040\000I\000n\000t\000e\000g\000r\000a\000b\000i\000l\000i\000t\000y}{section.Alph44.6}% 1220
\BOOKMARK [2][-]{subsection.Alph44.6.8}{\376\377\000S\000t\000r\000a\000t\000i\000f\000i\000e\000d\000\040\000S\000p\000a\000c\000e\000\040\000A\000n\000a\000l\000y\000s\000i\000s}{section.Alph44.6}% 1221
\BOOKMARK [2][-]{subsection.Alph44.6.9}{\376\377\000T\000h\000e\000r\000m\000o\000d\000y\000n\000a\000m\000i\000c\000\040\000L\000i\000m\000i\000t\000\040\000E\000x\000i\000s\000t\000e\000n\000c\000e}{section.Alph44.6}% 1222
\BOOKMARK [2][-]{subsection.Alph44.6.10}{\376\377\000P\000i\000r\000o\000g\000o\000v\000-\000S\000i\000n\000a\000i\000\040\000S\000t\000a\000b\000i\000l\000i\000t\000y}{section.Alph44.6}% 1223
\BOOKMARK [2][-]{subsection.Alph44.6.11}{\376\377\000R\000e\000s\000t\000o\000r\000a\000t\000i\000o\000n\000\040\000o\000f\000\040\000S\000O\000\050\0004\000\051\000\040\000I\000n\000v\000a\000r\000i\000a\000n\000c\000e}{section.Alph44.6}% 1224
\BOOKMARK [2][-]{subsection.Alph44.6.12}{\376\377\000T\000o\000p\000o\000l\000o\000g\000i\000c\000a\000l\000\040\000S\000u\000s\000c\000e\000p\000t\000i\000b\000i\000l\000i\000t\000y\000\040\000B\000o\000u\000n\000d\000s}{section.Alph44.6}% 1225
\BOOKMARK [2][-]{subsection.Alph44.6.13}{\376\377\000O\000P\000E\000\040\000C\000o\000n\000v\000e\000r\000g\000e\000n\000c\000e}{section.Alph44.6}% 1226
\BOOKMARK [2][-]{subsection.Alph44.6.14}{\376\377\000N\000o\000n\000-\000P\000e\000r\000t\000u\000r\000b\000a\000t\000i\000v\000e\000\040\000B\000e\000t\000a\000-\000F\000u\000n\000c\000t\000i\000o\000n\000\040\000M\000a\000t\000c\000h\000i\000n\000g}{section.Alph44.6}% 1227
\BOOKMARK [2][-]{subsection.Alph44.6.15}{\376\377\000E\000s\000s\000e\000n\000t\000i\000a\000l\000\040\000S\000e\000l\000f\000-\000A\000d\000j\000o\000i\000n\000t\000n\000e\000s\000s\000\040\000o\000n\000\040\000t\000h\000e\000\040\000Q\000u\000o\000t\000i\000e\000n\000t}{section.Alph44.6}% 1228
\BOOKMARK [2][-]{subsection.Alph44.6.16}{\376\377\000C\000o\000m\000p\000l\000e\000x\000\040\000P\000i\000r\000o\000g\000o\000v\000-\000S\000i\000n\000a\000i\000\040\000T\000h\000e\000o\000r\000y}{section.Alph44.6}% 1229
\BOOKMARK [2][-]{subsection.Alph44.6.17}{\376\377\000S\000p\000e\000c\000t\000r\000a\000l\000\040\000G\000a\000p\000\040\000S\000u\000p\000e\000r\000a\000d\000d\000i\000t\000i\000v\000i\000t\000y}{section.Alph44.6}% 1230
\BOOKMARK [2][-]{subsection.Alph44.6.18}{\376\377\000C\000o\000n\000t\000r\000o\000l\000\040\000o\000f\000\040\000t\000h\000e\000\040\000G\000r\000i\000b\000o\000v\000\040\000H\000o\000r\000i\000z\000o\000n}{section.Alph44.6}% 1231
\BOOKMARK [2][-]{subsection.Alph44.6.19}{\376\377\000B\000o\000r\000e\000l\000\040\000S\000u\000m\000m\000a\000b\000i\000l\000i\000t\000y\000\040\000o\000f\000\040\000t\000h\000e\000\040\000U\000V\000\040\000T\000a\000i\000l}{section.Alph44.6}% 1232
\BOOKMARK [2][-]{subsection.Alph44.6.20}{\376\377\000U\000n\000i\000v\000e\000r\000s\000a\000l\000i\000t\000y\000\040\000o\000f\000\040\000t\000h\000e\000\040\000C\000r\000i\000t\000i\000c\000a\000l\000\040\000L\000i\000m\000i\000t}{section.Alph44.6}% 1233
\BOOKMARK [2][-]{subsection.Alph44.6.21}{\376\377\000R\000e\000m\000o\000v\000a\000l\000\040\000o\000f\000\040\000C\000o\000m\000p\000u\000t\000e\000r\000-\000A\000s\000s\000i\000s\000t\000e\000d\000\040\000P\000r\000o\000o\000f\000s}{section.Alph44.6}% 1234
\BOOKMARK [2][-]{subsection.Alph44.6.22}{\376\377\000T\000h\000e\000\040\000L\000i\000n\000e\000a\000r\000\040\000G\000r\000o\000w\000t\000h\000\040\000C\000o\000n\000d\000i\000t\000i\000o\000n}{section.Alph44.6}% 1235
\BOOKMARK [2][-]{subsection.Alph44.6.23}{\376\377\000M\000i\000c\000r\000o\000c\000a\000u\000s\000a\000l\000i\000t\000y\000\040\000V\000e\000r\000i\000f\000i\000c\000a\000t\000i\000o\000n}{section.Alph44.6}% 1236
\BOOKMARK [2][-]{subsection.Alph44.6.24}{\376\377\000Q\000u\000a\000n\000t\000i\000t\000a\000t\000i\000v\000e\000\040\000R\000e\000g\000i\000m\000e\000\040\000P\000a\000t\000c\000h\000i\000n\000g}{section.Alph44.6}% 1237
\BOOKMARK [2][-]{subsection.Alph44.6.25}{\376\377\000G\000a\000u\000g\000e\000-\000I\000n\000v\000a\000r\000i\000a\000n\000t\000\040\000S\000o\000b\000o\000l\000e\000v\000\040\000S\000p\000a\000c\000e\000s}{section.Alph44.6}% 1238
\BOOKMARK [1][-]{section.Alph44.7}{\376\377\000E\000x\000e\000c\000u\000t\000i\000v\000e\000\040\000S\000u\000m\000m\000a\000r\000y\000\040\000o\000f\000\040\000M\000a\000t\000h\000e\000m\000a\000t\000i\000c\000a\000l\000\040\000F\000i\000x\000e\000s\000\040\000a\000n\000d\000\040\000A\000u\000d\000i\000t}{appendix.Alph44}% 1239
\BOOKMARK [2][-]{subsection.Alph44.7.1}{\376\377\000P\000a\000r\000t\000\040\0001\000:\000\040\000I\000d\000e\000n\000t\000i\000f\000i\000e\000d\000\040\000M\000a\000t\000h\000\040\000E\000r\000r\000o\000r\000s\000\040\000\046\000\040\000G\000a\000p\000s}{section.Alph44.7}% 1240
\BOOKMARK [2][-]{subsection.Alph44.7.2}{\376\377\000P\000a\000r\000t\000\040\0002\000:\000\040\000A\000d\000d\000e\000d\000\040\000\046\000\040\000M\000o\000d\000i\000f\000i\000e\000d\000\040\000M\000a\000t\000h\000\040\000D\000e\000r\000i\000v\000a\000t\000i\000o\000n\000s}{section.Alph44.7}% 1241
\BOOKMARK [2][-]{subsection.Alph44.7.3}{\376\377\000S\000u\000m\000m\000a\000r\000y\000\040\000o\000f\000\040\000M\000a\000t\000h\000e\000m\000a\000t\000i\000c\000a\000l\000\040\000F\000i\000x\000e\000s}{section.Alph44.7}% 1242
\BOOKMARK [2][-]{subsection.Alph44.7.4}{\376\377\000P\000a\000r\000t\000\040\0003\000:\000\040\000A\000d\000d\000i\000t\000i\000o\000n\000a\000l\000\040\000M\000a\000t\000h\000\040\000E\000r\000r\000o\000r\000s\000\040\000\046\000\040\000G\000a\000p\000s}{section.Alph44.7}% 1243
\BOOKMARK [2][-]{subsection.Alph44.7.5}{\376\377\000P\000a\000r\000t\000\040\0004\000:\000\040\000D\000e\000t\000a\000i\000l\000e\000d\000\040\000M\000a\000t\000h\000e\000m\000a\000t\000i\000c\000a\000l\000\040\000D\000e\000r\000i\000v\000a\000t\000i\000o\000n\000s\000\040\000f\000o\000r\000\040\000F\000i\000x\000e\000s}{section.Alph44.7}% 1244
\BOOKMARK [2][-]{subsection.Alph44.7.6}{\376\377\000P\000a\000r\000t\000\040\0005\000:\000\040\000A\000d\000d\000i\000t\000i\000o\000n\000a\000l\000\040\000S\000p\000e\000c\000i\000f\000i\000c\000\040\000F\000i\000x\000e\000s}{section.Alph44.7}% 1245
\BOOKMARK [2][-]{subsection.Alph44.7.7}{\376\377\000P\000a\000r\000t\000\040\0006\000:\000\040\000F\000i\000n\000a\000l\000\040\000C\000r\000i\000t\000i\000c\000a\000l\000\040\000M\000a\000t\000h\000\040\000E\000r\000r\000o\000r\000s\000\040\000\046\000\040\000G\000a\000p\000s}{section.Alph44.7}% 1246
\BOOKMARK [2][-]{subsection.Alph44.7.8}{\376\377\000P\000a\000r\000t\000\040\0007\000:\000\040\000D\000e\000t\000a\000i\000l\000e\000d\000\040\000D\000e\000r\000i\000v\000a\000t\000i\000o\000n\000s\000\040\000f\000o\000r\000\040\000F\000i\000n\000a\000l\000\040\000F\000i\000x\000e\000s}{section.Alph44.7}% 1247
\BOOKMARK [2][-]{subsection.Alph44.7.9}{\376\377\000P\000a\000r\000t\000\040\0008\000:\000\040\000R\000e\000m\000a\000i\000n\000i\000n\000g\000\040\000C\000r\000i\000t\000i\000c\000a\000l\000\040\000M\000a\000t\000h\000\040\000E\000r\000r\000o\000r\000s\000\040\000\046\000\040\000G\000a\000p\000s}{section.Alph44.7}% 1248
\BOOKMARK [2][-]{subsection.Alph44.7.10}{\376\377\000P\000a\000r\000t\000\040\0009\000:\000\040\000D\000e\000t\000a\000i\000l\000e\000d\000\040\000D\000e\000r\000i\000v\000a\000t\000i\000o\000n\000s\000\040\000f\000o\000r\000\040\000R\000e\000m\000a\000i\000n\000i\000n\000g\000\040\000F\000i\000x\000e\000s}{section.Alph44.7}% 1249
\BOOKMARK [2][-]{subsection.Alph44.7.11}{\376\377\000P\000a\000r\000t\000\040\0001\0000\000:\000\040\000F\000i\000n\000a\000l\000\040\000D\000e\000e\000p\000\040\000S\000t\000r\000u\000c\000t\000u\000r\000e\000\040\000M\000a\000t\000h\000\040\000E\000r\000r\000o\000r\000s\000\040\000\046\000\040\000G\000a\000p\000s}{section.Alph44.7}% 1250
\BOOKMARK [2][-]{subsection.Alph44.7.12}{\376\377\000P\000a\000r\000t\000\040\0001\0001\000:\000\040\000D\000e\000t\000a\000i\000l\000e\000d\000\040\000D\000e\000r\000i\000v\000a\000t\000i\000o\000n\000s\000\040\000f\000o\000r\000\040\000F\000i\000n\000a\000l\000\040\000F\000i\000x\000e\000s}{section.Alph44.7}% 1251
\BOOKMARK [2][-]{subsection.Alph44.7.13}{\376\377\000P\000a\000r\000t\000\040\0001\0002\000:\000\040\000F\000i\000n\000a\000l\000\040\000S\000t\000r\000u\000c\000t\000u\000r\000a\000l\000\040\000M\000a\000t\000h\000\040\000E\000r\000r\000o\000r\000s\000\040\000\046\000\040\000G\000a\000p\000s}{section.Alph44.7}% 1252
\BOOKMARK [2][-]{subsection.Alph44.7.14}{\376\377\000P\000a\000r\000t\000\040\0001\0003\000:\000\040\000D\000e\000t\000a\000i\000l\000e\000d\000\040\000D\000e\000r\000i\000v\000a\000t\000i\000o\000n\000s\000\040\000f\000o\000r\000\040\000F\000i\000n\000a\000l\000\040\000F\000i\000x\000e\000s}{section.Alph44.7}% 1253
\BOOKMARK [2][-]{subsection.Alph44.7.15}{\376\377\000P\000a\000r\000t\000\040\0001\0004\000:\000\040\000F\000i\000n\000a\000l\000\040\000A\000n\000a\000l\000y\000t\000i\000c\000a\000l\000\040\000\046\000\040\000D\000y\000n\000a\000m\000i\000c\000\040\000M\000a\000t\000h\000\040\000E\000r\000r\000o\000r\000s}{section.Alph44.7}% 1254
\BOOKMARK [2][-]{subsection.Alph44.7.16}{\376\377\000P\000a\000r\000t\000\040\0001\0005\000:\000\040\000D\000e\000t\000a\000i\000l\000e\000d\000\040\000D\000e\000r\000i\000v\000a\000t\000i\000o\000n\000s\000\040\000f\000o\000r\000\040\000F\000i\000n\000a\000l\000\040\000F\000i\000x\000e\000s}{section.Alph44.7}% 1255
\BOOKMARK [2][-]{subsection.Alph44.7.17}{\376\377\000P\000a\000r\000t\000\040\0001\0005\000:\000\040\000F\000i\000n\000a\000l\000\040\000S\000p\000e\000c\000t\000r\000a\000l\000\040\000\046\000\040\000A\000l\000g\000e\000b\000r\000a\000i\000c\000\040\000M\000a\000t\000h\000\040\000E\000r\000r\000o\000r\000s}{section.Alph44.7}% 1256
\BOOKMARK [2][-]{subsection.Alph44.7.18}{\376\377\000P\000a\000r\000t\000\040\0001\0006\000:\000\040\000D\000e\000t\000a\000i\000l\000e\000d\000\040\000D\000e\000r\000i\000v\000a\000t\000i\000o\000n\000s\000\040\000f\000o\000r\000\040\000F\000i\000n\000a\000l\000\040\000F\000i\000x\000e\000s}{section.Alph44.7}% 1257
\BOOKMARK [2][-]{subsection.Alph44.7.19}{\376\377\000P\000a\000r\000t\000\040\0001\0007\000:\000\040\000F\000i\000n\000a\000l\000\040\000G\000e\000o\000m\000e\000t\000r\000i\000c\000\040\000\046\000\040\000P\000r\000o\000b\000a\000b\000i\000l\000i\000s\000t\000i\000c\000\040\000M\000a\000t\000h\000\040\000E\000r\000r\000o\000r\000s}{section.Alph44.7}% 1258
\BOOKMARK [2][-]{subsection.Alph44.7.20}{\376\377\000P\000a\000r\000t\000\040\0001\0008\000:\000\040\000D\000e\000t\000a\000i\000l\000e\000d\000\040\000D\000e\000r\000i\000v\000a\000t\000i\000o\000n\000s\000\040\000f\000o\000r\000\040\000F\000i\000n\000a\000l\000\040\000F\000i\000x\000e\000s}{section.Alph44.7}% 1259
\BOOKMARK [2][-]{subsection.Alph44.7.21}{\376\377\000P\000a\000r\000t\000\040\0001\0009\000:\000\040\000F\000i\000n\000a\000l\000\040\000P\000r\000e\000c\000i\000s\000i\000o\000n\000\040\000\046\000\040\000S\000t\000a\000b\000i\000l\000i\000t\000y\000\040\000M\000a\000t\000h\000\040\000E\000r\000r\000o\000r\000s}{section.Alph44.7}% 1260
\BOOKMARK [2][-]{subsection.Alph44.7.22}{\376\377\000P\000a\000r\000t\000\040\0002\0000\000:\000\040\000D\000e\000t\000a\000i\000l\000e\000d\000\040\000D\000e\000r\000i\000v\000a\000t\000i\000o\000n\000s\000\040\000f\000o\000r\000\040\000F\000i\000n\000a\000l\000\040\000F\000i\000x\000e\000s}{section.Alph44.7}% 1261
\BOOKMARK [1][-]{section.Alph44.8}{\376\377\000P\000a\000r\000t\000\040\0002\0001\000:\000\040\000F\000i\000n\000a\000l\000\040\000G\000e\000o\000m\000e\000t\000r\000i\000c\000\040\000\046\000\040\000A\000n\000a\000l\000y\000t\000i\000c\000\040\000M\000a\000t\000h\000\040\000E\000r\000r\000o\000r\000s}{appendix.Alph44}% 1262
\BOOKMARK [2][-]{subsection.Alph44.8.1}{\376\377\000P\000a\000r\000t\000\040\0002\0002\000:\000\040\000D\000e\000t\000a\000i\000l\000e\000d\000\040\000D\000e\000r\000i\000v\000a\000t\000i\000o\000n\000s\000\040\000f\000o\000r\000\040\000F\000i\000n\000a\000l\000\040\000F\000i\000x\000e\000s}{section.Alph44.8}% 1263
\BOOKMARK [1][-]{section.Alph44.9}{\376\377\000P\000a\000r\000t\000\040\0002\0003\000:\000\040\000F\000i\000n\000a\000l\000\040\000R\000e\000n\000o\000r\000m\000a\000l\000i\000z\000a\000t\000i\000o\000n\000\040\000\046\000\040\000M\000e\000a\000s\000u\000r\000e\000\040\000M\000a\000t\000h\000\040\000E\000r\000r\000o\000r\000s}{appendix.Alph44}% 1264
\BOOKMARK [2][-]{subsection.Alph44.9.1}{\376\377\000P\000a\000r\000t\000\040\0002\0004\000:\000\040\000D\000e\000t\000a\000i\000l\000e\000d\000\040\000D\000e\000r\000i\000v\000a\000t\000i\000o\000n\000s\000\040\000f\000o\000r\000\040\000F\000i\000n\000a\000l\000\040\000F\000i\000x\000e\000s}{section.Alph44.9}% 1265
\BOOKMARK [1][-]{section.Alph44.10}{\376\377\000F\000i\000n\000a\000l\000\040\000C\000o\000n\000c\000l\000u\000s\000i\000o\000n}{appendix.Alph44}% 1266
\BOOKMARK [1][-]{section.Alph44.11}{\376\377\000S\000u\000m\000m\000a\000r\000y\000\040\000o\000f\000\040\000P\000r\000o\000o\000f\000\040\000S\000t\000a\000t\000u\000s}{appendix.Alph44}% 1267
\BOOKMARK [2][-]{subsection.Alph44.11.1}{\376\377\000F\000o\000u\000n\000d\000a\000t\000i\000o\000n\000\040\000R\000e\000s\000u\000l\000t\000s\000\040\000\050\000R\000i\000g\000o\000r\000o\000u\000s\000\051}{section.Alph44.11}% 1268
\BOOKMARK [2][-]{subsection.Alph44.11.2}{\376\377\000M\000a\000i\000n\000\040\000R\000e\000s\000u\000l\000t\000s\000\040\000\050\000R\000i\000g\000o\000r\000o\000u\000s\000\051}{section.Alph44.11}% 1269
\BOOKMARK [2][-]{subsection.Alph44.11.3}{\376\377\000D\000e\000e\000p\000\040\000S\000t\000r\000u\000c\000t\000u\000r\000e\000\040\000M\000a\000t\000h\000e\000m\000a\000t\000i\000c\000a\000l\000\040\000F\000o\000r\000t\000i\000f\000i\000c\000a\000t\000i\000o\000n\000s}{section.Alph44.11}% 1270
\BOOKMARK [2][-]{subsection.Alph44.11.4}{\376\377\000K\000e\000y\000s\000t\000o\000n\000e\000\040\000M\000a\000t\000h\000e\000m\000a\000t\000i\000c\000a\000l\000\040\000F\000r\000a\000m\000e\000w\000o\000r\000k\000s}{section.Alph44.11}% 1271
\BOOKMARK [2][-]{subsection.Alph44.11.5}{\376\377\000C\000o\000m\000p\000l\000e\000t\000e\000\040\000S\000t\000a\000t\000u\000s\000\040\000S\000u\000m\000m\000a\000r\000y}{section.Alph44.11}% 1272
\BOOKMARK [2][-]{subsection.Alph44.11.6}{\376\377\000C\000o\000n\000c\000l\000u\000s\000i\000o\000n}{section.Alph44.11}% 1273
\BOOKMARK [0][-]{appendix.Alph45}{\376\377\000R\000i\000g\000o\000r\000o\000u\000s\000\040\000S\000t\000r\000e\000n\000g\000t\000h\000e\000n\000i\000n\000g\000\040\000o\000f\000\040\000A\000r\000g\000u\000m\000e\000n\000t\000s}{theorem.N.1.10}% 1274
\BOOKMARK [1][-]{section.Alph45.1}{\376\377\000R\000i\000g\000o\000r\000o\000u\000s\000\040\000M\000a\000t\000h\000e\000m\000a\000t\000i\000c\000a\000l\000\040\000F\000o\000r\000t\000i\000f\000i\000c\000a\000t\000i\000o\000n}{appendix.Alph45}% 1275
\BOOKMARK [2][-]{subsection.Alph45.1.1}{\376\377\000F\000i\000x\000\040\000f\000o\000r\000\040\000U\000V\000\040\000D\000i\000v\000e\000r\000g\000e\000n\000c\000e\000s\000:\000\040\000B\000a\000t\000t\000l\000e\000-\000F\000e\000d\000e\000r\000b\000u\000s\000h\000\040\000D\000e\000t\000e\000r\000m\000i\000n\000a\000n\000t\000\040\000B\000o\000u\000n\000d\000s}{section.Alph45.1}% 1276
\BOOKMARK [2][-]{subsection.Alph45.1.2}{\376\377\000F\000i\000x\000\040\000f\000o\000r\000\040\000S\000t\000r\000o\000n\000g\000\040\000C\000o\000u\000p\000l\000i\000n\000g\000\040\000R\000i\000g\000o\000r\000:\000\040\000T\000h\000e\000\040\000K\000o\000t\000e\000c\000k\000\375\000-\000P\000r\000e\000i\000s\000s\000\040\000C\000o\000n\000d\000i\000t\000i\000o\000n}{section.Alph45.1}% 1277
\BOOKMARK [2][-]{subsection.Alph45.1.3}{\376\377\000F\000i\000x\000\040\000f\000o\000r\000\040\000L\000a\000t\000t\000i\000c\000e\000\040\000T\000o\000p\000o\000l\000o\000g\000y\000:\000\040\000L\000\374\000s\000c\000h\000e\000r\040\031\000s\000\040\000A\000d\000m\000i\000s\000s\000i\000b\000i\000l\000i\000t\000y\000\040\000C\000o\000n\000d\000i\000t\000i\000o\000n}{section.Alph45.1}% 1278
\BOOKMARK [2][-]{subsection.Alph45.1.4}{\376\377\000F\000i\000x\000\040\000f\000o\000r\000\040\000P\000h\000y\000s\000i\000c\000a\000l\000\040\000S\000c\000a\000l\000i\000n\000g\000:\000\040\000A\000s\000y\000m\000p\000t\000o\000t\000i\000c\000\040\000I\000n\000t\000e\000g\000r\000a\000b\000i\000l\000i\000t\000y}{section.Alph45.1}% 1279
\BOOKMARK [1][-]{section.Alph45.2}{\376\377\000F\000i\000n\000a\000l\000\040\000M\000a\000t\000h\000e\000m\000a\000t\000i\000c\000a\000l\000\040\000F\000o\000r\000t\000i\000f\000i\000c\000a\000t\000i\000o\000n\000:\000\040\000S\000y\000m\000m\000e\000t\000r\000y\000,\000\040\000S\000t\000a\000b\000i\000l\000i\000t\000y\000,\000\040\000a\000n\000d\000\040\000C\000a\000u\000s\000a\000l\000i\000t\000y}{appendix.Alph45}% 1280
\BOOKMARK [2][-]{subsection.Alph45.2.1}{\376\377\000F\000i\000x\000\040\000f\000o\000r\000\040\000L\000a\000t\000t\000i\000c\000e\000\040\000A\000r\000t\000i\000f\000a\000c\000t\000s\000:\000\040\000R\000e\000s\000t\000o\000r\000a\000t\000i\000o\000n\000\040\000o\000f\000\040\000W\000a\000r\000d\000\040\000I\000d\000e\000n\000t\000i\000t\000i\000e\000s}{section.Alph45.2}% 1281
\BOOKMARK [2][-]{subsection.Alph45.2.2}{\376\377\000F\000i\000x\000\040\000f\000o\000r\000\040\000T\000h\000e\000r\000m\000o\000d\000y\000n\000a\000m\000i\000c\000\040\000S\000t\000a\000b\000i\000l\000i\000t\000y\000:\000\040\000T\000h\000e\000\040\000F\000e\000s\000h\000b\000a\000c\000h\000-\000S\000c\000h\000u\000r\000\040\000M\000a\000p}{section.Alph45.2}% 1282
\BOOKMARK [2][-]{subsection.Alph45.2.3}{\376\377\000F\000i\000x\000\040\000f\000o\000r\000\040\000P\000a\000r\000t\000i\000c\000l\000e\000\040\000I\000d\000e\000n\000t\000i\000t\000y\000:\000\040\000T\000h\000e\000\040\000B\000e\000t\000h\000e\000-\000S\000a\000l\000p\000e\000t\000e\000r\000\040\000A\000n\000a\000l\000y\000s\000i\000s}{section.Alph45.2}% 1283
\BOOKMARK [2][-]{subsection.Alph45.2.4}{\376\377\000F\000i\000x\000\040\000f\000o\000r\000\040\000R\000e\000a\000l\000-\000T\000i\000m\000e\000\040\000P\000h\000y\000s\000i\000c\000s\000:\000\040\000T\000h\000e\000\040\000B\000a\000r\000g\000m\000a\000n\000n\000-\000H\000a\000l\000l\000-\000W\000i\000g\000h\000t\000m\000a\000n\000\040\000T\000h\000e\000o\000r\000e\000m}{section.Alph45.2}% 1284
\BOOKMARK [1][-]{section.Alph45.3}{\376\377\000F\000i\000n\000a\000l\000\040\000D\000e\000e\000p\000\040\000S\000t\000r\000u\000c\000t\000u\000r\000e\000:\000\040\000R\000e\000s\000o\000l\000u\000t\000i\000o\000n\000\040\000o\000f\000\040\000F\000u\000n\000d\000a\000m\000e\000n\000t\000a\000l\000\040\000M\000a\000t\000h\000e\000m\000a\000t\000i\000c\000a\000l\000\040\000O\000b\000s\000t\000r\000u\000c\000t\000i\000o\000n\000s}{appendix.Alph45}% 1285
\BOOKMARK [2][-]{subsection.Alph45.3.1}{\376\377\000R\000e\000s\000o\000l\000u\000t\000i\000o\000n\000\040\000o\000f\000\040\000t\000h\000e\000\040\000A\000r\000e\000a\000\040\000L\000a\000w\000\040\000P\000a\000r\000a\000d\000o\000x\000:\000\040\000T\000h\000e\000\040\000F\000r\000e\000d\000e\000n\000h\000a\000g\000e\000n\000-\000M\000a\000r\000c\000u\000\040\000P\000a\000r\000a\000m\000e\000t\000e\000r}{section.Alph45.3}% 1286
\BOOKMARK [2][-]{subsection.Alph45.3.2}{\376\377\000C\000o\000r\000r\000e\000c\000t\000i\000o\000n\000\040\000o\000f\000\040\000I\000n\000e\000q\000u\000a\000l\000i\000t\000y\000\040\000E\000r\000r\000o\000r\000s\000:\000\040\000K\000a\000t\000o\000'\000s\000\040\000D\000i\000a\000m\000a\000g\000n\000e\000t\000i\000c\000\040\000I\000n\000e\000q\000u\000a\000l\000i\000t\000y}{section.Alph45.3}% 1287
\BOOKMARK [2][-]{subsection.Alph45.3.3}{\376\377\000B\000r\000i\000d\000g\000i\000n\000g\000\040\000t\000h\000e\000\040\000"\000W\000a\000s\000t\000e\000l\000a\000n\000d\000"\000:\000\040\000C\000o\000m\000p\000u\000t\000e\000r\000-\000A\000s\000s\000i\000s\000t\000e\000d\000\040\000I\000n\000t\000e\000r\000v\000a\000l\000\040\000A\000r\000i\000t\000h\000m\000e\000t\000i\000c}{section.Alph45.3}% 1288
\BOOKMARK [2][-]{subsection.Alph45.3.4}{\376\377\000F\000i\000x\000\040\000f\000o\000r\000\040\000R\000G\000\040\000G\000e\000o\000m\000e\000t\000r\000y\000:\000\040\000C\000o\000v\000a\000r\000i\000a\000n\000t\000\040\000G\000e\000o\000d\000e\000s\000i\000c\000\040\000B\000l\000o\000c\000k\000i\000n\000g}{section.Alph45.3}% 1289
\BOOKMARK [1][-]{section.Alph45.4}{\376\377\000F\000i\000n\000a\000l\000\040\000K\000e\000y\000s\000t\000o\000n\000e\000\040\000F\000r\000a\000m\000e\000w\000o\000r\000k\000s\000:\000\040\000C\000o\000m\000p\000l\000e\000t\000i\000n\000g\000\040\000t\000h\000e\000\040\000R\000i\000g\000o\000r\000o\000u\000s\000\040\000A\000r\000c\000h\000i\000t\000e\000c\000t\000u\000r\000e}{appendix.Alph45}% 1290
\BOOKMARK [2][-]{subsection.Alph45.4.1}{\376\377\000T\000o\000p\000o\000l\000o\000g\000i\000c\000a\000l\000\040\000S\000t\000a\000b\000i\000l\000i\000t\000y\000:\000\040\000T\000h\000e\000\040\000V\000a\000f\000a\000-\000W\000i\000t\000t\000e\000n\000\040\000T\000h\000e\000o\000r\000e\000m}{section.Alph45.4}% 1291
\BOOKMARK [2][-]{subsection.Alph45.4.2}{\376\377\000S\000p\000e\000c\000t\000r\000a\000l\000\040\000S\000t\000r\000u\000c\000t\000u\000r\000e\000:\000\040\000B\000u\000c\000h\000h\000o\000l\000z\000-\000W\000i\000c\000h\000m\000a\000n\000n\000\040\000N\000u\000c\000l\000e\000a\000r\000i\000t\000y}{section.Alph45.4}% 1292
\BOOKMARK [2][-]{subsection.Alph45.4.3}{\376\377\000I\000n\000t\000e\000r\000p\000o\000l\000a\000t\000i\000o\000n\000\040\000C\000o\000n\000s\000i\000s\000t\000e\000n\000c\000y\000:\000\040\000P\000f\000a\000f\000f\000i\000a\000n\000\040\000P\000o\000s\000i\000t\000i\000v\000i\000t\000y}{section.Alph45.4}% 1293
\BOOKMARK [2][-]{subsection.Alph45.4.4}{\376\377\000U\000n\000i\000v\000e\000r\000s\000a\000l\000\040\000S\000c\000a\000l\000e\000:\000\040\000L\000\374\000s\000c\000h\000e\000r\000'\000s\000\040\000G\000r\000a\000d\000i\000e\000n\000t\000\040\000F\000l\000o\000w}{section.Alph45.4}% 1294
\BOOKMARK [1][-]{section.Alph45.5}{\376\377\000F\000i\000n\000a\000l\000\040\000K\000e\000y\000s\000t\000o\000n\000e\000\040\000F\000r\000a\000m\000e\000w\000o\000r\000k\000s\000\040\000I\000I\000:\000\040\000C\000o\000m\000p\000l\000e\000t\000i\000n\000g\000\040\000t\000h\000e\000\040\000R\000i\000g\000o\000r\000o\000u\000s\000\040\000A\000r\000c\000h\000i\000t\000e\000c\000t\000u\000r\000e}{appendix.Alph45}% 1295
\BOOKMARK [2][-]{subsection.Alph45.5.1}{\376\377\000I\000n\000t\000e\000r\000p\000o\000l\000a\000t\000i\000o\000n\000\040\000E\000n\000d\000-\000P\000o\000i\000n\000t\000:\000\040\000T\000h\000e\000\040\000A\000p\000p\000e\000l\000q\000u\000i\000s\000t\000-\000C\000a\000r\000a\000z\000z\000o\000n\000e\000\040\000D\000e\000c\000o\000u\000p\000l\000i\000n\000g\000\040\000T\000h\000e\000o\000r\000e\000m}{section.Alph45.5}% 1296
\BOOKMARK [2][-]{subsection.Alph45.5.2}{\376\377\000O\000r\000b\000i\000t\000\040\000G\000e\000o\000m\000e\000t\000r\000y\000:\000\040\000T\000h\000e\000\040\000E\000b\000i\000n\000-\000P\000a\000l\000a\000i\000s\000\040\000S\000l\000i\000c\000e\000\040\000T\000h\000e\000o\000r\000e\000m}{section.Alph45.5}% 1297
\BOOKMARK [2][-]{subsection.Alph45.5.3}{\376\377\000E\000f\000f\000e\000c\000t\000i\000v\000e\000\040\000A\000c\000t\000i\000o\000n\000\040\000L\000o\000c\000a\000l\000i\000t\000y\000:\000\040\000V\000a\000f\000a\000-\000W\000i\000t\000t\000e\000n\000\040\000E\000i\000g\000e\000n\000v\000a\000l\000u\000e\000\040\000B\000o\000u\000n\000d\000s}{section.Alph45.5}% 1298
\BOOKMARK [2][-]{subsection.Alph45.5.4}{\376\377\000H\000i\000d\000d\000e\000n\000\040\000M\000a\000s\000s\000l\000e\000s\000s\000n\000e\000s\000s\000:\000\040\000T\000h\000e\000\040\000F\000u\000j\000i\000k\000a\000w\000a\000\040\000A\000n\000o\000m\000a\000l\000y\000\040\000A\000n\000a\000l\000y\000s\000i\000s}{section.Alph45.5}% 1299
\BOOKMARK [1][-]{section.Alph45.6}{\376\377\000R\000i\000g\000o\000r\000o\000u\000s\000\040\000R\000e\000s\000o\000l\000u\000t\000i\000o\000n\000\040\000o\000f\000\040\000C\000r\000i\000t\000i\000c\000a\000l\000\040\000G\000a\000p\000s\000:\000\040\000C\000o\000n\000v\000e\000x\000i\000t\000y\000,\000\040\000R\000G\000\040\000F\000l\000o\000w\000,\000\040\000a\000n\000d\000\040\000G\000e\000o\000m\000e\000t\000r\000y}{appendix.Alph45}% 1300
\BOOKMARK [2][-]{subsection.Alph45.6.1}{\376\377\000C\000o\000r\000r\000e\000c\000t\000i\000o\000n\000\040\000A\000:\000\040\000C\000o\000n\000v\000e\000x\000i\000t\000y\000\040\000o\000f\000\040\000t\000h\000e\000\040\000E\000f\000f\000e\000c\000t\000i\000v\000e\000\040\000P\000o\000t\000e\000n\000t\000i\000a\000l\000\040\000\050\000F\000i\000x\000i\000n\000g\000\040\000I\000n\000t\000e\000r\000p\000o\000l\000a\000t\000i\000o\000n\000\051}{section.Alph45.6}% 1301
\BOOKMARK [2][-]{subsection.Alph45.6.2}{\376\377\000C\000o\000r\000r\000e\000c\000t\000i\000o\000n\000\040\000A\000.\0002\000:\000\040\000A\000n\000a\000l\000y\000t\000i\000c\000i\000t\000y\000\040\000a\000t\000\040\000I\000n\000t\000e\000r\000m\000e\000d\000i\000a\000t\000e\000\040\000M\000a\000s\000s\000\040\000\050\000T\000h\000e\000\040\000L\000e\000e\000-\000Y\000a\000n\000g\000\040\000B\000r\000i\000d\000g\000e\000\051}{section.Alph45.6}% 1302
\BOOKMARK [2][-]{subsection.Alph45.6.3}{\376\377\000C\000o\000r\000r\000e\000c\000t\000i\000o\000n\000\040\000B\000:\000\040\000R\000e\000n\000o\000r\000m\000a\000l\000i\000z\000a\000t\000i\000o\000n\000\040\000G\000r\000o\000u\000p\000\040\000F\000l\000o\000w\000\040\000o\000f\000\040\000L\000S\000I\000\040\000\050\000F\000i\000x\000i\000n\000g\000\040\000U\000n\000i\000f\000o\000r\000m\000i\000t\000y\000\051}{section.Alph45.6}% 1303
\BOOKMARK [2][-]{subsection.Alph45.6.4}{\376\377\000C\000o\000r\000r\000e\000c\000t\000i\000o\000n\000\040\000C\000:\000\040\000G\000e\000o\000m\000e\000t\000r\000i\000c\000\040\000L\000o\000w\000e\000r\000\040\000B\000o\000u\000n\000d\000\040\000o\000n\000\040\000O\000r\000b\000i\000t\000\040\000S\000p\000a\000c\000e\000\040\000\050\000F\000i\000x\000i\000n\000g\000\040\000V\000a\000r\000i\000a\000t\000i\000o\000n\000a\000l\000\040\000E\000r\000r\000o\000r\000\051}{section.Alph45.6}% 1304
\BOOKMARK [1][-]{section.Alph45.7}{\376\377\000C\000o\000m\000p\000r\000e\000h\000e\000n\000s\000i\000v\000e\000\040\000R\000i\000g\000o\000r\000o\000u\000s\000\040\000F\000i\000x\000e\000s\000:\000\040\000S\000c\000r\000e\000e\000n\000i\000n\000g\000,\000\040\000A\000n\000o\000m\000a\000l\000i\000e\000s\000,\000\040\000a\000n\000d\000\040\000S\000p\000e\000c\000t\000r\000a\000l\000\040\000A\000n\000a\000l\000y\000s\000i\000s}{appendix.Alph45}% 1305
\BOOKMARK [2][-]{subsection.Alph45.7.1}{\376\377\000T\000h\000e\000\040\000A\000d\000j\000o\000i\000n\000t\000\040\000S\000c\000r\000e\000e\000n\000i\000n\000g\000\040\000F\000i\000x\000\040\000\050\000F\000r\000e\000d\000e\000n\000h\000a\000g\000e\000n\000-\000M\000a\000r\000c\000u\000\040\000O\000r\000d\000e\000r\000\040\000P\000a\000r\000a\000m\000e\000t\000e\000r\000\051}{section.Alph45.7}% 1306
\BOOKMARK [2][-]{subsection.Alph45.7.2}{\376\377\000T\000h\000e\000\040\000U\000\050\0001\000\051\000A\000\040\000A\000n\000o\000m\000a\000l\000y\000\040\000F\000i\000x\000\040\000\050\000L\000a\000t\000t\000i\000c\000e\000\040\000I\000n\000d\000e\000x\000\040\000T\000h\000e\000o\000r\000e\000m\000\051}{section.Alph45.7}% 1307
\BOOKMARK [2][-]{subsection.Alph45.7.3}{\376\377\000T\000h\000e\000\040\000B\000e\000t\000h\000e\000-\000S\000a\000l\000p\000e\000t\000e\000r\000\040\000F\000i\000x\000\040\000\050\000P\000a\000r\000t\000i\000c\000l\000e\000\040\000v\000s\000.\000\040\000B\000l\000o\000b\000\051}{section.Alph45.7}% 1308
\BOOKMARK [2][-]{subsection.Alph45.7.4}{\376\377\000T\000h\000e\000\040\000R\000G\000\040\000v\000s\000.\000\040\000R\000P\000\040\000C\000o\000n\000f\000l\000i\000c\000t\000\040\000\050\000P\000o\000l\000y\000m\000e\000r\000\040\000S\000t\000a\000b\000i\000l\000i\000t\000y\000\040\000B\000o\000u\000n\000d\000\051}{section.Alph45.7}% 1309
\BOOKMARK [2][-]{subsection.Alph45.7.5}{\376\377\000T\000h\000e\000\040\000F\000i\000n\000i\000t\000e\000\040\000V\000o\000l\000u\000m\000e\000\040\000L\000\374\000s\000c\000h\000e\000r\000\040\000C\000o\000r\000r\000e\000c\000t\000i\000o\000n}{section.Alph45.7}% 1310
\BOOKMARK [2][-]{subsection.Alph45.7.6}{\376\377\000T\000h\000e\000\040\000A\000p\000p\000e\000l\000q\000u\000i\000s\000t\000-\000C\000a\000r\000a\000z\000z\000o\000n\000e\000\040\000D\000e\000c\000o\000u\000p\000l\000i\000n\000g}{section.Alph45.7}% 1311
\BOOKMARK [2][-]{subsection.Alph45.7.7}{\376\377\000T\000h\000e\000\040\000V\000a\000c\000u\000u\000m\000\040\000O\000v\000e\000r\000l\000a\000p\000\040\000B\000o\000u\000n\000d}{section.Alph45.7}% 1312
\BOOKMARK [2][-]{subsection.Alph45.7.8}{\376\377\000T\000h\000e\000\040\000C\000l\000u\000s\000t\000e\000r\000\040\000E\000x\000p\000a\000n\000s\000i\000o\000n\000\040\000C\000o\000n\000v\000e\000r\000g\000e\000n\000c\000e\000\040\000R\000a\000d\000i\000u\000s\000\040\000\050\000I\000n\000t\000e\000r\000v\000a\000l\000\040\000B\000r\000i\000d\000g\000e\000\051}{section.Alph45.7}% 1313
\BOOKMARK [2][-]{subsection.Alph45.7.9}{\376\377\000T\000h\000e\000\040\000I\000n\000f\000r\000a\000r\000e\000d\000\040\000B\000o\000u\000n\000d\000\040\000\050\000F\000r\000\366\000h\000l\000i\000c\000h\000-\000S\000i\000m\000o\000n\000-\000S\000p\000e\000n\000c\000e\000r\000\051}{section.Alph45.7}% 1314
\BOOKMARK [2][-]{subsection.Alph45.7.10}{\376\377\000T\000h\000e\000\040\000M\000a\000t\000t\000h\000e\000w\000s\000-\000S\000a\000l\000a\000m\000-\000S\000e\000i\000l\000e\000r\000\040\000B\000o\000u\000n\000d\000\040\000\050\000F\000e\000r\000m\000i\000o\000n\000\040\000Q\000u\000a\000s\000i\000-\000L\000o\000c\000a\000l\000i\000t\000y\000\051}{section.Alph45.7}% 1315
\BOOKMARK [2][-]{subsection.Alph45.7.11}{\376\377\000T\000h\000e\000\040\000Z\000e\000t\000a\000\040\000F\000u\000n\000c\000t\000i\000o\000n\000\040\000R\000e\000g\000u\000l\000a\000r\000i\000z\000a\000t\000i\000o\000n\000\040\000\050\000G\000e\000o\000m\000e\000t\000r\000i\000c\000\040\000F\000i\000n\000i\000t\000e\000\040\000C\000u\000r\000v\000a\000t\000u\000r\000e\000\051}{section.Alph45.7}% 1316
\BOOKMARK [2][-]{subsection.Alph45.7.12}{\376\377\000T\000h\000e\000\040\000G\000l\000u\000e\000b\000a\000l\000l\000\040\000S\000p\000i\000n\000\040\000I\000n\000e\000q\000u\000a\000l\000i\000t\000y}{section.Alph45.7}% 1317
\BOOKMARK [0][-]{appendix.Alph46}{\376\377\000A\000d\000v\000a\000n\000c\000e\000d\000\040\000M\000a\000t\000h\000e\000m\000a\000t\000i\000c\000a\000l\000\040\000D\000e\000r\000i\000v\000a\000t\000i\000o\000n\000s}{theorem.N.1.10}% 1318
\BOOKMARK [1][-]{section.Alph46.1}{\376\377\000R\000i\000g\000o\000r\000o\000u\000s\000\040\000M\000a\000t\000h\000e\000m\000a\000t\000i\000c\000a\000l\000\040\000D\000e\000r\000i\000v\000a\000t\000i\000o\000n\000s\000\040\000f\000o\000r\000\040\000C\000r\000i\000t\000i\000c\000a\000l\000\040\000G\000a\000p\000s}{appendix.Alph46}% 1319
\BOOKMARK [2][-]{subsection.Alph46.1.1}{\376\377\000T\000h\000e\000\040\000G\000r\000i\000b\000o\000v\000\040\000H\000o\000r\000i\000z\000o\000n\000\040\000F\000i\000x}{section.Alph46.1}% 1320
\BOOKMARK [2][-]{subsection.Alph46.1.2}{\376\377\000T\000h\000e\000\040\000N\000u\000c\000l\000e\000a\000r\000i\000t\000y\000\040\000B\000o\000u\000n\000d\000\040\000S\000t\000r\000a\000t\000e\000g\000y}{section.Alph46.1}% 1321
\BOOKMARK [2][-]{subsection.Alph46.1.3}{\376\377\000T\000h\000e\000\040\000S\000y\000m\000a\000n\000z\000i\000k\000\040\000I\000m\000p\000r\000o\000v\000e\000m\000e\000n\000t}{section.Alph46.1}% 1322
\BOOKMARK [2][-]{subsection.Alph46.1.4}{\376\377\000T\000h\000e\000\040\000T\000e\000m\000p\000e\000r\000e\000d\000n\000e\000s\000s\000\040\000C\000h\000e\000c\000k}{section.Alph46.1}% 1323
\BOOKMARK [2][-]{subsection.Alph46.1.5}{\376\377\000T\000h\000e\000\040\000A\000d\000j\000o\000i\000n\000t\000\040\000S\000c\000r\000e\000e\000n\000i\000n\000g\000\040\000F\000i\000x}{section.Alph46.1}% 1324
\BOOKMARK [2][-]{subsection.Alph46.1.6}{\376\377\000T\000h\000e\000\040\000U\000\050\0001\000\051\000\040\000A\000n\000o\000m\000a\000l\000y\000\040\000F\000i\000x}{section.Alph46.1}% 1325
\BOOKMARK [2][-]{subsection.Alph46.1.7}{\376\377\000T\000h\000e\000\040\000B\000e\000t\000h\000e\000-\000S\000a\000l\000p\000e\000t\000e\000r\000\040\000F\000i\000x}{section.Alph46.1}% 1326
\BOOKMARK [2][-]{subsection.Alph46.1.8}{\376\377\000T\000h\000e\000\040\000R\000G\000\040\000v\000s\000.\000\040\000R\000P\000\040\000C\000o\000n\000f\000l\000i\000c\000t}{section.Alph46.1}% 1327
\BOOKMARK [2][-]{subsection.Alph46.1.9}{\376\377\000T\000h\000e\000\040\000F\000i\000n\000i\000t\000e\000\040\000V\000o\000l\000u\000m\000e\000\040\000L\000\374\000s\000c\000h\000e\000r\000\040\000C\000o\000r\000r\000e\000c\000t\000i\000o\000n}{section.Alph46.1}% 1328
\BOOKMARK [2][-]{subsection.Alph46.1.10}{\376\377\000T\000h\000e\000\040\000A\000p\000p\000e\000l\000q\000u\000i\000s\000t\000-\000C\000a\000r\000a\000z\000z\000o\000n\000e\000\040\000D\000e\000c\000o\000u\000p\000l\000i\000n\000g}{section.Alph46.1}% 1329
\BOOKMARK [2][-]{subsection.Alph46.1.11}{\376\377\000T\000h\000e\000\040\000"\000V\000a\000c\000u\000u\000m\000\040\000O\000v\000e\000r\000l\000a\000p\000"\000\040\000B\000o\000u\000n\000d}{section.Alph46.1}% 1330
\BOOKMARK [2][-]{subsection.Alph46.1.12}{\376\377\000T\000h\000e\000\040\000C\000l\000u\000s\000t\000e\000r\000\040\000E\000x\000p\000a\000n\000s\000i\000o\000n\000\040\000C\000o\000n\000v\000e\000r\000g\000e\000n\000c\000e\000\040\000R\000a\000d\000i\000u\000s}{section.Alph46.1}% 1331
\BOOKMARK [2][-]{subsection.Alph46.1.13}{\376\377\000T\000h\000e\000\040\000I\000n\000f\000r\000a\000r\000e\000d\000\040\000B\000o\000u\000n\000d}{section.Alph46.1}% 1332
\BOOKMARK [2][-]{subsection.Alph46.1.14}{\376\377\000T\000h\000e\000\040\000M\000a\000t\000t\000h\000e\000w\000s\000-\000S\000a\000l\000a\000m\000-\000S\000e\000i\000l\000e\000r\000\040\000B\000o\000u\000n\000d}{section.Alph46.1}% 1333
\BOOKMARK [2][-]{subsection.Alph46.1.15}{\376\377\000T\000h\000e\000\040\000Z\000e\000t\000a\000\040\000F\000u\000n\000c\000t\000i\000o\000n\000\040\000R\000e\000g\000u\000l\000a\000r\000i\000z\000a\000t\000i\000o\000n}{section.Alph46.1}% 1334
\BOOKMARK [2][-]{subsection.Alph46.1.16}{\376\377\000T\000h\000e\000\040\000G\000l\000u\000e\000b\000a\000l\000l\000\040\000S\000p\000i\000n\000\040\000I\000n\000e\000q\000u\000a\000l\000i\000t\000y}{section.Alph46.1}% 1335
\BOOKMARK [2][-]{subsection.Alph46.1.17}{\376\377\000T\000h\000e\000\040\000R\000o\000u\000g\000h\000e\000n\000i\000n\000g\000\040\000T\000r\000a\000n\000s\000i\000t\000i\000o\000n\000\040\000F\000i\000x}{section.Alph46.1}% 1336
\BOOKMARK [2][-]{subsection.Alph46.1.18}{\376\377\000T\000h\000e\000\040\000S\000t\000r\000a\000t\000i\000f\000i\000e\000d\000\040\000S\000p\000a\000c\000e\000\040\000F\000i\000x}{section.Alph46.1}% 1337
\BOOKMARK [2][-]{subsection.Alph46.1.19}{\376\377\000T\000h\000e\000\040\000B\000o\000r\000e\000l\000\040\000S\000u\000m\000m\000a\000b\000i\000l\000i\000t\000y\000\040\000S\000t\000r\000a\000t\000e\000g\000y\000\040\000\050\000R\000e\000t\000r\000a\000c\000t\000e\000d\000\051}{section.Alph46.1}% 1338
\BOOKMARK [2][-]{subsection.Alph46.1.20}{\376\377\000T\000h\000e\000\040\000L\000i\000n\000e\000a\000r\000\040\000G\000r\000o\000w\000t\000h\000\040\000C\000o\000n\000d\000i\000t\000i\000o\000n\000\040\000\050\000A\000x\000i\000o\000m\000\040\0000\000\051}{section.Alph46.1}% 1339
\BOOKMARK [2][-]{subsection.Alph46.1.21}{\376\377\000T\000h\000e\000\040\000C\000o\000n\000t\000i\000n\000u\000o\000u\000s\000\040\000S\000p\000e\000c\000t\000r\000a\000l\000\040\000I\000n\000d\000e\000p\000e\000n\000d\000e\000n\000c\000e\000\040\000F\000i\000x}{section.Alph46.1}% 1340
\BOOKMARK [2][-]{subsection.Alph46.1.22}{\376\377\000T\000h\000e\000\040\000H\000o\000m\000o\000g\000e\000n\000i\000z\000a\000t\000i\000o\000n\000\040\000C\000o\000r\000r\000e\000c\000t\000o\000r\000\040\000F\000i\000x}{section.Alph46.1}% 1341
\BOOKMARK [2][-]{subsection.Alph46.1.23}{\376\377\000T\000h\000e\000\040\000P\000o\000l\000c\000h\000i\000n\000s\000k\000i\000\040\000F\000l\000o\000w\000\040\000C\000o\000m\000m\000u\000t\000a\000t\000o\000r}{section.Alph46.1}% 1342
\BOOKMARK [2][-]{subsection.Alph46.1.24}{\376\377\000T\000h\000e\000\040\000U\000r\000s\000e\000l\000l\000\040\000F\000u\000n\000c\000t\000i\000o\000n\000\040\000I\000n\000v\000e\000r\000s\000i\000o\000n}{section.Alph46.1}% 1343
\BOOKMARK [2][-]{subsection.Alph46.1.25}{\376\377\000T\000h\000e\000\040\000F\000e\000s\000h\000b\000a\000c\000h\000-\000S\000c\000h\000u\000r\000\040\000M\000a\000p}{section.Alph46.1}% 1344
\BOOKMARK [2][-]{subsection.Alph46.1.26}{\376\377\000T\000h\000e\000\040\000O\000'\000N\000e\000i\000l\000l\000\040\000C\000u\000r\000v\000a\000t\000u\000r\000e\000\040\000F\000o\000r\000m\000u\000l\000a}{section.Alph46.1}% 1345
\BOOKMARK [2][-]{subsection.Alph46.1.27}{\376\377\000T\000h\000e\000\040\000K\000a\000t\000o\000-\000R\000e\000l\000l\000i\000c\000h\000\040\000S\000e\000r\000i\000e\000s}{section.Alph46.1}% 1346
\BOOKMARK [2][-]{subsection.Alph46.1.28}{\376\377\000T\000h\000e\000\040\000V\000a\000f\000a\000-\000W\000i\000t\000t\000e\000n\000\040\000B\000o\000u\000n\000d}{section.Alph46.1}% 1347
\BOOKMARK [2][-]{subsection.Alph46.1.29}{\376\377\000T\000h\000e\000\040\000R\000o\000u\000g\000h\000\040\000P\000a\000t\000h\000\040\000L\000i\000f\000t}{section.Alph46.1}% 1348
\BOOKMARK [2][-]{subsection.Alph46.1.30}{\376\377\000T\000h\000e\000\040\000M\000a\000y\000e\000r\000-\000M\000o\000n\000t\000r\000o\000l\000l\000\040\000E\000q\000u\000a\000t\000i\000o\000n}{section.Alph46.1}% 1349
\BOOKMARK [2][-]{subsection.Alph46.1.31}{\376\377\000T\000h\000e\000\040\000L\000a\000t\000t\000i\000c\000e\000\040\000I\000n\000d\000e\000x\000\040\000T\000h\000e\000o\000r\000e\000m}{section.Alph46.1}% 1350
\BOOKMARK [2][-]{subsection.Alph46.1.32}{\376\377\000T\000h\000e\000\040\000K\000M\000S\000\040\000C\000o\000n\000d\000i\000t\000i\000o\000n}{section.Alph46.1}% 1351
\BOOKMARK [2][-]{subsection.Alph46.1.33}{\376\377\000T\000h\000e\000\040\000R\000e\000s\000u\000r\000g\000e\000n\000c\000e\000\040\000C\000a\000n\000c\000e\000l\000l\000a\000t\000i\000o\000n}{section.Alph46.1}% 1352
\BOOKMARK [2][-]{subsection.Alph46.1.34}{\376\377\000T\000h\000e\000\040\000M\000a\000k\000e\000e\000n\000k\000o\000-\000M\000i\000g\000d\000a\000l\000\040\000E\000q\000u\000a\000t\000i\000o\000n}{section.Alph46.1}% 1353
\BOOKMARK [2][-]{subsection.Alph46.1.35}{\376\377\000H\000a\000a\000g\000-\000R\000u\000e\000l\000l\000e\000\040\000S\000c\000a\000t\000t\000e\000r\000i\000n\000g\000\040\000T\000h\000e\000o\000r\000y}{section.Alph46.1}% 1354
\BOOKMARK [2][-]{subsection.Alph46.1.36}{\376\377\000T\000h\000e\000\040\000S\000p\000e\000c\000t\000r\000a\000l\000\040\000F\000l\000o\000w\000\040\000I\000n\000d\000e\000x\000\040\000T\000h\000e\000o\000r\000e\000m}{section.Alph46.1}% 1355
\BOOKMARK [2][-]{subsection.Alph46.1.37}{\376\377\000T\000h\000e\000\040\000S\000t\000r\000a\000t\000i\000f\000i\000e\000d\000\040\000H\000a\000r\000d\000y\000\040\000I\000n\000e\000q\000u\000a\000l\000i\000t\000y}{section.Alph46.1}% 1356
\BOOKMARK [2][-]{subsection.Alph46.1.38}{\376\377\000T\000h\000e\000\040\000M\000o\000m\000e\000n\000t\000u\000m\000\040\000P\000r\000o\000j\000e\000c\000t\000i\000o\000n}{section.Alph46.1}% 1357
\BOOKMARK [2][-]{subsection.Alph46.1.39}{\376\377\000T\000h\000e\000\040\000R\000e\000n\000o\000r\000m\000a\000l\000i\000z\000e\000d\000\040\000I\000n\000t\000e\000g\000r\000a\000t\000i\000o\000n\000\040\000b\000y\000\040\000P\000a\000r\000t\000s}{section.Alph46.1}% 1358
\BOOKMARK [2][-]{subsection.Alph46.1.40}{\376\377\000T\000h\000e\000\040\000T\000w\000o\000-\000P\000a\000r\000t\000i\000c\000l\000e\000\040\000C\000l\000u\000s\000t\000e\000r\000\040\000E\000x\000p\000a\000n\000s\000i\000o\000n}{section.Alph46.1}% 1359
\BOOKMARK [2][-]{subsection.Alph46.1.41}{\376\377\000T\000h\000e\000\040\000B\000r\000e\000z\000i\000s\000-\000W\000a\000i\000n\000g\000e\000r\000\040\000S\000t\000r\000a\000t\000e\000g\000y\000\040\000\050\000L\000i\000m\000i\000t\000a\000t\000i\000o\000n\000\051}{section.Alph46.1}% 1360
\BOOKMARK [2][-]{subsection.Alph46.1.42}{\376\377\000T\000h\000e\000\040\000K\000a\000r\000c\000h\000e\000r\000\040\000M\000e\000a\000n\000\040\000H\000e\000s\000s\000i\000a\000n}{section.Alph46.1}% 1361
\BOOKMARK [2][-]{subsection.Alph46.1.43}{\376\377\000T\000h\000e\000\040\000T\000a\000l\000a\000g\000r\000a\000n\000d\000\040\000I\000n\000e\000q\000u\000a\000l\000i\000t\000y}{section.Alph46.1}% 1362
\BOOKMARK [2][-]{subsection.Alph46.1.44}{\376\377\000T\000h\000e\000\040\000W\000e\000i\000t\000z\000e\000n\000b\000\366\000c\000k\000\040\000I\000d\000e\000n\000t\000i\000t\000y\000\040\000o\000n\000\040\000F\000o\000r\000m\000s}{section.Alph46.1}% 1363
\BOOKMARK [2][-]{subsection.Alph46.1.45}{\376\377\000T\000h\000e\000\040\000H\000e\000l\000f\000f\000e\000r\000-\000S\000j\000\366\000s\000t\000r\000a\000n\000d\000\040\000F\000o\000r\000m\000u\000l\000a}{section.Alph46.1}% 1364
\BOOKMARK [2][-]{subsection.Alph46.1.46}{\376\377\000T\000h\000e\000\040\000L\000a\000t\000t\000i\000c\000e\000\040\000B\000R\000S\000T\000\040\000C\000o\000h\000o\000m\000o\000l\000o\000g\000y}{section.Alph46.1}% 1365
\BOOKMARK [2][-]{subsection.Alph46.1.47}{\376\377\000T\000h\000e\000\040\000K\000a\000t\000o\000-\000T\000r\000o\000t\000t\000e\000r\000\040\000P\000r\000o\000d\000u\000c\000t\000\040\000F\000o\000r\000m\000u\000l\000a}{section.Alph46.1}% 1366
\BOOKMARK [2][-]{subsection.Alph46.1.48}{\376\377\000T\000h\000e\000\040\000L\000i\000e\000b\000-\000T\000h\000i\000r\000r\000i\000n\000g\000\040\000I\000n\000e\000q\000u\000a\000l\000i\000t\000y}{section.Alph46.1}% 1367
\BOOKMARK [2][-]{subsection.Alph46.1.49}{\376\377\000T\000h\000e\000\040\000K\000i\000r\000k\000w\000o\000o\000d\000-\000S\000a\000l\000s\000b\000u\000r\000g\000\040\000E\000q\000u\000a\000t\000i\000o\000n\000s}{section.Alph46.1}% 1368
\BOOKMARK [2][-]{subsection.Alph46.1.50}{\376\377\000T\000h\000e\000\040\000D\000u\000h\000a\000m\000e\000l\000\040\000E\000x\000p\000a\000n\000s\000i\000o\000n}{section.Alph46.1}% 1369
\BOOKMARK [2][-]{subsection.Alph46.1.51}{\376\377\000T\000h\000e\000\040\000M\000a\000l\000l\000i\000a\000v\000i\000n\000\040\000S\000m\000o\000o\000t\000h\000n\000e\000s\000s}{section.Alph46.1}% 1370
\BOOKMARK [2][-]{subsection.Alph46.1.52}{\376\377\000T\000h\000e\000\040\000'\000t\000\040\000H\000o\000o\000f\000t\000\040\000L\000o\000o\000p\000\040\000A\000l\000g\000e\000b\000r\000a}{section.Alph46.1}% 1371
\BOOKMARK [2][-]{subsection.Alph46.1.53}{\376\377\000T\000h\000e\000\040\000I\000M\000S\000\040\000L\000o\000c\000a\000l\000i\000z\000a\000t\000i\000o\000n\000\040\000F\000o\000r\000m\000u\000l\000a}{section.Alph46.1}% 1372
\BOOKMARK [2][-]{subsection.Alph46.1.54}{\376\377\000T\000h\000e\000\040\000C\000o\000m\000b\000e\000s\000-\000T\000h\000o\000m\000a\000s\000\040\000E\000s\000t\000i\000m\000a\000t\000e}{section.Alph46.1}% 1373
\BOOKMARK [2][-]{subsection.Alph46.1.55}{\376\377\000T\000h\000e\000\040\000H\000o\000l\000o\000m\000o\000r\000p\000h\000i\000c\000\040\000S\000e\000m\000i\000g\000r\000o\000u\000p\000\040\000G\000e\000n\000e\000r\000a\000t\000i\000o\000n}{section.Alph46.1}% 1374
\BOOKMARK [2][-]{subsection.Alph46.1.56}{\376\377\000T\000h\000e\000\040\000V\000a\000c\000u\000u\000m\000\040\000C\000l\000u\000s\000t\000e\000r\000\040\000E\000x\000p\000a\000n\000s\000i\000o\000n}{section.Alph46.1}% 1375
\BOOKMARK [1][-]{section.Alph46.2}{\376\377\000D\000i\000a\000m\000o\000n\000d\000\040\000S\000t\000a\000n\000d\000a\000r\000d\000\040\000M\000a\000t\000h\000e\000m\000a\000t\000i\000c\000a\000l\000\040\000D\000e\000r\000i\000v\000a\000t\000i\000o\000n\000s}{appendix.Alph46}% 1376
\BOOKMARK [2][-]{subsection.Alph46.2.1}{\376\377\000D\000e\000e\000p\000\040\000S\000t\000r\000u\000c\000t\000u\000r\000a\000l\000\040\000D\000e\000r\000i\000v\000a\000t\000i\000o\000n\000s}{section.Alph46.2}% 1377
\BOOKMARK [2][-]{subsection.Alph46.2.2}{\376\377\000A\000d\000v\000a\000n\000c\000e\000d\000\040\000V\000e\000r\000i\000f\000i\000c\000a\000t\000i\000o\000n\000\040\000D\000e\000r\000i\000v\000a\000t\000i\000o\000n\000s}{section.Alph46.2}% 1378
\BOOKMARK [2][-]{subsection.Alph46.2.3}{\376\377\000A\000n\000a\000l\000y\000t\000i\000c\000\040\000C\000o\000n\000t\000i\000n\000u\000a\000t\000i\000o\000n\000\040\000a\000n\000d\000\040\000C\000o\000h\000o\000m\000o\000l\000o\000g\000y}{section.Alph46.2}% 1379
\BOOKMARK [2][-]{subsection.Alph46.2.4}{\376\377\000A\000l\000g\000e\000b\000r\000a\000i\000c\000\040\000S\000t\000r\000u\000c\000t\000u\000r\000e\000\040\000a\000n\000d\000\040\000T\000o\000p\000o\000l\000o\000g\000y}{section.Alph46.2}% 1380
\BOOKMARK [2][-]{subsection.Alph46.2.5}{\376\377\000D\000y\000n\000a\000m\000i\000c\000s\000\040\000a\000n\000d\000\040\000S\000c\000a\000t\000t\000e\000r\000i\000n\000g\000\040\000T\000h\000e\000o\000r\000y}{section.Alph46.2}% 1381
\BOOKMARK [2][-]{subsection.Alph46.2.6}{\376\377\000D\000i\000s\000c\000r\000e\000t\000e\000\040\000G\000e\000o\000m\000e\000t\000r\000y\000\040\000a\000n\000d\000\040\000R\000e\000l\000a\000t\000i\000v\000i\000t\000y}{section.Alph46.2}% 1382
\BOOKMARK [2][-]{subsection.Alph46.2.7}{\376\377\000G\000e\000o\000m\000e\000t\000r\000i\000c\000\040\000C\000o\000n\000s\000t\000a\000n\000t\000s\000\040\000a\000n\000d\000\040\000C\000a\000n\000c\000e\000l\000l\000a\000t\000i\000o\000n\000s}{section.Alph46.2}% 1383
\BOOKMARK [2][-]{subsection.Alph46.2.8}{\376\377\000M\000e\000a\000s\000u\000r\000e\000\040\000U\000n\000i\000q\000u\000e\000n\000e\000s\000s\000\040\000a\000n\000d\000\040\000R\000i\000g\000o\000r\000o\000u\000s\000\040\000B\000o\000u\000n\000d\000s}{section.Alph46.2}% 1384
\BOOKMARK [2][-]{subsection.Alph46.2.9}{\376\377\000C\000r\000i\000t\000i\000c\000a\000l\000\040\000R\000e\000g\000u\000l\000a\000r\000i\000t\000y\000\040\000a\000n\000d\000\040\000A\000v\000e\000r\000a\000g\000i\000n\000g}{section.Alph46.2}% 1385
\BOOKMARK [0][-]{appendix.Alph47}{\376\377\000H\000i\000s\000t\000o\000r\000i\000c\000a\000l\000\040\000C\000o\000n\000t\000e\000x\000t\000\040\000a\000n\000d\000\040\000F\000u\000t\000u\000r\000e\000\040\000D\000i\000r\000e\000c\000t\000i\000o\000n\000s}{theorem.N.1.10}% 1386
\BOOKMARK [1][-]{section.Alph47.1}{\376\377\000F\000u\000t\000u\000r\000e\000\040\000D\000i\000r\000e\000c\000t\000i\000o\000n\000s\000\040\000a\000n\000d\000\040\000E\000x\000t\000e\000n\000s\000i\000o\000n\000s}{appendix.Alph47}% 1387
\BOOKMARK [2][-]{subsection.Alph47.1.1}{\376\377\000R\000e\000f\000i\000n\000e\000m\000e\000n\000t\000\040\000o\000f\000\040\000M\000a\000s\000s\000\040\000G\000a\000p\000\040\000B\000o\000u\000n\000d\000s}{section.Alph47.1}% 1388
\BOOKMARK [2][-]{subsection.Alph47.1.2}{\376\377\000T\000o\000p\000o\000l\000o\000g\000i\000c\000a\000l\000\040\000A\000s\000p\000e\000c\000t\000s}{section.Alph47.1}% 1389
\BOOKMARK [2][-]{subsection.Alph47.1.3}{\376\377\000C\000o\000m\000p\000u\000t\000a\000t\000i\000o\000n\000a\000l\000\040\000A\000s\000p\000e\000c\000t\000s}{section.Alph47.1}% 1390
\BOOKMARK [1][-]{section.Alph47.2}{\376\377\000H\000i\000s\000t\000o\000r\000i\000c\000a\000l\000\040\000R\000e\000s\000o\000l\000u\000t\000i\000o\000n\000\040\000o\000f\000\040\000R\000e\000m\000a\000i\000n\000i\000n\000g\000\040\000G\000a\000p\000s}{appendix.Alph47}% 1391
\BOOKMARK [2][-]{subsection.Alph47.2.1}{\376\377\000G\000a\000p\000\040\0001\000:\000\040\000C\000o\000n\000t\000i\000n\000u\000u\000m\000\040\000N\000o\000n\000-\000T\000r\000i\000v\000i\000a\000l\000i\000t\000y\000\040\000\050\000s\000i\000g\000m\000a\000\040\000>\000\040\0000\000\051}{section.Alph47.2}% 1392
\BOOKMARK [2][-]{subsection.Alph47.2.2}{\376\377\000G\000a\000p\000\040\0002\000:\000\040\000R\000a\000t\000i\000o\000\040\000L\000i\000m\000i\000t\000\040\000E\000x\000i\000s\000t\000e\000n\000c\000e}{section.Alph47.2}% 1393
\BOOKMARK [2][-]{subsection.Alph47.2.3}{\376\377\000G\000a\000p\000\040\0003\000:\000\040\000I\000n\000f\000i\000n\000i\000t\000e\000-\000V\000o\000l\000u\000m\000e\000\040\000A\000n\000a\000l\000y\000t\000i\000c\000i\000t\000y\000\040\000\050\000L\000e\000e\000-\000Y\000a\000n\000g\000\040\000Z\000e\000r\000o\000s\000\051}{section.Alph47.2}% 1394
\BOOKMARK [2][-]{subsection.Alph47.2.4}{\376\377\000G\000a\000p\000\040\0005\000:\000\040\000R\000i\000g\000o\000r\000o\000u\000s\000\040\000L\000e\000e\000-\000Y\000a\000n\000g\000\040\000B\000o\000u\000n\000d\000s\000\040\000f\000o\000r\000\040\000A\000d\000j\000o\000i\000n\000t\000\040\000Q\000C\000D}{section.Alph47.2}% 1395
\BOOKMARK [0][-]{appendix.Alph48}{\376\377\000W\000e\000a\000k\000\040\000C\000o\000u\000p\000l\000i\000n\000g\000\040\000a\000n\000d\000\040\000A\000s\000y\000m\000p\000t\000o\000t\000i\000c\000\040\000A\000n\000a\000l\000y\000s\000i\000s}{theorem.N.1.10}% 1396
\BOOKMARK [1][-]{section.Alph48.1}{\376\377\000W\000e\000a\000k\000\040\000C\000o\000u\000p\000l\000i\000n\000g\000\040\000S\000c\000a\000l\000i\000n\000g\000:\000\040\000T\000h\000e\000\040\000F\000i\000n\000a\000l\000\040\000G\000a\000p}{appendix.Alph48}% 1397
\BOOKMARK [2][-]{subsection.Alph48.1.1}{\376\377\000T\000h\000e\000\040\000S\000c\000a\000l\000i\000n\000g\000\040\000R\000e\000q\000u\000i\000r\000e\000m\000e\000n\000t}{section.Alph48.1}% 1398
\BOOKMARK [2][-]{subsection.Alph48.1.2}{\376\377\000T\000h\000e\000\040\000N\000a\000i\000v\000e\000\040\000E\000s\000t\000i\000m\000a\000t\000e\000\040\000i\000s\000\040\000W\000r\000o\000n\000g}{section.Alph48.1}% 1399
\BOOKMARK [2][-]{subsection.Alph48.1.3}{\376\377\000S\000t\000r\000i\000n\000g\000\040\000T\000e\000n\000s\000i\000o\000n\000\040\000S\000c\000a\000l\000i\000n\000g}{section.Alph48.1}% 1400
\BOOKMARK [2][-]{subsection.Alph48.1.4}{\376\377\000G\000a\000p\000\040\000f\000r\000o\000m\000\040\000S\000t\000r\000i\000n\000g\000\040\000T\000e\000n\000s\000i\000o\000n\000\040\000v\000i\000a\000\040\000G\000i\000l\000e\000s\000-\000T\000e\000p\000e\000r}{section.Alph48.1}% 1401
\BOOKMARK [2][-]{subsection.Alph48.1.5}{\376\377\000V\000e\000r\000i\000f\000i\000c\000a\000t\000i\000o\000n\000\040\000o\000f\000\040\000S\000t\000r\000i\000n\000g\000\040\000T\000e\000n\000s\000i\000o\000n\000\040\000S\000c\000a\000l\000i\000n\000g}{section.Alph48.1}% 1402
\BOOKMARK [2][-]{subsection.Alph48.1.6}{\376\377\000T\000h\000e\000\040\000R\000G\000\040\000A\000r\000g\000u\000m\000e\000n\000t\000:\000\040\000N\000o\000n\000-\000C\000i\000r\000c\000u\000l\000a\000r\000\040\000V\000e\000r\000i\000f\000i\000c\000a\000t\000i\000o\000n}{section.Alph48.1}% 1403
\BOOKMARK [2][-]{subsection.Alph48.1.7}{\376\377\000C\000o\000m\000p\000l\000e\000t\000e\000\040\000W\000e\000a\000k\000\040\000C\000o\000u\000p\000l\000i\000n\000g\000\040\000A\000n\000a\000l\000y\000s\000i\000s}{section.Alph48.1}% 1404
\BOOKMARK [2][-]{subsection.Alph48.1.8}{\376\377\000S\000u\000m\000m\000a\000r\000y\000:\000\040\000C\000o\000n\000t\000i\000n\000u\000u\000m\000\040\000G\000a\000p\000\040\000i\000s\000\040\000P\000o\000s\000i\000t\000i\000v\000e}{section.Alph48.1}% 1405
\BOOKMARK [2][-]{subsection.Alph48.1.9}{\376\377\000R\000e\000m\000a\000i\000n\000i\000n\000g\000\040\000T\000e\000c\000h\000n\000i\000c\000a\000l\000i\000t\000i\000e\000s}{section.Alph48.1}% 1406
\BOOKMARK [1][-]{section.Alph48.2}{\376\377\000F\000i\000n\000i\000t\000e\000\040\000C\000o\000r\000r\000e\000l\000a\000t\000i\000o\000n\000\040\000L\000e\000n\000g\000t\000h\000:\000\040\000N\000o\000n\000-\000C\000i\000r\000c\000u\000l\000a\000r\000\040\000P\000r\000o\000o\000f}{appendix.Alph48}% 1407
\BOOKMARK [2][-]{subsection.Alph48.2.1}{\376\377\000T\000h\000e\000\040\000L\000o\000g\000i\000c\000a\000l\000\040\000S\000t\000r\000u\000c\000t\000u\000r\000e}{section.Alph48.2}% 1408
\BOOKMARK [2][-]{subsection.Alph48.2.2}{\376\377\000W\000h\000a\000t\000\040\000Z\000e\000g\000a\000r\000l\000i\000n\000s\000k\000i\000\040\000A\000c\000t\000u\000a\000l\000l\000y\000\040\000R\000e\000q\000u\000i\000r\000e\000s}{section.Alph48.2}% 1409
\BOOKMARK [2][-]{subsection.Alph48.2.3}{\376\377\000T\000h\000e\000\040\000D\000o\000b\000r\000u\000s\000h\000i\000n\000\040\000M\000a\000t\000r\000i\000x\000\040\000f\000o\000r\000\040\000L\000a\000t\000t\000i\000c\000e\000\040\000G\000a\000u\000g\000e\000\040\000T\000h\000e\000o\000r\000y}{section.Alph48.2}% 1410
\BOOKMARK [2][-]{subsection.Alph48.2.4}{\376\377\000T\000h\000e\000\040\000P\000r\000o\000b\000l\000e\000m\000:\000\040\000L\000a\000r\000g\000e\000\040\000b\000e\000t\000a}{section.Alph48.2}% 1411
\BOOKMARK [2][-]{subsection.Alph48.2.5}{\376\377\000R\000e\000s\000o\000l\000u\000t\000i\000o\000n\000:\000\040\000B\000l\000o\000c\000k\000\040\000D\000o\000b\000r\000u\000s\000h\000i\000n\000\040\000C\000o\000n\000d\000i\000t\000i\000o\000n}{section.Alph48.2}% 1412
\BOOKMARK [2][-]{subsection.Alph48.2.6}{\376\377\000B\000l\000o\000c\000k\000\040\000D\000o\000b\000r\000u\000s\000h\000i\000n\000\040\000f\000o\000r\000\040\000Y\000a\000n\000g\000-\000M\000i\000l\000l\000s}{section.Alph48.2}% 1413
\BOOKMARK [2][-]{subsection.Alph48.2.7}{\376\377\000T\000h\000e\000\040\000F\000i\000n\000a\000l\000\040\000N\000o\000n\000-\000C\000i\000r\000c\000u\000l\000a\000r\000\040\000A\000r\000g\000u\000m\000e\000n\000t}{section.Alph48.2}% 1414
\BOOKMARK [2][-]{subsection.Alph48.2.8}{\376\377\000E\000x\000p\000l\000i\000c\000i\000t\000\040\000V\000e\000r\000i\000f\000i\000c\000a\000t\000i\000o\000n\000\040\000o\000f\000\040\000N\000o\000n\000-\000C\000i\000r\000c\000u\000l\000a\000r\000i\000t\000y}{section.Alph48.2}% 1415
\BOOKMARK [2][-]{subsection.Alph48.2.9}{\376\377\000R\000e\000m\000a\000i\000n\000i\000n\000g\000\040\000T\000e\000c\000h\000n\000i\000c\000a\000l\000\040\000I\000s\000s\000u\000e\000:\000\040\000Q\000u\000a\000n\000t\000i\000t\000a\000t\000i\000v\000e\000\040\000B\000o\000u\000n\000d\000s}{section.Alph48.2}% 1416
\BOOKMARK [2][-]{subsection.Alph48.2.10}{\376\377\000S\000u\000m\000m\000a\000r\000y\000:\000\040\000C\000o\000m\000p\000l\000e\000t\000e\000\040\000N\000o\000n\000-\000C\000i\000r\000c\000u\000l\000a\000r\000\040\000P\000r\000o\000o\000f\000\040\000C\000h\000a\000i\000n}{section.Alph48.2}% 1417
\BOOKMARK [0][-]{appendix.Alph49}{\376\377\000S\000u\000p\000p\000l\000e\000m\000e\000n\000t\000a\000r\000y\000\040\000T\000e\000c\000h\000n\000i\000c\000a\000l\000\040\000D\000e\000t\000a\000i\000l\000s}{theorem.N.1.10}% 1418
\BOOKMARK [0][-]{appendix.Alph50}{\376\377\000F\000i\000x\000\040\0008\000:\000\040\000N\000o\000n\000-\000P\000e\000r\000t\000u\000r\000b\000a\000t\000i\000v\000e\000\040\000D\000e\000c\000o\000u\000p\000l\000i\000n\000g\000\040\000o\000f\000\040\000A\000d\000j\000o\000i\000n\000t\000\040\000M\000a\000t\000t\000e\000r}{theorem.N.1.10}% 1419
\BOOKMARK [1][-]{section.Alph50.1}{\376\377\000P\000r\000o\000b\000l\000e\000m\000\040\000S\000t\000a\000t\000e\000m\000e\000n\000t}{appendix.Alph50}% 1420
\BOOKMARK [1][-]{section.Alph50.2}{\376\377\000H\000o\000p\000p\000i\000n\000g\000\040\000P\000a\000r\000a\000m\000e\000t\000e\000r\000\040\000E\000x\000p\000a\000n\000s\000i\000o\000n}{appendix.Alph50}% 1421
\BOOKMARK [1][-]{section.Alph50.3}{\376\377\000T\000h\000e\000\040\000E\000f\000f\000e\000c\000t\000i\000v\000e\000\040\000A\000c\000t\000i\000o\000n}{appendix.Alph50}% 1422
\BOOKMARK [1][-]{section.Alph50.4}{\376\377\000P\000r\000o\000o\000f\000\040\000o\000f\000\040\000G\000a\000p\000\040\000S\000t\000a\000b\000i\000l\000i\000t\000y}{appendix.Alph50}% 1423
\BOOKMARK [0][-]{appendix.Alph51}{\376\377\000F\000i\000x\000\040\0001\0003\000:\000\040\000V\000a\000f\000a\000-\000W\000i\000t\000t\000e\000n\000\040\000B\000o\000u\000n\000d\000s\000\040\000f\000o\000r\000\040\000A\000d\000j\000o\000i\000n\000t\000\040\000Q\000C\000D}{theorem.N.1.10}% 1424
\BOOKMARK [1][-]{section.Alph51.1}{\376\377\000P\000o\000s\000i\000t\000i\000v\000i\000t\000y\000\040\000o\000f\000\040\000t\000h\000e\000\040\000M\000e\000a\000s\000u\000r\000e}{appendix.Alph51}% 1425
\BOOKMARK [1][-]{section.Alph51.2}{\376\377\000U\000n\000i\000f\000o\000r\000m\000\040\000B\000o\000u\000n\000d\000\040\000o\000n\000\040\000t\000h\000e\000\040\000F\000r\000e\000e\000\040\000E\000n\000e\000r\000g\000y}{appendix.Alph51}% 1426
\BOOKMARK [1][-]{section.Alph51.3}{\376\377\000E\000r\000r\000a\000t\000a\000\040\000a\000n\000d\000\040\000C\000r\000i\000t\000i\000c\000a\000l\000\040\000C\000o\000r\000r\000e\000c\000t\000i\000o\000n\000s}{appendix.Alph51}% 1427
\BOOKMARK [2][-]{subsection.Alph51.3.1}{\376\377\000C\000o\000r\000r\000e\000c\000t\000i\000o\000n\000\040\0001\000:\000\040\000S\000c\000a\000l\000e\000\040\000S\000e\000t\000t\000i\000n\000g}{section.Alph51.3}% 1428
\BOOKMARK [2][-]{subsection.Alph51.3.2}{\376\377\000C\000o\000r\000r\000e\000c\000t\000i\000o\000n\000\040\0002\000:\000\040\000C\000o\000n\000d\000i\000t\000i\000o\000n\000a\000l\000\040\000T\000e\000n\000s\000o\000r\000i\000z\000a\000t\000i\000o\000n}{section.Alph51.3}% 1429
\BOOKMARK [2][-]{subsection.Alph51.3.3}{\376\377\000C\000o\000r\000r\000e\000c\000t\000i\000o\000n\000\040\0003\000:\000\040\000C\000h\000e\000e\000g\000e\000r\000/\000C\000a\000s\000i\000m\000i\000r\000\040\000A\000r\000g\000u\000m\000e\000n\000t}{section.Alph51.3}% 1430
\BOOKMARK [2][-]{subsection.Alph51.3.4}{\376\377\000C\000o\000r\000r\000e\000c\000t\000i\000o\000n\000\040\0004\000:\000\040\000E\000m\000p\000i\000r\000i\000c\000a\000l\000\040\000I\000n\000p\000u\000t\000s}{section.Alph51.3}% 1431
\BOOKMARK [2][-]{subsection.Alph51.3.5}{\376\377\000C\000o\000r\000r\000e\000c\000t\000i\000o\000n\000\040\0005\000:\000\040\000C\000o\000n\000t\000i\000n\000u\000u\000m\000\040\000L\000i\000m\000i\000t\000\040\000S\000c\000a\000l\000i\000n\000g}{section.Alph51.3}% 1432
\BOOKMARK [2][-]{subsection.Alph51.3.6}{\376\377\000C\000o\000r\000r\000e\000c\000t\000i\000o\000n\000\040\0006\000:\000\040\000D\000i\000m\000e\000n\000s\000i\000o\000n\000a\000l\000\040\000T\000r\000a\000n\000s\000m\000u\000t\000a\000t\000i\000o\000n}{section.Alph51.3}% 1433
\BOOKMARK [2][-]{subsection.Alph51.3.7}{\376\377\000S\000u\000m\000m\000a\000r\000y\000\040\000o\000f\000\040\000R\000e\000q\000u\000i\000r\000e\000d\000\040\000A\000n\000a\000l\000y\000s\000i\000s}{section.Alph51.3}% 1434
\BOOKMARK [2][-]{subsection.Alph51.3.8}{\376\377\000T\000h\000e\000\040\000H\000o\000n\000e\000s\000t\000\040\000S\000t\000r\000u\000c\000t\000u\000r\000e\000\040\000o\000f\000\040\000t\000h\000e\000\040\000P\000r\000o\000o\000f}{section.Alph51.3}% 1435
\BOOKMARK [1][-]{section.Alph51.4}{\376\377\000A\000d\000v\000a\000n\000c\000e\000d\000\040\000V\000e\000r\000i\000f\000i\000c\000a\000t\000i\000o\000n\000\040\000a\000n\000d\000\040\000R\000e\000s\000o\000l\000u\000t\000i\000o\000n\000\040\000o\000f\000\040\000A\000n\000a\000l\000y\000t\000i\000c\000a\000l\000\040\000O\000b\000s\000t\000a\000c\000l\000e\000s}{appendix.Alph51}% 1436
\BOOKMARK [2][-]{subsection.Alph51.4.1}{\376\377\000R\000e\000s\000o\000l\000v\000i\000n\000g\000\040\000t\000h\000e\000\040\000"\000V\000a\000r\000i\000a\000t\000i\000o\000n\000a\000l\000\040\000L\000o\000w\000e\000r\000\040\000B\000o\000u\000n\000d\000"\000\040\000E\000r\000r\000o\000r}{section.Alph51.4}% 1437
\BOOKMARK [2][-]{subsection.Alph51.4.2}{\376\377\000R\000e\000s\000o\000l\000v\000i\000n\000g\000\040\000t\000h\000e\000\040\000"\000O\000s\000c\000i\000l\000l\000a\000t\000i\000o\000n\000\040\000C\000a\000t\000a\000s\000t\000r\000o\000p\000h\000e\000"\000\040\000\050\000L\000S\000I\000\040\000D\000e\000g\000r\000a\000d\000a\000t\000i\000o\000n\000\051}{section.Alph51.4}% 1438
\BOOKMARK [2][-]{subsection.Alph51.4.3}{\376\377\000R\000e\000s\000o\000l\000v\000i\000n\000g\000\040\000t\000h\000e\000\040\000F\000a\000i\000l\000u\000r\000e\000\040\000o\000f\000\040\000G\000K\000S\000\040\000I\000n\000e\000q\000u\000a\000l\000i\000t\000i\000e\000s}{section.Alph51.4}% 1439
\BOOKMARK [2][-]{subsection.Alph51.4.4}{\376\377\000R\000e\000s\000o\000l\000v\000i\000n\000g\000\040\000C\000i\000r\000c\000u\000l\000a\000r\000i\000t\000y\000\040\000i\000n\000\040\000A\000d\000j\000o\000i\000n\000t\000\040\000I\000n\000t\000e\000r\000p\000o\000l\000a\000t\000i\000o\000n}{section.Alph51.4}% 1440
\BOOKMARK [2][-]{subsection.Alph51.4.5}{\376\377\000R\000e\000s\000o\000l\000v\000i\000n\000g\000\040\000t\000h\000e\000\040\000D\000i\000m\000e\000n\000s\000i\000o\000n\000a\000l\000\040\000C\000o\000l\000l\000a\000p\000s\000e\000\040\000\050\0001\000D\000\040\000B\000a\000s\000e\000\040\000C\000a\000s\000e\000\051}{section.Alph51.4}% 1441
\BOOKMARK [2][-]{subsection.Alph51.4.6}{\376\377\000R\000e\000s\000o\000l\000v\000i\000n\000g\000\040\000t\000h\000e\000\040\000"\000I\000n\000t\000r\000i\000n\000s\000i\000c\000\040\000T\000i\000g\000h\000t\000n\000e\000s\000s\000"\000\040\000C\000i\000r\000c\000u\000l\000a\000r\000i\000t\000y}{section.Alph51.4}% 1442
\BOOKMARK [2][-]{subsection.Alph51.4.7}{\376\377\000R\000e\000s\000o\000l\000v\000i\000n\000g\000\040\000t\000h\000e\000\040\000"\000S\000c\000a\000l\000e\000\040\000S\000e\000t\000t\000i\000n\000g\000"\000\040\000T\000a\000u\000t\000o\000l\000o\000g\000y}{section.Alph51.4}% 1443
\BOOKMARK [2][-]{subsection.Alph51.4.8}{\376\377\000R\000e\000s\000o\000l\000v\000i\000n\000g\000\040\000t\000h\000e\000\040\000"\000G\000a\000p\000\040\0002\000.\0005\000"\000\040\000S\000p\000e\000c\000t\000r\000a\000l\000\040\000C\000o\000m\000p\000a\000c\000t\000n\000e\000s\000s\000\040\000F\000a\000i\000l\000u\000r\000e}{section.Alph51.4}% 1444
\BOOKMARK [2][-]{subsection.Alph51.4.9}{\376\377\000R\000e\000s\000o\000l\000v\000i\000n\000g\000\040\000t\000h\000e\000\040\000"\000G\000r\000i\000b\000o\000v\000\040\000H\000o\000r\000i\000z\000o\000n\000"\000\040\000M\000e\000a\000s\000u\000r\000e\000\040\000C\000o\000l\000l\000a\000p\000s\000e}{section.Alph51.4}% 1445
\BOOKMARK [2][-]{subsection.Alph51.4.10}{\376\377\000R\000e\000s\000o\000l\000v\000i\000n\000g\000\040\000t\000h\000e\000\040\000S\000t\000r\000a\000t\000i\000f\000i\000e\000d\000\040\000S\000p\000a\000c\000e\000\040\000S\000i\000n\000g\000u\000l\000a\000r\000i\000t\000y}{section.Alph51.4}% 1446
\BOOKMARK [2][-]{subsection.Alph51.4.11}{\376\377\000R\000e\000s\000o\000l\000v\000i\000n\000g\000\040\000t\000h\000e\000\040\000"\000C\000u\000r\000s\000e\000\040\000o\000f\000\040\000D\000i\000m\000e\000n\000s\000i\000o\000n\000a\000l\000i\000t\000y\000"\000\040\000i\000n\000\040\000C\000o\000m\000p\000u\000t\000e\000r\000\040\000V\000e\000r\000i\000f\000i\000c\000a\000t\000i\000o\000n}{section.Alph51.4}% 1447
\BOOKMARK [2][-]{subsection.Alph51.4.12}{\376\377\000R\000e\000s\000o\000l\000v\000i\000n\000g\000\040\000t\000h\000e\000\040\000"\000R\000o\000t\000a\000t\000i\000o\000n\000a\000l\000\040\000S\000y\000m\000m\000e\000t\000r\000y\000"\000\040\000R\000e\000s\000t\000o\000r\000a\000t\000i\000o\000n\000\040\000F\000a\000i\000l\000u\000r\000e}{section.Alph51.4}% 1448
\BOOKMARK [2][-]{subsection.Alph51.4.13}{\376\377\000R\000e\000s\000o\000l\000v\000i\000n\000g\000\040\000t\000h\000e\000\040\000"\000V\000a\000c\000u\000u\000m\000\040\000E\000n\000e\000r\000g\000y\000"\000\040\000D\000i\000v\000e\000r\000g\000e\000n\000c\000e}{section.Alph51.4}% 1449
\BOOKMARK [2][-]{subsection.Alph51.4.14}{\376\377\000R\000e\000s\000o\000l\000v\000i\000n\000g\000\040\000t\000h\000e\000\040\000"\000T\000r\000a\000c\000e\000\040\000C\000l\000a\000s\000s\000"\000\040\000O\000p\000e\000r\000a\000t\000o\000r\000\040\000F\000a\000l\000l\000a\000c\000y}{section.Alph51.4}% 1450
\BOOKMARK [2][-]{subsection.Alph51.4.15}{\376\377\000R\000e\000s\000o\000l\000v\000i\000n\000g\000\040\000t\000h\000e\000\040\000"\000I\000n\000f\000i\000n\000i\000t\000e\000-\000D\000i\000m\000e\000n\000s\000i\000o\000n\000a\000l\000\040\000C\000u\000r\000v\000a\000t\000u\000r\000e\000"\000\040\000C\000o\000l\000l\000a\000p\000s\000e}{section.Alph51.4}% 1451
\BOOKMARK [2][-]{subsection.Alph51.4.16}{\376\377\000R\000e\000s\000o\000l\000v\000i\000n\000g\000\040\000t\000h\000e\000\040\000"\000S\000y\000m\000m\000e\000t\000r\000y\000\040\000D\000o\000e\000s\000\040\000N\000o\000t\000\040\000I\000m\000p\000l\000i\000e\000s\000\040\000A\000n\000a\000l\000y\000t\000i\000c\000i\000t\000y\000"\000\040\000F\000a\000l\000l\000a\000c\000y}{section.Alph51.4}% 1452
\BOOKMARK [2][-]{subsection.Alph51.4.17}{\376\377\000R\000e\000s\000o\000l\000v\000i\000n\000g\000\040\000t\000h\000e\000\040\000"\000S\000u\000b\000c\000r\000i\000t\000i\000c\000a\000l\000"\000\040\000R\000e\000g\000u\000l\000a\000r\000i\000t\000y\000\040\000F\000a\000l\000l\000a\000c\000y}{section.Alph51.4}% 1453
\BOOKMARK [2][-]{subsection.Alph51.4.18}{\376\377\000R\000e\000s\000o\000l\000v\000i\000n\000g\000\040\000t\000h\000e\000\040\000"\000G\000r\000i\000b\000o\000v\000\040\000H\000o\000r\000i\000z\000o\000n\000"\000\040\000C\000o\000n\000t\000r\000a\000d\000i\000c\000t\000i\000o\000n}{section.Alph51.4}% 1454
\BOOKMARK [2][-]{subsection.Alph51.4.19}{\376\377\000R\000e\000s\000o\000l\000v\000i\000n\000g\000\040\000t\000h\000e\000\040\000"\000F\000r\000e\000e\000\040\000E\000n\000e\000r\000g\000y\000\040\000v\000s\000.\000\040\000S\000p\000e\000c\000t\000r\000a\000l\000\040\000G\000a\000p\000"\000\040\000A\000n\000a\000l\000y\000t\000i\000c\000i\000t\000y\000\040\000E\000r\000r\000o\000r}{section.Alph51.4}% 1455
\BOOKMARK [2][-]{subsection.Alph51.4.20}{\376\377\000S\000u\000m\000m\000a\000r\000y\000\040\000o\000f\000\040\000R\000e\000q\000u\000i\000r\000e\000d\000\040\000F\000i\000x\000e\000s}{section.Alph51.4}% 1456
\BOOKMARK [2][-]{subsection.Alph51.4.21}{\376\377\000F\000i\000n\000a\000l\000\040\000V\000e\000r\000d\000i\000c\000t\000\040\000o\000n\000\040\000t\000h\000e\000\040\000M\000a\000n\000u\000s\000c\000r\000i\000p\000t}{section.Alph51.4}% 1457
\BOOKMARK [1][-]{section.Alph51.5}{\376\377\000R\000i\000g\000o\000r\000o\000u\000s\000\040\000D\000e\000r\000i\000v\000a\000t\000i\000o\000n\000s\000\040\000o\000f\000\040\000M\000a\000t\000h\000e\000m\000a\000t\000i\000c\000a\000l\000\040\000P\000a\000t\000c\000h\000e\000s}{appendix.Alph51}% 1458
\BOOKMARK [2][-]{subsection.Alph51.5.1}{\376\377\000P\000r\000o\000o\000f\000\040\000o\000f\000\040\000L\000o\000w\000e\000r\000\040\000B\000o\000u\000n\000d\000\040\000v\000i\000a\000\040\000T\000e\000m\000p\000l\000e\000'\000s\000\040\000I\000n\000e\000q\000u\000a\000l\000i\000t\000y}{section.Alph51.5}% 1459
\BOOKMARK [2][-]{subsection.Alph51.5.2}{\376\377\000P\000r\000o\000o\000f\000\040\000o\000f\000\040\000U\000n\000i\000f\000o\000r\000m\000\040\000L\000S\000I\000\040\000v\000i\000a\000\040\000R\000e\000n\000o\000r\000m\000a\000l\000i\000z\000a\000t\000i\000o\000n\000\040\000G\000r\000o\000u\000p}{section.Alph51.5}% 1460
\BOOKMARK [2][-]{subsection.Alph51.5.3}{\376\377\000P\000r\000o\000o\000f\000\040\000o\000f\000\040\000S\000t\000r\000i\000n\000g\000\040\000T\000e\000n\000s\000i\000o\000n\000\040\000v\000i\000a\000\040\000C\000o\000n\000t\000o\000u\000r\000\040\000E\000x\000p\000a\000n\000s\000i\000o\000n\000\040\000\050\000R\000e\000p\000l\000a\000c\000i\000n\000g\000\040\000G\000K\000S\000\051}{section.Alph51.5}% 1461
\BOOKMARK [2][-]{subsection.Alph51.5.4}{\376\377\000P\000r\000o\000o\000f\000\040\000o\000f\000\040\000t\000h\000e\000\040\000B\000a\000s\000e\000\040\000C\000a\000s\000e\000\040\000v\000i\000a\000\040\000H\000o\000l\000o\000m\000o\000r\000p\000h\000i\000c\000\040\000C\000o\000n\000t\000r\000a\000c\000t\000i\000o\000n}{section.Alph51.5}% 1462
\BOOKMARK [2][-]{subsection.Alph51.5.5}{\376\377\000P\000r\000o\000o\000f\000\040\000o\000f\000\040\000F\000i\000n\000i\000t\000e\000\040\000C\000u\000r\000v\000a\000t\000u\000r\000e\000\040\000v\000i\000a\000\040\000Z\000e\000t\000a\000\040\000R\000e\000g\000u\000l\000a\000r\000i\000z\000a\000t\000i\000o\000n}{section.Alph51.5}% 1463
\BOOKMARK [2][-]{subsection.Alph51.5.6}{\376\377\000R\000e\000s\000o\000l\000v\000i\000n\000g\000\040\000t\000h\000e\000\040\000G\000r\000i\000b\000o\000v\000\040\000A\000m\000b\000i\000g\000u\000i\000t\000y\000\040\000v\000i\000a\000\040\000S\000t\000o\000c\000h\000a\000s\000t\000i\000c\000\040\000Q\000u\000a\000n\000t\000i\000z\000a\000t\000i\000o\000n}{section.Alph51.5}% 1464
\BOOKMARK [2][-]{subsection.Alph51.5.7}{\376\377\000P\000r\000o\000o\000f\000\040\000o\000f\000\040\000P\000a\000r\000t\000i\000c\000l\000e\000\040\000E\000x\000i\000s\000t\000e\000n\000c\000e\000\040\000v\000i\000a\000\040\000N\000u\000c\000l\000e\000a\000r\000i\000t\000y}{section.Alph51.5}% 1465
\BOOKMARK [2][-]{subsection.Alph51.5.8}{\376\377\000P\000r\000o\000o\000f\000\040\000o\000f\000\040\000L\000o\000r\000e\000n\000t\000z\000\040\000I\000n\000v\000a\000r\000i\000a\000n\000c\000e\000\040\000v\000i\000a\000\040\000W\000a\000r\000d\000\040\000I\000d\000e\000n\000t\000i\000t\000i\000e\000s}{section.Alph51.5}% 1466
\BOOKMARK [2][-]{subsection.Alph51.5.9}{\376\377\000P\000r\000o\000o\000f\000\040\000o\000f\000\040\000G\000a\000p\000\040\000S\000t\000a\000b\000i\000l\000i\000t\000y\000\040\000v\000i\000a\000\040\000R\000e\000s\000o\000l\000v\000e\000n\000t\000\040\000E\000s\000t\000i\000m\000a\000t\000e\000s}{section.Alph51.5}% 1467
\BOOKMARK [2][-]{subsection.Alph51.5.10}{\376\377\000P\000r\000o\000o\000f\000\040\000o\000f\000\040\000C\000r\000i\000t\000i\000c\000a\000l\000\040\000R\000e\000g\000u\000l\000a\000r\000i\000t\000y\000\040\000v\000i\000a\000\040\000W\000e\000i\000g\000h\000t\000e\000d\000\040\000B\000e\000s\000o\000v\000\040\000S\000p\000a\000c\000e\000s}{section.Alph51.5}% 1468
\BOOKMARK [2][-]{subsection.Alph51.5.11}{\376\377\000S\000p\000e\000c\000t\000r\000a\000l\000\040\000T\000h\000e\000o\000r\000y\000\040\000o\000n\000\040\000t\000h\000e\000\040\000S\000t\000r\000a\000t\000i\000f\000i\000e\000d\000\040\000Q\000u\000o\000t\000i\000e\000n\000t\000\040\000S\000p\000a\000c\000e}{section.Alph51.5}% 1469
\BOOKMARK [2][-]{subsection.Alph51.5.12}{\376\377\000T\000h\000e\000\040\000F\000a\000c\000t\000o\000r\000i\000a\000l\000\040\000G\000r\000o\000w\000t\000h\000\040\000B\000o\000u\000n\000d\000\040\000\050\000T\000e\000m\000p\000e\000r\000e\000d\000n\000e\000s\000s\000\051}{section.Alph51.5}% 1470
\BOOKMARK [2][-]{subsection.Alph51.5.13}{\376\377\000L\000a\000r\000g\000e\000\040\000F\000i\000e\000l\000d\000\040\000S\000t\000a\000b\000i\000l\000i\000t\000y\000\040\000v\000i\000a\000\040\000C\000o\000n\000v\000e\000x\000i\000t\000y\000\040\000B\000o\000u\000n\000d\000s}{section.Alph51.5}% 1471
\BOOKMARK [2][-]{subsection.Alph51.5.14}{\376\377\000V\000a\000c\000u\000u\000m\000\040\000U\000n\000i\000q\000u\000e\000n\000e\000s\000s\000\040\000v\000i\000a\000\040\000C\000l\000u\000s\000t\000e\000r\000\040\000E\000x\000p\000a\000n\000s\000i\000o\000n}{section.Alph51.5}% 1472
\BOOKMARK [2][-]{subsection.Alph51.5.15}{\376\377\000N\000o\000r\000m\000\040\000R\000e\000s\000o\000l\000v\000e\000n\000t\000\040\000C\000o\000n\000v\000e\000r\000g\000e\000n\000c\000e\000\040\000\050\000T\000h\000e\000\040\000"\000S\000p\000e\000c\000t\000r\000a\000l\000\040\000B\000r\000i\000d\000g\000e\000"\000\051}{section.Alph51.5}% 1473
\BOOKMARK [2][-]{subsection.Alph51.5.16}{\376\377\000F\000i\000n\000a\000l\000\040\000C\000h\000e\000c\000k\000l\000i\000s\000t\000\040\000f\000o\000r\000\040\000t\000h\000e\000\040\000"\000P\000e\000r\000f\000e\000c\000t\000"\000\040\000P\000r\000o\000o\000f}{section.Alph51.5}% 1474
\BOOKMARK [2][-]{subsection.Alph51.5.17}{\376\377\000R\000e\000n\000o\000r\000m\000a\000l\000i\000z\000a\000t\000i\000o\000n\000\040\000o\000f\000\040\000t\000h\000e\000\040\000W\000i\000l\000s\000o\000n\000\040\000L\000o\000o\000p\000\040\000\050\000P\000e\000r\000i\000m\000e\000t\000e\000r\000\040\000S\000u\000b\000t\000r\000a\000c\000t\000i\000o\000n\000\051}{section.Alph51.5}% 1475
\BOOKMARK [2][-]{subsection.Alph51.5.18}{\376\377\000S\000c\000a\000l\000e\000\040\000S\000e\000t\000t\000i\000n\000g\000\040\000v\000i\000a\000\040\000R\000e\000n\000o\000r\000m\000a\000l\000i\000z\000e\000d\000\040\000C\000o\000u\000p\000l\000i\000n\000g\000\040\000\050\000B\000r\000e\000a\000k\000i\000n\000g\000\040\000t\000h\000e\000\040\000C\000i\000r\000c\000u\000l\000a\000r\000i\000t\000y\000\051}{section.Alph51.5}% 1476
\BOOKMARK [2][-]{subsection.Alph51.5.19}{\376\377\000T\000h\000e\000\040\000"\000S\000p\000i\000n\000-\0000\000"\000\040\000G\000l\000u\000e\000b\000a\000l\000l\000\040\000T\000h\000e\000o\000r\000e\000m}{section.Alph51.5}% 1477
\BOOKMARK [2][-]{subsection.Alph51.5.20}{\376\377\000C\000o\000n\000t\000i\000n\000u\000u\000m\000\040\000L\000i\000m\000i\000t\000\040\000o\000f\000\040\000t\000h\000e\000\040\000S\000c\000a\000l\000e\000d\000\040\000M\000a\000s\000s\000\040\000G\000a\000p}{section.Alph51.5}% 1478
\BOOKMARK [2][-]{subsection.Alph51.5.21}{\376\377\000P\000r\000o\000o\000f\000\040\000o\000f\000\040\000V\000a\000c\000u\000u\000m\000\040\000U\000n\000i\000q\000u\000e\000n\000e\000s\000s\000\040\000v\000i\000a\000\040\000C\000l\000u\000s\000t\000e\000r\000\040\000D\000e\000c\000o\000m\000p\000o\000s\000i\000t\000i\000o\000n}{section.Alph51.5}% 1479
\BOOKMARK [2][-]{subsection.Alph51.5.22}{\376\377\000R\000i\000g\000o\000r\000o\000u\000s\000\040\000D\000e\000r\000i\000v\000a\000t\000i\000o\000n\000\040\000o\000f\000\040\000t\000h\000e\000\040\000L\000\374\000s\000c\000h\000e\000r\000\040\000T\000e\000r\000m\000\040\000\050\000U\000n\000i\000v\000e\000r\000s\000a\000l\000\040\000S\000c\000a\000l\000i\000n\000g\000\051}{section.Alph51.5}% 1480
\BOOKMARK [2][-]{subsection.Alph51.5.23}{\376\377\000R\000i\000g\000o\000r\000o\000u\000s\000\040\000D\000e\000c\000o\000u\000p\000l\000i\000n\000g\000\040\000T\000h\000e\000o\000r\000e\000m\000\040\000\050\000T\000h\000e\000\040\000"\000H\000e\000a\000v\000y\000\040\000M\000a\000s\000s\000"\000\040\000L\000i\000m\000i\000t\000\051}{section.Alph51.5}% 1481
\BOOKMARK [2][-]{subsection.Alph51.5.24}{\376\377\000T\000h\000e\000\040\000C\000o\000m\000b\000e\000s\000-\000T\000h\000o\000m\000a\000s\000\040\000B\000o\000u\000n\000d\000\040\000\050\000L\000o\000c\000a\000l\000i\000z\000a\000t\000i\000o\000n\000\040\000o\000f\000\040\000S\000t\000a\000t\000e\000s\000\051}{section.Alph51.5}% 1482
\BOOKMARK [2][-]{subsection.Alph51.5.25}{\376\377\000O\000l\000l\000i\000v\000i\000e\000r\000-\000R\000i\000c\000c\000i\000\040\000C\000u\000r\000v\000a\000t\000u\000r\000e\000\040\000\050\000D\000i\000s\000c\000r\000e\000t\000e\000\040\000G\000e\000o\000m\000e\000t\000r\000i\000c\000\040\000G\000a\000p\000\051}{section.Alph51.5}% 1483
\BOOKMARK [2][-]{subsection.Alph51.5.26}{\376\377\000T\000h\000e\000\040\000F\000r\000e\000d\000e\000n\000h\000a\000g\000e\000n\000-\000M\000a\000r\000c\000u\000\040\000O\000r\000d\000e\000r\000\040\000P\000a\000r\000a\000m\000e\000t\000e\000r\000\040\000\050\000F\000i\000x\000i\000n\000g\000\040\000t\000h\000e\000\040\000"\000S\000c\000r\000e\000e\000n\000i\000n\000g\000"\000\040\000E\000r\000r\000o\000r\000\051}{section.Alph51.5}% 1484
\BOOKMARK [2][-]{subsection.Alph51.5.27}{\376\377\000T\000h\000e\000\040\000F\000a\000c\000t\000o\000r\000i\000a\000l\000\040\000G\000r\000o\000w\000t\000h\000\040\000B\000o\000u\000n\000d\000\040\000\050\000F\000i\000x\000i\000n\000g\000\040\000"\000A\000x\000i\000o\000m\000\040\0000\000"\000\051}{section.Alph51.5}% 1485
\BOOKMARK [2][-]{subsection.Alph51.5.28}{\376\377\000F\000i\000n\000i\000t\000e\000\040\000V\000o\000l\000u\000m\000e\000\040\000L\000\374\000s\000c\000h\000e\000r\000\040\000C\000o\000r\000r\000e\000c\000t\000i\000o\000n\000s\000\040\000\050\000T\000h\000e\000\040\000"\000T\000h\000e\000r\000m\000o\000d\000y\000n\000a\000m\000i\000c\000"\000\040\000F\000i\000x\000\051}{section.Alph51.5}% 1486
\BOOKMARK [2][-]{subsection.Alph51.5.29}{\376\377\000R\000i\000g\000o\000r\000o\000u\000s\000\040\000C\000o\000n\000t\000r\000o\000l\000\040\000o\000f\000\040\000A\000d\000j\000o\000i\000n\000t\000\040\000F\000e\000r\000m\000i\000o\000n\000\040\000Q\000u\000a\000s\000i\000-\000L\000o\000c\000a\000l\000i\000t\000y}{section.Alph51.5}% 1487
\BOOKMARK [2][-]{subsection.Alph51.5.30}{\376\377\000T\000h\000e\000\040\000I\000n\000f\000r\000a\000r\000e\000d\000\040\000B\000o\000u\000n\000d\000\040\000\050\000F\000i\000x\000i\000n\000g\000\040\000"\000S\000p\000e\000c\000t\000r\000a\000l\000\040\000D\000e\000n\000s\000i\000t\000y\000"\000\051}{section.Alph51.5}% 1488
\BOOKMARK [2][-]{subsection.Alph51.5.31}{\376\377\000T\000h\000e\000\040\000K\000\344\000l\000l\000\351\000n\000-\000L\000e\000h\000m\000a\000n\000n\000\040\000R\000e\000p\000r\000e\000s\000e\000n\000t\000a\000t\000i\000o\000n\000\040\000\050\000F\000i\000x\000i\000n\000g\000\040\000"\000P\000h\000y\000s\000i\000c\000a\000l\000\040\000M\000a\000s\000s\000"\000\051}{section.Alph51.5}% 1489
\BOOKMARK [2][-]{subsection.Alph51.5.32}{\376\377\000T\000h\000e\000\040\000D\000y\000s\000o\000n\000-\000S\000c\000h\000w\000i\000n\000g\000e\000r\000\040\000E\000q\000u\000a\000t\000i\000o\000n\000s\000\040\000\050\000F\000i\000x\000i\000n\000g\000\040\000"\000D\000y\000n\000a\000m\000i\000c\000s\000"\000\051}{section.Alph51.5}% 1490
\BOOKMARK [2][-]{subsection.Alph51.5.33}{\376\377\000C\000o\000n\000s\000t\000r\000u\000c\000t\000i\000o\000n\000\040\000o\000f\000\040\000t\000h\000e\000\040\000E\000n\000e\000r\000g\000y\000-\000M\000o\000m\000e\000n\000t\000u\000m\000\040\000T\000e\000n\000s\000o\000r\000\040\000\050\000F\000i\000x\000i\000n\000g\000\040\000"\000R\000e\000l\000a\000t\000i\000v\000i\000t\000y\000"\000\051}{section.Alph51.5}% 1491
\BOOKMARK [2][-]{subsection.Alph51.5.34}{\376\377\000T\000h\000e\000\040\000L\000a\000t\000t\000i\000c\000e\000\040\000W\000i\000t\000t\000e\000n\000\040\000I\000n\000d\000e\000x\000\040\000T\000h\000e\000o\000r\000e\000m\000\040\000\050\000F\000i\000x\000i\000n\000g\000\040\000"\000T\000h\000e\000\040\000A\000n\000c\000h\000o\000r\000"\000\051}{section.Alph51.5}% 1492
\BOOKMARK [2][-]{subsection.Alph51.5.35}{\376\377\000T\000h\000e\000\040\000S\000p\000e\000c\000t\000r\000a\000l\000\040\000F\000l\000o\000w\000\040\000T\000h\000e\000o\000r\000e\000m\000\040\000\050\000F\000i\000x\000i\000n\000g\000\040\000"\000A\000d\000j\000o\000i\000n\000t\000\040\000Z\000e\000r\000o\000\040\000M\000o\000d\000e\000s\000"\000\051}{section.Alph51.5}% 1493
\BOOKMARK [2][-]{subsection.Alph51.5.36}{\376\377\000H\000y\000p\000o\000c\000o\000e\000r\000c\000i\000v\000i\000t\000y\000\040\000o\000f\000\040\000t\000h\000e\000\040\000L\000a\000n\000g\000e\000v\000i\000n\000\040\000P\000r\000o\000c\000e\000s\000s\000\040\000\050\000F\000i\000x\000i\000n\000g\000\040\000"\000S\000t\000o\000c\000h\000a\000s\000t\000i\000c\000\040\000C\000o\000n\000v\000e\000r\000g\000e\000n\000c\000e\000"\000\051}{section.Alph51.5}% 1494
\BOOKMARK [2][-]{subsection.Alph51.5.37}{\376\377\000T\000h\000e\000\040\000P\000a\000r\000t\000i\000c\000l\000e\000\040\000S\000t\000r\000u\000c\000t\000u\000r\000e\000\040\000C\000l\000u\000s\000t\000e\000r\000\040\000E\000x\000p\000a\000n\000s\000i\000o\000n\000\040\000\050\000F\000i\000x\000i\000n\000g\000\040\000"\000T\000h\000e\000\040\000M\000a\000s\000s\000\040\000S\000h\000e\000l\000l\000"\000\051}{section.Alph51.5}% 1495
\BOOKMARK [2][-]{subsection.Alph51.5.38}{\376\377\000R\000e\000s\000u\000r\000g\000e\000n\000t\000\040\000A\000n\000a\000l\000y\000s\000i\000s\000\040\000o\000f\000\040\000t\000h\000e\000\040\000B\000e\000t\000a\000\040\000F\000u\000n\000c\000t\000i\000o\000n\000\040\000\050\000F\000i\000x\000i\000n\000g\000\040\000"\000E\000s\000s\000e\000n\000t\000i\000a\000l\000\040\000S\000i\000n\000g\000u\000l\000a\000r\000i\000t\000y\000"\000\051}{section.Alph51.5}% 1496
\BOOKMARK [2][-]{subsection.Alph51.5.39}{\376\377\000T\000h\000e\000\040\000U\000p\000p\000e\000r\000\040\000G\000a\000p\000\040\000P\000r\000o\000p\000e\000r\000t\000y\000\040\000\050\000F\000i\000x\000i\000n\000g\000\040\000"\000P\000a\000r\000t\000i\000c\000l\000e\000\040\000I\000s\000o\000l\000a\000t\000i\000o\000n\000"\000\051}{section.Alph51.5}% 1497
\BOOKMARK [2][-]{subsection.Alph51.5.40}{\376\377\000C\000o\000r\000r\000e\000c\000t\000i\000o\000n\000:\000\040\000C\000e\000n\000t\000e\000r\000\040\000S\000y\000m\000m\000e\000t\000r\000y\000\040\000a\000n\000d\000\040\000E\000l\000i\000t\000z\000u\000r\000'\000s\000\040\000T\000h\000e\000o\000r\000e\000m}{section.Alph51.5}% 1498
\BOOKMARK [2][-]{subsection.Alph51.5.41}{\376\377\000F\000i\000n\000i\000t\000e\000\040\000T\000e\000m\000p\000e\000r\000a\000t\000u\000r\000e\000\040\000C\000o\000m\000p\000a\000t\000i\000b\000i\000l\000i\000t\000y\000\040\000\050\000A\000v\000o\000i\000d\000i\000n\000g\000\040\000t\000h\000e\000\040\000"\000H\000i\000g\000h\000-\000T\000\040\000G\000a\000p\000"\000\040\000F\000a\000l\000l\000a\000c\000y\000\051}{section.Alph51.5}% 1499
\BOOKMARK [2][-]{subsection.Alph51.5.42}{\376\377\000L\000a\000r\000g\000e\000\040\000N\000\040\000C\000o\000n\000s\000i\000s\000t\000e\000n\000c\000y\000\040\000C\000h\000e\000c\000k\000\040\000\050\000T\000h\000e\000\040\000"\000'\000t\000\040\000H\000o\000o\000f\000t\000\040\000L\000i\000m\000i\000t\000"\000\051}{section.Alph51.5}% 1500
\BOOKMARK [1][-]{section.Alph51.6}{\376\377\000F\000i\000n\000a\000l\000\040\000"\000D\000i\000a\000m\000o\000n\000d\000\040\000S\000t\000a\000n\000d\000a\000r\000d\000"\000\040\000C\000o\000m\000p\000l\000e\000t\000i\000o\000n}{appendix.Alph51}% 1501
\BOOKMARK [0][-]{appendix.Alph52}{\376\377\000R\000e\000s\000p\000o\000n\000s\000e\000s\000\040\000t\000o\000\040\000T\000e\000c\000h\000n\000i\000c\000a\000l\000\040\000Q\000u\000e\000r\000i\000e\000s}{theorem.N.1.10}% 1502
\BOOKMARK [1][-]{section.Alph52.1}{\376\377\000R\000e\000s\000p\000o\000n\000s\000e\000\040\000t\000o\000\040\000C\000r\000i\000t\000i\000c\000a\000l\000\040\000R\000e\000v\000i\000e\000w\000:\000\040\000R\000i\000g\000o\000r\000o\000u\000s\000\040\000M\000a\000t\000h\000e\000m\000a\000t\000i\000c\000a\000l\000\040\000A\000n\000a\000l\000y\000s\000i\000s}{appendix.Alph52}% 1503
\BOOKMARK [2][-]{subsection.Alph52.1.1}{\376\377\000C\000h\000a\000l\000l\000e\000n\000g\000e\000\040\0001\000:\000\040\000T\000h\000e\000\040\000"\000L\000i\000q\000u\000i\000d\000-\000G\000a\000s\000"\000\040\000P\000h\000a\000s\000e\000\040\000T\000r\000a\000n\000s\000i\000t\000i\000o\000n\000\040\000\050\000A\000d\000j\000o\000i\000n\000t\000\040\000A\000n\000a\000l\000y\000t\000i\000c\000i\000t\000y\000\051}{section.Alph52.1}% 1504
\BOOKMARK [2][-]{subsection.Alph52.1.2}{\376\377\000C\000h\000a\000l\000l\000e\000n\000g\000e\000\040\0002\000:\000\040\000I\000n\000d\000u\000c\000e\000d\000\040\000B\000o\000u\000n\000d\000a\000r\000y\000\040\000I\000n\000t\000e\000r\000a\000c\000t\000i\000o\000n\000s\000\040\000\050\000C\000o\000n\000d\000i\000t\000i\000o\000n\000a\000l\000\040\000T\000e\000n\000s\000o\000r\000i\000z\000a\000t\000i\000o\000n\000\051}{section.Alph52.1}% 1505
\BOOKMARK [2][-]{subsection.Alph52.1.3}{\376\377\000C\000h\000a\000l\000l\000e\000n\000g\000e\000\040\0003\000:\000\040\000S\000i\000n\000g\000u\000l\000a\000r\000i\000t\000i\000e\000s\000\040\000i\000n\000\040\000t\000h\000e\000\040\000Q\000u\000o\000t\000i\000e\000n\000t\000\040\000S\000p\000a\000c\000e}{section.Alph52.1}% 1506
\BOOKMARK [2][-]{subsection.Alph52.1.4}{\376\377\000C\000h\000a\000l\000l\000e\000n\000g\000e\000\040\0004\000:\000\040\000C\000o\000h\000e\000r\000e\000n\000c\000e\000\040\000o\000f\000\040\000t\000h\000e\000\040\000M\000a\000t\000h\000e\000m\000a\000t\000i\000c\000a\000l\000\040\000F\000r\000a\000m\000e\000w\000o\000r\000k}{section.Alph52.1}% 1507
\BOOKMARK [1][-]{section.Alph52.2}{\376\377\000C\000o\000n\000c\000l\000u\000s\000i\000o\000n\000:\000\040\000R\000i\000g\000o\000r\000o\000u\000s\000\040\000S\000t\000a\000t\000u\000s\000\040\000o\000f\000\040\000t\000h\000e\000\040\000P\000r\000o\000o\000f}{appendix.Alph52}% 1508
\BOOKMARK [1][-]{section.Alph52.3}{\376\377\000V\000e\000r\000i\000f\000i\000c\000a\000t\000i\000o\000n\000\040\000o\000f\000\040\000C\000r\000i\000t\000i\000c\000a\000l\000\040\000E\000s\000t\000i\000m\000a\000t\000e\000s}{appendix.Alph52}% 1509
\BOOKMARK [2][-]{subsection.Alph52.3.1}{\376\377\000E\000x\000p\000l\000i\000c\000i\000t\000\040\000N\000u\000m\000e\000r\000i\000c\000a\000l\000\040\000B\000o\000u\000n\000d\000s\000\040\000f\000o\000r\000\040\000S\000U\000\050\0002\000\051\000\040\000a\000n\000d\000\040\000S\000U\000\050\0003\000\051}{section.Alph52.3}% 1510
\BOOKMARK [2][-]{subsection.Alph52.3.2}{\376\377\000I\000n\000t\000e\000r\000m\000e\000d\000i\000a\000t\000e\000\040\000C\000o\000u\000p\000l\000i\000n\000g\000:\000\040\000E\000x\000p\000l\000i\000c\000i\000t\000\040\000C\000h\000e\000e\000g\000e\000r\000\040\000B\000o\000u\000n\000d}{section.Alph52.3}% 1511
\BOOKMARK [2][-]{subsection.Alph52.3.3}{\376\377\000C\000o\000n\000t\000i\000n\000u\000u\000m\000\040\000L\000i\000m\000i\000t\000\040\000H\000\366\000l\000d\000e\000r\000\040\000E\000s\000t\000i\000m\000a\000t\000e\000:\000\040\000D\000e\000t\000a\000i\000l\000e\000d\000\040\000D\000e\000r\000i\000v\000a\000t\000i\000o\000n}{section.Alph52.3}% 1512
\BOOKMARK [2][-]{subsection.Alph52.3.4}{\376\377\000G\000i\000l\000e\000s\000-\000T\000e\000p\000e\000r\000\040\000D\000e\000r\000i\000v\000a\000t\000i\000o\000n\000:\000\040\000O\000p\000e\000r\000a\000t\000o\000r\000-\000T\000h\000e\000o\000r\000e\000t\000i\000c\000\040\000J\000u\000s\000t\000i\000f\000i\000c\000a\000t\000i\000o\000n}{section.Alph52.3}% 1513
\BOOKMARK [2][-]{subsection.Alph52.3.5}{\376\377\000B\000a\000l\000a\000b\000a\000n\000'\000s\000\040\000B\000o\000u\000n\000d\000s\000:\000\040\000P\000r\000e\000c\000i\000s\000e\000\040\000C\000i\000t\000a\000t\000i\000o\000n\000s}{section.Alph52.3}% 1514
\BOOKMARK [2][-]{subsection.Alph52.3.6}{\376\377\000M\000u\000l\000t\000i\000-\000S\000c\000a\000l\000e\000\040\000E\000n\000t\000r\000o\000p\000y\000:\000\040\000E\000x\000p\000l\000i\000c\000i\000t\000\040\000B\000o\000o\000t\000s\000t\000r\000a\000p\000\040\000C\000o\000n\000s\000t\000a\000n\000t\000s}{section.Alph52.3}% 1515
\BOOKMARK [2][-]{subsection.Alph52.3.7}{\376\377\000R\000P\000\040\000M\000o\000n\000o\000t\000o\000n\000i\000c\000i\000t\000y\000:\000\040\000A\000t\000t\000r\000i\000b\000u\000t\000i\000o\000n\000\040\000V\000e\000r\000i\000f\000i\000c\000a\000t\000i\000o\000n}{section.Alph52.3}% 1516
\BOOKMARK [2][-]{subsection.Alph52.3.8}{\376\377\000S\000u\000m\000m\000a\000r\000y\000\040\000o\000f\000\040\000R\000e\000s\000p\000o\000n\000s\000e\000s}{section.Alph52.3}% 1517
\BOOKMARK [1][-]{section.Alph52.4}{\376\377\000A\000d\000d\000e\000n\000d\000u\000m\000:\000\040\000A\000d\000d\000r\000e\000s\000s\000i\000n\000g\000\040\000S\000p\000e\000c\000i\000f\000i\000c\000\040\000C\000o\000n\000c\000e\000r\000n\000s\000\040\000f\000r\000o\000m\000\040\000C\000o\000m\000p\000r\000e\000h\000e\000n\000s\000i\000v\000e\000\040\000R\000e\000v\000i\000e\000w}{appendix.Alph52}% 1518
\BOOKMARK [2][-]{subsection.Alph52.4.1}{\376\377\000U\000n\000i\000f\000o\000r\000m\000-\000i\000n\000-\000L\000\040\000B\000o\000u\000n\000d\000s\000\040\000a\000n\000d\000\040\000R\000P\000\040\000M\000o\000n\000o\000t\000o\000n\000i\000c\000i\000t\000y}{section.Alph52.4}% 1519
\BOOKMARK [2][-]{subsection.Alph52.4.2}{\376\377\000C\000o\000n\000t\000i\000n\000u\000u\000m\000\040\000L\000i\000m\000i\000t\000\040\000C\000i\000r\000c\000u\000l\000a\000r\000i\000t\000y}{section.Alph52.4}% 1520
\BOOKMARK [2][-]{subsection.Alph52.4.3}{\376\377\000W\000e\000a\000k\000\040\000C\000o\000u\000p\000l\000i\000n\000g\000\040\000R\000e\000g\000i\000m\000e\000\040\000a\000n\000d\000\040\000M\000u\000l\000t\000i\000-\000S\000c\000a\000l\000e\000\040\000E\000n\000t\000r\000o\000p\000y}{section.Alph52.4}% 1521
\BOOKMARK [2][-]{subsection.Alph52.4.4}{\376\377\000C\000l\000a\000r\000i\000f\000i\000c\000a\000t\000i\000o\000n\000\040\000o\000f\000\040\000D\000e\000p\000e\000n\000d\000e\000n\000c\000i\000e\000s}{section.Alph52.4}% 1522
\BOOKMARK [2][-]{subsection.Alph52.4.5}{\376\377\000C\000o\000n\000s\000o\000l\000i\000d\000a\000t\000e\000d\000\040\000P\000r\000o\000o\000f\000\040\000A\000r\000c\000h\000i\000t\000e\000c\000t\000u\000r\000e}{section.Alph52.4}% 1523
\BOOKMARK [2][-]{subsection.Alph52.4.6}{\376\377\000T\000e\000c\000h\000n\000i\000c\000a\000l\000\040\000G\000a\000p\000s\000\040\000i\000n\000\040\000t\000h\000e\000\040\000G\000i\000l\000e\000s\000-\000T\000e\000p\000e\000r\000\040\000B\000o\000u\000n\000d}{section.Alph52.4}% 1524
\BOOKMARK [1][-]{section.Alph52.5}{\376\377\000R\000e\000s\000p\000o\000n\000s\000e\000\040\000t\000o\000\040\000C\000o\000m\000p\000r\000e\000h\000e\000n\000s\000i\000v\000e\000\040\000R\000e\000v\000i\000e\000w\000\040\000\050\000D\000e\000c\000e\000m\000b\000e\000r\000\040\0002\0000\0002\0005\000\051}{appendix.Alph52}% 1525
\BOOKMARK [2][-]{subsection.Alph52.5.1}{\376\377\000T\000h\000e\000\040\000"\000L\000i\000q\000u\000i\000d\000-\000G\000a\000s\000"\000\040\000P\000r\000o\000b\000l\000e\000m\000\040\000i\000n\000\040\000A\000d\000j\000o\000i\000n\000t\000\040\000I\000n\000t\000e\000r\000p\000o\000l\000a\000t\000i\000o\000n}{section.Alph52.5}% 1526
\BOOKMARK [2][-]{subsection.Alph52.5.2}{\376\377\000U\000n\000i\000f\000o\000r\000m\000i\000t\000y\000\040\000o\000f\000\040\000t\000h\000e\000\040\000L\000o\000g\000-\000S\000o\000b\000o\000l\000e\000v\000\040\000I\000n\000e\000q\000u\000a\000l\000i\000t\000y\000\040\000\050\000L\000S\000I\000\051}{section.Alph52.5}% 1527
\BOOKMARK [2][-]{subsection.Alph52.5.3}{\376\377\000T\000h\000e\000\040\000G\000i\000l\000e\000s\000-\000T\000e\000p\000e\000r\000\040\000C\000o\000n\000s\000t\000a\000n\000t\000:\000\040\000R\000i\000g\000o\000r\000o\000u\000s\000\040\000L\000o\000w\000e\000r\000\040\000B\000o\000u\000n\000d}{section.Alph52.5}% 1528
\BOOKMARK [2][-]{subsection.Alph52.5.4}{\376\377\000U\000l\000t\000r\000a\000v\000i\000o\000l\000e\000t\000\040\000S\000t\000a\000b\000i\000l\000i\000t\000y\000\040\000a\000n\000d\000\040\000B\000a\000l\000a\000b\000a\000n\000'\000s\000\040\000T\000h\000e\000o\000r\000e\000m\000s}{section.Alph52.5}% 1529
\BOOKMARK [0][-]{appendix.Alph53}{\376\377\000C\000o\000m\000p\000u\000t\000e\000r\000-\000A\000s\000s\000i\000s\000t\000e\000d\000\040\000V\000e\000r\000i\000f\000i\000c\000a\000t\000i\000o\000n}{theorem.N.1.10}% 1530
\BOOKMARK [1][-]{section.Alph53.1}{\376\377\000C\000o\000m\000p\000u\000t\000e\000r\000-\000V\000e\000r\000i\000f\000i\000a\000b\000l\000e\000\040\000B\000o\000u\000n\000d\000s}{appendix.Alph53}% 1531
\BOOKMARK [2][-]{subsection.Alph53.1.1}{\376\377\000P\000a\000r\000t\000\040\000A\000:\000\040\000B\000e\000s\000s\000e\000l\000\040\000F\000u\000n\000c\000t\000i\000o\000n\000\040\000I\000n\000e\000q\000u\000a\000l\000i\000t\000i\000e\000s}{section.Alph53.1}% 1532
\BOOKMARK [2][-]{subsection.Alph53.1.2}{\376\377\000P\000a\000r\000t\000\040\000B\000:\000\040\000L\000S\000I\000\040\000C\000o\000n\000s\000t\000a\000n\000t\000s}{section.Alph53.1}% 1533
\BOOKMARK [2][-]{subsection.Alph53.1.3}{\376\377\000P\000a\000r\000t\000\040\000C\000:\000\040\000G\000i\000l\000e\000s\000-\000T\000e\000p\000e\000r\000\040\000C\000o\000n\000s\000t\000a\000n\000t\000s}{section.Alph53.1}% 1534
\BOOKMARK [2][-]{subsection.Alph53.1.4}{\376\377\000P\000a\000r\000t\000\040\000D\000:\000\040\000C\000o\000u\000p\000l\000i\000n\000g\000\040\000R\000e\000g\000i\000m\000e\000\040\000B\000o\000u\000n\000d\000a\000r\000i\000e\000s}{section.Alph53.1}% 1535
\BOOKMARK [2][-]{subsection.Alph53.1.5}{\376\377\000P\000a\000r\000t\000\040\000E\000:\000\040\000A\000s\000y\000m\000p\000t\000o\000t\000i\000c\000\040\000F\000r\000e\000e\000d\000o\000m\000\040\000C\000o\000e\000f\000f\000i\000c\000i\000e\000n\000t\000s}{section.Alph53.1}% 1536
\BOOKMARK [2][-]{subsection.Alph53.1.6}{\376\377\000P\000a\000r\000t\000\040\000F\000:\000\040\000V\000e\000r\000i\000f\000i\000c\000a\000t\000i\000o\000n\000\040\000C\000h\000e\000c\000k\000l\000i\000s\000t}{section.Alph53.1}% 1537
\BOOKMARK [2][-]{subsection.Alph53.1.7}{\376\377\000P\000a\000r\000t\000\040\000G\000:\000\040\000S\000a\000m\000p\000l\000e\000\040\000V\000e\000r\000i\000f\000i\000c\000a\000t\000i\000o\000n\000\040\000C\000o\000d\000e}{section.Alph53.1}% 1538
\BOOKMARK [0][-]{appendix.Alph54}{\376\377\000S\000u\000m\000m\000a\000r\000y\000\040\000o\000f\000\040\000R\000e\000s\000u\000l\000t\000s\000\040\000a\000n\000d\000\040\000S\000t\000a\000t\000u\000s}{theorem.N.1.10}% 1539
\BOOKMARK [1][-]{section.Alph54.1}{\376\377\000C\000o\000m\000p\000l\000e\000t\000e\000\040\000R\000e\000s\000o\000l\000u\000t\000i\000o\000n\000\040\000o\000f\000\040\000C\000r\000i\000t\000i\000c\000a\000l\000\040\000M\000a\000t\000h\000e\000m\000a\000t\000i\000c\000a\000l\000\040\000O\000b\000s\000t\000r\000u\000c\000t\000i\000o\000n\000s}{appendix.Alph54}% 1540
\BOOKMARK [2][-]{subsection.Alph54.1.1}{\376\377\000E\000x\000e\000c\000u\000t\000i\000v\000e\000\040\000S\000u\000m\000m\000a\000r\000y}{section.Alph54.1}% 1541
\BOOKMARK [2][-]{subsection.Alph54.1.2}{\376\377\000R\000e\000s\000o\000l\000u\000t\000i\000o\000n\000\040\0001\000:\000\040\000A\000d\000j\000o\000i\000n\000t\000\040\000F\000e\000r\000m\000i\000o\000n\000\040\000N\000o\000n\000-\000L\000o\000c\000a\000l\000i\000t\000y\000\040\000C\000o\000n\000t\000r\000o\000l}{section.Alph54.1}% 1542
\BOOKMARK [2][-]{subsection.Alph54.1.3}{\376\377\000R\000e\000s\000o\000l\000u\000t\000i\000o\000n\000\040\0002\000:\000\040\000C\000o\000n\000d\000i\000t\000i\000o\000n\000a\000l\000\040\000T\000e\000n\000s\000o\000r\000i\000z\000a\000t\000i\000o\000n\000\040\000B\000o\000u\000n\000d\000a\000r\000y\000\040\000P\000r\000o\000b\000l\000e\000m}{section.Alph54.1}% 1543
\BOOKMARK [2][-]{subsection.Alph54.1.4}{\376\377\000C\000o\000m\000b\000i\000n\000e\000d\000\040\000R\000e\000s\000o\000l\000u\000t\000i\000o\000n\000:\000\040\000S\000t\000a\000t\000u\000s\000\040\000U\000p\000d\000a\000t\000e}{section.Alph54.1}% 1544
\BOOKMARK [2][-]{subsection.Alph54.1.5}{\376\377\000R\000e\000m\000a\000i\000n\000i\000n\000g\000\040\000T\000e\000c\000h\000n\000i\000c\000a\000l\000\040\000W\000o\000r\000k}{section.Alph54.1}% 1545
\BOOKMARK [2][-]{subsection.Alph54.1.6}{\376\377\000C\000o\000m\000p\000a\000r\000i\000s\000o\000n\000\040\000w\000i\000t\000h\000\040\000L\000i\000t\000e\000r\000a\000t\000u\000r\000e}{section.Alph54.1}% 1546
\BOOKMARK [2][-]{subsection.Alph54.1.7}{\376\377\000I\000m\000p\000l\000i\000c\000a\000t\000i\000o\000n\000s\000\040\000f\000o\000r\000\040\000t\000h\000e\000\040\000M\000a\000s\000s\000\040\000G\000a\000p\000\040\000P\000r\000o\000b\000l\000e\000m}{section.Alph54.1}% 1547
\BOOKMARK [2][-]{subsection.Alph54.1.8}{\376\377\000C\000o\000n\000c\000l\000u\000s\000i\000o\000n}{section.Alph54.1}% 1548
\BOOKMARK [1][-]{section.Alph54.2}{\376\377\000F\000i\000n\000a\000l\000\040\000S\000y\000n\000t\000h\000e\000s\000i\000s\000:\000\040\000T\000h\000e\000\040\000N\000o\000n\000-\000P\000e\000r\000t\000u\000r\000b\000a\000t\000i\000v\000e\000\040\000C\000o\000n\000t\000i\000n\000u\000u\000m\000\040\000L\000i\000m\000i\000t\000\040\000F\000r\000a\000m\000e\000w\000o\000r\000k}{appendix.Alph54}% 1549
\BOOKMARK [0][-]{appendix.Alph55}{\376\377\000F\000o\000u\000n\000d\000a\000t\000i\000o\000n\000a\000l\000\040\000T\000e\000c\000h\000n\000i\000c\000a\000l\000\040\000A\000p\000p\000e\000n\000d\000i\000c\000e\000s}{theorem.N.1.10}% 1550
\BOOKMARK [0][-]{appendix.Alph56}{\376\377\000A\000p\000p\000e\000n\000d\000i\000x\000\040\000A\000:\000\040\000E\000x\000p\000l\000i\000c\000i\000t\000\040\000I\000n\000t\000e\000r\000v\000a\000l\000\040\000A\000r\000i\000t\000h\000m\000e\000t\000i\000c\000\040\000V\000e\000r\000i\000f\000i\000c\000a\000t\000i\000o\000n\000\040\000o\000f\000\040\000t\000h\000e\000\040\000M\000a\000s\000s\000\040\000G\000a\000p}{theorem.N.1.10}% 1551
\BOOKMARK [1][-]{section.Alph56.1}{\376\377\000O\000v\000e\000r\000v\000i\000e\000w\000:\000\040\000C\000o\000m\000p\000u\000t\000e\000r\000-\000A\000s\000s\000i\000s\000t\000e\000d\000\040\000P\000r\000o\000o\000f\000\040\000S\000t\000r\000a\000t\000e\000g\000y}{appendix.Alph56}% 1552
\BOOKMARK [1][-]{section.Alph56.2}{\376\377\000M\000e\000t\000h\000o\000d\000o\000l\000o\000g\000y\000:\000\040\000D\000i\000r\000e\000c\000t\000e\000d\000\040\000R\000o\000u\000n\000d\000i\000n\000g\000\040\000a\000n\000d\000\040\000I\000n\000t\000e\000r\000v\000a\000l\000\040\000E\000n\000c\000l\000o\000s\000u\000r\000e\000s}{appendix.Alph56}% 1553
\BOOKMARK [1][-]{section.Alph56.3}{\376\377\000C\000a\000l\000c\000u\000l\000a\000t\000i\000o\000n\000\040\0001\000:\000\040\000T\000h\000e\000\040\000L\000a\000p\000l\000a\000c\000i\000a\000n\000\040\000O\000p\000e\000r\000a\000t\000o\000r\000\040\000S\000p\000e\000c\000t\000r\000u\000m}{appendix.Alph56}% 1554
\BOOKMARK [2][-]{subsection.Alph56.3.1}{\376\377\000R\000e\000s\000u\000l\000t\000:\000\040\000S\000p\000e\000c\000t\000r\000a\000l\000\040\000L\000o\000w\000e\000r\000\040\000B\000o\000u\000n\000d}{section.Alph56.3}% 1555
\BOOKMARK [1][-]{section.Alph56.4}{\376\377\000C\000a\000l\000c\000u\000l\000a\000t\000i\000o\000n\000\040\0002\000:\000\040\000T\000h\000e\000\040\000P\000o\000t\000e\000n\000t\000i\000a\000l\000\040\000E\000n\000e\000r\000g\000y\000\040\000C\000o\000n\000t\000r\000i\000b\000u\000t\000i\000o\000n}{appendix.Alph56}% 1556
\BOOKMARK [1][-]{section.Alph56.5}{\376\377\000S\000y\000n\000t\000h\000e\000s\000i\000s\000:\000\040\000T\000h\000e\000\040\000M\000a\000s\000s\000\040\000G\000a\000p\000\040\000L\000o\000w\000e\000r\000\040\000B\000o\000u\000n\000d}{appendix.Alph56}% 1557
\BOOKMARK [1][-]{section.Alph56.6}{\376\377\000C\000o\000n\000c\000l\000u\000s\000i\000o\000n\000\040\000o\000f\000\040\000A\000p\000p\000e\000n\000d\000i\000x\000\040\000A}{appendix.Alph56}% 1558
\BOOKMARK [0][-]{appendix.Alph57}{\376\377\000A\000p\000p\000e\000n\000d\000i\000x\000\040\000B\000:\000\040\000D\000e\000r\000i\000v\000a\000t\000i\000o\000n\000\040\000o\000f\000\040\000t\000h\000e\000\040\000F\000r\000e\000d\000e\000n\000h\000a\000g\000e\000n\000-\000M\000a\000r\000c\000u\000\040\000O\000r\000d\000e\000r\000\040\000P\000a\000r\000a\000m\000e\000t\000e\000r}{theorem.N.1.10}% 1559
\BOOKMARK [1][-]{section.Alph57.1}{\376\377\000I\000n\000t\000r\000o\000d\000u\000c\000t\000i\000o\000n}{appendix.Alph57}% 1560
\BOOKMARK [1][-]{section.Alph57.2}{\376\377\000D\000e\000f\000i\000n\000i\000t\000i\000o\000n\000\040\000o\000f\000\040\000t\000h\000e\000\040\000P\000a\000r\000a\000m\000e\000t\000e\000r}{appendix.Alph57}% 1561
\BOOKMARK [1][-]{section.Alph57.3}{\376\377\000B\000e\000h\000a\000v\000i\000o\000r\000\040\000i\000n\000\040\000A\000d\000j\000o\000i\000n\000t\000\040\000Q\000C\000D}{appendix.Alph57}% 1562
\BOOKMARK [1][-]{section.Alph57.4}{\376\377\000D\000e\000r\000i\000v\000a\000t\000i\000o\000n\000\040\000o\000f\000\040\000t\000h\000e\000\040\000C\000o\000n\000f\000i\000n\000e\000m\000e\000n\000t\000\040\000B\000o\000u\000n\000d\000s}{appendix.Alph57}% 1563
\BOOKMARK [1][-]{section.Alph57.5}{\376\377\000C\000o\000n\000c\000l\000u\000s\000i\000o\000n\000\040\000o\000f\000\040\000A\000p\000p\000e\000n\000d\000i\000x\000\040\000B}{appendix.Alph57}% 1564
\BOOKMARK [0][-]{appendix.Alph58}{\376\377\000A\000p\000p\000e\000n\000d\000i\000x\000\040\000C\000:\000\040\000R\000i\000g\000o\000r\000o\000u\000s\000\040\000R\000e\000s\000t\000o\000r\000a\000t\000i\000o\000n\000\040\000o\000f\000\040\000S\000O\000\050\0004\000\051\000\040\000S\000y\000m\000m\000e\000t\000r\000y\000\040\000v\000i\000a\000\040\000S\000y\000m\000a\000n\000z\000i\000k\000\040\000F\000l\000o\000w}{theorem.N.1.10}% 1565
\BOOKMARK [1][-]{section.Alph58.1}{\376\377\000I\000n\000t\000r\000o\000d\000u\000c\000t\000i\000o\000n}{appendix.Alph58}% 1566
\BOOKMARK [1][-]{section.Alph58.2}{\376\377\000T\000h\000e\000\040\000S\000y\000m\000a\000n\000z\000i\000k\000\040\000E\000f\000f\000e\000c\000t\000i\000v\000e\000\040\000A\000c\000t\000i\000o\000n}{appendix.Alph58}% 1567
\BOOKMARK [1][-]{section.Alph58.3}{\376\377\000C\000l\000a\000s\000s\000i\000f\000i\000c\000a\000t\000i\000o\000n\000\040\000o\000f\000\040\000I\000r\000r\000e\000l\000e\000v\000a\000n\000t\000\040\000O\000p\000e\000r\000a\000t\000o\000r\000s}{appendix.Alph58}% 1568
\BOOKMARK [2][-]{subsection.Alph58.3.1}{\376\377\000D\000i\000m\000e\000n\000s\000i\000o\000n\000\040\0004\000\040\000O\000p\000e\000r\000a\000t\000o\000r\000s}{section.Alph58.3}% 1569
\BOOKMARK [2][-]{subsection.Alph58.3.2}{\376\377\000D\000i\000m\000e\000n\000s\000i\000o\000n\000\040\0006\000\040\000O\000p\000e\000r\000a\000t\000o\000r\000s}{section.Alph58.3}% 1570
\BOOKMARK [1][-]{section.Alph58.4}{\376\377\000R\000i\000g\000o\000r\000o\000u\000s\000\040\000R\000G\000\040\000F\000l\000o\000w\000\040\000A\000n\000a\000l\000y\000s\000i\000s}{appendix.Alph58}% 1571
\BOOKMARK [1][-]{section.Alph58.5}{\376\377\000I\000m\000p\000l\000i\000c\000a\000t\000i\000o\000n\000\040\000f\000o\000r\000\040\000t\000h\000e\000\040\000M\000a\000s\000s\000\040\000S\000p\000e\000c\000t\000r\000u\000m}{appendix.Alph58}% 1572
\BOOKMARK [1][-]{section.Alph58.6}{\376\377\000C\000o\000n\000c\000l\000u\000s\000i\000o\000n\000\040\000o\000f\000\040\000A\000p\000p\000e\000n\000d\000i\000x\000\040\000C}{appendix.Alph58}% 1573
\BOOKMARK [0][-]{appendix.Alph59}{\376\377\000A\000p\000p\000e\000n\000d\000i\000x\000\040\000D\000:\000\040\000R\000i\000g\000o\000r\000o\000u\000s\000\040\000E\000x\000t\000e\000n\000s\000i\000o\000n\000\040\000o\000f\000\040\000B\000a\000l\000a\000b\000a\000n\000'\000s\000\040\000B\000o\000u\000n\000d\000s\000\040\000t\000o\000\040\000S\000U\000\050\000N\000\051}{theorem.N.1.10}% 1574
\BOOKMARK [1][-]{section.Alph59.1}{\376\377\000I\000n\000t\000r\000o\000d\000u\000c\000t\000i\000o\000n\000\040\000a\000n\000d\000\040\000S\000e\000t\000u\000p}{appendix.Alph59}% 1575
\BOOKMARK [2][-]{subsection.Alph59.1.1}{\376\377\000N\000o\000t\000a\000t\000i\000o\000n\000\040\000a\000n\000d\000\040\000L\000a\000t\000t\000i\000c\000e\000\040\000G\000e\000o\000m\000e\000t\000r\000y}{section.Alph59.1}% 1576
\BOOKMARK [1][-]{section.Alph59.2}{\376\377\000T\000h\000e\000\040\000B\000l\000o\000c\000k\000\040\000S\000p\000i\000n\000\040\000T\000r\000a\000n\000s\000f\000o\000r\000m\000a\000t\000i\000o\000n\000\040\000f\000o\000r\000\040\000S\000U\000\050\000N\000\051}{appendix.Alph59}% 1577
\BOOKMARK [1][-]{section.Alph59.3}{\376\377\000I\000n\000d\000u\000c\000t\000i\000v\000e\000\040\000A\000n\000a\000l\000y\000s\000i\000s\000\040\000o\000f\000\040\000t\000h\000e\000\040\000R\000e\000n\000o\000r\000m\000a\000l\000i\000z\000a\000t\000i\000o\000n\000\040\000G\000r\000o\000u\000p\000\040\000F\000l\000o\000w}{appendix.Alph59}% 1578
\BOOKMARK [2][-]{subsection.Alph59.3.1}{\376\377\000T\000h\000e\000\040\000R\000-\000O\000p\000e\000r\000a\000t\000i\000o\000n\000\040\000a\000n\000d\000\040\000C\000o\000u\000n\000t\000e\000r\000t\000e\000r\000m\000s}{section.Alph59.3}% 1579
\BOOKMARK [1][-]{section.Alph59.4}{\376\377\000S\000m\000a\000l\000l\000\040\000F\000i\000e\000l\000d\000\040\000A\000n\000a\000l\000y\000s\000i\000s\000:\000\040\000T\000h\000e\000\040\000F\000l\000u\000c\000t\000u\000a\000t\000i\000o\000n\000\040\000D\000e\000t\000e\000r\000m\000i\000n\000a\000n\000t}{appendix.Alph59}% 1580
\BOOKMARK [1][-]{section.Alph59.5}{\376\377\000L\000a\000r\000g\000e\000\040\000F\000i\000e\000l\000d\000\040\000A\000n\000a\000l\000y\000s\000i\000s\000:\000\040\000P\000o\000l\000y\000m\000e\000r\000\040\000E\000x\000p\000a\000n\000s\000i\000o\000n}{appendix.Alph59}% 1581
\BOOKMARK [2][-]{subsection.Alph59.5.1}{\376\377\000C\000o\000n\000v\000e\000r\000g\000e\000n\000c\000e\000\040\000o\000f\000\040\000t\000h\000e\000\040\000C\000l\000u\000s\000t\000e\000r\000\040\000E\000x\000p\000a\000n\000s\000i\000o\000n}{section.Alph59.5}% 1582
\BOOKMARK [1][-]{section.Alph59.6}{\376\377\000T\000h\000e\000\040\000R\000e\000n\000o\000r\000m\000a\000l\000i\000z\000e\000d\000\040\000T\000r\000a\000j\000e\000c\000t\000o\000r\000y}{appendix.Alph59}% 1583
\BOOKMARK [0][-]{appendix.Alph60}{\376\377\000E\000x\000e\000c\000u\000t\000i\000v\000e\000\040\000S\000u\000m\000m\000a\000r\000y\000\040\000a\000n\000d\000\040\000O\000p\000e\000n\000\040\000P\000r\000o\000b\000l\000e\000m\000s}{theorem.N.1.10}% 1584
\BOOKMARK [1][-]{section.Alph60.1}{\376\377\000E\000x\000e\000c\000u\000t\000i\000v\000e\000\040\000S\000u\000m\000m\000a\000r\000y\000\040\000o\000f\000\040\000P\000r\000o\000o\000f\000\040\000S\000t\000a\000t\000u\000s}{appendix.Alph60}% 1585
\BOOKMARK [2][-]{subsection.Alph60.1.1}{\376\377\000H\000e\000a\000d\000l\000i\000n\000e\000\040\000c\000l\000a\000i\000m\000s\000\040\000\050\000r\000e\000v\000i\000s\000e\000d\000\051}{section.Alph60.1}% 1586
\BOOKMARK [2][-]{subsection.Alph60.1.2}{\376\377\000S\000t\000a\000t\000u\000s\000\040\000t\000a\000b\000l\000e\000\040\000o\000f\000\040\000k\000e\000y\000\040\000o\000b\000s\000t\000a\000c\000l\000e\000s}{section.Alph60.1}% 1587
\BOOKMARK [2][-]{subsection.Alph60.1.3}{\376\377\000V\000e\000r\000i\000f\000i\000e\000d\000\040\000c\000o\000m\000p\000o\000n\000e\000n\000t\000s}{section.Alph60.1}% 1588
\BOOKMARK [2][-]{subsection.Alph60.1.4}{\376\377\000C\000o\000n\000c\000l\000u\000s\000i\000o\000n}{section.Alph60.1}% 1589
\BOOKMARK [1][-]{section.Alph60.2}{\376\377\000C\000o\000n\000s\000o\000l\000i\000d\000a\000t\000e\000d\000\040\000R\000i\000g\000o\000r\000o\000u\000s\000\040\000T\000h\000e\000o\000r\000e\000m\000s}{appendix.Alph60}% 1590
\BOOKMARK [2][-]{subsection.Alph60.2.1}{\376\377\000F\000o\000u\000n\000d\000a\000t\000i\000o\000n\000a\000l\000\040\000T\000h\000e\000o\000r\000e\000m\000s}{section.Alph60.2}% 1591
\BOOKMARK [2][-]{subsection.Alph60.2.2}{\376\377\000T\000h\000e\000\040\000S\000p\000e\000c\000t\000r\000a\000l\000\040\000G\000a\000p\000\040\000L\000o\000w\000e\000r\000\040\000B\000o\000u\000n\000d}{section.Alph60.2}% 1592
\BOOKMARK [1][-]{section.Alph60.3}{\376\377\000A\000n\000a\000l\000y\000t\000i\000c\000i\000t\000y\000\040\000a\000n\000d\000\040\000C\000o\000n\000t\000i\000n\000u\000u\000m\000\040\000L\000i\000m\000i\000t}{appendix.Alph60}% 1593
\BOOKMARK [1][-]{section.Alph60.4}{\376\377\000H\000i\000e\000r\000a\000r\000c\000h\000i\000c\000a\000l\000\040\000G\000a\000p\000\040\000S\000t\000a\000b\000i\000l\000i\000t\000y}{appendix.Alph60}% 1594
\BOOKMARK [1][-]{section.Alph60.5}{\376\377\000A\000d\000d\000i\000t\000i\000o\000n\000a\000l\000\040\000R\000i\000g\000o\000r\000o\000u\000s\000\040\000R\000e\000s\000u\000l\000t\000s}{appendix.Alph60}% 1595
