This is pdfTeX, Version 3.141592653-2.6-1.40.27 (MiKTeX 25.4) (preloaded format=pdflatex 2025.11.16)  6 JAN 2026 15:00
entering extended mode
 restricted \write18 enabled.
 %&-line parsing enabled.
**./yang_mills_master.tex
(yang_mills_master.tex
LaTeX2e <2025-11-01>
L3 programming layer <2025-10-24>
(C:\Users\Lenovo\AppData\Local\Programs\MiKTeX\tex/latex/base\article.cls
Document Class: article 2025/01/22 v1.4n Standard LaTeX document class
(C:\Users\Lenovo\AppData\Local\Programs\MiKTeX\tex/latex/base\size11.clo
File: size11.clo 2025/01/22 v1.4n Standard LaTeX file (size option)
)
\c@part=\count275
\c@section=\count276
\c@subsection=\count277
\c@subsubsection=\count278
\c@paragraph=\count279
\c@subparagraph=\count280
\c@figure=\count281
\c@table=\count282
\abovecaptionskip=\skip49
\belowcaptionskip=\skip50
\bibindent=\dimen148
)
(preamble.tex
(C:\Users\Lenovo\AppData\Local\Programs\MiKTeX\tex/latex/base\inputenc.sty
Package: inputenc 2024/02/08 v1.3d Input encoding file
\inpenc@prehook=\toks17
\inpenc@posthook=\toks18
)
(C:\Users\Lenovo\AppData\Local\Programs\MiKTeX\tex/latex/base\fontenc.sty
Package: fontenc 2025/07/18 v2.1d Standard LaTeX package
)
(C:\Users\Lenovo\AppData\Local\Programs\MiKTeX\tex/latex/amsmath\amsmath.sty
Package: amsmath 2025/07/09 v2.17z AMS math features
\@mathmargin=\skip51

For additional information on amsmath, use the `?' option.
(C:\Users\Lenovo\AppData\Local\Programs\MiKTeX\tex/latex/amsmath\amstext.sty
Package: amstext 2024/11/17 v2.01 AMS text

(C:\Users\Lenovo\AppData\Local\Programs\MiKTeX\tex/latex/amsmath\amsgen.sty
File: amsgen.sty 1999/11/30 v2.0 generic functions
\@emptytoks=\toks19
\ex@=\dimen149
))
(C:\Users\Lenovo\AppData\Local\Programs\MiKTeX\tex/latex/amsmath\amsbsy.sty
Package: amsbsy 1999/11/29 v1.2d Bold Symbols
\pmbraise@=\dimen150
)
(C:\Users\Lenovo\AppData\Local\Programs\MiKTeX\tex/latex/amsmath\amsopn.sty
Package: amsopn 2022/04/08 v2.04 operator names
)
\inf@bad=\count283
LaTeX Info: Redefining \frac on input line 233.
\uproot@=\count284
\leftroot@=\count285
LaTeX Info: Redefining \overline on input line 398.
LaTeX Info: Redefining \colon on input line 409.
\classnum@=\count286
\DOTSCASE@=\count287
LaTeX Info: Redefining \ldots on input line 495.
LaTeX Info: Redefining \dots on input line 498.
LaTeX Info: Redefining \cdots on input line 619.
\Mathstrutbox@=\box53
\strutbox@=\box54
LaTeX Info: Redefining \big on input line 721.
LaTeX Info: Redefining \Big on input line 722.
LaTeX Info: Redefining \bigg on input line 723.
LaTeX Info: Redefining \Bigg on input line 724.
\big@size=\dimen151
LaTeX Font Info:    Redeclaring font encoding OML on input line 742.
LaTeX Font Info:    Redeclaring font encoding OMS on input line 743.
\macc@depth=\count288
LaTeX Info: Redefining \bmod on input line 904.
LaTeX Info: Redefining \pmod on input line 909.
LaTeX Info: Redefining \smash on input line 939.
LaTeX Info: Redefining \relbar on input line 969.
LaTeX Info: Redefining \Relbar on input line 970.
\c@MaxMatrixCols=\count289
\dotsspace@=\muskip17
\c@parentequation=\count290
\dspbrk@lvl=\count291
\tag@help=\toks20
\row@=\count292
\column@=\count293
\maxfields@=\count294
\andhelp@=\toks21
\eqnshift@=\dimen152
\alignsep@=\dimen153
\tagshift@=\dimen154
\tagwidth@=\dimen155
\totwidth@=\dimen156
\lineht@=\dimen157
\@envbody=\toks22
\multlinegap=\skip52
\multlinetaggap=\skip53
\mathdisplay@stack=\toks23
LaTeX Info: Redefining \[ on input line 2950.
LaTeX Info: Redefining \] on input line 2951.
)
(C:\Users\Lenovo\AppData\Local\Programs\MiKTeX\tex/latex/amscls\amsthm.sty
Package: amsthm 2020/05/29 v2.20.6
\thm@style=\toks24
\thm@bodyfont=\toks25
\thm@headfont=\toks26
\thm@notefont=\toks27
\thm@headpunct=\toks28
\thm@preskip=\skip54
\thm@postskip=\skip55
\thm@headsep=\skip56
\dth@everypar=\toks29
)
(C:\Users\Lenovo\AppData\Local\Programs\MiKTeX\tex/latex/amsfonts\amssymb.sty
Package: amssymb 2013/01/14 v3.01 AMS font symbols

(C:\Users\Lenovo\AppData\Local\Programs\MiKTeX\tex/latex/amsfonts\amsfonts.sty
Package: amsfonts 2013/01/14 v3.01 Basic AMSFonts support
\symAMSa=\mathgroup4
\symAMSb=\mathgroup5
LaTeX Font Info:    Redeclaring math symbol \hbar on input line 98.
LaTeX Font Info:    Overwriting math alphabet `\mathfrak' in version `bold'
(Font)                  U/euf/m/n --> U/euf/b/n on input line 106.
))
(C:\Users\Lenovo\AppData\Local\Programs\MiKTeX\tex/latex/mathtools\mathtools.st
y
Package: mathtools 2024/10/04 v1.31 mathematical typesetting tools
 (C:\Users\Lenovo\AppData\Local\Programs\MiKTeX\tex/latex/graphics\keyval.sty
Package: keyval 2022/05/29 v1.15 key=value parser (DPC)
\KV@toks@=\toks30
) (C:\Users\Lenovo\AppData\Local\Programs\MiKTeX\tex/latex/tools\calc.sty
Package: calc 2025/03/01 v4.3b Infix arithmetic (KKT,FJ)
\calc@Acount=\count295
\calc@Bcount=\count296
\calc@Adimen=\dimen158
\calc@Bdimen=\dimen159
\calc@Askip=\skip57
\calc@Bskip=\skip58
LaTeX Info: Redefining \setlength on input line 86.
LaTeX Info: Redefining \addtolength on input line 87.
\calc@Ccount=\count297
\calc@Cskip=\skip59
)
(C:\Users\Lenovo\AppData\Local\Programs\MiKTeX\tex/latex/mathtools\mhsetup.sty
Package: mhsetup 2021/03/18 v1.4 programming setup (MH)
)
\g_MT_multlinerow_int=\count298
\l_MT_multwidth_dim=\dimen160
\origjot=\skip60
\l_MT_shortvdotswithinadjustabove_dim=\dimen161
\l_MT_shortvdotswithinadjustbelow_dim=\dimen162
\l_MT_above_intertext_sep=\dimen163
\l_MT_below_intertext_sep=\dimen164
\l_MT_above_shortintertext_sep=\dimen165
\l_MT_below_shortintertext_sep=\dimen166
\xmathstrut@box=\box55
\xmathstrut@dim=\dimen167
)
(C:\Users\Lenovo\AppData\Local\Programs\MiKTeX\tex/latex/jknappen\mathrsfs.sty
Package: mathrsfs 1996/01/01 Math RSFS package v1.0 (jk)
\symrsfs=\mathgroup6
) (C:\Users\Lenovo\AppData\Local\Programs\MiKTeX\tex/latex/enumitem\enumitem.st
y
Package: enumitem 2025/02/06 v3.11 Customized lists
\labelindent=\skip61
\enit@outerparindent=\dimen168
\enit@toks=\toks31
\enit@inbox=\box56
\enit@count@id=\count299
\enitdp@description=\count300
)
(C:\Users\Lenovo\AppData\Local\Programs\MiKTeX\tex/latex/geometry\geometry.sty
Package: geometry 2020/01/02 v5.9 Page Geometry

(C:\Users\Lenovo\AppData\Local\Programs\MiKTeX\tex/generic/iftex\ifvtex.sty
Package: ifvtex 2019/10/25 v1.7 ifvtex legacy package. Use iftex instead.

(C:\Users\Lenovo\AppData\Local\Programs\MiKTeX\tex/generic/iftex\iftex.sty
Package: iftex 2024/12/12 v1.0g TeX engine tests
))
\Gm@cnth=\count301
\Gm@cntv=\count302
\c@Gm@tempcnt=\count303
\Gm@bindingoffset=\dimen169
\Gm@wd@mp=\dimen170
\Gm@odd@mp=\dimen171
\Gm@even@mp=\dimen172
\Gm@layoutwidth=\dimen173
\Gm@layoutheight=\dimen174
\Gm@layouthoffset=\dimen175
\Gm@layoutvoffset=\dimen176
\Gm@dimlist=\toks32

(C:\Users\Lenovo\AppData\Local\Programs\MiKTeX\tex/latex/geometry\geometry.cfg)
)
(C:\Users\Lenovo\AppData\Local\Programs\MiKTeX\tex/latex/tcolorbox\tcolorbox.st
y
Package: tcolorbox 2025/09/09 version 6.8.0 text color boxes

(C:\Users\Lenovo\AppData\Local\Programs\MiKTeX\tex/latex/pgf/frontendlayer\tikz
.sty
(C:\Users\Lenovo\AppData\Local\Programs\MiKTeX\tex/latex/pgf/basiclayer\pgf.sty

(C:\Users\Lenovo\AppData\Local\Programs\MiKTeX\tex/latex/pgf/utilities\pgfrcs.s
ty
(C:\Users\Lenovo\AppData\Local\Programs\MiKTeX\tex/generic/pgf/utilities\pgfuti
l-common.tex
\pgfutil@everybye=\toks33
\pgfutil@tempdima=\dimen177
\pgfutil@tempdimb=\dimen178
)
(C:\Users\Lenovo\AppData\Local\Programs\MiKTeX\tex/generic/pgf/utilities\pgfuti
l-latex.def
\pgfutil@abb=\box57
)
(C:\Users\Lenovo\AppData\Local\Programs\MiKTeX\tex/generic/pgf/utilities\pgfrcs
.code.tex
(C:\Users\Lenovo\AppData\Local\Programs\MiKTeX\tex/generic/pgf\pgf.revision.tex
)
Package: pgfrcs 2025-08-29 v3.1.11a (3.1.11a)
))
Package: pgf 2025-08-29 v3.1.11a (3.1.11a)

(C:\Users\Lenovo\AppData\Local\Programs\MiKTeX\tex/latex/pgf/basiclayer\pgfcore
.sty
(C:\Users\Lenovo\AppData\Local\Programs\MiKTeX\tex/latex/graphics\graphicx.sty
Package: graphicx 2024/12/31 v1.2e Enhanced LaTeX Graphics (DPC,SPQR)

(C:\Users\Lenovo\AppData\Local\Programs\MiKTeX\tex/latex/graphics\graphics.sty
Package: graphics 2024/08/06 v1.4g Standard LaTeX Graphics (DPC,SPQR)

(C:\Users\Lenovo\AppData\Local\Programs\MiKTeX\tex/latex/graphics\trig.sty
Package: trig 2023/12/02 v1.11 sin cos tan (DPC)
)
(C:\Users\Lenovo\AppData\Local\Programs\MiKTeX\tex/latex/graphics-cfg\graphics.
cfg
File: graphics.cfg 2016/06/04 v1.11 sample graphics configuration
)
Package graphics Info: Driver file: pdftex.def on input line 106.

(C:\Users\Lenovo\AppData\Local\Programs\MiKTeX\tex/latex/graphics-def\pdftex.de
f
File: pdftex.def 2025/09/29 v1.2d Graphics/color driver for pdftex
))
\Gin@req@height=\dimen179
\Gin@req@width=\dimen180
)
(C:\Users\Lenovo\AppData\Local\Programs\MiKTeX\tex/latex/pgf/systemlayer\pgfsys
.sty
(C:\Users\Lenovo\AppData\Local\Programs\MiKTeX\tex/generic/pgf/systemlayer\pgfs
ys.code.tex
Package: pgfsys 2025-08-29 v3.1.11a (3.1.11a)

(C:\Users\Lenovo\AppData\Local\Programs\MiKTeX\tex/generic/pgf/utilities\pgfkey
s.code.tex
\pgfkeys@pathtoks=\toks34
\pgfkeys@temptoks=\toks35

(C:\Users\Lenovo\AppData\Local\Programs\MiKTeX\tex/generic/pgf/utilities\pgfkey
slibraryfiltered.code.tex
\pgfkeys@tmptoks=\toks36
))
\pgf@x=\dimen181
\pgf@y=\dimen182
\pgf@xa=\dimen183
\pgf@ya=\dimen184
\pgf@xb=\dimen185
\pgf@yb=\dimen186
\pgf@xc=\dimen187
\pgf@yc=\dimen188
\pgf@xd=\dimen189
\pgf@yd=\dimen190
\w@pgf@writea=\write3
\r@pgf@reada=\read2
\c@pgf@counta=\count304
\c@pgf@countb=\count305
\c@pgf@countc=\count306
\c@pgf@countd=\count307
\t@pgf@toka=\toks37
\t@pgf@tokb=\toks38
\t@pgf@tokc=\toks39
\pgf@sys@id@count=\count308

(C:\Users\Lenovo\AppData\Local\Programs\MiKTeX\tex/generic/pgf/systemlayer\pgf.
cfg
File: pgf.cfg 2025-08-29 v3.1.11a (3.1.11a)
)
Driver file for pgf: pgfsys-pdftex.def

(C:\Users\Lenovo\AppData\Local\Programs\MiKTeX\tex/generic/pgf/systemlayer\pgfs
ys-pdftex.def
File: pgfsys-pdftex.def 2025-08-29 v3.1.11a (3.1.11a)

(C:\Users\Lenovo\AppData\Local\Programs\MiKTeX\tex/generic/pgf/systemlayer\pgfs
ys-common-pdf.def
File: pgfsys-common-pdf.def 2025-08-29 v3.1.11a (3.1.11a)
)))
(C:\Users\Lenovo\AppData\Local\Programs\MiKTeX\tex/generic/pgf/systemlayer\pgfs
yssoftpath.code.tex
File: pgfsyssoftpath.code.tex 2025-08-29 v3.1.11a (3.1.11a)
\pgfsyssoftpath@smallbuffer@items=\count309
\pgfsyssoftpath@bigbuffer@items=\count310
)
(C:\Users\Lenovo\AppData\Local\Programs\MiKTeX\tex/generic/pgf/systemlayer\pgfs
ysprotocol.code.tex
File: pgfsysprotocol.code.tex 2025-08-29 v3.1.11a (3.1.11a)
))
(C:\Users\Lenovo\AppData\Local\Programs\MiKTeX\tex/latex/xcolor\xcolor.sty
Package: xcolor 2024/09/29 v3.02 LaTeX color extensions (UK)

(C:\Users\Lenovo\AppData\Local\Programs\MiKTeX\tex/latex/graphics-cfg\color.cfg
File: color.cfg 2016/01/02 v1.6 sample color configuration
)
Package xcolor Info: Driver file: pdftex.def on input line 274.

(C:\Users\Lenovo\AppData\Local\Programs\MiKTeX\tex/latex/graphics\mathcolor.ltx
)
Package xcolor Info: Model `cmy' substituted by `cmy0' on input line 1349.
Package xcolor Info: Model `hsb' substituted by `rgb' on input line 1353.
Package xcolor Info: Model `RGB' extended on input line 1365.
Package xcolor Info: Model `HTML' substituted by `rgb' on input line 1367.
Package xcolor Info: Model `Hsb' substituted by `hsb' on input line 1368.
Package xcolor Info: Model `tHsb' substituted by `hsb' on input line 1369.
Package xcolor Info: Model `HSB' substituted by `hsb' on input line 1370.
Package xcolor Info: Model `Gray' substituted by `gray' on input line 1371.
Package xcolor Info: Model `wave' substituted by `hsb' on input line 1372.
)
(C:\Users\Lenovo\AppData\Local\Programs\MiKTeX\tex/generic/pgf/basiclayer\pgfco
re.code.tex
Package: pgfcore 2025-08-29 v3.1.11a (3.1.11a)

(C:\Users\Lenovo\AppData\Local\Programs\MiKTeX\tex/generic/pgf/math\pgfmath.cod
e.tex
(C:\Users\Lenovo\AppData\Local\Programs\MiKTeX\tex/generic/pgf/math\pgfmathutil
.code.tex)
(C:\Users\Lenovo\AppData\Local\Programs\MiKTeX\tex/generic/pgf/math\pgfmathpars
er.code.tex
\pgfmath@dimen=\dimen191
\pgfmath@count=\count311
\pgfmath@box=\box58
\pgfmath@toks=\toks40
\pgfmath@stack@operand=\toks41
\pgfmath@stack@operation=\toks42
)
(C:\Users\Lenovo\AppData\Local\Programs\MiKTeX\tex/generic/pgf/math\pgfmathfunc
tions.code.tex)
(C:\Users\Lenovo\AppData\Local\Programs\MiKTeX\tex/generic/pgf/math\pgfmathfunc
tions.basic.code.tex)
(C:\Users\Lenovo\AppData\Local\Programs\MiKTeX\tex/generic/pgf/math\pgfmathfunc
tions.trigonometric.code.tex)
(C:\Users\Lenovo\AppData\Local\Programs\MiKTeX\tex/generic/pgf/math\pgfmathfunc
tions.random.code.tex)
(C:\Users\Lenovo\AppData\Local\Programs\MiKTeX\tex/generic/pgf/math\pgfmathfunc
tions.comparison.code.tex)
(C:\Users\Lenovo\AppData\Local\Programs\MiKTeX\tex/generic/pgf/math\pgfmathfunc
tions.base.code.tex)
(C:\Users\Lenovo\AppData\Local\Programs\MiKTeX\tex/generic/pgf/math\pgfmathfunc
tions.round.code.tex)
(C:\Users\Lenovo\AppData\Local\Programs\MiKTeX\tex/generic/pgf/math\pgfmathfunc
tions.misc.code.tex)
(C:\Users\Lenovo\AppData\Local\Programs\MiKTeX\tex/generic/pgf/math\pgfmathfunc
tions.integerarithmetics.code.tex)
(C:\Users\Lenovo\AppData\Local\Programs\MiKTeX\tex/generic/pgf/math\pgfmathcalc
.code.tex)
(C:\Users\Lenovo\AppData\Local\Programs\MiKTeX\tex/generic/pgf/math\pgfmathfloa
t.code.tex
\c@pgfmathroundto@lastzeros=\count312
))
(C:\Users\Lenovo\AppData\Local\Programs\MiKTeX\tex/generic/pgf/math\pgfint.code
.tex)
(C:\Users\Lenovo\AppData\Local\Programs\MiKTeX\tex/generic/pgf/basiclayer\pgfco
repoints.code.tex
File: pgfcorepoints.code.tex 2025-08-29 v3.1.11a (3.1.11a)
\pgf@picminx=\dimen192
\pgf@picmaxx=\dimen193
\pgf@picminy=\dimen194
\pgf@picmaxy=\dimen195
\pgf@pathminx=\dimen196
\pgf@pathmaxx=\dimen197
\pgf@pathminy=\dimen198
\pgf@pathmaxy=\dimen199
\pgf@xx=\dimen256
\pgf@xy=\dimen257
\pgf@yx=\dimen258
\pgf@yy=\dimen259
\pgf@zx=\dimen260
\pgf@zy=\dimen261
)
(C:\Users\Lenovo\AppData\Local\Programs\MiKTeX\tex/generic/pgf/basiclayer\pgfco
repathconstruct.code.tex
File: pgfcorepathconstruct.code.tex 2025-08-29 v3.1.11a (3.1.11a)
\pgf@path@lastx=\dimen262
\pgf@path@lasty=\dimen263
)
(C:\Users\Lenovo\AppData\Local\Programs\MiKTeX\tex/generic/pgf/basiclayer\pgfco
repathusage.code.tex
File: pgfcorepathusage.code.tex 2025-08-29 v3.1.11a (3.1.11a)
\pgf@shorten@end@additional=\dimen264
\pgf@shorten@start@additional=\dimen265
)
(C:\Users\Lenovo\AppData\Local\Programs\MiKTeX\tex/generic/pgf/basiclayer\pgfco
rescopes.code.tex
File: pgfcorescopes.code.tex 2025-08-29 v3.1.11a (3.1.11a)
\pgfpic=\box59
\pgf@hbox=\box60
\pgf@layerbox@main=\box61
\pgf@picture@serial@count=\count313
)
(C:\Users\Lenovo\AppData\Local\Programs\MiKTeX\tex/generic/pgf/basiclayer\pgfco
regraphicstate.code.tex
File: pgfcoregraphicstate.code.tex 2025-08-29 v3.1.11a (3.1.11a)
\pgflinewidth=\dimen266
)
(C:\Users\Lenovo\AppData\Local\Programs\MiKTeX\tex/generic/pgf/basiclayer\pgfco
retransformations.code.tex
File: pgfcoretransformations.code.tex 2025-08-29 v3.1.11a (3.1.11a)
\pgf@pt@x=\dimen267
\pgf@pt@y=\dimen268
\pgf@pt@temp=\dimen269
)
(C:\Users\Lenovo\AppData\Local\Programs\MiKTeX\tex/generic/pgf/basiclayer\pgfco
requick.code.tex
File: pgfcorequick.code.tex 2025-08-29 v3.1.11a (3.1.11a)
)
(C:\Users\Lenovo\AppData\Local\Programs\MiKTeX\tex/generic/pgf/basiclayer\pgfco
reobjects.code.tex
File: pgfcoreobjects.code.tex 2025-08-29 v3.1.11a (3.1.11a)
)
(C:\Users\Lenovo\AppData\Local\Programs\MiKTeX\tex/generic/pgf/basiclayer\pgfco
repathprocessing.code.tex
File: pgfcorepathprocessing.code.tex 2025-08-29 v3.1.11a (3.1.11a)
)
(C:\Users\Lenovo\AppData\Local\Programs\MiKTeX\tex/generic/pgf/basiclayer\pgfco
rearrows.code.tex
File: pgfcorearrows.code.tex 2025-08-29 v3.1.11a (3.1.11a)
\pgfarrowsep=\dimen270
)
(C:\Users\Lenovo\AppData\Local\Programs\MiKTeX\tex/generic/pgf/basiclayer\pgfco
reshade.code.tex
File: pgfcoreshade.code.tex 2025-08-29 v3.1.11a (3.1.11a)
\pgf@max=\dimen271
\pgf@sys@shading@range@num=\count314
\pgf@shadingcount=\count315
)
(C:\Users\Lenovo\AppData\Local\Programs\MiKTeX\tex/generic/pgf/basiclayer\pgfco
reimage.code.tex
File: pgfcoreimage.code.tex 2025-08-29 v3.1.11a (3.1.11a)
)
(C:\Users\Lenovo\AppData\Local\Programs\MiKTeX\tex/generic/pgf/basiclayer\pgfco
reexternal.code.tex
File: pgfcoreexternal.code.tex 2025-08-29 v3.1.11a (3.1.11a)
\pgfexternal@startupbox=\box62
)
(C:\Users\Lenovo\AppData\Local\Programs\MiKTeX\tex/generic/pgf/basiclayer\pgfco
relayers.code.tex
File: pgfcorelayers.code.tex 2025-08-29 v3.1.11a (3.1.11a)
)
(C:\Users\Lenovo\AppData\Local\Programs\MiKTeX\tex/generic/pgf/basiclayer\pgfco
retransparency.code.tex
File: pgfcoretransparency.code.tex 2025-08-29 v3.1.11a (3.1.11a)
)
(C:\Users\Lenovo\AppData\Local\Programs\MiKTeX\tex/generic/pgf/basiclayer\pgfco
repatterns.code.tex
File: pgfcorepatterns.code.tex 2025-08-29 v3.1.11a (3.1.11a)
)
(C:\Users\Lenovo\AppData\Local\Programs\MiKTeX\tex/generic/pgf/basiclayer\pgfco
rerdf.code.tex
File: pgfcorerdf.code.tex 2025-08-29 v3.1.11a (3.1.11a)
)))
(C:\Users\Lenovo\AppData\Local\Programs\MiKTeX\tex/generic/pgf/modules\pgfmodul
eshapes.code.tex
File: pgfmoduleshapes.code.tex 2025-08-29 v3.1.11a (3.1.11a)
\pgfnodeparttextbox=\box63
)
(C:\Users\Lenovo\AppData\Local\Programs\MiKTeX\tex/generic/pgf/modules\pgfmodul
eplot.code.tex
File: pgfmoduleplot.code.tex 2025-08-29 v3.1.11a (3.1.11a)
)
(C:\Users\Lenovo\AppData\Local\Programs\MiKTeX\tex/latex/pgf/compatibility\pgfc
omp-version-0-65.sty
Package: pgfcomp-version-0-65 2025-08-29 v3.1.11a (3.1.11a)
\pgf@nodesepstart=\dimen272
\pgf@nodesepend=\dimen273
)
(C:\Users\Lenovo\AppData\Local\Programs\MiKTeX\tex/latex/pgf/compatibility\pgfc
omp-version-1-18.sty
Package: pgfcomp-version-1-18 2025-08-29 v3.1.11a (3.1.11a)
))
(C:\Users\Lenovo\AppData\Local\Programs\MiKTeX\tex/latex/pgf/utilities\pgffor.s
ty
(C:\Users\Lenovo\AppData\Local\Programs\MiKTeX\tex/latex/pgf/utilities\pgfkeys.
sty
(C:\Users\Lenovo\AppData\Local\Programs\MiKTeX\tex/generic/pgf/utilities\pgfkey
s.code.tex))
(C:\Users\Lenovo\AppData\Local\Programs\MiKTeX\tex/latex/pgf/math\pgfmath.sty
(C:\Users\Lenovo\AppData\Local\Programs\MiKTeX\tex/generic/pgf/math\pgfmath.cod
e.tex))
(C:\Users\Lenovo\AppData\Local\Programs\MiKTeX\tex/generic/pgf/utilities\pgffor
.code.tex
Package: pgffor 2025-08-29 v3.1.11a (3.1.11a)
\pgffor@iter=\dimen274
\pgffor@skip=\dimen275
\pgffor@stack=\toks43
\pgffor@toks=\toks44
))
(C:\Users\Lenovo\AppData\Local\Programs\MiKTeX\tex/generic/pgf/frontendlayer/ti
kz\tikz.code.tex
Package: tikz 2025-08-29 v3.1.11a (3.1.11a)

(C:\Users\Lenovo\AppData\Local\Programs\MiKTeX\tex/generic/pgf/libraries\pgflib
raryplothandlers.code.tex
File: pgflibraryplothandlers.code.tex 2025-08-29 v3.1.11a (3.1.11a)
\pgf@plot@mark@count=\count316
\pgfplotmarksize=\dimen276
)
\tikz@lastx=\dimen277
\tikz@lasty=\dimen278
\tikz@lastxsaved=\dimen279
\tikz@lastysaved=\dimen280
\tikz@lastmovetox=\dimen281
\tikz@lastmovetoy=\dimen282
\tikzleveldistance=\dimen283
\tikzsiblingdistance=\dimen284
\tikz@figbox=\box64
\tikz@figbox@bg=\box65
\tikz@tempbox=\box66
\tikz@tempbox@bg=\box67
\tikztreelevel=\count317
\tikznumberofchildren=\count318
\tikznumberofcurrentchild=\count319
\tikz@fig@count=\count320

(C:\Users\Lenovo\AppData\Local\Programs\MiKTeX\tex/generic/pgf/modules\pgfmodul
ematrix.code.tex
File: pgfmodulematrix.code.tex 2025-08-29 v3.1.11a (3.1.11a)
\pgfmatrixcurrentrow=\count321
\pgfmatrixcurrentcolumn=\count322
\pgf@matrix@numberofcolumns=\count323
)
\tikz@expandcount=\count324

(C:\Users\Lenovo\AppData\Local\Programs\MiKTeX\tex/generic/pgf/frontendlayer/ti
kz/libraries\tikzlibrarytopaths.code.tex
File: tikzlibrarytopaths.code.tex 2025-08-29 v3.1.11a (3.1.11a)
)))
(C:\Users\Lenovo\AppData\Local\Programs\MiKTeX\tex/latex/tools\verbatim.sty
Package: verbatim 2024-01-22 v1.5x LaTeX2e package for verbatim enhancements
\every@verbatim=\toks45
\verbatim@line=\toks46
\verbatim@in@stream=\read3
)
(C:\Users\Lenovo\AppData\Local\Programs\MiKTeX\tex/latex/environ\environ.sty
Package: environ 2014/05/04 v0.3 A new way to define environments

(C:\Users\Lenovo\AppData\Local\Programs\MiKTeX\tex/latex/trimspaces\trimspaces.
sty
Package: trimspaces 2009/09/17 v1.1 Trim spaces around a token list
))
(C:\Users\Lenovo\AppData\Local\Programs\MiKTeX\tex/latex/etoolbox\etoolbox.sty
Package: etoolbox 2025/10/02 v2.5m e-TeX tools for LaTeX (JAW)
\etb@tempcnta=\count325
)
\tcb@titlebox=\box68
\tcb@upperbox=\box69
\tcb@lowerbox=\box70
\tcb@phantombox=\box71
\c@tcbbreakpart=\count326
\c@tcblayer=\count327
\c@tcolorbox@number=\count328
\l__tcobox_tmpa_box=\box72
\l__tcobox_tmpa_dim=\dimen285
\tcb@temp=\box73
\tcb@temp=\box74
\tcb@temp=\box75
\tcb@temp=\box76
) (C:\Users\Lenovo\AppData\Local\Programs\MiKTeX\tex/latex/cancel\cancel.sty
Package: cancel 2013/04/12 v2.2 Cancel math terms
)
(C:\Users\Lenovo\AppData\Local\Programs\MiKTeX\tex/latex/carlisle\slashed.sty
Package: slashed 1997/01/16 v0.01 Feynman Slashed Character Notation (DPC)
)
(C:\Users\Lenovo\AppData\Local\Programs\MiKTeX\tex/latex/tools\array.sty
Package: array 2025/09/25 v2.6n Tabular extension package (FMi)
\col@sep=\dimen286
\ar@mcellbox=\box77
\extrarowheight=\dimen287
\NC@list=\toks47
\extratabsurround=\skip62
\backup@length=\skip63
\ar@cellbox=\box78
)
(C:\Users\Lenovo\AppData\Local\Programs\MiKTeX\tex/latex/booktabs\booktabs.sty
Package: booktabs 2020/01/12 v1.61803398 Publication quality tables
\heavyrulewidth=\dimen288
\lightrulewidth=\dimen289
\cmidrulewidth=\dimen290
\belowrulesep=\dimen291
\belowbottomsep=\dimen292
\aboverulesep=\dimen293
\abovetopsep=\dimen294
\cmidrulesep=\dimen295
\cmidrulekern=\dimen296
\defaultaddspace=\dimen297
\@cmidla=\count329
\@cmidlb=\count330
\@aboverulesep=\dimen298
\@belowrulesep=\dimen299
\@thisruleclass=\count331
\@lastruleclass=\count332
\@thisrulewidth=\dimen300
)
(C:\Users\Lenovo\AppData\Local\Programs\MiKTeX\tex/generic/pgf/frontendlayer/ti
kz/libraries\tikzlibrarypositioning.code.tex
File: tikzlibrarypositioning.code.tex 2025-08-29 v3.1.11a (3.1.11a)
)
(C:\Users\Lenovo\AppData\Local\Programs\MiKTeX\tex/generic/pgf/libraries\pgflib
raryarrows.meta.code.tex
File: pgflibraryarrows.meta.code.tex 2025-08-29 v3.1.11a (3.1.11a)
\pgfarrowinset=\dimen301
\pgfarrowlength=\dimen302
\pgfarrowwidth=\dimen303
\pgfarrowlinewidth=\dimen304
)
(C:\Users\Lenovo\AppData\Local\Programs\MiKTeX\tex/generic/pgf/frontendlayer/ti
kz/libraries\tikzlibraryshapes.geometric.code.tex
File: tikzlibraryshapes.geometric.code.tex 2025-08-29 v3.1.11a (3.1.11a)

(C:\Users\Lenovo\AppData\Local\Programs\MiKTeX\tex/generic/pgf/libraries/shapes
\pgflibraryshapes.geometric.code.tex
File: pgflibraryshapes.geometric.code.tex 2025-08-29 v3.1.11a (3.1.11a)
))
(C:\Users\Lenovo\AppData\Local\Programs\MiKTeX\tex/latex/hyperref\hyperref.sty
Package: hyperref 2025-07-12 v7.01o Hypertext links for LaTeX

(C:\Users\Lenovo\AppData\Local\Programs\MiKTeX\tex/latex/kvsetkeys\kvsetkeys.st
y
Package: kvsetkeys 2022-10-05 v1.19 Key value parser (HO)
)
(C:\Users\Lenovo\AppData\Local\Programs\MiKTeX\tex/generic/kvdefinekeys\kvdefin
ekeys.sty
Package: kvdefinekeys 2019-12-19 v1.6 Define keys (HO)
)
(C:\Users\Lenovo\AppData\Local\Programs\MiKTeX\tex/generic/pdfescape\pdfescape.
sty
Package: pdfescape 2019/12/09 v1.15 Implements pdfTeX's escape features (HO)

(C:\Users\Lenovo\AppData\Local\Programs\MiKTeX\tex/generic/ltxcmds\ltxcmds.sty
Package: ltxcmds 2023-12-04 v1.26 LaTeX kernel commands for general use (HO)
)
(C:\Users\Lenovo\AppData\Local\Programs\MiKTeX\tex/generic/pdftexcmds\pdftexcmd
s.sty
Package: pdftexcmds 2020-06-27 v0.33 Utility functions of pdfTeX for LuaTeX (HO
)

(C:\Users\Lenovo\AppData\Local\Programs\MiKTeX\tex/generic/infwarerr\infwarerr.
sty
Package: infwarerr 2019/12/03 v1.5 Providing info/warning/error messages (HO)
)
Package pdftexcmds Info: \pdf@primitive is available.
Package pdftexcmds Info: \pdf@ifprimitive is available.
Package pdftexcmds Info: \pdfdraftmode found.
))
(C:\Users\Lenovo\AppData\Local\Programs\MiKTeX\tex/latex/hycolor\hycolor.sty
Package: hycolor 2020-01-27 v1.10 Color options for hyperref/bookmark (HO)
)
(C:\Users\Lenovo\AppData\Local\Programs\MiKTeX\tex/latex/hyperref\nameref.sty
Package: nameref 2025-06-21 v2.57 Cross-referencing by name of section

(C:\Users\Lenovo\AppData\Local\Programs\MiKTeX\tex/latex/refcount\refcount.sty
Package: refcount 2019/12/15 v3.6 Data extraction from label references (HO)
)
(C:\Users\Lenovo\AppData\Local\Programs\MiKTeX\tex/generic/gettitlestring\getti
tlestring.sty
Package: gettitlestring 2019/12/15 v1.6 Cleanup title references (HO)

(C:\Users\Lenovo\AppData\Local\Programs\MiKTeX\tex/latex/kvoptions\kvoptions.st
y
Package: kvoptions 2022-06-15 v3.15 Key value format for package options (HO)
))
\c@section@level=\count333
)
(C:\Users\Lenovo\AppData\Local\Programs\MiKTeX\tex/generic/stringenc\stringenc.
sty
Package: stringenc 2019/11/29 v1.12 Convert strings between diff. encodings (HO
)
)
\@linkdim=\dimen305
\Hy@linkcounter=\count334
\Hy@pagecounter=\count335

(C:\Users\Lenovo\AppData\Local\Programs\MiKTeX\tex/latex/hyperref\pd1enc.def
File: pd1enc.def 2025-07-12 v7.01o Hyperref: PDFDocEncoding definition (HO)
Now handling font encoding PD1 ...
... no UTF-8 mapping file for font encoding PD1
)
(C:\Users\Lenovo\AppData\Local\Programs\MiKTeX\tex/generic/intcalc\intcalc.sty
Package: intcalc 2019/12/15 v1.3 Expandable calculations with integers (HO)
)
\Hy@SavedSpaceFactor=\count336
(C:\Users\Lenovo\AppData\Local\Programs\MiKTeX\tex/latex/hyperref\puenc.def
File: puenc.def 2025-07-12 v7.01o Hyperref: PDF Unicode definition (HO)
Now handling font encoding PU ...
... no UTF-8 mapping file for font encoding PU
)
Package hyperref Info: Option `breaklinks' set `true' on input line 4066.
Package hyperref Info: Hyper figures OFF on input line 4195.
Package hyperref Info: Link nesting OFF on input line 4200.
Package hyperref Info: Hyper index ON on input line 4203.
Package hyperref Info: Plain pages OFF on input line 4210.
Package hyperref Info: Backreferencing OFF on input line 4215.
Package hyperref Info: Implicit mode ON; LaTeX internals redefined.
Package hyperref Info: Bookmarks ON on input line 4462.
\c@Hy@tempcnt=\count337

(C:\Users\Lenovo\AppData\Local\Programs\MiKTeX\tex/latex/url\url.sty
\Urlmuskip=\muskip18
Package: url 2013/09/16  ver 3.4  Verb mode for urls, etc.
)
LaTeX Info: Redefining \url on input line 4801.
\XeTeXLinkMargin=\dimen306

(C:\Users\Lenovo\AppData\Local\Programs\MiKTeX\tex/generic/bitset\bitset.sty
Package: bitset 2019/12/09 v1.3 Handle bit-vector datatype (HO)

(C:\Users\Lenovo\AppData\Local\Programs\MiKTeX\tex/generic/bigintcalc\bigintcal
c.sty
Package: bigintcalc 2019/12/15 v1.5 Expandable calculations on big integers (HO
)
))
\Fld@menulength=\count338
\Field@Width=\dimen307
\Fld@charsize=\dimen308
Package hyperref Info: Hyper figures OFF on input line 6078.
Package hyperref Info: Link nesting OFF on input line 6083.
Package hyperref Info: Hyper index ON on input line 6086.
Package hyperref Info: backreferencing OFF on input line 6093.
Package hyperref Info: Link coloring OFF on input line 6098.
Package hyperref Info: Link coloring with OCG OFF on input line 6103.
Package hyperref Info: PDF/A mode OFF on input line 6108.
\Hy@abspage=\count339
\c@Item=\count340
\c@Hfootnote=\count341
)
Package hyperref Info: Driver: hpdftex.

(C:\Users\Lenovo\AppData\Local\Programs\MiKTeX\tex/latex/hyperref\hpdftex.def
File: hpdftex.def 2025-07-12 v7.01o Hyperref driver for pdfTeX
\Fld@listcount=\count342
\c@bookmark@seq@number=\count343

(C:\Users\Lenovo\AppData\Local\Programs\MiKTeX\tex/latex/rerunfilecheck\rerunfi
lecheck.sty
Package: rerunfilecheck 2025-06-21 v1.11 Rerun checks for auxiliary files (HO)

(C:\Users\Lenovo\AppData\Local\Programs\MiKTeX\tex/generic/uniquecounter\unique
counter.sty
Package: uniquecounter 2019/12/15 v1.4 Provide unlimited unique counter (HO)
)
Package uniquecounter Info: New unique counter `rerunfilecheck' on input line 2
84.
)
\Hy@SectionHShift=\skip64
)
Package hyperref Info: Option `colorlinks' set `true' on input line 50.
\c@theorem=\count344

(C:\Users\Lenovo\AppData\Local\Programs\MiKTeX\tex/generic/alphalph\alphalph.st
y
Package: alphalph 2019/12/09 v2.6 Convert numbers to letters (HO)
)) (document-info.tex)
(C:\Users\Lenovo\AppData\Local\Programs\MiKTeX\tex/latex/l3backend\l3backend-pd
ftex.def
File: l3backend-pdftex.def 2025-10-09 L3 backend support: PDF output (pdfTeX)
\l__color_backend_stack_int=\count345
) (yang_mills_master.aux

LaTeX Warning: Label `sec:conclusion' multiply defined.


LaTeX Warning: Label `thm:verification' multiply defined.


LaTeX Warning: Label `thm:main-chain' multiply defined.


LaTeX Warning: Label `thm:millennium-solution' multiply defined.


LaTeX Warning: Label `thm:decoupling' multiply defined.


LaTeX Warning: Label `thm:1d-uniform-complete' multiply defined.


LaTeX Warning: Label `thm:continuum-existence' multiply defined.


LaTeX Warning: Label `sec:hierarchical-lsi' multiply defined.


LaTeX Warning: Label `thm:interior-lsi' multiply defined.


LaTeX Warning: Label `thm:witten-index' multiply defined.


LaTeX Warning: Label `def:scale-setting' multiply defined.


LaTeX Warning: Label `thm:asymptotic-freedom' multiply defined.


LaTeX Warning: Label `cor:physical-gap' multiply defined.


LaTeX Warning: Label `def:mosco' multiply defined.


LaTeX Warning: Label `thm:os-reconstruction' multiply defined.


LaTeX Warning: Label `sec:complete-synthesis' multiply defined.


LaTeX Warning: Label `thm:character-expansion' multiply defined.


LaTeX Warning: Label `sec:explicit-constants' multiply defined.


LaTeX Warning: Label `thm:1d-lsi-complete' multiply defined.


LaTeX Warning: Label `thm:conditional-tensor' multiply defined.


LaTeX Warning: Label `thm:boundary-lsi' multiply defined.


LaTeX Warning: Label `sec:complete-proof' multiply defined.


LaTeX Warning: Label `thm:gks-gauge' multiply defined.


LaTeX Warning: Label `thm:decoupling-rigorous' multiply defined.


LaTeX Warning: Label `thm:adjoint-complete' multiply defined.


LaTeX Warning: Label `def:lattice-dirichlet' multiply defined.


LaTeX Warning: Label `thm:os-reconstruction' multiply defined.


LaTeX Warning: Label `thm:luscher-rigorous' multiply defined.


LaTeX Warning: Label `thm:gap-b-regularity' multiply defined.


LaTeX Warning: Label `thm:os-axioms' multiply defined.


LaTeX Warning: Label `sec:synthesis' multiply defined.


LaTeX Warning: Label `sec:rp-monotonicity' multiply defined.


LaTeX Warning: Label `ssec:numerical-bounds' multiply defined.


LaTeX Warning: Label `thm:cheeger-explicit' multiply defined.


LaTeX Warning: Label `thm:giles-teper-operator' multiply defined.


LaTeX Warning: Label `thm:witten-index' multiply defined.


LaTeX Warning: Label `thm:witten-index' multiply defined.

)
\openout1 = `yang_mills_master.aux'.

LaTeX Font Info:    Checking defaults for OML/cmm/m/it on input line 5.
LaTeX Font Info:    ... okay on input line 5.
LaTeX Font Info:    Checking defaults for OMS/cmsy/m/n on input line 5.
LaTeX Font Info:    ... okay on input line 5.
LaTeX Font Info:    Checking defaults for OT1/cmr/m/n on input line 5.
LaTeX Font Info:    ... okay on input line 5.
LaTeX Font Info:    Checking defaults for T1/cmr/m/n on input line 5.
LaTeX Font Info:    ... okay on input line 5.
LaTeX Font Info:    Checking defaults for TS1/cmr/m/n on input line 5.
LaTeX Font Info:    ... okay on input line 5.
LaTeX Font Info:    Checking defaults for OMX/cmex/m/n on input line 5.
LaTeX Font Info:    ... okay on input line 5.
LaTeX Font Info:    Checking defaults for U/cmr/m/n on input line 5.
LaTeX Font Info:    ... okay on input line 5.
LaTeX Font Info:    Checking defaults for PD1/pdf/m/n on input line 5.
LaTeX Font Info:    ... okay on input line 5.
LaTeX Font Info:    Checking defaults for PU/pdf/m/n on input line 5.
LaTeX Font Info:    ... okay on input line 5.

*geometry* driver: auto-detecting
*geometry* detected driver: pdftex
*geometry* verbose mode - [ preamble ] result:
* driver: pdftex
* paper: a4paper
* layout: <same size as paper>
* layoutoffset:(h,v)=(0.0pt,0.0pt)
* modes: 
* h-part:(L,W,R)=(72.26999pt, 452.9679pt, 72.26999pt)
* v-part:(T,H,B)=(72.26999pt, 700.50687pt, 72.26999pt)
* \paperwidth=597.50787pt
* \paperheight=845.04684pt
* \textwidth=452.9679pt
* \textheight=700.50687pt
* \oddsidemargin=0.0pt
* \evensidemargin=0.0pt
* \topmargin=-37.0pt
* \headheight=12.0pt
* \headsep=25.0pt
* \topskip=11.0pt
* \footskip=30.0pt
* \marginparwidth=50.0pt
* \marginparsep=10.0pt
* \columnsep=10.0pt
* \skip\footins=10.0pt plus 4.0pt minus 2.0pt
* \hoffset=0.0pt
* \voffset=0.0pt
* \mag=1000
* \@twocolumnfalse
* \@twosidefalse
* \@mparswitchfalse
* \@reversemarginfalse
* (1in=72.27pt=25.4mm, 1cm=28.453pt)


(C:\Users\Lenovo\AppData\Local\Programs\MiKTeX\tex/context/base/mkii\supp-pdf.m
kii
[Loading MPS to PDF converter (version 2006.09.02).]
\scratchcounter=\count346
\scratchdimen=\dimen309
\scratchbox=\box79
\nofMPsegments=\count347
\nofMParguments=\count348
\everyMPshowfont=\toks48
\MPscratchCnt=\count349
\MPscratchDim=\dimen310
\MPnumerator=\count350
\makeMPintoPDFobject=\count351
\everyMPtoPDFconversion=\toks49
)
(C:\Users\Lenovo\AppData\Local\Programs\MiKTeX\tex/latex/epstopdf-pkg\epstopdf-
base.sty
Package: epstopdf-base 2020-01-24 v2.11 Base part for package epstopdf
Package epstopdf-base Info: Redefining graphics rule for `.eps' on input line 4
85.

(C:\Users\Lenovo\AppData\Local\Programs\MiKTeX\tex/latex/00miktex\epstopdf-sys.
cfg
File: epstopdf-sys.cfg 2021/03/18 v2.0 Configuration of epstopdf for MiKTeX
))
Package hyperref Info: Link coloring ON on input line 5.
 (yang_mills_master.out) (yang_mills_master.out)
\@outlinefile=\write4
\openout4 = `yang_mills_master.out'.

LaTeX Font Info:    Trying to load font information for U+msa on input line 7.

(C:\Users\Lenovo\AppData\Local\Programs\MiKTeX\tex/latex/amsfonts\umsa.fd
File: umsa.fd 2013/01/14 v3.01 AMS symbols A
)
LaTeX Font Info:    Trying to load font information for U+msb on input line 7.

(C:\Users\Lenovo\AppData\Local\Programs\MiKTeX\tex/latex/amsfonts\umsb.fd
File: umsb.fd 2013/01/14 v3.01 AMS symbols B
)
LaTeX Font Info:    Trying to load font information for U+rsfs on input line 7.


(C:\Users\Lenovo\AppData\Local\Programs\MiKTeX\tex/latex/jknappen\ursfs.fd
File: ursfs.fd 1998/03/24 rsfs font definition file (jk)
)
(abstract_final.tex) (yang_mills_master.toc [1

{C:/Users/Lenovo/AppData/Local/MiKTeX/fonts/map/pdftex/pdftex.map}] [2]
Overfull \hbox (2.74149pt too wide) detected at line 78
\T1/cmr/bx/n/10.95 R.1 
 []


Overfull \hbox (2.74149pt too wide) detected at line 79
\T1/cmr/bx/n/10.95 R.2 
 []


Overfull \hbox (2.74149pt too wide) detected at line 81
\T1/cmr/bx/n/10.95 R.3 
 []


Overfull \hbox (2.74149pt too wide) detected at line 83
\T1/cmr/bx/n/10.95 R.4 
 []


Overfull \hbox (2.74149pt too wide) detected at line 88
\T1/cmr/bx/n/10.95 R.5 
 []


Overfull \hbox (2.74149pt too wide) detected at line 93
\T1/cmr/bx/n/10.95 R.6 
 []


Overfull \hbox (2.74149pt too wide) detected at line 94
\T1/cmr/bx/n/10.95 R.7 
 []


Overfull \hbox (2.74149pt too wide) detected at line 95
\T1/cmr/bx/n/10.95 R.8 
 []

[3]
Overfull \hbox (2.74149pt too wide) detected at line 99
\T1/cmr/bx/n/10.95 R.9 
 []


Overfull \hbox (8.99635pt too wide) detected at line 103
\T1/cmr/bx/n/10.95 R.10 
 []


Overfull \hbox (5.35326pt too wide) detected at line 104
\T1/cmr/m/n/10.95 R.10.1 
 []


Overfull \hbox (5.35326pt too wide) detected at line 105
\T1/cmr/m/n/10.95 R.10.2 
 []


Overfull \hbox (8.99635pt too wide) detected at line 106
\T1/cmr/bx/n/10.95 R.11 
 []


Overfull \hbox (5.35326pt too wide) detected at line 107
\T1/cmr/m/n/10.95 R.11.1 
 []


Overfull \hbox (5.35326pt too wide) detected at line 108
\T1/cmr/m/n/10.95 R.11.2 
 []


Overfull \hbox (5.35326pt too wide) detected at line 109
\T1/cmr/m/n/10.95 R.11.3 
 []


Overfull \hbox (8.99635pt too wide) detected at line 110
\T1/cmr/bx/n/10.95 R.12 
 []


Overfull \hbox (5.35326pt too wide) detected at line 111
\T1/cmr/m/n/10.95 R.12.1 
 []


Overfull \hbox (5.35326pt too wide) detected at line 112
\T1/cmr/m/n/10.95 R.12.2 
 []


Overfull \hbox (5.35326pt too wide) detected at line 113
\T1/cmr/m/n/10.95 R.12.3 
 []


Overfull \hbox (5.35326pt too wide) detected at line 114
\T1/cmr/m/n/10.95 R.12.4 
 []


Overfull \hbox (8.99635pt too wide) detected at line 115
\T1/cmr/bx/n/10.95 R.13 
 []


Overfull \hbox (5.35326pt too wide) detected at line 116
\T1/cmr/m/n/10.95 R.13.1 
 []


Overfull \hbox (5.35326pt too wide) detected at line 117
\T1/cmr/m/n/10.95 R.13.2 
 []


Overfull \hbox (5.35326pt too wide) detected at line 118
\T1/cmr/m/n/10.95 R.13.3 
 []


Overfull \hbox (8.99635pt too wide) detected at line 119
\T1/cmr/bx/n/10.95 R.14 
 []


Overfull \hbox (5.35326pt too wide) detected at line 120
\T1/cmr/m/n/10.95 R.14.1 
 []


Overfull \hbox (5.35326pt too wide) detected at line 121
\T1/cmr/m/n/10.95 R.14.2 
 []


Overfull \hbox (5.35326pt too wide) detected at line 122
\T1/cmr/m/n/10.95 R.14.3 
 []


Overfull \hbox (5.35326pt too wide) detected at line 123
\T1/cmr/m/n/10.95 R.14.4 
 []


Overfull \hbox (5.35326pt too wide) detected at line 124
\T1/cmr/m/n/10.95 R.14.5 
 []


Overfull \hbox (8.99635pt too wide) detected at line 125
\T1/cmr/bx/n/10.95 R.15 
 []


Overfull \hbox (5.35326pt too wide) detected at line 126
\T1/cmr/m/n/10.95 R.15.1 
 []


Overfull \hbox (5.35326pt too wide) detected at line 127
\T1/cmr/m/n/10.95 R.15.2 
 []


Overfull \hbox (5.35326pt too wide) detected at line 128
\T1/cmr/m/n/10.95 R.15.3 
 []


Overfull \hbox (5.35326pt too wide) detected at line 129
\T1/cmr/m/n/10.95 R.15.4 
 []


Overfull \hbox (5.35326pt too wide) detected at line 130
\T1/cmr/m/n/10.95 R.15.5 
 []


Overfull \hbox (5.35326pt too wide) detected at line 131
\T1/cmr/m/n/10.95 R.15.6 
 []


Overfull \hbox (8.99635pt too wide) detected at line 132
\T1/cmr/bx/n/10.95 R.16 
 []


Overfull \hbox (8.99635pt too wide) detected at line 133
\T1/cmr/bx/n/10.95 R.17 
 []


Overfull \hbox (5.35326pt too wide) detected at line 134
\T1/cmr/m/n/10.95 R.17.1 
 []


Overfull \hbox (5.35326pt too wide) detected at line 135
\T1/cmr/m/n/10.95 R.17.2 
 []


Overfull \hbox (5.35326pt too wide) detected at line 136
\T1/cmr/m/n/10.95 R.17.3 
 []


Overfull \hbox (5.35326pt too wide) detected at line 137
\T1/cmr/m/n/10.95 R.17.4 
 []


Overfull \hbox (5.35326pt too wide) detected at line 138
\T1/cmr/m/n/10.95 R.17.5 
 []


Overfull \hbox (5.35326pt too wide) detected at line 139
\T1/cmr/m/n/10.95 R.17.6 
 []

[4]
Overfull \hbox (8.99635pt too wide) detected at line 140
\T1/cmr/bx/n/10.95 R.18 
 []


Overfull \hbox (5.35326pt too wide) detected at line 141
\T1/cmr/m/n/10.95 R.18.1 
 []


Overfull \hbox (5.35326pt too wide) detected at line 142
\T1/cmr/m/n/10.95 R.18.2 
 []


Overfull \hbox (5.35326pt too wide) detected at line 143
\T1/cmr/m/n/10.95 R.18.3 
 []


Overfull \hbox (5.35326pt too wide) detected at line 144
\T1/cmr/m/n/10.95 R.18.4 
 []


Overfull \hbox (5.35326pt too wide) detected at line 145
\T1/cmr/m/n/10.95 R.18.5 
 []


Overfull \hbox (5.35326pt too wide) detected at line 146
\T1/cmr/m/n/10.95 R.18.6 
 []


Overfull \hbox (4.02426pt too wide) detected at line 147
\T1/cmr/m/n/10.95 R.18.6.1 
 []


Overfull \hbox (4.02426pt too wide) detected at line 148
\T1/cmr/m/n/10.95 R.18.6.2 
 []


Overfull \hbox (4.02426pt too wide) detected at line 149
\T1/cmr/m/n/10.95 R.18.6.3 
 []


Overfull \hbox (4.02426pt too wide) detected at line 150
\T1/cmr/m/n/10.95 R.18.6.4 
 []


Overfull \hbox (4.02426pt too wide) detected at line 151
\T1/cmr/m/n/10.95 R.18.6.5 
 []


Overfull \hbox (4.02426pt too wide) detected at line 152
\T1/cmr/m/n/10.95 R.18.6.6 
 []


Overfull \hbox (4.02426pt too wide) detected at line 153
\T1/cmr/m/n/10.95 R.18.6.7 
 []


Overfull \hbox (4.02426pt too wide) detected at line 154
\T1/cmr/m/n/10.95 R.18.6.8 
 []


Overfull \hbox (8.99635pt too wide) detected at line 155
\T1/cmr/bx/n/10.95 R.19 
 []


Overfull \hbox (5.35326pt too wide) detected at line 156
\T1/cmr/m/n/10.95 R.19.1 
 []


Overfull \hbox (5.35326pt too wide) detected at line 157
\T1/cmr/m/n/10.95 R.19.2 
 []


Overfull \hbox (4.02426pt too wide) detected at line 158
\T1/cmr/m/n/10.95 R.19.2.1 
 []


Overfull \hbox (4.02426pt too wide) detected at line 159
\T1/cmr/m/n/10.95 R.19.2.2 
 []


Overfull \hbox (4.02426pt too wide) detected at line 160
\T1/cmr/m/n/10.95 R.19.2.3 
 []


Overfull \hbox (5.35326pt too wide) detected at line 161
\T1/cmr/m/n/10.95 R.19.3 
 []


Overfull \hbox (4.02426pt too wide) detected at line 162
\T1/cmr/m/n/10.95 R.19.3.1 
 []


Overfull \hbox (4.02426pt too wide) detected at line 163
\T1/cmr/m/n/10.95 R.19.3.2 
 []


Overfull \hbox (4.02426pt too wide) detected at line 164
\T1/cmr/m/n/10.95 R.19.3.3 
 []


Overfull \hbox (5.35326pt too wide) detected at line 165
\T1/cmr/m/n/10.95 R.19.4 
 []


Overfull \hbox (5.35326pt too wide) detected at line 166
\T1/cmr/m/n/10.95 R.19.5 
 []


Overfull \hbox (8.99635pt too wide) detected at line 167
\T1/cmr/bx/n/10.95 R.20 
 []


Overfull \hbox (5.35326pt too wide) detected at line 168
\T1/cmr/m/n/10.95 R.20.1 
 []


Overfull \hbox (5.35326pt too wide) detected at line 169
\T1/cmr/m/n/10.95 R.20.2 
 []


Overfull \hbox (5.35326pt too wide) detected at line 170
\T1/cmr/m/n/10.95 R.20.3 
 []


Overfull \hbox (5.35326pt too wide) detected at line 171
\T1/cmr/m/n/10.95 R.20.4 
 []


Overfull \hbox (5.35326pt too wide) detected at line 172
\T1/cmr/m/n/10.95 R.20.5 
 []


Overfull \hbox (5.35326pt too wide) detected at line 173
\T1/cmr/m/n/10.95 R.20.6 
 []


Overfull \hbox (5.35326pt too wide) detected at line 174
\T1/cmr/m/n/10.95 R.20.7 
 []


Overfull \hbox (8.99635pt too wide) detected at line 175
\T1/cmr/bx/n/10.95 R.21 
 []


Overfull \hbox (5.35326pt too wide) detected at line 176
\T1/cmr/m/n/10.95 R.21.1 
 []


Overfull \hbox (5.35326pt too wide) detected at line 177
\T1/cmr/m/n/10.95 R.21.2 
 []


Overfull \hbox (5.35326pt too wide) detected at line 178
\T1/cmr/m/n/10.95 R.21.3 
 []


Overfull \hbox (5.35326pt too wide) detected at line 179
\T1/cmr/m/n/10.95 R.21.4 
 []


Overfull \hbox (5.35326pt too wide) detected at line 180
\T1/cmr/m/n/10.95 R.21.5 
 []


Overfull \hbox (5.35326pt too wide) detected at line 181
\T1/cmr/m/n/10.95 R.21.6 
 []


Overfull \hbox (5.35326pt too wide) detected at line 182
\T1/cmr/m/n/10.95 R.21.7 
 []


Overfull \hbox (5.35326pt too wide) detected at line 183
\T1/cmr/m/n/10.95 R.21.8 
 []


Overfull \hbox (5.35326pt too wide) detected at line 184
\T1/cmr/m/n/10.95 R.21.9 
 []


Overfull \hbox (10.7972pt too wide) detected at line 185
\T1/cmr/m/n/10.95 R.21.10 
 []


Overfull \hbox (8.99635pt too wide) detected at line 186
\T1/cmr/bx/n/10.95 R.22 
 []

[5]
Overfull \hbox (5.35326pt too wide) detected at line 187
\T1/cmr/m/n/10.95 R.22.1 
 []


Overfull \hbox (5.35326pt too wide) detected at line 188
\T1/cmr/m/n/10.95 R.22.2 
 []


Overfull \hbox (5.35326pt too wide) detected at line 189
\T1/cmr/m/n/10.95 R.22.3 
 []


Overfull \hbox (8.99635pt too wide) detected at line 190
\T1/cmr/bx/n/10.95 R.23 
 []


Overfull \hbox (5.35326pt too wide) detected at line 191
\T1/cmr/m/n/10.95 R.23.1 
 []


Overfull \hbox (5.35326pt too wide) detected at line 192
\T1/cmr/m/n/10.95 R.23.2 
 []


Overfull \hbox (5.35326pt too wide) detected at line 193
\T1/cmr/m/n/10.95 R.23.3 
 []


Overfull \hbox (5.35326pt too wide) detected at line 194
\T1/cmr/m/n/10.95 R.23.4 
 []


Overfull \hbox (5.35326pt too wide) detected at line 195
\T1/cmr/m/n/10.95 R.23.5 
 []


Overfull \hbox (8.99635pt too wide) detected at line 196
\T1/cmr/bx/n/10.95 R.24 
 []


Overfull \hbox (5.35326pt too wide) detected at line 197
\T1/cmr/m/n/10.95 R.24.1 
 []


Overfull \hbox (5.35326pt too wide) detected at line 198
\T1/cmr/m/n/10.95 R.24.2 
 []


Overfull \hbox (5.35326pt too wide) detected at line 199
\T1/cmr/m/n/10.95 R.24.3 
 []


Overfull \hbox (5.35326pt too wide) detected at line 200
\T1/cmr/m/n/10.95 R.24.4 
 []


Overfull \hbox (5.35326pt too wide) detected at line 201
\T1/cmr/m/n/10.95 R.24.5 
 []


Overfull \hbox (8.99635pt too wide) detected at line 202
\T1/cmr/bx/n/10.95 R.25 
 []


Overfull \hbox (5.35326pt too wide) detected at line 203
\T1/cmr/m/n/10.95 R.25.1 
 []


Overfull \hbox (5.35326pt too wide) detected at line 204
\T1/cmr/m/n/10.95 R.25.2 
 []


Overfull \hbox (5.35326pt too wide) detected at line 205
\T1/cmr/m/n/10.95 R.25.3 
 []


Overfull \hbox (5.35326pt too wide) detected at line 206
\T1/cmr/m/n/10.95 R.25.4 
 []


Overfull \hbox (8.99635pt too wide) detected at line 207
\T1/cmr/bx/n/10.95 R.26 
 []


Overfull \hbox (8.99635pt too wide) detected at line 208
\T1/cmr/bx/n/10.95 R.27 
 []


Overfull \hbox (5.35326pt too wide) detected at line 209
\T1/cmr/m/n/10.95 R.27.1 
 []


Overfull \hbox (5.35326pt too wide) detected at line 210
\T1/cmr/m/n/10.95 R.27.2 
 []


Overfull \hbox (5.35326pt too wide) detected at line 211
\T1/cmr/m/n/10.95 R.27.3 
 []


Overfull \hbox (5.35326pt too wide) detected at line 212
\T1/cmr/m/n/10.95 R.27.4 
 []


Overfull \hbox (5.35326pt too wide) detected at line 213
\T1/cmr/m/n/10.95 R.27.5 
 []


Overfull \hbox (5.35326pt too wide) detected at line 214
\T1/cmr/m/n/10.95 R.27.6 
 []


Overfull \hbox (8.99635pt too wide) detected at line 215
\T1/cmr/bx/n/10.95 R.28 
 []


Overfull \hbox (5.35326pt too wide) detected at line 216
\T1/cmr/m/n/10.95 R.28.1 
 []


Overfull \hbox (5.35326pt too wide) detected at line 217
\T1/cmr/m/n/10.95 R.28.2 
 []


Overfull \hbox (5.35326pt too wide) detected at line 218
\T1/cmr/m/n/10.95 R.28.3 
 []


Overfull \hbox (5.35326pt too wide) detected at line 219
\T1/cmr/m/n/10.95 R.28.4 
 []


Overfull \hbox (8.99635pt too wide) detected at line 220
\T1/cmr/bx/n/10.95 R.29 
 []


Overfull \hbox (5.35326pt too wide) detected at line 221
\T1/cmr/m/n/10.95 R.29.1 
 []


Overfull \hbox (5.35326pt too wide) detected at line 222
\T1/cmr/m/n/10.95 R.29.2 
 []


Overfull \hbox (5.35326pt too wide) detected at line 223
\T1/cmr/m/n/10.95 R.29.3 
 []


Overfull \hbox (5.35326pt too wide) detected at line 224
\T1/cmr/m/n/10.95 R.29.4 
 []


Overfull \hbox (5.35326pt too wide) detected at line 225
\T1/cmr/m/n/10.95 R.29.5 
 []


Overfull \hbox (5.35326pt too wide) detected at line 226
\T1/cmr/m/n/10.95 R.29.6 
 []


Overfull \hbox (8.99635pt too wide) detected at line 228
\T1/cmr/bx/n/10.95 R.30 
 []

[6]
Overfull \hbox (5.35326pt too wide) detected at line 229
\T1/cmr/m/n/10.95 R.30.1 
 []


Overfull \hbox (5.35326pt too wide) detected at line 230
\T1/cmr/m/n/10.95 R.30.2 
 []


Overfull \hbox (5.35326pt too wide) detected at line 231
\T1/cmr/m/n/10.95 R.30.3 
 []


Overfull \hbox (5.35326pt too wide) detected at line 232
\T1/cmr/m/n/10.95 R.30.4 
 []


Overfull \hbox (5.35326pt too wide) detected at line 233
\T1/cmr/m/n/10.95 R.30.5 
 []


Overfull \hbox (8.99635pt too wide) detected at line 234
\T1/cmr/bx/n/10.95 R.31 
 []


Overfull \hbox (5.35326pt too wide) detected at line 235
\T1/cmr/m/n/10.95 R.31.1 
 []


Overfull \hbox (5.35326pt too wide) detected at line 236
\T1/cmr/m/n/10.95 R.31.2 
 []


Overfull \hbox (5.35326pt too wide) detected at line 237
\T1/cmr/m/n/10.95 R.31.3 
 []


Overfull \hbox (5.35326pt too wide) detected at line 238
\T1/cmr/m/n/10.95 R.31.4 
 []


Overfull \hbox (5.35326pt too wide) detected at line 239
\T1/cmr/m/n/10.95 R.31.5 
 []


Overfull \hbox (8.99635pt too wide) detected at line 240
\T1/cmr/bx/n/10.95 R.32 
 []


Overfull \hbox (5.35326pt too wide) detected at line 241
\T1/cmr/m/n/10.95 R.32.1 
 []


Overfull \hbox (5.35326pt too wide) detected at line 242
\T1/cmr/m/n/10.95 R.32.2 
 []


Overfull \hbox (5.35326pt too wide) detected at line 243
\T1/cmr/m/n/10.95 R.32.3 
 []


Overfull \hbox (5.35326pt too wide) detected at line 244
\T1/cmr/m/n/10.95 R.32.4 
 []


Overfull \hbox (5.35326pt too wide) detected at line 245
\T1/cmr/m/n/10.95 R.32.5 
 []


Overfull \hbox (8.99635pt too wide) detected at line 246
\T1/cmr/bx/n/10.95 R.33 
 []


Overfull \hbox (5.35326pt too wide) detected at line 247
\T1/cmr/m/n/10.95 R.33.1 
 []


Overfull \hbox (5.35326pt too wide) detected at line 248
\T1/cmr/m/n/10.95 R.33.2 
 []


Overfull \hbox (5.35326pt too wide) detected at line 249
\T1/cmr/m/n/10.95 R.33.3 
 []


Overfull \hbox (5.35326pt too wide) detected at line 250
\T1/cmr/m/n/10.95 R.33.4 
 []


Overfull \hbox (8.99635pt too wide) detected at line 251
\T1/cmr/bx/n/10.95 R.34 
 []


Overfull \hbox (5.35326pt too wide) detected at line 252
\T1/cmr/m/n/10.95 R.34.1 
 []


Overfull \hbox (5.35326pt too wide) detected at line 253
\T1/cmr/m/n/10.95 R.34.2 
 []


Overfull \hbox (5.35326pt too wide) detected at line 254
\T1/cmr/m/n/10.95 R.34.3 
 []


Overfull \hbox (5.35326pt too wide) detected at line 255
\T1/cmr/m/n/10.95 R.34.4 
 []


Overfull \hbox (5.35326pt too wide) detected at line 256
\T1/cmr/m/n/10.95 R.34.5 
 []


Overfull \hbox (8.99635pt too wide) detected at line 257
\T1/cmr/bx/n/10.95 R.35 
 []


Overfull \hbox (8.99635pt too wide) detected at line 258
\T1/cmr/bx/n/10.95 R.36 
 []


Overfull \hbox (5.35326pt too wide) detected at line 259
\T1/cmr/m/n/10.95 R.36.1 
 []


Overfull \hbox (5.35326pt too wide) detected at line 260
\T1/cmr/m/n/10.95 R.36.2 
 []


Overfull \hbox (5.35326pt too wide) detected at line 261
\T1/cmr/m/n/10.95 R.36.3 
 []


Overfull \hbox (5.35326pt too wide) detected at line 262
\T1/cmr/m/n/10.95 R.36.4 
 []


Overfull \hbox (5.35326pt too wide) detected at line 263
\T1/cmr/m/n/10.95 R.36.5 
 []


Overfull \hbox (5.35326pt too wide) detected at line 264
\T1/cmr/m/n/10.95 R.36.6 
 []


Overfull \hbox (5.35326pt too wide) detected at line 265
\T1/cmr/m/n/10.95 R.36.7 
 []


Overfull \hbox (5.35326pt too wide) detected at line 266
\T1/cmr/m/n/10.95 R.36.8 
 []


Overfull \hbox (5.35326pt too wide) detected at line 267
\T1/cmr/m/n/10.95 R.36.9 
 []


Overfull \hbox (8.99635pt too wide) detected at line 268
\T1/cmr/bx/n/10.95 R.37 
 []


Overfull \hbox (5.35326pt too wide) detected at line 269
\T1/cmr/m/n/10.95 R.37.1 
 []


Overfull \hbox (5.35326pt too wide) detected at line 270
\T1/cmr/m/n/10.95 R.37.2 
 []


Overfull \hbox (5.35326pt too wide) detected at line 271
\T1/cmr/m/n/10.95 R.37.3 
 []


Overfull \hbox (5.35326pt too wide) detected at line 272
\T1/cmr/m/n/10.95 R.37.4 
 []


Overfull \hbox (5.35326pt too wide) detected at line 273
\T1/cmr/m/n/10.95 R.37.5 
 []

[7]
Overfull \hbox (4.02426pt too wide) detected at line 274
\T1/cmr/m/n/10.95 R.37.5.1 
 []


Overfull \hbox (5.35326pt too wide) detected at line 275
\T1/cmr/m/n/10.95 R.37.6 
 []


Overfull \hbox (5.35326pt too wide) detected at line 276
\T1/cmr/m/n/10.95 R.37.7 
 []


Overfull \hbox (8.99635pt too wide) detected at line 277
\T1/cmr/bx/n/10.95 R.38 
 []


Overfull \hbox (5.35326pt too wide) detected at line 278
\T1/cmr/m/n/10.95 R.38.1 
 []


Overfull \hbox (5.35326pt too wide) detected at line 279
\T1/cmr/m/n/10.95 R.38.2 
 []


Overfull \hbox (5.35326pt too wide) detected at line 280
\T1/cmr/m/n/10.95 R.38.3 
 []


Overfull \hbox (5.35326pt too wide) detected at line 281
\T1/cmr/m/n/10.95 R.38.4 
 []


Overfull \hbox (5.35326pt too wide) detected at line 282
\T1/cmr/m/n/10.95 R.38.5 
 []


Overfull \hbox (5.35326pt too wide) detected at line 283
\T1/cmr/m/n/10.95 R.38.6 
 []


Overfull \hbox (5.35326pt too wide) detected at line 284
\T1/cmr/m/n/10.95 R.38.7 
 []


Overfull \hbox (5.35326pt too wide) detected at line 285
\T1/cmr/m/n/10.95 R.38.8 
 []


Overfull \hbox (5.35326pt too wide) detected at line 286
\T1/cmr/m/n/10.95 R.38.9 
 []


Overfull \hbox (10.7972pt too wide) detected at line 287
\T1/cmr/m/n/10.95 R.38.10 
 []


Overfull \hbox (10.7972pt too wide) detected at line 288
\T1/cmr/m/n/10.95 R.38.11 
 []


Overfull \hbox (10.7972pt too wide) detected at line 289
\T1/cmr/m/n/10.95 R.38.12 
 []


Overfull \hbox (8.99635pt too wide) detected at line 290
\T1/cmr/bx/n/10.95 R.39 
 []


Overfull \hbox (5.35326pt too wide) detected at line 291
\T1/cmr/m/n/10.95 R.39.1 
 []


Overfull \hbox (5.35326pt too wide) detected at line 292
\T1/cmr/m/n/10.95 R.39.2 
 []


Overfull \hbox (8.99635pt too wide) detected at line 293
\T1/cmr/bx/n/10.95 R.40 
 []


Overfull \hbox (5.35326pt too wide) detected at line 294
\T1/cmr/m/n/10.95 R.40.1 
 []


Overfull \hbox (5.35326pt too wide) detected at line 295
\T1/cmr/m/n/10.95 R.40.2 
 []


Overfull \hbox (8.99635pt too wide) detected at line 296
\T1/cmr/bx/n/10.95 R.41 
 []


Overfull \hbox (5.35326pt too wide) detected at line 297
\T1/cmr/m/n/10.95 R.41.1 
 []


Overfull \hbox (5.35326pt too wide) detected at line 298
\T1/cmr/m/n/10.95 R.41.2 
 []


Overfull \hbox (8.99635pt too wide) detected at line 299
\T1/cmr/bx/n/10.95 R.42 
 []


Overfull \hbox (5.35326pt too wide) detected at line 300
\T1/cmr/m/n/10.95 R.42.1 
 []


Overfull \hbox (5.35326pt too wide) detected at line 301
\T1/cmr/m/n/10.95 R.42.2 
 []


Overfull \hbox (5.35326pt too wide) detected at line 302
\T1/cmr/m/n/10.95 R.42.3 
 []


Overfull \hbox (5.35326pt too wide) detected at line 303
\T1/cmr/m/n/10.95 R.42.4 
 []


Overfull \hbox (5.35326pt too wide) detected at line 304
\T1/cmr/m/n/10.95 R.42.5 
 []


Overfull \hbox (8.99635pt too wide) detected at line 305
\T1/cmr/bx/n/10.95 R.43 
 []


Overfull \hbox (5.35326pt too wide) detected at line 306
\T1/cmr/m/n/10.95 R.43.1 
 []


Overfull \hbox (5.35326pt too wide) detected at line 307
\T1/cmr/m/n/10.95 R.43.2 
 []


Overfull \hbox (5.35326pt too wide) detected at line 308
\T1/cmr/m/n/10.95 R.43.3 
 []


Overfull \hbox (5.35326pt too wide) detected at line 309
\T1/cmr/m/n/10.95 R.43.4 
 []


Overfull \hbox (5.35326pt too wide) detected at line 310
\T1/cmr/m/n/10.95 R.43.5 
 []


Overfull \hbox (5.35326pt too wide) detected at line 311
\T1/cmr/m/n/10.95 R.43.6 
 []


Overfull \hbox (5.35326pt too wide) detected at line 312
\T1/cmr/m/n/10.95 R.43.7 
 []


Overfull \hbox (5.35326pt too wide) detected at line 313
\T1/cmr/m/n/10.95 R.43.8 
 []


Overfull \hbox (5.35326pt too wide) detected at line 314
\T1/cmr/m/n/10.95 R.43.9 
 []


Overfull \hbox (10.7972pt too wide) detected at line 315
\T1/cmr/m/n/10.95 R.43.10 
 []


Overfull \hbox (8.99635pt too wide) detected at line 316
\T1/cmr/bx/n/10.95 R.44 
 []


Overfull \hbox (5.35326pt too wide) detected at line 317
\T1/cmr/m/n/10.95 R.44.1 
 []


Overfull \hbox (5.35326pt too wide) detected at line 318
\T1/cmr/m/n/10.95 R.44.2 
 []


Overfull \hbox (5.35326pt too wide) detected at line 319
\T1/cmr/m/n/10.95 R.44.3 
 []

[8]
Overfull \hbox (5.35326pt too wide) detected at line 320
\T1/cmr/m/n/10.95 R.44.4 
 []


Overfull \hbox (4.02426pt too wide) detected at line 321
\T1/cmr/m/n/10.95 R.44.4.1 
 []


Overfull \hbox (4.02426pt too wide) detected at line 322
\T1/cmr/m/n/10.95 R.44.4.2 
 []


Overfull \hbox (4.02426pt too wide) detected at line 323
\T1/cmr/m/n/10.95 R.44.4.3 
 []


Overfull \hbox (5.35326pt too wide) detected at line 324
\T1/cmr/m/n/10.95 R.44.5 
 []


Overfull \hbox (4.02426pt too wide) detected at line 325
\T1/cmr/m/n/10.95 R.44.5.1 
 []


Overfull \hbox (4.02426pt too wide) detected at line 326
\T1/cmr/m/n/10.95 R.44.5.2 
 []


Overfull \hbox (4.02426pt too wide) detected at line 327
\T1/cmr/m/n/10.95 R.44.5.3 
 []


Overfull \hbox (4.02426pt too wide) detected at line 328
\T1/cmr/m/n/10.95 R.44.5.4 
 []


Overfull \hbox (5.35326pt too wide) detected at line 329
\T1/cmr/m/n/10.95 R.44.6 
 []


Overfull \hbox (5.35326pt too wide) detected at line 330
\T1/cmr/m/n/10.95 R.44.7 
 []


Overfull \hbox (4.02426pt too wide) detected at line 331
\T1/cmr/m/n/10.95 R.44.7.1 
 []


Overfull \hbox (4.02426pt too wide) detected at line 332
\T1/cmr/m/n/10.95 R.44.7.2 
 []


Overfull \hbox (4.02426pt too wide) detected at line 333
\T1/cmr/m/n/10.95 R.44.7.3 
 []


Overfull \hbox (4.02426pt too wide) detected at line 334
\T1/cmr/m/n/10.95 R.44.7.4 
 []


Overfull \hbox (5.35326pt too wide) detected at line 335
\T1/cmr/m/n/10.95 R.44.8 
 []


Overfull \hbox (5.35326pt too wide) detected at line 336
\T1/cmr/m/n/10.95 R.44.9 
 []


Overfull \hbox (10.7972pt too wide) detected at line 337
\T1/cmr/m/n/10.95 R.44.10 
 []


Overfull \hbox (10.7972pt too wide) detected at line 338
\T1/cmr/m/n/10.95 R.44.11 
 []


Overfull \hbox (9.4682pt too wide) detected at line 339
\T1/cmr/m/n/10.95 R.44.11.1 
 []


Overfull \hbox (9.4682pt too wide) detected at line 340
\T1/cmr/m/n/10.95 R.44.11.2 
 []


Overfull \hbox (9.4682pt too wide) detected at line 341
\T1/cmr/m/n/10.95 R.44.11.3 
 []


Overfull \hbox (9.4682pt too wide) detected at line 342
\T1/cmr/m/n/10.95 R.44.11.4 
 []


Overfull \hbox (9.4682pt too wide) detected at line 343
\T1/cmr/m/n/10.95 R.44.11.5 
 []


Overfull \hbox (10.7972pt too wide) detected at line 344
\T1/cmr/m/n/10.95 R.44.12 
 []


Overfull \hbox (8.99635pt too wide) detected at line 345
\T1/cmr/bx/n/10.95 R.45 
 []


Overfull \hbox (5.35326pt too wide) detected at line 346
\T1/cmr/m/n/10.95 R.45.1 
 []


Overfull \hbox (5.35326pt too wide) detected at line 347
\T1/cmr/m/n/10.95 R.45.2 
 []


Overfull \hbox (4.02426pt too wide) detected at line 348
\T1/cmr/m/n/10.95 R.45.2.1 
 []


Overfull \hbox (5.35326pt too wide) detected at line 349
\T1/cmr/m/n/10.95 R.45.3 
 []


Overfull \hbox (5.35326pt too wide) detected at line 350
\T1/cmr/m/n/10.95 R.45.4 
 []


Overfull \hbox (5.35326pt too wide) detected at line 351
\T1/cmr/m/n/10.95 R.45.5 
 []


Overfull \hbox (8.99635pt too wide) detected at line 352
\T1/cmr/bx/n/10.95 R.46 
 []


Overfull \hbox (5.35326pt too wide) detected at line 353
\T1/cmr/m/n/10.95 R.46.1 
 []


Overfull \hbox (5.35326pt too wide) detected at line 354
\T1/cmr/m/n/10.95 R.46.2 
 []


Overfull \hbox (5.35326pt too wide) detected at line 355
\T1/cmr/m/n/10.95 R.46.3 
 []


Overfull \hbox (5.35326pt too wide) detected at line 356
\T1/cmr/m/n/10.95 R.46.4 
 []


Overfull \hbox (8.99635pt too wide) detected at line 357
\T1/cmr/bx/n/10.95 R.47 
 []


Overfull \hbox (5.35326pt too wide) detected at line 358
\T1/cmr/m/n/10.95 R.47.1 
 []


Overfull \hbox (5.35326pt too wide) detected at line 359
\T1/cmr/m/n/10.95 R.47.2 
 []


Overfull \hbox (4.02426pt too wide) detected at line 360
\T1/cmr/m/n/10.95 R.47.2.1 
 []


Overfull \hbox (4.02426pt too wide) detected at line 361
\T1/cmr/m/n/10.95 R.47.2.2 
 []


Overfull \hbox (4.02426pt too wide) detected at line 362
\T1/cmr/m/n/10.95 R.47.2.3 
 []


Overfull \hbox (4.02426pt too wide) detected at line 363
\T1/cmr/m/n/10.95 R.47.2.4 
 []


Overfull \hbox (5.35326pt too wide) detected at line 364
\T1/cmr/m/n/10.95 R.47.3 
 []

[9]
Overfull \hbox (5.35326pt too wide) detected at line 365
\T1/cmr/m/n/10.95 R.47.4 
 []


Overfull \hbox (5.35326pt too wide) detected at line 366
\T1/cmr/m/n/10.95 R.47.5 
 []


Overfull \hbox (5.35326pt too wide) detected at line 367
\T1/cmr/m/n/10.95 R.47.6 
 []


Overfull \hbox (8.99635pt too wide) detected at line 368
\T1/cmr/bx/n/10.95 R.48 
 []


Overfull \hbox (5.35326pt too wide) detected at line 369
\T1/cmr/m/n/10.95 R.48.1 
 []


Overfull \hbox (5.35326pt too wide) detected at line 370
\T1/cmr/m/n/10.95 R.48.2 
 []


Overfull \hbox (5.35326pt too wide) detected at line 371
\T1/cmr/m/n/10.95 R.48.3 
 []


Overfull \hbox (5.35326pt too wide) detected at line 372
\T1/cmr/m/n/10.95 R.48.4 
 []


Overfull \hbox (5.35326pt too wide) detected at line 373
\T1/cmr/m/n/10.95 R.48.5 
 []


Overfull \hbox (5.35326pt too wide) detected at line 374
\T1/cmr/m/n/10.95 R.48.6 
 []


Overfull \hbox (4.02426pt too wide) detected at line 375
\T1/cmr/m/n/10.95 R.48.6.1 
 []


Overfull \hbox (5.35326pt too wide) detected at line 376
\T1/cmr/m/n/10.95 R.48.7 
 []


Overfull \hbox (5.35326pt too wide) detected at line 377
\T1/cmr/m/n/10.95 R.48.8 
 []


Overfull \hbox (5.35326pt too wide) detected at line 378
\T1/cmr/m/n/10.95 R.48.9 
 []


Overfull \hbox (10.7972pt too wide) detected at line 379
\T1/cmr/m/n/10.95 R.48.10 
 []


Overfull \hbox (8.99635pt too wide) detected at line 380
\T1/cmr/bx/n/10.95 R.49 
 []


Overfull \hbox (5.35326pt too wide) detected at line 381
\T1/cmr/m/n/10.95 R.49.1 
 []


Overfull \hbox (5.35326pt too wide) detected at line 382
\T1/cmr/m/n/10.95 R.49.2 
 []


Overfull \hbox (5.35326pt too wide) detected at line 383
\T1/cmr/m/n/10.95 R.49.3 
 []


Overfull \hbox (8.99635pt too wide) detected at line 384
\T1/cmr/bx/n/10.95 R.50 
 []


Overfull \hbox (5.35326pt too wide) detected at line 385
\T1/cmr/m/n/10.95 R.50.1 
 []


Overfull \hbox (5.35326pt too wide) detected at line 386
\T1/cmr/m/n/10.95 R.50.2 
 []


Overfull \hbox (5.35326pt too wide) detected at line 387
\T1/cmr/m/n/10.95 R.50.3 
 []


Overfull \hbox (5.35326pt too wide) detected at line 388
\T1/cmr/m/n/10.95 R.50.4 
 []


Overfull \hbox (8.99635pt too wide) detected at line 389
\T1/cmr/bx/n/10.95 R.51 
 []


Overfull \hbox (5.35326pt too wide) detected at line 390
\T1/cmr/m/n/10.95 R.51.1 
 []


Overfull \hbox (5.35326pt too wide) detected at line 391
\T1/cmr/m/n/10.95 R.51.2 
 []


Overfull \hbox (5.35326pt too wide) detected at line 392
\T1/cmr/m/n/10.95 R.51.3 
 []


Overfull \hbox (5.35326pt too wide) detected at line 393
\T1/cmr/m/n/10.95 R.51.4 
 []


Overfull \hbox (5.35326pt too wide) detected at line 394
\T1/cmr/m/n/10.95 R.51.5 
 []


Overfull \hbox (8.99635pt too wide) detected at line 395
\T1/cmr/bx/n/10.95 R.52 
 []


Overfull \hbox (5.35326pt too wide) detected at line 396
\T1/cmr/m/n/10.95 R.52.1 
 []


Overfull \hbox (5.35326pt too wide) detected at line 397
\T1/cmr/m/n/10.95 R.52.2 
 []


Overfull \hbox (5.35326pt too wide) detected at line 399
\T1/cmr/m/n/10.95 R.52.3 
 []


Overfull \hbox (5.35326pt too wide) detected at line 400
\T1/cmr/m/n/10.95 R.52.4 
 []


Overfull \hbox (5.35326pt too wide) detected at line 401
\T1/cmr/m/n/10.95 R.52.5 
 []


Overfull \hbox (5.35326pt too wide) detected at line 402
\T1/cmr/m/n/10.95 R.52.6 
 []


Overfull \hbox (5.35326pt too wide) detected at line 403
\T1/cmr/m/n/10.95 R.52.7 
 []


Overfull \hbox (5.35326pt too wide) detected at line 404
\T1/cmr/m/n/10.95 R.52.8 
 []


Overfull \hbox (8.99635pt too wide) detected at line 405
\T1/cmr/bx/n/10.95 R.53 
 []


Overfull \hbox (5.35326pt too wide) detected at line 406
\T1/cmr/m/n/10.95 R.53.1 
 []


Overfull \hbox (5.35326pt too wide) detected at line 407
\T1/cmr/m/n/10.95 R.53.2 
 []


Overfull \hbox (5.35326pt too wide) detected at line 408
\T1/cmr/m/n/10.95 R.53.3 
 []


Overfull \hbox (5.35326pt too wide) detected at line 409
\T1/cmr/m/n/10.95 R.53.4 
 []


Overfull \hbox (5.35326pt too wide) detected at line 410
\T1/cmr/m/n/10.95 R.53.5 
 []

[10]
Overfull \hbox (5.35326pt too wide) detected at line 411
\T1/cmr/m/n/10.95 R.53.6 
 []


Overfull \hbox (8.99635pt too wide) detected at line 412
\T1/cmr/bx/n/10.95 R.54 
 []


Overfull \hbox (5.35326pt too wide) detected at line 413
\T1/cmr/m/n/10.95 R.54.1 
 []


Overfull \hbox (5.35326pt too wide) detected at line 414
\T1/cmr/m/n/10.95 R.54.2 
 []


Overfull \hbox (5.35326pt too wide) detected at line 415
\T1/cmr/m/n/10.95 R.54.3 
 []


Overfull \hbox (5.35326pt too wide) detected at line 416
\T1/cmr/m/n/10.95 R.54.4 
 []


Overfull \hbox (8.99635pt too wide) detected at line 417
\T1/cmr/bx/n/10.95 R.55 
 []


Overfull \hbox (5.35326pt too wide) detected at line 418
\T1/cmr/m/n/10.95 R.55.1 
 []


Overfull \hbox (5.35326pt too wide) detected at line 419
\T1/cmr/m/n/10.95 R.55.2 
 []


Overfull \hbox (5.35326pt too wide) detected at line 420
\T1/cmr/m/n/10.95 R.55.3 
 []


Overfull \hbox (5.35326pt too wide) detected at line 421
\T1/cmr/m/n/10.95 R.55.4 
 []


Overfull \hbox (8.99635pt too wide) detected at line 422
\T1/cmr/bx/n/10.95 R.56 
 []


Overfull \hbox (5.35326pt too wide) detected at line 423
\T1/cmr/m/n/10.95 R.56.1 
 []


Overfull \hbox (5.35326pt too wide) detected at line 424
\T1/cmr/m/n/10.95 R.56.2 
 []


Overfull \hbox (5.35326pt too wide) detected at line 425
\T1/cmr/m/n/10.95 R.56.3 
 []


Overfull \hbox (5.35326pt too wide) detected at line 426
\T1/cmr/m/n/10.95 R.56.4 
 []


Overfull \hbox (5.35326pt too wide) detected at line 427
\T1/cmr/m/n/10.95 R.56.5 
 []


Overfull \hbox (5.35326pt too wide) detected at line 428
\T1/cmr/m/n/10.95 R.56.6 
 []


Overfull \hbox (5.35326pt too wide) detected at line 429
\T1/cmr/m/n/10.95 R.56.7 
 []


Overfull \hbox (5.35326pt too wide) detected at line 430
\T1/cmr/m/n/10.95 R.56.8 
 []


Overfull \hbox (5.35326pt too wide) detected at line 431
\T1/cmr/m/n/10.95 R.56.9 
 []


Overfull \hbox (8.99635pt too wide) detected at line 432
\T1/cmr/bx/n/10.95 R.57 
 []


Overfull \hbox (5.35326pt too wide) detected at line 433
\T1/cmr/m/n/10.95 R.57.1 
 []


Overfull \hbox (5.35326pt too wide) detected at line 434
\T1/cmr/m/n/10.95 R.57.2 
 []


Overfull \hbox (5.35326pt too wide) detected at line 435
\T1/cmr/m/n/10.95 R.57.3 
 []


Overfull \hbox (5.35326pt too wide) detected at line 436
\T1/cmr/m/n/10.95 R.57.4 
 []


Overfull \hbox (5.35326pt too wide) detected at line 437
\T1/cmr/m/n/10.95 R.57.5 
 []


Overfull \hbox (5.35326pt too wide) detected at line 438
\T1/cmr/m/n/10.95 R.57.6 
 []


Overfull \hbox (5.35326pt too wide) detected at line 439
\T1/cmr/m/n/10.95 R.57.7 
 []


Overfull \hbox (5.35326pt too wide) detected at line 440
\T1/cmr/m/n/10.95 R.57.8 
 []


Overfull \hbox (8.99635pt too wide) detected at line 441
\T1/cmr/bx/n/10.95 R.58 
 []


Overfull \hbox (5.35326pt too wide) detected at line 442
\T1/cmr/m/n/10.95 R.58.1 
 []


Overfull \hbox (5.35326pt too wide) detected at line 443
\T1/cmr/m/n/10.95 R.58.2 
 []


Overfull \hbox (5.35326pt too wide) detected at line 444
\T1/cmr/m/n/10.95 R.58.3 
 []


Overfull \hbox (5.35326pt too wide) detected at line 445
\T1/cmr/m/n/10.95 R.58.4 
 []


Overfull \hbox (5.35326pt too wide) detected at line 446
\T1/cmr/m/n/10.95 R.58.5 
 []


Overfull \hbox (5.35326pt too wide) detected at line 447
\T1/cmr/m/n/10.95 R.58.6 
 []


Overfull \hbox (5.35326pt too wide) detected at line 448
\T1/cmr/m/n/10.95 R.58.7 
 []


Overfull \hbox (5.35326pt too wide) detected at line 449
\T1/cmr/m/n/10.95 R.58.8 
 []


Overfull \hbox (8.99635pt too wide) detected at line 450
\T1/cmr/bx/n/10.95 R.59 
 []


Overfull \hbox (5.35326pt too wide) detected at line 451
\T1/cmr/m/n/10.95 R.59.1 
 []


Overfull \hbox (5.35326pt too wide) detected at line 452
\T1/cmr/m/n/10.95 R.59.2 
 []


Overfull \hbox (5.35326pt too wide) detected at line 453
\T1/cmr/m/n/10.95 R.59.3 
 []


Overfull \hbox (5.35326pt too wide) detected at line 454
\T1/cmr/m/n/10.95 R.59.4 
 []


Overfull \hbox (5.35326pt too wide) detected at line 455
\T1/cmr/m/n/10.95 R.59.5 
 []


Overfull \hbox (5.35326pt too wide) detected at line 456
\T1/cmr/m/n/10.95 R.59.6 
 []

[11]
Overfull \hbox (5.35326pt too wide) detected at line 457
\T1/cmr/m/n/10.95 R.59.7 
 []


Overfull \hbox (8.99635pt too wide) detected at line 458
\T1/cmr/bx/n/10.95 R.60 
 []


Overfull \hbox (5.35326pt too wide) detected at line 459
\T1/cmr/m/n/10.95 R.60.1 
 []


Overfull \hbox (5.35326pt too wide) detected at line 460
\T1/cmr/m/n/10.95 R.60.2 
 []


Overfull \hbox (5.35326pt too wide) detected at line 461
\T1/cmr/m/n/10.95 R.60.3 
 []


Overfull \hbox (5.35326pt too wide) detected at line 462
\T1/cmr/m/n/10.95 R.60.4 
 []


Overfull \hbox (5.35326pt too wide) detected at line 463
\T1/cmr/m/n/10.95 R.60.5 
 []


Overfull \hbox (5.35326pt too wide) detected at line 464
\T1/cmr/m/n/10.95 R.60.6 
 []


Overfull \hbox (5.35326pt too wide) detected at line 465
\T1/cmr/m/n/10.95 R.60.7 
 []


Overfull \hbox (8.99635pt too wide) detected at line 466
\T1/cmr/bx/n/10.95 R.61 
 []


Overfull \hbox (5.35326pt too wide) detected at line 467
\T1/cmr/m/n/10.95 R.61.1 
 []


Overfull \hbox (5.35326pt too wide) detected at line 468
\T1/cmr/m/n/10.95 R.61.2 
 []


Overfull \hbox (5.35326pt too wide) detected at line 469
\T1/cmr/m/n/10.95 R.61.3 
 []


Overfull \hbox (5.35326pt too wide) detected at line 470
\T1/cmr/m/n/10.95 R.61.4 
 []


Overfull \hbox (5.35326pt too wide) detected at line 471
\T1/cmr/m/n/10.95 R.61.5 
 []


Overfull \hbox (5.35326pt too wide) detected at line 472
\T1/cmr/m/n/10.95 R.61.6 
 []


Overfull \hbox (5.35326pt too wide) detected at line 473
\T1/cmr/m/n/10.95 R.61.7 
 []


Overfull \hbox (5.35326pt too wide) detected at line 474
\T1/cmr/m/n/10.95 R.61.8 
 []


Overfull \hbox (8.99635pt too wide) detected at line 475
\T1/cmr/bx/n/10.95 R.62 
 []


Overfull \hbox (5.35326pt too wide) detected at line 476
\T1/cmr/m/n/10.95 R.62.1 
 []


Overfull \hbox (5.35326pt too wide) detected at line 477
\T1/cmr/m/n/10.95 R.62.2 
 []


Overfull \hbox (5.35326pt too wide) detected at line 478
\T1/cmr/m/n/10.95 R.62.3 
 []


Overfull \hbox (5.35326pt too wide) detected at line 479
\T1/cmr/m/n/10.95 R.62.4 
 []


Overfull \hbox (5.35326pt too wide) detected at line 480
\T1/cmr/m/n/10.95 R.62.5 
 []


Overfull \hbox (5.35326pt too wide) detected at line 481
\T1/cmr/m/n/10.95 R.62.6 
 []


Overfull \hbox (5.35326pt too wide) detected at line 482
\T1/cmr/m/n/10.95 R.62.7 
 []


Overfull \hbox (5.35326pt too wide) detected at line 483
\T1/cmr/m/n/10.95 R.62.8 
 []


Overfull \hbox (8.99635pt too wide) detected at line 484
\T1/cmr/bx/n/10.95 R.63 
 []


Overfull \hbox (5.35326pt too wide) detected at line 485
\T1/cmr/m/n/10.95 R.63.1 
 []


Overfull \hbox (5.35326pt too wide) detected at line 486
\T1/cmr/m/n/10.95 R.63.2 
 []


Overfull \hbox (5.35326pt too wide) detected at line 487
\T1/cmr/m/n/10.95 R.63.3 
 []


Overfull \hbox (5.35326pt too wide) detected at line 488
\T1/cmr/m/n/10.95 R.63.4 
 []


Overfull \hbox (5.35326pt too wide) detected at line 489
\T1/cmr/m/n/10.95 R.63.5 
 []


Overfull \hbox (5.35326pt too wide) detected at line 490
\T1/cmr/m/n/10.95 R.63.6 
 []


Overfull \hbox (5.35326pt too wide) detected at line 491
\T1/cmr/m/n/10.95 R.63.7 
 []


Overfull \hbox (5.35326pt too wide) detected at line 492
\T1/cmr/m/n/10.95 R.63.8 
 []


Overfull \hbox (8.99635pt too wide) detected at line 493
\T1/cmr/bx/n/10.95 R.64 
 []


Overfull \hbox (5.35326pt too wide) detected at line 494
\T1/cmr/m/n/10.95 R.64.1 
 []


Overfull \hbox (5.35326pt too wide) detected at line 495
\T1/cmr/m/n/10.95 R.64.2 
 []


Overfull \hbox (5.35326pt too wide) detected at line 496
\T1/cmr/m/n/10.95 R.64.3 
 []


Overfull \hbox (5.35326pt too wide) detected at line 497
\T1/cmr/m/n/10.95 R.64.4 
 []


Overfull \hbox (5.35326pt too wide) detected at line 498
\T1/cmr/m/n/10.95 R.64.5 
 []


Overfull \hbox (5.35326pt too wide) detected at line 499
\T1/cmr/m/n/10.95 R.64.6 
 []


Overfull \hbox (5.35326pt too wide) detected at line 500
\T1/cmr/m/n/10.95 R.64.7 
 []


Overfull \hbox (5.35326pt too wide) detected at line 501
\T1/cmr/m/n/10.95 R.64.8 
 []


Overfull \hbox (5.35326pt too wide) detected at line 502
\T1/cmr/m/n/10.95 R.64.9 
 []


Overfull \hbox (10.7972pt too wide) detected at line 503
\T1/cmr/m/n/10.95 R.64.10 
 []

[12]
Overfull \hbox (8.99635pt too wide) detected at line 504
\T1/cmr/bx/n/10.95 R.65 
 []


Overfull \hbox (5.35326pt too wide) detected at line 505
\T1/cmr/m/n/10.95 R.65.1 
 []


Overfull \hbox (5.35326pt too wide) detected at line 506
\T1/cmr/m/n/10.95 R.65.2 
 []


Overfull \hbox (5.35326pt too wide) detected at line 507
\T1/cmr/m/n/10.95 R.65.3 
 []


Overfull \hbox (5.35326pt too wide) detected at line 508
\T1/cmr/m/n/10.95 R.65.4 
 []


Overfull \hbox (5.35326pt too wide) detected at line 509
\T1/cmr/m/n/10.95 R.65.5 
 []


Overfull \hbox (5.35326pt too wide) detected at line 510
\T1/cmr/m/n/10.95 R.65.6 
 []


Overfull \hbox (5.35326pt too wide) detected at line 511
\T1/cmr/m/n/10.95 R.65.7 
 []


Overfull \hbox (5.35326pt too wide) detected at line 512
\T1/cmr/m/n/10.95 R.65.8 
 []


Overfull \hbox (5.35326pt too wide) detected at line 513
\T1/cmr/m/n/10.95 R.65.9 
 []


Overfull \hbox (10.7972pt too wide) detected at line 514
\T1/cmr/m/n/10.95 R.65.10 
 []


Overfull \hbox (8.99635pt too wide) detected at line 515
\T1/cmr/bx/n/10.95 R.66 
 []


Overfull \hbox (5.35326pt too wide) detected at line 516
\T1/cmr/m/n/10.95 R.66.1 
 []


Overfull \hbox (5.35326pt too wide) detected at line 517
\T1/cmr/m/n/10.95 R.66.2 
 []


Overfull \hbox (5.35326pt too wide) detected at line 518
\T1/cmr/m/n/10.95 R.66.3 
 []


Overfull \hbox (5.35326pt too wide) detected at line 519
\T1/cmr/m/n/10.95 R.66.4 
 []


Overfull \hbox (5.35326pt too wide) detected at line 520
\T1/cmr/m/n/10.95 R.66.5 
 []


Overfull \hbox (5.35326pt too wide) detected at line 521
\T1/cmr/m/n/10.95 R.66.6 
 []


Overfull \hbox (5.35326pt too wide) detected at line 522
\T1/cmr/m/n/10.95 R.66.7 
 []


Overfull \hbox (5.35326pt too wide) detected at line 523
\T1/cmr/m/n/10.95 R.66.8 
 []


Overfull \hbox (8.99635pt too wide) detected at line 524
\T1/cmr/bx/n/10.95 R.67 
 []


Overfull \hbox (5.35326pt too wide) detected at line 525
\T1/cmr/m/n/10.95 R.67.1 
 []


Overfull \hbox (5.35326pt too wide) detected at line 526
\T1/cmr/m/n/10.95 R.67.2 
 []


Overfull \hbox (5.35326pt too wide) detected at line 527
\T1/cmr/m/n/10.95 R.67.3 
 []


Overfull \hbox (5.35326pt too wide) detected at line 528
\T1/cmr/m/n/10.95 R.67.4 
 []


Overfull \hbox (5.35326pt too wide) detected at line 529
\T1/cmr/m/n/10.95 R.67.5 
 []


Overfull \hbox (5.35326pt too wide) detected at line 530
\T1/cmr/m/n/10.95 R.67.6 
 []


Overfull \hbox (5.35326pt too wide) detected at line 531
\T1/cmr/m/n/10.95 R.67.7 
 []


Overfull \hbox (5.35326pt too wide) detected at line 532
\T1/cmr/m/n/10.95 R.67.8 
 []


Overfull \hbox (5.35326pt too wide) detected at line 533
\T1/cmr/m/n/10.95 R.67.9 
 []


Overfull \hbox (10.7972pt too wide) detected at line 534
\T1/cmr/m/n/10.95 R.67.10 
 []


Overfull \hbox (10.7972pt too wide) detected at line 535
\T1/cmr/m/n/10.95 R.67.11 
 []


Overfull \hbox (8.99635pt too wide) detected at line 536
\T1/cmr/bx/n/10.95 R.68 
 []


Overfull \hbox (5.35326pt too wide) detected at line 537
\T1/cmr/m/n/10.95 R.68.1 
 []


Overfull \hbox (5.35326pt too wide) detected at line 538
\T1/cmr/m/n/10.95 R.68.2 
 []


Overfull \hbox (5.35326pt too wide) detected at line 539
\T1/cmr/m/n/10.95 R.68.3 
 []


Overfull \hbox (5.35326pt too wide) detected at line 540
\T1/cmr/m/n/10.95 R.68.4 
 []


Overfull \hbox (5.35326pt too wide) detected at line 541
\T1/cmr/m/n/10.95 R.68.5 
 []


Overfull \hbox (5.35326pt too wide) detected at line 542
\T1/cmr/m/n/10.95 R.68.6 
 []


Overfull \hbox (5.35326pt too wide) detected at line 543
\T1/cmr/m/n/10.95 R.68.7 
 []


Overfull \hbox (5.35326pt too wide) detected at line 544
\T1/cmr/m/n/10.95 R.68.8 
 []


Overfull \hbox (5.35326pt too wide) detected at line 545
\T1/cmr/m/n/10.95 R.68.9 
 []


Overfull \hbox (8.99635pt too wide) detected at line 546
\T1/cmr/bx/n/10.95 R.69 
 []


Overfull \hbox (5.35326pt too wide) detected at line 547
\T1/cmr/m/n/10.95 R.69.1 
 []


Overfull \hbox (5.35326pt too wide) detected at line 548
\T1/cmr/m/n/10.95 R.69.2 
 []


Overfull \hbox (5.35326pt too wide) detected at line 549
\T1/cmr/m/n/10.95 R.69.3 
 []


Overfull \hbox (5.35326pt too wide) detected at line 550
\T1/cmr/m/n/10.95 R.69.4 
 []

[13]
Overfull \hbox (5.35326pt too wide) detected at line 551
\T1/cmr/m/n/10.95 R.69.5 
 []


Overfull \hbox (8.99635pt too wide) detected at line 552
\T1/cmr/bx/n/10.95 R.70 
 []


Overfull \hbox (5.35326pt too wide) detected at line 553
\T1/cmr/m/n/10.95 R.70.1 
 []


Overfull \hbox (5.35326pt too wide) detected at line 554
\T1/cmr/m/n/10.95 R.70.2 
 []


Overfull \hbox (5.35326pt too wide) detected at line 555
\T1/cmr/m/n/10.95 R.70.3 
 []


Overfull \hbox (5.35326pt too wide) detected at line 556
\T1/cmr/m/n/10.95 R.70.4 
 []


Overfull \hbox (5.35326pt too wide) detected at line 557
\T1/cmr/m/n/10.95 R.70.5 
 []


Overfull \hbox (5.35326pt too wide) detected at line 558
\T1/cmr/m/n/10.95 R.70.6 
 []


Overfull \hbox (5.35326pt too wide) detected at line 559
\T1/cmr/m/n/10.95 R.70.7 
 []


Overfull \hbox (5.35326pt too wide) detected at line 560
\T1/cmr/m/n/10.95 R.70.8 
 []


Overfull \hbox (5.35326pt too wide) detected at line 561
\T1/cmr/m/n/10.95 R.70.9 
 []


Overfull \hbox (8.99635pt too wide) detected at line 562
\T1/cmr/bx/n/10.95 R.71 
 []


Overfull \hbox (5.35326pt too wide) detected at line 563
\T1/cmr/m/n/10.95 R.71.1 
 []


Overfull \hbox (5.35326pt too wide) detected at line 564
\T1/cmr/m/n/10.95 R.71.2 
 []


Overfull \hbox (5.35326pt too wide) detected at line 565
\T1/cmr/m/n/10.95 R.71.3 
 []


Overfull \hbox (5.35326pt too wide) detected at line 566
\T1/cmr/m/n/10.95 R.71.4 
 []


Overfull \hbox (5.35326pt too wide) detected at line 567
\T1/cmr/m/n/10.95 R.71.5 
 []


Overfull \hbox (5.35326pt too wide) detected at line 568
\T1/cmr/m/n/10.95 R.71.6 
 []


Overfull \hbox (5.35326pt too wide) detected at line 569
\T1/cmr/m/n/10.95 R.71.7 
 []


Overfull \hbox (5.35326pt too wide) detected at line 570
\T1/cmr/m/n/10.95 R.71.8 
 []


Overfull \hbox (5.35326pt too wide) detected at line 571
\T1/cmr/m/n/10.95 R.71.9 
 []


Overfull \hbox (4.02426pt too wide) detected at line 572
\T1/cmr/m/n/10.95 R.71.9.1 
 []


Overfull \hbox (10.7972pt too wide) detected at line 573
\T1/cmr/m/n/10.95 R.71.10 
 []


Overfull \hbox (10.7972pt too wide) detected at line 574
\T1/cmr/m/n/10.95 R.71.11 
 []


Overfull \hbox (8.99635pt too wide) detected at line 575
\T1/cmr/bx/n/10.95 R.72 
 []


Overfull \hbox (5.35326pt too wide) detected at line 576
\T1/cmr/m/n/10.95 R.72.1 
 []


Overfull \hbox (5.35326pt too wide) detected at line 577
\T1/cmr/m/n/10.95 R.72.2 
 []


Overfull \hbox (5.35326pt too wide) detected at line 578
\T1/cmr/m/n/10.95 R.72.3 
 []


Overfull \hbox (5.35326pt too wide) detected at line 579
\T1/cmr/m/n/10.95 R.72.4 
 []


Overfull \hbox (5.35326pt too wide) detected at line 580
\T1/cmr/m/n/10.95 R.72.5 
 []


Overfull \hbox (5.35326pt too wide) detected at line 581
\T1/cmr/m/n/10.95 R.72.6 
 []


Overfull \hbox (5.35326pt too wide) detected at line 582
\T1/cmr/m/n/10.95 R.72.7 
 []


Overfull \hbox (5.35326pt too wide) detected at line 583
\T1/cmr/m/n/10.95 R.72.8 
 []


Overfull \hbox (5.35326pt too wide) detected at line 584
\T1/cmr/m/n/10.95 R.72.9 
 []


Overfull \hbox (10.7972pt too wide) detected at line 585
\T1/cmr/m/n/10.95 R.72.10 
 []


Overfull \hbox (10.7972pt too wide) detected at line 586
\T1/cmr/m/n/10.95 R.72.11 
 []


Overfull \hbox (10.7972pt too wide) detected at line 587
\T1/cmr/m/n/10.95 R.72.12 
 []


Overfull \hbox (8.99635pt too wide) detected at line 588
\T1/cmr/bx/n/10.95 R.73 
 []


Overfull \hbox (5.35326pt too wide) detected at line 589
\T1/cmr/m/n/10.95 R.73.1 
 []


Overfull \hbox (5.35326pt too wide) detected at line 590
\T1/cmr/m/n/10.95 R.73.2 
 []


Overfull \hbox (5.35326pt too wide) detected at line 591
\T1/cmr/m/n/10.95 R.73.3 
 []


Overfull \hbox (4.02426pt too wide) detected at line 592
\T1/cmr/m/n/10.95 R.73.3.1 
 []


Overfull \hbox (5.35326pt too wide) detected at line 593
\T1/cmr/m/n/10.95 R.73.4 
 []


Overfull \hbox (5.35326pt too wide) detected at line 594
\T1/cmr/m/n/10.95 R.73.5 
 []

[14]
Overfull \hbox (5.35326pt too wide) detected at line 595
\T1/cmr/m/n/10.95 R.73.6 
 []


Overfull \hbox (5.35326pt too wide) detected at line 596
\T1/cmr/m/n/10.95 R.73.7 
 []


Overfull \hbox (5.35326pt too wide) detected at line 597
\T1/cmr/m/n/10.95 R.73.8 
 []


Overfull \hbox (5.35326pt too wide) detected at line 598
\T1/cmr/m/n/10.95 R.73.9 
 []


Overfull \hbox (10.7972pt too wide) detected at line 599
\T1/cmr/m/n/10.95 R.73.10 
 []


Overfull \hbox (10.7972pt too wide) detected at line 600
\T1/cmr/m/n/10.95 R.73.11 
 []


Overfull \hbox (8.99635pt too wide) detected at line 601
\T1/cmr/bx/n/10.95 R.74 
 []


Overfull \hbox (5.35326pt too wide) detected at line 602
\T1/cmr/m/n/10.95 R.74.1 
 []


Overfull \hbox (5.35326pt too wide) detected at line 603
\T1/cmr/m/n/10.95 R.74.2 
 []


Overfull \hbox (5.35326pt too wide) detected at line 604
\T1/cmr/m/n/10.95 R.74.3 
 []


Overfull \hbox (5.35326pt too wide) detected at line 605
\T1/cmr/m/n/10.95 R.74.4 
 []


Overfull \hbox (5.35326pt too wide) detected at line 606
\T1/cmr/m/n/10.95 R.74.5 
 []


Overfull \hbox (4.02426pt too wide) detected at line 607
\T1/cmr/m/n/10.95 R.74.5.1 
 []


Overfull \hbox (4.02426pt too wide) detected at line 608
\T1/cmr/m/n/10.95 R.74.5.2 
 []


Overfull \hbox (5.35326pt too wide) detected at line 609
\T1/cmr/m/n/10.95 R.74.6 
 []


Overfull \hbox (5.35326pt too wide) detected at line 610
\T1/cmr/m/n/10.95 R.74.7 
 []


Overfull \hbox (5.35326pt too wide) detected at line 611
\T1/cmr/m/n/10.95 R.74.8 
 []


Overfull \hbox (5.35326pt too wide) detected at line 612
\T1/cmr/m/n/10.95 R.74.9 
 []


Overfull \hbox (10.7972pt too wide) detected at line 613
\T1/cmr/m/n/10.95 R.74.10 
 []


Overfull \hbox (8.99635pt too wide) detected at line 614
\T1/cmr/bx/n/10.95 R.75 
 []


Overfull \hbox (5.35326pt too wide) detected at line 615
\T1/cmr/m/n/10.95 R.75.1 
 []


Overfull \hbox (5.35326pt too wide) detected at line 616
\T1/cmr/m/n/10.95 R.75.2 
 []


Overfull \hbox (5.35326pt too wide) detected at line 617
\T1/cmr/m/n/10.95 R.75.3 
 []


Overfull \hbox (5.35326pt too wide) detected at line 618
\T1/cmr/m/n/10.95 R.75.4 
 []


Overfull \hbox (5.35326pt too wide) detected at line 619
\T1/cmr/m/n/10.95 R.75.5 
 []


Overfull \hbox (5.35326pt too wide) detected at line 620
\T1/cmr/m/n/10.95 R.75.6 
 []


Overfull \hbox (5.35326pt too wide) detected at line 621
\T1/cmr/m/n/10.95 R.75.7 
 []


Overfull \hbox (5.35326pt too wide) detected at line 622
\T1/cmr/m/n/10.95 R.75.8 
 []


Overfull \hbox (5.35326pt too wide) detected at line 623
\T1/cmr/m/n/10.95 R.75.9 
 []


Overfull \hbox (10.7972pt too wide) detected at line 624
\T1/cmr/m/n/10.95 R.75.10 
 []


Overfull \hbox (10.7972pt too wide) detected at line 625
\T1/cmr/m/n/10.95 R.75.11 
 []


Overfull \hbox (10.7972pt too wide) detected at line 626
\T1/cmr/m/n/10.95 R.75.12 
 []


Overfull \hbox (8.99635pt too wide) detected at line 627
\T1/cmr/bx/n/10.95 R.76 
 []


Overfull \hbox (5.35326pt too wide) detected at line 628
\T1/cmr/m/n/10.95 R.76.1 
 []


Overfull \hbox (5.35326pt too wide) detected at line 629
\T1/cmr/m/n/10.95 R.76.2 
 []


Overfull \hbox (5.35326pt too wide) detected at line 630
\T1/cmr/m/n/10.95 R.76.3 
 []


Overfull \hbox (5.35326pt too wide) detected at line 631
\T1/cmr/m/n/10.95 R.76.4 
 []


Overfull \hbox (5.35326pt too wide) detected at line 632
\T1/cmr/m/n/10.95 R.76.5 
 []


Overfull \hbox (5.35326pt too wide) detected at line 633
\T1/cmr/m/n/10.95 R.76.6 
 []


Overfull \hbox (5.35326pt too wide) detected at line 634
\T1/cmr/m/n/10.95 R.76.7 
 []


Overfull \hbox (5.35326pt too wide) detected at line 635
\T1/cmr/m/n/10.95 R.76.8 
 []


Overfull \hbox (5.35326pt too wide) detected at line 636
\T1/cmr/m/n/10.95 R.76.9 
 []


Overfull \hbox (10.7972pt too wide) detected at line 637
\T1/cmr/m/n/10.95 R.76.10 
 []


Overfull \hbox (10.7972pt too wide) detected at line 638
\T1/cmr/m/n/10.95 R.76.11 
 []


Overfull \hbox (8.99635pt too wide) detected at line 639
\T1/cmr/bx/n/10.95 R.77 
 []


Overfull \hbox (5.35326pt too wide) detected at line 640
\T1/cmr/m/n/10.95 R.77.1 
 []


Overfull \hbox (5.35326pt too wide) detected at line 641
\T1/cmr/m/n/10.95 R.77.2 
 []


Overfull \hbox (5.35326pt too wide) detected at line 642
\T1/cmr/m/n/10.95 R.77.3 
 []

[15]
Overfull \hbox (5.35326pt too wide) detected at line 643
\T1/cmr/m/n/10.95 R.77.4 
 []


Overfull \hbox (5.35326pt too wide) detected at line 644
\T1/cmr/m/n/10.95 R.77.5 
 []


Overfull \hbox (5.35326pt too wide) detected at line 645
\T1/cmr/m/n/10.95 R.77.6 
 []


Overfull \hbox (5.35326pt too wide) detected at line 646
\T1/cmr/m/n/10.95 R.77.7 
 []


Overfull \hbox (5.35326pt too wide) detected at line 647
\T1/cmr/m/n/10.95 R.77.8 
 []


Overfull \hbox (5.35326pt too wide) detected at line 648
\T1/cmr/m/n/10.95 R.77.9 
 []


Overfull \hbox (10.7972pt too wide) detected at line 649
\T1/cmr/m/n/10.95 R.77.10 
 []


Overfull \hbox (8.99635pt too wide) detected at line 650
\T1/cmr/bx/n/10.95 R.78 
 []


Overfull \hbox (5.35326pt too wide) detected at line 651
\T1/cmr/m/n/10.95 R.78.1 
 []


Overfull \hbox (5.35326pt too wide) detected at line 652
\T1/cmr/m/n/10.95 R.78.2 
 []


Overfull \hbox (5.35326pt too wide) detected at line 653
\T1/cmr/m/n/10.95 R.78.3 
 []


Overfull \hbox (5.35326pt too wide) detected at line 654
\T1/cmr/m/n/10.95 R.78.4 
 []


Overfull \hbox (5.35326pt too wide) detected at line 655
\T1/cmr/m/n/10.95 R.78.5 
 []


Overfull \hbox (5.35326pt too wide) detected at line 656
\T1/cmr/m/n/10.95 R.78.6 
 []


Overfull \hbox (5.35326pt too wide) detected at line 657
\T1/cmr/m/n/10.95 R.78.7 
 []


Overfull \hbox (5.35326pt too wide) detected at line 658
\T1/cmr/m/n/10.95 R.78.8 
 []


Overfull \hbox (5.35326pt too wide) detected at line 659
\T1/cmr/m/n/10.95 R.78.9 
 []


Overfull \hbox (10.7972pt too wide) detected at line 660
\T1/cmr/m/n/10.95 R.78.10 
 []


Overfull \hbox (10.7972pt too wide) detected at line 661
\T1/cmr/m/n/10.95 R.78.11 
 []


Overfull \hbox (10.7972pt too wide) detected at line 662
\T1/cmr/m/n/10.95 R.78.12 
 []


Overfull \hbox (8.99635pt too wide) detected at line 663
\T1/cmr/bx/n/10.95 R.79 
 []


Overfull \hbox (5.35326pt too wide) detected at line 664
\T1/cmr/m/n/10.95 R.79.1 
 []


Overfull \hbox (5.35326pt too wide) detected at line 665
\T1/cmr/m/n/10.95 R.79.2 
 []


Overfull \hbox (5.35326pt too wide) detected at line 666
\T1/cmr/m/n/10.95 R.79.3 
 []


Overfull \hbox (8.99635pt too wide) detected at line 667
\T1/cmr/bx/n/10.95 R.80 
 []


Overfull \hbox (5.35326pt too wide) detected at line 668
\T1/cmr/m/n/10.95 R.80.1 
 []


Overfull \hbox (5.35326pt too wide) detected at line 669
\T1/cmr/m/n/10.95 R.80.2 
 []


Overfull \hbox (5.35326pt too wide) detected at line 670
\T1/cmr/m/n/10.95 R.80.3 
 []


Overfull \hbox (5.35326pt too wide) detected at line 671
\T1/cmr/m/n/10.95 R.80.4 
 []


Overfull \hbox (5.35326pt too wide) detected at line 672
\T1/cmr/m/n/10.95 R.80.5 
 []


Overfull \hbox (5.35326pt too wide) detected at line 673
\T1/cmr/m/n/10.95 R.80.6 
 []


Overfull \hbox (5.35326pt too wide) detected at line 674
\T1/cmr/m/n/10.95 R.80.7 
 []


Overfull \hbox (5.35326pt too wide) detected at line 675
\T1/cmr/m/n/10.95 R.80.8 
 []


Overfull \hbox (5.35326pt too wide) detected at line 676
\T1/cmr/m/n/10.95 R.80.9 
 []


Overfull \hbox (10.7972pt too wide) detected at line 677
\T1/cmr/m/n/10.95 R.80.10 
 []


Overfull \hbox (8.99635pt too wide) detected at line 678
\T1/cmr/bx/n/10.95 R.81 
 []


Overfull \hbox (5.35326pt too wide) detected at line 679
\T1/cmr/m/n/10.95 R.81.1 
 []


Overfull \hbox (5.35326pt too wide) detected at line 680
\T1/cmr/m/n/10.95 R.81.2 
 []


Overfull \hbox (5.35326pt too wide) detected at line 681
\T1/cmr/m/n/10.95 R.81.3 
 []


Overfull \hbox (5.35326pt too wide) detected at line 682
\T1/cmr/m/n/10.95 R.81.4 
 []


Overfull \hbox (5.35326pt too wide) detected at line 683
\T1/cmr/m/n/10.95 R.81.5 
 []


Overfull \hbox (5.35326pt too wide) detected at line 684
\T1/cmr/m/n/10.95 R.81.6 
 []


Overfull \hbox (5.35326pt too wide) detected at line 685
\T1/cmr/m/n/10.95 R.81.7 
 []


Overfull \hbox (5.35326pt too wide) detected at line 686
\T1/cmr/m/n/10.95 R.81.8 
 []


Overfull \hbox (5.35326pt too wide) detected at line 687
\T1/cmr/m/n/10.95 R.81.9 
 []

[16]
Overfull \hbox (8.99635pt too wide) detected at line 688
\T1/cmr/bx/n/10.95 R.82 
 []


Overfull \hbox (8.99635pt too wide) detected at line 689
\T1/cmr/bx/n/10.95 R.83 
 []


Overfull \hbox (5.35326pt too wide) detected at line 690
\T1/cmr/m/n/10.95 R.83.1 
 []


Overfull \hbox (5.35326pt too wide) detected at line 691
\T1/cmr/m/n/10.95 R.83.2 
 []


Overfull \hbox (5.35326pt too wide) detected at line 692
\T1/cmr/m/n/10.95 R.83.3 
 []


Overfull \hbox (5.35326pt too wide) detected at line 693
\T1/cmr/m/n/10.95 R.83.4 
 []


Overfull \hbox (5.35326pt too wide) detected at line 694
\T1/cmr/m/n/10.95 R.83.5 
 []


Overfull \hbox (5.35326pt too wide) detected at line 695
\T1/cmr/m/n/10.95 R.83.6 
 []


Overfull \hbox (5.35326pt too wide) detected at line 696
\T1/cmr/m/n/10.95 R.83.7 
 []


Overfull \hbox (5.35326pt too wide) detected at line 697
\T1/cmr/m/n/10.95 R.83.8 
 []


Overfull \hbox (8.99635pt too wide) detected at line 698
\T1/cmr/bx/n/10.95 R.84 
 []


Overfull \hbox (5.35326pt too wide) detected at line 699
\T1/cmr/m/n/10.95 R.84.1 
 []


Overfull \hbox (5.35326pt too wide) detected at line 700
\T1/cmr/m/n/10.95 R.84.2 
 []


Overfull \hbox (5.35326pt too wide) detected at line 701
\T1/cmr/m/n/10.95 R.84.3 
 []


Overfull \hbox (5.35326pt too wide) detected at line 702
\T1/cmr/m/n/10.95 R.84.4 
 []


Overfull \hbox (5.35326pt too wide) detected at line 703
\T1/cmr/m/n/10.95 R.84.5 
 []


Overfull \hbox (5.35326pt too wide) detected at line 704
\T1/cmr/m/n/10.95 R.84.6 
 []


Overfull \hbox (5.35326pt too wide) detected at line 705
\T1/cmr/m/n/10.95 R.84.7 
 []


Overfull \hbox (5.35326pt too wide) detected at line 706
\T1/cmr/m/n/10.95 R.84.8 
 []


Overfull \hbox (5.35326pt too wide) detected at line 707
\T1/cmr/m/n/10.95 R.84.9 
 []


Overfull \hbox (10.7972pt too wide) detected at line 708
\T1/cmr/m/n/10.95 R.84.10 
 []


Overfull \hbox (10.7972pt too wide) detected at line 709
\T1/cmr/m/n/10.95 R.84.11 
 []


Overfull \hbox (8.99635pt too wide) detected at line 710
\T1/cmr/bx/n/10.95 R.85 
 []


Overfull \hbox (5.35326pt too wide) detected at line 711
\T1/cmr/m/n/10.95 R.85.1 
 []


Overfull \hbox (5.35326pt too wide) detected at line 712
\T1/cmr/m/n/10.95 R.85.2 
 []


Overfull \hbox (5.35326pt too wide) detected at line 713
\T1/cmr/m/n/10.95 R.85.3 
 []


Overfull \hbox (5.35326pt too wide) detected at line 714
\T1/cmr/m/n/10.95 R.85.4 
 []


Overfull \hbox (5.35326pt too wide) detected at line 715
\T1/cmr/m/n/10.95 R.85.5 
 []


Overfull \hbox (5.35326pt too wide) detected at line 716
\T1/cmr/m/n/10.95 R.85.6 
 []


Overfull \hbox (8.99635pt too wide) detected at line 717
\T1/cmr/bx/n/10.95 R.86 
 []


Overfull \hbox (5.35326pt too wide) detected at line 718
\T1/cmr/m/n/10.95 R.86.1 
 []


Overfull \hbox (5.35326pt too wide) detected at line 719
\T1/cmr/m/n/10.95 R.86.2 
 []


Overfull \hbox (5.35326pt too wide) detected at line 720
\T1/cmr/m/n/10.95 R.86.3 
 []


Overfull \hbox (5.35326pt too wide) detected at line 721
\T1/cmr/m/n/10.95 R.86.4 
 []


Overfull \hbox (5.35326pt too wide) detected at line 722
\T1/cmr/m/n/10.95 R.86.5 
 []


Overfull \hbox (5.35326pt too wide) detected at line 723
\T1/cmr/m/n/10.95 R.86.6 
 []


Overfull \hbox (8.99635pt too wide) detected at line 724
\T1/cmr/bx/n/10.95 R.87 
 []


Overfull \hbox (5.35326pt too wide) detected at line 725
\T1/cmr/m/n/10.95 R.87.1 
 []


Overfull \hbox (5.35326pt too wide) detected at line 726
\T1/cmr/m/n/10.95 R.87.2 
 []


Overfull \hbox (5.35326pt too wide) detected at line 727
\T1/cmr/m/n/10.95 R.87.3 
 []


Overfull \hbox (5.35326pt too wide) detected at line 728
\T1/cmr/m/n/10.95 R.87.4 
 []


Overfull \hbox (5.35326pt too wide) detected at line 729
\T1/cmr/m/n/10.95 R.87.5 
 []


Overfull \hbox (5.35326pt too wide) detected at line 730
\T1/cmr/m/n/10.95 R.87.6 
 []


Overfull \hbox (8.99635pt too wide) detected at line 731
\T1/cmr/bx/n/10.95 R.88 
 []


Overfull \hbox (5.35326pt too wide) detected at line 732
\T1/cmr/m/n/10.95 R.88.1 
 []


Overfull \hbox (5.35326pt too wide) detected at line 733
\T1/cmr/m/n/10.95 R.88.2 
 []

[17]
Overfull \hbox (5.35326pt too wide) detected at line 734
\T1/cmr/m/n/10.95 R.88.3 
 []


Overfull \hbox (5.35326pt too wide) detected at line 735
\T1/cmr/m/n/10.95 R.88.4 
 []


Overfull \hbox (5.35326pt too wide) detected at line 736
\T1/cmr/m/n/10.95 R.88.5 
 []


Overfull \hbox (5.35326pt too wide) detected at line 737
\T1/cmr/m/n/10.95 R.88.6 
 []


Overfull \hbox (5.35326pt too wide) detected at line 738
\T1/cmr/m/n/10.95 R.88.7 
 []


Overfull \hbox (8.99635pt too wide) detected at line 739
\T1/cmr/bx/n/10.95 R.89 
 []


Overfull \hbox (5.35326pt too wide) detected at line 740
\T1/cmr/m/n/10.95 R.89.1 
 []


Overfull \hbox (5.35326pt too wide) detected at line 741
\T1/cmr/m/n/10.95 R.89.2 
 []


Overfull \hbox (5.35326pt too wide) detected at line 742
\T1/cmr/m/n/10.95 R.89.3 
 []


Overfull \hbox (5.35326pt too wide) detected at line 743
\T1/cmr/m/n/10.95 R.89.4 
 []


Overfull \hbox (5.35326pt too wide) detected at line 744
\T1/cmr/m/n/10.95 R.89.5 
 []


Overfull \hbox (5.35326pt too wide) detected at line 745
\T1/cmr/m/n/10.95 R.89.6 
 []


Overfull \hbox (5.35326pt too wide) detected at line 746
\T1/cmr/m/n/10.95 R.89.7 
 []


Overfull \hbox (8.99635pt too wide) detected at line 747
\T1/cmr/bx/n/10.95 R.90 
 []


Overfull \hbox (5.35326pt too wide) detected at line 748
\T1/cmr/m/n/10.95 R.90.1 
 []


Overfull \hbox (5.35326pt too wide) detected at line 749
\T1/cmr/m/n/10.95 R.90.2 
 []


Overfull \hbox (5.35326pt too wide) detected at line 750
\T1/cmr/m/n/10.95 R.90.3 
 []


Overfull \hbox (5.35326pt too wide) detected at line 751
\T1/cmr/m/n/10.95 R.90.4 
 []


Overfull \hbox (5.35326pt too wide) detected at line 752
\T1/cmr/m/n/10.95 R.90.5 
 []


Overfull \hbox (5.35326pt too wide) detected at line 753
\T1/cmr/m/n/10.95 R.90.6 
 []


Overfull \hbox (5.35326pt too wide) detected at line 754
\T1/cmr/m/n/10.95 R.90.7 
 []


Overfull \hbox (8.99635pt too wide) detected at line 755
\T1/cmr/bx/n/10.95 R.91 
 []


Overfull \hbox (5.35326pt too wide) detected at line 756
\T1/cmr/m/n/10.95 R.91.1 
 []


Overfull \hbox (4.02426pt too wide) detected at line 757
\T1/cmr/m/n/10.95 R.91.1.1 
 []


Overfull \hbox (4.02426pt too wide) detected at line 758
\T1/cmr/m/n/10.95 R.91.1.2 
 []


Overfull \hbox (4.02426pt too wide) detected at line 759
\T1/cmr/m/n/10.95 R.91.1.3 
 []


Overfull \hbox (4.02426pt too wide) detected at line 760
\T1/cmr/m/n/10.95 R.91.1.4 
 []


Overfull \hbox (4.02426pt too wide) detected at line 761
\T1/cmr/m/n/10.95 R.91.1.5 
 []


Overfull \hbox (5.35326pt too wide) detected at line 762
\T1/cmr/m/n/10.95 R.91.2 
 []


Overfull \hbox (5.35326pt too wide) detected at line 763
\T1/cmr/m/n/10.95 R.91.3 
 []


Overfull \hbox (5.35326pt too wide) detected at line 764
\T1/cmr/m/n/10.95 R.91.4 
 []


Overfull \hbox (5.35326pt too wide) detected at line 765
\T1/cmr/m/n/10.95 R.91.5 
 []


Overfull \hbox (5.35326pt too wide) detected at line 766
\T1/cmr/m/n/10.95 R.91.6 
 []


Overfull \hbox (8.99635pt too wide) detected at line 767
\T1/cmr/bx/n/10.95 R.92 
 []


Overfull \hbox (5.35326pt too wide) detected at line 768
\T1/cmr/m/n/10.95 R.92.1 
 []


Overfull \hbox (5.35326pt too wide) detected at line 769
\T1/cmr/m/n/10.95 R.92.2 
 []


Overfull \hbox (5.35326pt too wide) detected at line 770
\T1/cmr/m/n/10.95 R.92.3 
 []


Overfull \hbox (5.35326pt too wide) detected at line 771
\T1/cmr/m/n/10.95 R.92.4 
 []


Overfull \hbox (5.35326pt too wide) detected at line 772
\T1/cmr/m/n/10.95 R.92.5 
 []


Overfull \hbox (5.35326pt too wide) detected at line 773
\T1/cmr/m/n/10.95 R.92.6 
 []


Overfull \hbox (5.35326pt too wide) detected at line 774
\T1/cmr/m/n/10.95 R.92.7 
 []


Overfull \hbox (5.35326pt too wide) detected at line 775
\T1/cmr/m/n/10.95 R.92.8 
 []


Overfull \hbox (5.35326pt too wide) detected at line 776
\T1/cmr/m/n/10.95 R.92.9 
 []


Overfull \hbox (10.7972pt too wide) detected at line 777
\T1/cmr/m/n/10.95 R.92.10 
 []


Overfull \hbox (10.7972pt too wide) detected at line 778
\T1/cmr/m/n/10.95 R.92.11 
 []


Overfull \hbox (8.99635pt too wide) detected at line 779
\T1/cmr/bx/n/10.95 R.93 
 []

[18]
Overfull \hbox (5.35326pt too wide) detected at line 780
\T1/cmr/m/n/10.95 R.93.1 
 []


Overfull \hbox (5.35326pt too wide) detected at line 781
\T1/cmr/m/n/10.95 R.93.2 
 []


Overfull \hbox (5.35326pt too wide) detected at line 782
\T1/cmr/m/n/10.95 R.93.3 
 []


Overfull \hbox (5.35326pt too wide) detected at line 783
\T1/cmr/m/n/10.95 R.93.4 
 []


Overfull \hbox (5.35326pt too wide) detected at line 784
\T1/cmr/m/n/10.95 R.93.5 
 []


Overfull \hbox (5.35326pt too wide) detected at line 785
\T1/cmr/m/n/10.95 R.93.6 
 []


Overfull \hbox (5.35326pt too wide) detected at line 786
\T1/cmr/m/n/10.95 R.93.7 
 []


Overfull \hbox (5.35326pt too wide) detected at line 787
\T1/cmr/m/n/10.95 R.93.8 
 []


Overfull \hbox (5.35326pt too wide) detected at line 788
\T1/cmr/m/n/10.95 R.93.9 
 []


Overfull \hbox (10.7972pt too wide) detected at line 789
\T1/cmr/m/n/10.95 R.93.10 
 []


Overfull \hbox (8.99635pt too wide) detected at line 790
\T1/cmr/bx/n/10.95 R.94 
 []


Overfull \hbox (5.35326pt too wide) detected at line 791
\T1/cmr/m/n/10.95 R.94.1 
 []


Overfull \hbox (5.35326pt too wide) detected at line 792
\T1/cmr/m/n/10.95 R.94.2 
 []


Overfull \hbox (5.35326pt too wide) detected at line 793
\T1/cmr/m/n/10.95 R.94.3 
 []


Overfull \hbox (8.99635pt too wide) detected at line 794
\T1/cmr/bx/n/10.95 R.95 
 []


Overfull \hbox (5.35326pt too wide) detected at line 795
\T1/cmr/m/n/10.95 R.95.1 
 []


Overfull \hbox (5.35326pt too wide) detected at line 796
\T1/cmr/m/n/10.95 R.95.2 
 []


Overfull \hbox (5.35326pt too wide) detected at line 797
\T1/cmr/m/n/10.95 R.95.3 
 []


Overfull \hbox (5.35326pt too wide) detected at line 798
\T1/cmr/m/n/10.95 R.95.4 
 []


Overfull \hbox (8.99635pt too wide) detected at line 799
\T1/cmr/bx/n/10.95 R.96 
 []


Overfull \hbox (5.35326pt too wide) detected at line 800
\T1/cmr/m/n/10.95 R.96.1 
 []


Overfull \hbox (5.35326pt too wide) detected at line 801
\T1/cmr/m/n/10.95 R.96.2 
 []


Overfull \hbox (5.35326pt too wide) detected at line 802
\T1/cmr/m/n/10.95 R.96.3 
 []


Overfull \hbox (5.35326pt too wide) detected at line 803
\T1/cmr/m/n/10.95 R.96.4 
 []


Overfull \hbox (5.35326pt too wide) detected at line 804
\T1/cmr/m/n/10.95 R.96.5 
 []


Overfull \hbox (5.35326pt too wide) detected at line 805
\T1/cmr/m/n/10.95 R.96.6 
 []


Overfull \hbox (8.99635pt too wide) detected at line 806
\T1/cmr/bx/n/10.95 R.97 
 []


Overfull \hbox (5.35326pt too wide) detected at line 807
\T1/cmr/m/n/10.95 R.97.1 
 []


Overfull \hbox (5.35326pt too wide) detected at line 808
\T1/cmr/m/n/10.95 R.97.2 
 []


Overfull \hbox (8.99635pt too wide) detected at line 809
\T1/cmr/bx/n/10.95 R.98 
 []


Overfull \hbox (5.35326pt too wide) detected at line 810
\T1/cmr/m/n/10.95 R.98.1 
 []


Overfull \hbox (5.35326pt too wide) detected at line 811
\T1/cmr/m/n/10.95 R.98.2 
 []


Overfull \hbox (5.35326pt too wide) detected at line 812
\T1/cmr/m/n/10.95 R.98.3 
 []


Overfull \hbox (5.35326pt too wide) detected at line 813
\T1/cmr/m/n/10.95 R.98.4 
 []


Overfull \hbox (5.35326pt too wide) detected at line 814
\T1/cmr/m/n/10.95 R.98.5 
 []


Overfull \hbox (5.35326pt too wide) detected at line 815
\T1/cmr/m/n/10.95 R.98.6 
 []


Overfull \hbox (5.35326pt too wide) detected at line 816
\T1/cmr/m/n/10.95 R.98.7 
 []


Overfull \hbox (8.99635pt too wide) detected at line 817
\T1/cmr/bx/n/10.95 R.99 
 []


Overfull \hbox (5.35326pt too wide) detected at line 818
\T1/cmr/m/n/10.95 R.99.1 
 []


Overfull \hbox (5.35326pt too wide) detected at line 819
\T1/cmr/m/n/10.95 R.99.2 
 []


Overfull \hbox (5.35326pt too wide) detected at line 820
\T1/cmr/m/n/10.95 R.99.3 
 []


Overfull \hbox (5.35326pt too wide) detected at line 821
\T1/cmr/m/n/10.95 R.99.4 
 []


Overfull \hbox (15.25122pt too wide) detected at line 822
\T1/cmr/bx/n/10.95 R.100 
 []

[19]
Overfull \hbox (10.7972pt too wide) detected at line 823
\T1/cmr/m/n/10.95 R.100.1 
 []


Overfull \hbox (10.7972pt too wide) detected at line 824
\T1/cmr/m/n/10.95 R.100.2 
 []


Overfull \hbox (10.7972pt too wide) detected at line 825
\T1/cmr/m/n/10.95 R.100.3 
 []


Overfull \hbox (10.7972pt too wide) detected at line 826
\T1/cmr/m/n/10.95 R.100.4 
 []


Overfull \hbox (10.7972pt too wide) detected at line 827
\T1/cmr/m/n/10.95 R.100.5 
 []


Overfull \hbox (10.7972pt too wide) detected at line 828
\T1/cmr/m/n/10.95 R.100.6 
 []


Overfull \hbox (10.7972pt too wide) detected at line 829
\T1/cmr/m/n/10.95 R.100.7 
 []


Overfull \hbox (10.7972pt too wide) detected at line 830
\T1/cmr/m/n/10.95 R.100.8 
 []


Overfull \hbox (10.7972pt too wide) detected at line 831
\T1/cmr/m/n/10.95 R.100.9 
 []


Overfull \hbox (15.25122pt too wide) detected at line 832
\T1/cmr/bx/n/10.95 R.101 
 []


Overfull \hbox (10.7972pt too wide) detected at line 833
\T1/cmr/m/n/10.95 R.101.1 
 []


Overfull \hbox (10.7972pt too wide) detected at line 834
\T1/cmr/m/n/10.95 R.101.2 
 []


Overfull \hbox (10.7972pt too wide) detected at line 835
\T1/cmr/m/n/10.95 R.101.3 
 []


Overfull \hbox (10.7972pt too wide) detected at line 836
\T1/cmr/m/n/10.95 R.101.4 
 []


Overfull \hbox (10.7972pt too wide) detected at line 837
\T1/cmr/m/n/10.95 R.101.5 
 []


Overfull \hbox (10.7972pt too wide) detected at line 838
\T1/cmr/m/n/10.95 R.101.6 
 []


Overfull \hbox (10.7972pt too wide) detected at line 839
\T1/cmr/m/n/10.95 R.101.7 
 []


Overfull \hbox (10.7972pt too wide) detected at line 840
\T1/cmr/m/n/10.95 R.101.8 
 []


Overfull \hbox (15.25122pt too wide) detected at line 841
\T1/cmr/bx/n/10.95 R.102 
 []


Overfull \hbox (10.7972pt too wide) detected at line 842
\T1/cmr/m/n/10.95 R.102.1 
 []


Overfull \hbox (10.7972pt too wide) detected at line 843
\T1/cmr/m/n/10.95 R.102.2 
 []


Overfull \hbox (10.7972pt too wide) detected at line 844
\T1/cmr/m/n/10.95 R.102.3 
 []


Overfull \hbox (10.7972pt too wide) detected at line 845
\T1/cmr/m/n/10.95 R.102.4 
 []


Overfull \hbox (10.7972pt too wide) detected at line 846
\T1/cmr/m/n/10.95 R.102.5 
 []


Overfull \hbox (10.7972pt too wide) detected at line 847
\T1/cmr/m/n/10.95 R.102.6 
 []


Overfull \hbox (10.7972pt too wide) detected at line 848
\T1/cmr/m/n/10.95 R.102.7 
 []


Overfull \hbox (10.7972pt too wide) detected at line 849
\T1/cmr/m/n/10.95 R.102.8 
 []


Overfull \hbox (10.7972pt too wide) detected at line 850
\T1/cmr/m/n/10.95 R.102.9 
 []


Overfull \hbox (16.24113pt too wide) detected at line 851
\T1/cmr/m/n/10.95 R.102.10 
 []


Overfull \hbox (16.24113pt too wide) detected at line 852
\T1/cmr/m/n/10.95 R.102.11 
 []


Overfull \hbox (16.24113pt too wide) detected at line 853
\T1/cmr/m/n/10.95 R.102.12 
 []


Overfull \hbox (16.24113pt too wide) detected at line 854
\T1/cmr/m/n/10.95 R.102.13 
 []


Overfull \hbox (16.24113pt too wide) detected at line 855
\T1/cmr/m/n/10.95 R.102.14 
 []


Overfull \hbox (16.24113pt too wide) detected at line 856
\T1/cmr/m/n/10.95 R.102.15 
 []


Overfull \hbox (16.24113pt too wide) detected at line 857
\T1/cmr/m/n/10.95 R.102.16 
 []


Overfull \hbox (16.24113pt too wide) detected at line 858
\T1/cmr/m/n/10.95 R.102.17 
 []


Overfull \hbox (16.24113pt too wide) detected at line 859
\T1/cmr/m/n/10.95 R.102.18 
 []


Overfull \hbox (16.24113pt too wide) detected at line 860
\T1/cmr/m/n/10.95 R.102.19 
 []


Overfull \hbox (16.24113pt too wide) detected at line 861
\T1/cmr/m/n/10.95 R.102.20 
 []


Overfull \hbox (16.24113pt too wide) detected at line 862
\T1/cmr/m/n/10.95 R.102.21 
 []


Overfull \hbox (15.25122pt too wide) detected at line 863
\T1/cmr/bx/n/10.95 R.103 
 []


Overfull \hbox (10.7972pt too wide) detected at line 864
\T1/cmr/m/n/10.95 R.103.1 
 []


Overfull \hbox (10.7972pt too wide) detected at line 865
\T1/cmr/m/n/10.95 R.103.2 
 []


Overfull \hbox (10.7972pt too wide) detected at line 866
\T1/cmr/m/n/10.95 R.103.3 
 []


Overfull \hbox (10.7972pt too wide) detected at line 867
\T1/cmr/m/n/10.95 R.103.4 
 []


Overfull \hbox (10.7972pt too wide) detected at line 868
\T1/cmr/m/n/10.95 R.103.5 
 []


Overfull \hbox (10.7972pt too wide) detected at line 869
\T1/cmr/m/n/10.95 R.103.6 
 []


Overfull \hbox (10.7972pt too wide) detected at line 870
\T1/cmr/m/n/10.95 R.103.7 
 []


Overfull \hbox (10.7972pt too wide) detected at line 871
\T1/cmr/m/n/10.95 R.103.8 
 []

[20]
Overfull \hbox (10.7972pt too wide) detected at line 872
\T1/cmr/m/n/10.95 R.103.9 
 []


Overfull \hbox (16.24113pt too wide) detected at line 873
\T1/cmr/m/n/10.95 R.103.10 
 []


Overfull \hbox (16.24113pt too wide) detected at line 874
\T1/cmr/m/n/10.95 R.103.11 
 []


Overfull \hbox (16.24113pt too wide) detected at line 875
\T1/cmr/m/n/10.95 R.103.12 
 []


Overfull \hbox (16.24113pt too wide) detected at line 876
\T1/cmr/m/n/10.95 R.103.13 
 []


Overfull \hbox (16.24113pt too wide) detected at line 877
\T1/cmr/m/n/10.95 R.103.14 
 []


Overfull \hbox (16.24113pt too wide) detected at line 878
\T1/cmr/m/n/10.95 R.103.15 
 []


Overfull \hbox (16.24113pt too wide) detected at line 879
\T1/cmr/m/n/10.95 R.103.16 
 []


Overfull \hbox (16.24113pt too wide) detected at line 880
\T1/cmr/m/n/10.95 R.103.17 
 []


Overfull \hbox (16.24113pt too wide) detected at line 881
\T1/cmr/m/n/10.95 R.103.18 
 []


Overfull \hbox (16.24113pt too wide) detected at line 882
\T1/cmr/m/n/10.95 R.103.19 
 []


Overfull \hbox (16.24113pt too wide) detected at line 883
\T1/cmr/m/n/10.95 R.103.20 
 []


Overfull \hbox (16.24113pt too wide) detected at line 884
\T1/cmr/m/n/10.95 R.103.21 
 []


Overfull \hbox (16.24113pt too wide) detected at line 885
\T1/cmr/m/n/10.95 R.103.22 
 []


Overfull \hbox (16.24113pt too wide) detected at line 886
\T1/cmr/m/n/10.95 R.103.23 
 []


Overfull \hbox (16.24113pt too wide) detected at line 887
\T1/cmr/m/n/10.95 R.103.24 
 []


Overfull \hbox (16.24113pt too wide) detected at line 888
\T1/cmr/m/n/10.95 R.103.25 
 []


Overfull \hbox (16.24113pt too wide) detected at line 889
\T1/cmr/m/n/10.95 R.103.26 
 []


Overfull \hbox (16.24113pt too wide) detected at line 890
\T1/cmr/m/n/10.95 R.103.27 
 []


Overfull \hbox (16.24113pt too wide) detected at line 891
\T1/cmr/m/n/10.95 R.103.28 
 []


Overfull \hbox (16.24113pt too wide) detected at line 892
\T1/cmr/m/n/10.95 R.103.29 
 []


Overfull \hbox (16.24113pt too wide) detected at line 893
\T1/cmr/m/n/10.95 R.103.30 
 []


Overfull \hbox (16.24113pt too wide) detected at line 894
\T1/cmr/m/n/10.95 R.103.31 
 []


Overfull \hbox (16.24113pt too wide) detected at line 895
\T1/cmr/m/n/10.95 R.103.32 
 []


Overfull \hbox (16.24113pt too wide) detected at line 896
\T1/cmr/m/n/10.95 R.103.33 
 []


Overfull \hbox (16.24113pt too wide) detected at line 897
\T1/cmr/m/n/10.95 R.103.34 
 []


Overfull \hbox (16.24113pt too wide) detected at line 898
\T1/cmr/m/n/10.95 R.103.35 
 []


Overfull \hbox (16.24113pt too wide) detected at line 899
\T1/cmr/m/n/10.95 R.103.36 
 []


Overfull \hbox (16.24113pt too wide) detected at line 900
\T1/cmr/m/n/10.95 R.103.37 
 []


Overfull \hbox (16.24113pt too wide) detected at line 901
\T1/cmr/m/n/10.95 R.103.38 
 []


Overfull \hbox (16.24113pt too wide) detected at line 902
\T1/cmr/m/n/10.95 R.103.39 
 []


Overfull \hbox (16.24113pt too wide) detected at line 903
\T1/cmr/m/n/10.95 R.103.40 
 []


Overfull \hbox (16.24113pt too wide) detected at line 904
\T1/cmr/m/n/10.95 R.103.41 
 []


Overfull \hbox (16.24113pt too wide) detected at line 905
\T1/cmr/m/n/10.95 R.103.42 
 []


Overfull \hbox (15.25122pt too wide) detected at line 906
\T1/cmr/bx/n/10.95 R.104 
 []


Overfull \hbox (15.25122pt too wide) detected at line 907
\T1/cmr/bx/n/10.95 R.105 
 []


Overfull \hbox (10.7972pt too wide) detected at line 908
\T1/cmr/m/n/10.95 R.105.1 
 []


Overfull \hbox (10.7972pt too wide) detected at line 909
\T1/cmr/m/n/10.95 R.105.2 
 []


Overfull \hbox (10.7972pt too wide) detected at line 910
\T1/cmr/m/n/10.95 R.105.3 
 []


Overfull \hbox (10.7972pt too wide) detected at line 911
\T1/cmr/m/n/10.95 R.105.4 
 []


Overfull \hbox (10.7972pt too wide) detected at line 912
\T1/cmr/m/n/10.95 R.105.5 
 []


Overfull \hbox (10.7972pt too wide) detected at line 913
\T1/cmr/m/n/10.95 R.105.6 
 []


Overfull \hbox (10.7972pt too wide) detected at line 914
\T1/cmr/m/n/10.95 R.105.7 
 []


Overfull \hbox (10.7972pt too wide) detected at line 915
\T1/cmr/m/n/10.95 R.105.8 
 []


Overfull \hbox (15.25122pt too wide) detected at line 916
\T1/cmr/bx/n/10.95 R.106 
 []


Overfull \hbox (15.25122pt too wide) detected at line 918
\T1/cmr/bx/n/10.95 R.107 
 []

[21]
Overfull \hbox (15.25122pt too wide) detected at line 919
\T1/cmr/bx/n/10.95 R.108 
 []


Overfull \hbox (15.25122pt too wide) detected at line 920
\T1/cmr/bx/n/10.95 R.109 
 []


Overfull \hbox (15.25122pt too wide) detected at line 921
\T1/cmr/bx/n/10.95 R.110 
 []


Overfull \hbox (15.25122pt too wide) detected at line 923
\T1/cmr/bx/n/10.95 R.111 
 []


Overfull \hbox (15.25122pt too wide) detected at line 924
\T1/cmr/bx/n/10.95 R.112 
 []


Overfull \hbox (15.25122pt too wide) detected at line 925
\T1/cmr/bx/n/10.95 R.113 
 []


Overfull \hbox (15.25122pt too wide) detected at line 926
\T1/cmr/bx/n/10.95 R.114 
 []


Overfull \hbox (15.25122pt too wide) detected at line 927
\T1/cmr/bx/n/10.95 R.115 
 []


Overfull \hbox (15.25122pt too wide) detected at line 928
\T1/cmr/bx/n/10.95 R.116 
 []


Overfull \hbox (15.25122pt too wide) detected at line 929
\T1/cmr/bx/n/10.95 R.117 
 []


Overfull \hbox (15.25122pt too wide) detected at line 930
\T1/cmr/bx/n/10.95 R.118 
 []


Overfull \hbox (10.7972pt too wide) detected at line 931
\T1/cmr/m/n/10.95 R.118.1 
 []


Overfull \hbox (15.25122pt too wide) detected at line 933
\T1/cmr/bx/n/10.95 R.119 
 []


Overfull \hbox (15.25122pt too wide) detected at line 934
\T1/cmr/bx/n/10.95 R.120 
 []


Overfull \hbox (15.25122pt too wide) detected at line 935
\T1/cmr/bx/n/10.95 R.121 
 []


Overfull \hbox (15.25122pt too wide) detected at line 937
\T1/cmr/bx/n/10.95 R.122 
 []


Overfull \hbox (15.25122pt too wide) detected at line 939
\T1/cmr/bx/n/10.95 R.123 
 []


Overfull \hbox (15.25122pt too wide) detected at line 941
\T1/cmr/bx/n/10.95 R.124 
 []


Overfull \hbox (15.25122pt too wide) detected at line 942
\T1/cmr/bx/n/10.95 R.125 
 []


Overfull \hbox (15.25122pt too wide) detected at line 943
\T1/cmr/bx/n/10.95 R.126 
 []


Overfull \hbox (15.25122pt too wide) detected at line 944
\T1/cmr/bx/n/10.95 R.127 
 []

[22]
Overfull \hbox (10.7972pt too wide) detected at line 945
\T1/cmr/m/n/10.95 R.127.1 
 []


Overfull \hbox (10.7972pt too wide) detected at line 946
\T1/cmr/m/n/10.95 R.127.2 
 []


Overfull \hbox (10.7972pt too wide) detected at line 947
\T1/cmr/m/n/10.95 R.127.3 
 []


Overfull \hbox (10.7972pt too wide) detected at line 948
\T1/cmr/m/n/10.95 R.127.4 
 []


Overfull \hbox (10.7972pt too wide) detected at line 949
\T1/cmr/m/n/10.95 R.127.5 
 []


Overfull \hbox (15.25122pt too wide) detected at line 950
\T1/cmr/bx/n/10.95 R.128 
 []


Overfull \hbox (10.7972pt too wide) detected at line 951
\T1/cmr/m/n/10.95 R.128.1 
 []


Overfull \hbox (15.25122pt too wide) detected at line 952
\T1/cmr/bx/n/10.95 R.129 
 []


Overfull \hbox (10.7972pt too wide) detected at line 953
\T1/cmr/m/n/10.95 R.129.1 
 []


Overfull \hbox (10.7972pt too wide) detected at line 954
\T1/cmr/m/n/10.95 R.129.2 
 []


Overfull \hbox (15.25122pt too wide) detected at line 955
\T1/cmr/bx/n/10.95 R.130 
 []


Overfull \hbox (10.7972pt too wide) detected at line 956
\T1/cmr/m/n/10.95 R.130.1 
 []


Overfull \hbox (10.7972pt too wide) detected at line 957
\T1/cmr/m/n/10.95 R.130.2 
 []


Overfull \hbox (10.7972pt too wide) detected at line 958
\T1/cmr/m/n/10.95 R.130.3 
 []


Overfull \hbox (10.7972pt too wide) detected at line 959
\T1/cmr/m/n/10.95 R.130.4 
 []


Overfull \hbox (15.25122pt too wide) detected at line 960
\T1/cmr/bx/n/10.95 R.131 
 []


Overfull \hbox (10.7972pt too wide) detected at line 961
\T1/cmr/m/n/10.95 R.131.1 
 []


Overfull \hbox (10.7972pt too wide) detected at line 962
\T1/cmr/m/n/10.95 R.131.2 
 []


Overfull \hbox (10.7972pt too wide) detected at line 963
\T1/cmr/m/n/10.95 R.131.3 
 []


Overfull \hbox (15.25122pt too wide) detected at line 964
\T1/cmr/bx/n/10.95 R.132 
 []


Overfull \hbox (10.7972pt too wide) detected at line 965
\T1/cmr/m/n/10.95 R.132.1 
 []


Overfull \hbox (10.7972pt too wide) detected at line 966
\T1/cmr/m/n/10.95 R.132.2 
 []


Overfull \hbox (10.7972pt too wide) detected at line 967
\T1/cmr/m/n/10.95 R.132.3 
 []


Overfull \hbox (10.7972pt too wide) detected at line 968
\T1/cmr/m/n/10.95 R.132.4 
 []


Overfull \hbox (10.7972pt too wide) detected at line 969
\T1/cmr/m/n/10.95 R.132.5 
 []


Overfull \hbox (10.7972pt too wide) detected at line 970
\T1/cmr/m/n/10.95 R.132.6 
 []


Overfull \hbox (10.7972pt too wide) detected at line 971
\T1/cmr/m/n/10.95 R.132.7 
 []


Overfull \hbox (10.7972pt too wide) detected at line 972
\T1/cmr/m/n/10.95 R.132.8 
 []


Overfull \hbox (10.7972pt too wide) detected at line 973
\T1/cmr/m/n/10.95 R.132.9 
 []


Overfull \hbox (15.25122pt too wide) detected at line 974
\T1/cmr/bx/n/10.95 R.133 
 []


Overfull \hbox (10.7972pt too wide) detected at line 975
\T1/cmr/m/n/10.95 R.133.1 
 []


Overfull \hbox (10.7972pt too wide) detected at line 976
\T1/cmr/m/n/10.95 R.133.2 
 []


Overfull \hbox (10.7972pt too wide) detected at line 977
\T1/cmr/m/n/10.95 R.133.3 
 []


Overfull \hbox (10.7972pt too wide) detected at line 978
\T1/cmr/m/n/10.95 R.133.4 
 []


Overfull \hbox (10.7972pt too wide) detected at line 979
\T1/cmr/m/n/10.95 R.133.5 
 []


Overfull \hbox (10.7972pt too wide) detected at line 980
\T1/cmr/m/n/10.95 R.133.6 
 []


Overfull \hbox (15.25122pt too wide) detected at line 981
\T1/cmr/bx/n/10.95 R.134 
 []


Overfull \hbox (10.7972pt too wide) detected at line 982
\T1/cmr/m/n/10.95 R.134.1 
 []


Overfull \hbox (10.7972pt too wide) detected at line 983
\T1/cmr/m/n/10.95 R.134.2 
 []


Overfull \hbox (10.7972pt too wide) detected at line 984
\T1/cmr/m/n/10.95 R.134.3 
 []


Overfull \hbox (15.25122pt too wide) detected at line 985
\T1/cmr/bx/n/10.95 R.135 
 []


Overfull \hbox (10.7972pt too wide) detected at line 986
\T1/cmr/m/n/10.95 R.135.1 
 []


Overfull \hbox (10.7972pt too wide) detected at line 987
\T1/cmr/m/n/10.95 R.135.2 
 []


Overfull \hbox (10.7972pt too wide) detected at line 988
\T1/cmr/m/n/10.95 R.135.3 
 []


Overfull \hbox (10.7972pt too wide) detected at line 989
\T1/cmr/m/n/10.95 R.135.4 
 []

[23]
Overfull \hbox (15.25122pt too wide) detected at line 990
\T1/cmr/bx/n/10.95 R.136 
 []


Overfull \hbox (10.7972pt too wide) detected at line 991
\T1/cmr/m/n/10.95 R.136.1 
 []


Overfull \hbox (10.7972pt too wide) detected at line 992
\T1/cmr/m/n/10.95 R.136.2 
 []


Overfull \hbox (10.7972pt too wide) detected at line 993
\T1/cmr/m/n/10.95 R.136.3 
 []


Overfull \hbox (15.25122pt too wide) detected at line 994
\T1/cmr/bx/n/10.95 R.137 
 []


Overfull \hbox (10.7972pt too wide) detected at line 995
\T1/cmr/m/n/10.95 R.137.1 
 []


Overfull \hbox (10.7972pt too wide) detected at line 996
\T1/cmr/m/n/10.95 R.137.2 
 []


Overfull \hbox (10.7972pt too wide) detected at line 997
\T1/cmr/m/n/10.95 R.137.3 
 []


Overfull \hbox (10.7972pt too wide) detected at line 998
\T1/cmr/m/n/10.95 R.137.4 
 []


Overfull \hbox (10.7972pt too wide) detected at line 999
\T1/cmr/m/n/10.95 R.137.5 
 []


Overfull \hbox (10.7972pt too wide) detected at line 1005
\T1/cmr/m/n/10.95 R.137.6 
 []


Overfull \hbox (10.7972pt too wide) detected at line 1006
\T1/cmr/m/n/10.95 R.137.7 
 []


Overfull \hbox (15.25122pt too wide) detected at line 1007
\T1/cmr/bx/n/10.95 R.138 
 []


Overfull \hbox (10.7972pt too wide) detected at line 1008
\T1/cmr/m/n/10.95 R.138.1 
 []


Overfull \hbox (10.7972pt too wide) detected at line 1009
\T1/cmr/m/n/10.95 R.138.2 
 []


Overfull \hbox (10.7972pt too wide) detected at line 1010
\T1/cmr/m/n/10.95 R.138.3 
 []


Overfull \hbox (10.7972pt too wide) detected at line 1011
\T1/cmr/m/n/10.95 R.138.4 
 []


Overfull \hbox (15.25122pt too wide) detected at line 1012
\T1/cmr/bx/n/10.95 R.139 
 []


Overfull \hbox (10.7972pt too wide) detected at line 1013
\T1/cmr/m/n/10.95 R.139.1 
 []


Overfull \hbox (10.7972pt too wide) detected at line 1014
\T1/cmr/m/n/10.95 R.139.2 
 []


Overfull \hbox (10.7972pt too wide) detected at line 1015
\T1/cmr/m/n/10.95 R.139.3 
 []


Overfull \hbox (10.7972pt too wide) detected at line 1016
\T1/cmr/m/n/10.95 R.139.4 
 []


Overfull \hbox (10.7972pt too wide) detected at line 1017
\T1/cmr/m/n/10.95 R.139.5 
 []


Overfull \hbox (15.25122pt too wide) detected at line 1018
\T1/cmr/bx/n/10.95 R.140 
 []


Overfull \hbox (10.7972pt too wide) detected at line 1019
\T1/cmr/m/n/10.95 R.140.1 
 []


Overfull \hbox (10.7972pt too wide) detected at line 1020
\T1/cmr/m/n/10.95 R.140.2 
 []


Overfull \hbox (10.7972pt too wide) detected at line 1021
\T1/cmr/m/n/10.95 R.140.3 
 []


Overfull \hbox (10.7972pt too wide) detected at line 1022
\T1/cmr/m/n/10.95 R.140.4 
 []


Overfull \hbox (10.7972pt too wide) detected at line 1023
\T1/cmr/m/n/10.95 R.140.5 
 []


Overfull \hbox (15.25122pt too wide) detected at line 1024
\T1/cmr/bx/n/10.95 R.141 
 []


Overfull \hbox (10.7972pt too wide) detected at line 1025
\T1/cmr/m/n/10.95 R.141.1 
 []


Overfull \hbox (10.7972pt too wide) detected at line 1026
\T1/cmr/m/n/10.95 R.141.2 
 []


Overfull \hbox (10.7972pt too wide) detected at line 1027
\T1/cmr/m/n/10.95 R.141.3 
 []


Overfull \hbox (10.7972pt too wide) detected at line 1028
\T1/cmr/m/n/10.95 R.141.4 
 []


Overfull \hbox (15.25122pt too wide) detected at line 1029
\T1/cmr/bx/n/10.95 R.142 
 []


Overfull \hbox (10.7972pt too wide) detected at line 1030
\T1/cmr/m/n/10.95 R.142.1 
 []


Overfull \hbox (10.7972pt too wide) detected at line 1031
\T1/cmr/m/n/10.95 R.142.2 
 []


Overfull \hbox (10.7972pt too wide) detected at line 1032
\T1/cmr/m/n/10.95 R.142.3 
 []


Overfull \hbox (15.25122pt too wide) detected at line 1033
\T1/cmr/bx/n/10.95 R.143 
 []


Overfull \hbox (10.7972pt too wide) detected at line 1034
\T1/cmr/m/n/10.95 R.143.1 
 []


Overfull \hbox (10.7972pt too wide) detected at line 1035
\T1/cmr/m/n/10.95 R.143.2 
 []

[24]
Overfull \hbox (10.7972pt too wide) detected at line 1036
\T1/cmr/m/n/10.95 R.143.3 
 []


Overfull \hbox (10.7972pt too wide) detected at line 1037
\T1/cmr/m/n/10.95 R.143.4 
 []


Overfull \hbox (10.7972pt too wide) detected at line 1038
\T1/cmr/m/n/10.95 R.143.5 
 []


Overfull \hbox (15.25122pt too wide) detected at line 1039
\T1/cmr/bx/n/10.95 R.144 
 []


Overfull \hbox (10.7972pt too wide) detected at line 1040
\T1/cmr/m/n/10.95 R.144.1 
 []


Overfull \hbox (10.7972pt too wide) detected at line 1041
\T1/cmr/m/n/10.95 R.144.2 
 []


Overfull \hbox (10.7972pt too wide) detected at line 1042
\T1/cmr/m/n/10.95 R.144.3 
 []


Overfull \hbox (10.7972pt too wide) detected at line 1043
\T1/cmr/m/n/10.95 R.144.4 
 []


Overfull \hbox (10.7972pt too wide) detected at line 1044
\T1/cmr/m/n/10.95 R.144.5 
 []


Overfull \hbox (15.25122pt too wide) detected at line 1045
\T1/cmr/bx/n/10.95 R.145 
 []


Overfull \hbox (10.7972pt too wide) detected at line 1046
\T1/cmr/m/n/10.95 R.145.1 
 []


Overfull \hbox (10.7972pt too wide) detected at line 1047
\T1/cmr/m/n/10.95 R.145.2 
 []


Overfull \hbox (10.7972pt too wide) detected at line 1048
\T1/cmr/m/n/10.95 R.145.3 
 []


Overfull \hbox (10.7972pt too wide) detected at line 1049
\T1/cmr/m/n/10.95 R.145.4 
 []


Overfull \hbox (10.7972pt too wide) detected at line 1050
\T1/cmr/m/n/10.95 R.145.5 
 []


Overfull \hbox (15.25122pt too wide) detected at line 1051
\T1/cmr/bx/n/10.95 R.146 
 []


Overfull \hbox (10.7972pt too wide) detected at line 1052
\T1/cmr/m/n/10.95 R.146.1 
 []


Overfull \hbox (10.7972pt too wide) detected at line 1053
\T1/cmr/m/n/10.95 R.146.2 
 []


Overfull \hbox (10.7972pt too wide) detected at line 1054
\T1/cmr/m/n/10.95 R.146.3 
 []


Overfull \hbox (10.7972pt too wide) detected at line 1055
\T1/cmr/m/n/10.95 R.146.4 
 []


Overfull \hbox (15.25122pt too wide) detected at line 1056
\T1/cmr/bx/n/10.95 R.147 
 []


Overfull \hbox (10.7972pt too wide) detected at line 1057
\T1/cmr/m/n/10.95 R.147.1 
 []


Overfull \hbox (10.7972pt too wide) detected at line 1058
\T1/cmr/m/n/10.95 R.147.2 
 []


Overfull \hbox (10.7972pt too wide) detected at line 1059
\T1/cmr/m/n/10.95 R.147.3 
 []


Overfull \hbox (10.7972pt too wide) detected at line 1060
\T1/cmr/m/n/10.95 R.147.4 
 []


Overfull \hbox (10.7972pt too wide) detected at line 1061
\T1/cmr/m/n/10.95 R.147.5 
 []


Overfull \hbox (10.7972pt too wide) detected at line 1062
\T1/cmr/m/n/10.95 R.147.6 
 []


Overfull \hbox (15.25122pt too wide) detected at line 1063
\T1/cmr/bx/n/10.95 R.148 
 []


Overfull \hbox (10.7972pt too wide) detected at line 1064
\T1/cmr/m/n/10.95 R.148.1 
 []


Overfull \hbox (10.7972pt too wide) detected at line 1065
\T1/cmr/m/n/10.95 R.148.2 
 []


Overfull \hbox (15.25122pt too wide) detected at line 1066
\T1/cmr/bx/n/10.95 R.149 
 []


Overfull \hbox (15.25122pt too wide) detected at line 1067
\T1/cmr/bx/n/10.95 R.150 
 []


Overfull \hbox (10.7972pt too wide) detected at line 1068
\T1/cmr/m/n/10.95 R.150.1 
 []


Overfull \hbox (9.4682pt too wide) detected at line 1069
\T1/cmr/m/n/10.95 R.150.1.1 
 []


Overfull \hbox (9.4682pt too wide) detected at line 1070
\T1/cmr/m/n/10.95 R.150.1.2 
 []


Overfull \hbox (9.4682pt too wide) detected at line 1071
\T1/cmr/m/n/10.95 R.150.1.3 
 []


Overfull \hbox (9.4682pt too wide) detected at line 1072
\T1/cmr/m/n/10.95 R.150.1.4 
 []


Overfull \hbox (10.7972pt too wide) detected at line 1073
\T1/cmr/m/n/10.95 R.150.2 
 []


Overfull \hbox (9.4682pt too wide) detected at line 1074
\T1/cmr/m/n/10.95 R.150.2.1 
 []


Overfull \hbox (9.4682pt too wide) detected at line 1075
\T1/cmr/m/n/10.95 R.150.2.2 
 []


Overfull \hbox (9.4682pt too wide) detected at line 1076
\T1/cmr/m/n/10.95 R.150.2.3 
 []


Overfull \hbox (10.7972pt too wide) detected at line 1077
\T1/cmr/m/n/10.95 R.150.3 
 []


Overfull \hbox (9.4682pt too wide) detected at line 1078
\T1/cmr/m/n/10.95 R.150.3.1 
 []


Overfull \hbox (9.4682pt too wide) detected at line 1079
\T1/cmr/m/n/10.95 R.150.3.2 
 []

[25]
Overfull \hbox (9.4682pt too wide) detected at line 1080
\T1/cmr/m/n/10.95 R.150.3.3 
 []


Overfull \hbox (10.7972pt too wide) detected at line 1081
\T1/cmr/m/n/10.95 R.150.4 
 []


Overfull \hbox (10.7972pt too wide) detected at line 1082
\T1/cmr/m/n/10.95 R.150.5 
 []


Overfull \hbox (9.4682pt too wide) detected at line 1083
\T1/cmr/m/n/10.95 R.150.5.1 
 []


Overfull \hbox (9.4682pt too wide) detected at line 1084
\T1/cmr/m/n/10.95 R.150.5.2 
 []


Overfull \hbox (9.4682pt too wide) detected at line 1085
\T1/cmr/m/n/10.95 R.150.5.3 
 []


Overfull \hbox (10.7972pt too wide) detected at line 1086
\T1/cmr/m/n/10.95 R.150.6 
 []


Overfull \hbox (10.7972pt too wide) detected at line 1087
\T1/cmr/m/n/10.95 R.150.7 
 []


Overfull \hbox (10.7972pt too wide) detected at line 1088
\T1/cmr/m/n/10.95 R.150.8 
 []


Overfull \hbox (15.25122pt too wide) detected at line 1089
\T1/cmr/bx/n/10.95 R.151 
 []


Overfull \hbox (10.7972pt too wide) detected at line 1090
\T1/cmr/m/n/10.95 R.151.1 
 []


Overfull \hbox (10.7972pt too wide) detected at line 1091
\T1/cmr/m/n/10.95 R.151.2 
 []


Overfull \hbox (10.7972pt too wide) detected at line 1092
\T1/cmr/m/n/10.95 R.151.3 
 []


Overfull \hbox (9.4682pt too wide) detected at line 1093
\T1/cmr/m/n/10.95 R.151.3.1 
 []


Overfull \hbox (9.4682pt too wide) detected at line 1094
\T1/cmr/m/n/10.95 R.151.3.2 
 []


Overfull \hbox (9.4682pt too wide) detected at line 1095
\T1/cmr/m/n/10.95 R.151.3.3 
 []


Overfull \hbox (9.4682pt too wide) detected at line 1096
\T1/cmr/m/n/10.95 R.151.3.4 
 []


Overfull \hbox (9.4682pt too wide) detected at line 1097
\T1/cmr/m/n/10.95 R.151.3.5 
 []


Overfull \hbox (10.7972pt too wide) detected at line 1098
\T1/cmr/m/n/10.95 R.151.4 
 []


Overfull \hbox (10.7972pt too wide) detected at line 1099
\T1/cmr/m/n/10.95 R.151.5 
 []


Overfull \hbox (10.7972pt too wide) detected at line 1100
\T1/cmr/m/n/10.95 R.151.6 
 []


Overfull \hbox (10.7972pt too wide) detected at line 1101
\T1/cmr/m/n/10.95 R.151.7 
 []


Overfull \hbox (15.25122pt too wide) detected at line 1102
\T1/cmr/bx/n/10.95 R.152 
 []


Overfull \hbox (10.7972pt too wide) detected at line 1103
\T1/cmr/m/n/10.95 R.152.1 
 []


Overfull \hbox (10.7972pt too wide) detected at line 1104
\T1/cmr/m/n/10.95 R.152.2 
 []


Overfull \hbox (10.7972pt too wide) detected at line 1105
\T1/cmr/m/n/10.95 R.152.3 
 []


Overfull \hbox (10.7972pt too wide) detected at line 1106
\T1/cmr/m/n/10.95 R.152.4 
 []


Overfull \hbox (10.7972pt too wide) detected at line 1107
\T1/cmr/m/n/10.95 R.152.5 
 []


Overfull \hbox (10.7972pt too wide) detected at line 1108
\T1/cmr/m/n/10.95 R.152.6 
 []


Overfull \hbox (10.7972pt too wide) detected at line 1109
\T1/cmr/m/n/10.95 R.152.7 
 []


Overfull \hbox (10.7972pt too wide) detected at line 1110
\T1/cmr/m/n/10.95 R.152.8 
 []


Overfull \hbox (15.25122pt too wide) detected at line 1111
\T1/cmr/bx/n/10.95 R.153 
 []


Overfull \hbox (10.7972pt too wide) detected at line 1112
\T1/cmr/m/n/10.95 R.153.1 
 []


Overfull \hbox (10.7972pt too wide) detected at line 1113
\T1/cmr/m/n/10.95 R.153.2 
 []


Overfull \hbox (10.7972pt too wide) detected at line 1114
\T1/cmr/m/n/10.95 R.153.3 
 []


Overfull \hbox (10.7972pt too wide) detected at line 1115
\T1/cmr/m/n/10.95 R.153.4 
 []


Overfull \hbox (10.7972pt too wide) detected at line 1116
\T1/cmr/m/n/10.95 R.153.5 
 []


Overfull \hbox (10.7972pt too wide) detected at line 1117
\T1/cmr/m/n/10.95 R.153.6 
 []


Overfull \hbox (15.25122pt too wide) detected at line 1118
\T1/cmr/bx/n/10.95 R.154 
 []


Overfull \hbox (10.7972pt too wide) detected at line 1119
\T1/cmr/m/n/10.95 R.154.1 
 []


Overfull \hbox (9.4682pt too wide) detected at line 1120
\T1/cmr/m/n/10.95 R.154.1.1 
 []


Overfull \hbox (9.4682pt too wide) detected at line 1121
\T1/cmr/m/n/10.95 R.154.1.2 
 []


Overfull \hbox (9.4682pt too wide) detected at line 1122
\T1/cmr/m/n/10.95 R.154.1.3 
 []


Overfull \hbox (10.7972pt too wide) detected at line 1123
\T1/cmr/m/n/10.95 R.154.2 
 []


Overfull \hbox (9.4682pt too wide) detected at line 1124
\T1/cmr/m/n/10.95 R.154.2.1 
 []


Overfull \hbox (9.4682pt too wide) detected at line 1125
\T1/cmr/m/n/10.95 R.154.2.2 
 []


Overfull \hbox (9.4682pt too wide) detected at line 1126
\T1/cmr/m/n/10.95 R.154.2.3 
 []


Overfull \hbox (10.7972pt too wide) detected at line 1127
\T1/cmr/m/n/10.95 R.154.3 
 []

[26]
Overfull \hbox (9.4682pt too wide) detected at line 1128
\T1/cmr/m/n/10.95 R.154.3.1 
 []


Overfull \hbox (9.4682pt too wide) detected at line 1129
\T1/cmr/m/n/10.95 R.154.3.2 
 []


Overfull \hbox (9.4682pt too wide) detected at line 1130
\T1/cmr/m/n/10.95 R.154.3.3 
 []


Overfull \hbox (10.7972pt too wide) detected at line 1131
\T1/cmr/m/n/10.95 R.154.4 
 []


Overfull \hbox (9.4682pt too wide) detected at line 1132
\T1/cmr/m/n/10.95 R.154.4.1 
 []


Overfull \hbox (9.4682pt too wide) detected at line 1133
\T1/cmr/m/n/10.95 R.154.4.2 
 []


Overfull \hbox (9.4682pt too wide) detected at line 1134
\T1/cmr/m/n/10.95 R.154.4.3 
 []


Overfull \hbox (10.7972pt too wide) detected at line 1135
\T1/cmr/m/n/10.95 R.154.5 
 []


Overfull \hbox (9.4682pt too wide) detected at line 1136
\T1/cmr/m/n/10.95 R.154.5.1 
 []


Overfull \hbox (9.4682pt too wide) detected at line 1137
\T1/cmr/m/n/10.95 R.154.5.2 
 []


Overfull \hbox (9.4682pt too wide) detected at line 1138
\T1/cmr/m/n/10.95 R.154.5.3 
 []


Overfull \hbox (10.7972pt too wide) detected at line 1139
\T1/cmr/m/n/10.95 R.154.6 
 []


Overfull \hbox (10.7972pt too wide) detected at line 1140
\T1/cmr/m/n/10.95 R.154.7 
 []


Overfull \hbox (10.7972pt too wide) detected at line 1141
\T1/cmr/m/n/10.95 R.154.8 
 []


Overfull \hbox (10.7972pt too wide) detected at line 1142
\T1/cmr/m/n/10.95 R.154.9 
 []


Overfull \hbox (16.24113pt too wide) detected at line 1143
\T1/cmr/m/n/10.95 R.154.10 
 []


Overfull \hbox (16.24113pt too wide) detected at line 1144
\T1/cmr/m/n/10.95 R.154.11 
 []


Overfull \hbox (16.24113pt too wide) detected at line 1145
\T1/cmr/m/n/10.95 R.154.12 
 []


Overfull \hbox (16.24113pt too wide) detected at line 1146
\T1/cmr/m/n/10.95 R.154.13 
 []


Overfull \hbox (16.24113pt too wide) detected at line 1147
\T1/cmr/m/n/10.95 R.154.14 
 []


Overfull \hbox (16.24113pt too wide) detected at line 1148
\T1/cmr/m/n/10.95 R.154.15 
 []


Overfull \hbox (16.24113pt too wide) detected at line 1149
\T1/cmr/m/n/10.95 R.154.16 
 []


Overfull \hbox (16.24113pt too wide) detected at line 1150
\T1/cmr/m/n/10.95 R.154.17 
 []


Overfull \hbox (16.24113pt too wide) detected at line 1151
\T1/cmr/m/n/10.95 R.154.18 
 []


Overfull \hbox (16.24113pt too wide) detected at line 1152
\T1/cmr/m/n/10.95 R.154.19 
 []


Overfull \hbox (16.24113pt too wide) detected at line 1153
\T1/cmr/m/n/10.95 R.154.20 
 []


Overfull \hbox (16.24113pt too wide) detected at line 1154
\T1/cmr/m/n/10.95 R.154.21 
 []


Overfull \hbox (16.24113pt too wide) detected at line 1155
\T1/cmr/m/n/10.95 R.154.22 
 []


Overfull \hbox (16.24113pt too wide) detected at line 1156
\T1/cmr/m/n/10.95 R.154.23 
 []


Overfull \hbox (16.24113pt too wide) detected at line 1157
\T1/cmr/m/n/10.95 R.154.24 
 []


Overfull \hbox (16.24113pt too wide) detected at line 1158
\T1/cmr/m/n/10.95 R.154.25 
 []


Overfull \hbox (15.25122pt too wide) detected at line 1159
\T1/cmr/bx/n/10.95 R.155 
 []


Overfull \hbox (15.25122pt too wide) detected at line 1160
\T1/cmr/bx/n/10.95 R.156 
 []


Overfull \hbox (10.7972pt too wide) detected at line 1161
\T1/cmr/m/n/10.95 R.156.1 
 []


Overfull \hbox (10.7972pt too wide) detected at line 1162
\T1/cmr/m/n/10.95 R.156.2 
 []


Overfull \hbox (10.7972pt too wide) detected at line 1163
\T1/cmr/m/n/10.95 R.156.3 
 []


Overfull \hbox (10.7972pt too wide) detected at line 1164
\T1/cmr/m/n/10.95 R.156.4 
 []


Overfull \hbox (15.25122pt too wide) detected at line 1165
\T1/cmr/bx/n/10.95 R.157 
 []


Overfull \hbox (15.25122pt too wide) detected at line 1166
\T1/cmr/bx/n/10.95 R.158 
 []


Overfull \hbox (15.25122pt too wide) detected at line 1167
\T1/cmr/bx/n/10.95 R.159 
 []


Overfull \hbox (10.7972pt too wide) detected at line 1168
\T1/cmr/m/n/10.95 R.159.1 
 []


Overfull \hbox (9.4682pt too wide) detected at line 1169
\T1/cmr/m/n/10.95 R.159.1.1 
 []


Overfull \hbox (9.4682pt too wide) detected at line 1170
\T1/cmr/m/n/10.95 R.159.1.2 
 []


Overfull \hbox (10.7972pt too wide) detected at line 1171
\T1/cmr/m/n/10.95 R.159.2 
 []


Overfull \hbox (9.4682pt too wide) detected at line 1172
\T1/cmr/m/n/10.95 R.159.2.1 
 []


Overfull \hbox (9.4682pt too wide) detected at line 1173
\T1/cmr/m/n/10.95 R.159.2.2 
 []


Overfull \hbox (10.7972pt too wide) detected at line 1174
\T1/cmr/m/n/10.95 R.159.3 
 []

[27]
Overfull \hbox (9.4682pt too wide) detected at line 1175
\T1/cmr/m/n/10.95 R.159.3.1 
 []


Overfull \hbox (9.4682pt too wide) detected at line 1176
\T1/cmr/m/n/10.95 R.159.3.2 
 []


Overfull \hbox (10.7972pt too wide) detected at line 1177
\T1/cmr/m/n/10.95 R.159.4 
 []


Overfull \hbox (9.4682pt too wide) detected at line 1178
\T1/cmr/m/n/10.95 R.159.4.1 
 []


Overfull \hbox (9.4682pt too wide) detected at line 1179
\T1/cmr/m/n/10.95 R.159.4.2 
 []


Overfull \hbox (15.25122pt too wide) detected at line 1180
\T1/cmr/bx/n/10.95 R.160 
 []


Overfull \hbox (10.7972pt too wide) detected at line 1181
\T1/cmr/m/n/10.95 R.160.1 
 []


Overfull \hbox (10.7972pt too wide) detected at line 1182
\T1/cmr/m/n/10.95 R.160.2 
 []


Overfull \hbox (10.7972pt too wide) detected at line 1183
\T1/cmr/m/n/10.95 R.160.3 
 []


Overfull \hbox (10.7972pt too wide) detected at line 1184
\T1/cmr/m/n/10.95 R.160.4 
 []


Overfull \hbox (15.25122pt too wide) detected at line 1185
\T1/cmr/bx/n/10.95 R.161 
 []


Overfull \hbox (10.7972pt too wide) detected at line 1186
\T1/cmr/m/n/10.95 R.161.1 
 []


Overfull \hbox (9.4682pt too wide) detected at line 1187
\T1/cmr/m/n/10.95 R.161.1.1 
 []


Overfull \hbox (9.4682pt too wide) detected at line 1188
\T1/cmr/m/n/10.95 R.161.1.2 
 []


Overfull \hbox (10.7972pt too wide) detected at line 1189
\T1/cmr/m/n/10.95 R.161.2 
 []


Overfull \hbox (9.4682pt too wide) detected at line 1190
\T1/cmr/m/n/10.95 R.161.2.1 
 []


Overfull \hbox (9.4682pt too wide) detected at line 1191
\T1/cmr/m/n/10.95 R.161.2.2 
 []


Overfull \hbox (10.7972pt too wide) detected at line 1192
\T1/cmr/m/n/10.95 R.161.3 
 []


Overfull \hbox (9.4682pt too wide) detected at line 1193
\T1/cmr/m/n/10.95 R.161.3.1 
 []


Overfull \hbox (9.4682pt too wide) detected at line 1194
\T1/cmr/m/n/10.95 R.161.3.2 
 []


Overfull \hbox (10.7972pt too wide) detected at line 1195
\T1/cmr/m/n/10.95 R.161.4 
 []


Overfull \hbox (9.4682pt too wide) detected at line 1196
\T1/cmr/m/n/10.95 R.161.4.1 
 []


Overfull \hbox (9.4682pt too wide) detected at line 1197
\T1/cmr/m/n/10.95 R.161.4.2 
 []


Overfull \hbox (15.25122pt too wide) detected at line 1198
\T1/cmr/bx/n/10.95 R.162 
 []


Overfull \hbox (10.7972pt too wide) detected at line 1199
\T1/cmr/m/n/10.95 R.162.1 
 []


Overfull \hbox (9.4682pt too wide) detected at line 1200
\T1/cmr/m/n/10.95 R.162.1.1 
 []


Overfull \hbox (9.4682pt too wide) detected at line 1201
\T1/cmr/m/n/10.95 R.162.1.2 
 []


Overfull \hbox (10.7972pt too wide) detected at line 1202
\T1/cmr/m/n/10.95 R.162.2 
 []


Overfull \hbox (9.4682pt too wide) detected at line 1203
\T1/cmr/m/n/10.95 R.162.2.1 
 []


Overfull \hbox (9.4682pt too wide) detected at line 1204
\T1/cmr/m/n/10.95 R.162.2.2 
 []


Overfull \hbox (10.7972pt too wide) detected at line 1205
\T1/cmr/m/n/10.95 R.162.3 
 []


Overfull \hbox (9.4682pt too wide) detected at line 1206
\T1/cmr/m/n/10.95 R.162.3.1 
 []


Overfull \hbox (9.4682pt too wide) detected at line 1207
\T1/cmr/m/n/10.95 R.162.3.2 
 []


Overfull \hbox (10.7972pt too wide) detected at line 1208
\T1/cmr/m/n/10.95 R.162.4 
 []


Overfull \hbox (9.4682pt too wide) detected at line 1209
\T1/cmr/m/n/10.95 R.162.4.1 
 []


Overfull \hbox (9.4682pt too wide) detected at line 1210
\T1/cmr/m/n/10.95 R.162.4.2 
 []


Overfull \hbox (15.25122pt too wide) detected at line 1211
\T1/cmr/bx/n/10.95 R.163 
 []


Overfull \hbox (10.7972pt too wide) detected at line 1212
\T1/cmr/m/n/10.95 R.163.1 
 []


Overfull \hbox (9.4682pt too wide) detected at line 1213
\T1/cmr/m/n/10.95 R.163.1.1 
 []


Overfull \hbox (9.4682pt too wide) detected at line 1214
\T1/cmr/m/n/10.95 R.163.1.2 
 []


Overfull \hbox (10.7972pt too wide) detected at line 1215
\T1/cmr/m/n/10.95 R.163.2 
 []


Overfull \hbox (9.4682pt too wide) detected at line 1216
\T1/cmr/m/n/10.95 R.163.2.1 
 []


Overfull \hbox (9.4682pt too wide) detected at line 1217
\T1/cmr/m/n/10.95 R.163.2.2 
 []


Overfull \hbox (10.7972pt too wide) detected at line 1218
\T1/cmr/m/n/10.95 R.163.3 
 []


Overfull \hbox (9.4682pt too wide) detected at line 1219
\T1/cmr/m/n/10.95 R.163.3.1 
 []


Overfull \hbox (9.4682pt too wide) detected at line 1220
\T1/cmr/m/n/10.95 R.163.3.2 
 []


Overfull \hbox (10.7972pt too wide) detected at line 1221
\T1/cmr/m/n/10.95 R.163.4 
 []

[28]
Overfull \hbox (9.4682pt too wide) detected at line 1222
\T1/cmr/m/n/10.95 R.163.4.1 
 []


Overfull \hbox (9.4682pt too wide) detected at line 1223
\T1/cmr/m/n/10.95 R.163.4.2 
 []


Overfull \hbox (15.25122pt too wide) detected at line 1224
\T1/cmr/bx/n/10.95 R.164 
 []


Overfull \hbox (10.7972pt too wide) detected at line 1225
\T1/cmr/m/n/10.95 R.164.1 
 []


Overfull \hbox (9.4682pt too wide) detected at line 1226
\T1/cmr/m/n/10.95 R.164.1.1 
 []


Overfull \hbox (9.4682pt too wide) detected at line 1227
\T1/cmr/m/n/10.95 R.164.1.2 
 []


Overfull \hbox (10.7972pt too wide) detected at line 1228
\T1/cmr/m/n/10.95 R.164.2 
 []


Overfull \hbox (9.4682pt too wide) detected at line 1229
\T1/cmr/m/n/10.95 R.164.2.1 
 []


Overfull \hbox (9.4682pt too wide) detected at line 1230
\T1/cmr/m/n/10.95 R.164.2.2 
 []


Overfull \hbox (10.7972pt too wide) detected at line 1231
\T1/cmr/m/n/10.95 R.164.3 
 []


Overfull \hbox (9.4682pt too wide) detected at line 1232
\T1/cmr/m/n/10.95 R.164.3.1 
 []


Overfull \hbox (9.4682pt too wide) detected at line 1233
\T1/cmr/m/n/10.95 R.164.3.2 
 []


Overfull \hbox (10.7972pt too wide) detected at line 1234
\T1/cmr/m/n/10.95 R.164.4 
 []


Overfull \hbox (9.4682pt too wide) detected at line 1235
\T1/cmr/m/n/10.95 R.164.4.1 
 []


Overfull \hbox (9.4682pt too wide) detected at line 1236
\T1/cmr/m/n/10.95 R.164.4.2 
 []


Overfull \hbox (15.25122pt too wide) detected at line 1237
\T1/cmr/bx/n/10.95 R.165 
 []


Overfull \hbox (10.7972pt too wide) detected at line 1238
\T1/cmr/m/n/10.95 R.165.1 
 []


Overfull \hbox (10.7972pt too wide) detected at line 1239
\T1/cmr/m/n/10.95 R.165.2 
 []


Overfull \hbox (10.7972pt too wide) detected at line 1240
\T1/cmr/m/n/10.95 R.165.3 
 []


Overfull \hbox (15.25122pt too wide) detected at line 1241
\T1/cmr/bx/n/10.95 R.166 
 []


Overfull \hbox (10.7972pt too wide) detected at line 1242
\T1/cmr/m/n/10.95 R.166.1 
 []


Overfull \hbox (10.7972pt too wide) detected at line 1243
\T1/cmr/m/n/10.95 R.166.2 
 []


Overfull \hbox (10.7972pt too wide) detected at line 1244
\T1/cmr/m/n/10.95 R.166.3 
 []


Overfull \hbox (10.7972pt too wide) detected at line 1245
\T1/cmr/m/n/10.95 R.166.4 
 []


Overfull \hbox (15.25122pt too wide) detected at line 1246
\T1/cmr/bx/n/10.95 R.167 
 []


Overfull \hbox (10.7972pt too wide) detected at line 1247
\T1/cmr/m/n/10.95 R.167.1 
 []


Overfull \hbox (10.7972pt too wide) detected at line 1248
\T1/cmr/m/n/10.95 R.167.2 
 []


Overfull \hbox (10.7972pt too wide) detected at line 1249
\T1/cmr/m/n/10.95 R.167.3 
 []


Overfull \hbox (10.7972pt too wide) detected at line 1250
\T1/cmr/m/n/10.95 R.167.4 
 []


Overfull \hbox (10.7972pt too wide) detected at line 1251
\T1/cmr/m/n/10.95 R.167.5 
 []


Overfull \hbox (10.7972pt too wide) detected at line 1252
\T1/cmr/m/n/10.95 R.167.6 
 []


Overfull \hbox (10.7972pt too wide) detected at line 1253
\T1/cmr/m/n/10.95 R.167.7 
 []


Overfull \hbox (10.7972pt too wide) detected at line 1254
\T1/cmr/m/n/10.95 R.167.8 
 []


Overfull \hbox (10.7972pt too wide) detected at line 1255
\T1/cmr/m/n/10.95 R.167.9 
 []


Overfull \hbox (16.24113pt too wide) detected at line 1256
\T1/cmr/m/n/10.95 R.167.10 
 []


Overfull \hbox (16.24113pt too wide) detected at line 1257
\T1/cmr/m/n/10.95 R.167.11 
 []


Overfull \hbox (16.24113pt too wide) detected at line 1258
\T1/cmr/m/n/10.95 R.167.12 
 []


Overfull \hbox (15.25122pt too wide) detected at line 1259
\T1/cmr/bx/n/10.95 R.168 
 []


Overfull \hbox (10.7972pt too wide) detected at line 1260
\T1/cmr/m/n/10.95 R.168.1 
 []


Overfull \hbox (10.7972pt too wide) detected at line 1261
\T1/cmr/m/n/10.95 R.168.2 
 []


Overfull \hbox (10.7972pt too wide) detected at line 1262
\T1/cmr/m/n/10.95 R.168.3 
 []


Overfull \hbox (10.7972pt too wide) detected at line 1263
\T1/cmr/m/n/10.95 R.168.4 
 []


Overfull \hbox (10.7972pt too wide) detected at line 1264
\T1/cmr/m/n/10.95 R.168.5 
 []


Overfull \hbox (10.7972pt too wide) detected at line 1265
\T1/cmr/m/n/10.95 R.168.6 
 []


Overfull \hbox (10.7972pt too wide) detected at line 1266
\T1/cmr/m/n/10.95 R.168.7 
 []


Overfull \hbox (10.7972pt too wide) detected at line 1267
\T1/cmr/m/n/10.95 R.168.8 
 []

[29]
Overfull \hbox (15.25122pt too wide) detected at line 1268
\T1/cmr/bx/n/10.95 R.169 
 []


Overfull \hbox (10.7972pt too wide) detected at line 1269
\T1/cmr/m/n/10.95 R.169.1 
 []


Overfull \hbox (10.7972pt too wide) detected at line 1270
\T1/cmr/m/n/10.95 R.169.2 
 []


Overfull \hbox (10.7972pt too wide) detected at line 1271
\T1/cmr/m/n/10.95 R.169.3 
 []


Overfull \hbox (10.7972pt too wide) detected at line 1272
\T1/cmr/m/n/10.95 R.169.4 
 []


Overfull \hbox (15.25122pt too wide) detected at line 1273
\T1/cmr/bx/n/10.95 R.170 
 []


Overfull \hbox (10.7972pt too wide) detected at line 1274
\T1/cmr/m/n/10.95 R.170.1 
 []


Overfull \hbox (9.4682pt too wide) detected at line 1275
\T1/cmr/m/n/10.95 R.170.1.1 
 []


Overfull \hbox (9.4682pt too wide) detected at line 1276
\T1/cmr/m/n/10.95 R.170.1.2 
 []


Overfull \hbox (9.4682pt too wide) detected at line 1277
\T1/cmr/m/n/10.95 R.170.1.3 
 []


Overfull \hbox (10.7972pt too wide) detected at line 1278
\T1/cmr/m/n/10.95 R.170.2 
 []


Overfull \hbox (9.4682pt too wide) detected at line 1279
\T1/cmr/m/n/10.95 R.170.2.1 
 []


Overfull \hbox (9.4682pt too wide) detected at line 1280
\T1/cmr/m/n/10.95 R.170.2.2 
 []


Overfull \hbox (10.7972pt too wide) detected at line 1281
\T1/cmr/m/n/10.95 R.170.3 
 []


Overfull \hbox (9.4682pt too wide) detected at line 1282
\T1/cmr/m/n/10.95 R.170.3.1 
 []


Overfull \hbox (9.4682pt too wide) detected at line 1283
\T1/cmr/m/n/10.95 R.170.3.2 
 []


Overfull \hbox (10.7972pt too wide) detected at line 1284
\T1/cmr/m/n/10.95 R.170.4 
 []


Overfull \hbox (9.4682pt too wide) detected at line 1285
\T1/cmr/m/n/10.95 R.170.4.1 
 []


Overfull \hbox (9.4682pt too wide) detected at line 1286
\T1/cmr/m/n/10.95 R.170.4.2 
 []


Overfull \hbox (15.25122pt too wide) detected at line 1287
\T1/cmr/bx/n/10.95 R.171 
 []


Overfull \hbox (10.7972pt too wide) detected at line 1288
\T1/cmr/m/n/10.95 R.171.1 
 []


Overfull \hbox (10.7972pt too wide) detected at line 1289
\T1/cmr/m/n/10.95 R.171.2 
 []


Overfull \hbox (10.7972pt too wide) detected at line 1290
\T1/cmr/m/n/10.95 R.171.3 
 []


Overfull \hbox (10.7972pt too wide) detected at line 1291
\T1/cmr/m/n/10.95 R.171.4 
 []


Overfull \hbox (10.7972pt too wide) detected at line 1292
\T1/cmr/m/n/10.95 R.171.5 
 []


Overfull \hbox (10.7972pt too wide) detected at line 1293
\T1/cmr/m/n/10.95 R.171.6 
 []


Overfull \hbox (10.7972pt too wide) detected at line 1294
\T1/cmr/m/n/10.95 R.171.7 
 []


Overfull \hbox (10.7972pt too wide) detected at line 1295
\T1/cmr/m/n/10.95 R.171.8 
 []


Overfull \hbox (10.7972pt too wide) detected at line 1296
\T1/cmr/m/n/10.95 R.171.9 
 []


Overfull \hbox (16.24113pt too wide) detected at line 1297
\T1/cmr/m/n/10.95 R.171.10 
 []


Overfull \hbox (16.24113pt too wide) detected at line 1298
\T1/cmr/m/n/10.95 R.171.11 
 []


Overfull \hbox (16.24113pt too wide) detected at line 1299
\T1/cmr/m/n/10.95 R.171.12 
 []


Overfull \hbox (16.24113pt too wide) detected at line 1300
\T1/cmr/m/n/10.95 R.171.13 
 []


Overfull \hbox (16.24113pt too wide) detected at line 1301
\T1/cmr/m/n/10.95 R.171.14 
 []


Overfull \hbox (16.24113pt too wide) detected at line 1302
\T1/cmr/m/n/10.95 R.171.15 
 []


Overfull \hbox (16.24113pt too wide) detected at line 1303
\T1/cmr/m/n/10.95 R.171.16 
 []


Overfull \hbox (16.24113pt too wide) detected at line 1304
\T1/cmr/m/n/10.95 R.171.17 
 []


Overfull \hbox (16.24113pt too wide) detected at line 1305
\T1/cmr/m/n/10.95 R.171.18 
 []


Overfull \hbox (16.24113pt too wide) detected at line 1306
\T1/cmr/m/n/10.95 R.171.19 
 []


Overfull \hbox (16.24113pt too wide) detected at line 1307
\T1/cmr/m/n/10.95 R.171.20 
 []


Overfull \hbox (16.24113pt too wide) detected at line 1308
\T1/cmr/m/n/10.95 R.171.21 
 []


Overfull \hbox (16.24113pt too wide) detected at line 1309
\T1/cmr/m/n/10.95 R.171.22 
 []


Overfull \hbox (16.24113pt too wide) detected at line 1310
\T1/cmr/m/n/10.95 R.171.23 
 []


Overfull \hbox (16.24113pt too wide) detected at line 1311
\T1/cmr/m/n/10.95 R.171.24 
 []


Overfull \hbox (16.24113pt too wide) detected at line 1312
\T1/cmr/m/n/10.95 R.171.25 
 []


Overfull \hbox (16.24113pt too wide) detected at line 1313
\T1/cmr/m/n/10.95 R.171.26 
 []


Overfull \hbox (16.24113pt too wide) detected at line 1314
\T1/cmr/m/n/10.95 R.171.27 
 []


Overfull \hbox (16.24113pt too wide) detected at line 1315
\T1/cmr/m/n/10.95 R.171.28 
 []

[30]
Overfull \hbox (16.24113pt too wide) detected at line 1316
\T1/cmr/m/n/10.95 R.171.29 
 []


Overfull \hbox (16.24113pt too wide) detected at line 1317
\T1/cmr/m/n/10.95 R.171.30 
 []


Overfull \hbox (16.24113pt too wide) detected at line 1318
\T1/cmr/m/n/10.95 R.171.31 
 []


Overfull \hbox (16.24113pt too wide) detected at line 1319
\T1/cmr/m/n/10.95 R.171.32 
 []


Overfull \hbox (16.24113pt too wide) detected at line 1320
\T1/cmr/m/n/10.95 R.171.33 
 []


Overfull \hbox (16.24113pt too wide) detected at line 1321
\T1/cmr/m/n/10.95 R.171.34 
 []


Overfull \hbox (16.24113pt too wide) detected at line 1322
\T1/cmr/m/n/10.95 R.171.35 
 []


Overfull \hbox (16.24113pt too wide) detected at line 1323
\T1/cmr/m/n/10.95 R.171.36 
 []


Overfull \hbox (16.24113pt too wide) detected at line 1324
\T1/cmr/m/n/10.95 R.171.37 
 []


Overfull \hbox (16.24113pt too wide) detected at line 1325
\T1/cmr/m/n/10.95 R.171.38 
 []


Overfull \hbox (16.24113pt too wide) detected at line 1326
\T1/cmr/m/n/10.95 R.171.39 
 []


Overfull \hbox (16.24113pt too wide) detected at line 1327
\T1/cmr/m/n/10.95 R.171.40 
 []


Overfull \hbox (16.24113pt too wide) detected at line 1328
\T1/cmr/m/n/10.95 R.171.41 
 []


Overfull \hbox (16.24113pt too wide) detected at line 1329
\T1/cmr/m/n/10.95 R.171.42 
 []


Overfull \hbox (16.24113pt too wide) detected at line 1330
\T1/cmr/m/n/10.95 R.171.43 
 []


Overfull \hbox (16.24113pt too wide) detected at line 1331
\T1/cmr/m/n/10.95 R.171.44 
 []


Overfull \hbox (16.24113pt too wide) detected at line 1332
\T1/cmr/m/n/10.95 R.171.45 
 []


Overfull \hbox (16.24113pt too wide) detected at line 1333
\T1/cmr/m/n/10.95 R.171.46 
 []


Overfull \hbox (16.24113pt too wide) detected at line 1334
\T1/cmr/m/n/10.95 R.171.47 
 []


Overfull \hbox (16.24113pt too wide) detected at line 1335
\T1/cmr/m/n/10.95 R.171.48 
 []


Overfull \hbox (16.24113pt too wide) detected at line 1336
\T1/cmr/m/n/10.95 R.171.49 
 []


Overfull \hbox (16.24113pt too wide) detected at line 1337
\T1/cmr/m/n/10.95 R.171.50 
 []


Overfull \hbox (16.24113pt too wide) detected at line 1338
\T1/cmr/m/n/10.95 R.171.51 
 []


Overfull \hbox (16.24113pt too wide) detected at line 1339
\T1/cmr/m/n/10.95 R.171.52 
 []


Overfull \hbox (16.24113pt too wide) detected at line 1340
\T1/cmr/m/n/10.95 R.171.53 
 []


Overfull \hbox (16.24113pt too wide) detected at line 1341
\T1/cmr/m/n/10.95 R.171.54 
 []


Overfull \hbox (16.24113pt too wide) detected at line 1342
\T1/cmr/m/n/10.95 R.171.55 
 []


Overfull \hbox (16.24113pt too wide) detected at line 1343
\T1/cmr/m/n/10.95 R.171.56 
 []


Overfull \hbox (15.25122pt too wide) detected at line 1344
\T1/cmr/bx/n/10.95 R.172 
 []


Overfull \hbox (10.7972pt too wide) detected at line 1345
\T1/cmr/m/n/10.95 R.172.1 
 []


Overfull \hbox (9.4682pt too wide) detected at line 1346
\T1/cmr/m/n/10.95 R.172.1.1 
 []


Overfull \hbox (9.4682pt too wide) detected at line 1349
\T1/cmr/m/n/10.95 R.172.1.2 
 []


Overfull \hbox (9.4682pt too wide) detected at line 1352
\T1/cmr/m/n/10.95 R.172.1.3 
 []


Overfull \hbox (9.4682pt too wide) detected at line 1355
\T1/cmr/m/n/10.95 R.172.1.4 
 []


Overfull \hbox (10.7972pt too wide) detected at line 1358
\T1/cmr/m/n/10.95 R.172.2 
 []


Overfull \hbox (9.4682pt too wide) detected at line 1359
\T1/cmr/m/n/10.95 R.172.2.1 
 []


Overfull \hbox (9.4682pt too wide) detected at line 1361
\T1/cmr/m/n/10.95 R.172.2.2 
 []


Overfull \hbox (9.4682pt too wide) detected at line 1363
\T1/cmr/m/n/10.95 R.172.2.3 
 []


Overfull \hbox (9.4682pt too wide) detected at line 1365
\T1/cmr/m/n/10.95 R.172.2.4 
 []


Overfull \hbox (10.7972pt too wide) detected at line 1367
\T1/cmr/m/n/10.95 R.172.3 
 []


Overfull \hbox (9.4682pt too wide) detected at line 1368
\T1/cmr/m/n/10.95 R.172.3.1 
 []


Overfull \hbox (9.4682pt too wide) detected at line 1370
\T1/cmr/m/n/10.95 R.172.3.2 
 []


Overfull \hbox (9.4682pt too wide) detected at line 1372
\T1/cmr/m/n/10.95 R.172.3.3 
 []


Overfull \hbox (9.4682pt too wide) detected at line 1374
\T1/cmr/m/n/10.95 R.172.3.4 
 []


Overfull \hbox (10.7972pt too wide) detected at line 1376
\T1/cmr/m/n/10.95 R.172.4 
 []


Overfull \hbox (9.4682pt too wide) detected at line 1377
\T1/cmr/m/n/10.95 R.172.4.1 
 []


Overfull \hbox (9.4682pt too wide) detected at line 1379
\T1/cmr/m/n/10.95 R.172.4.2 
 []


Overfull \hbox (9.4682pt too wide) detected at line 1381
\T1/cmr/m/n/10.95 R.172.4.3 
 []


Overfull \hbox (9.4682pt too wide) detected at line 1383
\T1/cmr/m/n/10.95 R.172.4.4 
 []


Overfull \hbox (10.7972pt too wide) detected at line 1385
\T1/cmr/m/n/10.95 R.172.5 
 []

[31]
Overfull \hbox (9.4682pt too wide) detected at line 1386
\T1/cmr/m/n/10.95 R.172.5.1 
 []


Overfull \hbox (9.4682pt too wide) detected at line 1388
\T1/cmr/m/n/10.95 R.172.5.2 
 []


Overfull \hbox (9.4682pt too wide) detected at line 1390
\T1/cmr/m/n/10.95 R.172.5.3 
 []


Overfull \hbox (9.4682pt too wide) detected at line 1392
\T1/cmr/m/n/10.95 R.172.5.4 
 []


Overfull \hbox (10.7972pt too wide) detected at line 1394
\T1/cmr/m/n/10.95 R.172.6 
 []


Overfull \hbox (9.4682pt too wide) detected at line 1395
\T1/cmr/m/n/10.95 R.172.6.1 
 []


Overfull \hbox (9.4682pt too wide) detected at line 1397
\T1/cmr/m/n/10.95 R.172.6.2 
 []


Overfull \hbox (9.4682pt too wide) detected at line 1399
\T1/cmr/m/n/10.95 R.172.6.3 
 []


Overfull \hbox (9.4682pt too wide) detected at line 1401
\T1/cmr/m/n/10.95 R.172.6.4 
 []


Overfull \hbox (10.7972pt too wide) detected at line 1403
\T1/cmr/m/n/10.95 R.172.7 
 []


Overfull \hbox (9.4682pt too wide) detected at line 1404
\T1/cmr/m/n/10.95 R.172.7.1 
 []


Overfull \hbox (9.4682pt too wide) detected at line 1406
\T1/cmr/m/n/10.95 R.172.7.2 
 []


Overfull \hbox (9.4682pt too wide) detected at line 1408
\T1/cmr/m/n/10.95 R.172.7.3 
 []


Overfull \hbox (9.4682pt too wide) detected at line 1410
\T1/cmr/m/n/10.95 R.172.7.4 
 []


Overfull \hbox (10.7972pt too wide) detected at line 1412
\T1/cmr/m/n/10.95 R.172.8 
 []


Overfull \hbox (9.4682pt too wide) detected at line 1413
\T1/cmr/m/n/10.95 R.172.8.1 
 []


Overfull \hbox (9.4682pt too wide) detected at line 1415
\T1/cmr/m/n/10.95 R.172.8.2 
 []


Overfull \hbox (9.4682pt too wide) detected at line 1417
\T1/cmr/m/n/10.95 R.172.8.3 
 []


Overfull \hbox (9.4682pt too wide) detected at line 1419
\T1/cmr/m/n/10.95 R.172.8.4 
 []


Overfull \hbox (10.7972pt too wide) detected at line 1421
\T1/cmr/m/n/10.95 R.172.9 
 []


Overfull \hbox (9.4682pt too wide) detected at line 1422
\T1/cmr/m/n/10.95 R.172.9.1 
 []


Overfull \hbox (9.4682pt too wide) detected at line 1424
\T1/cmr/m/n/10.95 R.172.9.2 
 []


Overfull \hbox (9.4682pt too wide) detected at line 1426
\T1/cmr/m/n/10.95 R.172.9.3 
 []


Overfull \hbox (9.4682pt too wide) detected at line 1428
\T1/cmr/m/n/10.95 R.172.9.4 
 []

)
\tf@toc=\write5
\openout5 = `yang_mills_master.toc'.

 [32] [33

] (sec01_introduction_final.tex [34

])
(sec02_lattice_foundations_final.tex

LaTeX Warning: Reference `ch:fix41_ollivier_ricci' on page 35 undefined on inpu
t line 4.


LaTeX Warning: Reference `ch:fix9_index_theorem' on page 35 undefined on input 
line 4.

[35]

LaTeX Warning: Reference `ch:fix53_mandelstam_constraints' on page 36 undefined
 on input line 10.


Overfull \hbox (2.20187pt too wide) in paragraph at lines 26--28
\T1/cmr/m/n/10.95 where $\OML/cmm/m/it/10.95 U[] \OT1/cmr/m/n/10.95 = \OML/cmm/
m/it/10.95 U[]U[]U[]U[]$\T1/cmr/m/n/10.95 . The lat-tice mea-sure is $\OML/cmm/
m/it/10.95 d^^V[] \OT1/cmr/m/n/10.95 = \OML/cmm/m/it/10.95 Z[]e[] [][] dU[]$\T1
/cmr/m/n/10.95 ,
 []


LaTeX Warning: Reference `ch:fix41_ollivier_ricci' on page 36 undefined on inpu
t line 31.


Overfull \hbox (15.50722pt too wide) in paragraph at lines 34--35
[][]\T1/cmr/bx/n/10.95 Definition 2.2 \T1/cmr/m/n/10.95 (Coarse Ricci Cur-va-tu
re)\T1/cmr/bx/n/10.95 . []\T1/cmr/m/it/10.95 Equip the con-fig-u-ra-tion space 
$\OMS/cmsy/m/n/10.95 A[]$ \T1/cmr/m/it/10.95 with the $\OML/cmm/m/it/10.95 L[]$
\T1/cmr/m/it/10.95 -Wasserstein
 []

[36]

LaTeX Warning: Reference `ch:fix9_index_theorem' on page 37 undefined on input 
line 50.


LaTeX Warning: Reference `ch:fix62_admissibility' on page 37 undefined on input
 line 53.


LaTeX Warning: Reference `ch:fix34_brst' on page 37 undefined on input line 86.


) (sec03_strong_coupling_final.tex [37]

LaTeX Warning: Reference `ch:fix28_mayer_montroll_radius' on page 38 undefined 
on input line 24.


LaTeX Warning: Reference `ch:fix6_battle_federbush' on page 38 undefined on inp
ut line 56.

[38]) [39] [40

] (sec04_adjoint_interpolation_final.tex

LaTeX Warning: Reference `ch:fix13_vafa_witten' on page 41 undefined on input l
ine 22.


LaTeX Warning: Reference `ch:fix36_lieb_thirring' on page 41 undefined on input
 line 31.


LaTeX Warning: Reference `ch:fix8_decoupling' on page 41 undefined on input lin
e 38.

[41

]) (sec05_weak_coupling_final.tex

LaTeX Warning: Reference `ch:fix45_dobrushin_uniqueness' on page 42 undefined o
n input line 7.

[42]) (sec06_continuum_limit_final.tex

LaTeX Warning: Reference `ch:fix30_talagrand' on page 43 undefined on input lin
e 25.


LaTeX Warning: Reference `ch:fix62_admissibility' on page 43 undefined on input
 line 32.

) [43] [44

] (sec07_conclusion_final.tex) [45

] [46

]
(app29_mathematical_prerequisites.tex [47

]

LaTeX Warning: Reference `thm:holder-bounds' on page 48 undefined on input line
 103.

) (app30_key_estimates.tex [48]

LaTeX Warning: Reference `def:string-tension' on page 49 undefined on input lin
e 40.


LaTeX Warning: Reference `thm:wilson-mono' on page 49 undefined on input line 4
4.

) (app31_verification_of_non-circularity.tex

LaTeX Warning: Reference `sec:transfer' on page 49 undefined on input line 16.


Overfull \hbox (0.23347pt too wide) in paragraph at lines 16--18
[]\T1/cmr/bx/n/10.95 Transfer Ma-trix \T1/cmr/m/n/10.95 (Sec-tion []): \T1/cmr/
m/it/10.95 De-pends on: \T1/cmr/m/n/10.95 Lat-tice con-struc-tion, com-pact-nes
s of $\OML/cmm/m/it/10.95 SU\OT1/cmr/m/n/10.95 (\OML/cmm/m/it/10.95 N\OT1/cmr/m
/n/10.95 )$\T1/cmr/m/n/10.95 . 
 []


LaTeX Warning: Reference `thm:reflection-pos' on page 49 undefined on input lin
e 19.


LaTeX Warning: Reference `subsec:complex-path' on page 49 undefined on input li
ne 26.

[49]

LaTeX Warning: Reference `subsec:balaban-fermions' on page 50 undefined on inpu
t line 30.

[50]

LaTeX Warning: Reference `thm:continuum-exists' on page 51 undefined on input l
ine 89.


LaTeX Warning: Reference `thm:holder-bounds' on page 51 undefined on input line
 99.


LaTeX Warning: Reference `thm:analyticity' on page 51 undefined on input line 1
09.


LaTeX Warning: Reference `lem:analyticity-direct' on page 51 undefined on input
 line 109.


LaTeX Warning: Reference `thm:sigma-positive' on page 51 undefined on input lin
e 120.

[51]) (app32_future_directions_and_extensions.tex [52])
(app33_rigorous_non-perturbative_scale_setting.tex [53]

LaTeX Warning: Reference `thm:convex-analytic' on page 54 undefined on input li
ne 45.


LaTeX Warning: Reference `thm:wilson-positive' on page 54 undefined on input li
ne 54.


LaTeX Warning: Reference `thm:sigma-positive' on page 54 undefined on input lin
e 98.


LaTeX Warning: Reference `thm:wilson-mono' on page 54 undefined on input line 1
01.

[54]

LaTeX Warning: Reference `thm:ratio-bound' on page 55 undefined on input line 1
26.


LaTeX Warning: Reference `thm:ratio-bound' on page 55 undefined on input line 1
56.

[55]

LaTeX Warning: Reference `thm:sigma-positive' on page 56 undefined on input lin
e 212.

[56]
Overfull \hbox (1.31999pt too wide) in paragraph at lines 269--270
[][]\T1/cmr/bx/n/10.95 Open Prob-lem E.11 \T1/cmr/m/n/10.95 (Higher Di-men-sion
s)\T1/cmr/bx/n/10.95 . []\T1/cmr/m/it/10.95 For $\OML/cmm/m/it/10.95 d > \OT1/c
mr/m/n/10.95 4$\T1/cmr/m/it/10.95 , Yang-Mills the-ory is non-renormalizable.
 []

[57]) (app34_novel_mathematical_framework_addressing_key_gaps.tex [58] [59]
[60] [61] [62] [63] [64] [65] [66] [67] [68]

LaTeX Warning: Reference `thm:gap-all-beta' on page 69 undefined on input line 
815.


LaTeX Warning: Reference `thm:sigma-positive' on page 69 undefined on input lin
e 826.


LaTeX Warning: Reference `thm:giles-teper' on page 69 undefined on input line 8
28.


LaTeX Warning: Reference `thm:gap-all-beta' on page 69 undefined on input line 
830.


LaTeX Warning: Reference `thm:gap-all-beta' on page 69 undefined on input line 
867.

[69] [70] [71

]) (app35_introduction_alternative_mathematical_frameworks.tex
pdfTeX warning (ext4): destination with the same identifier (name{appendix.A}) 
has been already used, duplicate ignored
<to be read again> 
                   \relax 
l.1 ...oduction: Alternative Mathematical Methods}
                                                  

LaTeX Warning: Reference `thm:bessel-su2' on page 72 undefined on input line 6.



LaTeX Warning: Reference `thm:bessel-su3' on page 72 undefined on input line 7.



LaTeX Warning: Reference `thm:sigma-positive' on page 72 undefined on input lin
e 8.


LaTeX Warning: Reference `thm:giles-teper' on page 72 undefined on input line 9
.

) (app36_framework_1_stochastic_geometric_analysis_of_cente.tex
pdfTeX warning (ext4): destination with the same identifier (name{appendix.B}) 
has been already used, duplicate ignored
<to be read again> 
                   \relax 
l.1 ...stic Geometric Analysis of Center Vortices}
                                                  
pdfTeX warning (ext4): destination with the same identifier (name{subsection.B.
1}) has been already used, duplicate ignored
<to be read again> 
                   \relax 
l.5 \subsection{The Vortex Tension Problem}
                                           

LaTeX Warning: Reference `thm:sigma-positive' on page 72 undefined on input lin
e 9.


pdfTeX warning (ext4): destination with the same identifier (name{theorem.B.1})
 has been already used, duplicate ignored
<to be read again> 
                   \relax 
l.21 L
      et $\mathcal{V}_\Lambda$ denote the space of closed codimension-2 surf...

pdfTeX warning (ext4): destination with the same identifier (name{theorem.B.2})
 has been already used, duplicate ignored
<to be read again> 
                   \relax 
l.34 F
      or $SU(N)$ Yang-Mills in $d \geq 3$ dimensions, define the vortex free...
[72

]
LaTeX Font Info:    Trying to load font information for U+euf on input line 94.

 (C:\Users\Lenovo\AppData\Local\Programs\MiKTeX\tex/latex/amsfonts\ueuf.fd
File: ueuf.fd 2013/01/14 v3.01 Euler Fraktur
) [73]) (app37_framework_2_alternative_giles-teper_via_spectral_g.tex
pdfTeX warning (ext4): destination with the same identifier (name{appendix.C}) 
has been already used, duplicate ignored
<to be read again> 
                   \relax 
l.1 ...ernative Giles-Teper via Spectral Geometry}
                                                  
pdfTeX warning (ext4): destination with the same identifier (name{subsection.C.
1}) has been already used, duplicate ignored
<to be read again> 
                   \relax 
l.5 \subsection{Alternative Derivation}
                                       

LaTeX Warning: Reference `thm:giles-teper' on page 74 undefined on input line 8
.

[74] [75] [76]) (app39_framework_4_uniform_control_via_concentration_of_m.tex
pdfTeX warning (ext4): destination with the same identifier (name{appendix.D}) 
has been already used, duplicate ignored
<to be read again> 
                   \relax 
l.1 ...iform Control via Concentration of Measure}
                                                  
pdfTeX warning (ext4): destination with the same identifier (name{subsection.D.
1}) has been already used, duplicate ignored
<to be read again> 
                   \relax 
l.6 ...ection{Concentration on Compact Lie Groups}
                                                  
pdfTeX warning (ext4): destination with the same identifier (name{theorem.D.1})
 has been already used, duplicate ignored
<to be read again> 
                   \relax 
l.11 L
      et $f: SU(N) \to \mathbb{R}$ be a Lipschitz function with constant $L$...

pdfTeX warning (ext4): destination with the same identifier (name{subsection.D.
2}) has been already used, duplicate ignored
<to be read again> 
                   \relax 
l.20 ...tion{Application to the Yang-Mills Action}
                                                   [77]
pdfTeX warning (ext4): destination with the same identifier (name{theorem.D.2})
 has been already used, duplicate ignored
<to be read again> 
                   \relax 
l.27 L
      et $\mathcal{O}_\Lambda$ be a sum of local operators supported on a re...

pdfTeX warning (ext4): destination with the same identifier (name{subsection.D.
3}) has been already used, duplicate ignored
<to be read again> 
                   \relax 
l.33 ...ction{The Spectral Gap from Concentration}
                                                  
pdfTeX warning (ext4): destination with the same identifier (name{theorem.D.3})
 has been already used, duplicate ignored
<to be read again> 
                   \relax 
l.38 I
      f the Hamiltonian $H$ has a spectral gap $\Delta > 0$, then the ground...
) (app40_new_mathematics_complete_resolution_of_the_four_ga.tex
pdfTeX warning (ext4): destination with the same identifier (name{appendix.E}) 
has been already used, duplicate ignored
<to be read again> 
                   \relax 
l.1 ...Complete Resolution of the Four Challenges}
                                                  
pdfTeX warning (ext4): destination with the same identifier (name{subsection.E.
1}) has been already used, duplicate ignored
<to be read again> 
                   \relax 
l.10 ...Tension Positivity via Entropic Curvature}
                                                  
pdfTeX warning (ext4): destination with the same identifier (name{theorem.E.1})
 has been already used, duplicate ignored
<to be read again> 
                   \relax 
l.13 F
      or a Riemannian manifold $(M, g)$ with Laplace-Beltrami operator $\Del...
[78]
pdfTeX warning (ext4): destination with the same identifier (name{theorem.E.2})
 has been already used, duplicate ignored
<to be read again> 
                   \relax 
l.22 T
      he compact Lie group $\SU(N)$ with bi-invariant metric satisfies:
pdfTeX warning (ext4): destination with the same identifier (name{theorem.E.3})
 has been already used, duplicate ignored
<to be read again> 
                   \relax 
l.43 F
      or $\SU(N)$ lattice Yang-Mills at any coupling $\beta > 0$:
pdfTeX warning (ext4): destination with the same identifier (name{subsection.E.
2}) has been already used, duplicate ignored
<to be read again> 
                   \relax 
l.68 ...s Giles-Teper Bound via Optimal Transport}
                                                  
pdfTeX warning (ext4): destination with the same identifier (name{theorem.E.4})
 has been already used, duplicate ignored
<to be read again> 
                   \relax 
l.72 F
      or $\SU(N)$ lattice Yang-Mills with string tension $\sigma > 0$: [79]
pdfTeX warning (ext4): destination with the same identifier (name{subsection.E.
3}) has been already used, duplicate ignored
<to be read again> 
                   \relax 
l.116 ...plicit Constants via Heat Kernel Methods}
                                                  
pdfTeX warning (ext4): destination with the same identifier (name{theorem.E.5})
 has been already used, duplicate ignored
<to be read again> 
                   \relax 
l.120 F
       or $\SU(N)$ Yang-Mills in $d = 4$, the rigorous lower bound is:
pdfTeX warning (ext4): destination with the same identifier (name{subsection.E.
4}) has been already used, duplicate ignored
<to be read again> 
                   \relax 
l.145 ... Coupling via Bakry-Ã‰mery Interpolation}
                                                  
pdfTeX warning (ext4): destination with the same identifier (name{theorem.E.6})
 has been already used, duplicate ignored
<to be read again> 
                   \relax 
l.149 F
       or $\SU(N)$ Yang-Mills in $d = 4$ and all $\beta \in (0, \infty)$:
[80]) (app41_synthesis_framework_for_condition_p.tex
pdfTeX warning (ext4): destination with the same identifier (name{appendix.F}) 
has been already used, duplicate ignored
<to be read again> 
                   \relax 
l.1 \section{Synthesis: Method for Condition P}
                                               
pdfTeX warning (ext4): destination with the same identifier (name{theorem.F.1})
 has been already used, duplicate ignored
<to be read again> 
                   \relax 
l.6 T
     his appendix outlines the structural framework originally developed to ...

pdfTeX warning (ext4): destination with the same identifier (name{theorem.F.2})
 has been already used, duplicate ignored
<to be read again> 
                   \relax 
l.20 F
      or $SU(2)$ and $SU(3)$ Yang-Mills in dimension $d = 4$, the theory (wi...
[81]

LaTeX Warning: Reference `thm:tropical-gks' on page 82 undefined on input line 
47.


LaTeX Warning: Reference `thm:giles-teper-rigorous' on page 82 undefined on inp
ut line 55.

) (app42_statement_of_main_result.tex
Overfull \hbox (14.95522pt too wide) in paragraph at lines 10--11
[][]\T1/cmr/bx/n/10.95 Theorem R.7.1 \T1/cmr/m/n/10.95 (Finite-Vol-ume and Stro
ng--Cou-pling Mass Gap---Rig-or-ous)\T1/cmr/bx/n/10.95 . []\T1/cmr/m/it/10.95 F
or four-dimensional
 []

[82]

LaTeX Warning: Reference `thm:uniform-lsi-induction' on page 83 undefined on in
put line 52.


LaTeX Warning: Reference `thm:sigma-positivity-final' on page 83 undefined on i
nput line 58.


LaTeX Warning: Reference `thm:sigma-positivity-final' on page 83 undefined on i
nput line 67.


LaTeX Warning: Reference `thm:uniform-lsi-induction' on page 83 undefined on in
put line 68.


LaTeX Warning: Reference `thm:sigma-positivity-final' on page 83 undefined on i
nput line 69.


LaTeX Warning: Reference `thm:giles-teper-final' on page 83 undefined on input 
line 70.

[83]) (app43_framework_1_quaternionic_spectral_flow_for_su2.tex [84] [85])
(app44_framework_2_octonion-enhanced_curvature_for_su3.tex [86]
Overfull \hbox (13.87273pt too wide) in paragraph at lines 59--60
[][]\T1/cmr/bx/n/10.95 Theorem R.9.3 \T1/cmr/m/n/10.95 (En-hanced LSI for $\OML
/cmm/m/it/10.95 SU\OT1/cmr/m/n/10.95 (3)$ \T1/cmr/m/n/10.95 Yang-Mills)\T1/cmr/
bx/n/10.95 . []\T1/cmr/m/it/10.95 The Yang-Mills mea-sure $\OML/cmm/m/it/10.95 
^^V[]$ \T1/cmr/m/it/10.95 on $\OML/cmm/m/it/10.95 SU\OT1/cmr/m/n/10.95 (3)[]$
 []

[87]) (app45_framework_3_holomorphic_anomaly_cancellation_for_v.tex [88])
(app49_the_intermediate_coupling_regime.tex [89] [90])
(app50_summary_resolution_of_the_mass_gap.tex [91] [92] [93] [94])
(app51_complete_synthesis_proof_of_mass_gap_for_su2_and_s.tex [95])
(app52_rigorous_pde_and_functional_analysis_framework.tex
Overfull \hbox (0.54834pt too wide) in paragraph at lines 36--39
[]\T1/cmr/m/n/10.95 The op-er-a-tor $\OML/cmm/m/it/10.95 H[]$ \T1/cmr/m/n/10.95
 is a second-order el-lip-tic op-er-a-tor on the com-pact man-i-fold $\OMS/cmsy
/m/n/10.95 M \OT1/cmr/m/n/10.95 = \OML/cmm/m/it/10.95 SU\OT1/cmr/m/n/10.95 (\OM
L/cmm/m/it/10.95 N\OT1/cmr/m/n/10.95 )[]$
 []

[96] [97]

LaTeX Warning: Reference `thm:holder-bounds' on page 98 undefined on input line
 135.

[98] [99] [100]

LaTeX Warning: Reference `thm:giles-teper' on page 101 undefined on input line 
385.

[101]

LaTeX Warning: Reference `thm:giles-teper' on page 102 undefined on input line 
438.

[102]

LaTeX Warning: Reference `thm:scale-generation' on page 103 undefined on input 
line 547.

[103]) (app53_complete_rigorous_resolution_of_critical_gaps.tex

LaTeX Warning: Reference `thm:giles-teper' on page 104 undefined on input line 
53.

[104]

LaTeX Warning: Reference `thm:transfer-spectral' on page 105 undefined on input
 line 60.


LaTeX Warning: Reference `def:string-tension' on page 105 undefined on input li
ne 61.


LaTeX Warning: Reference `thm:rp-positivity' on page 105 undefined on input lin
e 62.


LaTeX Warning: Reference `thm:analyticity' on page 105 undefined on input line 
78.


LaTeX Warning: Reference `thm:wilson-mono' on page 105 undefined on input line 
80.

[105]

LaTeX Warning: Reference `thm:wilson-mono' on page 106 undefined on input line 
143.


LaTeX Warning: Reference `thm:analyticity' on page 106 undefined on input line 
144.

[106]

LaTeX Warning: Reference `thm:transfer-spectral' on page 107 undefined on input
 line 206.


LaTeX Warning: Reference `thm:sigma-positive' on page 107 undefined on input li
ne 216.


LaTeX Warning: Reference `thm:sigma-positive' on page 107 undefined on input li
ne 230.


LaTeX Warning: Reference `thm:continuum-lyapunov' on page 107 undefined on inpu
t line 258.

[107]

LaTeX Warning: Reference `thm:unique-gibbs' on page 108 undefined on input line
 293.


LaTeX Warning: Reference `thm:scale-generation' on page 108 undefined on input 
line 309.

[108]

LaTeX Warning: Reference `thm:giles-teper' on page 109 undefined on input line 
372.


LaTeX Warning: Reference `thm:sigma-positive' on page 109 undefined on input li
ne 397.


LaTeX Warning: Reference `thm:scale-generation' on page 109 undefined on input 
line 399.

[109]

LaTeX Warning: Reference `thm:giles-teper' on page 110 undefined on input line 
496.

[110]

LaTeX Warning: Reference `sec:string' on page 111 undefined on input line 571.


LaTeX Warning: Reference `sec:continuum' on page 111 undefined on input line 57
2.


LaTeX Warning: Reference `sec:osterwalder' on page 111 undefined on input line 
572.

[111]

LaTeX Warning: Reference `thm:perron-frobenius' on page 112 undefined on input 
line 612.

[112]

LaTeX Warning: Reference `thm:scale-generation' on page 113 undefined on input 
line 676.

[113]

LaTeX Warning: Reference `sec:transfer' on page 114 undefined on input line 733
.


LaTeX Warning: Reference `sec:string' on page 114 undefined on input line 734.

[114] [115]

LaTeX Warning: Reference `thm:unique-gibbs' on page 116 undefined on input line
 917.


LaTeX Warning: Reference `thm:continuum-exists' on page 116 undefined on input 
line 938.


LaTeX Warning: Reference `thm:perron-frobenius' on page 116 undefined on input 
line 941.


LaTeX Warning: Reference `sec:gauge-invariance' on page 116 undefined on input 
line 943.

[116]

LaTeX Warning: Reference `thm:cluster' on page 117 undefined on input line 945.



LaTeX Warning: Reference `thm:sigma-positive' on page 117 undefined on input li
ne 947.

) (app54_explicit_numerical_bounds_and_physical_predictions.tex

LaTeX Warning: Reference `thm:bessel-su2' on page 117 undefined on input line 2
9.


LaTeX Warning: Reference `thm:bessel-su3' on page 117 undefined on input line 2
9.


LaTeX Warning: Reference `thm:sigma-positive' on page 117 undefined on input li
ne 30.


LaTeX Warning: Reference `thm:giles-teper' on page 117 undefined on input line 
31.

) (app55_conclusion_and_status_summary.tex [117] [118])
(app56_novel_mathematical_tools.tex [119]
Overfull \hbox (22.56764pt too wide) in paragraph at lines 39--43
\OML/cmm/m/it/10.95 W[]\OT1/cmr/m/n/10.95 (\U/msb/m/n/10.95 R[]\OML/cmm/m/it/10
.95 ; []\OT1/cmr/m/n/10.95 (\OML/cmm/m/it/10.95 N\OT1/cmr/m/n/10.95 ) \OMS/cmsy
/m/n/10.95 
 \OML/cmm/m/it/10.95 T[]\U/msb/m/n/10.95 R[]\OT1/cmr/m/n/10.95 )$\T1/cmr/m/it/1
0.95 , the SGF equa-tion [] ad-mits a unique mild so-lu-tion $\OML/cmm/m/it/10.
95 A\OT1/cmr/m/n/10.95 (\OML/cmm/m/it/10.95 t\OT1/cmr/m/n/10.95 ) \OMS/cmsy/m/n
/10.95 2 \OML/cmm/m/it/10.95 C\OT1/cmr/m/n/10.95 ([0\OML/cmm/m/it/10.95 ; T\OT1
/cmr/m/n/10.95 ]; \OML/cmm/m/it/10.95 W[]\OT1/cmr/m/n/10.95 ) \OMS/cmsy/m/n/10.
95 \
 []

[120] [121] [122]

LaTeX Warning: Reference `thm:center-symmetry' on page 123 undefined on input l
ine 296.

[123] [124] [125] [126] [127] [128] [129] [130] [131] [132]
Overfull \hbox (0.12125pt too wide) in paragraph at lines 1039--1042
[][]\T1/cmr/bx/n/10.95 Theorem R.18.34 \T1/cmr/m/n/10.95 (Clos-abil-ity and Gen
-er-a-tor)\T1/cmr/bx/n/10.95 . []\T1/cmr/m/it/10.95 The form $\OT1/cmr/m/n/10.9
5 (\OMS/cmsy/m/n/10.95 E\OML/cmm/m/it/10.95 ; []\OT1/cmr/m/n/10.95 (\OMS/cmsy/m
/n/10.95 B\OT1/cmr/m/n/10.95 ))$ \T1/cmr/m/it/10.95 is clos-able in $\OML/cmm/m
/it/10.95 L[]\OT1/cmr/m/n/10.95 (\OMS/cmsy/m/n/10.95 B\OML/cmm/m/it/10.95 ; ^^V
[]\OT1/cmr/m/n/10.95 )$\T1/cmr/m/it/10.95 .
 []

[133] [134] [135] [136]

LaTeX Warning: Reference `cor:smooth-continuum' on page 137 undefined on input 
line 1360.


LaTeX Warning: Reference `thm:spde-wellposed' on page 137 undefined on input li
ne 1360.


LaTeX Warning: Reference `thm:complete-spectral-gap' on page 137 undefined on i
nput line 1361.


LaTeX Warning: Reference `thm:area-law-ope' on page 137 undefined on input line
 1361.


LaTeX Warning: Reference `thm:complete-spectral-gap' on page 137 undefined on i
nput line 1362.


LaTeX Warning: Reference `thm:complete-mass-gap' on page 137 undefined on input
 line 1362.


LaTeX Warning: Reference `thm:epsilon-regularity' on page 137 undefined on inpu
t line 1364.


LaTeX Warning: Reference `thm:uhlenbeck-gauge-fix' on page 137 undefined on inp
ut line 1364.


LaTeX Warning: Reference `thm:bubble-prevention' on page 137 undefined on input
 line 1365.


LaTeX Warning: Reference `thm:no-bubbles-measure' on page 137 undefined on inpu
t line 1365.


LaTeX Warning: Reference `thm:gap-survives' on page 137 undefined on input line
 1366.


LaTeX Warning: Reference `thm:beta-function' on page 137 undefined on input lin
e 1368.


LaTeX Warning: Reference `thm:dimensional-transmutation-tools' on page 137 unde
fined on input line 1368.


LaTeX Warning: Reference `thm:exponential-clustering' on page 137 undefined on 
input line 1369.

[137] [138] [139] [140] [141] [142] [143])
(app57_divide_and_conquer_complete_proof_structure.tex

LaTeX Warning: Reference `thm:uniform-lsi-all-beta' on page 144 undefined on in
put line 25.

[144] [145]) (app58_pde_and_geometric_analysis_perspective.tex [146] [147]
[148]) (app59_complete_resolution_of_remaining_gaps_and_conjectu.tex [149]
[150]

LaTeX Warning: Reference `sec:analyticity' on page 151 undefined on input line 
167.


LaTeX Warning: Reference `thm:sigma-positive' on page 151 undefined on input li
ne 172.


LaTeX Warning: Reference `thm:curv_gap' on page 151 undefined on input line 192
.


LaTeX Warning: Reference `sec:factorization' on page 151 undefined on input lin
e 206.

[151]

LaTeX Warning: Reference `thm:continuum-exists' on page 152 undefined on input 
line 238.


LaTeX Warning: Reference `thm:cluster' on page 152 undefined on input line 251.



LaTeX Warning: Reference `def:eps-fact' on page 152 undefined on input line 254
.


LaTeX Warning: Reference `thm:wilson-convergence' on page 152 undefined on inpu
t line 280.


LaTeX Warning: Reference `thm:wightman' on page 152 undefined on input line 285
.

[152] [153] [154] [155] [156] [157] [158] [159] [160] [161]

LaTeX Warning: Reference `thm:equicontinuity' on page 162 undefined on input li
ne 989.


LaTeX Warning: Reference `thm:convex-analytic' on page 162 undefined on input l
ine 1002.


Overfull \hbox (6.94875pt too wide) in paragraph at lines 1017--1019
[]\T1/cmr/bx/n/10.95 OS0 (An-a-lyt-ic-ity): \T1/cmr/m/n/10.95 The con-tin-uum c
or-re-la-tors are an-a-lytic in po-si-tions (for non-coincident
 []


LaTeX Warning: Reference `thm:reflection-pos' on page 162 undefined on input li
ne 1021.


LaTeX Warning: Reference `thm:pure-spectral-gap' on page 162 undefined on input
 line 1034.


LaTeX Warning: Reference `thm:ratio-bound' on page 162 undefined on input line 
1041.


LaTeX Warning: Reference `thm:sigma-positive-continuum' on page 162 undefined o
n input line 1055.

[162]

LaTeX Warning: Reference `thm:equicontinuity' on page 163 undefined on input li
ne 1077.


LaTeX Warning: Reference `thm:sigma-positive' on page 163 undefined on input li
ne 1096.


LaTeX Warning: Reference `thm:pure-spectral-gap' on page 163 undefined on input
 line 1098.


LaTeX Warning: Reference `thm:full-os' on page 163 undefined on input line 1100
.

) (app60_novel_approach_topological_obstruction_to_massless.tex
Overfull \hbox (2.26418pt too wide) in paragraph at lines 1--1
[]\T1/cmr/bx/n/14.4 Novel Ap-proach: Topo-log-i-cal Ob-struc-tion to Mass-less 
Limit 
 []


LaTeX Warning: Reference `thm:giles-teper' on page 163 undefined on input line 
30.

[163]

LaTeX Warning: Reference `thm:center-symmetry' on page 164 undefined on input l
ine 68.


LaTeX Warning: Reference `thm:center-symmetry' on page 164 undefined on input l
ine 76.


LaTeX Warning: Reference `thm:perron-frobenius' on page 164 undefined on input 
line 106.

[164] [165]

LaTeX Warning: Reference `thm:pure-spectral-gap' on page 166 undefined on input
 line 229.


LaTeX Warning: Reference `thm:sigma-positive' on page 166 undefined on input li
ne 234.


LaTeX Warning: Reference `thm:giles-teper' on page 166 undefined on input line 
250.

[166]) (app61_the_definitive_spectral_gap_argument.tex [167] [168]

LaTeX Warning: Reference `thm:wilson-mono' on page 169 undefined on input line 
127.

[169] [170]

LaTeX Warning: Reference `app:definitive-gap-closure' on page 171 undefined on 
input line 251.

[171]) (app62_advanced_mathematical_framework_spectral_geometry_.tex [172]
[173] [174] [175]

LaTeX Warning: Reference `thm:full-os' on page 176 undefined on input line 305.


) (app63_the_rigorous_poincar_inequality_on_gauge_orbits.tex [176] [177]

LaTeX Warning: Reference `cor:h-geom-positive' on page 178 undefined on input l
ine 105.


LaTeX Warning: Reference `cor:h-geom-positive' on page 178 undefined on input l
ine 108.

[178] [179]) (app64_synthesis_the_complete_argument.tex

LaTeX Warning: Reference `sec:wilsonian-qcd' on page 180 undefined on input lin
e 23.


LaTeX Warning: Reference `sec:transfer' on page 180 undefined on input line 23.



LaTeX Warning: Reference `sec:string-tension' on page 180 undefined on input li
ne 37.


LaTeX Warning: Reference `sec:giles-teper' on page 180 undefined on input line 
43.


LaTeX Warning: Reference `sec:continuum' on page 180 undefined on input line 49
.

[180] [181]

LaTeX Warning: Reference `thm:complete-rigorous' on page 182 undefined on input
 line 85.

) (app65_functional_analytic_methods.tex [182] [183] [184] [185])
(app66_renormalization_group_analysis.tex [186] [187] [188])
(app67_stochastic_and_probabilistic_methods.tex [189] [190] [191] [192]
[193] [194

]) (app68_gap_1_infinite-volume_string_tension_via_adjoint_f.tex
Overfull \hbox (20.76129pt too wide) in paragraph at lines 64--68
\T1/cmr/m/n/10.95 since ad-joint in-dices trans-form triv-ially un-der the cen-
ter. The Polyakov loop $\OML/cmm/m/it/10.95 P \OT1/cmr/m/n/10.95 = [] \OMS/cmsy
/m/n/10.95 P []\OT1/cmr/m/n/10.95 (\OML/cmm/m/it/10.95 ig [] A[]d^^\\OT1/cmr/m/
n/10.95 )$
 []

[195

] [196] [197])
(app69_gap_2_continuum_limit_via_stochastic_geometric_flo.tex [198] [199]

LaTeX Warning: Reference `thm:sigma-positive-all-beta' on page 200 undefined on
 input line 182.

[200]) (app70_gap_3_uniform_log-sobolev_inequality_via_hierarchi.tex
Overfull \hbox (2.70009pt too wide) in paragraph at lines 15--19
[][]\T1/cmr/m/it/10.95 Remark \T1/cmr/m/n/10.95 R.32.1 (Defini-tive Res-o-lu-ti
on)\T1/cmr/m/it/10.95 . []\T1/cmr/m/n/10.95 This sec-tion presents the hi-er-ar
-chi-cal Ze-gar-lin-ski method.
 []

[201] [202]) (app71_gap_4_rigorous_giles-teper_bound_via_spectral_vari.tex
Overfull \hbox (1.73254pt too wide) in paragraph at lines 1--1
[]\T1/cmr/bx/n/14.4 Challenge 4: Rig-or-ous Giles-Teper Bound via Spec-tral Var
i-
 []

[203] [204] [205]) (app72_gap_5_explicit_rg_bridge_via_heat_kernel_blocking.tex
[206] [207]

LaTeX Warning: Reference `thm:large-field' on page 208 undefined on input line 
190.

[208]

LaTeX Warning: Reference `thm:sigma-positive-all-beta' on page 209 undefined on
 input line 218.


LaTeX Warning: Reference `thm:giles-teper-rigorous' on page 209 undefined on in
put line 221.

) (app73_summary_all_gaps_resolved.tex [209] [210] [211])
(app74_spectral_permanence_rigorous_continuum_limit.tex

LaTeX Warning: Reference `thm:gap-all-beta' on page 212 undefined on input line
 9.


LaTeX Warning: Reference `thm:gap-all-beta' on page 212 undefined on input line
 53.

[212]

LaTeX Warning: Reference `thm:gap-all-beta' on page 213 undefined on input line
 66.


Overfull \hbox (25.9492pt too wide) in paragraph at lines 70--74
\T1/cmr/m/it/10.95 where $\OML/cmm/m/it/10.95 ^^[[]$ \T1/cmr/m/it/10.95 is the 
lat-tice string ten-sion. Com-bined with the es-tab-lished re-sult that $\OML/c
mm/m/it/10.95 ^^[[] \OT1/cmr/m/n/10.95 := [][] \OML/cmm/m/it/10.95 a[]^^[[] >
 []


LaTeX Warning: Reference `thm:giles-teper' on page 213 undefined on input line 
137.

[213] [214]
Overfull \hbox (4.32036pt too wide) in paragraph at lines 249--251
[]\T1/cmr/bx/n/10.95 Step 3: Area law from dis-or-der. \T1/cmr/m/n/10.95 For th
e-o-ries with un-bro-ken cen-ter sym-me-try, Tomboulis's
 []

[215] [216] [217] [218]

LaTeX Warning: Reference `thm:reflection-pos' on page 219 undefined on input li
ne 559.

[219]

LaTeX Warning: Reference `thm:full-os' on page 220 undefined on input line 581.



LaTeX Warning: Reference `thm:main' on page 220 undefined on input line 633.

[220] [221]) (app75_the_intrinsic_scale_framework_bridging_lattice_to_.tex
[222]

LaTeX Warning: Reference `thm:giles-teper' on page 223 undefined on input line 
72.

[223] [224]
Overfull \hbox (8.38794pt too wide) in paragraph at lines 237--239
[][]\T1/cmr/bx/n/10.95 Theorem R.37.11 \T1/cmr/m/n/10.95 (Spec-tral Ra-tio Con-
ver-gence)\T1/cmr/bx/n/10.95 . []\T1/cmr/m/it/10.95 De-fine the spec-tral ra-ti
o $\OML/cmm/m/it/10.95 R\OT1/cmr/m/n/10.95 (\OML/cmm/m/it/10.95 ^^L\OT1/cmr/m/n
/10.95 ) := ^^A(\OML/cmm/m/it/10.95 ^^L\OT1/cmr/m/n/10.95 )\OML/cmm/m/it/10.95 
=[]$\T1/cmr/m/it/10.95 .
 []

[225]

LaTeX Warning: Reference `thm:giles-teper' on page 226 undefined on input line 
251.


LaTeX Warning: Reference `thm:continuum-exists' on page 226 undefined on input 
line 282.

[226] [227] [228]) (app76_log-sobolev_method_uniform_spectral_gap.tex [229]
[230] [231] [232]
Overfull \hbox (39.36017pt too wide) in paragraph at lines 291--294
[][]\T1/cmr/bx/n/10.95 Lemma R.38.12 \T1/cmr/m/n/10.95 (Lo-cal-ity of Ef-fec-ti
ve Bound-ary Ac-tion)\T1/cmr/bx/n/10.95 . []\T1/cmr/m/it/10.95 Let $\OML/cmm/m/
it/10.95 S[]\OT1/cmr/m/n/10.95 (\OML/cmm/m/it/10.95 U[]\OT1/cmr/m/n/10.95 ) = \
OMS/cmsy/m/n/10.95 ^^@ [] [][] \OML/cmm/m/it/10.95 e[] [][] dU[]$
 []

[233]

LaTeX Warning: Reference `thm:conditional-tensorization-sec12' on page 234 unde
fined on input line 378.

[234] [235] [236]
Overfull \hbox (0.78001pt too wide) in paragraph at lines 636--638
[]\T1/cmr/m/n/10.95 This is the \T1/cmr/bx/n/10.95 chain rule for en-tropy\T1/c
mr/m/n/10.95 , which fol-lows from the def-i-ni-tion $[][]\OT1/cmr/m/n/10.95 (\
OML/cmm/m/it/10.95 f\OT1/cmr/m/n/10.95 ) = \U/msb/m/n/10.95 E[]\OT1/cmr/m/n/10.
95 [\OML/cmm/m/it/10.95 f [] f\OT1/cmr/m/n/10.95 ] \OMS/cmsy/m/n/10.95 ^^@
 []

[237]
Overfull \hbox (9.06372pt too wide) in paragraph at lines 705--708
[]\T1/cmr/m/n/10.95 For the hi-er-ar-chi-cal de-com-po-si-tion with blocks of s
ize $\OML/cmm/m/it/10.95 ` \OMS/cmsy/m/n/10.95 ^^X \OML/cmm/m/it/10.95 ^^L[]$\T
1/cmr/m/n/10.95 , the cross term is $\OML/cmm/m/it/10.95 O\OT1/cmr/m/n/10.95 (\
OML/cmm/m/it/10.95 ^^L[]\OT1/cmr/m/n/10.95 ) =
 []

[238] [239]

LaTeX Warning: Reference `thm:mass-gap-elementary' on page 240 undefined on inp
ut line 823.


LaTeX Warning: Reference `sec:variance-transport-sec12' on page 240 undefined o
n input line 893.

[240]
Overfull \hbox (1.70529pt too wide) in paragraph at lines 905--909
\T1/cmr/m/n/10.95 The variance-based trans-port method pro-vides an al-ter-na-t
ive to oscillation-based bounds (Holley-
 []

[241] [242] [243] [244]) (app77_rigorous_balaban_bounds_and_continuum_limit.tex
[245] [246]

LaTeX Warning: Reference `thm:giles-teper' on page 247 undefined on input line 
169.

[247]
Overfull \hbox (15.14706pt too wide) in paragraph at lines 248--249
[]\T1/cmr/m/n/10.95 Establishing $\OML/cmm/m/it/10.95 ^^[\OT1/cmr/m/n/10.95 (\O
ML/cmm/m/it/10.95 ^^L\OT1/cmr/m/n/10.95 ) \OML/cmm/m/it/10.95 > \OT1/cmr/m/n/10
.95 0$ \T1/cmr/m/n/10.95 for all $\OML/cmm/m/it/10.95 ^^L$ \T1/cmr/m/n/10.95 fr
om RP mono-tonic-ity (The-o-rem [][]R.127.5[][] in Ap-pendix [][]R.118[][])---
 []

) (app78_adjoint_interpolation_lee-yang_and_center_symmetry.tex [248] [249]
Overfull \hbox (8.98515pt too wide) in paragraph at lines 134--137
[]\T1/cmr/m/n/10.95 By The-o-rem [][]R.40.1[][], the free en-ergy $\OML/cmm/m/i
t/10.95 f\OT1/cmr/m/n/10.95 (\OML/cmm/m/it/10.95 m\OT1/cmr/m/n/10.95 )$ \T1/cmr
/m/n/10.95 is an-a-lytic for $[]\OT1/cmr/m/n/10.95 (\OML/cmm/m/it/10.95 m\OT1/c
mr/m/n/10.95 ) \OML/cmm/m/it/10.95 > \OT1/cmr/m/n/10.95 0$\T1/cmr/m/n/10.95 . S
ince $\OT1/cmr/m/n/10.95 ^^A = \OMS/cmsy/m/n/10.95 ^^@[] []h\OML/cmm/m/it/10.95
 T[]\OMS/cmsy/m/n/10.95 ij[]$\T1/cmr/m/n/10.95 ,
 []

[250]) (app79_geometric_and_topological_verification.tex [251] [252])
(app80_summary_the_yang-mills_mass_gap_proof.tex [253]

LaTeX Warning: Reference `sec:wilsonian-qcd' on page 254 undefined on input lin
e 58.


LaTeX Warning: Reference `sec:transfer' on page 254 undefined on input line 73.



LaTeX Warning: Reference `thm:transfer-basic' on page 254 undefined on input li
ne 80.

[254]

LaTeX Warning: Reference `sec:string-tension' on page 255 undefined on input li
ne 96.


LaTeX Warning: Reference `thm:center-symmetry' on page 255 undefined on input l
ine 106.


LaTeX Warning: Reference `thm:cluster' on page 255 undefined on input line 108.



LaTeX Warning: Reference `sec:giles-teper' on page 255 undefined on input line 
111.


LaTeX Warning: Reference `sec:continuum' on page 255 undefined on input line 12
4.

[255]
Overfull \hbox (0.73996pt too wide) in paragraph at lines 154--156
[]\T1/cmr/m/n/10.95 The lim-it-ing the-ory sat-is-fies the Osterwalder-Schrader
 ax-ioms, which im-plies the Wight-
 []


Package pgf Warning: Returning node center instead of a point on node border. D
id you specify a point identical to the center of node ``gt''? on input line 19
2.


Package pgf Warning: Returning node center instead of a point on node border. D
id you specify a point identical to the center of node ``sigma''? on input line
 192.

[256]

LaTeX Warning: Reference `thm:full-os' on page 257 undefined on input line 291.



LaTeX Warning: Reference `thm:main' on page 257 undefined on input line 292.


LaTeX Warning: Reference `sec:intro' on page 257 undefined on input line 292.


LaTeX Warning: Reference `thm:giles-teper' on page 257 undefined on input line 
293.


LaTeX Warning: Reference `thm:continuum-from-lattice' on page 257 undefined on 
input line 293.


LaTeX Warning: Reference `sec:spectral-stability' on page 257 undefined on inpu
t line 293.


LaTeX Warning: Reference `thm:sigma-positive' on page 257 undefined on input li
ne 295.


LaTeX Warning: Reference `sec:string-tension' on page 257 undefined on input li
ne 295.


LaTeX Warning: Reference `thm:universality' on page 257 undefined on input line
 296.


LaTeX Warning: Reference `thm:cluster' on page 257 undefined on input line 296.



LaTeX Warning: Reference `sec:cluster' on page 257 undefined on input line 296.


[257]

LaTeX Warning: Reference `sec:axiomatic-mass-gap' on page 258 undefined on inpu
t line 305.


LaTeX Warning: Reference `sec:string-tension' on page 258 undefined on input li
ne 310.


LaTeX Warning: Reference `sec:analyticity' on page 258 undefined on input line 
315.


LaTeX Warning: Reference `thm:full-os' on page 258 undefined on input line 328.


[258]) (app81_explicit_constant_computations.tex [259] [260] [261] [262]

LaTeX Warning: Reference `thm:spectral-wilson' on page 263 undefined on input l
ine 263.


Overfull \hbox (3.01866pt too wide) in paragraph at lines 285--286
[][]\T1/cmr/bx/n/10.95 Corollary R.43.8 \T1/cmr/m/n/10.95 (Nu-mer-i-cal Mass Ga
p Bounds)\T1/cmr/bx/n/10.95 . []\T1/cmr/m/it/10.95 For phys-i-cal $\OML/cmm/m/i
t/10.95 SU\OT1/cmr/m/n/10.95 (3)$ \T1/cmr/m/it/10.95 Yang-Mills with $[] \OMS/c
msy/m/n/10.95 ^^Y
 []

[263] [264] [265]
Overfull \hbox (44.71785pt too wide) in paragraph at lines 519--521
[]\T1/cmr/bx/it/10.95 Conclusion: \T1/cmr/m/it/10.95 The naive Ze-gar-lin-ski a
p-proach gives a very small va-lid-ity range. The hierarchical/multi-
 []

[266] [267] [268] [269]) (app82_framework_for_the_yang-mills_mass_gap.tex
[270] [271] [272] [273] [274] [275] [276] [277] [278] [279]
Overfull \hbox (12.33401pt too wide) in paragraph at lines 810--812
[]\T1/cmr/m/n/10.95 None of these steps re-quire per-tur-ba-tion the-ory or gau
ge fix-ing. The proof is \T1/cmr/bx/n/10.95 non-perturbative
 []

[280]
Overfull \hbox (2.96121pt too wide) in paragraph at lines 904--905
[][]\T1/cmr/bx/n/10.95 Theorem R.44.19 \T1/cmr/m/n/10.95 (Bal-a-ban's Weak Cou-
pling Con-trol)\T1/cmr/bx/n/10.95 . []\T1/cmr/m/it/10.95 As-sum-ing Bal-a-ban's
 gauge-fixing frame-
 []

[281] [282]
Overfull \hbox (34.16861pt too wide) in paragraph at lines 1008--1011
[]\T1/cmr/bx/n/10.95 Conclusion: \T1/cmr/m/n/10.95 The Boot-strap method re-sol
ves weak cou-pling \T1/cmr/bx/n/10.95 rig-or-ously and non-perturbatively\T1/cm
r/m/n/10.95 .
 []

[283] [284] [285]
Overfull \hbox (24.4587pt too wide) in paragraph at lines 1200--1202
[][]\T1/cmr/bx/n/10.95 Theorem R.44.28 \T1/cmr/m/n/10.95 (Tight-ness and Limit 
Ex-is-tence)\T1/cmr/bx/n/10.95 . []\T1/cmr/m/it/10.95 The se-quence of lat-tice
 mea-sures $\OMS/cmsy/m/n/10.95 f\OML/cmm/m/it/10.95 ^^V[]\OMS/cmsy/m/n/10.95 g
[]$
 []

[286] [287] [288] [289] [290]

LaTeX Warning: Reference `thm:continuum-fundamental-gap' on page 291 undefined 
on input line 1545.


LaTeX Warning: Reference `prop:confinement-nontrivial' on page 291 undefined on
 input line 1546.


LaTeX Warning: Reference `prop:af-lattice' on page 291 undefined on input line 
1547.


LaTeX Warning: Reference `thm:sigma-decay-bound' on page 291 undefined on input
 line 1548.


LaTeX Warning: Reference `thm:bessel-su2' on page 291 undefined on input line 1
561.


LaTeX Warning: Reference `thm:bessel-su3' on page 291 undefined on input line 1
561.


LaTeX Warning: Reference `thm:uniform-zero-free-strong' on page 291 undefined o
n input line 1562.


LaTeX Warning: Reference `prop:lee-yang-intermediate' on page 291 undefined on 
input line 1564.


LaTeX Warning: Reference `thm:finite-vol-analytic-m' on page 291 undefined on i
nput line 1578.


LaTeX Warning: Reference `thm:uniform-bound-m-finite' on page 291 undefined on 
input line 1579.


LaTeX Warning: Reference `prop:decoupling-rigorous' on page 291 undefined on in
put line 1580.

[291]) (app83_framework_for_closing_the_uniform-in-l_gap.tex [292] [293]
[294] [295]
Overfull \hbox (12.90425pt too wide) in paragraph at lines 307--310
[]\T1/cmr/m/n/10.95 The de-pen-dence of $\OML/cmm/m/it/10.95 ^^V[]$ \T1/cmr/m/n
/10.95 on $\OML/cmm/m/it/10.95 ^^[$ \T1/cmr/m/n/10.95 con-tributes an ad-di-tio
nal term when es-ti-mat-ing $\OMS/cmsy/m/n/10.95 r[]\U/msb/m/n/10.95 E[]\OT1/cm
r/m/n/10.95 [\OML/cmm/m/it/10.95 f[]\OT1/cmr/m/n/10.95 ]$\T1/cmr/m/n/10.95 .
 []

[296]

LaTeX Warning: Reference `thm:strong-complete-sec12' on page 297 undefined on i
nput line 429.

[297]) (app84_historical_resolution_of_remaining_gaps.tex
Overfull \hbox (38.62889pt too wide) in paragraph at lines 11--14
\T1/cmr/m/n/10.95 The fun-da-men-tal re-quire-ment is to prove that the phys-i-
cal string ten-sion $\OML/cmm/m/it/10.95 ^^[[] \OT1/cmr/m/n/10.95 := [][] \OML/
cmm/m/it/10.95 a[]^^[[]\OT1/cmr/m/n/10.95 (\OML/cmm/m/it/10.95 ^^L\OT1/cmr/m/n/
10.95 (\OML/cmm/m/it/10.95 a\OT1/cmr/m/n/10.95 ))$
 []


LaTeX Warning: Reference `thm:sigma-positive' on page 298 undefined on input li
ne 47.


LaTeX Warning: Reference `thm:strong-coupling' on page 298 undefined on input l
ine 61.

[298] [299]
Overfull \hbox (3.44302pt too wide) in paragraph at lines 217--219
[][]\T1/cmr/bx/n/10.95 Theorem R.46.5 \T1/cmr/m/n/10.95 (Al-ter-na-tive: Ra-tio
 Limit via Mono-tonic-ity)\T1/cmr/bx/n/10.95 . []\T1/cmr/m/it/10.95 If the ra-t
io $\OML/cmm/m/it/10.95 R\OT1/cmr/m/n/10.95 (\OML/cmm/m/it/10.95 ^^L\OT1/cmr/m/
n/10.95 ) = ^^A(\OML/cmm/m/it/10.95 ^^L\OT1/cmr/m/n/10.95 )\OML/cmm/m/it/10.95 
=[]$
 []


LaTeX Warning: Reference `thm:giles-teper' on page 300 undefined on input line 
222.

[300]

LaTeX Warning: Reference `thm:cluster-expansion' on page 301 undefined on input
 line 271.

[301]

LaTeX Warning: Reference `thm:block-zeg-sec12' on page 302 undefined on input l
ine 386.

[302] [303] [304]) (app85_proof_roadmap_and_verification_checklist.tex [305]

LaTeX Warning: Reference `sec:transfer' on page 306 undefined on input line 32.



LaTeX Warning: Reference `lem:explicit-kernel' on page 306 undefined on input l
ine 34.


LaTeX Warning: Reference `thm:discrete' on page 306 undefined on input line 36.



LaTeX Warning: Reference `sec:transfer' on page 306 undefined on input line 39.



LaTeX Warning: Reference `thm:reflection-pos' on page 306 undefined on input li
ne 40.


LaTeX Warning: Reference `thm:mass-gap-elementary' on page 306 undefined on inp
ut line 46.


LaTeX Warning: Reference `sec:fundamental-proof' on page 306 undefined on input
 line 49.


LaTeX Warning: Reference `sec:center' on page 306 undefined on input line 52.


LaTeX Warning: Reference `thm:center-symmetry' on page 306 undefined on input l
ine 53.


LaTeX Warning: Reference `thm:strong-coupling' on page 306 undefined on input l
ine 63.


LaTeX Warning: Reference `sec:analyticity' on page 306 undefined on input line 
67.


LaTeX Warning: Reference `thm:strong-coupling' on page 306 undefined on input l
ine 71.


LaTeX Warning: Reference `subsec:bessel-bounds' on page 306 undefined on input 
line 79.


LaTeX Warning: Reference `lem:bessel-ratio-main' on page 306 undefined on input
 line 82.

[306]

LaTeX Warning: Reference `thm:block-zeg-sec12' on page 307 undefined on input l
ine 100.


LaTeX Warning: Reference `thm:block-zeg-sec12' on page 307 undefined on input l
ine 122.


LaTeX Warning: Reference `thm:bootstrap' on page 307 undefined on input line 13
2.


Overfull \hbox (4.91823pt too wide) in paragraph at lines 144--147
[]\T1/cmr/bx/n/10.95 Weak Cou-pling Con-trol \T1/cmr/m/n/10.95 ($\OML/cmm/m/it/
10.95 ^^L > ^^L[]$\T1/cmr/m/n/10.95 ): Use Gaus-sian dom-i-nance and RG es-ti-m
ates (Balaban-
 []


LaTeX Warning: Reference `thm:giles-teper' on page 307 undefined on input line 
151.

[307]

LaTeX Warning: Reference `cor:rigorous-gt' on page 308 undefined on input line 
157.


LaTeX Warning: Reference `lem:explicit-kernel' on page 308 undefined on input l
ine 218.


LaTeX Warning: Reference `thm:reflection-pos' on page 308 undefined on input li
ne 219.


LaTeX Warning: Reference `thm:mass-gap-elementary' on page 308 undefined on inp
ut line 220.


LaTeX Warning: Reference `thm:strong-coupling' on page 308 undefined on input l
ine 221.


Overfull \hbox (4.85387pt too wide) in paragraph at lines 222--223
[]|\T1/cmtt/m/n/10.95 UNIFIED_GAP_RESOLUTION.tex| 
 []


LaTeX Warning: Reference `thm:block-zeg-sec12' on page 308 undefined on input l
ine 223.


LaTeX Warning: Reference `thm:giles-teper' on page 308 undefined on input line 
225.


LaTeX Warning: Reference `thm:finite-vol-analytic-m' on page 308 undefined on i
nput line 235.

[308] [309]) (app86_complete_framework_for_the_yang-mills_mass_gap.tex
Overfull \hbox (7.66054pt too wide) in paragraph at lines 13--18
\T1/cmr/m/it/10.95 space of four-dimensional $\OML/cmm/m/it/10.95 SU\OT1/cmr/m/
n/10.95 (\OML/cmm/m/it/10.95 N\OT1/cmr/m/n/10.95 )$ \T1/cmr/m/it/10.95 Yang-Mil
ls quan-tum field the-ory con-structed via the Osterwalder-
 []

[310] [311]

LaTeX Warning: Reference `thm:cluster-expansion' on page 312 undefined on input
 line 127.

[312]

LaTeX Warning: Reference `thm:conditional-tensorization-sec12' on page 313 unde
fined on input line 211.

[313]

LaTeX Warning: Reference `thm:giles-teper' on page 314 undefined on input line 
361.

[314] [315] [316] [317]

LaTeX Warning: Reference `thm:giles-teper' on page 318 undefined on input line 
591.


LaTeX Warning: Reference `thm:discrete' on page 318 undefined on input line 697
.


LaTeX Warning: Reference `lem:explicit-kernel' on page 318 undefined on input l
ine 698.


LaTeX Warning: Reference `thm:reflection-pos' on page 318 undefined on input li
ne 699.


LaTeX Warning: Reference `thm:mass-gap-elementary' on page 318 undefined on inp
ut line 700.


LaTeX Warning: Reference `thm:strong-coupling' on page 318 undefined on input l
ine 701.


LaTeX Warning: Reference `thm:sigma-positive' on page 318 undefined on input li
ne 702.


LaTeX Warning: Reference `thm:giles-teper' on page 318 undefined on input line 
703.


LaTeX Warning: Reference `thm:block-zeg-sec12' on page 318 undefined on input l
ine 704.

[318]

LaTeX Warning: Reference `thm:block-zeg' on page 319 undefined on input line 72
4.


LaTeX Warning: Reference `thm:conditional-tensorization-sec12' on page 319 unde
fined on input line 727.


LaTeX Warning: Reference `thm:block-zeg-sec12' on page 319 undefined on input l
ine 772.

[319] [320]
Overfull \vbox (149.0782pt too high) has occurred while \output is active []


[321]) (app87_integration_map_external_results_to_internal_theor.tex
Underfull \hbox (badness 10000) in paragraph at lines 5--8
[]\T1/cmr/m/n/10.95 This sec-tion maps ref-er-ences to ex-ter-nal doc-u-ments (
UNI-
 []


Underfull \hbox (badness 2103) in paragraph at lines 5--8
\T1/cmr/m/n/10.95 FIED_GAP_RESOLUTION.tex, COM-PLETE_CLAY_VERIFICATION.tex, VUL
-
 []


Underfull \hbox (badness 10000) in paragraph at lines 15--15
[]|\T1/cmr/bx/n/10.95 Theorem in
 []


LaTeX Warning: Reference `thm:block-zeg-sec12' on page 322 undefined on input l
ine 20.


Underfull \hbox (badness 10000) in paragraph at lines 21--21
[]|\T1/cmr/m/n/10.95 Conditional ten-soriza-
 []


LaTeX Warning: Reference `thm:conditional-tensorization-sec12' on page 322 unde
fined on input line 21.


LaTeX Warning: Reference `thm:weak-coupling-gap' on page 322 undefined on input
 line 29.


LaTeX Warning: Reference `thm:sigma-positive-all-beta' on page 322 undefined on
 input line 36.


LaTeX Warning: Reference `sec:string' on page 322 undefined on input line 36.


LaTeX Warning: Reference `thm:giles-teper-rigorous' on page 322 undefined on in
put line 37.


LaTeX Warning: Reference `thm:continuum-sigma-positive' on page 322 undefined o
n input line 38.


LaTeX Warning: Reference `sec:continuum' on page 322 undefined on input line 38
.


Underfull \hbox (badness 10000) in paragraph at lines 43--43
[]|\T1/cmr/m/n/10.95 Lee-Yang ze-ros (Ad-
 []


LaTeX Warning: Reference `thm:susy-gap-explicit' on page 322 undefined on input
 line 46.


LaTeX Warning: Reference `thm:adjoint-qcd-rigorous' on page 322 undefined on in
put line 48.


Underfull \hbox (badness 5954) in paragraph at lines 53--53
[]|\T1/cmr/m/n/10.95 Intrinsic scale frame-
 []


Underfull \hbox (badness 1122) in paragraph at lines 54--54
[]|\T1/cmr/m/n/10.95 Non-circular scale set-
 []


LaTeX Warning: Reference `thm:os-axioms-verified' on page 322 undefined on inpu
t line 55.


LaTeX Warning: Reference `conj:continuum-gap' on page 322 undefined on input li
ne 56.


LaTeX Warning: Reference `thm:block-zeg-sec12' on page 322 undefined on input l
ine 75.


LaTeX Warning: Reference `thm:susy-gap-explicit' on page 322 undefined on input
 line 79.


Overfull \vbox (347.91211pt too high) has occurred while \output is active []


[322]) (app88_roadmap1_intermediate_coupling_control.tex)
(app89_roadmap2_continuum_limit_sgf_mosco.tex [323] [324]
Overfull \hbox (21.80243pt too wide) in paragraph at lines 195--197
[][]\T1/cmr/bx/n/10.95 Theorem R.50.7 \T1/cmr/m/n/10.95 (Spec-tral Con-ver-genc
e from Mosco Con-ver-gence)\T1/cmr/bx/n/10.95 . []\T1/cmr/m/it/10.95 If $\OT1/c
mr/m/n/10.95 (\OMS/cmsy/m/n/10.95 E[]\OML/cmm/m/it/10.95 ; \OMS/cmsy/m/n/10.95 
D[]\OT1/cmr/m/n/10.95 ) [] (\OMS/cmsy/m/n/10.95 E[]\OML/cmm/m/it/10.95 ; \OMS/c
msy/m/n/10.95 D[]\OT1/cmr/m/n/10.95 )$\T1/cmr/m/it/10.95 ,
 []

[325] [326] [327]

LaTeX Warning: Reference `thm:uniform-holder' on page 328 undefined on input li
ne 365.

) (app90_roadmap3_adjoint_fermion_interpolation.tex [328] [329] [330] [331]
[332]) (app91_roadmap4_quantitative_verification.tex)
(app92_synthesis_complete_proof.tex [333]
Underfull \hbox (badness 10000) in paragraph at lines 70--70
[]|\T1/cmr/m/n/10.95 Intermediate
 []


Underfull \hbox (badness 10000) in paragraph at lines 71--71
[]|\T1/cmr/m/n/10.95 Holley-Stroock gives
 []


Underfull \hbox (badness 10000) in paragraph at lines 76--76
[]|\T1/cmr/m/n/10.95 Gaussian ap-prox-i-ma-
 []


Underfull \hbox (badness 4454) in paragraph at lines 91--91
[]|\T1/cmr/m/n/10.95 Non-circular def-i-ni-tion
 []


Underfull \hbox (badness 1147) in paragraph at lines 92--92
[]|\T1/cmr/m/n/10.95 Intrinsic def-i-ni-tion via
 []


Underfull \hbox (badness 10000) in paragraph at lines 96--96
[]|\T1/cmr/m/n/10.95 What if Ze-gar-lin-ski
 []


Underfull \hbox (badness 10000) in paragraph at lines 97--97
[]|\T1/cmr/m/n/10.95 Adjoint in-ter-po-la-tion
 []


LaTeX Warning: Reference `thm:beta-c' on page 334 undefined on input line 111.


LaTeX Warning: Reference `thm:intermediate-uniform-gap' on page 334 undefined o
n input line 119.

[334]

LaTeX Warning: Reference `thm:uniform-holder' on page 335 undefined on input li
ne 146.

[335]) (app93_intermediate_coupling_complete_proofs.tex [336] [337] [338]
[339] [340] [341] [342] [343]
Overfull \hbox (3.12488pt too wide) in paragraph at lines 570--574
[][]\T1/cmr/bx/n/10.95 Theorem R.53.7 \T1/cmr/m/n/10.95 (Di-men-sional Re-duc-t
ion for LSI)\T1/cmr/bx/n/10.95 . []\T1/cmr/m/it/10.95 Let $\OML/cmm/m/it/10.95 
^^V$ \T1/cmr/m/it/10.95 be a Gibbs mea-sure on a $\OML/cmm/m/it/10.95 d$\T1/cmr
/m/it/10.95 -dimensional
 []

[344]) (app94_continuum_limit_complete_proofs.tex [345] [346] [347] [348]
[349] [350]) (app95_sym_mass_gap_complete.tex [351] [352] [353]
Overfull \hbox (28.4821pt too wide) in paragraph at lines 223--225
\T1/cmr/m/n/10.95 This re-sult is rig-or-ous and anal-o-gous to the pure Yang-M
ills case (see \T1/cmtt/m/n/10.95 STRONG_COUPLING_DETAILS.tex\T1/cmr/m/n/10.95 
). 
 []

[354]) (app96_explicit_constants_complete.tex [355] [356]
Overfull \hbox (4.38147pt too wide) in paragraph at lines 126--129
[]\T1/cmr/m/n/10.95 With the stan-dard nor-mal-iza-tion where the bi-invariant 
met-ric sat-is-fies $\OMS/cmsy/m/n/10.95 h\OML/cmm/m/it/10.95 X; Y\OMS/cmsy/m/n
/10.95 i \OT1/cmr/m/n/10.95 = \OMS/cmsy/m/n/10.95 ^^@[][]\OT1/cmr/m/n/10.95 (\O
ML/cmm/m/it/10.95 XY\OT1/cmr/m/n/10.95 )$
 []

[357] [358]
Overfull \hbox (16.03333pt too wide) in paragraph at lines 301--304
\T1/cmr/m/it/10.95 This fol-lows from Casimir scal-ing and re-flec-tion pos-i-t
iv-ity (see The-o-rem [][]R.129.3[][] in Ap-pendix [][]R.118[][]). 
 []

[359] [360]

LaTeX Warning: `h' float specifier changed to `ht'.

) (app97_honest_assessment.tex [361] [362]

LaTeX Warning: Reference `thm:ym-sl' on page 363 undefined on input line 97.

[363]

LaTeX Warning: Reference `thm:ym-sl' on page 364 undefined on input line 183.

) (app98_roadmap1_zegarlinski_complete.tex [364] [365] [366] [367] [368]
[369] [370]) (app99_roadmap2_adjoint_complete.tex [371] [372] [373] [374]
[375]
Overfull \hbox (15.58034pt too wide) in paragraph at lines 369--371
[]\T1/cmr/m/n/10.95 Degeneracy would re-quire a phase tran-si-tion, which is fo
r-bid-den by Lee-Yang (The-o-rem [][]R.137.3[][]). 
 []

[376]) (app100_roadmap3_geometric_complete.tex [377] [378] [379] [380] [381]
[382]) (app101_common_challenge_complete.tex
Overfull \hbox (25.93102pt too wide) in paragraph at lines 1--1
[]\T1/cmr/bx/n/14.4 The Com-mon Chal-lenge: Com-plete Rig-or-ous Proof of Unifo
rm-
 []

[383] [384] [385] [386] [387] [388] [389] [390])
(app102_non_circular_proofs.tex [391] [392] [393] [394] [395] [396] [397]
[398] [399]) (app103_critical_analysis.tex [400] [401] [402] [403] [404]
Overfull \hbox (19.35304pt too wide) in paragraph at lines 346--348
[]\T1/cmr/bx/n/10.95 Heat ker-nel on Lie groups \T1/cmr/m/n/10.95 con-trols tra
ns-fer ma-trix spec-tral gaps uni-formly via $\OML/cmm/m/it/10.95 ^^U[]\OT1/cmr
/m/n/10.95 ([](\OML/cmm/m/it/10.95 N\OT1/cmr/m/n/10.95 )) =
 []

[405]) (app104_boundary_marginal_lsi.tex [406] [407] [408] [409] [410])
(app105_finite_correlation_length.tex [411] [412] [413] [414] [415])
(app106_block_dobrushin_rigorous.tex [416] [417] [418] [419]

LaTeX Warning: `h' float specifier changed to `ht'.


LaTeX Warning: `h' float specifier changed to `ht'.

[420]) (app107_continuum_limit.tex [421] [422] [423] [424] [425] [426]

LaTeX Warning: `h' float specifier changed to `ht'.

[427]) (app108_intermediate_rigorous.tex [428] [429] [430] [431]
Overfull \hbox (8.68219pt too wide) in paragraph at lines 359--361
[][]\T1/cmr/m/it/10.95 Remark \T1/cmr/m/n/10.95 R.68.8 (The In-ter-me-di-ate Re
gime With-out Phase Tran-si-tion Ar-gu-ments)\T1/cmr/m/it/10.95 . []\T1/cmr/m/n
/10.95 In Sec-tion [][]R.66[][],
 []

[432]) (app109_final_assessment.tex [433] [434]

LaTeX Warning: Reference `thm:ym-sl' on page 435 undefined on input line 135.

) (app110_weak_coupling_scaling.tex [435]

LaTeX Warning: Reference `thm:analyticity-free-energy' on page 436 undefined on
 input line 89.

[436] [437] [438]) (app111_roadmap_hierarchical_zegarlinski.tex [439] [440]
[441] [442] [443] [444] [445]) (app112_roadmap_adjoint_interpolation.tex
Overfull \hbox (15.15376pt too wide) in paragraph at lines 33--34
[][]\T1/cmr/m/it/10.95 Embed pure Yang-Mills into a fam-ily parametrized
 []

[446] [447] [448]

LaTeX Warning: Reference `subsec:complex-path' on page 449 undefined on input l
ine 195.

[449] [450] [451]

LaTeX Warning: Reference `thm:center-symmetry' on page 452 undefined on input l
ine 444.

[452]) (app113_roadmap_geometric_spectral.tex [453]
Overfull \hbox (0.20245pt too wide) in paragraph at lines 119--121
[][]\T1/cmr/bx/n/10.95 Theorem R.73.6 \T1/cmr/m/n/10.95 (Ex-plicit O'Neill Ten-
sor Bound)\T1/cmr/bx/n/10.95 . []\T1/cmr/m/it/10.95 For $\OML/cmm/m/it/10.95 SU
\OT1/cmr/m/n/10.95 (\OML/cmm/m/it/10.95 N\OT1/cmr/m/n/10.95 )$ \T1/cmr/m/it/10.
95 gauge the-ory on a $\OML/cmm/m/it/10.95 d$\T1/cmr/m/it/10.95 -dimensional
 []

[454] [455] [456] [457]

LaTeX Warning: Reference `thm:giles-teper' on page 458 undefined on input line 
432.


LaTeX Warning: Reference `thm:sigma-positive' on page 458 undefined on input li
ne 433.

[458]) (app114_roadmap_continuum_limit.tex [459]

LaTeX Warning: Reference `thm:giles-teper' on page 460 undefined on input line 
118.


Overfull \hbox (11.44986pt too wide) in paragraph at lines 151--155
[][]\T1/cmr/bx/n/10.95 Definition R.74.9 \T1/cmr/m/n/10.95 (Mosco Con-ver-gence
)\T1/cmr/bx/n/10.95 . []\T1/cmr/m/it/10.95 A se-quence of Dirich-let forms $\OT
1/cmr/m/n/10.95 (\OMS/cmsy/m/n/10.95 E[]\OML/cmm/m/it/10.95 ; D\OT1/cmr/m/n/10.
95 (\OMS/cmsy/m/n/10.95 E[]\OT1/cmr/m/n/10.95 ))$ \T1/cmr/m/it/10.95 on $\OML/c
mm/m/it/10.95 L[]\OT1/cmr/m/n/10.95 (\OMS/cmsy/m/n/10.95 M\OML/cmm/m/it/10.95 ;
 ^^V[]\OT1/cmr/m/n/10.95 )$
 []

[460] [461] [462] [463] [464]) (app115_technical_verifications.tex [465]
Overfull \hbox (15.97624pt too wide) in paragraph at lines 74--76
[][]\T1/cmr/bx/n/10.95 Verification R.75.2 \T1/cmr/m/n/10.95 (V2.1: Com-put-er-
As-sisted Trans-fer Ma-trix Gap)\T1/cmr/bx/n/10.95 . []\T1/cmr/bx/it/10.95 Stat
e-ment\T1/cmr/m/it/10.95 : Use computer-
 []

[466] [467] [468] [469]) (app116_complete_synthesis.tex
Overfull \hbox (2.52498pt too wide) in paragraph at lines 1--1
[]\T1/cmr/bx/n/14.4 Complete Syn-the-sis: Rig-or-ous Proof of the Yang-Mills Ma
ss
 []

[470] [471] [472] [473] [474]
Overfull \hbox (4.1093pt too wide) in paragraph at lines 431--433
[]\T1/cmr/m/n/10.95 The math-e-mat-i-cal frame-work is com-plete; only ex-plici
t ver-i-fi-ca-tion of con-stants and computer-
 []

) (app117_transfer_matrix_spectral.tex [475] [476] [477] [478] [479])
(app118_explicit_constants.tex

LaTeX Warning: `h' float specifier changed to `ht'.

[480]

LaTeX Warning: `h' float specifier changed to `ht'.

[481] [482] [483]) (app119_os_axioms_verification.tex [484])
(app120_critical_gap_closed.tex [485] [486] [487]
Overfull \hbox (2.40346pt too wide) in paragraph at lines 190--191
[][]\T1/cmr/bx/n/10.95 Theorem R.80.5 \T1/cmr/m/n/10.95 (Bessel Func-tion Rep-r
e-sen-ta-tion)\T1/cmr/bx/n/10.95 . []\T1/cmr/m/it/10.95 For $\OML/cmm/m/it/10.9
5 SU\OT1/cmr/m/n/10.95 (\OML/cmm/m/it/10.95 N\OT1/cmr/m/n/10.95 )$\T1/cmr/m/it/
10.95 , the ra-tio $\OML/cmm/m/it/10.95 ^^U[]\OT1/cmr/m/n/10.95 (\OML/cmm/m/it/
10.95 ^^L\OT1/cmr/m/n/10.95 ) = \OML/cmm/m/it/10.95 r[]\OT1/cmr/m/n/10.95 (\OML
/cmm/m/it/10.95 ^^L\OT1/cmr/m/n/10.95 )\OML/cmm/m/it/10.95 =r[]\OT1/cmr/m/n/10.
95 (\OML/cmm/m/it/10.95 ^^L\OT1/cmr/m/n/10.95 )$
 []

[488] [489] [490] [491]) (app121_uniform_lsi_rigorous.tex [492] [493]
Overfull \hbox (7.40205pt too wide) in paragraph at lines 149--152
[]\T1/cmr/m/n/10.95 The con-di-tional ten-soriza-tion ar-gu-ment (The-o-rem [][
]R.81.5[][]) ap-plies to the $\OT1/cmr/m/n/10.95 (\OML/cmm/m/it/10.95 d \OMS/cm
sy/m/n/10.95 ^^@ \OT1/cmr/m/n/10.95 1)$\T1/cmr/m/n/10.95 -dimensional
 []

[494] [495]) (app122_giles_teper_rigorous.tex [496])
(app123_continuum_limit_mosco.tex
Overfull \hbox (1.73564pt too wide) in paragraph at lines 10--14
\T1/cmr/m/n/10.95 work as-sum-ing the stan-dard per-tur-ba-tive scal-ing re-la-
tion. For the \T1/cmr/bx/n/10.95 defini-tive non-perturbative
 []

[497]

LaTeX Warning: Reference `thm:uniform-lsi-all-beta' on page 498 undefined on in
put line 99.

[498] [499] [500]) (app124_complete_proof.tex [501] [502] [503] [504])
(app125_roadmap3_enhanced.tex [505] [506] [507] [508]

LaTeX Warning: Reference `thm:cluster-strong' on page 509 undefined on input li
ne 275.


LaTeX Warning: Reference `thm:tomboulis-yaffe' on page 509 undefined on input l
ine 283.

[509]

LaTeX Warning: Reference `thm:giles-teper-variational' on page 510 undefined on
 input line 376.

) (app126_roadmap2_enhanced.tex [510] [511] [512] [513]

LaTeX Warning: Reference `thm:block-zeg-sec12' on page 514 undefined on input l
ine 297.

[514] [515]) (app127_roadmap1_enhanced.tex [516] [517] [518] [519] [520])
(app128_roadmap4_enhanced.tex [521] [522] [523] [524])
(app129_computer_verifiable.tex [525] [526] [527] [528] [529])
(app130_continuum_scaling_resolution.tex [530]

LaTeX Warning: Reference `thm:giles-teper-rigorous' on page 531 undefined on in
put line 61.


LaTeX Warning: Reference `thm:giles-teper-rigorous' on page 531 undefined on in
put line 119.

[531] [532]

LaTeX Warning: Reference `thm:giles-teper-rigorous' on page 533 undefined on in
put line 239.

[533]

LaTeX Warning: Reference `thm:reflection-positivity' on page 534 undefined on i
nput line 286.

[534]) (app131_final_unified_theorem.tex [535]
Overfull \hbox (23.39992pt too wide) in paragraph at lines 51--52
[][]\T1/cmr/bx/n/10.95 Theorem R.91.2 \T1/cmr/m/n/10.95 (1D Trans-fer Ma-trix S
pec-tral Gap)\T1/cmr/bx/n/10.95 . []\T1/cmr/m/it/10.95 For the trans-fer ma-tri
x $\OML/cmm/m/it/10.95 T[]$ \T1/cmr/m/it/10.95 on $\OML/cmm/m/it/10.95 L[]\OT1/
cmr/m/n/10.95 (\OML/cmm/m/it/10.95 SU\OT1/cmr/m/n/10.95 (\OML/cmm/m/it/10.95 N\
OT1/cmr/m/n/10.95 )\OML/cmm/m/it/10.95 ; dU\OT1/cmr/m/n/10.95 )$\T1/cmr/m/it/10
.95 : 
 []


LaTeX Warning: Reference `sec:string-tension-via-gks' on page 536 undefined on 
input line 108.

[536]
Overfull \hbox (12.12206pt too wide) in paragraph at lines 155--156
[][]\T1/cmr/bx/n/10.95 Theorem R.91.6 \T1/cmr/m/n/10.95 (Phys-i-cal Mass Gap in
 Con-tin-uum)\T1/cmr/bx/n/10.95 . []\T1/cmr/m/it/10.95 The con-tin-uum limit ex
-ists via Osterwalder-
 []

[537]

LaTeX Warning: Reference `subsec:hierarchical' on page 538 undefined on input l
ine 280.


Underfull \hbox (badness 10000) in paragraph at lines 288--288
[]|\T1/cmr/m/n/10.95 Fortuin-Kasteleyn-
 []


Underfull \hbox (badness 10000) in paragraph at lines 307--307
[]|\T1/cmr/m/n/10.95 Spectral per-tur-ba-tion
 []


Underfull \hbox (badness 10000) in paragraph at lines 309--309
[]|\T1/cmr/m/n/10.95 Exponential con-ver-
 []

[538] [539]) (app132_rigorous_giles_teper_constant.tex [540] [541] [542]
[543]

LaTeX Warning: Reference `thm:gks-string' on page 544 undefined on input line 2
97.


Overfull \hbox (9.1995pt too wide) in paragraph at lines 300--303
[]\T1/cmr/bx/n/10.95 Step 2: Giles-Teper bound. \T1/cmr/m/n/10.95 By re-flec-ti
on pos-i-tiv-ity and Casimir scal-ing (The-o-rem [][]R.129.3[][]): 
 []

[544]) (app133_rigorous_continuum_error.tex

LaTeX Warning: Reference `thm:cn-rigorous' on page 545 undefined on input line 
57.

[545]
Overfull \hbox (20.67075pt too wide) in paragraph at lines 72--74
[]\T1/cmr/m/n/10.95 Renormalization group: the phys-i-cal string ten-sion $\OML
/cmm/m/it/10.95 ^^[[]$ \T1/cmr/m/n/10.95 is $\OML/cmm/m/it/10.95 ^^L$\T1/cmr/m/
n/10.95 -independent (scheme-independent
 []

[546] [547] [548] [549]

LaTeX Warning: Reference `prop:cn-physics' on page 550 undefined on input line 
427.

) (app134_rigorous_continuum_error_bounds.tex [550]

LaTeX Warning: Reference `sec:norm-resolvent' on page 551 undefined on input li
ne 41.


Package hyperref Warning: Token not allowed in a PDF string (Unicode):
(hyperref)                removing `math shift' on input line 52.


Package hyperref Warning: Token not allowed in a PDF string (Unicode):
(hyperref)                removing `math shift' on input line 52.

) (app135_complete_rigorous_proof.tex [551] [552] [553] [554] [555] [556]
[557]
Overfull \hbox (1.43576pt too wide) in paragraph at lines 261--262
[]\T1/cmr/m/it/10.95 Specific Task: \T1/cmr/m/n/10.95 Use the \T1/cmr/bx/n/10.9
5 Feshbach-Schur Map \T1/cmr/m/n/10.95 (isospec-tral renor-mal-iza-tion) to pro
ject
 []

[558] [559]
Overfull \hbox (0.19598pt too wide) in paragraph at lines 357--358
\T1/cmr/m/n/10.95 that the Markov tran-si-tion op-er-a-tor $\OML/cmm/m/it/10.95
 P$ \T1/cmr/m/n/10.95 is a con-trac-tion: $\OML/cmm/m/it/10.95 W[]\OT1/cmr/m/n/
10.95 (\OML/cmm/m/it/10.95 P^^V; P^^W\OT1/cmr/m/n/10.95 ) \OMS/cmsy/m/n/10.95 ^
^T \OT1/cmr/m/n/10.95 (1 \OMS/cmsy/m/n/10.95 ^^@ \OML/cmm/m/it/10.95 ^^T\OT1/cm
r/m/n/10.95 )\OML/cmm/m/it/10.95 W[]\OT1/cmr/m/n/10.95 (\OML/cmm/m/it/10.95 ^^V
; ^^W\OT1/cmr/m/n/10.95 )$
 []

[560] [561] [562]
Overfull \hbox (48.97534pt too wide) in paragraph at lines 475--476
[]\T1/cmr/m/it/10.95 Specific Task: \T1/cmr/m/n/10.95 Prove the norm re-sol-ven
t con-ver-gence of the ef-fec-tive ac-tion: $[][] \OMS/cmsy/m/n/10.95 k\OML/cmm
/m/it/10.95 S[]\OT1/cmr/m/n/10.95 (\OML/cmm/m/it/10.95 M\OT1/cmr/m/n/10.95 ) \O
MS/cmsy/m/n/10.95 ^^@
 []


Overfull \hbox (12.31694pt too wide) in paragraph at lines 503--503
[]\T1/cmr/bx/n/12 Rigorous Res-o-lu-tion of Open Prob-lems (Ap-pendix R.105) & 
Computer-
 []

[563]) (app136_response_to_review.tex [564]

LaTeX Warning: Reference `thm:uniform-lsi-final' on page 565 undefined on input
 line 33.

[565]

LaTeX Warning: Reference `thm:cond-tensor-rigorous' on page 566 undefined on in
put line 89.

[566]

LaTeX Warning: Reference `thm:cond-tensor-rigorous' on page 567 undefined on in
put line 126.

) (app137_unified_gap_resolution.tex [567] [568] [569] [570]

LaTeX Warning: Reference `thm:cond-tensor-rigorous' on page 571 undefined on in
put line 292.

[571] [572] [573]

LaTeX Warning: Reference `thm:giles-teper-rigorous' on page 574 undefined on in
put line 566.

[574] [575]

LaTeX Warning: Reference `thm:giles-teper-rigorous' on page 576 undefined on in
put line 703.

) (app138_complete_gap_resolution_innovative.tex [576] [577]
Overfull \hbox (2.6231pt too wide) in paragraph at lines 188--190
[][]\T1/cmr/bx/n/10.95 Theorem R.101.4 \T1/cmr/m/n/10.95 (Yang-Mills Reg-u-lar-
ity Struc-ture)\T1/cmr/bx/n/10.95 . []\T1/cmr/m/it/10.95 There ex-ists a reg-u-
lar-ity struc-ture $\U/rsfs/m/n/10.95 T[] \OT1/cmr/m/n/10.95 =
 []

[578] [579] [580] [581] [582] [583] [584] [585])
(app139_additional_verification_details.tex [586] [587] [588] [589]
Overfull \hbox (33.09586pt too wide) in paragraph at lines 155--158
\T1/cmr/bx/n/10.95 The Is-sue: \T1/cmr/m/n/10.95 The manuscript uses a "Reg-u-l
ar-ized De-ter-mi-nant" $[]\OT1/cmr/m/n/10.95 (1 + \OML/cmm/m/it/10.95 K\OT1/cm
r/m/n/10.95 )[]$ \T1/cmr/m/n/10.95 to con-trol fermions/ghosts.
 []

[590] [591] [592] [593] [594] [595] [596]
Overfull \hbox (9.73314pt too wide) in paragraph at lines 477--478
[][]\T1/cmr/bx/n/10.95 Theorem R.103.6 \T1/cmr/m/n/10.95 (Drift-D-if-fu-sion Ga
p)\T1/cmr/bx/n/10.95 . []\T1/cmr/m/it/10.95 The Fokker-Planck op-er-a-tor as-so
-ci-ated with the stochas-
 []

[597] [598] [599] [600] [601]
Overfull \hbox (39.30653pt too wide) in paragraph at lines 753--756
[]\T1/cmr/bx/n/10.95 Step 2: The Con-ver-gence Cri-te-rion \T1/cmr/m/n/10.95 We
 must prove the Kotecký-Preiss con-di-tion $[][] \OMS/cmsy/m/n/10.95 j\OML/cmm/
m/it/10.95 z\OT1/cmr/m/n/10.95 (\OML/cmm/m/it/10.95 ^^M\OT1/cmr/m/n/10.95 )\OMS
/cmsy/m/n/10.95 j\OML/cmm/m/it/10.95 e[] <
 []

[602] [603] [604] [605] [606] [607] [608]
Overfull \hbox (10.94504pt too wide) in paragraph at lines 1130--1130
[]\T1/cmr/bx/n/12 The Matthews-Salam-Seiler Bound (Fix-ing "Fermion Non-Localit
y") 
 []

[609] [610] [611]
Overfull \hbox (13.69963pt too wide) in paragraph at lines 1289--1291
[]\T1/cmr/bx/n/10.95 Step 2: The Ginsparg-Wilson Sym-me-try \T1/cmr/m/n/10.95 O
ver-lap fermions sat-isfy $\OMS/cmsy/m/n/10.95 f\OML/cmm/m/it/10.95 D[]; ^^M[]\
OMS/cmsy/m/n/10.95 g \OT1/cmr/m/n/10.95 = \OML/cmm/m/it/10.95 aD[]^^M[]D[]$\T1/
cmr/m/n/10.95 .
 []

[612]
Overfull \hbox (8.01793pt too wide) in paragraph at lines 1359--1359
[]\T1/cmr/bx/n/12 The Par-ti-cle Struc-ture Clus-ter Ex-pan-sion (Fix-ing "The 
Mass Shell") 
 []

[613] [614]
Overfull \hbox (4.16447pt too wide) in paragraph at lines 1458--1459
[]\T1/cmr/m/n/10.95 The prob-a-bil-ity of a large broken-symmetry bub-ble of vo
l-ume $\OML/cmm/m/it/10.95 V$ \T1/cmr/m/n/10.95 is sup-pressed by $\OML/cmm/m/i
t/10.95 e[]$\T1/cmr/m/n/10.95 . 
 []

[615]
Overfull \hbox (15.02681pt too wide) in paragraph at lines 1510--1512
[]\T1/cmr/bx/n/10.95 Step 2: The Cor-rected Bound \T1/cmr/m/n/10.95 Us-ing the 
fac-tor-iza-tion $\OMS/cmsy/m/n/10.95 h\OML/cmm/m/it/10.95 W\OT1/cmr/m/n/10.95 
(\OML/cmm/m/it/10.95 C[]\OT1/cmr/m/n/10.95 )\OML/cmm/m/it/10.95 W\OT1/cmr/m/n/1
0.95 (\OML/cmm/m/it/10.95 C[]\OT1/cmr/m/n/10.95 )\OMS/cmsy/m/n/10.95 i ^^Y h\OM
L/cmm/m/it/10.95 W\OT1/cmr/m/n/10.95 (\OML/cmm/m/it/10.95 C[]\OT1/cmr/m/n/10.95
 )\OMS/cmsy/m/n/10.95 ih\OML/cmm/m/it/10.95 W\OT1/cmr/m/n/10.95 (\OML/cmm/m/it/
10.95 C[]\OT1/cmr/m/n/10.95 )\OMS/cmsy/m/n/10.95 i \OT1/cmr/m/n/10.95 +
 []

[616]) (app140_rigorous_gap_closure.tex [617] [618] [619]
Overfull \hbox (4.80289pt too wide) in paragraph at lines 332--334
[]\T1/cmr/m/n/10.95 Each in-cre-ment $\OML/cmm/m/it/10.95 M[] \OMS/cmsy/m/n/10.
95 ^^@ \OML/cmm/m/it/10.95 M[]$ \T1/cmr/m/n/10.95 de-pends on the con-di-tional
 dis-tri-bu-tion of $\OML/cmm/m/it/10.95 U[]$ \T1/cmr/m/n/10.95 given $\OML/cmm
/m/it/10.95 U[]; [] ; U[]$\T1/cmr/m/n/10.95 . 
 []

[620]

LaTeX Warning: Reference `thm:giles-teper-rigorous-final' on page 621 undefined
 on input line 440.

[621]

LaTeX Warning: Reference `thm:sigma-positive' on page 622 undefined on input li
ne 509.

[622]
Overfull \hbox (0.9028pt too wide) in paragraph at lines 578--580
[]\T1/cmr/m/it/10.95 The con-tin-uum the-ory ex-ists as a Wight-man quan-tum fi
eld the-ory sat-is-fy-ing all Osterwalder-
 []

[623]

LaTeX Warning: Reference `thm:sigma-positive' on page 624 undefined on input li
ne 611.


LaTeX Warning: Reference `thm:center' on page 624 undefined on input line 614.


LaTeX Warning: Reference `thm:reflection-pos' on page 624 undefined on input li
ne 637.

) (app141_critical_gaps_innovative_resolution.tex [624] [625

] [626

] [627]
[628] [629] [630] [631

] [632

]

LaTeX Warning: Reference `thm:holder-bounds' on page 633 undefined on input lin
e 462.

[633] [634] [635] [636]) (app142_definitive_gap_closure.tex
Overfull \hbox (54.64783pt too wide) in paragraph at lines 35--50
 [] 
 []

[637] [638] [639

] [640

] [641

] [642

] [643

] [644

] [645

])
(app143_rigorous_innovative_proofs.tex [646

] [647]

LaTeX Warning: Reference `thm:strong-coupling' on page 648 undefined on input l
ine 130.


LaTeX Warning: Reference `sec:analyticity' on page 648 undefined on input line 
136.

[648] [649] [650] [651]

LaTeX Warning: Reference `thm:giles-teper-rigorous' on page 652 undefined on in
put line 404.

[652] [653] [654] [655] [656] [657]

LaTeX Warning: Reference `thm:uniform-lsi-all-beta' on page 658 undefined on in
put line 766.


LaTeX Warning: Reference `thm:giles-teper-rigorous' on page 658 undefined on in
put line 767.


LaTeX Warning: Reference `thm:giles-teper-rigorous' on page 658 undefined on in
put line 774.

[658]

LaTeX Warning: Reference `thm:uniform-lsi-all-beta' on page 659 undefined on in
put line 808.

[659] [660]) (app144_response_to_review.tex [661] [662] [663] [664] [665]
[666] [667] [668]

LaTeX Warning: Reference `lem:log-rp-bound' on page 669 undefined on input line
 633.

[669] [670] [671]) (app145_definitive_proof_of_conjecture.tex [672] [673]
[674] [675]) (app147_adjoint_qcd_proof.tex [676] [677] [678]
Overfull \hbox (6.47905pt too wide) in paragraph at lines 124--125
\T1/cmr/m/n/10.95 strictly pos-i-tive at $\OML/cmm/m/it/10.95 m \OT1/cmr/m/n/10
.95 = 0$\T1/cmr/m/n/10.95 . This is rig-or-ously proven in \T1/cmr/bx/n/10.95 A
p-pendix [][]R.139[][] \T1/cmr/m/n/10.95 (The-o-rem [][]R.139.3[][])
 []

[679] [680]) (app149_roadmap_sym_gap.tex [681]) (app150_sym_gap_proof.tex
[682]) (app151_math_audit.tex [683]
Overfull \hbox (1.83565pt too wide) in paragraph at lines 23--24
[]\T1/cmr/m/n/10.95 We es-tab-lish the re-sult us-ing \T1/cmr/bx/n/10.95 Ginspa
rg-Wilson Fermions \T1/cmr/m/n/10.95 and \T1/cmr/bx/n/10.95 Ward Iden-tity Rest
ora-
 []

) (app152_roadmap_unconditional_proof.tex [684] [685])
(app154_definitive_proof.tex

LaTeX Warning: Reference `sec:cluster' on page 686 undefined on input line 15.


Overfull \hbox (31.86469pt too wide) in paragraph at lines 22--23
[]\T1/cmr/bx/n/10.95 Result: \T1/cmr/m/n/10.95 Sta-bil-ity of the ef-fec-tive a
c-tion and scal-ing of the mass gap $\OML/cmm/m/it/10.95 m\OT1/cmr/m/n/10.95 (\
OML/cmm/m/it/10.95 ^^L\OT1/cmr/m/n/10.95 ) \OMS/cmsy/m/n/10.95 ^^X \OT1/cmr/m/n
/10.95 ^^C[] [](\OMS/cmsy/m/n/10.95 ^^@\OML/cmm/m/it/10.95 c^^L\OT1/cmr/m/n/10.
95 )$\T1/cmr/m/n/10.95 . 
 []


LaTeX Warning: Reference `sec:continuum' on page 686 undefined on input line 39
.

[686]

LaTeX Warning: Reference `thm:reflection-pos' on page 687 undefined on input li
ne 46.


LaTeX Warning: Reference `thm:so4-recovery' on page 687 undefined on input line
 47.

) (app155_gap1_lattice_susy.tex [687]) (app156_gap2_complex_path.tex [688])
(app157_gap3_balaban_fermions.tex [689]) (app158_response_to_review_v2.tex
[690] [691]) (app160_comprehensive_rigorous_proof.tex [692] [693] [694]
[695]) (app161_complete_rigorous_derivations.tex [696] [697] [698] [699]
[700] [701] [702] [703]

LaTeX Warning: Reference `sec:analyticity' on page 704 undefined on input line 
539.

[704] [705] [706] [707]

LaTeX Warning: Reference `def:wilson_action' on page 708 undefined on input lin
e 814.


LaTeX Warning: Reference `thm:rp_wilson' on page 708 undefined on input line 81
6.


LaTeX Warning: `h' float specifier changed to `ht'.

[708]) (app162_intermediate_coupling_details.tex [709] [710] [711] [712]

LaTeX Warning: Reference `thm:rp_monotonicity' on page 713 undefined on input l
ine 340.

[713]) (app163_self_contained_proof.tex [714] [715] [716] [717] [718] [719]
[720] [721] [722]) (app164_gap_closures.tex [723] [724]

LaTeX Warning: Reference `thm:global_analyticity' on page 725 undefined on inpu
t line 106.

[725]

LaTeX Warning: Reference `sec:analyticity' on page 726 undefined on input line 
195.


LaTeX Warning: Reference `subsec:complex-path' on page 726 undefined on input l
ine 195.

[726]

LaTeX Warning: Reference `thm:global_analyticity' on page 727 undefined on inpu
t line 205.


LaTeX Warning: Reference `thm:analyticity-strong' on page 727 undefined on inpu
t line 207.

[727] [728]
Overfull \hbox (101.01807pt too wide) in paragraph at lines 433--434
 [] 
 []

[729] [730]
Overfull \hbox (8.174pt too wide) in paragraph at lines 469--470
[]\T1/cmr/bx/n/10.95 Non-Circularity: \T1/cmr/m/n/10.95 Ex-plicit de-pen-dency 
graph show-ing acyclic struc-ture (The-o-rem [][]R.153.6[][]). 
 []

) (app165_rigorous_audit_resolution.tex [731] [732] [733] [734] [735]

LaTeX Warning: Reference `sec:norm-resolvent' on page 736 undefined on input li
ne 313.

[736] [737] [738] [739]) (app130_giles_teper_refined.tex)
(app158_geometric_spectral_gap.tex [740] [741] [742])
(app159_topological_protection.tex) (app160_coulomb_exclusion.tex
Overfull \hbox (7.58699pt too wide) in paragraph at lines 1--1
[]\T1/cmr/bx/n/14.4 Appendix R.160: Rig-or-ous Ex-clu-sion of the Coulomb Phase
 
 []

[743]) (app168_rigorous_fortification.tex [744] [745]
Overfull \hbox (1.18109pt too wide) in paragraph at lines 104--105
[][]\T1/cmr/bx/n/10.95 Theorem R.159.4 \T1/cmr/m/n/10.95 (Asymp-totic In-te-gra
-bil-ity)\T1/cmr/bx/n/10.95 . []\T1/cmr/m/it/10.95 The non-perturbative lat-tic
e beta func-tion $\OML/cmm/m/it/10.95 ^^L[]\OT1/cmr/m/n/10.95 (\OML/cmm/m/it/10
.95 g\OT1/cmr/m/n/10.95 )$
 []

[746]) (app168_blocking_lemmas.tex [747] [748]) (app169_final_fortification.tex
[749] [750]) (app170_final_deep_structure.tex [751] [752]
Overfull \hbox (2.19548pt too wide) in paragraph at lines 45--46
[][]\T1/cmr/bx/n/10.95 Theorem R.162.3 \T1/cmr/m/n/10.95 (Dia-mag-netic Dom-i-n
a-tion)\T1/cmr/bx/n/10.95 . []\T1/cmr/m/it/10.95 Let $\OMS/cmsy/m/n/10.95 h^^Ai
[]$ \T1/cmr/m/it/10.95 de-note the ex-pec-ta-tion in the $\OML/cmm/m/it/10.95 S
U\OT1/cmr/m/n/10.95 (\OML/cmm/m/it/10.95 N\OT1/cmr/m/n/10.95 )$
 []

[753]) (app171_final_keystones.tex [754]

LaTeX Warning: Reference `sec:transfer' on page 755 undefined on input line 17.


[755] [756]) (app172_final_keystones_part2.tex
Overfull \hbox (9.66756pt too wide) in paragraph at lines 6--6
[]\T1/cmr/bx/n/12 Interpolation End-Point: The Appelquist-Carazzone De-cou-plin
g The-
 []

[757] [758]) (app173_critical_corrections.tex
Overfull \hbox (4.33846pt too wide) in paragraph at lines 1--1
[]\T1/cmr/bx/n/14.4 Rigorous Res-o-lu-tion of Crit-i-cal Gaps: Con-vex-ity, RG 
Flow,
 []

[759] [760]) (app174_hard_analysis_derivations.tex [761] [762] [763])
(app175_comprehensive_fixes.tex
Overfull \hbox (4.13596pt too wide) in paragraph at lines 1--1
[]\T1/cmr/bx/n/14.4 Comprehensive Rig-or-ous Fixes: Screen-ing, Anoma-lies, and

 []

[764]

Package hyperref Warning: Token not allowed in a PDF string (Unicode):
(hyperref)                removing `math shift' on input line 41.


Package hyperref Warning: Token not allowed in a PDF string (Unicode):
(hyperref)                removing `subscript' on input line 41.


Package hyperref Warning: Token not allowed in a PDF string (Unicode):
(hyperref)                removing `math shift' on input line 41.

[765] [766] [767]) (app176_final_hard_analysis.tex [768] [769] [770])
(app177_final_geometric_spectral.tex [771] [772]) (app178_constructive_qft.tex
[773] [774] [775]) (app180_advanced_derivations.tex [776] [777] [778] [779]
[780] [781] [782] [783]
Overfull \hbox (1.02774pt too wide) in paragraph at lines 422--423
[][]\T1/cmr/bx/n/10.95 Theorem R.171.36 \T1/cmr/m/n/10.95 (Her-mi-tian Wilson-D
irac Flow)\T1/cmr/bx/n/10.95 . []\T1/cmr/m/it/10.95 The spec-tral flow of the H
er-mi-tian Wilson-
 []

[784] [785]
Overfull \hbox (0.5377pt too wide) in paragraph at lines 514--515
[][]\T1/cmr/bx/n/10.95 Theorem R.171.45 \T1/cmr/m/n/10.95 (Quasi--An-a-lytic De
-cay)\T1/cmr/bx/n/10.95 . []\T1/cmr/m/it/10.95 For $\OML/cmm/m/it/10.95 f\OT1/c
mr/m/n/10.95 (\OML/cmm/m/it/10.95 H\OT1/cmr/m/n/10.95 )$ \T1/cmr/m/it/10.95 (e.
g., heat ker-nel), the Helffer-Sjöstrand
 []

[786] [787]) (app181_diamond_standard_derivations.tex [788] [789] [790]
[791] [792] [793] [794]

Package hyperref Warning: Token not allowed in a PDF string (Unicode):
(hyperref)                removing `math shift' on input line 334.


Package hyperref Warning: Token not allowed in a PDF string (Unicode):
(hyperref)                removing `subscript' on input line 334.


Package hyperref Warning: Token not allowed in a PDF string (Unicode):
(hyperref)                removing `math shift' on input line 334.

[795] (yang_mills_master.aux)
 ***********
LaTeX2e <2025-11-01>
L3 programming layer <2025-10-24>
 ***********


LaTeX Warning: There were undefined references.


LaTeX Warning: There were multiply-defined labels.

Package rerunfilecheck Info: File `yang_mills_master.out' has not changed.
(rerunfilecheck)             Checksum: B9D34294B63EF6CCC2A0ED5CD1A7C1C7;368612.

 ) ) 
Here is how much of TeX's memory you used:
 36473 strings out of 467871
 695985 string characters out of 5417891
 993818 words of memory out of 5000000
 57726 multiletter control sequences out of 15000+600000
 664124 words of font info for 137 fonts, out of 8000000 for 9000
 1141 hyphenation exceptions out of 8191
 121i,18n,124p,1087b,1429s stack positions out of 10000i,1000n,20000p,200000b,200000s
 <C:\Users\Lenovo\AppData\Local\MiKTeX\fonts/pk/ljfour/jknappen/ec/dpi600\e
cbx1728.pk> <C:\Users\Lenovo\AppData\Local\MiKTeX\fonts/pk/ljfour/jknappen/ec/d
pi600\tcbx1095.pk> <C:\Users\Lenovo\AppData\Local\MiKTeX\fonts/pk/ljfour/jknapp
en/ec/dpi600\tcti1095.pk> <C:\Users\Lenovo\AppData\Local\MiKTeX\fonts/pk/ljfour
/jknappen/ec/dpi600\tcbx1200.pk> <C:\Users\Lenovo\AppData\Local\MiKTeX\fonts/pk
/ljfour/jknappen/ec/dpi600\ectt1095.pk> <C:\Users\Lenovo\AppData\Local\MiKTeX\f
onts/pk/ljfour/jknappen/ec/dpi600\ecti0700.pk> <C:\Users\Lenovo\AppData\Local\M
iKTeX\fonts/pk/ljfour/jknappen/ec/dpi600\ecti1000.pk> <C:\Users\Lenovo\AppData\
Local\MiKTeX\fonts/pk/ljfour/jknappen/ec/dpi600\ecbi1000.pk> <C:\Users\Lenovo\A
ppData\Local\MiKTeX\fonts/pk/ljfour/jknappen/ec/dpi600\ecti0600.pk> <C:\Users\L
enovo\AppData\Local\MiKTeX\fonts/pk/ljfour/jknappen/ec/dpi600\ecbx0800.pk> <C:\
Users\Lenovo\AppData\Local\MiKTeX\fonts/pk/ljfour/jknappen/ec/dpi600\ecrm0600.p
k> <C:\Users\Lenovo\AppData\Local\MiKTeX\fonts/pk/ljfour/jknappen/ec/dpi600\ect
i0800.pk> <C:\Users\Lenovo\AppData\Local\MiKTeX\fonts/pk/ljfour/jknappen/ec/dpi
600\ecbi1095.pk> <C:\Users\Lenovo\AppData\Local\MiKTeX\fonts/pk/ljfour/jknappen
/ec/dpi600\ecti1095.pk> <C:\Users\Lenovo\AppData\Local\MiKTeX\fonts/pk/ljfour/j
knappen/ec/dpi600\tcrm1095.pk> <C:\Users\Lenovo\AppData\Local\MiKTeX\fonts/pk/l
jfour/jknappen/ec/dpi600\ecrm0800.pk> <C:\Users\Lenovo\AppData\Local\MiKTeX\fon
ts/pk/ljfour/jknappen/ec/dpi600\ecrm1095.pk> <C:\Users\Lenovo\AppData\Local\MiK
TeX\fonts/pk/ljfour/jknappen/ec/dpi600\ecbx1095.pk> <C:\Users\Lenovo\AppData\Lo
cal\MiKTeX\fonts/pk/ljfour/jknappen/ec/dpi600\ecbx1200.pk> <C:\Users\Lenovo\App
Data\Local\MiKTeX\fonts/pk/ljfour/jknappen/ec/dpi600\ecbx1440.pk> <C:\Users\Len
ovo\AppData\Local\MiKTeX\fonts/pk/ljfour/jknappen/ec/dpi600\ecrm1000.pk> <C:\Us
ers\Lenovo\AppData\Local\MiKTeX\fonts/pk/ljfour/jknappen/ec/dpi600\ecbx1000.pk>
 <C:\Users\Lenovo\AppData\Local\MiKTeX\fonts/pk/ljfour/jknappen/ec/dpi600\ecrm1
200.pk> <C:\Users\Lenovo\AppData\Local\MiKTeX\fonts/pk/ljfour/jknappen/ec/dpi60
0\ecrm1728.pk><C:/Users/Lenovo/AppData/Local/Programs/MiKTeX/fonts/type1/public
/amsfonts/cm/cmbx10.pfb><C:/Users/Lenovo/AppData/Local/Programs/MiKTeX/fonts/ty
pe1/public/amsfonts/cm/cmbx8.pfb><C:/Users/Lenovo/AppData/Local/Programs/MiKTeX
/fonts/type1/public/amsfonts/cm/cmex10.pfb><C:/Users/Lenovo/AppData/Local/Progr
ams/MiKTeX/fonts/type1/public/amsfonts/cmextra/cmex8.pfb><C:/Users/Lenovo/AppDa
ta/Local/Programs/MiKTeX/fonts/type1/public/amsfonts/cm/cmmi10.pfb><C:/Users/Le
novo/AppData/Local/Programs/MiKTeX/fonts/type1/public/amsfonts/cm/cmmi12.pfb><C
:/Users/Lenovo/AppData/Local/Programs/MiKTeX/fonts/type1/public/amsfonts/cm/cmm
i6.pfb><C:/Users/Lenovo/AppData/Local/Programs/MiKTeX/fonts/type1/public/amsfon
ts/cm/cmmi7.pfb><C:/Users/Lenovo/AppData/Local/Programs/MiKTeX/fonts/type1/publ
ic/amsfonts/cm/cmmi8.pfb><C:/Users/Lenovo/AppData/Local/Programs/MiKTeX/fonts/t
ype1/public/amsfonts/cm/cmmib10.pfb><C:/Users/Lenovo/AppData/Local/Programs/MiK
TeX/fonts/type1/public/amsfonts/cm/cmr10.pfb><C:/Users/Lenovo/AppData/Local/Pro
grams/MiKTeX/fonts/type1/public/amsfonts/cm/cmr12.pfb><C:/Users/Lenovo/AppData/
Local/Programs/MiKTeX/fonts/type1/public/amsfonts/cm/cmr6.pfb><C:/Users/Lenovo/
AppData/Local/Programs/MiKTeX/fonts/type1/public/amsfonts/cm/cmr7.pfb><C:/Users
/Lenovo/AppData/Local/Programs/MiKTeX/fonts/type1/public/amsfonts/cm/cmr8.pfb><
C:/Users/Lenovo/AppData/Local/Programs/MiKTeX/fonts/type1/public/amsfonts/cm/cm
sy10.pfb><C:/Users/Lenovo/AppData/Local/Programs/MiKTeX/fonts/type1/public/amsf
onts/cm/cmsy6.pfb><C:/Users/Lenovo/AppData/Local/Programs/MiKTeX/fonts/type1/pu
blic/amsfonts/cm/cmsy8.pfb><C:/Users/Lenovo/AppData/Local/Programs/MiKTeX/fonts
/type1/public/amsfonts/euler/eufm10.pfb><C:/Users/Lenovo/AppData/Local/Programs
/MiKTeX/fonts/type1/public/amsfonts/symbols/msam10.pfb><C:/Users/Lenovo/AppData
/Local/Programs/MiKTeX/fonts/type1/public/amsfonts/symbols/msbm10.pfb><C:/Users
/Lenovo/AppData/Local/Programs/MiKTeX/fonts/type1/public/rsfs/rsfs10.pfb>
Output written on yang_mills_master.pdf (795 pages, 5438629 bytes).
PDF statistics:
 18150 PDF objects out of 18468 (max. 8388607)
 6708 named destinations out of 7423 (max. 500000)
 11093 words of extra memory for PDF output out of 12000 (max. 10000000)

