This is pdfTeX, Version 3.141592653-2.6-1.40.27 (MiKTeX 25.4) (preloaded format=pdflatex 2025.11.16)  9 JAN 2026 00:19
entering extended mode
 restricted \write18 enabled.
 %&-line parsing enabled.
**./yang_mills_large_rigorous.tex
(yang_mills_large_rigorous.tex
LaTeX2e <2025-11-01>
L3 programming layer <2025-10-24>
(C:\Users\Lenovo\AppData\Local\Programs\MiKTeX\tex/latex/base\report.cls
Document Class: report 2025/01/22 v1.4n Standard LaTeX document class
(C:\Users\Lenovo\AppData\Local\Programs\MiKTeX\tex/latex/base\size11.clo
File: size11.clo 2025/01/22 v1.4n Standard LaTeX file (size option)
)
\c@part=\count275
\c@chapter=\count276
\c@section=\count277
\c@subsection=\count278
\c@subsubsection=\count279
\c@paragraph=\count280
\c@subparagraph=\count281
\c@figure=\count282
\c@table=\count283
\abovecaptionskip=\skip49
\belowcaptionskip=\skip50
\bibindent=\dimen148
)
(C:\Users\Lenovo\AppData\Local\Programs\MiKTeX\tex/generic/alphalph\alphalph.st
y
Package: alphalph 2019/12/09 v2.6 Convert numbers to letters (HO)

(C:\Users\Lenovo\AppData\Local\Programs\MiKTeX\tex/generic/infwarerr\infwarerr.
sty
Package: infwarerr 2019/12/03 v1.5 Providing info/warning/error messages (HO)
) (C:\Users\Lenovo\AppData\Local\Programs\MiKTeX\tex/generic/intcalc\intcalc.st
y
Package: intcalc 2019/12/15 v1.3 Expandable calculations with integers (HO)
)) (preamble.tex (C:\Users\Lenovo\AppData\Local\Programs\MiKTeX\tex/latex/base\
inputenc.sty
Package: inputenc 2024/02/08 v1.3d Input encoding file
\inpenc@prehook=\toks17
\inpenc@posthook=\toks18
) (C:\Users\Lenovo\AppData\Local\Programs\MiKTeX\tex/latex/base\fontenc.sty
Package: fontenc 2025/07/18 v2.1d Standard LaTeX package
) (C:\Users\Lenovo\AppData\Local\Programs\MiKTeX\tex/latex/amsmath\amsmath.sty
Package: amsmath 2025/07/09 v2.17z AMS math features
\@mathmargin=\skip51
For additional information on amsmath, use the `?' option.
(C:\Users\Lenovo\AppData\Local\Programs\MiKTeX\tex/latex/amsmath\amstext.sty
Package: amstext 2024/11/17 v2.01 AMS text
(C:\Users\Lenovo\AppData\Local\Programs\MiKTeX\tex/latex/amsmath\amsgen.sty
File: amsgen.sty 1999/11/30 v2.0 generic functions
\@emptytoks=\toks19
\ex@=\dimen149
)) (C:\Users\Lenovo\AppData\Local\Programs\MiKTeX\tex/latex/amsmath\amsbsy.sty
Package: amsbsy 1999/11/29 v1.2d Bold Symbols
\pmbraise@=\dimen150
) (C:\Users\Lenovo\AppData\Local\Programs\MiKTeX\tex/latex/amsmath\amsopn.sty
Package: amsopn 2022/04/08 v2.04 operator names
)
\inf@bad=\count284
LaTeX Info: Redefining \frac on input line 233.
\uproot@=\count285
\leftroot@=\count286
LaTeX Info: Redefining \overline on input line 398.
LaTeX Info: Redefining \colon on input line 409.
\classnum@=\count287
\DOTSCASE@=\count288
LaTeX Info: Redefining \ldots on input line 495.
LaTeX Info: Redefining \dots on input line 498.
LaTeX Info: Redefining \cdots on input line 619.
\Mathstrutbox@=\box53
\strutbox@=\box54
LaTeX Info: Redefining \big on input line 721.
LaTeX Info: Redefining \Big on input line 722.
LaTeX Info: Redefining \bigg on input line 723.
LaTeX Info: Redefining \Bigg on input line 724.
\big@size=\dimen151
LaTeX Font Info:    Redeclaring font encoding OML on input line 742.
LaTeX Font Info:    Redeclaring font encoding OMS on input line 743.
\macc@depth=\count289
LaTeX Info: Redefining \bmod on input line 904.
LaTeX Info: Redefining \pmod on input line 909.
LaTeX Info: Redefining \smash on input line 939.
LaTeX Info: Redefining \relbar on input line 969.
LaTeX Info: Redefining \Relbar on input line 970.
\c@MaxMatrixCols=\count290
\dotsspace@=\muskip17
\c@parentequation=\count291
\dspbrk@lvl=\count292
\tag@help=\toks20
\row@=\count293
\column@=\count294
\maxfields@=\count295
\andhelp@=\toks21
\eqnshift@=\dimen152
\alignsep@=\dimen153
\tagshift@=\dimen154
\tagwidth@=\dimen155
\totwidth@=\dimen156
\lineht@=\dimen157
\@envbody=\toks22
\multlinegap=\skip52
\multlinetaggap=\skip53
\mathdisplay@stack=\toks23
LaTeX Info: Redefining \[ on input line 2950.
LaTeX Info: Redefining \] on input line 2951.
) (C:\Users\Lenovo\AppData\Local\Programs\MiKTeX\tex/latex/amscls\amsthm.sty
Package: amsthm 2020/05/29 v2.20.6
\thm@style=\toks24
\thm@bodyfont=\toks25
\thm@headfont=\toks26
\thm@notefont=\toks27
\thm@headpunct=\toks28
\thm@preskip=\skip54
\thm@postskip=\skip55
\thm@headsep=\skip56
\dth@everypar=\toks29
) (C:\Users\Lenovo\AppData\Local\Programs\MiKTeX\tex/latex/amsfonts\amssymb.sty
Package: amssymb 2013/01/14 v3.01 AMS font symbols
(C:\Users\Lenovo\AppData\Local\Programs\MiKTeX\tex/latex/amsfonts\amsfonts.sty
Package: amsfonts 2013/01/14 v3.01 Basic AMSFonts support
\symAMSa=\mathgroup4
\symAMSb=\mathgroup5
LaTeX Font Info:    Redeclaring math symbol \hbar on input line 98.
LaTeX Font Info:    Overwriting math alphabet `\mathfrak' in version `bold'
(Font)                  U/euf/m/n --> U/euf/b/n on input line 106.
))
(C:\Users\Lenovo\AppData\Local\Programs\MiKTeX\tex/latex/mathtools\mathtools.st
y
Package: mathtools 2024/10/04 v1.31 mathematical typesetting tools
(C:\Users\Lenovo\AppData\Local\Programs\MiKTeX\tex/latex/graphics\keyval.sty
Package: keyval 2022/05/29 v1.15 key=value parser (DPC)
\KV@toks@=\toks30
) (C:\Users\Lenovo\AppData\Local\Programs\MiKTeX\tex/latex/tools\calc.sty
Package: calc 2025/03/01 v4.3b Infix arithmetic (KKT,FJ)
\calc@Acount=\count296
\calc@Bcount=\count297
\calc@Adimen=\dimen158
\calc@Bdimen=\dimen159
\calc@Askip=\skip57
\calc@Bskip=\skip58
LaTeX Info: Redefining \setlength on input line 86.
LaTeX Info: Redefining \addtolength on input line 87.
\calc@Ccount=\count298
\calc@Cskip=\skip59
) (C:\Users\Lenovo\AppData\Local\Programs\MiKTeX\tex/latex/mathtools\mhsetup.st
y
Package: mhsetup 2021/03/18 v1.4 programming setup (MH)
)
\g_MT_multlinerow_int=\count299
\l_MT_multwidth_dim=\dimen160
\origjot=\skip60
\l_MT_shortvdotswithinadjustabove_dim=\dimen161
\l_MT_shortvdotswithinadjustbelow_dim=\dimen162
\l_MT_above_intertext_sep=\dimen163
\l_MT_below_intertext_sep=\dimen164
\l_MT_above_shortintertext_sep=\dimen165
\l_MT_below_shortintertext_sep=\dimen166
\xmathstrut@box=\box55
\xmathstrut@dim=\dimen167
) (C:\Users\Lenovo\AppData\Local\Programs\MiKTeX\tex/latex/jknappen\mathrsfs.st
y
Package: mathrsfs 1996/01/01 Math RSFS package v1.0 (jk)
\symrsfs=\mathgroup6
) (C:\Users\Lenovo\AppData\Local\Programs\MiKTeX\tex/latex/enumitem\enumitem.st
y
Package: enumitem 2025/02/06 v3.11 Customized lists
\labelindent=\skip61
\enit@outerparindent=\dimen168
\enit@toks=\toks31
\enit@inbox=\box56
\enit@count@id=\count300
\enitdp@description=\count301
) (C:\Users\Lenovo\AppData\Local\Programs\MiKTeX\tex/latex/geometry\geometry.st
y
Package: geometry 2020/01/02 v5.9 Page Geometry
(C:\Users\Lenovo\AppData\Local\Programs\MiKTeX\tex/generic/iftex\ifvtex.sty
Package: ifvtex 2019/10/25 v1.7 ifvtex legacy package. Use iftex instead.
(C:\Users\Lenovo\AppData\Local\Programs\MiKTeX\tex/generic/iftex\iftex.sty
Package: iftex 2024/12/12 v1.0g TeX engine tests
))
\Gm@cnth=\count302
\Gm@cntv=\count303
\c@Gm@tempcnt=\count304
\Gm@bindingoffset=\dimen169
\Gm@wd@mp=\dimen170
\Gm@odd@mp=\dimen171
\Gm@even@mp=\dimen172
\Gm@layoutwidth=\dimen173
\Gm@layoutheight=\dimen174
\Gm@layouthoffset=\dimen175
\Gm@layoutvoffset=\dimen176
\Gm@dimlist=\toks32
(C:\Users\Lenovo\AppData\Local\Programs\MiKTeX\tex/latex/geometry\geometry.cfg)
)
(C:\Users\Lenovo\AppData\Local\Programs\MiKTeX\tex/latex/tcolorbox\tcolorbox.st
y
Package: tcolorbox 2025/09/09 version 6.8.0 text color boxes

(C:\Users\Lenovo\AppData\Local\Programs\MiKTeX\tex/latex/pgf/frontendlayer\tikz
.sty
(C:\Users\Lenovo\AppData\Local\Programs\MiKTeX\tex/latex/pgf/basiclayer\pgf.sty

(C:\Users\Lenovo\AppData\Local\Programs\MiKTeX\tex/latex/pgf/utilities\pgfrcs.s
ty
(C:\Users\Lenovo\AppData\Local\Programs\MiKTeX\tex/generic/pgf/utilities\pgfuti
l-common.tex
\pgfutil@everybye=\toks33
\pgfutil@tempdima=\dimen177
\pgfutil@tempdimb=\dimen178
)
(C:\Users\Lenovo\AppData\Local\Programs\MiKTeX\tex/generic/pgf/utilities\pgfuti
l-latex.def
\pgfutil@abb=\box57
)
(C:\Users\Lenovo\AppData\Local\Programs\MiKTeX\tex/generic/pgf/utilities\pgfrcs
.code.tex
(C:\Users\Lenovo\AppData\Local\Programs\MiKTeX\tex/generic/pgf\pgf.revision.tex
)
Package: pgfrcs 2025-08-29 v3.1.11a (3.1.11a)
))
Package: pgf 2025-08-29 v3.1.11a (3.1.11a)

(C:\Users\Lenovo\AppData\Local\Programs\MiKTeX\tex/latex/pgf/basiclayer\pgfcore
.sty (C:\Users\Lenovo\AppData\Local\Programs\MiKTeX\tex/latex/graphics\graphicx
.sty
Package: graphicx 2024/12/31 v1.2e Enhanced LaTeX Graphics (DPC,SPQR)
(C:\Users\Lenovo\AppData\Local\Programs\MiKTeX\tex/latex/graphics\graphics.sty
Package: graphics 2024/08/06 v1.4g Standard LaTeX Graphics (DPC,SPQR)
(C:\Users\Lenovo\AppData\Local\Programs\MiKTeX\tex/latex/graphics\trig.sty
Package: trig 2023/12/02 v1.11 sin cos tan (DPC)
)
(C:\Users\Lenovo\AppData\Local\Programs\MiKTeX\tex/latex/graphics-cfg\graphics.
cfg
File: graphics.cfg 2016/06/04 v1.11 sample graphics configuration
)
Package graphics Info: Driver file: pdftex.def on input line 106.

(C:\Users\Lenovo\AppData\Local\Programs\MiKTeX\tex/latex/graphics-def\pdftex.de
f
File: pdftex.def 2025/09/29 v1.2d Graphics/color driver for pdftex
))
\Gin@req@height=\dimen179
\Gin@req@width=\dimen180
)
(C:\Users\Lenovo\AppData\Local\Programs\MiKTeX\tex/latex/pgf/systemlayer\pgfsys
.sty
(C:\Users\Lenovo\AppData\Local\Programs\MiKTeX\tex/generic/pgf/systemlayer\pgfs
ys.code.tex
Package: pgfsys 2025-08-29 v3.1.11a (3.1.11a)

(C:\Users\Lenovo\AppData\Local\Programs\MiKTeX\tex/generic/pgf/utilities\pgfkey
s.code.tex
\pgfkeys@pathtoks=\toks34
\pgfkeys@temptoks=\toks35

(C:\Users\Lenovo\AppData\Local\Programs\MiKTeX\tex/generic/pgf/utilities\pgfkey
slibraryfiltered.code.tex
\pgfkeys@tmptoks=\toks36
))
\pgf@x=\dimen181
\pgf@y=\dimen182
\pgf@xa=\dimen183
\pgf@ya=\dimen184
\pgf@xb=\dimen185
\pgf@yb=\dimen186
\pgf@xc=\dimen187
\pgf@yc=\dimen188
\pgf@xd=\dimen189
\pgf@yd=\dimen190
\w@pgf@writea=\write3
\r@pgf@reada=\read2
\c@pgf@counta=\count305
\c@pgf@countb=\count306
\c@pgf@countc=\count307
\c@pgf@countd=\count308
\t@pgf@toka=\toks37
\t@pgf@tokb=\toks38
\t@pgf@tokc=\toks39
\pgf@sys@id@count=\count309

(C:\Users\Lenovo\AppData\Local\Programs\MiKTeX\tex/generic/pgf/systemlayer\pgf.
cfg
File: pgf.cfg 2025-08-29 v3.1.11a (3.1.11a)
)
Driver file for pgf: pgfsys-pdftex.def

(C:\Users\Lenovo\AppData\Local\Programs\MiKTeX\tex/generic/pgf/systemlayer\pgfs
ys-pdftex.def
File: pgfsys-pdftex.def 2025-08-29 v3.1.11a (3.1.11a)

(C:\Users\Lenovo\AppData\Local\Programs\MiKTeX\tex/generic/pgf/systemlayer\pgfs
ys-common-pdf.def
File: pgfsys-common-pdf.def 2025-08-29 v3.1.11a (3.1.11a)
)))
(C:\Users\Lenovo\AppData\Local\Programs\MiKTeX\tex/generic/pgf/systemlayer\pgfs
yssoftpath.code.tex
File: pgfsyssoftpath.code.tex 2025-08-29 v3.1.11a (3.1.11a)
\pgfsyssoftpath@smallbuffer@items=\count310
\pgfsyssoftpath@bigbuffer@items=\count311
)
(C:\Users\Lenovo\AppData\Local\Programs\MiKTeX\tex/generic/pgf/systemlayer\pgfs
ysprotocol.code.tex
File: pgfsysprotocol.code.tex 2025-08-29 v3.1.11a (3.1.11a)
)) (C:\Users\Lenovo\AppData\Local\Programs\MiKTeX\tex/latex/xcolor\xcolor.sty
Package: xcolor 2024/09/29 v3.02 LaTeX color extensions (UK)

(C:\Users\Lenovo\AppData\Local\Programs\MiKTeX\tex/latex/graphics-cfg\color.cfg
File: color.cfg 2016/01/02 v1.6 sample color configuration
)
Package xcolor Info: Driver file: pdftex.def on input line 274.

(C:\Users\Lenovo\AppData\Local\Programs\MiKTeX\tex/latex/graphics\mathcolor.ltx
)
Package xcolor Info: Model `cmy' substituted by `cmy0' on input line 1349.
Package xcolor Info: Model `hsb' substituted by `rgb' on input line 1353.
Package xcolor Info: Model `RGB' extended on input line 1365.
Package xcolor Info: Model `HTML' substituted by `rgb' on input line 1367.
Package xcolor Info: Model `Hsb' substituted by `hsb' on input line 1368.
Package xcolor Info: Model `tHsb' substituted by `hsb' on input line 1369.
Package xcolor Info: Model `HSB' substituted by `hsb' on input line 1370.
Package xcolor Info: Model `Gray' substituted by `gray' on input line 1371.
Package xcolor Info: Model `wave' substituted by `hsb' on input line 1372.
)
(C:\Users\Lenovo\AppData\Local\Programs\MiKTeX\tex/generic/pgf/basiclayer\pgfco
re.code.tex
Package: pgfcore 2025-08-29 v3.1.11a (3.1.11a)

(C:\Users\Lenovo\AppData\Local\Programs\MiKTeX\tex/generic/pgf/math\pgfmath.cod
e.tex
(C:\Users\Lenovo\AppData\Local\Programs\MiKTeX\tex/generic/pgf/math\pgfmathutil
.code.tex)
(C:\Users\Lenovo\AppData\Local\Programs\MiKTeX\tex/generic/pgf/math\pgfmathpars
er.code.tex
\pgfmath@dimen=\dimen191
\pgfmath@count=\count312
\pgfmath@box=\box58
\pgfmath@toks=\toks40
\pgfmath@stack@operand=\toks41
\pgfmath@stack@operation=\toks42
)
(C:\Users\Lenovo\AppData\Local\Programs\MiKTeX\tex/generic/pgf/math\pgfmathfunc
tions.code.tex)
(C:\Users\Lenovo\AppData\Local\Programs\MiKTeX\tex/generic/pgf/math\pgfmathfunc
tions.basic.code.tex)
(C:\Users\Lenovo\AppData\Local\Programs\MiKTeX\tex/generic/pgf/math\pgfmathfunc
tions.trigonometric.code.tex)
(C:\Users\Lenovo\AppData\Local\Programs\MiKTeX\tex/generic/pgf/math\pgfmathfunc
tions.random.code.tex)
(C:\Users\Lenovo\AppData\Local\Programs\MiKTeX\tex/generic/pgf/math\pgfmathfunc
tions.comparison.code.tex)
(C:\Users\Lenovo\AppData\Local\Programs\MiKTeX\tex/generic/pgf/math\pgfmathfunc
tions.base.code.tex)
(C:\Users\Lenovo\AppData\Local\Programs\MiKTeX\tex/generic/pgf/math\pgfmathfunc
tions.round.code.tex)
(C:\Users\Lenovo\AppData\Local\Programs\MiKTeX\tex/generic/pgf/math\pgfmathfunc
tions.misc.code.tex)
(C:\Users\Lenovo\AppData\Local\Programs\MiKTeX\tex/generic/pgf/math\pgfmathfunc
tions.integerarithmetics.code.tex)
(C:\Users\Lenovo\AppData\Local\Programs\MiKTeX\tex/generic/pgf/math\pgfmathcalc
.code.tex)
(C:\Users\Lenovo\AppData\Local\Programs\MiKTeX\tex/generic/pgf/math\pgfmathfloa
t.code.tex
\c@pgfmathroundto@lastzeros=\count313
))
(C:\Users\Lenovo\AppData\Local\Programs\MiKTeX\tex/generic/pgf/math\pgfint.code
.tex)
(C:\Users\Lenovo\AppData\Local\Programs\MiKTeX\tex/generic/pgf/basiclayer\pgfco
repoints.code.tex
File: pgfcorepoints.code.tex 2025-08-29 v3.1.11a (3.1.11a)
\pgf@picminx=\dimen192
\pgf@picmaxx=\dimen193
\pgf@picminy=\dimen194
\pgf@picmaxy=\dimen195
\pgf@pathminx=\dimen196
\pgf@pathmaxx=\dimen197
\pgf@pathminy=\dimen198
\pgf@pathmaxy=\dimen199
\pgf@xx=\dimen256
\pgf@xy=\dimen257
\pgf@yx=\dimen258
\pgf@yy=\dimen259
\pgf@zx=\dimen260
\pgf@zy=\dimen261
)
(C:\Users\Lenovo\AppData\Local\Programs\MiKTeX\tex/generic/pgf/basiclayer\pgfco
repathconstruct.code.tex
File: pgfcorepathconstruct.code.tex 2025-08-29 v3.1.11a (3.1.11a)
\pgf@path@lastx=\dimen262
\pgf@path@lasty=\dimen263
)
(C:\Users\Lenovo\AppData\Local\Programs\MiKTeX\tex/generic/pgf/basiclayer\pgfco
repathusage.code.tex
File: pgfcorepathusage.code.tex 2025-08-29 v3.1.11a (3.1.11a)
\pgf@shorten@end@additional=\dimen264
\pgf@shorten@start@additional=\dimen265
)
(C:\Users\Lenovo\AppData\Local\Programs\MiKTeX\tex/generic/pgf/basiclayer\pgfco
rescopes.code.tex
File: pgfcorescopes.code.tex 2025-08-29 v3.1.11a (3.1.11a)
\pgfpic=\box59
\pgf@hbox=\box60
\pgf@layerbox@main=\box61
\pgf@picture@serial@count=\count314
)
(C:\Users\Lenovo\AppData\Local\Programs\MiKTeX\tex/generic/pgf/basiclayer\pgfco
regraphicstate.code.tex
File: pgfcoregraphicstate.code.tex 2025-08-29 v3.1.11a (3.1.11a)
\pgflinewidth=\dimen266
)
(C:\Users\Lenovo\AppData\Local\Programs\MiKTeX\tex/generic/pgf/basiclayer\pgfco
retransformations.code.tex
File: pgfcoretransformations.code.tex 2025-08-29 v3.1.11a (3.1.11a)
\pgf@pt@x=\dimen267
\pgf@pt@y=\dimen268
\pgf@pt@temp=\dimen269
)
(C:\Users\Lenovo\AppData\Local\Programs\MiKTeX\tex/generic/pgf/basiclayer\pgfco
requick.code.tex
File: pgfcorequick.code.tex 2025-08-29 v3.1.11a (3.1.11a)
)
(C:\Users\Lenovo\AppData\Local\Programs\MiKTeX\tex/generic/pgf/basiclayer\pgfco
reobjects.code.tex
File: pgfcoreobjects.code.tex 2025-08-29 v3.1.11a (3.1.11a)
)
(C:\Users\Lenovo\AppData\Local\Programs\MiKTeX\tex/generic/pgf/basiclayer\pgfco
repathprocessing.code.tex
File: pgfcorepathprocessing.code.tex 2025-08-29 v3.1.11a (3.1.11a)
)
(C:\Users\Lenovo\AppData\Local\Programs\MiKTeX\tex/generic/pgf/basiclayer\pgfco
rearrows.code.tex
File: pgfcorearrows.code.tex 2025-08-29 v3.1.11a (3.1.11a)
\pgfarrowsep=\dimen270
)
(C:\Users\Lenovo\AppData\Local\Programs\MiKTeX\tex/generic/pgf/basiclayer\pgfco
reshade.code.tex
File: pgfcoreshade.code.tex 2025-08-29 v3.1.11a (3.1.11a)
\pgf@max=\dimen271
\pgf@sys@shading@range@num=\count315
\pgf@shadingcount=\count316
)
(C:\Users\Lenovo\AppData\Local\Programs\MiKTeX\tex/generic/pgf/basiclayer\pgfco
reimage.code.tex
File: pgfcoreimage.code.tex 2025-08-29 v3.1.11a (3.1.11a)
)
(C:\Users\Lenovo\AppData\Local\Programs\MiKTeX\tex/generic/pgf/basiclayer\pgfco
reexternal.code.tex
File: pgfcoreexternal.code.tex 2025-08-29 v3.1.11a (3.1.11a)
\pgfexternal@startupbox=\box62
)
(C:\Users\Lenovo\AppData\Local\Programs\MiKTeX\tex/generic/pgf/basiclayer\pgfco
relayers.code.tex
File: pgfcorelayers.code.tex 2025-08-29 v3.1.11a (3.1.11a)
)
(C:\Users\Lenovo\AppData\Local\Programs\MiKTeX\tex/generic/pgf/basiclayer\pgfco
retransparency.code.tex
File: pgfcoretransparency.code.tex 2025-08-29 v3.1.11a (3.1.11a)
)
(C:\Users\Lenovo\AppData\Local\Programs\MiKTeX\tex/generic/pgf/basiclayer\pgfco
repatterns.code.tex
File: pgfcorepatterns.code.tex 2025-08-29 v3.1.11a (3.1.11a)
)
(C:\Users\Lenovo\AppData\Local\Programs\MiKTeX\tex/generic/pgf/basiclayer\pgfco
rerdf.code.tex
File: pgfcorerdf.code.tex 2025-08-29 v3.1.11a (3.1.11a)
)))
(C:\Users\Lenovo\AppData\Local\Programs\MiKTeX\tex/generic/pgf/modules\pgfmodul
eshapes.code.tex
File: pgfmoduleshapes.code.tex 2025-08-29 v3.1.11a (3.1.11a)
\pgfnodeparttextbox=\box63
)
(C:\Users\Lenovo\AppData\Local\Programs\MiKTeX\tex/generic/pgf/modules\pgfmodul
eplot.code.tex
File: pgfmoduleplot.code.tex 2025-08-29 v3.1.11a (3.1.11a)
)
(C:\Users\Lenovo\AppData\Local\Programs\MiKTeX\tex/latex/pgf/compatibility\pgfc
omp-version-0-65.sty
Package: pgfcomp-version-0-65 2025-08-29 v3.1.11a (3.1.11a)
\pgf@nodesepstart=\dimen272
\pgf@nodesepend=\dimen273
)
(C:\Users\Lenovo\AppData\Local\Programs\MiKTeX\tex/latex/pgf/compatibility\pgfc
omp-version-1-18.sty
Package: pgfcomp-version-1-18 2025-08-29 v3.1.11a (3.1.11a)
))
(C:\Users\Lenovo\AppData\Local\Programs\MiKTeX\tex/latex/pgf/utilities\pgffor.s
ty
(C:\Users\Lenovo\AppData\Local\Programs\MiKTeX\tex/latex/pgf/utilities\pgfkeys.
sty
(C:\Users\Lenovo\AppData\Local\Programs\MiKTeX\tex/generic/pgf/utilities\pgfkey
s.code.tex)) (C:\Users\Lenovo\AppData\Local\Programs\MiKTeX\tex/latex/pgf/math\
pgfmath.sty
(C:\Users\Lenovo\AppData\Local\Programs\MiKTeX\tex/generic/pgf/math\pgfmath.cod
e.tex))
(C:\Users\Lenovo\AppData\Local\Programs\MiKTeX\tex/generic/pgf/utilities\pgffor
.code.tex
Package: pgffor 2025-08-29 v3.1.11a (3.1.11a)
\pgffor@iter=\dimen274
\pgffor@skip=\dimen275
\pgffor@stack=\toks43
\pgffor@toks=\toks44
))
(C:\Users\Lenovo\AppData\Local\Programs\MiKTeX\tex/generic/pgf/frontendlayer/ti
kz\tikz.code.tex
Package: tikz 2025-08-29 v3.1.11a (3.1.11a)

(C:\Users\Lenovo\AppData\Local\Programs\MiKTeX\tex/generic/pgf/libraries\pgflib
raryplothandlers.code.tex
File: pgflibraryplothandlers.code.tex 2025-08-29 v3.1.11a (3.1.11a)
\pgf@plot@mark@count=\count317
\pgfplotmarksize=\dimen276
)
\tikz@lastx=\dimen277
\tikz@lasty=\dimen278
\tikz@lastxsaved=\dimen279
\tikz@lastysaved=\dimen280
\tikz@lastmovetox=\dimen281
\tikz@lastmovetoy=\dimen282
\tikzleveldistance=\dimen283
\tikzsiblingdistance=\dimen284
\tikz@figbox=\box64
\tikz@figbox@bg=\box65
\tikz@tempbox=\box66
\tikz@tempbox@bg=\box67
\tikztreelevel=\count318
\tikznumberofchildren=\count319
\tikznumberofcurrentchild=\count320
\tikz@fig@count=\count321

(C:\Users\Lenovo\AppData\Local\Programs\MiKTeX\tex/generic/pgf/modules\pgfmodul
ematrix.code.tex
File: pgfmodulematrix.code.tex 2025-08-29 v3.1.11a (3.1.11a)
\pgfmatrixcurrentrow=\count322
\pgfmatrixcurrentcolumn=\count323
\pgf@matrix@numberofcolumns=\count324
)
\tikz@expandcount=\count325

(C:\Users\Lenovo\AppData\Local\Programs\MiKTeX\tex/generic/pgf/frontendlayer/ti
kz/libraries\tikzlibrarytopaths.code.tex
File: tikzlibrarytopaths.code.tex 2025-08-29 v3.1.11a (3.1.11a)
))) (C:\Users\Lenovo\AppData\Local\Programs\MiKTeX\tex/latex/tools\verbatim.sty
Package: verbatim 2024-01-22 v1.5x LaTeX2e package for verbatim enhancements
\every@verbatim=\toks45
\verbatim@line=\toks46
\verbatim@in@stream=\read3
) (C:\Users\Lenovo\AppData\Local\Programs\MiKTeX\tex/latex/environ\environ.sty
Package: environ 2014/05/04 v0.3 A new way to define environments

(C:\Users\Lenovo\AppData\Local\Programs\MiKTeX\tex/latex/trimspaces\trimspaces.
sty
Package: trimspaces 2009/09/17 v1.1 Trim spaces around a token list
)) (C:\Users\Lenovo\AppData\Local\Programs\MiKTeX\tex/latex/etoolbox\etoolbox.s
ty
Package: etoolbox 2025/10/02 v2.5m e-TeX tools for LaTeX (JAW)
\etb@tempcnta=\count326
)
\tcb@titlebox=\box68
\tcb@upperbox=\box69
\tcb@lowerbox=\box70
\tcb@phantombox=\box71
\c@tcbbreakpart=\count327
\c@tcblayer=\count328
\c@tcolorbox@number=\count329
\l__tcobox_tmpa_box=\box72
\l__tcobox_tmpa_dim=\dimen285
\tcb@temp=\box73
\tcb@temp=\box74
\tcb@temp=\box75
\tcb@temp=\box76
) (C:\Users\Lenovo\AppData\Local\Programs\MiKTeX\tex/latex/cancel\cancel.sty
Package: cancel 2013/04/12 v2.2 Cancel math terms
) (C:\Users\Lenovo\AppData\Local\Programs\MiKTeX\tex/latex/carlisle\slashed.sty
Package: slashed 1997/01/16 v0.01 Feynman Slashed Character Notation (DPC)
) (C:\Users\Lenovo\AppData\Local\Programs\MiKTeX\tex/latex/tools\array.sty
Package: array 2025/09/25 v2.6n Tabular extension package (FMi)
\col@sep=\dimen286
\ar@mcellbox=\box77
\extrarowheight=\dimen287
\NC@list=\toks47
\extratabsurround=\skip62
\backup@length=\skip63
\ar@cellbox=\box78
) (C:\Users\Lenovo\AppData\Local\Programs\MiKTeX\tex/latex/booktabs\booktabs.st
y
Package: booktabs 2020/01/12 v1.61803398 Publication quality tables
\heavyrulewidth=\dimen288
\lightrulewidth=\dimen289
\cmidrulewidth=\dimen290
\belowrulesep=\dimen291
\belowbottomsep=\dimen292
\aboverulesep=\dimen293
\abovetopsep=\dimen294
\cmidrulesep=\dimen295
\cmidrulekern=\dimen296
\defaultaddspace=\dimen297
\@cmidla=\count330
\@cmidlb=\count331
\@aboverulesep=\dimen298
\@belowrulesep=\dimen299
\@thisruleclass=\count332
\@lastruleclass=\count333
\@thisrulewidth=\dimen300
) (C:\Users\Lenovo\AppData\Local\Programs\MiKTeX\tex/latex/tools\longtable.sty
Package: longtable 2025-10-13 v4.24 Multi-page Table package (DPC)
\LTleft=\skip64
\LTright=\skip65
\LTpre=\skip66
\LTpost=\skip67
\LTchunksize=\count334
\LTcapwidth=\dimen301
\LT@head=\box79
\LT@firsthead=\box80
\LT@foot=\box81
\LT@lastfoot=\box82
\LT@gbox=\box83
\LT@cols=\count335
\LT@rows=\count336
\c@LT@tables=\count337
\c@LT@chunks=\count338
\LT@p@ftn=\toks48
)
(C:\Users\Lenovo\AppData\Local\Programs\MiKTeX\tex/generic/pgf/frontendlayer/ti
kz/libraries\tikzlibrarypositioning.code.tex
File: tikzlibrarypositioning.code.tex 2025-08-29 v3.1.11a (3.1.11a)
)
(C:\Users\Lenovo\AppData\Local\Programs\MiKTeX\tex/generic/pgf/libraries\pgflib
raryarrows.meta.code.tex
File: pgflibraryarrows.meta.code.tex 2025-08-29 v3.1.11a (3.1.11a)
\pgfarrowinset=\dimen302
\pgfarrowlength=\dimen303
\pgfarrowwidth=\dimen304
\pgfarrowlinewidth=\dimen305
)
(C:\Users\Lenovo\AppData\Local\Programs\MiKTeX\tex/generic/pgf/frontendlayer/ti
kz/libraries\tikzlibraryshapes.geometric.code.tex
File: tikzlibraryshapes.geometric.code.tex 2025-08-29 v3.1.11a (3.1.11a)

(C:\Users\Lenovo\AppData\Local\Programs\MiKTeX\tex/generic/pgf/libraries/shapes
\pgflibraryshapes.geometric.code.tex
File: pgflibraryshapes.geometric.code.tex 2025-08-29 v3.1.11a (3.1.11a)
)) (C:\Users\Lenovo\AppData\Local\Programs\MiKTeX\tex/latex/hyperref\hyperref.s
ty
Package: hyperref 2025-07-12 v7.01o Hypertext links for LaTeX

(C:\Users\Lenovo\AppData\Local\Programs\MiKTeX\tex/latex/kvsetkeys\kvsetkeys.st
y
Package: kvsetkeys 2022-10-05 v1.19 Key value parser (HO)
)
(C:\Users\Lenovo\AppData\Local\Programs\MiKTeX\tex/generic/kvdefinekeys\kvdefin
ekeys.sty
Package: kvdefinekeys 2019-12-19 v1.6 Define keys (HO)
)
(C:\Users\Lenovo\AppData\Local\Programs\MiKTeX\tex/generic/pdfescape\pdfescape.
sty
Package: pdfescape 2019/12/09 v1.15 Implements pdfTeX's escape features (HO)
(C:\Users\Lenovo\AppData\Local\Programs\MiKTeX\tex/generic/ltxcmds\ltxcmds.sty
Package: ltxcmds 2023-12-04 v1.26 LaTeX kernel commands for general use (HO)
)
(C:\Users\Lenovo\AppData\Local\Programs\MiKTeX\tex/generic/pdftexcmds\pdftexcmd
s.sty
Package: pdftexcmds 2020-06-27 v0.33 Utility functions of pdfTeX for LuaTeX (HO
)
Package pdftexcmds Info: \pdf@primitive is available.
Package pdftexcmds Info: \pdf@ifprimitive is available.
Package pdftexcmds Info: \pdfdraftmode found.
)) (C:\Users\Lenovo\AppData\Local\Programs\MiKTeX\tex/latex/hycolor\hycolor.sty
Package: hycolor 2020-01-27 v1.10 Color options for hyperref/bookmark (HO)
) (C:\Users\Lenovo\AppData\Local\Programs\MiKTeX\tex/latex/hyperref\nameref.sty
Package: nameref 2025-06-21 v2.57 Cross-referencing by name of section
(C:\Users\Lenovo\AppData\Local\Programs\MiKTeX\tex/latex/refcount\refcount.sty
Package: refcount 2019/12/15 v3.6 Data extraction from label references (HO)
)
(C:\Users\Lenovo\AppData\Local\Programs\MiKTeX\tex/generic/gettitlestring\getti
tlestring.sty
Package: gettitlestring 2019/12/15 v1.6 Cleanup title references (HO)

(C:\Users\Lenovo\AppData\Local\Programs\MiKTeX\tex/latex/kvoptions\kvoptions.st
y
Package: kvoptions 2022-06-15 v3.15 Key value format for package options (HO)
))
\c@section@level=\count339
)
(C:\Users\Lenovo\AppData\Local\Programs\MiKTeX\tex/generic/stringenc\stringenc.
sty
Package: stringenc 2019/11/29 v1.12 Convert strings between diff. encodings (HO
)
)
\@linkdim=\dimen306
\Hy@linkcounter=\count340
\Hy@pagecounter=\count341
(C:\Users\Lenovo\AppData\Local\Programs\MiKTeX\tex/latex/hyperref\pd1enc.def
File: pd1enc.def 2025-07-12 v7.01o Hyperref: PDFDocEncoding definition (HO)
Now handling font encoding PD1 ...
... no UTF-8 mapping file for font encoding PD1
)
\Hy@SavedSpaceFactor=\count342
(C:\Users\Lenovo\AppData\Local\Programs\MiKTeX\tex/latex/hyperref\puenc.def
File: puenc.def 2025-07-12 v7.01o Hyperref: PDF Unicode definition (HO)
Now handling font encoding PU ...
... no UTF-8 mapping file for font encoding PU
)
Package hyperref Info: Option `breaklinks' set `true' on input line 4066.
Package hyperref Info: Hyper figures OFF on input line 4195.
Package hyperref Info: Link nesting OFF on input line 4200.
Package hyperref Info: Hyper index ON on input line 4203.
Package hyperref Info: Plain pages OFF on input line 4210.
Package hyperref Info: Backreferencing OFF on input line 4215.
Package hyperref Info: Implicit mode ON; LaTeX internals redefined.
Package hyperref Info: Bookmarks ON on input line 4462.
\c@Hy@tempcnt=\count343
(C:\Users\Lenovo\AppData\Local\Programs\MiKTeX\tex/latex/url\url.sty
\Urlmuskip=\muskip18
Package: url 2013/09/16  ver 3.4  Verb mode for urls, etc.
)
LaTeX Info: Redefining \url on input line 4801.
\XeTeXLinkMargin=\dimen307
(C:\Users\Lenovo\AppData\Local\Programs\MiKTeX\tex/generic/bitset\bitset.sty
Package: bitset 2019/12/09 v1.3 Handle bit-vector datatype (HO)

(C:\Users\Lenovo\AppData\Local\Programs\MiKTeX\tex/generic/bigintcalc\bigintcal
c.sty
Package: bigintcalc 2019/12/15 v1.5 Expandable calculations on big integers (HO
)
))
\Fld@menulength=\count344
\Field@Width=\dimen308
\Fld@charsize=\dimen309
Package hyperref Info: Hyper figures OFF on input line 6078.
Package hyperref Info: Link nesting OFF on input line 6083.
Package hyperref Info: Hyper index ON on input line 6086.
Package hyperref Info: backreferencing OFF on input line 6093.
Package hyperref Info: Link coloring OFF on input line 6098.
Package hyperref Info: Link coloring with OCG OFF on input line 6103.
Package hyperref Info: PDF/A mode OFF on input line 6108.
\Hy@abspage=\count345
\c@Item=\count346
\c@Hfootnote=\count347
)
Package hyperref Info: Driver: hpdftex.
(C:\Users\Lenovo\AppData\Local\Programs\MiKTeX\tex/latex/hyperref\hpdftex.def
File: hpdftex.def 2025-07-12 v7.01o Hyperref driver for pdfTeX
\Fld@listcount=\count348
\c@bookmark@seq@number=\count349

(C:\Users\Lenovo\AppData\Local\Programs\MiKTeX\tex/latex/rerunfilecheck\rerunfi
lecheck.sty
Package: rerunfilecheck 2025-06-21 v1.11 Rerun checks for auxiliary files (HO)

(C:\Users\Lenovo\AppData\Local\Programs\MiKTeX\tex/generic/uniquecounter\unique
counter.sty
Package: uniquecounter 2019/12/15 v1.4 Provide unlimited unique counter (HO)
)
Package uniquecounter Info: New unique counter `rerunfilecheck' on input line 2
84.
)
\Hy@SectionHShift=\skip68
)
Package hyperref Info: Option `colorlinks' set `true' on input line 56.
\c@theorem=\count350
) (document-info.tex)
(C:\Users\Lenovo\AppData\Local\Programs\MiKTeX\tex/latex/l3backend\l3backend-pd
ftex.def
File: l3backend-pdftex.def 2025-10-09 L3 backend support: PDF output (pdfTeX)
\l__color_backend_stack_int=\count351
) (yang_mills_large_rigorous.aux

LaTeX Warning: Label `thm:mosco-spectral' multiply defined.


LaTeX Warning: Label `thm:ym-mosco' multiply defined.


LaTeX Warning: Label `def:mosco' multiply defined.


LaTeX Warning: Label `thm:cheeger' multiply defined.


LaTeX Warning: Label `ch:derivation_p_helffer_sjostrand' multiply defined.


LaTeX Warning: Label `ch:derivation_q_stratified_hardy' multiply defined.


LaTeX Warning: Label `sec:gz_formulation' multiply defined.


LaTeX Warning: Label `ch:derivation_r_resurgence' multiply defined.


LaTeX Warning: Label `thm:resurgence_cancellation' multiply defined.


LaTeX Warning: Label `ch:derivation_s_thooft_algebra' multiply defined.


LaTeX Warning: Label `subsec:martingale-boundary' multiply defined.


LaTeX Warning: Label `thm:boundary-marginal-martingale' multiply defined.


LaTeX Warning: Label `conj:gap-sigma' multiply defined.


LaTeX Warning: Label `conj:continuum-limit' multiply defined.

)
\openout1 = `yang_mills_large_rigorous.aux'.

LaTeX Font Info:    Checking defaults for OML/cmm/m/it on input line 10.
LaTeX Font Info:    ... okay on input line 10.
LaTeX Font Info:    Checking defaults for OMS/cmsy/m/n on input line 10.
LaTeX Font Info:    ... okay on input line 10.
LaTeX Font Info:    Checking defaults for OT1/cmr/m/n on input line 10.
LaTeX Font Info:    ... okay on input line 10.
LaTeX Font Info:    Checking defaults for T1/cmr/m/n on input line 10.
LaTeX Font Info:    ... okay on input line 10.
LaTeX Font Info:    Checking defaults for TS1/cmr/m/n on input line 10.
LaTeX Font Info:    ... okay on input line 10.
LaTeX Font Info:    Checking defaults for OMX/cmex/m/n on input line 10.
LaTeX Font Info:    ... okay on input line 10.
LaTeX Font Info:    Checking defaults for U/cmr/m/n on input line 10.
LaTeX Font Info:    ... okay on input line 10.
LaTeX Font Info:    Checking defaults for PD1/pdf/m/n on input line 10.
LaTeX Font Info:    ... okay on input line 10.
LaTeX Font Info:    Checking defaults for PU/pdf/m/n on input line 10.
LaTeX Font Info:    ... okay on input line 10.
*geometry* driver: auto-detecting
*geometry* detected driver: pdftex
*geometry* verbose mode - [ preamble ] result:
* driver: pdftex
* paper: a4paper
* layout: <same size as paper>
* layoutoffset:(h,v)=(0.0pt,0.0pt)
* modes: 
* h-part:(L,W,R)=(72.26999pt, 452.9679pt, 72.26999pt)
* v-part:(T,H,B)=(72.26999pt, 700.50687pt, 72.26999pt)
* \paperwidth=597.50787pt
* \paperheight=845.04684pt
* \textwidth=452.9679pt
* \textheight=700.50687pt
* \oddsidemargin=0.0pt
* \evensidemargin=0.0pt
* \topmargin=-37.0pt
* \headheight=12.0pt
* \headsep=25.0pt
* \topskip=11.0pt
* \footskip=30.0pt
* \marginparwidth=50.0pt
* \marginparsep=10.0pt
* \columnsep=10.0pt
* \skip\footins=10.0pt plus 4.0pt minus 2.0pt
* \hoffset=0.0pt
* \voffset=0.0pt
* \mag=1000
* \@twocolumnfalse
* \@twosidefalse
* \@mparswitchfalse
* \@reversemarginfalse
* (1in=72.27pt=25.4mm, 1cm=28.453pt)


(C:\Users\Lenovo\AppData\Local\Programs\MiKTeX\tex/context/base/mkii\supp-pdf.m
kii
[Loading MPS to PDF converter (version 2006.09.02).]
\scratchcounter=\count352
\scratchdimen=\dimen310
\scratchbox=\box84
\nofMPsegments=\count353
\nofMParguments=\count354
\everyMPshowfont=\toks49
\MPscratchCnt=\count355
\MPscratchDim=\dimen311
\MPnumerator=\count356
\makeMPintoPDFobject=\count357
\everyMPtoPDFconversion=\toks50
)
(C:\Users\Lenovo\AppData\Local\Programs\MiKTeX\tex/latex/epstopdf-pkg\epstopdf-
base.sty
Package: epstopdf-base 2020-01-24 v2.11 Base part for package epstopdf
Package epstopdf-base Info: Redefining graphics rule for `.eps' on input line 4
85.

(C:\Users\Lenovo\AppData\Local\Programs\MiKTeX\tex/latex/00miktex\epstopdf-sys.
cfg
File: epstopdf-sys.cfg 2021/03/18 v2.0 Configuration of epstopdf for MiKTeX
))
Package hyperref Info: Link coloring ON on input line 10.
(yang_mills_large_rigorous.out) (yang_mills_large_rigorous.out)
\@outlinefile=\write4
\openout4 = `yang_mills_large_rigorous.out'.

LaTeX Font Info:    Trying to load font information for U+msa on input line 12.

(C:\Users\Lenovo\AppData\Local\Programs\MiKTeX\tex/latex/amsfonts\umsa.fd
File: umsa.fd 2013/01/14 v3.01 AMS symbols A
)
LaTeX Font Info:    Trying to load font information for U+msb on input line 12.

(C:\Users\Lenovo\AppData\Local\Programs\MiKTeX\tex/latex/amsfonts\umsb.fd
File: umsb.fd 2013/01/14 v3.01 AMS symbols B
)
LaTeX Font Info:    Trying to load font information for U+rsfs on input line 12
.
(C:\Users\Lenovo\AppData\Local\Programs\MiKTeX\tex/latex/jknappen\ursfs.fd
File: ursfs.fd 1998/03/24 rsfs font definition file (jk)
) [1

{C:/Users/Lenovo/AppData/Local/MiKTeX/fonts/map/pdftex/pdftex.map}]
pdfTeX warning (ext4): destination with the same identifier (name{page.1}) has 
been already used, duplicate ignored
<to be read again> 
                   \relax 
l.15 \end{abstract}
                    [1] (yang_mills_large_rigorous.toc
pdfTeX warning (ext4): destination with the same identifier (name{page.1}) has 
been already used, duplicate ignored
<to be read again> 
                   \relax 
l.43 ...nd Rigorization Blueprint}{56}{appendix.A}
                                                  % [1

] [2] [3] [4] [5]
Overfull \hbox (0.99817pt too wide) detected at line 243
\T1/cmr/m/n/10.95 R.12.10 
 []

[6] [7] [8] [9] [10] [11] [12] [13] [14] [15]
Overfull \hbox (2.5535pt too wide) detected at line 754
\T1/cmr/bx/n/10.95 AA 
 []

[16]
Overfull \hbox (2.00183pt too wide) detected at line 922
\T1/cmr/bx/n/10.95 AB 
 []


Overfull \hbox (1.79752pt too wide) detected at line 928
\T1/cmr/bx/n/10.95 AC 
 []


Overfull \hbox (2.69664pt too wide) detected at line 936
\T1/cmr/bx/n/10.95 AD 
 []

[17]
Overfull \hbox (1.32033pt too wide) detected at line 954
\T1/cmr/bx/n/10.95 AE 
 []


Overfull \hbox (0.97293pt too wide) detected at line 961
\T1/cmr/bx/n/10.95 AF 
 []


Overfull \hbox (2.59448pt too wide) detected at line 968
\T1/cmr/bx/n/10.95 AG 
 []


Overfull \hbox (2.88757pt too wide) detected at line 983
\T1/cmr/bx/n/10.95 AH 
 []

[18]
Overfull \hbox (2.90091pt too wide) detected at line 1008
\T1/cmr/bx/n/10.95 AK 
 []


Overfull \hbox (0.62552pt too wide) detected at line 1018
\T1/cmr/bx/n/10.95 AL 
 []


Overfull \hbox (4.97202pt too wide) detected at line 1023
\T1/cmr/bx/n/10.95 AM 
 []


Overfull \hbox (2.88757pt too wide) detected at line 1031
\T1/cmr/bx/n/10.95 AN 
 []


Overfull \hbox (2.15825pt too wide) detected at line 1037
\T1/cmr/bx/n/10.95 AO 
 []


Overfull \hbox (1.6544pt too wide) detected at line 1044
\T1/cmr/bx/n/10.95 AP 
 []

[19]
Overfull \hbox (2.15825pt too wide) detected at line 1056
\T1/cmr/bx/n/10.95 AQ 
 []


Overfull \hbox (2.45364pt too wide) detected at line 1066
\T1/cmr/bx/n/10.95 AR 
 []

[20] [21] [22]
Overfull \hbox (0.99817pt too wide) detected at line 1245
\T1/cmr/m/n/10.95 R.10.10 
 []


Overfull \hbox (0.99817pt too wide) detected at line 1247
\T1/cmr/m/n/10.95 R.10.11 
 []


Overfull \hbox (0.99817pt too wide) detected at line 1248
\T1/cmr/m/n/10.95 R.10.12 
 []


Overfull \hbox (0.99817pt too wide) detected at line 1249
\T1/cmr/m/n/10.95 R.10.13 
 []


Overfull \hbox (0.99817pt too wide) detected at line 1250
\T1/cmr/m/n/10.95 R.10.14 
 []


Overfull \hbox (0.99817pt too wide) detected at line 1251
\T1/cmr/m/n/10.95 R.10.15 
 []


Overfull \hbox (0.99817pt too wide) detected at line 1252
\T1/cmr/m/n/10.95 R.10.16 
 []


Overfull \hbox (0.99817pt too wide) detected at line 1268
\T1/cmr/m/n/10.95 R.12.10 
 []


Overfull \hbox (0.99817pt too wide) detected at line 1269
\T1/cmr/m/n/10.95 R.12.11 
 []


Overfull \hbox (0.99817pt too wide) detected at line 1280
\T1/cmr/m/n/10.95 R.13.10 
 []


Overfull \hbox (0.99817pt too wide) detected at line 1281
\T1/cmr/m/n/10.95 R.13.11 
 []

[23] [24]
Overfull \hbox (0.76863pt too wide) detected at line 1377
\T1/cmr/bx/n/10.95 AT 
 []

[25]
Overfull \hbox (2.37314pt too wide) detected at line 1518
\T1/cmr/bx/n/10.95 AU 
 []

[26]
Overfull \hbox (1.16388pt too wide) detected at line 1604
\T1/cmr/bx/n/10.95 AV 
 []

[27] [28]
Overfull \hbox (4.63794pt too wide) detected at line 1768
\T1/cmr/bx/n/10.95 AW 
 []


Overfull \hbox (2.5535pt too wide) detected at line 1774
\T1/cmr/bx/n/10.95 AX 
 []


Overfull \hbox (1.51128pt too wide) detected at line 1782
\T1/cmr/bx/n/10.95 AY 
 []


Overfull \hbox (0.75533pt too wide) detected at line 1789
\T1/cmr/bx/n/10.95 AZ 
 []


Overfull \hbox (2.00183pt too wide) detected at line 1796
\T1/cmr/bx/n/10.95 BA 
 []

[29]
Overfull \hbox (1.45016pt too wide) detected at line 1804
\T1/cmr/bx/n/10.95 BB 
 []


Overfull \hbox (1.59326pt too wide) detected at line 1812
\T1/cmr/bx/n/10.95 BC 
 []


Overfull \hbox (2.14497pt too wide) detected at line 1820
\T1/cmr/bx/n/10.95 BD 
 []


Overfull \hbox (0.76866pt too wide) detected at line 1828
\T1/cmr/bx/n/10.95 BE 
 []


Overfull \hbox (0.42126pt too wide) detected at line 1836
\T1/cmr/bx/n/10.95 BF 
 []

[30]
Overfull \hbox (2.39023pt too wide) detected at line 1844
\T1/cmr/bx/n/10.95 BG 
 []


Overfull \hbox (2.3359pt too wide) detected at line 1852
\T1/cmr/bx/n/10.95 BH 
 []


Overfull \hbox (2.34924pt too wide) detected at line 1871
\T1/cmr/bx/n/10.95 BK 
 []


Overfull \hbox (4.42035pt too wide) detected at line 1882
\T1/cmr/bx/n/10.95 BM 
 []


Overfull \hbox (2.3359pt too wide) detected at line 1886
\T1/cmr/bx/n/10.95 BN 
 []

[31]
Overfull \hbox (1.954pt too wide) detected at line 1896
\T1/cmr/bx/n/10.95 BO 
 []

[32]
Overfull \hbox (1.10274pt too wide) detected at line 1939
\T1/cmr/bx/n/10.95 BP 
 []


Overfull \hbox (1.954pt too wide) detected at line 1940
\T1/cmr/bx/n/10.95 BQ 
 []


Overfull \hbox (1.90198pt too wide) detected at line 1948
\T1/cmr/bx/n/10.95 BR 
 []

[33] [34]
Overfull \hbox (1.25919pt too wide) detected at line 2054
\T1/cmr/bx/n/10.95 BT 
 []


Overfull \hbox (2.16888pt too wide) detected at line 2063
\T1/cmr/bx/n/10.95 BU 
 []


Overfull \hbox (2.00183pt too wide) detected at line 2083
\T1/cmr/bx/n/10.95 BV 
 []


Overfull \hbox (5.47589pt too wide) detected at line 2084
\T1/cmr/bx/n/10.95 BW 
 []

[35]
Overfull \hbox (2.00183pt too wide) detected at line 2089
\T1/cmr/bx/n/10.95 BX 
 []


Overfull \hbox (2.00183pt too wide) detected at line 2096
\T1/cmr/bx/n/10.95 BY 
 []


Overfull \hbox (0.20366pt too wide) detected at line 2105
\T1/cmr/bx/n/10.95 BZ 
 []


Overfull \hbox (2.14493pt too wide) detected at line 2120
\T1/cmr/bx/n/10.95 CA 
 []


Overfull \hbox (1.59326pt too wide) detected at line 2126
\T1/cmr/bx/n/10.95 CB 
 []

[36]
Overfull \hbox (0.99817pt too wide) detected at line 2157
\T1/cmr/m/n/10.95 R.17.10 
 []


Overfull \hbox (0.99817pt too wide) detected at line 2158
\T1/cmr/m/n/10.95 R.17.11 
 []


Overfull \hbox (0.99817pt too wide) detected at line 2159
\T1/cmr/m/n/10.95 R.17.12 
 []


Overfull \hbox (0.99817pt too wide) detected at line 2160
\T1/cmr/m/n/10.95 R.17.13 
 []


Overfull \hbox (0.99817pt too wide) detected at line 2161
\T1/cmr/m/n/10.95 R.17.14 
 []

)
\tf@toc=\write5
\openout5 = `yang_mills_large_rigorous.toc'.

(theorem_registry.tex [37] [38

]) (verification_checklist.tex [39]

LaTeX Warning: `h' float specifier changed to `ht'.

) [40

] [41] [42

] [43] [44

] (sec01_introduction_final.tex

Package hyperref Warning: Difference (2) between bookmark levels is greater 
(hyperref)                than one, level fixed on input line 1.


Package hyperref Warning: Difference (2) between bookmark levels is greater 
(hyperref)                than one, level fixed on input line 6.

[45

]) (sec02_lattice_foundations_final.tex [46]
Overfull \hbox (2.20187pt too wide) in paragraph at lines 26--28
\T1/cmr/m/n/10.95 where $\OML/cmm/m/it/10.95 U[] \OT1/cmr/m/n/10.95 = \OML/cmm/
m/it/10.95 U[]U[]U[]U[]$\T1/cmr/m/n/10.95 . The lat-tice mea-sure is $\OML/cmm/
m/it/10.95 d^^V[] \OT1/cmr/m/n/10.95 = \OML/cmm/m/it/10.95 Z[]e[] [][] dU[]$\T1
/cmr/m/n/10.95 ,
 []

[47]) (sec03_strong_coupling_final.tex [48] [49] [50]) (sec04_adjoint_interpola
tion_final.tex
Overfull \hbox (1.60402pt too wide) in paragraph at lines 31--33
[][]\T1/cmr/bx/n/10.95 Theorem 0.4.4 \T1/cmr/m/n/10.95 (Con-di-tional Mass Gap)
\T1/cmr/bx/n/10.95 . []\T1/cmr/m/it/10.95 As-sume Hy-poth-e-sis [][]0.4.3[][]. 
Then the mass gap $\OT1/cmr/m/n/10.95 ^^A(\OML/cmm/m/it/10.95 M\OT1/cmr/m/n/10.
95 ) \OML/cmm/m/it/10.95 >
 []

) (sec05_weak_coupling_final.tex [51]) (sec06_continuum_limit_final.tex [52]) (
sec07_conclusion_final.tex [53]) [54] [55

] (app_clay_blueprint.tex
Appendix A.
[56


]
Overfull \hbox (3.07596pt too wide) in paragraph at lines 60--61
\T1/cmr/m/n/10.95 (See Ap-pendix [][]AG[][]). Re-flec-tion pos-i-tiv-ity is non
-triv-ial but known for Wil-son ac-tions (Osterwalder-
 []

[57]

Package hyperref Warning: Token not allowed in a PDF string (Unicode):
(hyperref)                removing `math shift' on input line 84.


Package hyperref Warning: Token not allowed in a PDF string (Unicode):
(hyperref)                removing `\to' on input line 84.


Package hyperref Warning: Token not allowed in a PDF string (Unicode):
(hyperref)                removing `math shift' on input line 84.

[58]
Overfull \hbox (13.74835pt too wide) in paragraph at lines 115--116
\T1/cmr/m/n/10.95 This manuscript ex-plic-itly con-tains the fol-low-ing min-i-
mal the-o-rems to be plau-si-bly Clay-compatible: 
 []


LaTeX Warning: Reference `thm:existence' on page 59 undefined on input line 118
.


LaTeX Warning: Reference `thm:mass_gap' on page 59 undefined on input line 119.



LaTeX Warning: Reference `thm:continuum_limit' on page 59 undefined on input li
ne 120.


LaTeX Warning: Reference `sec:nontriviality' on page 59 undefined on input line
 121.


LaTeX Warning: Reference `thm:bridge_lemma' on page 59 undefined on input line 
122.

) [59]
Appendix B.
(app29_mathematical_prerequisites.tex [60

]) (app30_key_estimates.tex [61]) (app195_mathematical_architecture.tex [62]
Appendix C.
[63

]

LaTeX Warning: Reference `ch:fix17_stratified_hardy' on page 64 undefined on in
put line 44.


LaTeX Warning: Reference `ch:fix33_helffer_sjostrand' on page 64 undefined on i
nput line 50.

[64]

LaTeX Warning: Reference `ch:fix37_resurgence' on page 65 undefined on input li
ne 66.


LaTeX Warning: Reference `ch:fix37_resurgence' on page 65 undefined on input li
ne 73.

[65]

LaTeX Warning: Reference `ch:fix51_thooft_algebra' on page 66 undefined on inpu
t line 96.

) [66]
Appendix D.
(app31_verification_of_non-circularity.tex [67

] [68]) (app102_non_circular_proofs.tex [69]
LaTeX Font Info:    Trying to load font information for U+euf on input line 40.

(C:\Users\Lenovo\AppData\Local\Programs\MiKTeX\tex/latex/amsfonts\ueuf.fd
File: ueuf.fd 2013/01/14 v3.01 Euler Fraktur
) [70] [71] [72] [73] [74] [75] [76] [77]) (app115_technical_verifications.tex 
[78] [79] [80] [81] [82]) [83]
Appendix E.
(app35_introduction_alternative_mathematical_frameworks.tex) (app36_framework_1
_stochastic_geometric_analysis_of_cente.tex
Overfull \hbox (19.82516pt too wide) in paragraph at lines 21--24
[][]\T1/cmr/bx/n/10.95 Definition B.1 \T1/cmr/m/n/10.95 (Cen-ter Vor-tex Con-fi
g-u-ra-tion Space)\T1/cmr/bx/n/10.95 . []\T1/cmr/m/it/10.95 Let $\OMS/cmsy/m/n/
10.95 V[]$ \T1/cmr/m/it/10.95 de-note the space of closed codimension-
 []

[84

] [85]) (app37_framework_2_alternative_giles-teper_via_spectral_g.tex [86] [87]
[88]) (app39_framework_4_uniform_control_via_concentration_of_m.tex [89]) (app4
3_framework_1_quaternionic_spectral_flow_for_su2.tex [90] [91]) (app44_framewor
k_2_octonion-enhanced_curvature_for_su3.tex [92]) (app45_framework_3_holomorphi
c_anomaly_cancellation_for_v.tex [93]) (app52_rigorous_pde_and_functional_analy
sis_framework.tex [94]
Overfull \hbox (0.54834pt too wide) in paragraph at lines 36--39
[]\T1/cmr/m/n/10.95 The op-er-a-tor $\OML/cmm/m/it/10.95 H[]$ \T1/cmr/m/n/10.95
 is a second-order el-lip-tic op-er-a-tor on the com-pact man-i-fold $\OMS/cmsy
/m/n/10.95 M \OT1/cmr/m/n/10.95 = \OML/cmm/m/it/10.95 SU\OT1/cmr/m/n/10.95 (\OM
L/cmm/m/it/10.95 N\OT1/cmr/m/n/10.95 )[]$
 []

[95] [96] [97] [98] [99] [100] [101]) (app58_pde_and_geometric_analysis_perspec
tive.tex [102] [103] [104]) (app62_advanced_mathematical_framework_spectral_geo
metry_.tex
Overfull \hbox (6.56624pt too wide) in paragraph at lines 1--1
[]\T1/cmr/bx/n/14.4 Advanced Math-e-mat-i-cal Meth-ods: Spec-tral Ge-om-e-try o
f Gauge
 []

[105] [106] [107] [108]) (app65_functional_analytic_methods.tex [109] [110] [11
1] [112]) (app_hard_analysis_frameworks.tex [113]
Appendix F.
[114

] [115]) [116]
Appendix G.
(app34_novel_mathematical_framework_addressing_key_gaps.tex [117

] [118] [119] [120] [121] [122] [123] [124] [125] [126] [127] [128] [129

]) (app40_new_mathematics_complete_resolution_of_the_four_ga.tex
pdfTeX warning (ext4): destination with the same identifier (name{section.G.1})
 has been already used, duplicate ignored
<to be read again> 
                   \relax 
l.1 ...Complete Resolution of the Four Challenges}
                                                  

Package hyperref Warning: Difference (2) between bookmark levels is greater 
(hyperref)                than one, level fixed on input line 1.


pdfTeX warning (ext4): destination with the same identifier (name{subsection.G.
1.1}) has been already used, duplicate ignored
<to be read again> 
                   \relax 
l.10 ...Tension Positivity via Entropic Curvature}
                                                  

Package hyperref Warning: Difference (2) between bookmark levels is greater 
(hyperref)                than one, level fixed on input line 10.


pdfTeX warning (ext4): destination with the same identifier (name{theorem.G.1.1
}) has been already used, duplicate ignored
<to be read again> 
                   \relax 
l.13 F
      or a Riemannian manifold $(M, g)$ with Laplace-Beltrami operator $\Del...

pdfTeX warning (ext4): destination with the same identifier (name{theorem.G.1.2
}) has been already used, duplicate ignored
<to be read again> 
                   \relax 
l.22 T
      he compact Lie group $\SU(N)$ with bi-invariant metric satisfies:
pdfTeX warning (ext4): destination with the same identifier (name{theorem.G.1.3
}) has been already used, duplicate ignored
<to be read again> 
                   \relax 
l.43 F
      or $\SU(N)$ lattice Yang-Mills at any coupling $\beta > 0$:
pdfTeX warning (ext4): destination with the same identifier (name{subsection.G.
1.2}) has been already used, duplicate ignored
<to be read again> 
                   \relax 
l.68 ...s Giles-Teper Bound via Optimal Transport}
                                                  
pdfTeX warning (ext4): destination with the same identifier (name{theorem.G.1.4
}) has been already used, duplicate ignored
<to be read again> 
                   \relax 
l.72 F
      or $\SU(N)$ lattice Yang-Mills with string tension $\sigma > 0$: [130

]
pdfTeX warning (ext4): destination with the same identifier (name{subsection.G.
1.3}) has been already used, duplicate ignored
<to be read again> 
                   \relax 
l.116 ...plicit Constants via Heat Kernel Methods}
                                                  
pdfTeX warning (ext4): destination with the same identifier (name{theorem.G.1.5
}) has been already used, duplicate ignored
<to be read again> 
                   \relax 
l.120 F
       or $\SU(N)$ Yang-Mills in $d = 4$, the rigorous lower bound is:
pdfTeX warning (ext4): destination with the same identifier (name{subsection.G.
1.4}) has been already used, duplicate ignored
<to be read again> 
                   \relax 
l.145 ... Coupling via Bakry-Ã‰mery Interpolation}
                                                  
pdfTeX warning (ext4): destination with the same identifier (name{theorem.G.1.6
}) has been already used, duplicate ignored
<to be read again> 
                   \relax 
l.149 F
       or $\SU(N)$ Yang-Mills in $d = 4$ and all $\beta \in (0, \infty)$: [131]
) (app53_complete_rigorous_resolution_of_critical_gaps.tex [132] [133] [134] [1
35] [136] [137] [138] [139] [140] [141] [142] [143] [144]) (app59_complete_reso
lution_of_remaining_gaps_and_conjectu.tex [145] [146] [147] [148] [149] [150] [
151] [152] [153] [154] [155] [156] [157] [158]
Overfull \hbox (6.94875pt too wide) in paragraph at lines 1017--1019
[]\T1/cmr/bx/n/10.95 OS0 (An-a-lyt-ic-ity): \T1/cmr/m/n/10.95 The con-tin-uum c
or-re-la-tors are an-a-lytic in po-si-tions (for non-coincident
 []

[159]) (app68_gap_1_infinite-volume_string_tension_via_adjoint_f.tex [160]) (ap
p69_gap_2_continuum_limit_via_stochastic_geometric_flo.tex [161] [162] [163]) (
app70_gap_3_uniform_log-sobolev_inequality_via_hierarchi.tex
Overfull \hbox (18.44981pt too wide) in paragraph at lines 1--1
[]\T1/cmr/bx/n/14.4 Challenge 3: Uni-form Log-Sobolev In-equal-ity via RG-Impro
ved
 []

[164] [165]) (app71_gap_4_rigorous_giles-teper_bound_via_spectral_vari.tex [166
] [167] [168]) (app_final_bridge_rigorous.tex [169]

Package hyperref Warning: Token not allowed in a PDF string (Unicode):
(hyperref)                removing `math shift' on input line 40.


Package hyperref Warning: Token not allowed in a PDF string (Unicode):
(hyperref)                removing `superscript' on input line 40.


Package hyperref Warning: Token not allowed in a PDF string (Unicode):
(hyperref)                removing `math shift' on input line 40.


Overfull \hbox (1.83194pt too wide) in paragraph at lines 68--68
[]\T1/cmr/bx/n/12 Phase III: Strong Cou-pling and Mass Gap (Osterwalder-Seiler 
Regime) 
 []

[170] [171] [172]) (app73_summary_all_gaps_resolved.tex

LaTeX Warning: Reference `thm:hierarchical-confinement' on page 173 undefined o
n input line 18.

[173] [174

] [175]) (app120_critical_gap_closed.tex [176] [177]
Overfull \hbox (2.40346pt too wide) in paragraph at lines 190--191
[][]\T1/cmr/bx/n/10.95 Theorem R.12.5 \T1/cmr/m/n/10.95 (Bessel Func-tion Rep-r
e-sen-ta-tion)\T1/cmr/bx/n/10.95 . []\T1/cmr/m/it/10.95 For $\OML/cmm/m/it/10.9
5 SU\OT1/cmr/m/n/10.95 (\OML/cmm/m/it/10.95 N\OT1/cmr/m/n/10.95 )$\T1/cmr/m/it/
10.95 , the ra-tio $\OML/cmm/m/it/10.95 ^^U[]\OT1/cmr/m/n/10.95 (\OML/cmm/m/it/
10.95 ^^L\OT1/cmr/m/n/10.95 ) = \OML/cmm/m/it/10.95 r[]\OT1/cmr/m/n/10.95 (\OML
/cmm/m/it/10.95 ^^L\OT1/cmr/m/n/10.95 )\OML/cmm/m/it/10.95 =r[]\OT1/cmr/m/n/10.
95 (\OML/cmm/m/it/10.95 ^^L\OT1/cmr/m/n/10.95 )$
 []

[178] [179] [180] [181] [182]) (app137_unified_gap_resolution.tex [183] [184] [
185] [186] [187] [188] [189] [190] [191]) (app138_complete_gap_resolution_innov
ative.tex [192] [193] [194] [195] [196] [197] [198] [199] [200]) (app140_rigoro
us_gap_closure.tex
Overfull \hbox (13.63905pt too wide) in paragraph at lines 15--15
[]\T1/cmr/bx/n/14.4 Rigorous Res-o-lu-tion of Open Prob-lems: Math-e-mat-i-cal 
Proofs 
 []

[201] [202] [203] [204]
Overfull \hbox (4.80289pt too wide) in paragraph at lines 332--334
[]\T1/cmr/m/n/10.95 Each in-cre-ment $\OML/cmm/m/it/10.95 M[] \OMS/cmsy/m/n/10.
95 ^^@ \OML/cmm/m/it/10.95 M[]$ \T1/cmr/m/n/10.95 de-pends on the con-di-tional
 dis-tri-bu-tion of $\OML/cmm/m/it/10.95 U[]$ \T1/cmr/m/n/10.95 given $\OML/cmm
/m/it/10.95 U[]; [] ; U[]$\T1/cmr/m/n/10.95 . 
 []

[205] [206] [207]
Overfull \hbox (0.9028pt too wide) in paragraph at lines 578--580
[]\T1/cmr/m/it/10.95 The con-tin-uum the-ory ex-ists as a Wight-man quan-tum fi
eld the-ory sat-is-fy-ing all Osterwalder-
 []

[208]) (app141_critical_gaps_innovative_resolution.tex [209] [210

]

Package hyperref Warning: Difference (2) between bookmark levels is greater 
(hyperref)                than one, level fixed on input line 35.

[211

] [212] [213] [214] [215] [216

]

Package hyperref Warning: Difference (2) between bookmark levels is greater 
(hyperref)                than one, level fixed on input line 374.

[217

]
Overfull \hbox (6.70905pt too wide) in paragraph at lines 518--520
[][]\T1/cmr/bx/n/10.95 Definition R.23.1 \T1/cmr/m/n/10.95 (Gauge Reg-u-lar-ity
 Struc-ture)\T1/cmr/bx/n/10.95 . []\T1/cmr/m/it/10.95 A \T1/cmr/bx/it/10.95 gau
ge reg-u-lar-ity struc-ture $\U/rsfs/m/n/10.95 T \OT1/cmr/m/n/10.95 = (\OML/cmm
/m/it/10.95 T; G; A\OT1/cmr/m/n/10.95 )$
 []

[218] [219] [220] [221]) (app142_definitive_gap_closure.tex

LaTeX Warning: Reference `thm:uniform-cheeger' on page 222 undefined on input l
ine 41.


Overfull \hbox (49.20389pt too wide) in paragraph at lines 35--50
 [] 
 []

[222] [223] [224

]

Package hyperref Warning: Difference (2) between bookmark levels is greater 
(hyperref)                than one, level fixed on input line 77.

[225

] [226

]

Package hyperref Warning: Difference (2) between bookmark levels is greater 
(hyperref)                than one, level fixed on input line 100.

[227

] [228

]

Package hyperref Warning: Difference (2) between bookmark levels is greater 
(hyperref)                than one, level fixed on input line 111.

[229

] [230

]

Package hyperref Warning: Difference (2) between bookmark levels is greater 
(hyperref)                than one, level fixed on input line 122.

) (app143_definitive_proofs.tex
Overfull \hbox (12.40952pt too wide) in paragraph at lines 27--30
\T1/cmr/m/n/10.95 Wil-son loop $\OML/cmm/m/it/10.95 W\OT1/cmr/m/n/10.95 (\OML/c
mm/m/it/10.95 R; T\OT1/cmr/m/n/10.95 )$ \T1/cmr/m/n/10.95 is rep-re-sented via 
the trans-fer ma-trix $[]$ as $\OMS/cmsy/m/n/10.95 h\OML/cmm/m/it/10.95 W\OT1/c
mr/m/n/10.95 (\OML/cmm/m/it/10.95 R; T\OT1/cmr/m/n/10.95 )\OMS/cmsy/m/n/10.95 i
 \OT1/cmr/m/n/10.95 = \OMS/cmsy/m/n/10.95 h\OML/cmm/m/it/10.95 v[]\OMS/cmsy/m/n
/10.95 j[]j\OML/cmm/m/it/10.95 v[]\OMS/cmsy/m/n/10.95 i\OML/cmm/m/it/10.95 =\OM
S/cmsy/m/n/10.95 h\OT1/cmr/m/n/10.95 0\OMS/cmsy/m/n/10.95 j[]j\OT1/cmr/m/n/10.9
5 0\OMS/cmsy/m/n/10.95 i$\T1/cmr/m/n/10.95 ,
 []


Overfull \hbox (8.54013pt too wide) in paragraph at lines 41--50
[]\T1/cmr/bx/n/10.95 Step 2: Char-ac-ter Ex-pan-sion Prop-er-ties. \T1/cmr/m/n/
10.95 The Boltz-mann weight ex-pands as $\OML/cmm/m/it/10.95 e[] \OT1/cmr/m/n/1
0.95 =
 []

[231

] [232]

LaTeX Warning: Reference `thm:spectral-permanence' on page 233 undefined on inp
ut line 112.

) (app147_adjoint_qcd_proof.tex [233] [234] [235] [236]) [237]
Appendix H.
(app61_the_definitive_spectral_gap_argument.tex

LaTeX Warning: Reference `thm:uniform-cheeger' on page 238 undefined on input l
ine 41.

[238

] [239] [240]
Overfull \hbox (4.72603pt too wide) in paragraph at lines 270--273
[][]\T1/cmr/bx/n/10.95 Theorem R.1.5 \T1/cmr/m/n/10.95 (Yang-Mills Mass Gap---D
efini-tive State-ment)\T1/cmr/bx/n/10.95 . []\T1/cmr/m/it/10.95 Four-dimensiona
l $\OML/cmm/m/it/10.95 SU\OT1/cmr/m/n/10.95 (\OML/cmm/m/it/10.95 N\OT1/cmr/m/n/
10.95 )$ \T1/cmr/m/it/10.95 Yang-
 []

[241]) (app63_the_rigorous_poincar_inequality_on_gauge_orbits.tex [242] [243] [
244] [245]) (app74_spectral_permanence_rigorous_continuum_limit.tex [246]
Overfull \hbox (25.9492pt too wide) in paragraph at lines 70--74
\T1/cmr/m/it/10.95 where $\OML/cmm/m/it/10.95 ^^[[]$ \T1/cmr/m/it/10.95 is the 
lat-tice string ten-sion. Com-bined with the es-tab-lished re-sult that $\OML/c
mm/m/it/10.95 ^^[[] \OT1/cmr/m/n/10.95 := [][] \OML/cmm/m/it/10.95 a[]^^[[] >
 []

[247] [248]

LaTeX Warning: Reference `thm:spectral-permanence' on page 249 undefined on inp
ut line 215.


Overfull \hbox (4.32036pt too wide) in paragraph at lines 249--251
[]\T1/cmr/bx/n/10.95 Step 3: Area law from dis-or-der. \T1/cmr/m/n/10.95 For th
e-o-ries with un-bro-ken cen-ter sym-me-try, Tomboulis's
 []

[249]
Overfull \hbox (3.31647pt too wide) in paragraph at lines 273--274
[][]\T1/cmr/bx/n/10.95 Proposition R.3.7 \T1/cmr/m/n/10.95 (Self---Con-sis-tenc
y of the Proof)\T1/cmr/bx/n/10.95 . []\T1/cmr/m/it/10.95 The fol-low-ing log-i-
cal chain is \T1/cmr/bx/it/10.95 non-circular\T1/cmr/m/it/10.95 : 
 []


LaTeX Warning: Reference `thm:spectral-permanence' on page 250 undefined on inp
ut line 314.

[250] [251]
Overfull \hbox (48.08292pt too wide) in paragraph at lines 494--496
\T1/cmr/bx/it/10.95 quan-tum field the-ory \T1/cmr/m/it/10.95 for gauge group $
\OML/cmm/m/it/10.95 G$ \T1/cmr/m/it/10.95 in $\OML/cmm/m/it/10.95 d$ \T1/cmr/m/
it/10.95 space-time di-men-sions is a sex-tu-ple $\OT1/cmr/m/n/10.95 (\OMS/cmsy
/m/n/10.95 H\OML/cmm/m/it/10.95 ; U; \OT1/cmr/m/n/10.95 
\OML/cmm/m/it/10.95 ; \OMS/cmsy/m/n/10.95 f\OML/cmm/m/it/10.95 A[]\OMS/cmsy/m/n
/10.95 g\OML/cmm/m/it/10.95 ; \OMS/cmsy/m/n/10.95 f\OML/cmm/m/it/10.95 F[]\OMS/
cmsy/m/n/10.95 g\OML/cmm/m/it/10.95 ; \OT1/cmr/m/n/10.95 ^^A)$
 []

[252]

LaTeX Warning: Reference `thm:spectral-permanence' on page 253 undefined on inp
ut line 574.

[253]
Overfull \hbox (2.42006pt too wide) in paragraph at lines 600--603
\T1/cmr/m/it/10.95 rem [][]R.3.15[][] is unique up to uni-tary equiv-a-lence: a
ny two con-struc-tions sat-is-fy-ing Def-i-ni-tion [][]R.3.14[][]
 []

[254] [255]) (app117_transfer_matrix_spectral.tex [256] [257] [258] [259] [260]
) (app158_geometric_spectral_gap.tex [261] [262] [263]) (app177_final_geometric
_spectral.tex
Overfull \hbox (20.01596pt too wide) in paragraph at lines 43--48
[]\T1/cmr/m/n/10.95 The to-tal space $\OMS/cmsy/m/n/10.95 A[]$ \T1/cmr/m/n/10.9
5 is flat. The cur-va-ture comes en-tirely from the O'Neill term $[]\OMS/cmsy/m
/n/10.95 jj\OT1/cmr/m/n/10.95 [\OML/cmm/m/it/10.95 X[]; Y[]\OT1/cmr/m/n/10.95 ]
[]\OMS/cmsy/m/n/10.95 jj[]$\T1/cmr/m/n/10.95 .
 []

[264] [265]) [266]
Appendix I.
(app121_uniform_lsi_rigorous.tex
Overfull \hbox (1.8346pt too wide) in paragraph at lines 55--57
[][]\T1/cmr/bx/n/10.95 Definition R.1.4 \T1/cmr/m/n/10.95 (Hi-er-ar-chi-cal De-
com-po-si-tion)\T1/cmr/bx/n/10.95 . []\T1/cmr/m/it/10.95 For scale $\OML/cmm/m/
it/10.95 k \OT1/cmr/m/n/10.95 = 0\OML/cmm/m/it/10.95 ; \OT1/cmr/m/n/10.95 1\OML
/cmm/m/it/10.95 ; \OT1/cmr/m/n/10.95 2\OML/cmm/m/it/10.95 ; [] ; K$ \T1/cmr/m/i
t/10.95 where $\OML/cmm/m/it/10.95 K \OT1/cmr/m/n/10.95 = [][](\OML/cmm/m/it/10
.95 L\OT1/cmr/m/n/10.95 )$\T1/cmr/m/it/10.95 : 
 []

[267

]
Overfull \hbox (11.7852pt too wide) in paragraph at lines 120--124
\T1/cmr/m/n/10.95 Let $\OML/cmm/m/it/10.95 A \OT1/cmr/m/n/10.95 = [] 2\OML/cmm/
m/it/10.95 f\OMS/cmsy/m/n/10.95 r[]\OML/cmm/m/it/10.95 f d^^V[]$ \T1/cmr/m/n/10
.95 and $\OML/cmm/m/it/10.95 B \OT1/cmr/m/n/10.95 = \OMS/cmsy/m/n/10.95 ^^@[][]
\OT1/cmr/m/n/10.95 (\OML/cmm/m/it/10.95 f[]; \OMS/cmsy/m/n/10.95 r[]\OML/cmm/m/
it/10.95 H\OT1/cmr/m/n/10.95 )$\T1/cmr/m/n/10.95 . By Cauchy-Schwarz, $\OML/cmm
/m/it/10.95 A[] \OMS/cmsy/m/n/10.95 ^^T \OT1/cmr/m/n/10.95 4([] \OML/cmm/m/it/1
0.95 f[]\OT1/cmr/m/n/10.95 )([] \OMS/cmsy/m/n/10.95 jr[]\OML/cmm/m/it/10.95 f\O
MS/cmsy/m/n/10.95 j[]\OT1/cmr/m/n/10.95 ) =
 []

[268] [269]
Overfull \hbox (10.73706pt too wide) in paragraph at lines 197--200
\T1/cmr/m/it/10.95 where $\OML/cmm/m/it/10.95 W[]$ \T1/cmr/m/it/10.95 is the Wa
sserstein-1 dis-tance. The Do-brushin co-ef-fi-cient is de-fined as $\OML/cmm/m
/it/10.95  \OT1/cmr/m/n/10.95 = [][] [][] \OML/cmm/m/it/10.95 c[]$\T1/cmr/m/it
/10.95 .
 []

[270]

! LaTeX Error: \begin{document} ended by \end{lemma}.

See the LaTeX manual or LaTeX Companion for explanation.
Type  H <return>  for immediate help.
 ...                                              
                                                  
l.260 \end{lemma}
                 
Your command was ignored.
Type  I <command> <return>  to replace it with another command,
or  <return>  to continue without it.

! Extra \endgroup.
\end  ...end#1\endcsname \@checkend {#1}\endgroup 
                                                  \UseHook {env/#1/after}\if...
l.260 \end{lemma}
                 
Things are pretty mixed up, but I think the worst is over.

[271] [272] [273] [274]) (app209_rigorous_tensorization.tex [275] [276]

Package hyperref Warning: Token not allowed in a PDF string (Unicode):
(hyperref)                removing `math shift' on input line 81.


Package hyperref Warning: Token not allowed in a PDF string (Unicode):
(hyperref)                removing `\@ifnextchar' on input line 81.


Package hyperref Warning: Token not allowed in a PDF string (Unicode):
(hyperref)                removing `math shift' on input line 81.

[277] [278]) (app242_conditional_tensorization_resolution.tex
Overfull \hbox (2.68034pt too wide) in paragraph at lines 1--1
[]\T1/cmr/bx/n/14.4 Rigorous Res-o-lu-tion of the Con-di-tional Ten-soriza-tion
 Bound-
 []

[279] [280] [281] [282] [283]) (app245_explicit_lsi_constants.tex [284]
Appendix J.

Package hyperref Warning: Token not allowed in a PDF string (Unicode):
(hyperref)                removing `math shift' on input line 31.


Package hyperref Warning: Token not allowed in a PDF string (Unicode):
(hyperref)                removing `subscript' on input line 31.


Package hyperref Warning: Token not allowed in a PDF string (Unicode):
(hyperref)                removing `math shift' on input line 31.


Package hyperref Warning: Token not allowed in a PDF string (Unicode):
(hyperref)                removing `math shift' on input line 39.


Package hyperref Warning: Token not allowed in a PDF string (Unicode):
(hyperref)                removing `\ell' on input line 39.


Package hyperref Warning: Token not allowed in a PDF string (Unicode):
(hyperref)                removing `math shift' on input line 39.

[285

] [286]) [287]
Appendix K.
(app107_continuum_limit.tex [288

] [289] [290] [291] [292] [293] [294]) (app114_roadmap_continuum_limit.tex [295
] [296]
Overfull \hbox (5.19499pt too wide) in paragraph at lines 151--155
[][]\T1/cmr/bx/n/10.95 Definition R.2.9 \T1/cmr/m/n/10.95 (Mosco Con-ver-gence)
\T1/cmr/bx/n/10.95 . []\T1/cmr/m/it/10.95 A se-quence of Dirich-let forms $\OT1
/cmr/m/n/10.95 (\OMS/cmsy/m/n/10.95 E[]\OML/cmm/m/it/10.95 ; D\OT1/cmr/m/n/10.9
5 (\OMS/cmsy/m/n/10.95 E[]\OT1/cmr/m/n/10.95 ))$ \T1/cmr/m/it/10.95 on $\OML/cm
m/m/it/10.95 L[]\OT1/cmr/m/n/10.95 (\OMS/cmsy/m/n/10.95 M\OML/cmm/m/it/10.95 ; 
^^V[]\OT1/cmr/m/n/10.95 )$
 []

[297] [298]

LaTeX Warning: Reference `thm:spectral-mosco' on page 299 undefined on input li
ne 347.

[299] [300]

LaTeX Warning: Reference `thm:spectral-mosco' on page 301 undefined on input li
ne 471.

) (app123_continuum_limit_mosco.tex [301]
Overfull \hbox (35.68854pt too wide) in paragraph at lines 82--85
\OML/cmm/m/it/10.95 F \OMS/cmsy/m/n/10.95 2 C$\T1/cmr/m/n/10.95 , we con-struct
 a re-cov-ery se-quence $\OML/cmm/m/it/10.95 F[] \OMS/cmsy/m/n/10.95 2 H[]$ \T1
/cmr/m/n/10.95 ex-plic-itly. De-fine $\OML/cmm/m/it/10.95 F[]\OT1/cmr/m/n/10.95
 (\OML/cmm/m/it/10.95 U\OT1/cmr/m/n/10.95 ) = \OML/cmm/m/it/10.95  \OT1/cmr/m/n
/10.95 ([][](\OML/cmm/m/it/10.95 U\OT1/cmr/m/n/10.95 )\OML/cmm/m/it/10.95 ; [] 
; [][]\OT1/cmr/m/n/10.95 (\OML/cmm/m/it/10.95 U\OT1/cmr/m/n/10.95 ))$\T1/cmr/m/
n/10.95 ,
 []

[302] [303]

LaTeX Warning: Reference `thm:spectral-permanence' on page 304 undefined on inp
ut line 196.

[304]) (app130_continuum_scaling_resolution.tex [305] [306] [307] [308] [309]) 
(app133_rigorous_continuum_error.tex [310] [311] [312] [313] [314] [315]) (app1
34_rigorous_continuum_error_bounds.tex

Package hyperref Warning: Token not allowed in a PDF string (Unicode):
(hyperref)                removing `math shift' on input line 47.


Package hyperref Warning: Token not allowed in a PDF string (Unicode):
(hyperref)                removing `math shift' on input line 47.

[316]) [317]
Appendix L.
(app122_giles_teper_rigorous.tex [318

] [319] [320]) (app130_giles_teper_refined.tex
Overfull \hbox (28.2912pt too wide) in paragraph at lines 1--1
[]\T1/cmr/bx/n/14.4 Supplementary Note on Uni-ver-sal Scal-ing and Rig-or-ous C
asimirs 
 []

) (app132_rigorous_giles_teper_constant.tex [321] [322] [323] [324] [325]
Overfull \hbox (1.76514pt too wide) in paragraph at lines 341--344
[]\T1/cmr/bx/n/10.95 Step 1: Pos-i-tive string ten-sion. \T1/cmr/m/n/10.95 By t
he GKS in-equal-i-ties (The-o-rem [][]R.7.2[][]) and Tomboulis-
 []

[326]) [327]
Appendix M.
(app33_rigorous_non-perturbative_scale_setting.tex [328

] [329] [330] [331]
Overfull \hbox (12.1838pt too wide) in paragraph at lines 280--281
[][]\T1/cmr/bx/n/10.95 Open Prob-lem R.1.11 \T1/cmr/m/n/10.95 (Higher Di-men-si
ons)\T1/cmr/bx/n/10.95 . []\T1/cmr/m/it/10.95 For $\OML/cmm/m/it/10.95 d > \OT1
/cmr/m/n/10.95 4$\T1/cmr/m/it/10.95 , Yang-Mills the-ory is non-renormalizable.

 []

[332]) (app66_renormalization_group_analysis.tex [333] [334] [335]) (app75_the_
intrinsic_scale_framework_bridging_lattice_to_.tex [336] [337] [338]
Overfull \hbox (2.13307pt too wide) in paragraph at lines 237--239
[][]\T1/cmr/bx/n/10.95 Theorem R.3.11 \T1/cmr/m/n/10.95 (Spec-tral Ra-tio Con-v
er-gence)\T1/cmr/bx/n/10.95 . []\T1/cmr/m/it/10.95 De-fine the spec-tral ra-tio
 $\OML/cmm/m/it/10.95 R\OT1/cmr/m/n/10.95 (\OML/cmm/m/it/10.95 ^^L\OT1/cmr/m/n/
10.95 ) := ^^A(\OML/cmm/m/it/10.95 ^^L\OT1/cmr/m/n/10.95 )\OML/cmm/m/it/10.95 =
[]$\T1/cmr/m/it/10.95 .
 []

[339] [340] [341] [342]) (app77_rigorous_balaban_bounds_and_continuum_limit.tex
[343] [344] [345]
Overfull \hbox (4.25919pt too wide) in paragraph at lines 248--249
[]\T1/cmr/m/n/10.95 Establishing $\OML/cmm/m/it/10.95 ^^[\OT1/cmr/m/n/10.95 (\O
ML/cmm/m/it/10.95 ^^L\OT1/cmr/m/n/10.95 ) \OML/cmm/m/it/10.95 > \OT1/cmr/m/n/10
.95 0$ \T1/cmr/m/n/10.95 for all $\OML/cmm/m/it/10.95 ^^L$ \T1/cmr/m/n/10.95 fr
om RP mono-tonic-ity (The-o-rem [][]R.13.3[][] in Ap-pendix [][]R.28[][])---
 []

) [346]
Appendix N.
(app49_the_intermediate_coupling_regime.tex [347

] [348]) (app93_intermediate_coupling_complete_proofs.tex
Overfull \hbox (15.50941pt too wide) in paragraph at lines 19--23
\T1/cmr/m/it/10.95 where $\OML/cmm/m/it/10.95 ^^Z[] \OT1/cmr/m/n/10.95 = (\OML/
cmm/m/it/10.95 N[] \OMS/cmsy/m/n/10.95 ^^@ \OT1/cmr/m/n/10.95 1)\OML/cmm/m/it/1
0.95 =\OT1/cmr/m/n/10.95 (2\OML/cmm/m/it/10.95 N[]\OT1/cmr/m/n/10.95 )$ \T1/cmr
/m/it/10.95 (see Re-mark [][]R.2.3[][] for the pre-cise def-i-ni-tion) and $\OM
S/cmsy/m/n/10.95 jr\OML/cmm/m/it/10.95 f\OMS/cmsy/m/n/10.95 j[] \OT1/cmr/m/n/10
.95 = [][] \OMS/cmsy/m/n/10.95 j\OML/cmm/m/it/10.95 T[]f\OMS/cmsy/m/n/10.95 j[]
$
 []

[349] [350] [351] [352] [353] [354] [355] [356] [357]) (app108_intermediate_rig
orous.tex [358] [359] [360] [361] [362]) (app162_intermediate_coupling_details.
tex [363] [364] [365] [366] [367]) [368]
Appendix O.
(app78_adjoint_interpolation_lee-yang_and_center_symmetry.tex [369

] [370]
Overfull \hbox (3.54121pt too wide) in paragraph at lines 128--131
[]\T1/cmr/m/n/10.95 By The-o-rem [][]R.1.1[][], the free en-ergy $\OML/cmm/m/it
/10.95 f\OT1/cmr/m/n/10.95 (\OML/cmm/m/it/10.95 m\OT1/cmr/m/n/10.95 )$ \T1/cmr/
m/n/10.95 is an-a-lytic for $[]\OT1/cmr/m/n/10.95 (\OML/cmm/m/it/10.95 m\OT1/cm
r/m/n/10.95 ) \OML/cmm/m/it/10.95 > \OT1/cmr/m/n/10.95 0$\T1/cmr/m/n/10.95 . Si
nce $\OT1/cmr/m/n/10.95 ^^A = \OMS/cmsy/m/n/10.95 ^^@[] []h\OML/cmm/m/it/10.95 
T[]\OMS/cmsy/m/n/10.95 ij[]$\T1/cmr/m/n/10.95 ,
 []

[371]) (app90_roadmap3_adjoint_fermion_interpolation.tex [372] [373] [374] [375
]) (app99_roadmap2_adjoint_complete.tex [376] [377] [378] [379] [380]
Overfull \hbox (10.1364pt too wide) in paragraph at lines 369--371
[]\T1/cmr/m/n/10.95 Degeneracy would re-quire a phase tran-si-tion, which is fo
r-bid-den by Lee-Yang (The-o-rem [][]R.37.3[][]). 
 []

[381]) (app112_roadmap_adjoint_interpolation.tex
Overfull \hbox (8.8989pt too wide) in paragraph at lines 33--34
[][]\T1/cmr/m/it/10.95 Embed pure Yang-Mills into a fam-ily parametrized
 []

[382] [383] [384] [385] [386] [387] [388]) [389]
Appendix P.
(app67_stochastic_and_probabilistic_methods.tex [390

] [391] [392] [393] [394

]

LaTeX Warning: Reference `sec:challenge5-rg-bridge' on page 395 undefined on in
put line 305.

) (app186_talagrand_inequality.tex [395

]
Appendix Q.
[396

]) (app190_dobrushin_uniqueness.tex [397]
Appendix R.
[398

]) (app106_block_dobrushin_rigorous.tex [399] [400] [401] [402] [403] [404]) [4
05]
Appendix S.
(app60_novel_approach_topological_obstruction_to_massless.tex [406

] [407] [408] [409]) (app79_geometric_and_topological_verification.tex [410] [4
11]) (app159_topological_protection.tex [412]) (app189_ollivier_ricci.tex [413]
Appendix T.
[414

]) (app193_block_spin_rp.tex [415]
Appendix U.
[416

]) [417]
Appendix V.
(app95_sym_mass_gap_complete.tex [418

] [419] [420]
Overfull \hbox (28.4821pt too wide) in paragraph at lines 223--225
\T1/cmr/m/n/10.95 This re-sult is rig-or-ous and anal-o-gous to the pure Yang-M
ills case (see \T1/cmtt/m/n/10.95 STRONG_COUPLING_DETAILS.tex\T1/cmr/m/n/10.95 
). 
 []

[421]) (app149_roadmap_sym_gap.tex [422]) (app150_sym_gap_proof.tex [423] [424]
) (app155_gap1_lattice_susy.tex [425]) (app250_smoothness_and_susy_gap.tex [426
]
Appendix W.
[427

] [428]
Overfull \hbox (2.378pt too wide) in paragraph at lines 102--103
[]\T1/cmr/bx/n/10.95 Susy Gap: \T1/cmr/m/n/10.95 Uti-liz-ing the Wit-ten In-dex
 con-straints com-bined with con-fine-ment and smooth-
 []

) [429]
Appendix X.
(app157_gap3_balaban_fermions.tex [430

]) (app240_rigorous_fermion_locality_proof.tex
Overfull \hbox (21.41928pt too wide) in paragraph at lines 1--1
[]\T1/cmr/bx/n/14.4 Rigorous Con-trol of Ad-joint Fermion De-ter-mi-nant Non-Lo
cality 
 []

[431] [432] [433]
Overfull \hbox (2.52837pt too wide) in paragraph at lines 194--196
[][]\T1/cmr/bx/n/10.95 Theorem R.2.6 \T1/cmr/m/n/10.95 (Quasi-Lo-cal Pirogov--S
i-nai Anal-y-sis)\T1/cmr/bx/n/10.95 . []\T1/cmr/m/it/10.95 For ad-joint fermion
 mass $\OML/cmm/m/it/10.95 M > M[]\OT1/cmr/m/n/10.95 (\OML/cmm/m/it/10.95 ^^L; 
g\OT1/cmr/m/n/10.95 )$\T1/cmr/m/it/10.95 ,
 []

[434]) (app241_nonlocality_resolution_summary.tex [435] [436] [437]) [438]
Appendix Y.
(app54_explicit_numerical_bounds_and_physical_predictions.tex
Overfull \hbox (14.9911pt too wide) in paragraph at lines 25--36
 [] 
 []

) (app81_explicit_constant_computations.tex [439

] [440] [441] [442] [443] [444] [445]
Overfull \hbox (44.71785pt too wide) in paragraph at lines 519--521
[]\T1/cmr/bx/it/10.95 Conclusion: \T1/cmr/m/it/10.95 The naive Ze-gar-lin-ski a
p-proach gives a very small va-lid-ity range. The hierarchical/multi-
 []

[446] [447] [448] [449]) (app96_explicit_constants_complete.tex [450]
Overfull \hbox (4.38147pt too wide) in paragraph at lines 126--129
[]\T1/cmr/m/n/10.95 With the stan-dard nor-mal-iza-tion where the bi-invariant 
met-ric sat-is-fies $\OMS/cmsy/m/n/10.95 h\OML/cmm/m/it/10.95 X; Y\OMS/cmsy/m/n
/10.95 i \OT1/cmr/m/n/10.95 = \OMS/cmsy/m/n/10.95 ^^@[][]\OT1/cmr/m/n/10.95 (\O
ML/cmm/m/it/10.95 XY\OT1/cmr/m/n/10.95 )$
 []

[451] [452] [453] [454]) (app118_explicit_constants.tex [455] [456] [457] [458]
[459]) (app246_numerical_critical_mass.tex [460]
Appendix Z.
[461

]

Package hyperref Warning: Token not allowed in a PDF string (Unicode):
(hyperref)                removing `math shift' on input line 46.


Package hyperref Warning: Token not allowed in a PDF string (Unicode):
(hyperref)                removing `subscript' on input line 46.


Package hyperref Warning: Token not allowed in a PDF string (Unicode):
(hyperref)                removing `math shift' on input line 46.

) [462]
Appendix AA.
(app55_hard_analysis_derivations.tex [463

] [464] [465] [466] [467]
Overfull \hbox (2.56238pt too wide) in paragraph at lines 264--265
 []\T1/cmr/bx/n/10.95 Step 2: Prob-a-bilis-tic Hölder Bounds[] \T1/cmr/m/n/10.9
5 Us-ing \T1/cmr/bx/n/10.95 Bal-a-ban's Renor-mal-iza-tion Group \T1/cmr/m/n/10
.95 bounds
 []

[468]
Overfull \hbox (17.6972pt too wide) in paragraph at lines 309--310
[]\T1/cmr/bx/n/10.95 Result: \T1/cmr/m/n/10.95 By the sta-bil-ity of dis-crete 
spec-tra un-der norm-resolvent con-ver-gence, $[][] \OT1/cmr/m/n/10.95 ^^A(\OML
/cmm/m/it/10.95 M\OT1/cmr/m/n/10.95 ) =
 []

[469] [470]) (app166_hard_analysis.tex [471] [472] [473] [474]) (app167_final_h
ard_analysis.tex [475] [476] [477] [478] [479] [480] [481] [482] [483] [484] [4
85]) (app174_hard_analysis_derivations.tex [486] [487] [488]) (app176_final_har
d_analysis.tex [489] [490]) (app208_hard_analysis_complete.tex [491] [492] [493
] [494] [495]) [496]
Appendix AB.
(app168_blocking_lemmas.tex [497

] [498]) (app194_admissibility_condition.tex [499]
Appendix AC.
[500

]) [501]
Appendix AD.
(app210_wilson_derivatives.tex

Package hyperref Warning: Token not allowed in a PDF string (Unicode):
(hyperref)                removing `math shift' on input line 6.


Package hyperref Warning: Token not allowed in a PDF string (Unicode):
(hyperref)                removing `math shift' on input line 6.

[502

] [503] [504]) (app207_fix34_brst.tex [505] [506]

LaTeX Warning: Reference `ch:fix17_stratified_hardy' on page 507 undefined on i
nput line 134.

) (app192_mandelstam_constraints.tex [507]
Appendix AE.

Package hyperref Warning: Token not allowed in a PDF string (Unicode):
(hyperref)                removing `math shift' on input line 23.


Package hyperref Warning: Token not allowed in a PDF string (Unicode):
(hyperref)                removing `math shift' on input line 23.

[508

]) (app191_thooft_algebra.tex [509]
Appendix AF.
[510

]) [511]
Appendix AG.
(app178_constructive_qft.tex [512

] [513] [514]) (app182_symanzik_rotation_restoration.tex [515]
Appendix AH.
[516

] [517]
Overfull \hbox (19.47939pt too wide) in paragraph at lines 81--82
\T1/cmr/m/n/10.95 The rig-or-ous ap-pli-ca-tion of the Symanzik im-prove-ment p
ro-gram, com-bined with the non-perturbative
 []

) (app183_lattice_index_theorem.tex [518]
Appendix AI.
[519

]) (app119_os_axioms_verification.tex [520] [521] [522]) [523]
Appendix AJ.
(app163_vacuum_uniqueness.tex

LaTeX Warning: Reference `sec:continuum-limit' on page 524 undefined on input l
ine 15.

) (app184_vacuum_uniqueness.tex [524

]
Appendix AK.
[525

]) (app160_coulomb_exclusion.tex) [526]
Appendix AL.
(app56_novel_mathematical_tools.tex
Overfull \hbox (5.05931pt too wide) in paragraph at lines 73--74
[][]\T1/cmr/bx/n/10.95 Theorem R.1.5 \T1/cmr/m/n/10.95 (Yang-Mills Mosco Con-ve
r-gence)\T1/cmr/bx/n/10.95 . []\T1/cmr/m/it/10.95 The lat-tice Dirich-let forms
 $\OMS/cmsy/m/n/10.95 E[]$ \T1/cmr/m/it/10.95 Mosco-converge
 []

[527

]) (app185_stratified_hardy.tex [528]
Appendix AM.
[529

] [530]
Overfull \hbox (8.8079pt too wide) in paragraph at lines 68--70
\T1/cmr/m/it/10.95 where $\OML/cmm/m/it/10.95 H\OT1/cmr/m/n/10.95 (\OML/cmm/m/i
t/10.95 A\OT1/cmr/m/n/10.95 )$ \T1/cmr/m/it/10.95 is the hori-zon func-tion and
 $\OML/cmm/m/it/10.95 ^^M$ \T1/cmr/m/it/10.95 is the Gri-bov mass pa-ram-e-ter 
de-ter-mined self-consistently
 []

) (app187_helffer_sjostrand.tex [531]
Appendix AN.
[532

]) (app188_resurgence_cancellation.tex [533]
Appendix AO.
[534

]) (app203_fix36_lieb_thirring.tex [535]
Appendix AP.
) (app206_fix6_battle_federbush.tex [536

] [537]) [538]
Appendix AQ.
(app244_variance_transport_proof.tex [539

] [540]) [541]
Appendix AR.
(app85_proof_roadmap_and_verification_checklist.tex [542

] [543]
Overfull \hbox (4.91823pt too wide) in paragraph at lines 144--147
[]\T1/cmr/bx/n/10.95 Weak Cou-pling Con-trol \T1/cmr/m/n/10.95 ($\OML/cmm/m/it/
10.95 ^^L > ^^L[]$\T1/cmr/m/n/10.95 ): Use Gaus-sian dom-i-nance and RG es-ti-m
ates (Balaban-
 []

[544]
Overfull \hbox (4.85387pt too wide) in paragraph at lines 222--223
[]|\T1/cmtt/m/n/10.95 UNIFIED_GAP_RESOLUTION.tex| 
 []

[545]) (app88_roadmap1_intermediate_coupling_control.tex [546]) (app89_roadmap2
_continuum_limit_sgf_mosco.tex [547] [548]
Overfull \hbox (15.54756pt too wide) in paragraph at lines 195--197
[][]\T1/cmr/bx/n/10.95 Theorem R.3.7 \T1/cmr/m/n/10.95 (Spec-tral Con-ver-gence
 from Mosco Con-ver-gence)\T1/cmr/bx/n/10.95 . []\T1/cmr/m/it/10.95 If $\OT1/cm
r/m/n/10.95 (\OMS/cmsy/m/n/10.95 E[]\OML/cmm/m/it/10.95 ; \OMS/cmsy/m/n/10.95 D
[]\OT1/cmr/m/n/10.95 ) [] (\OMS/cmsy/m/n/10.95 E[]\OML/cmm/m/it/10.95 ; \OMS/cm
sy/m/n/10.95 D[]\OT1/cmr/m/n/10.95 )$\T1/cmr/m/it/10.95 ,
 []

[549] [550]

LaTeX Warning: Reference `thm:spectral-mosco' on page 551 undefined on input li
ne 366.

[551]) (app91_roadmap4_quantitative_verification.tex) (app98_roadmap1_zegarlins
ki_complete.tex [552] [553] [554] [555] [556] [557] [558]) (app100_roadmap3_geo
metric_complete.tex [559] [560] [561] [562] [563] [564]) (app111_roadmap_hierar
chical_zegarlinski.tex [565] [566] [567] [568] [569] [570] [571]) (app113_roadm
ap_geometric_spectral.tex [572] [573] [574] [575] [576] [577]) (app125_roadmap3
_enhanced.tex [578] [579] [580] [581] [582]) (app126_roadmap2_enhanced.tex [583
] [584] [585] [586] [587]) (app127_roadmap1_enhanced.tex [588] [589] [590] [591
] [592]) (app128_roadmap4_enhanced.tex [593] [594] [595] [596]) (app152_roadmap
_unconditional_proof.tex [597] [598]) [599]
Appendix AS.
(app41_synthesis_framework_for_condition_p.tex [600

]) (app42_statement_of_main_result.tex
Overfull \hbox (14.95522pt too wide) in paragraph at lines 10--11
[][]\T1/cmr/bx/n/10.95 Theorem R.2.1 \T1/cmr/m/n/10.95 (Finite-Vol-ume and Stro
ng--Cou-pling Mass Gap---Rig-or-ous)\T1/cmr/bx/n/10.95 . []\T1/cmr/m/it/10.95 F
or four-dimensional
 []

[601] [602]) (app50_summary_resolution_of_the_mass_gap.tex

LaTeX Warning: Reference `thm:uniform-cheeger' on page 603 undefined on input l
ine 13.

[603] [604] [605]) (app51_complete_synthesis_proof_of_mass_gap_for_su2_and_s.te
x [606]) (app57_divide_and_conquer_complete_proof_structure.tex [607] [608] [60
9]) (app64_synthesis_the_complete_argument.tex [610] [611]) (app80_summary_the_
yang-mills_mass_gap_proof.tex [612] [613]
Overfull \hbox (0.73996pt too wide) in paragraph at lines 154--156
[]\T1/cmr/m/n/10.95 The lim-it-ing the-ory sat-is-fies the Osterwalder-Schrader
 ax-ioms, which im-plies the Wight-
 []


Package pgf Warning: Returning node center instead of a point on node border. D
id you specify a point identical to the center of node ``gt''? on input line 19
2.


Package pgf Warning: Returning node center instead of a point on node border. D
id you specify a point identical to the center of node ``sigma''? on input line
 192.

[614] [615] [616]) (app82_framework_for_the_yang-mills_mass_gap.tex [617] [618]
[619] [620] [621] [622] [623] [624] [625] [626] [627]
Overfull \hbox (12.33401pt too wide) in paragraph at lines 810--812
[]\T1/cmr/m/n/10.95 None of these steps re-quire per-tur-ba-tion the-ory or gau
ge fix-ing. The proof is \T1/cmr/bx/n/10.95 non-perturbative
 []

[628] [629]
Overfull \hbox (34.16861pt too wide) in paragraph at lines 1008--1011
[]\T1/cmr/bx/n/10.95 Conclusion: \T1/cmr/m/n/10.95 The Boot-strap method re-sol
ves weak cou-pling \T1/cmr/bx/n/10.95 rig-or-ously and non-perturbatively\T1/cm
r/m/n/10.95 .
 []

[630] [631]
Overfull \hbox (23.4728pt too wide) in paragraph at lines 1104--1106
[][]\T1/cmr/bx/n/10.95 Theorem R.8.26 \T1/cmr/m/n/10.95 (OS Ax-ioms --- De-tail
ed Ver-i-fi-ca-tion)\T1/cmr/bx/n/10.95 . []\T1/cmr/m/it/10.95 Lat-tice Yang-Mil
ls sat-is-fies the Osterwalder-
 []

[632]
Overfull \hbox (18.20383pt too wide) in paragraph at lines 1200--1202
[][]\T1/cmr/bx/n/10.95 Theorem R.8.28 \T1/cmr/m/n/10.95 (Tight-ness and Limit E
x-is-tence)\T1/cmr/bx/n/10.95 . []\T1/cmr/m/it/10.95 The se-quence of lat-tice 
mea-sures $\OMS/cmsy/m/n/10.95 f\OML/cmm/m/it/10.95 ^^V[]\OMS/cmsy/m/n/10.95 g[
]$
 []

[633] [634] [635] [636] [637] [638] [639]) (app83_framework_for_closing_the_uni
form-in-l_gap.tex [640] [641] [642] [643]
Overfull \hbox (12.90425pt too wide) in paragraph at lines 307--310
[]\T1/cmr/m/n/10.95 The de-pen-dence of $\OML/cmm/m/it/10.95 ^^V[]$ \T1/cmr/m/n
/10.95 on $\OML/cmm/m/it/10.95 ^^[$ \T1/cmr/m/n/10.95 con-tributes an ad-di-tio
nal term when es-ti-mat-ing $\OMS/cmsy/m/n/10.95 r[]\U/msb/m/n/10.95 E[]\OT1/cm
r/m/n/10.95 [\OML/cmm/m/it/10.95 f[]\OT1/cmr/m/n/10.95 ]$\T1/cmr/m/n/10.95 .
 []

[644] [645]) (app86_complete_framework_for_the_yang-mills_mass_gap.tex
Overfull \hbox (7.66054pt too wide) in paragraph at lines 13--18
\T1/cmr/m/it/10.95 space of four-dimensional $\OML/cmm/m/it/10.95 SU\OT1/cmr/m/
n/10.95 (\OML/cmm/m/it/10.95 N\OT1/cmr/m/n/10.95 )$ \T1/cmr/m/it/10.95 Yang-Mil
ls quan-tum field the-ory con-structed via the Osterwalder-
 []

[646] [647] [648] [649] [650] [651] [652] [653] [654] [655] [656]
Overfull \vbox (149.0782pt too high) has occurred while \output is active []

[657]) (app92_synthesis_complete_proof.tex
Underfull \hbox (badness 10000) in paragraph at lines 70--70
[]|\T1/cmr/m/n/10.95 Intermediate
 []


Underfull \hbox (badness 10000) in paragraph at lines 71--71
[]|\T1/cmr/m/n/10.95 Holley-Stroock gives
 []


Underfull \hbox (badness 10000) in paragraph at lines 76--76
[]|\T1/cmr/m/n/10.95 Gaussian ap-prox-i-ma-
 []


Underfull \hbox (badness 4454) in paragraph at lines 91--91
[]|\T1/cmr/m/n/10.95 Non-circular def-i-ni-tion
 []


Underfull \hbox (badness 1147) in paragraph at lines 92--92
[]|\T1/cmr/m/n/10.95 Intrinsic def-i-ni-tion via
 []


Underfull \hbox (badness 10000) in paragraph at lines 96--96
[]|\T1/cmr/m/n/10.95 What if Ze-gar-lin-ski
 []


Underfull \hbox (badness 10000) in paragraph at lines 97--97
[]|\T1/cmr/m/n/10.95 Adjoint in-ter-po-la-tion
 []

[658] [659]

LaTeX Warning: Reference `thm:spectral-mosco' on page 660 undefined on input li
ne 158.

[660]) (app94_continuum_limit_complete_proofs.tex [661] [662] [663] [664] [665]
[666]) (app116_complete_synthesis.tex
Overfull \hbox (2.52498pt too wide) in paragraph at lines 1--1
[]\T1/cmr/bx/n/14.4 Complete Syn-the-sis: Rig-or-ous Proof of the Yang-Mills Ma
ss
 []

[667] [668] [669] [670] [671]
Overfull \hbox (4.1093pt too wide) in paragraph at lines 431--433
[]\T1/cmr/m/n/10.95 The math-e-mat-i-cal frame-work is com-plete; only ex-plici
t ver-i-fi-ca-tion of con-stants and computer-
 []

) (app124_complete_proof.tex [672] [673] [674] [675]) (app131_final_unified_the
orem.tex [676]
Overfull \hbox (23.39992pt too wide) in paragraph at lines 52--53
[][]\T1/cmr/bx/n/10.95 Theorem R.14.2 \T1/cmr/m/n/10.95 (1D Trans-fer Ma-trix S
pec-tral Gap)\T1/cmr/bx/n/10.95 . []\T1/cmr/m/it/10.95 For the trans-fer ma-tri
x $\OML/cmm/m/it/10.95 T[]$ \T1/cmr/m/it/10.95 on $\OML/cmm/m/it/10.95 L[]\OT1/
cmr/m/n/10.95 (\OML/cmm/m/it/10.95 SU\OT1/cmr/m/n/10.95 (\OML/cmm/m/it/10.95 N\
OT1/cmr/m/n/10.95 )\OML/cmm/m/it/10.95 ; dU\OT1/cmr/m/n/10.95 )$\T1/cmr/m/it/10
.95 : 
 []

[677]
Overfull \hbox (12.12206pt too wide) in paragraph at lines 177--178
[][]\T1/cmr/bx/n/10.95 Theorem R.14.7 \T1/cmr/m/n/10.95 (Phys-i-cal Mass Gap in
 Con-tin-uum)\T1/cmr/bx/n/10.95 . []\T1/cmr/m/it/10.95 The con-tin-uum limit ex
-ists via Osterwalder-
 []

[678]

LaTeX Warning: Reference `thm:final-giles-teper' on page 679 undefined on input
 line 196.

[679]
Underfull \hbox (badness 10000) in paragraph at lines 310--310
[]|\T1/cmr/m/n/10.95 Fortuin-Kasteleyn-
 []


Underfull \hbox (badness 10000) in paragraph at lines 329--329
[]|\T1/cmr/m/n/10.95 Spectral per-tur-ba-tion
 []


Underfull \hbox (badness 10000) in paragraph at lines 331--331
[]|\T1/cmr/m/n/10.95 Exponential con-ver-
 []

[680] [681]) (app135_complete_rigorous_proof.tex [682] [683] [684] [685] [686] 
[687] [688]
Overfull \hbox (1.43576pt too wide) in paragraph at lines 258--259
[]\T1/cmr/m/it/10.95 Specific Task: \T1/cmr/m/n/10.95 Use the \T1/cmr/bx/n/10.9
5 Feshbach-Schur Map \T1/cmr/m/n/10.95 (isospec-tral renor-mal-iza-tion) to pro
ject
 []

[689] [690]
Overfull \hbox (0.19598pt too wide) in paragraph at lines 354--355
\T1/cmr/m/n/10.95 that the Markov tran-si-tion op-er-a-tor $\OML/cmm/m/it/10.95
 P$ \T1/cmr/m/n/10.95 is a con-trac-tion: $\OML/cmm/m/it/10.95 W[]\OT1/cmr/m/n/
10.95 (\OML/cmm/m/it/10.95 P^^V; P^^W\OT1/cmr/m/n/10.95 ) \OMS/cmsy/m/n/10.95 ^
^T \OT1/cmr/m/n/10.95 (1 \OMS/cmsy/m/n/10.95 ^^@ \OML/cmm/m/it/10.95 ^^T\OT1/cm
r/m/n/10.95 )\OML/cmm/m/it/10.95 W[]\OT1/cmr/m/n/10.95 (\OML/cmm/m/it/10.95 ^^V
; ^^W\OT1/cmr/m/n/10.95 )$
 []

[691] [692] [693]
Overfull \hbox (48.97534pt too wide) in paragraph at lines 472--473
[]\T1/cmr/m/it/10.95 Specific Task: \T1/cmr/m/n/10.95 Prove the norm re-sol-ven
t con-ver-gence of the ef-fec-tive ac-tion: $[][] \OMS/cmsy/m/n/10.95 k\OML/cmm
/m/it/10.95 S[]\OT1/cmr/m/n/10.95 (\OML/cmm/m/it/10.95 M\OT1/cmr/m/n/10.95 ) \O
MS/cmsy/m/n/10.95 ^^@
 []


Overfull \hbox (12.31694pt too wide) in paragraph at lines 500--500
[]\T1/cmr/bx/n/12 Rigorous Res-o-lu-tion of Open Prob-lems (Ap-pendix R.105) & 
Computer-
 []

[694]) (app145_definitive_proof_of_conjecture.tex [695] [696] [697] [698]) (app
154_definitive_proof.tex
Overfull \hbox (31.86469pt too wide) in paragraph at lines 22--23
[]\T1/cmr/bx/n/10.95 Result: \T1/cmr/m/n/10.95 Sta-bil-ity of the ef-fec-tive a
c-tion and scal-ing of the mass gap $\OML/cmm/m/it/10.95 m\OT1/cmr/m/n/10.95 (\
OML/cmm/m/it/10.95 ^^L\OT1/cmr/m/n/10.95 ) \OMS/cmsy/m/n/10.95 ^^X \OT1/cmr/m/n
/10.95 ^^C[] [](\OMS/cmsy/m/n/10.95 ^^@\OML/cmm/m/it/10.95 c^^L\OT1/cmr/m/n/10.
95 )$\T1/cmr/m/n/10.95 . 
 []

[699]) (app160_comprehensive_rigorous_proof.tex [700] [701] [702] [703]) (app16
1_complete_rigorous_derivations.tex [704] [705] [706] [707] [708] [709] [710] [
711] [712] [713] [714] [715] [716]) (app163_self_contained_proof.tex [717] [718
] [719] [720] [721] [722] [723] [724] [725]) [726]
Appendix AT.
(app97_honest_assessment.tex [727

] [728] [729]) (app101_common_challenge_complete.tex
Overfull \hbox (18.01291pt too wide) in paragraph at lines 1--1
[]\T1/cmr/bx/n/14.4 The Com-mon Chal-lenge: Com-plete Rig-or-ous Proof of Unifo
rm-
 []

[730] [731] [732] [733] [734] [735] [736] [737]) (app103_critical_analysis.tex 
[738] [739] [740] [741] [742]
Overfull \hbox (19.35304pt too wide) in paragraph at lines 346--348
[]\T1/cmr/bx/n/10.95 Heat ker-nel on Lie groups \T1/cmr/m/n/10.95 con-trols tra
ns-fer ma-trix spec-tral gaps uni-formly via $\OML/cmm/m/it/10.95 ^^U[]\OT1/cmr
/m/n/10.95 ([](\OML/cmm/m/it/10.95 N\OT1/cmr/m/n/10.95 )) =
 []

) (app109_final_assessment.tex
Overfull \hbox (9.56215pt too wide) in paragraph at lines 13--14
[][]\T1/cmr/bx/n/10.95 Theorem R.4.1 \T1/cmr/m/n/10.95 (Yang-Mills Mass Gap)\T1
/cmr/bx/n/10.95 . []\T1/cmr/m/it/10.95 For $\OML/cmm/m/it/10.95 SU\OT1/cmr/m/n/
10.95 (\OML/cmm/m/it/10.95 N\OT1/cmr/m/n/10.95 )$ \T1/cmr/m/it/10.95 lat-tice Y
ang-Mills the-ory on $\OT1/cmr/m/n/10.95 ^^C = \OMS/cmsy/m/n/10.95 f\OT1/cmr/m/
n/10.95 1\OML/cmm/m/it/10.95 ; [] ; L\OMS/cmsy/m/n/10.95 g[]$
 []

[743] [744]) (app151_math_audit.tex
Overfull \hbox (1.83565pt too wide) in paragraph at lines 23--24
[]\T1/cmr/m/n/10.95 We es-tab-lish the re-sult us-ing \T1/cmr/bx/n/10.95 Ginspa
rg-Wilson Fermions \T1/cmr/m/n/10.95 and \T1/cmr/bx/n/10.95 Ward Iden-tity Rest
ora-
 []

[745]) (app165_rigorous_audit_resolution.tex [746] [747] [748] [749] [750] [751
] [752]
Overfull \hbox (13.93306pt too wide) in paragraph at lines 429--430
[][]\T1/cmr/bx/n/10.95 Theorem R.6.10 \T1/cmr/m/n/10.95 (Tun-nel-ing Sup-pres-s
ion)\T1/cmr/bx/n/10.95 . []\T1/cmr/m/it/10.95 The ef-fec-tive po-ten-tial be-tw
een the $\OML/cmm/m/it/10.95 N$ \T1/cmr/m/it/10.95 center-symmetric
 []

[753] [754]) (app204_mathematical_audit_summary.tex [755] [756] [757] [758] [75
9] [760] [761] [762]
Overfull \hbox (12.06932pt too wide) in paragraph at lines 370--373
\T1/cmr/m/it/10.95 Context: En-sures the ef-fec-tive bound-ary the-ory is lo-ca
l. \T1/cmr/bx/n/10.95 Goal: \T1/cmr/m/n/10.95 Prove $\OMS/cmsy/m/n/10.95 jU[]\O
T1/cmr/m/n/10.95 (\OML/cmm/m/it/10.95 x[]; [] ; x[]\OT1/cmr/m/n/10.95 )\OMS/cms
y/m/n/10.95 j ^^T \OML/cmm/m/it/10.95 C[]e[]$\T1/cmr/m/n/10.95 . 
 []

[763]) (app_honest_assessment_final.tex [764] [765]

LaTeX Warning: `h' float specifier changed to `ht'.

[766]) [767]
Appendix AU.
(app168_rigorous_fortification.tex [768

] [769]) (app169_final_fortification.tex [770] [771]) (app170_final_deep_struct
ure.tex [772] [773]
Overfull \hbox (20.34694pt too wide) in paragraph at lines 68--69
[][]\T1/cmr/bx/it/10.95 Compactness: \T1/cmr/m/it/10.95 The gauge group $\OML/c
mm/m/it/10.95 SU\OT1/cmr/m/n/10.95 (\OML/cmm/m/it/10.95 N\OT1/cmr/m/n/10.95 )$
 []

) (app171_final_keystones.tex [774] [775] [776]) (app172_final_keystones_part2.
tex [777] [778]) (app173_critical_corrections.tex [779] [780] [781] [782] [783]
) (app175_comprehensive_fixes.tex [784]

Package hyperref Warning: Token not allowed in a PDF string (Unicode):
(hyperref)                removing `math shift' on input line 41.


Package hyperref Warning: Token not allowed in a PDF string (Unicode):
(hyperref)                removing `subscript' on input line 41.


Package hyperref Warning: Token not allowed in a PDF string (Unicode):
(hyperref)                removing `math shift' on input line 41.

[785] [786]
Overfull \hbox (37.19034pt too wide) in paragraph at lines 172--173
[][]\T1/cmr/bx/n/10.95 Theorem R.8.9 \T1/cmr/m/n/10.95 (Com-put-er-As-sisted Ga
p Ver-i-fi-ca-tion)\T1/cmr/bx/n/10.95 . []\T1/cmr/m/it/10.95 For the in-ter-me-
di-ate re-gion $\OML/cmm/m/it/10.95 ^^L \OMS/cmsy/m/n/10.95 2 \OT1/cmr/m/n/10.9
5 [\OML/cmm/m/it/10.95 ^^L[]; ^^L[]\OT1/cmr/m/n/10.95 ]$\T1/cmr/m/it/10.95 ,
 []

[787]) [788]
Appendix AV.
(app180_advanced_derivations.tex [789

] [790] [791] [792] [793] [794] [795] [796] [797] [798] [799] [800]) (app181_di
amond_standard_derivations.tex [801] [802]
Overfull \hbox (7.36736pt too wide) in paragraph at lines 94--96
[]\T1/cmr/bx/n/10.95 Step 1: Mar-tin-gale Rep-re-sen-ta-tion and Clark-Ocone Fo
r-mula. \T1/cmr/m/n/10.95 Let $\OML/cmm/m/it/10.95 F \OMS/cmsy/m/n/10.95 2 \OML
/cmm/m/it/10.95 L[]\OT1/cmr/m/n/10.95 (\OMS/cmsy/m/n/10.95 P[]\OT1/cmr/m/n/10.9
5 (\OML/cmm/m/it/10.95 G\OT1/cmr/m/n/10.95 )\OML/cmm/m/it/10.95 ; ^^V\OT1/cmr/m
/n/10.95 )$\T1/cmr/m/n/10.95 .
 []

[803] [804] [805] [806] [807] [808] [809] [810]
Overfull \hbox (6.22957pt too wide) in paragraph at lines 457--458
 []\T1/cmr/bx/n/10.95 Derivation:[] \T1/cmr/m/n/10.95 A rig-or-ous de-ter-mi-na
-tion of the con-ver-gence ra-dius re-quires the Kirkwood-Salsburg
 []


Overfull \hbox (6.68858pt too wide) in paragraph at lines 489--490
[][]\T1/cmr/bx/n/10.95 Theorem R.2.15 \T1/cmr/m/n/10.95 (Over-lap In-dex)\T1/cm
r/bx/n/10.95 . []\T1/cmr/m/it/10.95 Let $\OML/cmm/m/it/10.95 D[]$ \T1/cmr/m/it/
10.95 be the Over-lap Dirac op-er-a-tor sat-is-fy-ing the Ginsparg-
 []

[811]
Overfull \hbox (0.66397pt too wide) in paragraph at lines 538--539
[][]\T1/cmr/bx/n/10.95 Theorem R.2.17 \T1/cmr/m/n/10.95 (Tran-s-series Can-cel-
la-tion)\T1/cmr/bx/n/10.95 . []\T1/cmr/m/it/10.95 The Borel sum of the per-tur-
ba-tion se-ries $\OMS/cmsy/m/n/10.95 S[]\OT1/cmr/m/n/10.95 (\OML/cmm/m/it/10.95
 g[]\OT1/cmr/m/n/10.95 )$
 []

[812] [813]

LaTeX Warning: Reference `thm:energy_momentum' on page 814 undefined on input l
ine 671.

[814] [815]
Overfull \hbox (22.02838pt too wide) in paragraph at lines 745--747
[]\T1/cmr/bx/n/10.95 Step 1: Trot-ter Prod-uct. \T1/cmr/m/n/10.95 We use the Tr
ot-ter prod-uct for-mula $\OML/cmm/m/it/10.95 e[] \OT1/cmr/m/n/10.95 = [](\OML/
cmm/m/it/10.95 e[]e[]\OT1/cmr/m/n/10.95 )[]$\T1/cmr/m/n/10.95 . 
 []

[816] [817] [818]
Overfull \hbox (32.0095pt too wide) in paragraph at lines 925--926
[]\T1/cmr/bx/n/10.95 Measure Trans-for-ma-tion: \T1/cmr/m/n/10.95 The par-ti-ti
on func-tion with a theta term is $\OML/cmm/m/it/10.95 Z\OT1/cmr/m/n/10.95 (\OM
L/cmm/m/it/10.95 ^^R\OT1/cmr/m/n/10.95 ) = [] \OMS/cmsy/m/n/10.95 D\OML/cmm/m/i
t/10.95 Ae[]e[]$\T1/cmr/m/n/10.95 ,
 []

[819]
Overfull \hbox (9.2583pt too wide) in paragraph at lines 968--969
[][]\T1/cmr/bx/n/10.95 Theorem R.2.31 \T1/cmr/m/n/10.95 (Asymp-totic Com-plete-
ness for Glue-balls)\T1/cmr/bx/n/10.95 . []\T1/cmr/m/it/10.95 Given the Nu-cle-
ar-ity Bound (Deriva-
 []

[820] [821]) (app187_helffer_sjostrand.tex [822]
Appendix AW.
[823

]) (app185_stratified_hardy.tex [824]
Appendix AX.
[825

] [826]
Overfull \hbox (8.8079pt too wide) in paragraph at lines 68--70
\T1/cmr/m/it/10.95 where $\OML/cmm/m/it/10.95 H\OT1/cmr/m/n/10.95 (\OML/cmm/m/i
t/10.95 A\OT1/cmr/m/n/10.95 )$ \T1/cmr/m/it/10.95 is the hori-zon func-tion and
 $\OML/cmm/m/it/10.95 ^^M$ \T1/cmr/m/it/10.95 is the Gri-bov mass pa-ram-e-ter 
de-ter-mined self-consistently
 []

) (app188_resurgence_cancellation.tex [827]
Appendix AY.
[828

]) (app191_thooft_algebra.tex [829]
Appendix AZ.
[830

]) (app216_rough_path.tex [831]
Appendix BA.
[832

]) (app217_brst_unitarity.tex [833]
Appendix BB.

Overfull \hbox (31.08986pt too wide) in paragraph at lines 8--9
\T1/cmr/m/n/10.95 Let $\OML/cmm/m/it/10.95 Q[]$ \T1/cmr/m/n/10.95 be the lat-ti
ce BRST charge. The phys-i-cal Hilbert space is de-fined as $\OMS/cmsy/m/n/10.9
5 H[] \OT1/cmr/m/n/10.95 = [](\OML/cmm/m/it/10.95 Q[]\OT1/cmr/m/n/10.95 )\OML/c
mm/m/it/10.95 =[]\OT1/cmr/m/n/10.95 (\OML/cmm/m/it/10.95 Q[]\OT1/cmr/m/n/10.95 
)$\T1/cmr/m/n/10.95 .
 []


Overfull \hbox (37.11237pt too wide) in paragraph at lines 18--20
\T1/cmr/m/n/10.95 We an-a-lyze the spec-trum of the lat-tice Hamil-to-nian. Sta
tes ap-pear in "quar-tets" $\OMS/cmsy/m/n/10.95 fj\OML/cmm/m/it/10.95 ^^^\OMS/c
msy/m/n/10.95 i\OML/cmm/m/it/10.95 ; Q[]\OMS/cmsy/m/n/10.95 j\OML/cmm/m/it/10.9
5 ^^^\OMS/cmsy/m/n/10.95 i\OML/cmm/m/it/10.95 ; \OMS/cmsy/m/n/10.95 j\OML/cmm/m
/it/10.95 ^^_\OMS/cmsy/m/n/10.95 i\OML/cmm/m/it/10.95 ; Q[]\OMS/cmsy/m/n/10.95 
j\OML/cmm/m/it/10.95 ^^_\OMS/cmsy/m/n/10.95 ig$
 []

[834

]) (app218_glueball_inequality.tex [835]
Appendix BC.
[836

]) (app219_loop_equations.tex [837]
Appendix BD.
) (app220_trotter_limit.tex [838

] [839]
Appendix BE.
) (app221_kms_uniqueness.tex [840

]
Appendix BF.
) (app222_vafa_witten_bound.tex [841

]
Appendix BG.
) (app223_mayer_montroll.tex [842

]
Appendix BH.
) (app224_derivation_z_malliavin.tex [843

]
Appendix BI.
[844

]) (app225_thermodynamic_limit_proofs.tex [845]
Appendix BJ.
[846

] [847]
Appendix BK.
) (app226_stochastic_quantization.tex [848

]
Appendix BL.
) (app227_derivation_q_martingale.tex [849

] [850]
Appendix BM.
) [851

]
Appendix BN.
(app32_future_directions_and_extensions.tex [852

]) (app84_historical_resolution_of_remaining_gaps.tex
Overfull \hbox (38.62889pt too wide) in paragraph at lines 11--14
\T1/cmr/m/n/10.95 The fun-da-men-tal re-quire-ment is to prove that the phys-i-
cal string ten-sion $\OML/cmm/m/it/10.95 ^^[[] \OT1/cmr/m/n/10.95 := [][] \OML/
cmm/m/it/10.95 a[]^^[[]\OT1/cmr/m/n/10.95 (\OML/cmm/m/it/10.95 ^^L\OT1/cmr/m/n/
10.95 (\OML/cmm/m/it/10.95 a\OT1/cmr/m/n/10.95 ))$
 []

[853] [854] [855] [856] [857] [858] [859]) (app87_integration_map_external_resu
lts_to_internal_theor.tex
Underfull \hbox (badness 10000) in paragraph at lines 5--8
[]\T1/cmr/m/n/10.95 This sec-tion maps ref-er-ences to ex-ter-nal doc-u-ments (
UNI-
 []


Underfull \hbox (badness 2103) in paragraph at lines 5--8
\T1/cmr/m/n/10.95 FIED_GAP_RESOLUTION.tex, COM-PLETE_CLAY_VERIFICATION.tex, VUL
-
 []


Underfull \hbox (badness 10000) in paragraph at lines 15--15
[]|\T1/cmr/bx/n/10.95 Theorem in
 []


Underfull \hbox (badness 10000) in paragraph at lines 21--21
[]|\T1/cmr/m/n/10.95 Conditional ten-soriza-
 []


Underfull \hbox (badness 10000) in paragraph at lines 43--43
[]|\T1/cmr/m/n/10.95 Lee-Yang ze-ros (Ad-
 []


Underfull \hbox (badness 5954) in paragraph at lines 53--53
[]|\T1/cmr/m/n/10.95 Intrinsic scale frame-
 []


Underfull \hbox (badness 1122) in paragraph at lines 54--54
[]|\T1/cmr/m/n/10.95 Non-circular scale set-
 []

[860]
Overfull \vbox (347.91211pt too high) has occurred while \output is active []

[861]) [862]
Appendix BO.
(app110_weak_coupling_scaling.tex [863

] [864] [865] [866]) (app105_finite_correlation_length.tex [867] [868] [869]
Overfull \hbox (9.55742pt too wide) in paragraph at lines 246--247
[][]\T1/cmr/bx/n/10.95 Theorem R.2.7 \T1/cmr/m/n/10.95 (LSI for All $\OML/cmm/m
/it/10.95 ^^L$ \T1/cmr/m/n/10.95 - Non--Cir-cu-lar)\T1/cmr/bx/n/10.95 . []\T1/c
mr/m/it/10.95 For $\OML/cmm/m/it/10.95 SU\OT1/cmr/m/n/10.95 (\OML/cmm/m/it/10.9
5 N\OT1/cmr/m/n/10.95 )$ \T1/cmr/m/it/10.95 lat-tice Yang-Mills on $\OT1/cmr/m/
n/10.95 ^^C = \OMS/cmsy/m/n/10.95 f\OT1/cmr/m/n/10.95 1\OML/cmm/m/it/10.95 ; []
 ; L\OMS/cmsy/m/n/10.95 g[]$\T1/cmr/m/it/10.95 : 
 []

[870] [871]) (app211_continuum_scaling.tex [872] [873] [874]) (app212_weighted_
spectral.tex
Overfull \hbox (7.24683pt too wide) in paragraph at lines 1--1
[]\T1/cmr/bx/n/14.4 Weighted Spec-tral Anal-y-sis: Bakry-Émery and Wit-ten Lapl
a-
 []

[875]

Package hyperref Warning: Token not allowed in a PDF string (Unicode):
(hyperref)                removing `math shift' on input line 58.


Package hyperref Warning: Token not allowed in a PDF string (Unicode):
(hyperref)                removing `subscript' on input line 58.


Package hyperref Warning: Token not allowed in a PDF string (Unicode):
(hyperref)                removing `math shift' on input line 58.

[876]

Package hyperref Warning: Token not allowed in a PDF string (Unicode):
(hyperref)                removing `math shift' on input line 133.


Package hyperref Warning: Token not allowed in a PDF string (Unicode):
(hyperref)                removing `\beta' on input line 133.


Package hyperref Warning: Token not allowed in a PDF string (Unicode):
(hyperref)                removing `math shift' on input line 133.

[877]) [878]
Appendix BP.
(app201_fix8_decoupling.tex [879

]
Appendix BQ.
[880

]) (app202_fix13_vafa_witten.tex [881]
Appendix BR.
) (app213_errata_corrections.tex [882

] [883] [884]) (app139_additional_verification_details.tex [885] [886] [887] [8
88] [889] [890] [891] [892] [893] [894] [895] [896] [897] [898] [899] [900]
Overfull \hbox (39.30653pt too wide) in paragraph at lines 757--760
[]\T1/cmr/bx/n/10.95 Step 2: The Con-ver-gence Cri-te-rion \T1/cmr/m/n/10.95 We
 must prove the Kotecký-Preiss con-di-tion $[][] \OMS/cmsy/m/n/10.95 j\OML/cmm/
m/it/10.95 z\OT1/cmr/m/n/10.95 (\OML/cmm/m/it/10.95 ^^M\OT1/cmr/m/n/10.95 )\OMS
/cmsy/m/n/10.95 j\OML/cmm/m/it/10.95 e[] <
 []

[901] [902] [903] [904] [905] [906] [907] [908] [909]
Overfull \hbox (1.39957pt too wide) in paragraph at lines 1234--1235
[][]\T1/cmr/bx/n/10.95 Corollary R.5.31 \T1/cmr/m/n/10.95 (Lo-cal func-tional d
eriva-tive bound; ex-plicit ex-po-nen-tial tail)\T1/cmr/bx/n/10.95 . []\T1/cmr/
m/it/10.95 Let $\OML/cmm/m/it/10.95 S[]\OT1/cmr/m/n/10.95 (\OML/cmm/m/it/10.95 
U\OT1/cmr/m/n/10.95 ) :=
 []

[910] [911]
Overfull \hbox (13.69963pt too wide) in paragraph at lines 1381--1383
[]\T1/cmr/bx/n/10.95 Step 2: The Ginsparg-Wilson Sym-me-try \T1/cmr/m/n/10.95 O
ver-lap fermions sat-isfy $\OMS/cmsy/m/n/10.95 f\OML/cmm/m/it/10.95 D[]; ^^M[]\
OMS/cmsy/m/n/10.95 g \OT1/cmr/m/n/10.95 = \OML/cmm/m/it/10.95 aD[]^^M[]D[]$\T1/
cmr/m/n/10.95 .
 []

[912] [913] [914] [915]
Overfull \hbox (4.16447pt too wide) in paragraph at lines 1558--1559
[]\T1/cmr/m/n/10.95 The prob-a-bil-ity of a large broken-symmetry bub-ble of vo
l-ume $\OML/cmm/m/it/10.95 V$ \T1/cmr/m/n/10.95 is sup-pressed by $\OML/cmm/m/i
t/10.95 e[]$\T1/cmr/m/n/10.95 . 
 []

[916]
Overfull \hbox (15.02681pt too wide) in paragraph at lines 1610--1612
[]\T1/cmr/bx/n/10.95 Step 2: The Cor-rected Bound \T1/cmr/m/n/10.95 Us-ing the 
fac-tor-iza-tion $\OMS/cmsy/m/n/10.95 h\OML/cmm/m/it/10.95 W\OT1/cmr/m/n/10.95 
(\OML/cmm/m/it/10.95 C[]\OT1/cmr/m/n/10.95 )\OML/cmm/m/it/10.95 W\OT1/cmr/m/n/1
0.95 (\OML/cmm/m/it/10.95 C[]\OT1/cmr/m/n/10.95 )\OMS/cmsy/m/n/10.95 i ^^Y h\OM
L/cmm/m/it/10.95 W\OT1/cmr/m/n/10.95 (\OML/cmm/m/it/10.95 C[]\OT1/cmr/m/n/10.95
 )\OMS/cmsy/m/n/10.95 ih\OML/cmm/m/it/10.95 W\OT1/cmr/m/n/10.95 (\OML/cmm/m/it/
10.95 C[]\OT1/cmr/m/n/10.95 )\OMS/cmsy/m/n/10.95 i \OT1/cmr/m/n/10.95 +
 []

) [917]
Appendix BS.
(app136_response_to_review.tex [918

] [919] [920] [921] [922] [923]
Overfull \hbox (58.38675pt too wide) in paragraph at lines 405--415
 [] 
 []

) (app144_response_to_review.tex [924] [925] [926] [927] [928] [929] [930] [931
] [932] [933] [934]) (app158_response_to_review_v2.tex [935] [936]) [937]
Appendix BT.
(app129_computer_verifiable.tex [938

] [939] [940] [941]) [942]
Appendix BU.
(app243_complete_resolution_summary.tex
Overfull \hbox (5.51816pt too wide) in paragraph at lines 28--30
[][]\T1/cmr/bx/n/10.95 Theorem R.1.1 \T1/cmr/m/n/10.95 (Con-trolled Non-Lo-cal-
ity - Sum-mary)\T1/cmr/bx/n/10.95 . []\T1/cmr/m/it/10.95 For ad-joint fermion m
ass $\OML/cmm/m/it/10.95 M > M[]\OT1/cmr/m/n/10.95 (\OML/cmm/m/it/10.95 ^^L; g\
OT1/cmr/m/n/10.95 )$\T1/cmr/m/it/10.95 : 
 []

[943

]
Underfull \hbox (badness 3735) in paragraph at lines 118--119
[]|\T1/cmr/m/n/10 Polynomial bounds with ex-plicit
 []


Overfull \hbox (14.95709pt too wide) in paragraph at lines 111--123
 [][] 
 []


LaTeX Warning: `h' float specifier changed to `ht'.

[944]) (app156_final_synthesis.tex [945]) (sec13_conjecture_capsule.tex [946]

LaTeX Warning: Reference `subsec:giles_teper' on page 947 undefined on input li
ne 66.


LaTeX Warning: Reference `thm:giles_teper' on page 947 undefined on input line 
66.

) [947]
Appendix BV.
(app_appendix_A_interval_arithmetic.tex [948

]
Appendix BW.

! LaTeX Error: Environment algorithm undefined.

See the LaTeX manual or LaTeX Companion for explanation.
Type  H <return>  for immediate help.
 ...                                              
                                                  
l.25 \begin{algorithm}
                      [Interval Lanczos]
Your command was ignored.
Type  I <command> <return>  to replace it with another command,
or  <return>  to continue without it.


! LaTeX Error: \begin{document} ended by \end{algorithm}.

See the LaTeX manual or LaTeX Companion for explanation.
Type  H <return>  for immediate help.
 ...                                              
                                                  
l.31 \end{algorithm}
                    
Your command was ignored.
Type  I <command> <return>  to replace it with another command,
or  <return>  to continue without it.


LaTeX Warning: `h' float specifier changed to `ht'.

[949

]) (app_appendix_B_fredenhagen_marcu.tex [950]
Appendix BX.
[951

] [952]) (app_appendix_C_symanzik_so4.tex [953]
Appendix BY.
[954

] [955]) (app_appendix_D_balaban_sun.tex [956]
Appendix BZ.
[957

] [958]
Overfull \hbox (3.09064pt too wide) in paragraph at lines 107--109
[]\OT1/cmr/m/n/10.95 (\OML/cmm/m/it/10.95 G\OT1/cmr/m/n/10.95 )[](\OML/cmm/m/it
/10.95 e[]\OT1/cmr/m/n/10.95 )$\T1/cmr/m/n/10.95 , en-sur-ing de-cay. Com-bin-i
ng these, the renor-mal-ized de-ter-mi-nant is bounded
 []

[959]) (app_open_problem_ledger.tex

LaTeX Warning: Reference `subsec:giles_teper' on page 960 undefined on input li
ne 62.


LaTeX Warning: Reference `thm:giles_teper' on page 960 undefined on input line 
62.

[960]
! Undefined control sequence.
\enit@endenumerate ->\enit@after 
                                 \endlist \ifx \enit@series \relax \else \if...
l.68 \end{enumerate}
                    
The control sequence at the end of the top line
of your error message was never \def'ed. If you have
misspelled it (e.g., `\hobx'), type `I' and the correct
spelling (e.g., `I\hbox'). Otherwise just continue,
and I'll forget about whatever was undefined.

! Undefined control sequence.
\enit@endenumerate ...\else \ifnum \enit@resuming 
                                                  =\@ne \enit@setresumekeys ...
l.68 \end{enumerate}
                    
The control sequence at the end of the top line
of your error message was never \def'ed. If you have
misspelled it (e.g., `\hobx'), type `I' and the correct
spelling (e.g., `I\hbox'). Otherwise just continue,
and I'll forget about whatever was undefined.

! Missing number, treated as zero.
<to be read again> 
                   =
l.68 \end{enumerate}
                    
A number should have been here; I inserted `0'.
(If you can't figure out why I needed to see a number,
look up `weird error' in the index to The TeXbook.)

! Undefined control sequence.
\enit@setresumekeys ...xpandafter {\enit@savekeys 
                                                  }\xdef \enit@afterlist {#2...
l.68 \end{enumerate}
                    
The control sequence at the end of the top line
of your error message was never \def'ed. If you have
misspelled it (e.g., `\hobx'), type `I' and the correct
spelling (e.g., `I\hbox'). Otherwise just continue,
and I'll forget about whatever was undefined.

! Undefined control sequence.
\enit@setresumekeys ...it@toks }\ifnum \enit@type 
                                                  =\z@ #3\def \enit@noexcs {...
l.68 \end{enumerate}
                    
The control sequence at the end of the top line
of your error message was never \def'ed. If you have
misspelled it (e.g., `\hobx'), type `I' and the correct
spelling (e.g., `I\hbox'). Otherwise just continue,
and I'll forget about whatever was undefined.

! Missing number, treated as zero.
<to be read again> 
                   =
l.68 \end{enumerate}
                    
A number should have been here; I inserted `0'.
(If you can't figure out why I needed to see a number,
look up `weird error' in the index to The TeXbook.)

! Undefined control sequence.
<argument> enit@resume@series@\enit@series 
                                           
l.68 \end{enumerate}
                    
The control sequence at the end of the top line
of your error message was never \def'ed. If you have
misspelled it (e.g., `\hobx'), type `I' and the correct
spelling (e.g., `I\hbox'). Otherwise just continue,
and I'll forget about whatever was undefined.

! Undefined control sequence.
\enit@setresumekeys ...me@#1}{\csname c@\@listctr 
                                                  \endcsname \the \csname c@...
l.68 \end{enumerate}
                    
The control sequence at the end of the top line
of your error message was never \def'ed. If you have
misspelled it (e.g., `\hobx'), type `I' and the correct
spelling (e.g., `I\hbox'). Otherwise just continue,
and I'll forget about whatever was undefined.

! Undefined control sequence.
\enit@setresumekeys ...e \the \csname c@\@listctr 
                                                  \endcsname }\fi }
l.68 \end{enumerate}
                    
The control sequence at the end of the top line
of your error message was never \def'ed. If you have
misspelled it (e.g., `\hobx'), type `I' and the correct
spelling (e.g., `I\hbox'). Otherwise just continue,
and I'll forget about whatever was undefined.

! You can't use `\relax' after \the.
<recently read> \c@ 
                    
l.68 \end{enumerate}
                    
I'm forgetting what you said and using zero instead.

! Undefined control sequence.
\enit@endenumerate ...t \fi \ifnum \enit@resuming 
                                                  =\thr@@ \enit@setresumekey...
l.68 \end{enumerate}
                    
The control sequence at the end of the top line
of your error message was never \def'ed. If you have
misspelled it (e.g., `\hobx'), type `I' and the correct
spelling (e.g., `I\hbox'). Otherwise just continue,
and I'll forget about whatever was undefined.

! Missing number, treated as zero.
<to be read again> 
                   =
l.68 \end{enumerate}
                    
A number should have been here; I inserted `0'.
(If you can't figure out why I needed to see a number,
look up `weird error' in the index to The TeXbook.)

! Undefined control sequence.
\enit@setresumekeys ...xpandafter {\enit@savekeys 
                                                  }\xdef \enit@afterlist {#2...
l.68 \end{enumerate}
                    
The control sequence at the end of the top line
of your error message was never \def'ed. If you have
misspelled it (e.g., `\hobx'), type `I' and the correct
spelling (e.g., `I\hbox'). Otherwise just continue,
and I'll forget about whatever was undefined.

! Undefined control sequence.
\enit@setresumekeys ...it@toks }\ifnum \enit@type 
                                                  =\z@ #3\def \enit@noexcs {...
l.68 \end{enumerate}
                    
The control sequence at the end of the top line
of your error message was never \def'ed. If you have
misspelled it (e.g., `\hobx'), type `I' and the correct
spelling (e.g., `I\hbox'). Otherwise just continue,
and I'll forget about whatever was undefined.

! Missing number, treated as zero.
<to be read again> 
                   =
l.68 \end{enumerate}
                    
A number should have been here; I inserted `0'.
(If you can't figure out why I needed to see a number,
look up `weird error' in the index to The TeXbook.)

! Undefined control sequence.
\enit@setresumekeys ...me@#1}{\csname c@\@listctr 
                                                  \endcsname \the \csname c@...
l.68 \end{enumerate}
                    
The control sequence at the end of the top line
of your error message was never \def'ed. If you have
misspelled it (e.g., `\hobx'), type `I' and the correct
spelling (e.g., `I\hbox'). Otherwise just continue,
and I'll forget about whatever was undefined.

! Undefined control sequence.
\enit@setresumekeys ...e \the \csname c@\@listctr 
                                                  \endcsname }\fi }
l.68 \end{enumerate}
                    
The control sequence at the end of the top line
of your error message was never \def'ed. If you have
misspelled it (e.g., `\hobx'), type `I' and the correct
spelling (e.g., `I\hbox'). Otherwise just continue,
and I'll forget about whatever was undefined.

! You can't use `\relax' after \the.
<recently read> \c@ 
                    
l.68 \end{enumerate}
                    
I'm forgetting what you said and using zero instead.


! LaTeX Error: \begin{document} ended by \end{enumerate}.

See the LaTeX manual or LaTeX Companion for explanation.
Type  H <return>  for immediate help.
 ...                                              
                                                  
l.68 \end{enumerate}
                    
Your command was ignored.
Type  I <command> <return>  to replace it with another command,
or  <return>  to continue without it.

! Extra \endgroup.
\end  ...end#1\endcsname \@checkend {#1}\endgroup 
                                                  \UseHook {env/#1/after}\if...
l.68 \end{enumerate}
                    
Things are pretty mixed up, but I think the worst is over.

) [961]
Appendix CA.
(app179_executive_summary.tex
Overfull \hbox (1.04198pt too wide) in paragraph at lines 16--16
[]|\T1/cmr/bx/n/10.95 Ledger|  
 []


Overfull \hbox (20.8446pt too wide) in paragraph at lines 21--21
[]|\T1/cmr/m/n/10.95 Program/Conditional|  
 []


Overfull \hbox (18.28886pt too wide) in paragraph at lines 14--23
 [] 
 []

[962

]
Overfull \hbox (2.62292pt too wide) in paragraph at lines 29--30
[]\T1/cmr/bx/n/10.95 Witten In-dex: \T1/cmr/m/n/10.95 Proven that $\OML/cmm/m/i
t/10.95 I[] \OT1/cmr/m/n/10.95 = \OML/cmm/m/it/10.95 N$ \T1/cmr/m/n/10.95 for t
he su-per-sym-met-ric an-chor point (Ap-pendix [][]R.4[][]). 
 []

) (app_open_problem_resolution.tex [963]
Appendix CB.
[964

] [965]) (sec_missing_theorems.tex [966] [967] [968] [969]
Overfull \hbox (9.84277pt too wide) in paragraph at lines 284--285
[][]\T1/cmr/bx/n/10.95 Theorem R.14.1 \T1/cmr/m/n/10.95 (Gauge In-vari-ance of 
Ob-serv-ables)\T1/cmr/bx/n/10.95 . []\T1/cmr/m/it/10.95 All phys-i-cal ob-serv-
ables are gauge-invariant,
 []

[970] [971] [972] [973]
Overfull \hbox (38.69078pt too wide) in paragraph at lines 696--697
[][]\T1/cmr/bx/n/10.95 Theorem R.18.10 \T1/cmr/m/n/10.95 (Gap Sur-vives Limit)\
T1/cmr/bx/n/10.95 . []\T1/cmr/m/it/10.95 The mass gap de-fined on the lat-tice 
sat-is-fies $[][] \OML/cmm/m/it/10.95 m\OT1/cmr/m/n/10.95 (\OML/cmm/m/it/10.95 
a\OT1/cmr/m/n/10.95 ) \OML/cmm/m/it/10.95 >
 []


Overfull \hbox (20.10979pt too wide) in paragraph at lines 754--755
[][]\T1/cmr/bx/n/10.95 Definition R.18.19 \T1/cmr/m/n/10.95 (Wil-son Ac-tion)\T
1/cmr/bx/n/10.95 . []\T1/cmr/m/it/10.95 The stan-dard Wil-son pla-que-tte ac-ti
on $\OML/cmm/m/it/10.95 S[]\OT1/cmr/m/n/10.95 (\OML/cmm/m/it/10.95 U\OT1/cmr/m/
n/10.95 ) = [][] [](1 \OMS/cmsy/m/n/10.95 ^^@
 []

[974]) [975] (yang_mills_large_rigorous.aux)
 ***********
LaTeX2e <2025-11-01>
L3 programming layer <2025-10-24>
 ***********

LaTeX Warning: There were undefined references.


LaTeX Warning: There were multiply-defined labels.

Package rerunfilecheck Info: File `yang_mills_large_rigorous.out' has not chang
ed.
(rerunfilecheck)             Checksum: 7D6CFCFF1DBD66645EFCD8D9D40C9785;459151.

 ) 
Here is how much of TeX's memory you used:
 39229 strings out of 467871
 753097 string characters out of 5417891
 1021113 words of memory out of 5000000
 58374 multiletter control sequences out of 15000+600000
 665816 words of font info for 142 fonts, out of 8000000 for 9000
 1141 hyphenation exceptions out of 8191
 121i,15n,124p,871b,1824s stack positions out of 10000i,1000n,20000p,200000b,200000s
 <C:\Users\Lenovo\AppData\Local\MiKTeX\fonts/pk/ljfour/jknappen/ec/dpi600\ecb
x1000.pk> <C:\Users\Lenovo\AppData\Local\MiKTeX\fonts/pk/ljfour/jknappen/ec/dpi
600\ecrm1000.pk> <C:\Users\Lenovo\AppData\Local\MiKTeX\fonts/pk/ljfour/jknappen
/ec/dpi600\ectt1095.pk> <C:\Users\Lenovo\AppData\Local\MiKTeX\fonts/pk/ljfour/j
knappen/ec/dpi600\ecti0600.pk> <C:\Users\Lenovo\AppData\Local\MiKTeX\fonts/pk/l
jfour/jknappen/ec/dpi600\ecrm0600.pk> <C:\Users\Lenovo\AppData\Local\MiKTeX\fon
ts/pk/ljfour/jknappen/ec/dpi600\ecbx0800.pk> <C:\Users\Lenovo\AppData\Local\MiK
TeX\fonts/pk/ljfour/jknappen/ec/dpi600\ecbx2074.pk> <C:\Users\Lenovo\AppData\Lo
cal\MiKTeX\fonts/pk/ljfour/jknappen/ec/dpi600\ecti0800.pk> <C:\Users\Lenovo\App
Data\Local\MiKTeX\fonts/pk/ljfour/jknappen/ec/dpi600\ecbi1095.pk> <C:\Users\Len
ovo\AppData\Local\MiKTeX\fonts/pk/ljfour/jknappen/ec/dpi600\tcrm1095.pk> <C:\Us
ers\Lenovo\AppData\Local\MiKTeX\fonts/pk/ljfour/jknappen/ec/dpi600\ecti1095.pk>
 <C:\Users\Lenovo\AppData\Local\MiKTeX\fonts/pk/ljfour/jknappen/ec/dpi600\ecbx1
440.pk> <C:\Users\Lenovo\AppData\Local\MiKTeX\fonts/pk/ljfour/jknappen/ec/dpi60
0\ecrm0800.pk> <C:\Users\Lenovo\AppData\Local\MiKTeX\fonts/pk/ljfour/jknappen/e
c/dpi600\ecbx1200.pk> <C:\Users\Lenovo\AppData\Local\MiKTeX\fonts/pk/ljfour/jkn
appen/ec/dpi600\ecbx2488.pk> <C:\Users\Lenovo\AppData\Local\MiKTeX\fonts/pk/ljf
our/jknappen/ec/dpi600\ecrm1095.pk> <C:\Users\Lenovo\AppData\Local\MiKTeX\fonts
/pk/ljfour/jknappen/ec/dpi600\ecbx1095.pk> <C:\Users\Lenovo\AppData\Local\MiKTe
X\fonts/pk/ljfour/jknappen/ec/dpi600\ecrm1200.pk> <C:\Users\Lenovo\AppData\Loca
l\MiKTeX\fonts/pk/ljfour/jknappen/ec/dpi600\ecbx1728.pk><C:/Users/Lenovo/AppDat
a/Local/Programs/MiKTeX/fonts/type1/public/amsfonts/cm/cmbx10.pfb><C:/Users/Len
ovo/AppData/Local/Programs/MiKTeX/fonts/type1/public/amsfonts/cm/cmex10.pfb><C:
/Users/Lenovo/AppData/Local/Programs/MiKTeX/fonts/type1/public/amsfonts/cmextra
/cmex8.pfb><C:/Users/Lenovo/AppData/Local/Programs/MiKTeX/fonts/type1/public/am
sfonts/cm/cmmi10.pfb><C:/Users/Lenovo/AppData/Local/Programs/MiKTeX/fonts/type1
/public/amsfonts/cm/cmmi12.pfb><C:/Users/Lenovo/AppData/Local/Programs/MiKTeX/f
onts/type1/public/amsfonts/cm/cmmi6.pfb><C:/Users/Lenovo/AppData/Local/Programs
/MiKTeX/fonts/type1/public/amsfonts/cm/cmmi8.pfb><C:/Users/Lenovo/AppData/Local
/Programs/MiKTeX/fonts/type1/public/amsfonts/cm/cmmib10.pfb><C:/Users/Lenovo/Ap
pData/Local/Programs/MiKTeX/fonts/type1/public/amsfonts/cm/cmr10.pfb><C:/Users/
Lenovo/AppData/Local/Programs/MiKTeX/fonts/type1/public/amsfonts/cm/cmr12.pfb><
C:/Users/Lenovo/AppData/Local/Programs/MiKTeX/fonts/type1/public/amsfonts/cm/cm
r6.pfb><C:/Users/Lenovo/AppData/Local/Programs/MiKTeX/fonts/type1/public/amsfon
ts/cm/cmr8.pfb><C:/Users/Lenovo/AppData/Local/Programs/MiKTeX/fonts/type1/publi
c/amsfonts/cm/cmss10.pfb><C:/Users/Lenovo/AppData/Local/Programs/MiKTeX/fonts/t
ype1/public/amsfonts/cm/cmsy10.pfb><C:/Users/Lenovo/AppData/Local/Programs/MiKT
eX/fonts/type1/public/amsfonts/cm/cmsy6.pfb><C:/Users/Lenovo/AppData/Local/Prog
rams/MiKTeX/fonts/type1/public/amsfonts/cm/cmsy8.pfb><C:/Users/Lenovo/AppData/L
ocal/Programs/MiKTeX/fonts/type1/public/amsfonts/euler/eufm10.pfb><C:/Users/Len
ovo/AppData/Local/Programs/MiKTeX/fonts/type1/public/amsfonts/symbols/msam10.pf
b><C:/Users/Lenovo/AppData/Local/Programs/MiKTeX/fonts/type1/public/amsfonts/sy
mbols/msbm10.pfb><C:/Users/Lenovo/AppData/Local/Programs/MiKTeX/fonts/type1/pub
lic/rsfs/rsfs10.pfb>
Output written on yang_mills_large_rigorous.pdf (977 pages, 6542617 bytes).
PDF statistics:
 22901 PDF objects out of 26593 (max. 8388607)
 8629 named destinations out of 8907 (max. 500000)
 14165 words of extra memory for PDF output out of 14400 (max. 10000000)

