This is pdfTeX, Version 3.141592653-2.6-1.40.27 (MiKTeX 25.4) (preloaded format=pdflatex 2025.11.16)  7 JAN 2026 14:43
entering extended mode
 restricted \write18 enabled.
 %&-line parsing enabled.
**./yang_mills_master_organized.tex
(yang_mills_master_organized.tex
LaTeX2e <2025-11-01>
L3 programming layer <2025-10-24>
(C:\Users\Lenovo\AppData\Local\Programs\MiKTeX\tex/latex/base\report.cls
Document Class: report 2025/01/22 v1.4n Standard LaTeX document class
(C:\Users\Lenovo\AppData\Local\Programs\MiKTeX\tex/latex/base\size11.clo
File: size11.clo 2025/01/22 v1.4n Standard LaTeX file (size option)
)
\c@part=\count275
\c@chapter=\count276
\c@section=\count277
\c@subsection=\count278
\c@subsubsection=\count279
\c@paragraph=\count280
\c@subparagraph=\count281
\c@figure=\count282
\c@table=\count283
\abovecaptionskip=\skip49
\belowcaptionskip=\skip50
\bibindent=\dimen148
)
(preamble.tex
(C:\Users\Lenovo\AppData\Local\Programs\MiKTeX\tex/latex/base\inputenc.sty
Package: inputenc 2024/02/08 v1.3d Input encoding file
\inpenc@prehook=\toks17
\inpenc@posthook=\toks18
)
(C:\Users\Lenovo\AppData\Local\Programs\MiKTeX\tex/latex/base\fontenc.sty
Package: fontenc 2025/07/18 v2.1d Standard LaTeX package
)
(C:\Users\Lenovo\AppData\Local\Programs\MiKTeX\tex/latex/amsmath\amsmath.sty
Package: amsmath 2025/07/09 v2.17z AMS math features
\@mathmargin=\skip51

For additional information on amsmath, use the `?' option.
(C:\Users\Lenovo\AppData\Local\Programs\MiKTeX\tex/latex/amsmath\amstext.sty
Package: amstext 2024/11/17 v2.01 AMS text

(C:\Users\Lenovo\AppData\Local\Programs\MiKTeX\tex/latex/amsmath\amsgen.sty
File: amsgen.sty 1999/11/30 v2.0 generic functions
\@emptytoks=\toks19
\ex@=\dimen149
))
(C:\Users\Lenovo\AppData\Local\Programs\MiKTeX\tex/latex/amsmath\amsbsy.sty
Package: amsbsy 1999/11/29 v1.2d Bold Symbols
\pmbraise@=\dimen150
)
(C:\Users\Lenovo\AppData\Local\Programs\MiKTeX\tex/latex/amsmath\amsopn.sty
Package: amsopn 2022/04/08 v2.04 operator names
)
\inf@bad=\count284
LaTeX Info: Redefining \frac on input line 233.
\uproot@=\count285
\leftroot@=\count286
LaTeX Info: Redefining \overline on input line 398.
LaTeX Info: Redefining \colon on input line 409.
\classnum@=\count287
\DOTSCASE@=\count288
LaTeX Info: Redefining \ldots on input line 495.
LaTeX Info: Redefining \dots on input line 498.
LaTeX Info: Redefining \cdots on input line 619.
\Mathstrutbox@=\box53
\strutbox@=\box54
LaTeX Info: Redefining \big on input line 721.
LaTeX Info: Redefining \Big on input line 722.
LaTeX Info: Redefining \bigg on input line 723.
LaTeX Info: Redefining \Bigg on input line 724.
\big@size=\dimen151
LaTeX Font Info:    Redeclaring font encoding OML on input line 742.
LaTeX Font Info:    Redeclaring font encoding OMS on input line 743.
\macc@depth=\count289
LaTeX Info: Redefining \bmod on input line 904.
LaTeX Info: Redefining \pmod on input line 909.
LaTeX Info: Redefining \smash on input line 939.
LaTeX Info: Redefining \relbar on input line 969.
LaTeX Info: Redefining \Relbar on input line 970.
\c@MaxMatrixCols=\count290
\dotsspace@=\muskip17
\c@parentequation=\count291
\dspbrk@lvl=\count292
\tag@help=\toks20
\row@=\count293
\column@=\count294
\maxfields@=\count295
\andhelp@=\toks21
\eqnshift@=\dimen152
\alignsep@=\dimen153
\tagshift@=\dimen154
\tagwidth@=\dimen155
\totwidth@=\dimen156
\lineht@=\dimen157
\@envbody=\toks22
\multlinegap=\skip52
\multlinetaggap=\skip53
\mathdisplay@stack=\toks23
LaTeX Info: Redefining \[ on input line 2950.
LaTeX Info: Redefining \] on input line 2951.
)
(C:\Users\Lenovo\AppData\Local\Programs\MiKTeX\tex/latex/amscls\amsthm.sty
Package: amsthm 2020/05/29 v2.20.6
\thm@style=\toks24
\thm@bodyfont=\toks25
\thm@headfont=\toks26
\thm@notefont=\toks27
\thm@headpunct=\toks28
\thm@preskip=\skip54
\thm@postskip=\skip55
\thm@headsep=\skip56
\dth@everypar=\toks29
)
(C:\Users\Lenovo\AppData\Local\Programs\MiKTeX\tex/latex/amsfonts\amssymb.sty
Package: amssymb 2013/01/14 v3.01 AMS font symbols

(C:\Users\Lenovo\AppData\Local\Programs\MiKTeX\tex/latex/amsfonts\amsfonts.sty
Package: amsfonts 2013/01/14 v3.01 Basic AMSFonts support
\symAMSa=\mathgroup4
\symAMSb=\mathgroup5
LaTeX Font Info:    Redeclaring math symbol \hbar on input line 98.
LaTeX Font Info:    Overwriting math alphabet `\mathfrak' in version `bold'
(Font)                  U/euf/m/n --> U/euf/b/n on input line 106.
))
(C:\Users\Lenovo\AppData\Local\Programs\MiKTeX\tex/latex/mathtools\mathtools.st
y
Package: mathtools 2024/10/04 v1.31 mathematical typesetting tools
 (C:\Users\Lenovo\AppData\Local\Programs\MiKTeX\tex/latex/graphics\keyval.sty
Package: keyval 2022/05/29 v1.15 key=value parser (DPC)
\KV@toks@=\toks30
) (C:\Users\Lenovo\AppData\Local\Programs\MiKTeX\tex/latex/tools\calc.sty
Package: calc 2025/03/01 v4.3b Infix arithmetic (KKT,FJ)
\calc@Acount=\count296
\calc@Bcount=\count297
\calc@Adimen=\dimen158
\calc@Bdimen=\dimen159
\calc@Askip=\skip57
\calc@Bskip=\skip58
LaTeX Info: Redefining \setlength on input line 86.
LaTeX Info: Redefining \addtolength on input line 87.
\calc@Ccount=\count298
\calc@Cskip=\skip59
)
(C:\Users\Lenovo\AppData\Local\Programs\MiKTeX\tex/latex/mathtools\mhsetup.sty
Package: mhsetup 2021/03/18 v1.4 programming setup (MH)
)
\g_MT_multlinerow_int=\count299
\l_MT_multwidth_dim=\dimen160
\origjot=\skip60
\l_MT_shortvdotswithinadjustabove_dim=\dimen161
\l_MT_shortvdotswithinadjustbelow_dim=\dimen162
\l_MT_above_intertext_sep=\dimen163
\l_MT_below_intertext_sep=\dimen164
\l_MT_above_shortintertext_sep=\dimen165
\l_MT_below_shortintertext_sep=\dimen166
\xmathstrut@box=\box55
\xmathstrut@dim=\dimen167
)
(C:\Users\Lenovo\AppData\Local\Programs\MiKTeX\tex/latex/jknappen\mathrsfs.sty
Package: mathrsfs 1996/01/01 Math RSFS package v1.0 (jk)
\symrsfs=\mathgroup6
) (C:\Users\Lenovo\AppData\Local\Programs\MiKTeX\tex/latex/enumitem\enumitem.st
y
Package: enumitem 2025/02/06 v3.11 Customized lists
\labelindent=\skip61
\enit@outerparindent=\dimen168
\enit@toks=\toks31
\enit@inbox=\box56
\enit@count@id=\count300
\enitdp@description=\count301
)
(C:\Users\Lenovo\AppData\Local\Programs\MiKTeX\tex/latex/geometry\geometry.sty
Package: geometry 2020/01/02 v5.9 Page Geometry

(C:\Users\Lenovo\AppData\Local\Programs\MiKTeX\tex/generic/iftex\ifvtex.sty
Package: ifvtex 2019/10/25 v1.7 ifvtex legacy package. Use iftex instead.

(C:\Users\Lenovo\AppData\Local\Programs\MiKTeX\tex/generic/iftex\iftex.sty
Package: iftex 2024/12/12 v1.0g TeX engine tests
))
\Gm@cnth=\count302
\Gm@cntv=\count303
\c@Gm@tempcnt=\count304
\Gm@bindingoffset=\dimen169
\Gm@wd@mp=\dimen170
\Gm@odd@mp=\dimen171
\Gm@even@mp=\dimen172
\Gm@layoutwidth=\dimen173
\Gm@layoutheight=\dimen174
\Gm@layouthoffset=\dimen175
\Gm@layoutvoffset=\dimen176
\Gm@dimlist=\toks32

(C:\Users\Lenovo\AppData\Local\Programs\MiKTeX\tex/latex/geometry\geometry.cfg)
)
(C:\Users\Lenovo\AppData\Local\Programs\MiKTeX\tex/latex/tcolorbox\tcolorbox.st
y
Package: tcolorbox 2025/09/09 version 6.8.0 text color boxes

(C:\Users\Lenovo\AppData\Local\Programs\MiKTeX\tex/latex/pgf/frontendlayer\tikz
.sty
(C:\Users\Lenovo\AppData\Local\Programs\MiKTeX\tex/latex/pgf/basiclayer\pgf.sty

(C:\Users\Lenovo\AppData\Local\Programs\MiKTeX\tex/latex/pgf/utilities\pgfrcs.s
ty
(C:\Users\Lenovo\AppData\Local\Programs\MiKTeX\tex/generic/pgf/utilities\pgfuti
l-common.tex
\pgfutil@everybye=\toks33
\pgfutil@tempdima=\dimen177
\pgfutil@tempdimb=\dimen178
)
(C:\Users\Lenovo\AppData\Local\Programs\MiKTeX\tex/generic/pgf/utilities\pgfuti
l-latex.def
\pgfutil@abb=\box57
)
(C:\Users\Lenovo\AppData\Local\Programs\MiKTeX\tex/generic/pgf/utilities\pgfrcs
.code.tex
(C:\Users\Lenovo\AppData\Local\Programs\MiKTeX\tex/generic/pgf\pgf.revision.tex
)
Package: pgfrcs 2025-08-29 v3.1.11a (3.1.11a)
))
Package: pgf 2025-08-29 v3.1.11a (3.1.11a)

(C:\Users\Lenovo\AppData\Local\Programs\MiKTeX\tex/latex/pgf/basiclayer\pgfcore
.sty
(C:\Users\Lenovo\AppData\Local\Programs\MiKTeX\tex/latex/graphics\graphicx.sty
Package: graphicx 2024/12/31 v1.2e Enhanced LaTeX Graphics (DPC,SPQR)

(C:\Users\Lenovo\AppData\Local\Programs\MiKTeX\tex/latex/graphics\graphics.sty
Package: graphics 2024/08/06 v1.4g Standard LaTeX Graphics (DPC,SPQR)

(C:\Users\Lenovo\AppData\Local\Programs\MiKTeX\tex/latex/graphics\trig.sty
Package: trig 2023/12/02 v1.11 sin cos tan (DPC)
)
(C:\Users\Lenovo\AppData\Local\Programs\MiKTeX\tex/latex/graphics-cfg\graphics.
cfg
File: graphics.cfg 2016/06/04 v1.11 sample graphics configuration
)
Package graphics Info: Driver file: pdftex.def on input line 106.

(C:\Users\Lenovo\AppData\Local\Programs\MiKTeX\tex/latex/graphics-def\pdftex.de
f
File: pdftex.def 2025/09/29 v1.2d Graphics/color driver for pdftex
))
\Gin@req@height=\dimen179
\Gin@req@width=\dimen180
)
(C:\Users\Lenovo\AppData\Local\Programs\MiKTeX\tex/latex/pgf/systemlayer\pgfsys
.sty
(C:\Users\Lenovo\AppData\Local\Programs\MiKTeX\tex/generic/pgf/systemlayer\pgfs
ys.code.tex
Package: pgfsys 2025-08-29 v3.1.11a (3.1.11a)

(C:\Users\Lenovo\AppData\Local\Programs\MiKTeX\tex/generic/pgf/utilities\pgfkey
s.code.tex
\pgfkeys@pathtoks=\toks34
\pgfkeys@temptoks=\toks35

(C:\Users\Lenovo\AppData\Local\Programs\MiKTeX\tex/generic/pgf/utilities\pgfkey
slibraryfiltered.code.tex
\pgfkeys@tmptoks=\toks36
))
\pgf@x=\dimen181
\pgf@y=\dimen182
\pgf@xa=\dimen183
\pgf@ya=\dimen184
\pgf@xb=\dimen185
\pgf@yb=\dimen186
\pgf@xc=\dimen187
\pgf@yc=\dimen188
\pgf@xd=\dimen189
\pgf@yd=\dimen190
\w@pgf@writea=\write3
\r@pgf@reada=\read2
\c@pgf@counta=\count305
\c@pgf@countb=\count306
\c@pgf@countc=\count307
\c@pgf@countd=\count308
\t@pgf@toka=\toks37
\t@pgf@tokb=\toks38
\t@pgf@tokc=\toks39
\pgf@sys@id@count=\count309

(C:\Users\Lenovo\AppData\Local\Programs\MiKTeX\tex/generic/pgf/systemlayer\pgf.
cfg
File: pgf.cfg 2025-08-29 v3.1.11a (3.1.11a)
)
Driver file for pgf: pgfsys-pdftex.def

(C:\Users\Lenovo\AppData\Local\Programs\MiKTeX\tex/generic/pgf/systemlayer\pgfs
ys-pdftex.def
File: pgfsys-pdftex.def 2025-08-29 v3.1.11a (3.1.11a)

(C:\Users\Lenovo\AppData\Local\Programs\MiKTeX\tex/generic/pgf/systemlayer\pgfs
ys-common-pdf.def
File: pgfsys-common-pdf.def 2025-08-29 v3.1.11a (3.1.11a)
)))
(C:\Users\Lenovo\AppData\Local\Programs\MiKTeX\tex/generic/pgf/systemlayer\pgfs
yssoftpath.code.tex
File: pgfsyssoftpath.code.tex 2025-08-29 v3.1.11a (3.1.11a)
\pgfsyssoftpath@smallbuffer@items=\count310
\pgfsyssoftpath@bigbuffer@items=\count311
)
(C:\Users\Lenovo\AppData\Local\Programs\MiKTeX\tex/generic/pgf/systemlayer\pgfs
ysprotocol.code.tex
File: pgfsysprotocol.code.tex 2025-08-29 v3.1.11a (3.1.11a)
))
(C:\Users\Lenovo\AppData\Local\Programs\MiKTeX\tex/latex/xcolor\xcolor.sty
Package: xcolor 2024/09/29 v3.02 LaTeX color extensions (UK)

(C:\Users\Lenovo\AppData\Local\Programs\MiKTeX\tex/latex/graphics-cfg\color.cfg
File: color.cfg 2016/01/02 v1.6 sample color configuration
)
Package xcolor Info: Driver file: pdftex.def on input line 274.

(C:\Users\Lenovo\AppData\Local\Programs\MiKTeX\tex/latex/graphics\mathcolor.ltx
)
Package xcolor Info: Model `cmy' substituted by `cmy0' on input line 1349.
Package xcolor Info: Model `hsb' substituted by `rgb' on input line 1353.
Package xcolor Info: Model `RGB' extended on input line 1365.
Package xcolor Info: Model `HTML' substituted by `rgb' on input line 1367.
Package xcolor Info: Model `Hsb' substituted by `hsb' on input line 1368.
Package xcolor Info: Model `tHsb' substituted by `hsb' on input line 1369.
Package xcolor Info: Model `HSB' substituted by `hsb' on input line 1370.
Package xcolor Info: Model `Gray' substituted by `gray' on input line 1371.
Package xcolor Info: Model `wave' substituted by `hsb' on input line 1372.
)
(C:\Users\Lenovo\AppData\Local\Programs\MiKTeX\tex/generic/pgf/basiclayer\pgfco
re.code.tex
Package: pgfcore 2025-08-29 v3.1.11a (3.1.11a)

(C:\Users\Lenovo\AppData\Local\Programs\MiKTeX\tex/generic/pgf/math\pgfmath.cod
e.tex
(C:\Users\Lenovo\AppData\Local\Programs\MiKTeX\tex/generic/pgf/math\pgfmathutil
.code.tex)
(C:\Users\Lenovo\AppData\Local\Programs\MiKTeX\tex/generic/pgf/math\pgfmathpars
er.code.tex
\pgfmath@dimen=\dimen191
\pgfmath@count=\count312
\pgfmath@box=\box58
\pgfmath@toks=\toks40
\pgfmath@stack@operand=\toks41
\pgfmath@stack@operation=\toks42
)
(C:\Users\Lenovo\AppData\Local\Programs\MiKTeX\tex/generic/pgf/math\pgfmathfunc
tions.code.tex)
(C:\Users\Lenovo\AppData\Local\Programs\MiKTeX\tex/generic/pgf/math\pgfmathfunc
tions.basic.code.tex)
(C:\Users\Lenovo\AppData\Local\Programs\MiKTeX\tex/generic/pgf/math\pgfmathfunc
tions.trigonometric.code.tex)
(C:\Users\Lenovo\AppData\Local\Programs\MiKTeX\tex/generic/pgf/math\pgfmathfunc
tions.random.code.tex)
(C:\Users\Lenovo\AppData\Local\Programs\MiKTeX\tex/generic/pgf/math\pgfmathfunc
tions.comparison.code.tex)
(C:\Users\Lenovo\AppData\Local\Programs\MiKTeX\tex/generic/pgf/math\pgfmathfunc
tions.base.code.tex)
(C:\Users\Lenovo\AppData\Local\Programs\MiKTeX\tex/generic/pgf/math\pgfmathfunc
tions.round.code.tex)
(C:\Users\Lenovo\AppData\Local\Programs\MiKTeX\tex/generic/pgf/math\pgfmathfunc
tions.misc.code.tex)
(C:\Users\Lenovo\AppData\Local\Programs\MiKTeX\tex/generic/pgf/math\pgfmathfunc
tions.integerarithmetics.code.tex)
(C:\Users\Lenovo\AppData\Local\Programs\MiKTeX\tex/generic/pgf/math\pgfmathcalc
.code.tex)
(C:\Users\Lenovo\AppData\Local\Programs\MiKTeX\tex/generic/pgf/math\pgfmathfloa
t.code.tex
\c@pgfmathroundto@lastzeros=\count313
))
(C:\Users\Lenovo\AppData\Local\Programs\MiKTeX\tex/generic/pgf/math\pgfint.code
.tex)
(C:\Users\Lenovo\AppData\Local\Programs\MiKTeX\tex/generic/pgf/basiclayer\pgfco
repoints.code.tex
File: pgfcorepoints.code.tex 2025-08-29 v3.1.11a (3.1.11a)
\pgf@picminx=\dimen192
\pgf@picmaxx=\dimen193
\pgf@picminy=\dimen194
\pgf@picmaxy=\dimen195
\pgf@pathminx=\dimen196
\pgf@pathmaxx=\dimen197
\pgf@pathminy=\dimen198
\pgf@pathmaxy=\dimen199
\pgf@xx=\dimen256
\pgf@xy=\dimen257
\pgf@yx=\dimen258
\pgf@yy=\dimen259
\pgf@zx=\dimen260
\pgf@zy=\dimen261
)
(C:\Users\Lenovo\AppData\Local\Programs\MiKTeX\tex/generic/pgf/basiclayer\pgfco
repathconstruct.code.tex
File: pgfcorepathconstruct.code.tex 2025-08-29 v3.1.11a (3.1.11a)
\pgf@path@lastx=\dimen262
\pgf@path@lasty=\dimen263
)
(C:\Users\Lenovo\AppData\Local\Programs\MiKTeX\tex/generic/pgf/basiclayer\pgfco
repathusage.code.tex
File: pgfcorepathusage.code.tex 2025-08-29 v3.1.11a (3.1.11a)
\pgf@shorten@end@additional=\dimen264
\pgf@shorten@start@additional=\dimen265
)
(C:\Users\Lenovo\AppData\Local\Programs\MiKTeX\tex/generic/pgf/basiclayer\pgfco
rescopes.code.tex
File: pgfcorescopes.code.tex 2025-08-29 v3.1.11a (3.1.11a)
\pgfpic=\box59
\pgf@hbox=\box60
\pgf@layerbox@main=\box61
\pgf@picture@serial@count=\count314
)
(C:\Users\Lenovo\AppData\Local\Programs\MiKTeX\tex/generic/pgf/basiclayer\pgfco
regraphicstate.code.tex
File: pgfcoregraphicstate.code.tex 2025-08-29 v3.1.11a (3.1.11a)
\pgflinewidth=\dimen266
)
(C:\Users\Lenovo\AppData\Local\Programs\MiKTeX\tex/generic/pgf/basiclayer\pgfco
retransformations.code.tex
File: pgfcoretransformations.code.tex 2025-08-29 v3.1.11a (3.1.11a)
\pgf@pt@x=\dimen267
\pgf@pt@y=\dimen268
\pgf@pt@temp=\dimen269
)
(C:\Users\Lenovo\AppData\Local\Programs\MiKTeX\tex/generic/pgf/basiclayer\pgfco
requick.code.tex
File: pgfcorequick.code.tex 2025-08-29 v3.1.11a (3.1.11a)
)
(C:\Users\Lenovo\AppData\Local\Programs\MiKTeX\tex/generic/pgf/basiclayer\pgfco
reobjects.code.tex
File: pgfcoreobjects.code.tex 2025-08-29 v3.1.11a (3.1.11a)
)
(C:\Users\Lenovo\AppData\Local\Programs\MiKTeX\tex/generic/pgf/basiclayer\pgfco
repathprocessing.code.tex
File: pgfcorepathprocessing.code.tex 2025-08-29 v3.1.11a (3.1.11a)
)
(C:\Users\Lenovo\AppData\Local\Programs\MiKTeX\tex/generic/pgf/basiclayer\pgfco
rearrows.code.tex
File: pgfcorearrows.code.tex 2025-08-29 v3.1.11a (3.1.11a)
\pgfarrowsep=\dimen270
)
(C:\Users\Lenovo\AppData\Local\Programs\MiKTeX\tex/generic/pgf/basiclayer\pgfco
reshade.code.tex
File: pgfcoreshade.code.tex 2025-08-29 v3.1.11a (3.1.11a)
\pgf@max=\dimen271
\pgf@sys@shading@range@num=\count315
\pgf@shadingcount=\count316
)
(C:\Users\Lenovo\AppData\Local\Programs\MiKTeX\tex/generic/pgf/basiclayer\pgfco
reimage.code.tex
File: pgfcoreimage.code.tex 2025-08-29 v3.1.11a (3.1.11a)
)
(C:\Users\Lenovo\AppData\Local\Programs\MiKTeX\tex/generic/pgf/basiclayer\pgfco
reexternal.code.tex
File: pgfcoreexternal.code.tex 2025-08-29 v3.1.11a (3.1.11a)
\pgfexternal@startupbox=\box62
)
(C:\Users\Lenovo\AppData\Local\Programs\MiKTeX\tex/generic/pgf/basiclayer\pgfco
relayers.code.tex
File: pgfcorelayers.code.tex 2025-08-29 v3.1.11a (3.1.11a)
)
(C:\Users\Lenovo\AppData\Local\Programs\MiKTeX\tex/generic/pgf/basiclayer\pgfco
retransparency.code.tex
File: pgfcoretransparency.code.tex 2025-08-29 v3.1.11a (3.1.11a)
)
(C:\Users\Lenovo\AppData\Local\Programs\MiKTeX\tex/generic/pgf/basiclayer\pgfco
repatterns.code.tex
File: pgfcorepatterns.code.tex 2025-08-29 v3.1.11a (3.1.11a)
)
(C:\Users\Lenovo\AppData\Local\Programs\MiKTeX\tex/generic/pgf/basiclayer\pgfco
rerdf.code.tex
File: pgfcorerdf.code.tex 2025-08-29 v3.1.11a (3.1.11a)
)))
(C:\Users\Lenovo\AppData\Local\Programs\MiKTeX\tex/generic/pgf/modules\pgfmodul
eshapes.code.tex
File: pgfmoduleshapes.code.tex 2025-08-29 v3.1.11a (3.1.11a)
\pgfnodeparttextbox=\box63
)
(C:\Users\Lenovo\AppData\Local\Programs\MiKTeX\tex/generic/pgf/modules\pgfmodul
eplot.code.tex
File: pgfmoduleplot.code.tex 2025-08-29 v3.1.11a (3.1.11a)
)
(C:\Users\Lenovo\AppData\Local\Programs\MiKTeX\tex/latex/pgf/compatibility\pgfc
omp-version-0-65.sty
Package: pgfcomp-version-0-65 2025-08-29 v3.1.11a (3.1.11a)
\pgf@nodesepstart=\dimen272
\pgf@nodesepend=\dimen273
)
(C:\Users\Lenovo\AppData\Local\Programs\MiKTeX\tex/latex/pgf/compatibility\pgfc
omp-version-1-18.sty
Package: pgfcomp-version-1-18 2025-08-29 v3.1.11a (3.1.11a)
))
(C:\Users\Lenovo\AppData\Local\Programs\MiKTeX\tex/latex/pgf/utilities\pgffor.s
ty
(C:\Users\Lenovo\AppData\Local\Programs\MiKTeX\tex/latex/pgf/utilities\pgfkeys.
sty
(C:\Users\Lenovo\AppData\Local\Programs\MiKTeX\tex/generic/pgf/utilities\pgfkey
s.code.tex))
(C:\Users\Lenovo\AppData\Local\Programs\MiKTeX\tex/latex/pgf/math\pgfmath.sty
(C:\Users\Lenovo\AppData\Local\Programs\MiKTeX\tex/generic/pgf/math\pgfmath.cod
e.tex))
(C:\Users\Lenovo\AppData\Local\Programs\MiKTeX\tex/generic/pgf/utilities\pgffor
.code.tex
Package: pgffor 2025-08-29 v3.1.11a (3.1.11a)
\pgffor@iter=\dimen274
\pgffor@skip=\dimen275
\pgffor@stack=\toks43
\pgffor@toks=\toks44
))
(C:\Users\Lenovo\AppData\Local\Programs\MiKTeX\tex/generic/pgf/frontendlayer/ti
kz\tikz.code.tex
Package: tikz 2025-08-29 v3.1.11a (3.1.11a)

(C:\Users\Lenovo\AppData\Local\Programs\MiKTeX\tex/generic/pgf/libraries\pgflib
raryplothandlers.code.tex
File: pgflibraryplothandlers.code.tex 2025-08-29 v3.1.11a (3.1.11a)
\pgf@plot@mark@count=\count317
\pgfplotmarksize=\dimen276
)
\tikz@lastx=\dimen277
\tikz@lasty=\dimen278
\tikz@lastxsaved=\dimen279
\tikz@lastysaved=\dimen280
\tikz@lastmovetox=\dimen281
\tikz@lastmovetoy=\dimen282
\tikzleveldistance=\dimen283
\tikzsiblingdistance=\dimen284
\tikz@figbox=\box64
\tikz@figbox@bg=\box65
\tikz@tempbox=\box66
\tikz@tempbox@bg=\box67
\tikztreelevel=\count318
\tikznumberofchildren=\count319
\tikznumberofcurrentchild=\count320
\tikz@fig@count=\count321

(C:\Users\Lenovo\AppData\Local\Programs\MiKTeX\tex/generic/pgf/modules\pgfmodul
ematrix.code.tex
File: pgfmodulematrix.code.tex 2025-08-29 v3.1.11a (3.1.11a)
\pgfmatrixcurrentrow=\count322
\pgfmatrixcurrentcolumn=\count323
\pgf@matrix@numberofcolumns=\count324
)
\tikz@expandcount=\count325

(C:\Users\Lenovo\AppData\Local\Programs\MiKTeX\tex/generic/pgf/frontendlayer/ti
kz/libraries\tikzlibrarytopaths.code.tex
File: tikzlibrarytopaths.code.tex 2025-08-29 v3.1.11a (3.1.11a)
)))
(C:\Users\Lenovo\AppData\Local\Programs\MiKTeX\tex/latex/tools\verbatim.sty
Package: verbatim 2024-01-22 v1.5x LaTeX2e package for verbatim enhancements
\every@verbatim=\toks45
\verbatim@line=\toks46
\verbatim@in@stream=\read3
)
(C:\Users\Lenovo\AppData\Local\Programs\MiKTeX\tex/latex/environ\environ.sty
Package: environ 2014/05/04 v0.3 A new way to define environments

(C:\Users\Lenovo\AppData\Local\Programs\MiKTeX\tex/latex/trimspaces\trimspaces.
sty
Package: trimspaces 2009/09/17 v1.1 Trim spaces around a token list
))
(C:\Users\Lenovo\AppData\Local\Programs\MiKTeX\tex/latex/etoolbox\etoolbox.sty
Package: etoolbox 2025/10/02 v2.5m e-TeX tools for LaTeX (JAW)
\etb@tempcnta=\count326
)
\tcb@titlebox=\box68
\tcb@upperbox=\box69
\tcb@lowerbox=\box70
\tcb@phantombox=\box71
\c@tcbbreakpart=\count327
\c@tcblayer=\count328
\c@tcolorbox@number=\count329
\l__tcobox_tmpa_box=\box72
\l__tcobox_tmpa_dim=\dimen285
\tcb@temp=\box73
\tcb@temp=\box74
\tcb@temp=\box75
\tcb@temp=\box76
) (C:\Users\Lenovo\AppData\Local\Programs\MiKTeX\tex/latex/cancel\cancel.sty
Package: cancel 2013/04/12 v2.2 Cancel math terms
)
(C:\Users\Lenovo\AppData\Local\Programs\MiKTeX\tex/latex/carlisle\slashed.sty
Package: slashed 1997/01/16 v0.01 Feynman Slashed Character Notation (DPC)
)
(C:\Users\Lenovo\AppData\Local\Programs\MiKTeX\tex/latex/tools\array.sty
Package: array 2025/09/25 v2.6n Tabular extension package (FMi)
\col@sep=\dimen286
\ar@mcellbox=\box77
\extrarowheight=\dimen287
\NC@list=\toks47
\extratabsurround=\skip62
\backup@length=\skip63
\ar@cellbox=\box78
)
(C:\Users\Lenovo\AppData\Local\Programs\MiKTeX\tex/latex/booktabs\booktabs.sty
Package: booktabs 2020/01/12 v1.61803398 Publication quality tables
\heavyrulewidth=\dimen288
\lightrulewidth=\dimen289
\cmidrulewidth=\dimen290
\belowrulesep=\dimen291
\belowbottomsep=\dimen292
\aboverulesep=\dimen293
\abovetopsep=\dimen294
\cmidrulesep=\dimen295
\cmidrulekern=\dimen296
\defaultaddspace=\dimen297
\@cmidla=\count330
\@cmidlb=\count331
\@aboverulesep=\dimen298
\@belowrulesep=\dimen299
\@thisruleclass=\count332
\@lastruleclass=\count333
\@thisrulewidth=\dimen300
) (C:\Users\Lenovo\AppData\Local\Programs\MiKTeX\tex/latex/tools\longtable.sty
Package: longtable 2025-10-13 v4.24 Multi-page Table package (DPC)
\LTleft=\skip64
\LTright=\skip65
\LTpre=\skip66
\LTpost=\skip67
\LTchunksize=\count334
\LTcapwidth=\dimen301
\LT@head=\box79
\LT@firsthead=\box80
\LT@foot=\box81
\LT@lastfoot=\box82
\LT@gbox=\box83
\LT@cols=\count335
\LT@rows=\count336
\c@LT@tables=\count337
\c@LT@chunks=\count338
\LT@p@ftn=\toks48
)
(C:\Users\Lenovo\AppData\Local\Programs\MiKTeX\tex/generic/pgf/frontendlayer/ti
kz/libraries\tikzlibrarypositioning.code.tex
File: tikzlibrarypositioning.code.tex 2025-08-29 v3.1.11a (3.1.11a)
)
(C:\Users\Lenovo\AppData\Local\Programs\MiKTeX\tex/generic/pgf/libraries\pgflib
raryarrows.meta.code.tex
File: pgflibraryarrows.meta.code.tex 2025-08-29 v3.1.11a (3.1.11a)
\pgfarrowinset=\dimen302
\pgfarrowlength=\dimen303
\pgfarrowwidth=\dimen304
\pgfarrowlinewidth=\dimen305
)
(C:\Users\Lenovo\AppData\Local\Programs\MiKTeX\tex/generic/pgf/frontendlayer/ti
kz/libraries\tikzlibraryshapes.geometric.code.tex
File: tikzlibraryshapes.geometric.code.tex 2025-08-29 v3.1.11a (3.1.11a)

(C:\Users\Lenovo\AppData\Local\Programs\MiKTeX\tex/generic/pgf/libraries/shapes
\pgflibraryshapes.geometric.code.tex
File: pgflibraryshapes.geometric.code.tex 2025-08-29 v3.1.11a (3.1.11a)
))
(C:\Users\Lenovo\AppData\Local\Programs\MiKTeX\tex/latex/hyperref\hyperref.sty
Package: hyperref 2025-07-12 v7.01o Hypertext links for LaTeX

(C:\Users\Lenovo\AppData\Local\Programs\MiKTeX\tex/latex/kvsetkeys\kvsetkeys.st
y
Package: kvsetkeys 2022-10-05 v1.19 Key value parser (HO)
)
(C:\Users\Lenovo\AppData\Local\Programs\MiKTeX\tex/generic/kvdefinekeys\kvdefin
ekeys.sty
Package: kvdefinekeys 2019-12-19 v1.6 Define keys (HO)
)
(C:\Users\Lenovo\AppData\Local\Programs\MiKTeX\tex/generic/pdfescape\pdfescape.
sty
Package: pdfescape 2019/12/09 v1.15 Implements pdfTeX's escape features (HO)

(C:\Users\Lenovo\AppData\Local\Programs\MiKTeX\tex/generic/ltxcmds\ltxcmds.sty
Package: ltxcmds 2023-12-04 v1.26 LaTeX kernel commands for general use (HO)
)
(C:\Users\Lenovo\AppData\Local\Programs\MiKTeX\tex/generic/pdftexcmds\pdftexcmd
s.sty
Package: pdftexcmds 2020-06-27 v0.33 Utility functions of pdfTeX for LuaTeX (HO
)

(C:\Users\Lenovo\AppData\Local\Programs\MiKTeX\tex/generic/infwarerr\infwarerr.
sty
Package: infwarerr 2019/12/03 v1.5 Providing info/warning/error messages (HO)
)
Package pdftexcmds Info: \pdf@primitive is available.
Package pdftexcmds Info: \pdf@ifprimitive is available.
Package pdftexcmds Info: \pdfdraftmode found.
))
(C:\Users\Lenovo\AppData\Local\Programs\MiKTeX\tex/latex/hycolor\hycolor.sty
Package: hycolor 2020-01-27 v1.10 Color options for hyperref/bookmark (HO)
)
(C:\Users\Lenovo\AppData\Local\Programs\MiKTeX\tex/latex/hyperref\nameref.sty
Package: nameref 2025-06-21 v2.57 Cross-referencing by name of section

(C:\Users\Lenovo\AppData\Local\Programs\MiKTeX\tex/latex/refcount\refcount.sty
Package: refcount 2019/12/15 v3.6 Data extraction from label references (HO)
)
(C:\Users\Lenovo\AppData\Local\Programs\MiKTeX\tex/generic/gettitlestring\getti
tlestring.sty
Package: gettitlestring 2019/12/15 v1.6 Cleanup title references (HO)

(C:\Users\Lenovo\AppData\Local\Programs\MiKTeX\tex/latex/kvoptions\kvoptions.st
y
Package: kvoptions 2022-06-15 v3.15 Key value format for package options (HO)
))
\c@section@level=\count339
)
(C:\Users\Lenovo\AppData\Local\Programs\MiKTeX\tex/generic/stringenc\stringenc.
sty
Package: stringenc 2019/11/29 v1.12 Convert strings between diff. encodings (HO
)
)
\@linkdim=\dimen306
\Hy@linkcounter=\count340
\Hy@pagecounter=\count341

(C:\Users\Lenovo\AppData\Local\Programs\MiKTeX\tex/latex/hyperref\pd1enc.def
File: pd1enc.def 2025-07-12 v7.01o Hyperref: PDFDocEncoding definition (HO)
Now handling font encoding PD1 ...
... no UTF-8 mapping file for font encoding PD1
)
(C:\Users\Lenovo\AppData\Local\Programs\MiKTeX\tex/generic/intcalc\intcalc.sty
Package: intcalc 2019/12/15 v1.3 Expandable calculations with integers (HO)
)
\Hy@SavedSpaceFactor=\count342
(C:\Users\Lenovo\AppData\Local\Programs\MiKTeX\tex/latex/hyperref\puenc.def
File: puenc.def 2025-07-12 v7.01o Hyperref: PDF Unicode definition (HO)
Now handling font encoding PU ...
... no UTF-8 mapping file for font encoding PU
)
Package hyperref Info: Option `breaklinks' set `true' on input line 4066.
Package hyperref Info: Hyper figures OFF on input line 4195.
Package hyperref Info: Link nesting OFF on input line 4200.
Package hyperref Info: Hyper index ON on input line 4203.
Package hyperref Info: Plain pages OFF on input line 4210.
Package hyperref Info: Backreferencing OFF on input line 4215.
Package hyperref Info: Implicit mode ON; LaTeX internals redefined.
Package hyperref Info: Bookmarks ON on input line 4462.
\c@Hy@tempcnt=\count343

(C:\Users\Lenovo\AppData\Local\Programs\MiKTeX\tex/latex/url\url.sty
\Urlmuskip=\muskip18
Package: url 2013/09/16  ver 3.4  Verb mode for urls, etc.
)
LaTeX Info: Redefining \url on input line 4801.
\XeTeXLinkMargin=\dimen307

(C:\Users\Lenovo\AppData\Local\Programs\MiKTeX\tex/generic/bitset\bitset.sty
Package: bitset 2019/12/09 v1.3 Handle bit-vector datatype (HO)

(C:\Users\Lenovo\AppData\Local\Programs\MiKTeX\tex/generic/bigintcalc\bigintcal
c.sty
Package: bigintcalc 2019/12/15 v1.5 Expandable calculations on big integers (HO
)
))
\Fld@menulength=\count344
\Field@Width=\dimen308
\Fld@charsize=\dimen309
Package hyperref Info: Hyper figures OFF on input line 6078.
Package hyperref Info: Link nesting OFF on input line 6083.
Package hyperref Info: Hyper index ON on input line 6086.
Package hyperref Info: backreferencing OFF on input line 6093.
Package hyperref Info: Link coloring OFF on input line 6098.
Package hyperref Info: Link coloring with OCG OFF on input line 6103.
Package hyperref Info: PDF/A mode OFF on input line 6108.
\Hy@abspage=\count345
\c@Item=\count346
\c@Hfootnote=\count347
)
Package hyperref Info: Driver: hpdftex.

(C:\Users\Lenovo\AppData\Local\Programs\MiKTeX\tex/latex/hyperref\hpdftex.def
File: hpdftex.def 2025-07-12 v7.01o Hyperref driver for pdfTeX
\Fld@listcount=\count348
\c@bookmark@seq@number=\count349

(C:\Users\Lenovo\AppData\Local\Programs\MiKTeX\tex/latex/rerunfilecheck\rerunfi
lecheck.sty
Package: rerunfilecheck 2025-06-21 v1.11 Rerun checks for auxiliary files (HO)

(C:\Users\Lenovo\AppData\Local\Programs\MiKTeX\tex/generic/uniquecounter\unique
counter.sty
Package: uniquecounter 2019/12/15 v1.4 Provide unlimited unique counter (HO)
)
Package uniquecounter Info: New unique counter `rerunfilecheck' on input line 2
84.
)
\Hy@SectionHShift=\skip68
)
Package hyperref Info: Option `colorlinks' set `true' on input line 56.
\c@theorem=\count350

(C:\Users\Lenovo\AppData\Local\Programs\MiKTeX\tex/generic/alphalph\alphalph.st
y
Package: alphalph 2019/12/09 v2.6 Convert numbers to letters (HO)
)) (document-info.tex)
(C:\Users\Lenovo\AppData\Local\Programs\MiKTeX\tex/latex/l3backend\l3backend-pd
ftex.def
File: l3backend-pdftex.def 2025-10-09 L3 backend support: PDF output (pdfTeX)
\l__color_backend_stack_int=\count351
) (yang_mills_master_organized.aux

LaTeX Warning: Label `app:hard_analysis_derivations' multiply defined.


LaTeX Warning: Label `sec:microcausality' multiply defined.


LaTeX Warning: Label `sec:battle_federbush' multiply defined.

)
\openout1 = `yang_mills_master_organized.aux'.

LaTeX Font Info:    Checking defaults for OML/cmm/m/it on input line 5.
LaTeX Font Info:    ... okay on input line 5.
LaTeX Font Info:    Checking defaults for OMS/cmsy/m/n on input line 5.
LaTeX Font Info:    ... okay on input line 5.
LaTeX Font Info:    Checking defaults for OT1/cmr/m/n on input line 5.
LaTeX Font Info:    ... okay on input line 5.
LaTeX Font Info:    Checking defaults for T1/cmr/m/n on input line 5.
LaTeX Font Info:    ... okay on input line 5.
LaTeX Font Info:    Checking defaults for TS1/cmr/m/n on input line 5.
LaTeX Font Info:    ... okay on input line 5.
LaTeX Font Info:    Checking defaults for OMX/cmex/m/n on input line 5.
LaTeX Font Info:    ... okay on input line 5.
LaTeX Font Info:    Checking defaults for U/cmr/m/n on input line 5.
LaTeX Font Info:    ... okay on input line 5.
LaTeX Font Info:    Checking defaults for PD1/pdf/m/n on input line 5.
LaTeX Font Info:    ... okay on input line 5.
LaTeX Font Info:    Checking defaults for PU/pdf/m/n on input line 5.
LaTeX Font Info:    ... okay on input line 5.

*geometry* driver: auto-detecting
*geometry* detected driver: pdftex
*geometry* verbose mode - [ preamble ] result:
* driver: pdftex
* paper: a4paper
* layout: <same size as paper>
* layoutoffset:(h,v)=(0.0pt,0.0pt)
* modes: 
* h-part:(L,W,R)=(72.26999pt, 452.9679pt, 72.26999pt)
* v-part:(T,H,B)=(72.26999pt, 700.50687pt, 72.26999pt)
* \paperwidth=597.50787pt
* \paperheight=845.04684pt
* \textwidth=452.9679pt
* \textheight=700.50687pt
* \oddsidemargin=0.0pt
* \evensidemargin=0.0pt
* \topmargin=-37.0pt
* \headheight=12.0pt
* \headsep=25.0pt
* \topskip=11.0pt
* \footskip=30.0pt
* \marginparwidth=50.0pt
* \marginparsep=10.0pt
* \columnsep=10.0pt
* \skip\footins=10.0pt plus 4.0pt minus 2.0pt
* \hoffset=0.0pt
* \voffset=0.0pt
* \mag=1000
* \@twocolumnfalse
* \@twosidefalse
* \@mparswitchfalse
* \@reversemarginfalse
* (1in=72.27pt=25.4mm, 1cm=28.453pt)


(C:\Users\Lenovo\AppData\Local\Programs\MiKTeX\tex/context/base/mkii\supp-pdf.m
kii
[Loading MPS to PDF converter (version 2006.09.02).]
\scratchcounter=\count352
\scratchdimen=\dimen310
\scratchbox=\box84
\nofMPsegments=\count353
\nofMParguments=\count354
\everyMPshowfont=\toks49
\MPscratchCnt=\count355
\MPscratchDim=\dimen311
\MPnumerator=\count356
\makeMPintoPDFobject=\count357
\everyMPtoPDFconversion=\toks50
)
(C:\Users\Lenovo\AppData\Local\Programs\MiKTeX\tex/latex/epstopdf-pkg\epstopdf-
base.sty
Package: epstopdf-base 2020-01-24 v2.11 Base part for package epstopdf
Package epstopdf-base Info: Redefining graphics rule for `.eps' on input line 4
85.

(C:\Users\Lenovo\AppData\Local\Programs\MiKTeX\tex/latex/00miktex\epstopdf-sys.
cfg
File: epstopdf-sys.cfg 2021/03/18 v2.0 Configuration of epstopdf for MiKTeX
))
Package hyperref Info: Link coloring ON on input line 5.
 (yang_mills_master_organized.out) (yang_mills_master_organized.out)
\@outlinefile=\write4
\openout4 = `yang_mills_master_organized.out'.

LaTeX Font Info:    Trying to load font information for U+msa on input line 7.

(C:\Users\Lenovo\AppData\Local\Programs\MiKTeX\tex/latex/amsfonts\umsa.fd
File: umsa.fd 2013/01/14 v3.01 AMS symbols A
)
LaTeX Font Info:    Trying to load font information for U+msb on input line 7.

(C:\Users\Lenovo\AppData\Local\Programs\MiKTeX\tex/latex/amsfonts\umsb.fd
File: umsb.fd 2013/01/14 v3.01 AMS symbols B
)
LaTeX Font Info:    Trying to load font information for U+rsfs on input line 7.


(C:\Users\Lenovo\AppData\Local\Programs\MiKTeX\tex/latex/jknappen\ursfs.fd
File: ursfs.fd 1998/03/24 rsfs font definition file (jk)
)
[1

{C:/Users/Lenovo/AppData/Local/MiKTeX/fonts/map/pdftex/pdftex.map}]
(abstract_final.tex)
pdfTeX warning (ext4): destination with the same identifier (name{page.1}) has 
been already used, duplicate ignored
<to be read again> 
                   \relax 
l.9 \end{abstract}
                   [1] (yang_mills_master_organized.toc
pdfTeX warning (ext4): destination with the same identifier (name{page.1}) has 
been already used, duplicate ignored
<to be read again> 
                   \relax 
l.40 ...ithmic Besov Spaces}{49}{subsection.4.1.2}
                                                  % [1

] [2] [3] [4]
Overfull \hbox (0.99817pt too wide) detected at line 215
\T1/cmr/m/n/10.95 R.10.10 
 []

[5] [6] [7] [8] [9] [10] [11] [12] [13] [14] [15] [16]

! LaTeX Error: Counter too large.

See the LaTeX manual or LaTeX Companion for explanation.
Type  H <return>  for immediate help.
 ...                                              
                                                  
l.901 ...(Lattice Topology)}{494}{appendix.Alph27}
                                                  %
You've lost some text. Try typing <return> to proceed.
If that doesn't work, type X <return> to quit.


! LaTeX Error: Counter too large.

See the LaTeX manual or LaTeX Companion for explanation.
Type  H <return>  for immediate help.
 ...                                              
                                                  
l.909 ...nd Gauge Structure}{496}{appendix.Alph28}
                                                  %
You've lost some text. Try typing <return> to proceed.
If that doesn't work, type X <return> to quit.


! LaTeX Error: Counter too large.

See the LaTeX manual or LaTeX Companion for explanation.
Type  H <return>  for immediate help.
 ...                                              
                                                  
l.927 ...able Independence)}{502}{appendix.Alph29}
                                                  %
You've lost some text. Try typing <return> to proceed.
If that doesn't work, type X <return> to quit.


! LaTeX Error: Counter too large.

See the LaTeX manual or LaTeX Companion for explanation.
Type  H <return>  for immediate help.
 ...                                              
                                                  
l.934 ...braic Confinement)}{504}{appendix.Alph30}
                                                  %
You've lost some text. Try typing <return> to proceed.
If that doesn't work, type X <return> to quit.

[17]

! LaTeX Error: Counter too large.

See the LaTeX manual or LaTeX Companion for explanation.
Type  H <return>  for immediate help.
 ...                                              
                                                  
l.941 ...ve QFT Foundations}{506}{appendix.Alph31}
                                                  %
You've lost some text. Try typing <return> to proceed.
If that doesn't work, type X <return> to quit.


! LaTeX Error: Counter too large.

See the LaTeX manual or LaTeX Companion for explanation.
Type  H <return>  for immediate help.
 ...                                              
                                                  
l.956 ...orentz Invariance)}{510}{appendix.Alph32}
                                                  %
You've lost some text. Try typing <return> to proceed.
If that doesn't work, type X <return> to quit.


! LaTeX Error: Counter too large.

See the LaTeX manual or LaTeX Companion for explanation.
Type  H <return>  for immediate help.
 ...                                              
                                                  
l.964 ...logical Stability)}{512}{appendix.Alph33}
                                                  %
You've lost some text. Try typing <return> to proceed.
If that doesn't work, type X <return> to quit.


! LaTeX Error: Counter too large.

See the LaTeX manual or LaTeX Companion for explanation.
Type  H <return>  for immediate help.
 ...                                              
                                                  
l.974 ...ure and Uniqueness}{515}{appendix.Alph34}
                                                  %
You've lost some text. Try typing <return> to proceed.
If that doesn't work, type X <return> to quit.


! LaTeX Error: Counter too large.

See the LaTeX manual or LaTeX Companion for explanation.
Type  H <return>  for immediate help.
 ...                                              
                                                  
l.976 ...ster Decomposition}{516}{appendix.Alph35}
                                                  %
You've lost some text. Try typing <return> to proceed.
If that doesn't work, type X <return> to quit.


! LaTeX Error: Counter too large.

See the LaTeX manual or LaTeX Companion for explanation.
Type  H <return>  for immediate help.
 ...                                              
                                                  
l.985 ...Mathematical Tools}{519}{appendix.Alph36}
                                                  %
You've lost some text. Try typing <return> to proceed.
If that doesn't work, type X <return> to quit.

[18]

! LaTeX Error: Counter too large.

See the LaTeX manual or LaTeX Companion for explanation.
Type  H <return>  for immediate help.
 ...                                              
                                                  
l.1001 ...gularity Control)}{541}{appendix.Alph37}
                                                  %
You've lost some text. Try typing <return> to proceed.
If that doesn't work, type X <return> to quit.


! LaTeX Error: Counter too large.

See the LaTeX manual or LaTeX Companion for explanation.
Type  H <return>  for immediate help.
 ...                                              
                                                  
l.1009 ... (Spectral Decay)}{544}{appendix.Alph38}
                                                  %
You've lost some text. Try typing <return> to proceed.
If that doesn't work, type X <return> to quit.


! LaTeX Error: Counter too large.

See the LaTeX manual or LaTeX Companion for explanation.
Type  H <return>  for immediate help.
 ...                                              
                                                  
l.1015 ...bative Ambiguity)}{546}{appendix.Alph39}
                                                  %
You've lost some text. Try typing <return> to proceed.
If that doesn't work, type X <return> to quit.


! LaTeX Error: Counter too large.

See the LaTeX manual or LaTeX Companion for explanation.
Type  H <return>  for immediate help.
 ...                                              
                                                  
l.1022 ... Lattice Fermions}{548}{appendix.Alph40}
                                                  %
You've lost some text. Try typing <return> to proceed.
If that doesn't work, type X <return> to quit.


! LaTeX Error: Counter too large.

See the LaTeX manual or LaTeX Companion for explanation.
Type  H <return>  for immediate help.
 ...                                              
                                                  
l.1034 ...Transport Methods}{551}{appendix.Alph41}
                                                  %
You've lost some text. Try typing <return> to proceed.
If that doesn't work, type X <return> to quit.


! LaTeX Error: Counter too large.

See the LaTeX manual or LaTeX Companion for explanation.
Type  H <return>  for immediate help.
 ...                                              
                                                  
l.1044 ...cation Checklists}{554}{appendix.Alph42}
                                                  %
You've lost some text. Try typing <return> to proceed.
If that doesn't work, type X <return> to quit.

[19] [20]

! LaTeX Error: Counter too large.

See the LaTeX manual or LaTeX Companion for explanation.
Type  H <return>  for immediate help.
 ...                                              
                                                  
l.1145 ...ofs and Synthesis}{612}{appendix.Alph43}
                                                  %
You've lost some text. Try typing <return> to proceed.
If that doesn't work, type X <return> to quit.

[21]
Overfull \hbox (0.99817pt too wide) detected at line 1223
\T1/cmr/m/n/10.95 R.10.10 
 []


Overfull \hbox (0.99817pt too wide) detected at line 1225
\T1/cmr/m/n/10.95 R.10.11 
 []


Overfull \hbox (0.99817pt too wide) detected at line 1226
\T1/cmr/m/n/10.95 R.10.12 
 []

[22]
Overfull \hbox (0.99817pt too wide) detected at line 1227
\T1/cmr/m/n/10.95 R.10.13 
 []


Overfull \hbox (0.99817pt too wide) detected at line 1228
\T1/cmr/m/n/10.95 R.10.14 
 []


Overfull \hbox (0.99817pt too wide) detected at line 1229
\T1/cmr/m/n/10.95 R.10.15 
 []


Overfull \hbox (0.99817pt too wide) detected at line 1230
\T1/cmr/m/n/10.95 R.10.16 
 []


Overfull \hbox (0.99817pt too wide) detected at line 1246
\T1/cmr/m/n/10.95 R.12.10 
 []


Overfull \hbox (0.99817pt too wide) detected at line 1247
\T1/cmr/m/n/10.95 R.12.11 
 []


Overfull \hbox (0.99817pt too wide) detected at line 1258
\T1/cmr/m/n/10.95 R.13.10 
 []


Overfull \hbox (0.99817pt too wide) detected at line 1259
\T1/cmr/m/n/10.95 R.13.11 
 []

[23] [24]

! LaTeX Error: Counter too large.

See the LaTeX manual or LaTeX Companion for explanation.
Type  H <return>  for immediate help.
 ...                                              
                                                  
l.1375 ...Status Assessment}{755}{appendix.Alph44}
                                                  %
You've lost some text. Try typing <return> to proceed.
If that doesn't work, type X <return> to quit.

[25] [26]

! LaTeX Error: Counter too large.

See the LaTeX manual or LaTeX Companion for explanation.
Type  H <return>  for immediate help.
 ...                                              
                                                  
l.1535 ...ning of Arguments}{815}{appendix.Alph45}
                                                  %
You've lost some text. Try typing <return> to proceed.
If that doesn't work, type X <return> to quit.

[27]

! LaTeX Error: Counter too large.

See the LaTeX manual or LaTeX Companion for explanation.
Type  H <return>  for immediate help.
 ...                                              
                                                  
l.1619 ...tical Derivations}{834}{appendix.Alph46}
                                                  %
You've lost some text. Try typing <return> to proceed.
If that doesn't work, type X <return> to quit.

[28]

! LaTeX Error: Counter too large.

See the LaTeX manual or LaTeX Companion for explanation.
Type  H <return>  for immediate help.
 ...                                              
                                                  
l.1763 ...Future Directions}{854}{appendix.Alph47}
                                                  %
You've lost some text. Try typing <return> to proceed.
If that doesn't work, type X <return> to quit.

[29]

! LaTeX Error: Counter too large.

See the LaTeX manual or LaTeX Companion for explanation.
Type  H <return>  for immediate help.
 ...                                              
                                                  
l.1773 ...ymptotic Analysis}{865}{appendix.Alph48}
                                                  %
You've lost some text. Try typing <return> to proceed.
If that doesn't work, type X <return> to quit.


! LaTeX Error: Counter too large.

See the LaTeX manual or LaTeX Companion for explanation.
Type  H <return>  for immediate help.
 ...                                              
                                                  
l.1795 ...Technical Details}{875}{appendix.Alph49}
                                                  %
You've lost some text. Try typing <return> to proceed.
If that doesn't work, type X <return> to quit.


! LaTeX Error: Counter too large.

See the LaTeX manual or LaTeX Companion for explanation.
Type  H <return>  for immediate help.
 ...                                              
                                                  
l.1796 ...of Adjoint Matter}{876}{appendix.Alph50}
                                                  %
You've lost some text. Try typing <return> to proceed.
If that doesn't work, type X <return> to quit.


! LaTeX Error: Counter too large.

See the LaTeX manual or LaTeX Companion for explanation.
Type  H <return>  for immediate help.
 ...                                              
                                                  
l.1801 ...s for Adjoint QCD}{878}{appendix.Alph51}
                                                  %
You've lost some text. Try typing <return> to proceed.
If that doesn't work, type X <return> to quit.

[30] [31]

! LaTeX Error: Counter too large.

See the LaTeX manual or LaTeX Companion for explanation.
Type  H <return>  for immediate help.
 ...                                              
                                                  
l.1879 ...Technical Queries}{914}{appendix.Alph52}
                                                  %
You've lost some text. Try typing <return> to proceed.
If that doesn't work, type X <return> to quit.


! LaTeX Error: Counter too large.

See the LaTeX manual or LaTeX Companion for explanation.
Type  H <return>  for immediate help.
 ...                                              
                                                  
l.1907 ...sted Verification}{934}{appendix.Alph53}
                                                  %
You've lost some text. Try typing <return> to proceed.
If that doesn't work, type X <return> to quit.


! LaTeX Error: Counter too large.

See the LaTeX manual or LaTeX Companion for explanation.
Type  H <return>  for immediate help.
 ...                                              
                                                  
l.1916 ...esults and Status}{939}{appendix.Alph54}
                                                  %
You've lost some text. Try typing <return> to proceed.
If that doesn't work, type X <return> to quit.

[32]

! LaTeX Error: Counter too large.

See the LaTeX manual or LaTeX Companion for explanation.
Type  H <return>  for immediate help.
 ...                                              
                                                  
l.1930 ...hnical Appendices}{943}{appendix.Alph55}
                                                  %
You've lost some text. Try typing <return> to proceed.
If that doesn't work, type X <return> to quit.


! LaTeX Error: Counter too large.

See the LaTeX manual or LaTeX Companion for explanation.
Type  H <return>  for immediate help.
 ...                                              
                                                  
l.1931 ...n of the Mass Gap}{944}{appendix.Alph56}
                                                  %
You've lost some text. Try typing <return> to proceed.
If that doesn't work, type X <return> to quit.


! LaTeX Error: Counter too large.

See the LaTeX manual or LaTeX Companion for explanation.
Type  H <return>  for immediate help.
 ...                                              
                                                  
l.1939 ...u Order Parameter}{946}{appendix.Alph57}
                                                  %
You've lost some text. Try typing <return> to proceed.
If that doesn't work, type X <return> to quit.


! LaTeX Error: Counter too large.

See the LaTeX manual or LaTeX Companion for explanation.
Type  H <return>  for immediate help.
 ...                                              
                                                  
l.1945 ...via Symanzik Flow}{948}{appendix.Alph58}
                                                  %
You've lost some text. Try typing <return> to proceed.
If that doesn't work, type X <return> to quit.


! LaTeX Error: Counter too large.

See the LaTeX manual or LaTeX Companion for explanation.
Type  H <return>  for immediate help.
 ...                                              
                                                  
l.1954 ...s Bounds to SU(N)}{951}{appendix.Alph59}
                                                  %
You've lost some text. Try typing <return> to proceed.
If that doesn't work, type X <return> to quit.


! LaTeX Error: Counter too large.

See the LaTeX manual or LaTeX Companion for explanation.
Type  H <return>  for immediate help.
 ...                                              
                                                  
l.1964 ...and Open Problems}{955}{appendix.Alph60}
                                                  %
You've lost some text. Try typing <return> to proceed.
If that doesn't work, type X <return> to quit.

[33])
\tf@toc=\write5
\openout5 = `yang_mills_master_organized.toc'.

 [34]

! LaTeX Error: Counter too large.

See the LaTeX manual or LaTeX Companion for explanation.
Type  H <return>  for immediate help.
 ...                                              
                                                  
l.48   Appendix~\ref{ch:variance}
                                  (Transport Methods)
You've lost some text. Try typing <return> to proceed.
If that doesn't work, type X <return> to quit.


! LaTeX Error: Counter too large.

See the LaTeX manual or LaTeX Companion for explanation.
Type  H <return>  for immediate help.
 ...                                              
                                                  
l.57   Appendix~\ref{ch:constructive-qft}
                                          (Osterwalder--Schrader, Index Theory)

You've lost some text. Try typing <return> to proceed.
If that doesn't work, type X <return> to quit.


! LaTeX Error: Counter too large.

See the LaTeX manual or LaTeX Companion for explanation.
Type  H <return>  for immediate help.
 ...                                              
                                                  
l.61   Appendix~\ref{ch:computer-verify}
                                         (Computer-Verifiable Components)
You've lost some text. Try typing <return> to proceed.
If that doesn't work, type X <return> to quit.


! LaTeX Error: Counter too large.

See the LaTeX manual or LaTeX Companion for explanation.
Type  H <return>  for immediate help.
 ...                                              
                                                  
l.64   Appendix~\ref{ch:roadmaps}
                                  (Step-by-Step Guides),
You've lost some text. Try typing <return> to proceed.
If that doesn't work, type X <return> to quit.


! LaTeX Error: Counter too large.

See the LaTeX manual or LaTeX Companion for explanation.
Type  H <return>  for immediate help.
 ...                                              
                                                  
l.65   Appendix~\ref{ch:synthesis}
                                   (Complete Proofs)
You've lost some text. Try typing <return> to proceed.
If that doesn't work, type X <return> to quit.


! LaTeX Error: Counter too large.

See the LaTeX manual or LaTeX Companion for explanation.
Type  H <return>  for immediate help.
 ...                                              
                                                  
l.68   Appendix~\ref{ch:assessment}
                                    (Honest Assessment),
You've lost some text. Try typing <return> to proceed.
If that doesn't work, type X <return> to quit.


! LaTeX Error: Counter too large.

See the LaTeX manual or LaTeX Companion for explanation.
Type  H <return>  for immediate help.
 ...                                              
                                                  
l.69   Appendix~\ref{ch:resolution-summary}
                                            (Status Summary)
You've lost some text. Try typing <return> to proceed.
If that doesn't work, type X <return> to quit.

[35

] [36

] (sec01_introduction_final.tex

Package hyperref Warning: Difference (2) between bookmark levels is greater 
(hyperref)                than one, level fixed on input line 1.


Package hyperref Warning: Difference (2) between bookmark levels is greater 
(hyperref)                than one, level fixed on input line 6.

[37

]) (sec02_lattice_foundations_final.tex

! LaTeX Error: Counter too large.

See the LaTeX manual or LaTeX Companion for explanation.
Type  H <return>  for immediate help.
 ...                                              
                                                  
l.4 ...} (see Appendix \ref{ch:fix9_index_theorem}
                                                  ), which are necessary to ...

You've lost some text. Try typing <return> to proceed.
If that doesn't work, type X <return> to quit.


! LaTeX Error: Counter too large.

See the LaTeX manual or LaTeX Companion for explanation.
Type  H <return>  for immediate help.
 ...                                              
                                                  
l.10 ...ndix \ref{ch:fix53_mandelstam_constraints}
                                                  ), we rigorously define th...

You've lost some text. Try typing <return> to proceed.
If that doesn't work, type X <return> to quit.

[38]
Overfull \hbox (2.20187pt too wide) in paragraph at lines 26--28
\T1/cmr/m/n/10.95 where $\OML/cmm/m/it/10.95 U[] \OT1/cmr/m/n/10.95 = \OML/cmm/
m/it/10.95 U[]U[]U[]U[]$\T1/cmr/m/n/10.95 . The lat-tice mea-sure is $\OML/cmm/
m/it/10.95 d^^V[] \OT1/cmr/m/n/10.95 = \OML/cmm/m/it/10.95 Z[]e[] [][] dU[]$\T1
/cmr/m/n/10.95 ,
 []


! LaTeX Error: Counter too large.

See the LaTeX manual or LaTeX Companion for explanation.
Type  H <return>  for immediate help.
 ...                                              
                                                  
l.50 ...ity" (Appendix \ref{ch:fix9_index_theorem}
                                                  ).
You've lost some text. Try typing <return> to proceed.
If that doesn't work, type X <return> to quit.


! LaTeX Error: Counter too large.

See the LaTeX manual or LaTeX Companion for explanation.
Type  H <return>  for immediate help.
 ...                                              
                                                  
l.53 ...int (Appendix \ref{ch:fix62_admissibility}
                                                  ):
You've lost some text. Try typing <return> to proceed.
If that doesn't work, type X <return> to quit.

[39]) [40] [41

]
Chapter 1.
(sec03_strong_coupling_final.tex [42


] [43]) [44]
Chapter 2.
(sec04_adjoint_interpolation_final.tex

Package hyperref Warning: Token not allowed in a PDF string (Unicode):
(hyperref)                removing `math shift' on input line 17.


Package hyperref Warning: Token not allowed in a PDF string (Unicode):
(hyperref)                removing `math shift' on input line 17.

[45

]) [46]
Chapter 3.
(sec05_weak_coupling_final.tex) [47

] [48]
Chapter 4.
(sec06_continuum_limit_final.tex [49

]

! LaTeX Error: Counter too large.

See the LaTeX manual or LaTeX Companion for explanation.
Type  H <return>  for immediate help.
 ...                                              
                                                  
l.38 ...2)} (Appendix \ref{ch:fix62_admissibility}
                                                  ) ensures that the fiber b...

You've lost some text. Try typing <return> to proceed.
If that doesn't work, type X <return> to quit.

) [50] [51

] (sec07_conclusion_final.tex

Package hyperref Warning: Difference (2) between bookmark levels is greater 
(hyperref)                than one, level fixed on input line 1.


Package hyperref Warning: Difference (2) between bookmark levels is greater 
(hyperref)                than one, level fixed on input line 4.


Overfull \hbox (1.35721pt too wide) in paragraph at lines 19--20
[]\T1/cmr/m/n/10.95 All tech-ni-cal flaws iden-ti-fied in prior heuris-tic ap-p
roaches^^Vspecifically the bound-ary marginal
 []

) [52

] [53] [54

]
Appendix A.
(app29_mathematical_prerequisites.tex [55


]

LaTeX Warning: Reference `thm:holder-bounds' on page 56 undefined on input line
 103.

) (app30_key_estimates.tex [56]

LaTeX Warning: Reference `def:string-tension' on page 57 undefined on input lin
e 40.


LaTeX Warning: Reference `thm:wilson-mono' on page 57 undefined on input line 4
4.

) (app195_mathematical_architecture.tex [57]
Appendix B.
[58

]

! LaTeX Error: Counter too large.

See the LaTeX manual or LaTeX Companion for explanation.
Type  H <return>  for immediate help.
 ...                                              
                                                  
l.34 ...ix \ref{ch:fix53_mandelstam_constraints}.}
                                                   Definition of the physica...

You've lost some text. Try typing <return> to proceed.
If that doesn't work, type X <return> to quit.


! LaTeX Error: Counter too large.

See the LaTeX manual or LaTeX Companion for explanation.
Type  H <return>  for immediate help.
 ...                                              
                                                  
l.36 ...in Appendix \ref{ch:fix62_admissibility}.}
                                                   Topological bundle recons...

You've lost some text. Try typing <return> to proceed.
If that doesn't work, type X <return> to quit.


! LaTeX Error: Counter too large.

See the LaTeX manual or LaTeX Companion for explanation.
Type  H <return>  for immediate help.
 ...                                              
                                                  
l.44 ...Appendix \ref{ch:fix17_stratified_hardy}.}
                                                   Control of Gribov singula...

You've lost some text. Try typing <return> to proceed.
If that doesn't work, type X <return> to quit.


! LaTeX Error: Counter too large.

See the LaTeX manual or LaTeX Companion for explanation.
Type  H <return>  for immediate help.
 ...                                              
                                                  
l.46 ... in Appendix \ref{ch:fix9_index_theorem}.}
                                                   Topological protection of...

You've lost some text. Try typing <return> to proceed.
If that doesn't work, type X <return> to quit.


! LaTeX Error: Counter too large.

See the LaTeX manual or LaTeX Companion for explanation.
Type  H <return>  for immediate help.
 ...                                              
                                                  
l.50 ...ppendix \ref{ch:fix33_helffer_sjostrand}.}
                                                   Spectral gap implies spat...

You've lost some text. Try typing <return> to proceed.
If that doesn't work, type X <return> to quit.

[59]

! LaTeX Error: Counter too large.

See the LaTeX manual or LaTeX Companion for explanation.
Type  H <return>  for immediate help.
 ...                                              
                                                  
l.64 ...ented in Appendix \ref{ch:fix7_symanzik}.}
                                                   Recovery of Lorentz invar...

You've lost some text. Try typing <return> to proceed.
If that doesn't work, type X <return> to quit.


! LaTeX Error: Counter too large.

See the LaTeX manual or LaTeX Companion for explanation.
Type  H <return>  for immediate help.
 ...                                              
                                                  
l.66 ...ed in Appendix \ref{ch:fix37_resurgence}.}
                                                   Real-valuedness of the va...

You've lost some text. Try typing <return> to proceed.
If that doesn't work, type X <return> to quit.


! LaTeX Error: Counter too large.

See the LaTeX manual or LaTeX Companion for explanation.
Type  H <return>  for immediate help.
 ...                                              
                                                  
l.73 ...ed in Appendix \ref{ch:fix37_resurgence}.}
                                                  
You've lost some text. Try typing <return> to proceed.
If that doesn't work, type X <return> to quit.


! LaTeX Error: Counter too large.

See the LaTeX manual or LaTeX Companion for explanation.
Type  H <return>  for immediate help.
 ...                                              
                                                  
l.81 ... in Appendix \ref{ch:fix9_index_theorem}.}
                                                   (See also Fix 20).
You've lost some text. Try typing <return> to proceed.
If that doesn't work, type X <return> to quit.


! LaTeX Error: Counter too large.

See the LaTeX manual or LaTeX Companion for explanation.
Type  H <return>  for immediate help.
 ...                                              
                                                  
l.82 ...ppendix \ref{ch:fix11_vacuum_uniqueness}.}
                                                   Cluster decomposition.
You've lost some text. Try typing <return> to proceed.
If that doesn't work, type X <return> to quit.

[60]

! LaTeX Error: Counter too large.

See the LaTeX manual or LaTeX Companion for explanation.
Type  H <return>  for immediate help.
 ...                                              
                                                  
l.96 ...n Appendix \ref{ch:fix51_thooft_algebra}.}
                                                   Algebraic enforcement of ...

You've lost some text. Try typing <return> to proceed.
If that doesn't work, type X <return> to quit.

) [61]
Appendix C.
(app31_verification_of_non-circularity.tex

LaTeX Warning: Reference `sec:transfer' on page 62 undefined on input line 16.


Overfull \hbox (0.23347pt too wide) in paragraph at lines 16--18
[]\T1/cmr/bx/n/10.95 Transfer Ma-trix \T1/cmr/m/n/10.95 (Sec-tion []): \T1/cmr/
m/it/10.95 De-pends on: \T1/cmr/m/n/10.95 Lat-tice con-struc-tion, com-pact-nes
s of $\OML/cmm/m/it/10.95 SU\OT1/cmr/m/n/10.95 (\OML/cmm/m/it/10.95 N\OT1/cmr/m
/n/10.95 )$\T1/cmr/m/n/10.95 . 
 []


LaTeX Warning: Reference `subsec:complex-path' on page 62 undefined on input li
ne 26.


LaTeX Warning: Reference `subsec:balaban-fermions' on page 62 undefined on inpu
t line 30.

[62

]

LaTeX Warning: Reference `thm:continuum-exists' on page 63 undefined on input l
ine 89.


LaTeX Warning: Reference `thm:holder-bounds' on page 63 undefined on input line
 99.

[63]

LaTeX Warning: Reference `thm:analyticity' on page 64 undefined on input line 1
09.


LaTeX Warning: Reference `lem:analyticity-direct' on page 64 undefined on input
 line 109.

) (app102_non_circular_proofs.tex [64]
LaTeX Font Info:    Trying to load font information for U+euf on input line 40.


(C:\Users\Lenovo\AppData\Local\Programs\MiKTeX\tex/latex/amsfonts\ueuf.fd
File: ueuf.fd 2013/01/14 v3.01 Euler Fraktur
)
[65] [66] [67] [68] [69] [70] [71] [72]) (app115_technical_verifications.tex
[73] [74] [75] [76] [77]) [78]
Appendix D.
(app35_introduction_alternative_mathematical_frameworks.tex

LaTeX Warning: Reference `thm:bessel-su2' on page 79 undefined on input line 6.



LaTeX Warning: Reference `thm:bessel-su3' on page 79 undefined on input line 7.


) (app36_framework_1_stochastic_geometric_analysis_of_cente.tex
Overfull \hbox (19.82516pt too wide) in paragraph at lines 21--24
[][]\T1/cmr/bx/n/10.95 Definition B.1 \T1/cmr/m/n/10.95 (Cen-ter Vor-tex Con-fi
g-u-ra-tion Space)\T1/cmr/bx/n/10.95 . []\T1/cmr/m/it/10.95 Let $\OMS/cmsy/m/n/
10.95 V[]$ \T1/cmr/m/it/10.95 de-note the space of closed codimension-
 []

[79

] [80]) (app37_framework_2_alternative_giles-teper_via_spectral_g.tex
[81] [82] [83]) (app39_framework_4_uniform_control_via_concentration_of_m.tex
[84]) (app43_framework_1_quaternionic_spectral_flow_for_su2.tex [85] [86])
(app44_framework_2_octonion-enhanced_curvature_for_su3.tex [87])
(app45_framework_3_holomorphic_anomaly_cancellation_for_v.tex [88])
(app52_rigorous_pde_and_functional_analysis_framework.tex [89]
Overfull \hbox (0.54834pt too wide) in paragraph at lines 36--39
[]\T1/cmr/m/n/10.95 The op-er-a-tor $\OML/cmm/m/it/10.95 H[]$ \T1/cmr/m/n/10.95
 is a second-order el-lip-tic op-er-a-tor on the com-pact man-i-fold $\OMS/cmsy
/m/n/10.95 M \OT1/cmr/m/n/10.95 = \OML/cmm/m/it/10.95 SU\OT1/cmr/m/n/10.95 (\OM
L/cmm/m/it/10.95 N\OT1/cmr/m/n/10.95 )[]$
 []

[90]

LaTeX Warning: Reference `thm:holder-bounds' on page 91 undefined on input line
 135.

[91] [92] [93] [94] [95] [96]

LaTeX Warning: Reference `thm:scale-generation' on page 97 undefined on input l
ine 547.

) (app58_pde_and_geometric_analysis_perspective.tex [97] [98] [99])
(app62_advanced_mathematical_framework_spectral_geometry_.tex
Overfull \hbox (6.56624pt too wide) in paragraph at lines 1--1
[]\T1/cmr/bx/n/14.4 Advanced Math-e-mat-i-cal Meth-ods: Spec-tral Ge-om-e-try o
f Gauge
 []

[100] [101] [102] [103]

LaTeX Warning: Reference `thm:full-os' on page 104 undefined on input line 305.


) (app65_functional_analytic_methods.tex [104] [105] [106] [107]) [108]
Appendix E.
(app34_novel_mathematical_framework_addressing_key_gaps.tex [109

] [110]
[111] [112] [113] [114] [115] [116] [117] [118]

LaTeX Warning: Reference `thm:gap-all-beta' on page 119 undefined on input line
 777.


LaTeX Warning: Reference `thm:gap-all-beta' on page 119 undefined on input line
 792.

[119]

LaTeX Warning: Reference `thm:gap-all-beta' on page 120 undefined on input line
 829.

[120] [121

]) (app40_new_mathematics_complete_resolution_of_the_four_ga.tex
pdfTeX warning (ext4): destination with the same identifier (name{section.E.1})
 has been already used, duplicate ignored
<to be read again> 
                   \relax 
l.1 ...Complete Resolution of the Four Challenges}
                                                  

Package hyperref Warning: Difference (2) between bookmark levels is greater 
(hyperref)                than one, level fixed on input line 1.


pdfTeX warning (ext4): destination with the same identifier (name{subsection.E.
1.1}) has been already used, duplicate ignored
<to be read again> 
                   \relax 
l.10 ...Tension Positivity via Entropic Curvature}
                                                  

Package hyperref Warning: Difference (2) between bookmark levels is greater 
(hyperref)                than one, level fixed on input line 10.


pdfTeX warning (ext4): destination with the same identifier (name{theorem.E.1.1
}) has been already used, duplicate ignored
<to be read again> 
                   \relax 
l.13 F
      or a Riemannian manifold $(M, g)$ with Laplace-Beltrami operator $\Del...

pdfTeX warning (ext4): destination with the same identifier (name{theorem.E.1.2
}) has been already used, duplicate ignored
<to be read again> 
                   \relax 
l.22 T
      he compact Lie group $\SU(N)$ with bi-invariant metric satisfies:
pdfTeX warning (ext4): destination with the same identifier (name{theorem.E.1.3
}) has been already used, duplicate ignored
<to be read again> 
                   \relax 
l.43 F
      or $\SU(N)$ lattice Yang-Mills at any coupling $\beta > 0$:
pdfTeX warning (ext4): destination with the same identifier (name{subsection.E.
1.2}) has been already used, duplicate ignored
<to be read again> 
                   \relax 
l.68 ...s Giles-Teper Bound via Optimal Transport}
                                                  
pdfTeX warning (ext4): destination with the same identifier (name{theorem.E.1.4
}) has been already used, duplicate ignored
<to be read again> 
                   \relax 
l.72 F
      or $\SU(N)$ lattice Yang-Mills with string tension $\sigma > 0$: [122

]
pdfTeX warning (ext4): destination with the same identifier (name{subsection.E.
1.3}) has been already used, duplicate ignored
<to be read again> 
                   \relax 
l.116 ...plicit Constants via Heat Kernel Methods}
                                                  
pdfTeX warning (ext4): destination with the same identifier (name{theorem.E.1.5
}) has been already used, duplicate ignored
<to be read again> 
                   \relax 
l.120 F
       or $\SU(N)$ Yang-Mills in $d = 4$, the rigorous lower bound is:
pdfTeX warning (ext4): destination with the same identifier (name{subsection.E.
1.4}) has been already used, duplicate ignored
<to be read again> 
                   \relax 
l.145 ... Coupling via Bakry-Ã‰mery Interpolation}
                                                  
pdfTeX warning (ext4): destination with the same identifier (name{theorem.E.1.6
}) has been already used, duplicate ignored
<to be read again> 
                   \relax 
l.149 F
       or $\SU(N)$ Yang-Mills in $d = 4$ and all $\beta \in (0, \infty)$:
[123]) (app53_complete_rigorous_resolution_of_critical_gaps.tex [124]

LaTeX Warning: Reference `thm:transfer-spectral' on page 125 undefined on input
 line 60.


LaTeX Warning: Reference `def:string-tension' on page 125 undefined on input li
ne 61.


LaTeX Warning: Reference `thm:rp-positivity' on page 125 undefined on input lin
e 62.


LaTeX Warning: Reference `thm:analyticity' on page 125 undefined on input line 
78.


LaTeX Warning: Reference `thm:wilson-mono' on page 125 undefined on input line 
80.

[125]

LaTeX Warning: Reference `thm:wilson-mono' on page 126 undefined on input line 
143.


LaTeX Warning: Reference `thm:analyticity' on page 126 undefined on input line 
144.

[126]

LaTeX Warning: Reference `thm:transfer-spectral' on page 127 undefined on input
 line 206.


LaTeX Warning: Reference `thm:continuum-lyapunov' on page 127 undefined on inpu
t line 258.

[127]

LaTeX Warning: Reference `thm:unique-gibbs' on page 128 undefined on input line
 293.


LaTeX Warning: Reference `thm:scale-generation' on page 128 undefined on input 
line 309.

[128]

LaTeX Warning: Reference `thm:scale-generation' on page 129 undefined on input 
line 399.

[129] [130] [131]

LaTeX Warning: Reference `sec:string' on page 132 undefined on input line 571.


LaTeX Warning: Reference `sec:continuum' on page 132 undefined on input line 57
2.


LaTeX Warning: Reference `sec:osterwalder' on page 132 undefined on input line 
572.


LaTeX Warning: Reference `thm:perron-frobenius' on page 132 undefined on input 
line 612.

[132]

LaTeX Warning: Reference `thm:scale-generation' on page 133 undefined on input 
line 676.

[133]

LaTeX Warning: Reference `sec:transfer' on page 134 undefined on input line 733
.


LaTeX Warning: Reference `sec:string' on page 134 undefined on input line 734.

[134] [135] [136]

LaTeX Warning: Reference `thm:unique-gibbs' on page 137 undefined on input line
 917.


LaTeX Warning: Reference `thm:continuum-exists' on page 137 undefined on input 
line 938.


LaTeX Warning: Reference `thm:perron-frobenius' on page 137 undefined on input 
line 941.


LaTeX Warning: Reference `sec:gauge-invariance' on page 137 undefined on input 
line 943.

) (app59_complete_resolution_of_remaining_gaps_and_conjectu.tex [137] [138]
[139]

LaTeX Warning: Reference `thm:curv_gap' on page 140 undefined on input line 192
.


LaTeX Warning: Reference `sec:factorization' on page 140 undefined on input lin
e 206.


LaTeX Warning: Reference `thm:continuum-exists' on page 140 undefined on input 
line 238.

[140]

LaTeX Warning: Reference `def:eps-fact' on page 141 undefined on input line 254
.


LaTeX Warning: Reference `thm:wilson-convergence' on page 141 undefined on inpu
t line 280.


LaTeX Warning: Reference `thm:wightman' on page 141 undefined on input line 285
.

[141] [142] [143] [144] [145] [146] [147] [148] [149]

LaTeX Warning: Reference `thm:equicontinuity' on page 150 undefined on input li
ne 989.


LaTeX Warning: Reference `thm:convex-analytic' on page 150 undefined on input l
ine 1002.

[150]
Overfull \hbox (6.94875pt too wide) in paragraph at lines 1017--1019
[]\T1/cmr/bx/n/10.95 OS0 (An-a-lyt-ic-ity): \T1/cmr/m/n/10.95 The con-tin-uum c
or-re-la-tors are an-a-lytic in po-si-tions (for non-coincident
 []


LaTeX Warning: Reference `thm:pure-spectral-gap' on page 151 undefined on input
 line 1034.


LaTeX Warning: Reference `thm:ratio-bound' on page 151 undefined on input line 
1041.


LaTeX Warning: Reference `thm:sigma-positive-continuum' on page 151 undefined o
n input line 1055.


LaTeX Warning: Reference `thm:equicontinuity' on page 151 undefined on input li
ne 1077.

[151]

LaTeX Warning: Reference `thm:pure-spectral-gap' on page 152 undefined on input
 line 1098.


LaTeX Warning: Reference `thm:full-os' on page 152 undefined on input line 1100
.

) (app68_gap_1_infinite-volume_string_tension_via_adjoint_f.tex [152])
(app69_gap_2_continuum_limit_via_stochastic_geometric_flo.tex [153] [154]

LaTeX Warning: Reference `thm:sigma-positive-all-beta' on page 155 undefined on
 input line 182.

[155]) (app70_gap_3_uniform_log-sobolev_inequality_via_hierarchi.tex
Overfull \hbox (18.44981pt too wide) in paragraph at lines 1--1
[]\T1/cmr/bx/n/14.4 Challenge 3: Uni-form Log-Sobolev In-equal-ity via RG-Impro
ved
 []

[156]

LaTeX Warning: Reference `sec:cluster-expansion' on page 157 undefined on input
 line 89.

[157]

LaTeX Warning: Reference `thm:marginal-lsi' on page 158 undefined on input line
 124.

) (app71_gap_4_rigorous_giles-teper_bound_via_spectral_vari.tex [158] [159]

LaTeX Warning: Reference `lem:string-energy' on page 160 undefined on input lin
e 104.

[160]) (app72_gap_5_explicit_rg_bridge_via_heat_kernel_blocking.tex [161]
[162]

LaTeX Warning: Reference `thm:large-field' on page 163 undefined on input line 
190.

[163]

LaTeX Warning: Reference `thm:sigma-positive-all-beta' on page 164 undefined on
 input line 218.

) (app73_summary_all_gaps_resolved.tex [164] [165

] [166])
(app120_critical_gap_closed.tex [167] [168]
Overfull \hbox (2.40346pt too wide) in paragraph at lines 190--191
[][]\T1/cmr/bx/n/10.95 Theorem R.10.5 \T1/cmr/m/n/10.95 (Bessel Func-tion Rep-r
e-sen-ta-tion)\T1/cmr/bx/n/10.95 . []\T1/cmr/m/it/10.95 For $\OML/cmm/m/it/10.9
5 SU\OT1/cmr/m/n/10.95 (\OML/cmm/m/it/10.95 N\OT1/cmr/m/n/10.95 )$\T1/cmr/m/it/
10.95 , the ra-tio $\OML/cmm/m/it/10.95 ^^U[]\OT1/cmr/m/n/10.95 (\OML/cmm/m/it/
10.95 ^^L\OT1/cmr/m/n/10.95 ) = \OML/cmm/m/it/10.95 r[]\OT1/cmr/m/n/10.95 (\OML
/cmm/m/it/10.95 ^^L\OT1/cmr/m/n/10.95 )\OML/cmm/m/it/10.95 =r[]\OT1/cmr/m/n/10.
95 (\OML/cmm/m/it/10.95 ^^L\OT1/cmr/m/n/10.95 )$
 []

[169] [170] [171] [172]) (app137_unified_gap_resolution.tex [173] [174]
[175] [176]

LaTeX Warning: Reference `thm:cond-tensor-rigorous' on page 177 undefined on in
put line 292.

[177] [178] [179] [180] [181]) (app138_complete_gap_resolution_innovative.tex
[182] [183] [184] [185] [186] [187] [188] [189] [190] [191])
(app140_rigorous_gap_closure.tex
Overfull \hbox (13.63905pt too wide) in paragraph at lines 15--15
[]\T1/cmr/bx/n/14.4 Rigorous Res-o-lu-tion of Open Prob-lems: Math-e-mat-i-cal 
Proofs 
 []

[192] [193] [194]
Overfull \hbox (4.80289pt too wide) in paragraph at lines 332--334
[]\T1/cmr/m/n/10.95 Each in-cre-ment $\OML/cmm/m/it/10.95 M[] \OMS/cmsy/m/n/10.
95 ^^@ \OML/cmm/m/it/10.95 M[]$ \T1/cmr/m/n/10.95 de-pends on the con-di-tional
 dis-tri-bu-tion of $\OML/cmm/m/it/10.95 U[]$ \T1/cmr/m/n/10.95 given $\OML/cmm
/m/it/10.95 U[]; [] ; U[]$\T1/cmr/m/n/10.95 . 
 []

[195]

LaTeX Warning: Reference `thm:giles-teper-rigorous-final' on page 196 undefined
 on input line 440.

[196] [197]
Overfull \hbox (0.9028pt too wide) in paragraph at lines 578--580
[]\T1/cmr/m/it/10.95 The con-tin-uum the-ory ex-ists as a Wight-man quan-tum fi
eld the-ory sat-is-fy-ing all Osterwalder-
 []

[198]

LaTeX Warning: Reference `thm:center' on page 199 undefined on input line 614.

) (app141_critical_gaps_innovative_resolution.tex [199] [200

]

Package hyperref Warning: Difference (2) between bookmark levels is greater 
(hyperref)                than one, level fixed on input line 35.

[201

] [202] [203] [204] [205] [206

]

Package hyperref Warning: Difference (2) between bookmark levels is greater 
(hyperref)                than one, level fixed on input line 374.

[207

]

LaTeX Warning: Reference `thm:holder-bounds' on page 208 undefined on input lin
e 462.


Overfull \hbox (6.70905pt too wide) in paragraph at lines 518--520
[][]\T1/cmr/bx/n/10.95 Definition R.21.1 \T1/cmr/m/n/10.95 (Gauge Reg-u-lar-ity
 Struc-ture)\T1/cmr/bx/n/10.95 . []\T1/cmr/m/it/10.95 A \T1/cmr/bx/it/10.95 gau
ge reg-u-lar-ity struc-ture $\U/rsfs/m/n/10.95 T \OT1/cmr/m/n/10.95 = (\OML/cmm
/m/it/10.95 T; G; A\OT1/cmr/m/n/10.95 )$
 []

[208] [209] [210] [211]) (app142_definitive_gap_closure.tex
Overfull \hbox (49.20389pt too wide) in paragraph at lines 35--50
 [] 
 []

[212] [213] [214

]

Package hyperref Warning: Difference (2) between bookmark levels is greater 
(hyperref)                than one, level fixed on input line 77.

[215

] [216

]

Package hyperref Warning: Difference (2) between bookmark levels is greater 
(hyperref)                than one, level fixed on input line 100.

[217

] [218

]

Package hyperref Warning: Difference (2) between bookmark levels is greater 
(hyperref)                than one, level fixed on input line 111.

[219

] [220

]

Package hyperref Warning: Difference (2) between bookmark levels is greater 
(hyperref)                than one, level fixed on input line 122.

) (app164_gap_closures.tex [221

] [222] [223]

LaTeX Warning: Reference `subsec:complex-path' on page 224 undefined on input l
ine 195.

[224] [225]
Overfull \hbox (101.01807pt too wide) in paragraph at lines 433--434
 [] 
 []

[226] [227]
Overfull \hbox (2.73006pt too wide) in paragraph at lines 469--470
[]\T1/cmr/bx/n/10.95 Non-Circularity: \T1/cmr/m/n/10.95 Ex-plicit de-pen-dency 
graph show-ing acyclic struc-ture (The-o-rem [][]R.34.6[][]). 
 []

) [228]
Appendix F.
(app61_the_definitive_spectral_gap_argument.tex [229

]

LaTeX Warning: Reference `thm:wilson-mono' on page 230 undefined on input line 
127.

[230] [231]

LaTeX Warning: Reference `app:definitive-gap-closure' on page 232 undefined on 
input line 251.


Overfull \hbox (4.72603pt too wide) in paragraph at lines 270--273
[][]\T1/cmr/bx/n/10.95 Theorem R.1.5 \T1/cmr/m/n/10.95 (Yang-Mills Mass Gap---D
efini-tive State-ment)\T1/cmr/bx/n/10.95 . []\T1/cmr/m/it/10.95 Four-dimensiona
l $\OML/cmm/m/it/10.95 SU\OT1/cmr/m/n/10.95 (\OML/cmm/m/it/10.95 N\OT1/cmr/m/n/
10.95 )$ \T1/cmr/m/it/10.95 Yang-
 []

[232]) (app63_the_rigorous_poincar_inequality_on_gauge_orbits.tex [233]
[234]

LaTeX Warning: Reference `cor:h-geom-positive' on page 235 undefined on input l
ine 105.


LaTeX Warning: Reference `cor:h-geom-positive' on page 235 undefined on input l
ine 108.

[235] [236]) (app74_spectral_permanence_rigorous_continuum_limit.tex

LaTeX Warning: Reference `thm:gap-all-beta' on page 237 undefined on input line
 9.

[237]

LaTeX Warning: Reference `thm:gap-all-beta' on page 238 undefined on input line
 53.


LaTeX Warning: Reference `thm:gap-all-beta' on page 238 undefined on input line
 66.


Overfull \hbox (25.9492pt too wide) in paragraph at lines 70--74
\T1/cmr/m/it/10.95 where $\OML/cmm/m/it/10.95 ^^[[]$ \T1/cmr/m/it/10.95 is the 
lat-tice string ten-sion. Com-bined with the es-tab-lished re-sult that $\OML/c
mm/m/it/10.95 ^^[[] \OT1/cmr/m/n/10.95 := [][] \OML/cmm/m/it/10.95 a[]^^[[] >
 []

[238] [239]
Overfull \hbox (4.32036pt too wide) in paragraph at lines 249--251
[]\T1/cmr/bx/n/10.95 Step 3: Area law from dis-or-der. \T1/cmr/m/n/10.95 For th
e-o-ries with un-bro-ken cen-ter sym-me-try, Tomboulis's
 []

[240]
Overfull \hbox (3.31647pt too wide) in paragraph at lines 273--274
[][]\T1/cmr/bx/n/10.95 Proposition R.3.7 \T1/cmr/m/n/10.95 (Self---Con-sis-tenc
y of the Proof)\T1/cmr/bx/n/10.95 . []\T1/cmr/m/it/10.95 The fol-low-ing log-i-
cal chain is \T1/cmr/bx/it/10.95 non-circular\T1/cmr/m/it/10.95 : 
 []

[241] [242]
Overfull \hbox (48.08292pt too wide) in paragraph at lines 494--496
\T1/cmr/bx/it/10.95 quan-tum field the-ory \T1/cmr/m/it/10.95 for gauge group $
\OML/cmm/m/it/10.95 G$ \T1/cmr/m/it/10.95 in $\OML/cmm/m/it/10.95 d$ \T1/cmr/m/
it/10.95 space-time di-men-sions is a sex-tu-ple $\OT1/cmr/m/n/10.95 (\OMS/cmsy
/m/n/10.95 H\OML/cmm/m/it/10.95 ; U; \OT1/cmr/m/n/10.95 
\OML/cmm/m/it/10.95 ; \OMS/cmsy/m/n/10.95 f\OML/cmm/m/it/10.95 A[]\OMS/cmsy/m/n
/10.95 g\OML/cmm/m/it/10.95 ; \OMS/cmsy/m/n/10.95 f\OML/cmm/m/it/10.95 F[]\OMS/
cmsy/m/n/10.95 g\OML/cmm/m/it/10.95 ; \OT1/cmr/m/n/10.95 ^^A)$
 []

[243] [244]

LaTeX Warning: Reference `thm:full-os' on page 245 undefined on input line 581.



Overfull \hbox (2.42006pt too wide) in paragraph at lines 600--603
\T1/cmr/m/it/10.95 rem [][]R.3.15[][] is unique up to uni-tary equiv-a-lence: a
ny two con-struc-tions sat-is-fy-ing Def-i-ni-tion [][]R.3.14[][]
 []


LaTeX Warning: Reference `thm:main' on page 245 undefined on input line 633.

[245] [246]) (app117_transfer_matrix_spectral.tex [247] [248] [249] [250]
[251]) (app158_geometric_spectral_gap.tex [252] [253] [254])
(app177_final_geometric_spectral.tex [255] [256]) [257]
Appendix G.
(app121_uniform_lsi_rigorous.tex
Overfull \hbox (1.8346pt too wide) in paragraph at lines 59--61
[][]\T1/cmr/bx/n/10.95 Definition R.1.4 \T1/cmr/m/n/10.95 (Hi-er-ar-chi-cal De-
com-po-si-tion)\T1/cmr/bx/n/10.95 . []\T1/cmr/m/it/10.95 For scale $\OML/cmm/m/
it/10.95 k \OT1/cmr/m/n/10.95 = 0\OML/cmm/m/it/10.95 ; \OT1/cmr/m/n/10.95 1\OML
/cmm/m/it/10.95 ; \OT1/cmr/m/n/10.95 2\OML/cmm/m/it/10.95 ; [] ; K$ \T1/cmr/m/i
t/10.95 where $\OML/cmm/m/it/10.95 K \OT1/cmr/m/n/10.95 = [][](\OML/cmm/m/it/10
.95 L\OT1/cmr/m/n/10.95 )$\T1/cmr/m/it/10.95 : 
 []

[258

] [259] [260]

LaTeX Warning: Reference `thm:conditional-tensor' on page 261 undefined on inpu
t line 269.

[261] [262] [263] [264] [265]) (app209_rigorous_tensorization.tex [266]

Package hyperref Warning: Token not allowed in a PDF string (Unicode):
(hyperref)                removing `math shift' on input line 81.


Package hyperref Warning: Token not allowed in a PDF string (Unicode):
(hyperref)                removing `\@ifnextchar' on input line 81.


Package hyperref Warning: Token not allowed in a PDF string (Unicode):
(hyperref)                removing `math shift' on input line 81.

[267] [268] [269]) (app242_conditional_tensorization_resolution.tex
Overfull \hbox (2.68034pt too wide) in paragraph at lines 1--1
[]\T1/cmr/bx/n/14.4 Rigorous Res-o-lu-tion of the Con-di-tional Ten-soriza-tion
 Bound-
 []

[270] [271] [272] [273]) (app245_explicit_lsi_constants.tex [274]
Appendix H.

Package hyperref Warning: Token not allowed in a PDF string (Unicode):
(hyperref)                removing `math shift' on input line 31.


Package hyperref Warning: Token not allowed in a PDF string (Unicode):
(hyperref)                removing `subscript' on input line 31.


Package hyperref Warning: Token not allowed in a PDF string (Unicode):
(hyperref)                removing `math shift' on input line 31.


Package hyperref Warning: Token not allowed in a PDF string (Unicode):
(hyperref)                removing `math shift' on input line 39.


Package hyperref Warning: Token not allowed in a PDF string (Unicode):
(hyperref)                removing `\ell' on input line 39.


Package hyperref Warning: Token not allowed in a PDF string (Unicode):
(hyperref)                removing `math shift' on input line 39.

[275

] [276]) [277]
Appendix I.
(app107_continuum_limit.tex [278

] [279] [280] [281] [282] [283] [284])
(app114_roadmap_continuum_limit.tex [285] [286]
Overfull \hbox (5.19499pt too wide) in paragraph at lines 151--155
[][]\T1/cmr/bx/n/10.95 Definition R.2.9 \T1/cmr/m/n/10.95 (Mosco Con-ver-gence)
\T1/cmr/bx/n/10.95 . []\T1/cmr/m/it/10.95 A se-quence of Dirich-let forms $\OT1
/cmr/m/n/10.95 (\OMS/cmsy/m/n/10.95 E[]\OML/cmm/m/it/10.95 ; D\OT1/cmr/m/n/10.9
5 (\OMS/cmsy/m/n/10.95 E[]\OT1/cmr/m/n/10.95 ))$ \T1/cmr/m/it/10.95 on $\OML/cm
m/m/it/10.95 L[]\OT1/cmr/m/n/10.95 (\OMS/cmsy/m/n/10.95 M\OML/cmm/m/it/10.95 ; 
^^V[]\OT1/cmr/m/n/10.95 )$
 []

[287] [288] [289] [290]) (app123_continuum_limit_mosco.tex [291] [292] [293]
[294]) (app130_continuum_scaling_resolution.tex [295] [296] [297] [298]

LaTeX Warning: Reference `thm:reflection-positivity' on page 299 undefined on i
nput line 286.

[299]) (app133_rigorous_continuum_error.tex [300]

LaTeX Warning: Reference `thm:cn-rigorous' on page 301 undefined on input line 
57.


Overfull \hbox (20.67075pt too wide) in paragraph at lines 72--74
[]\T1/cmr/m/n/10.95 Renormalization group: the phys-i-cal string ten-sion $\OML
/cmm/m/it/10.95 ^^[[]$ \T1/cmr/m/n/10.95 is $\OML/cmm/m/it/10.95 ^^L$\T1/cmr/m/
n/10.95 -independent (scheme-independent
 []

[301] [302] [303] [304]

LaTeX Warning: Reference `prop:cn-physics' on page 305 undefined on input line 
427.

[305]) (app134_rigorous_continuum_error_bounds.tex

LaTeX Warning: Reference `sec:norm-resolvent' on page 306 undefined on input li
ne 41.


Package hyperref Warning: Token not allowed in a PDF string (Unicode):
(hyperref)                removing `math shift' on input line 52.


Package hyperref Warning: Token not allowed in a PDF string (Unicode):
(hyperref)                removing `math shift' on input line 52.

[306]) [307]
Appendix J.
(app122_giles_teper_rigorous.tex [308

] [309]

LaTeX Warning: Reference `thm:string-tension-positivity' on page 310 undefined 
on input line 191.

[310]) (app130_giles_teper_refined.tex)
(app132_rigorous_giles_teper_constant.tex [311] [312] [313] [314]
Overfull \hbox (1.76514pt too wide) in paragraph at lines 324--327
[]\T1/cmr/bx/n/10.95 Step 1: Pos-i-tive string ten-sion. \T1/cmr/m/n/10.95 By t
he GKS in-equal-i-ties (The-o-rem [][]R.3.2[][]) and Tomboulis-
 []


Overfull \hbox (3.75555pt too wide) in paragraph at lines 328--331
[]\T1/cmr/bx/n/10.95 Step 2: Giles-Teper bound. \T1/cmr/m/n/10.95 By re-flec-ti
on pos-i-tiv-ity and Casimir scal-ing (The-o-rem [][]R.22.3[][]): 
 []

[315]) [316]
Appendix K.
(app33_rigorous_non-perturbative_scale_setting.tex [317

]

LaTeX Warning: Reference `thm:convex-analytic' on page 318 undefined on input l
ine 56.


LaTeX Warning: Reference `thm:wilson-positive' on page 318 undefined on input l
ine 65.


LaTeX Warning: Reference `thm:wilson-mono' on page 318 undefined on input line 
112.

[318]

LaTeX Warning: Reference `thm:ratio-bound' on page 319 undefined on input line 
137.


LaTeX Warning: Reference `thm:ratio-bound' on page 319 undefined on input line 
167.

[319] [320]
Overfull \hbox (12.1838pt too wide) in paragraph at lines 280--281
[][]\T1/cmr/bx/n/10.95 Open Prob-lem R.1.11 \T1/cmr/m/n/10.95 (Higher Di-men-si
ons)\T1/cmr/bx/n/10.95 . []\T1/cmr/m/it/10.95 For $\OML/cmm/m/it/10.95 d > \OT1
/cmr/m/n/10.95 4$\T1/cmr/m/it/10.95 , Yang-Mills the-ory is non-renormalizable.

 []

[321]) (app66_renormalization_group_analysis.tex [322] [323] [324])
(app75_the_intrinsic_scale_framework_bridging_lattice_to_.tex [325] [326]
[327]
Overfull \hbox (2.13307pt too wide) in paragraph at lines 237--239
[][]\T1/cmr/bx/n/10.95 Theorem R.3.11 \T1/cmr/m/n/10.95 (Spec-tral Ra-tio Con-v
er-gence)\T1/cmr/bx/n/10.95 . []\T1/cmr/m/it/10.95 De-fine the spec-tral ra-tio
 $\OML/cmm/m/it/10.95 R\OT1/cmr/m/n/10.95 (\OML/cmm/m/it/10.95 ^^L\OT1/cmr/m/n/
10.95 ) := ^^A(\OML/cmm/m/it/10.95 ^^L\OT1/cmr/m/n/10.95 )\OML/cmm/m/it/10.95 =
[]$\T1/cmr/m/it/10.95 .
 []

[328]

LaTeX Warning: Reference `thm:continuum-exists' on page 329 undefined on input 
line 282.

[329] [330] [331]) (app77_rigorous_balaban_bounds_and_continuum_limit.tex
[332] [333] [334]
Overfull \hbox (4.25919pt too wide) in paragraph at lines 248--249
[]\T1/cmr/m/n/10.95 Establishing $\OML/cmm/m/it/10.95 ^^[\OT1/cmr/m/n/10.95 (\O
ML/cmm/m/it/10.95 ^^L\OT1/cmr/m/n/10.95 ) \OML/cmm/m/it/10.95 > \OT1/cmr/m/n/10
.95 0$ \T1/cmr/m/n/10.95 for all $\OML/cmm/m/it/10.95 ^^L$ \T1/cmr/m/n/10.95 fr
om RP mono-tonic-ity (The-o-rem [][]R.20.5[][] in Ap-pendix [][]R.26[][])---
 []

) [335]
Appendix L.
(app49_the_intermediate_coupling_regime.tex [336

] [337])
(app93_intermediate_coupling_complete_proofs.tex
Overfull \hbox (15.50941pt too wide) in paragraph at lines 19--23
\T1/cmr/m/it/10.95 where $\OML/cmm/m/it/10.95 ^^Z[] \OT1/cmr/m/n/10.95 = (\OML/
cmm/m/it/10.95 N[] \OMS/cmsy/m/n/10.95 ^^@ \OT1/cmr/m/n/10.95 1)\OML/cmm/m/it/1
0.95 =\OT1/cmr/m/n/10.95 (2\OML/cmm/m/it/10.95 N[]\OT1/cmr/m/n/10.95 )$ \T1/cmr
/m/it/10.95 (see Re-mark [][]R.2.3[][] for the pre-cise def-i-ni-tion) and $\OM
S/cmsy/m/n/10.95 jr\OML/cmm/m/it/10.95 f\OMS/cmsy/m/n/10.95 j[] \OT1/cmr/m/n/10
.95 = [][] \OMS/cmsy/m/n/10.95 j\OML/cmm/m/it/10.95 T[]f\OMS/cmsy/m/n/10.95 j[]
$
 []

[338] [339] [340] [341] [342] [343] [344] [345] [346])
(app108_intermediate_rigorous.tex [347] [348] [349] [350] [351])
(app162_intermediate_coupling_details.tex [352] [353] [354] [355]

LaTeX Warning: Reference `thm:rp_monotonicity' on page 356 undefined on input l
ine 340.

[356]) [357]
Appendix M.
(app78_adjoint_interpolation_lee-yang_and_center_symmetry.tex [358

] [359]
Overfull \hbox (3.54121pt too wide) in paragraph at lines 128--131
[]\T1/cmr/m/n/10.95 By The-o-rem [][]R.1.1[][], the free en-ergy $\OML/cmm/m/it
/10.95 f\OT1/cmr/m/n/10.95 (\OML/cmm/m/it/10.95 m\OT1/cmr/m/n/10.95 )$ \T1/cmr/
m/n/10.95 is an-a-lytic for $[]\OT1/cmr/m/n/10.95 (\OML/cmm/m/it/10.95 m\OT1/cm
r/m/n/10.95 ) \OML/cmm/m/it/10.95 > \OT1/cmr/m/n/10.95 0$\T1/cmr/m/n/10.95 . Si
nce $\OT1/cmr/m/n/10.95 ^^A = \OMS/cmsy/m/n/10.95 ^^@[] []h\OML/cmm/m/it/10.95 
T[]\OMS/cmsy/m/n/10.95 ij[]$\T1/cmr/m/n/10.95 ,
 []

[360]) (app90_roadmap3_adjoint_fermion_interpolation.tex [361] [362] [363]
[364]

LaTeX Warning: Reference `thm:decoupling' on page 365 undefined on input line 3
28.


LaTeX Warning: Reference `thm:decoupling' on page 365 undefined on input line 3
51.

) (app99_roadmap2_adjoint_complete.tex [365] [366] [367] [368] [369]
Overfull \hbox (4.69246pt too wide) in paragraph at lines 369--371
[]\T1/cmr/m/n/10.95 Degeneracy would re-quire a phase tran-si-tion, which is fo
r-bid-den by Lee-Yang (The-o-rem [][]R.5.3[][]). 
 []


LaTeX Warning: Reference `thm:decoupling' on page 370 undefined on input line 3
76.

[370]) (app112_roadmap_adjoint_interpolation.tex
Overfull \hbox (8.8989pt too wide) in paragraph at lines 33--34
[][]\T1/cmr/m/it/10.95 Embed pure Yang-Mills into a fam-ily parametrized
 []

[371] [372] [373]

LaTeX Warning: Reference `subsec:complex-path' on page 374 undefined on input l
ine 205.

[374] [375] [376]

LaTeX Warning: Reference `thm:center-symmetry' on page 377 undefined on input l
ine 459.

[377]) (app147_adjoint_qcd_proof.tex [378] [379] [380] [381]

LaTeX Warning: Reference `app:gap2-complex-path' on page 382 undefined on input
 line 145.

[382]) [383]
Appendix N.
(app67_stochastic_and_probabilistic_methods.tex [384

] [385] [386] [387]
[388

]) (app186_talagrand_inequality.tex [389

]
Appendix O.
[390

]) (app190_dobrushin_uniqueness.tex [391]
Appendix P.
[392

]) (app106_block_dobrushin_rigorous.tex [393] [394] [395] [396] [397]
[398]) [399]
Appendix Q.
(app60_novel_approach_topological_obstruction_to_massless.tex [400

]

LaTeX Warning: Reference `thm:center-symmetry' on page 401 undefined on input l
ine 68.


LaTeX Warning: Reference `thm:center-symmetry' on page 401 undefined on input l
ine 76.


LaTeX Warning: Reference `thm:perron-frobenius' on page 401 undefined on input 
line 106.

[401] [402]

LaTeX Warning: Reference `thm:pure-spectral-gap' on page 403 undefined on input
 line 229.

[403]) (app79_geometric_and_topological_verification.tex

LaTeX Warning: Reference `thm:ym-lsi' on page 404 undefined on input line 59.

[404] [405]) (app159_topological_protection.tex [406])
(app189_ollivier_ricci.tex [407]
Appendix R.

Overfull \hbox (12.52235pt too wide) in paragraph at lines 14--17
\T1/cmr/m/n/10.95 where $\OML/cmm/m/it/10.95 W[]$ \T1/cmr/m/n/10.95 is the $\OM
L/cmm/m/it/10.95 L[]$\T1/cmr/m/n/10.95 -Wasserstein (Earth Mover's) dis-tance. 
A global lower bound $\OML/cmm/m/it/10.95 ^^T \OT1/cmr/m/n/10.95 = [][] \OML/cm
m/m/it/10.95 ^^T\OT1/cmr/m/n/10.95 (\OML/cmm/m/it/10.95 x; y\OT1/cmr/m/n/10.95 
) \OML/cmm/m/it/10.95 >
 []

[408

]) (app193_block_spin_rp.tex [409]
Appendix S.
[410

]) [411]
Appendix T.
(app95_sym_mass_gap_complete.tex [412

] [413] [414]
Overfull \hbox (28.4821pt too wide) in paragraph at lines 223--225
\T1/cmr/m/n/10.95 This re-sult is rig-or-ous and anal-o-gous to the pure Yang-M
ills case (see \T1/cmtt/m/n/10.95 STRONG_COUPLING_DETAILS.tex\T1/cmr/m/n/10.95 
). 
 []

[415]) (app149_roadmap_sym_gap.tex [416]) (app150_sym_gap_proof.tex [417]
[418]) (app155_gap1_lattice_susy.tex [419]) (app250_smoothness_and_susy_gap.tex
[420]
Appendix U.
[421

] [422]
Overfull \hbox (2.378pt too wide) in paragraph at lines 102--103
[]\T1/cmr/bx/n/10.95 Susy Gap: \T1/cmr/m/n/10.95 Uti-liz-ing the Wit-ten In-dex
 con-straints com-bined with con-fine-ment and smooth-
 []

) [423]
Appendix V.
(app157_gap3_balaban_fermions.tex [424

])
(app240_rigorous_fermion_locality_proof.tex
Overfull \hbox (21.41928pt too wide) in paragraph at lines 1--1
[]\T1/cmr/bx/n/14.4 Rigorous Con-trol of Ad-joint Fermion De-ter-mi-nant Non-Lo
cality 
 []

[425] [426] [427]
Overfull \hbox (2.52837pt too wide) in paragraph at lines 194--196
[][]\T1/cmr/bx/n/10.95 Theorem R.2.6 \T1/cmr/m/n/10.95 (Quasi-Lo-cal Pirogov--S
i-nai Anal-y-sis)\T1/cmr/bx/n/10.95 . []\T1/cmr/m/it/10.95 For ad-joint fermion
 mass $\OML/cmm/m/it/10.95 M > M[]\OT1/cmr/m/n/10.95 (\OML/cmm/m/it/10.95 ^^L; 
g\OT1/cmr/m/n/10.95 )$\T1/cmr/m/it/10.95 ,
 []

[428]) (app241_nonlocality_resolution_summary.tex [429] [430] [431]) [432]
Appendix W.
(app54_explicit_numerical_bounds_and_physical_predictions.tex

LaTeX Warning: Reference `thm:bessel-su2' on page 433 undefined on input line 2
9.


LaTeX Warning: Reference `thm:bessel-su3' on page 433 undefined on input line 2
9.

) (app81_explicit_constant_computations.tex [433

] [434] [435] [436]

LaTeX Warning: Reference `thm:spectral-wilson' on page 437 undefined on input l
ine 263.

[437] [438] [439]
Overfull \hbox (44.71785pt too wide) in paragraph at lines 519--521
[]\T1/cmr/bx/it/10.95 Conclusion: \T1/cmr/m/it/10.95 The naive Ze-gar-lin-ski a
p-proach gives a very small va-lid-ity range. The hierarchical/multi-
 []

[440] [441] [442] [443]) (app96_explicit_constants_complete.tex [444]
Overfull \hbox (4.38147pt too wide) in paragraph at lines 126--129
[]\T1/cmr/m/n/10.95 With the stan-dard nor-mal-iza-tion where the bi-invariant 
met-ric sat-is-fies $\OMS/cmsy/m/n/10.95 h\OML/cmm/m/it/10.95 X; Y\OMS/cmsy/m/n
/10.95 i \OT1/cmr/m/n/10.95 = \OMS/cmsy/m/n/10.95 ^^@[][]\OT1/cmr/m/n/10.95 (\O
ML/cmm/m/it/10.95 XY\OT1/cmr/m/n/10.95 )$
 []

[445] [446]
Overfull \hbox (4.92825pt too wide) in paragraph at lines 301--304
\T1/cmr/m/it/10.95 This fol-lows from Casimir scal-ing and re-flec-tion pos-i-t
iv-ity (see The-o-rem [][]R.22.3[][] in Ap-pendix [][]R.26[][]). 
 []

[447] [448]) (app118_explicit_constants.tex [449] [450] [451] [452] [453])
(app246_numerical_critical_mass.tex [454]
Appendix X.
[455

]

Package hyperref Warning: Token not allowed in a PDF string (Unicode):
(hyperref)                removing `math shift' on input line 46.


Package hyperref Warning: Token not allowed in a PDF string (Unicode):
(hyperref)                removing `subscript' on input line 46.


Package hyperref Warning: Token not allowed in a PDF string (Unicode):
(hyperref)                removing `math shift' on input line 46.

) [456]
Appendix Y.
(app55_hard_analysis_derivations.tex [457

] [458] [459] [460] [461]
Overfull \hbox (2.56238pt too wide) in paragraph at lines 264--265
 []\T1/cmr/bx/n/10.95 Step 2: Prob-a-bilis-tic Hölder Bounds[] \T1/cmr/m/n/10.9
5 Us-ing \T1/cmr/bx/n/10.95 Bal-a-ban's Renor-mal-iza-tion Group \T1/cmr/m/n/10
.95 bounds
 []

[462]
Overfull \hbox (17.6972pt too wide) in paragraph at lines 309--310
[]\T1/cmr/bx/n/10.95 Result: \T1/cmr/m/n/10.95 By the sta-bil-ity of dis-crete 
spec-tra un-der norm-resolvent con-ver-gence, $[][] \OT1/cmr/m/n/10.95 ^^A(\OML
/cmm/m/it/10.95 M\OT1/cmr/m/n/10.95 ) =
 []

[463] [464]) (app166_hard_analysis.tex [465] [466] [467] [468])
(app167_final_hard_analysis.tex [469] [470] [471] [472] [473] [474] [475]
[476] [477] [478] [479]) (app174_hard_analysis_derivations.tex [480] [481]
[482]) (app176_final_hard_analysis.tex [483] [484])
(app208_hard_analysis_complete.tex [485] [486] [487] [488] [489]

! LaTeX Error: Counter too large.

See the LaTeX manual or LaTeX Companion for explanation.
Type  H <return>  for immediate help.
 ...                                              
                                                  
l.279 ...dix \ref{ch:fix53_mandelstam_constraints}
                                                  ), which provides uniform ...

You've lost some text. Try typing <return> to proceed.
If that doesn't work, type X <return> to quit.

) [490]
Appendix Z.
(app168_blocking_lemmas.tex [491

] [492]) (app194_admissibility_condition.tex
[493]
Appendix \GenericError {               }{LaTeX Error: Counter too large}{See th
e LaTeX manual or LaTeX Companion for explanation.}{You've lost some text.  Try
 typing  <return>  to proceed.\MessageBreak If that doesn't work, type  X <retu
rn>  to quit.}.

! LaTeX Error: Counter too large.

See the LaTeX manual or LaTeX Companion for explanation.
Type  H <return>  for immediate help.
 ...                                              
                                                  
l.1 ...Admissibility Condition (Lattice Topology)}
                                                  
You've lost some text.  Try typing  <return>  to proceed.
If that doesn't work, type  X <return>  to quit.


! LaTeX Error: Counter too large.

See the LaTeX manual or LaTeX Companion for explanation.
Type  H <return>  for immediate help.
 ...                                              
                                                  
l.16 \end{equation}
                   
You've lost some text.  Try typing  <return>  to proceed.
If that doesn't work, type  X <return>  to quit.


! LaTeX Error: Counter too large.

See the LaTeX manual or LaTeX Companion for explanation.
Type  H <return>  for immediate help.
 ...                                              
                                                  
l.28 \end{equation}
                   
You've lost some text.  Try typing  <return>  to proceed.
If that doesn't work, type  X <return>  to quit.

[494

]

! LaTeX Error: Counter too large.

See the LaTeX manual or LaTeX Companion for explanation.
Type  H <return>  for immediate help.
 ...                                              
                                                  
l.37 \end{equation}
                   
You've lost some text.  Try typing  <return>  to proceed.
If that doesn't work, type  X <return>  to quit.

) [495]
Appendix \GenericError {               }{LaTeX Error: Counter too large}{See th
e LaTeX manual or LaTeX Companion for explanation.}{You've lost some text.  Try
 typing  <return>  to proceed.\MessageBreak If that doesn't work, type  X <retu
rn>  to quit.}.

! LaTeX Error: Counter too large.

See the LaTeX manual or LaTeX Companion for explanation.
Type  H <return>  for immediate help.
 ...                                              
                                                  
l.337 ...ps, BRST Cohomology, and Gauge Structure}
                                                  
You've lost some text.  Try typing  <return>  to proceed.
If that doesn't work, type  X <return>  to quit.

(app210_wilson_derivatives.tex

Package hyperref Warning: Token not allowed in a PDF string (Unicode):
(hyperref)                removing `math shift' on input line 6.


Package hyperref Warning: Token not allowed in a PDF string (Unicode):
(hyperref)                removing `math shift' on input line 6.


! LaTeX Error: Counter too large.

See the LaTeX manual or LaTeX Companion for explanation.
Type  H <return>  for immediate help.
 ...                                              
                                                  
l.12 \end{equation}
                   
You've lost some text.  Try typing  <return>  to proceed.
If that doesn't work, type  X <return>  to quit.


! LaTeX Error: Counter too large.

See the LaTeX manual or LaTeX Companion for explanation.
Type  H <return>  for immediate help.
 ...                                              
                                                  
l.20 \end{equation}
                   
You've lost some text.  Try typing  <return>  to proceed.
If that doesn't work, type  X <return>  to quit.


! LaTeX Error: Counter too large.

See the LaTeX manual or LaTeX Companion for explanation.
Type  H <return>  for immediate help.
 ...                                              
                                                  
l.30 \end{equation}
                   
You've lost some text.  Try typing  <return>  to proceed.
If that doesn't work, type  X <return>  to quit.


! LaTeX Error: Counter too large.

See the LaTeX manual or LaTeX Companion for explanation.
Type  H <return>  for immediate help.
 ...                                              
                                                  
l.36 \end{equation}
                   
You've lost some text.  Try typing  <return>  to proceed.
If that doesn't work, type  X <return>  to quit.


! LaTeX Error: Counter too large.

See the LaTeX manual or LaTeX Companion for explanation.
Type  H <return>  for immediate help.
 ...                                              
                                                  
l.43 \end{equation}
                   
You've lost some text.  Try typing  <return>  to proceed.
If that doesn't work, type  X <return>  to quit.


! LaTeX Error: Counter too large.

See the LaTeX manual or LaTeX Companion for explanation.
Type  H <return>  for immediate help.
 ...                                              
                                                  
l.50 \end{equation}
                   
You've lost some text.  Try typing  <return>  to proceed.
If that doesn't work, type  X <return>  to quit.


! LaTeX Error: Counter too large.

See the LaTeX manual or LaTeX Companion for explanation.
Type  H <return>  for immediate help.
 ...                                              
                                                  
l.54 \end{equation}
                   
You've lost some text.  Try typing  <return>  to proceed.
If that doesn't work, type  X <return>  to quit.

[496

]

! LaTeX Error: Counter too large.

See the LaTeX manual or LaTeX Companion for explanation.
Type  H <return>  for immediate help.
 ...                                              
                                                  
l.61 \end{equation}
                   
You've lost some text.  Try typing  <return>  to proceed.
If that doesn't work, type  X <return>  to quit.


! LaTeX Error: Counter too large.

See the LaTeX manual or LaTeX Companion for explanation.
Type  H <return>  for immediate help.
 ...                                              
                                                  
l.71 \end{equation}
                   
You've lost some text.  Try typing  <return>  to proceed.
If that doesn't work, type  X <return>  to quit.


! LaTeX Error: Counter too large.

See the LaTeX manual or LaTeX Companion for explanation.
Type  H <return>  for immediate help.
 ...                                              
                                                  
l.85 \end{equation}
                   
You've lost some text.  Try typing  <return>  to proceed.
If that doesn't work, type  X <return>  to quit.


! LaTeX Error: Counter too large.

See the LaTeX manual or LaTeX Companion for explanation.
Type  H <return>  for immediate help.
 ...                                              
                                                  
l.93 \end{equation}
                   
You've lost some text.  Try typing  <return>  to proceed.
If that doesn't work, type  X <return>  to quit.


! LaTeX Error: Counter too large.

See the LaTeX manual or LaTeX Companion for explanation.
Type  H <return>  for immediate help.
 ...                                              
                                                  
l.107 \end{equation}
                    
You've lost some text.  Try typing  <return>  to proceed.
If that doesn't work, type  X <return>  to quit.

[497]

! LaTeX Error: Counter too large.

See the LaTeX manual or LaTeX Companion for explanation.
Type  H <return>  for immediate help.
 ...                                              
                                                  
l.120 \end{equation}
                    
You've lost some text.  Try typing  <return>  to proceed.
If that doesn't work, type  X <return>  to quit.


! LaTeX Error: Counter too large.

See the LaTeX manual or LaTeX Companion for explanation.
Type  H <return>  for immediate help.
 ...                                              
                                                  
l.125 \end{equation}
                    
You've lost some text.  Try typing  <return>  to proceed.
If that doesn't work, type  X <return>  to quit.


! LaTeX Error: Counter too large.

See the LaTeX manual or LaTeX Companion for explanation.
Type  H <return>  for immediate help.
 ...                                              
                                                  
l.130 \end{equation}
                    
You've lost some text.  Try typing  <return>  to proceed.
If that doesn't work, type  X <return>  to quit.


! LaTeX Error: Counter too large.

See the LaTeX manual or LaTeX Companion for explanation.
Type  H <return>  for immediate help.
 ...                                              
                                                  
l.135 \end{equation}
                    
You've lost some text.  Try typing  <return>  to proceed.
If that doesn't work, type  X <return>  to quit.


! LaTeX Error: Counter too large.

See the LaTeX manual or LaTeX Companion for explanation.
Type  H <return>  for immediate help.
 ...                                              
                                                  
l.167 \end{equation}
                    
You've lost some text.  Try typing  <return>  to proceed.
If that doesn't work, type  X <return>  to quit.

[498]

! LaTeX Error: Counter too large.

See the LaTeX manual or LaTeX Companion for explanation.
Type  H <return>  for immediate help.
 ...                                              
                                                  
l.173 \end{equation}
                    
You've lost some text.  Try typing  <return>  to proceed.
If that doesn't work, type  X <return>  to quit.


! LaTeX Error: Counter too large.

See the LaTeX manual or LaTeX Companion for explanation.
Type  H <return>  for immediate help.
 ...                                              
                                                  
l.180 \end{equation}
                    
You've lost some text.  Try typing  <return>  to proceed.
If that doesn't work, type  X <return>  to quit.

) (app207_fix34_brst.tex

! LaTeX Error: Counter too large.

See the LaTeX manual or LaTeX Companion for explanation.
Type  H <return>  for immediate help.
 ...                                              
                                                  
l.14 \end{equation}
                   
You've lost some text.  Try typing  <return>  to proceed.
If that doesn't work, type  X <return>  to quit.


! LaTeX Error: Counter too large.

See the LaTeX manual or LaTeX Companion for explanation.
Type  H <return>  for immediate help.
 ...                                              
                                                  
l.31 \end{align}
                
You've lost some text.  Try typing  <return>  to proceed.
If that doesn't work, type  X <return>  to quit.


! LaTeX Error: Counter too large.

See the LaTeX manual or LaTeX Companion for explanation.
Type  H <return>  for immediate help.
 ...                                              
                                                  
l.31 \end{align}
                
You've lost some text.  Try typing  <return>  to proceed.
If that doesn't work, type  X <return>  to quit.


! LaTeX Error: Counter too large.

See the LaTeX manual or LaTeX Companion for explanation.
Type  H <return>  for immediate help.
 ...                                              
                                                  
l.31 \end{align}
                
You've lost some text.  Try typing  <return>  to proceed.
If that doesn't work, type  X <return>  to quit.


! LaTeX Error: Counter too large.

See the LaTeX manual or LaTeX Companion for explanation.
Type  H <return>  for immediate help.
 ...                                              
                                                  
l.31 \end{align}
                
You've lost some text.  Try typing  <return>  to proceed.
If that doesn't work, type  X <return>  to quit.


! LaTeX Error: Counter too large.

See the LaTeX manual or LaTeX Companion for explanation.
Type  H <return>  for immediate help.
 ...                                              
                                                  
l.31 \end{align}
                
You've lost some text.  Try typing  <return>  to proceed.
If that doesn't work, type  X <return>  to quit.


! LaTeX Error: Counter too large.

See the LaTeX manual or LaTeX Companion for explanation.
Type  H <return>  for immediate help.
 ...                                              
                                                  
l.31 \end{align}
                
You've lost some text.  Try typing  <return>  to proceed.
If that doesn't work, type  X <return>  to quit.


! LaTeX Error: Counter too large.

See the LaTeX manual or LaTeX Companion for explanation.
Type  H <return>  for immediate help.
 ...                                              
                                                  
l.31 \end{align}
                
You've lost some text.  Try typing  <return>  to proceed.
If that doesn't work, type  X <return>  to quit.


! LaTeX Error: Counter too large.

See the LaTeX manual or LaTeX Companion for explanation.
Type  H <return>  for immediate help.
 ...                                              
                                                  
l.31 \end{align}
                
You've lost some text.  Try typing  <return>  to proceed.
If that doesn't work, type  X <return>  to quit.


! LaTeX Error: Counter too large.

See the LaTeX manual or LaTeX Companion for explanation.
Type  H <return>  for immediate help.
 ...                                              
                                                  
l.45 \end{align}
                
You've lost some text.  Try typing  <return>  to proceed.
If that doesn't work, type  X <return>  to quit.


! LaTeX Error: Counter too large.

See the LaTeX manual or LaTeX Companion for explanation.
Type  H <return>  for immediate help.
 ...                                              
                                                  
l.45 \end{align}
                
You've lost some text.  Try typing  <return>  to proceed.
If that doesn't work, type  X <return>  to quit.


! LaTeX Error: Counter too large.

See the LaTeX manual or LaTeX Companion for explanation.
Type  H <return>  for immediate help.
 ...                                              
                                                  
l.45 \end{align}
                
You've lost some text.  Try typing  <return>  to proceed.
If that doesn't work, type  X <return>  to quit.


! LaTeX Error: Counter too large.

See the LaTeX manual or LaTeX Companion for explanation.
Type  H <return>  for immediate help.
 ...                                              
                                                  
l.45 \end{align}
                
You've lost some text.  Try typing  <return>  to proceed.
If that doesn't work, type  X <return>  to quit.


! LaTeX Error: Counter too large.

See the LaTeX manual or LaTeX Companion for explanation.
Type  H <return>  for immediate help.
 ...                                              
                                                  
l.45 \end{align}
                
You've lost some text.  Try typing  <return>  to proceed.
If that doesn't work, type  X <return>  to quit.


! LaTeX Error: Counter too large.

See the LaTeX manual or LaTeX Companion for explanation.
Type  H <return>  for immediate help.
 ...                                              
                                                  
l.45 \end{align}
                
You've lost some text.  Try typing  <return>  to proceed.
If that doesn't work, type  X <return>  to quit.

[499]

! LaTeX Error: Counter too large.

See the LaTeX manual or LaTeX Companion for explanation.
Type  H <return>  for immediate help.
 ...                                              
                                                  
l.55 \end{equation}
                   
You've lost some text.  Try typing  <return>  to proceed.
If that doesn't work, type  X <return>  to quit.


! LaTeX Error: Counter too large.

See the LaTeX manual or LaTeX Companion for explanation.
Type  H <return>  for immediate help.
 ...                                              
                                                  
l.59 \end{equation}
                   
You've lost some text.  Try typing  <return>  to proceed.
If that doesn't work, type  X <return>  to quit.


! LaTeX Error: Counter too large.

See the LaTeX manual or LaTeX Companion for explanation.
Type  H <return>  for immediate help.
 ...                                              
                                                  
l.69 \end{equation}
                   
You've lost some text.  Try typing  <return>  to proceed.
If that doesn't work, type  X <return>  to quit.


! LaTeX Error: Counter too large.

See the LaTeX manual or LaTeX Companion for explanation.
Type  H <return>  for immediate help.
 ...                                              
                                                  
l.85 \end{equation}
                   
You've lost some text.  Try typing  <return>  to proceed.
If that doesn't work, type  X <return>  to quit.


! LaTeX Error: Counter too large.

See the LaTeX manual or LaTeX Companion for explanation.
Type  H <return>  for immediate help.
 ...                                              
                                                  
l.91 \end{equation}
                   
You've lost some text.  Try typing  <return>  to proceed.
If that doesn't work, type  X <return>  to quit.


! LaTeX Error: Counter too large.

See the LaTeX manual or LaTeX Companion for explanation.
Type  H <return>  for immediate help.
 ...                                              
                                                  
l.107 \end{equation}
                    
You've lost some text.  Try typing  <return>  to proceed.
If that doesn't work, type  X <return>  to quit.

[500]

! LaTeX Error: Counter too large.

See the LaTeX manual or LaTeX Companion for explanation.
Type  H <return>  for immediate help.
 ...                                              
                                                  
l.119 \end{equation}
                    
You've lost some text.  Try typing  <return>  to proceed.
If that doesn't work, type  X <return>  to quit.


! LaTeX Error: Counter too large.

See the LaTeX manual or LaTeX Companion for explanation.
Type  H <return>  for immediate help.
 ...                                              
                                                  
l.133 \end{equation}
                    
You've lost some text.  Try typing  <return>  to proceed.
If that doesn't work, type  X <return>  to quit.


! LaTeX Error: Counter too large.

See the LaTeX manual or LaTeX Companion for explanation.
Type  H <return>  for immediate help.
 ...                                              
                                                  
l.134 ... Appendix \ref{ch:fix17_stratified_hardy}
                                                   for the Hardy inequality ...

You've lost some text. Try typing <return> to proceed.
If that doesn't work, type X <return> to quit.

) (app192_mandelstam_constraints.tex [501]
Appendix \GenericError {               }{LaTeX Error: Counter too large}{See th
e LaTeX manual or LaTeX Companion for explanation.}{You've lost some text.  Try
 typing  <return>  to proceed.\MessageBreak If that doesn't work, type  X <retu
rn>  to quit.}.

! LaTeX Error: Counter too large.

See the LaTeX manual or LaTeX Companion for explanation.
Type  H <return>  for immediate help.
 ...                                              
                                                  
l.1 ...stam Constraints (Observable Independence)}
                                                  
You've lost some text.  Try typing  <return>  to proceed.
If that doesn't work, type  X <return>  to quit.


! LaTeX Error: Counter too large.

See the LaTeX manual or LaTeX Companion for explanation.
Type  H <return>  for immediate help.
 ...                                              
                                                  
l.8 \end{equation}
                  
You've lost some text.  Try typing  <return>  to proceed.
If that doesn't work, type  X <return>  to quit.


! LaTeX Error: Counter too large.

See the LaTeX manual or LaTeX Companion for explanation.
Type  H <return>  for immediate help.
 ...                                              
                                                  
l.16 \end{equation}
                   
You've lost some text.  Try typing  <return>  to proceed.
If that doesn't work, type  X <return>  to quit.


! LaTeX Error: Counter too large.

See the LaTeX manual or LaTeX Companion for explanation.
Type  H <return>  for immediate help.
 ...                                              
                                                  
l.20 \end{equation}
                   
You've lost some text.  Try typing  <return>  to proceed.
If that doesn't work, type  X <return>  to quit.


Package hyperref Warning: Token not allowed in a PDF string (Unicode):
(hyperref)                removing `math shift' on input line 23.


Package hyperref Warning: Token not allowed in a PDF string (Unicode):
(hyperref)                removing `math shift' on input line 23.


! LaTeX Error: Counter too large.

See the LaTeX manual or LaTeX Companion for explanation.
Type  H <return>  for immediate help.
 ...                                              
                                                  
l.29 \end{equation}
                   
You've lost some text.  Try typing  <return>  to proceed.
If that doesn't work, type  X <return>  to quit.


! LaTeX Error: Counter too large.

See the LaTeX manual or LaTeX Companion for explanation.
Type  H <return>  for immediate help.
 ...                                              
                                                  
l.36 \end{equation}
                   
You've lost some text.  Try typing  <return>  to proceed.
If that doesn't work, type  X <return>  to quit.

[502

]

! LaTeX Error: Counter too large.

See the LaTeX manual or LaTeX Companion for explanation.
Type  H <return>  for immediate help.
 ...                                              
                                                  
l.45 \end{equation}
                   
You've lost some text.  Try typing  <return>  to proceed.
If that doesn't work, type  X <return>  to quit.

) (app191_thooft_algebra.tex [503]
Appendix \GenericError {               }{LaTeX Error: Counter too large}{See th
e LaTeX manual or LaTeX Companion for explanation.}{You've lost some text.  Try
 typing  <return>  to proceed.\MessageBreak If that doesn't work, type  X <retu
rn>  to quit.}.

! LaTeX Error: Counter too large.

See the LaTeX manual or LaTeX Companion for explanation.
Type  H <return>  for immediate help.
 ...                                              
                                                  
l.1 ...Hooft Loop Algebra (Algebraic Confinement)}
                                                  
You've lost some text.  Try typing  <return>  to proceed.
If that doesn't work, type  X <return>  to quit.


! LaTeX Error: Counter too large.

See the LaTeX manual or LaTeX Companion for explanation.
Type  H <return>  for immediate help.
 ...                                              
                                                  
l.14 \end{equation}
                   
You've lost some text.  Try typing  <return>  to proceed.
If that doesn't work, type  X <return>  to quit.


! LaTeX Error: Counter too large.

See the LaTeX manual or LaTeX Companion for explanation.
Type  H <return>  for immediate help.
 ...                                              
                                                  
l.22 \end{align}
                
You've lost some text.  Try typing  <return>  to proceed.
If that doesn't work, type  X <return>  to quit.


! LaTeX Error: Counter too large.

See the LaTeX manual or LaTeX Companion for explanation.
Type  H <return>  for immediate help.
 ...                                              
                                                  
l.22 \end{align}
                
You've lost some text.  Try typing  <return>  to proceed.
If that doesn't work, type  X <return>  to quit.


! LaTeX Error: Counter too large.

See the LaTeX manual or LaTeX Companion for explanation.
Type  H <return>  for immediate help.
 ...                                              
                                                  
l.22 \end{align}
                
You've lost some text.  Try typing  <return>  to proceed.
If that doesn't work, type  X <return>  to quit.


! LaTeX Error: Counter too large.

See the LaTeX manual or LaTeX Companion for explanation.
Type  H <return>  for immediate help.
 ...                                              
                                                  
l.22 \end{align}
                
You've lost some text.  Try typing  <return>  to proceed.
If that doesn't work, type  X <return>  to quit.


! LaTeX Error: Counter too large.

See the LaTeX manual or LaTeX Companion for explanation.
Type  H <return>  for immediate help.
 ...                                              
                                                  
l.26 \end{equation}
                   
You've lost some text.  Try typing  <return>  to proceed.
If that doesn't work, type  X <return>  to quit.

[504

]) [505]
Appendix \GenericError {               }{LaTeX Error: Counter too large}{See th
e LaTeX manual or LaTeX Companion for explanation.}{You've lost some text.  Try
 typing  <return>  to proceed.\MessageBreak If that doesn't work, type  X <retu
rn>  to quit.}.

! LaTeX Error: Counter too large.

See the LaTeX manual or LaTeX Companion for explanation.
Type  H <return>  for immediate help.
 ...                                              
                                                  
l.348 \chapter{Constructive QFT Foundations}
                                            
You've lost some text.  Try typing  <return>  to proceed.
If that doesn't work, type  X <return>  to quit.

(app178_constructive_qft.tex

! LaTeX Error: Counter too large.

See the LaTeX manual or LaTeX Companion for explanation.
Type  H <return>  for immediate help.
 ...                                              
                                                  
l.17 \end{equation}
                   
You've lost some text.  Try typing  <return>  to proceed.
If that doesn't work, type  X <return>  to quit.


! LaTeX Error: Counter too large.

See the LaTeX manual or LaTeX Companion for explanation.
Type  H <return>  for immediate help.
 ...                                              
                                                  
l.24 \end{equation}
                   
You've lost some text.  Try typing  <return>  to proceed.
If that doesn't work, type  X <return>  to quit.


! LaTeX Error: Counter too large.

See the LaTeX manual or LaTeX Companion for explanation.
Type  H <return>  for immediate help.
 ...                                              
                                                  
l.28 \end{equation}
                   
You've lost some text.  Try typing  <return>  to proceed.
If that doesn't work, type  X <return>  to quit.

[506

]

! LaTeX Error: Counter too large.

See the LaTeX manual or LaTeX Companion for explanation.
Type  H <return>  for immediate help.
 ...                                              
                                                  
l.50 \end{equation}
                   
You've lost some text.  Try typing  <return>  to proceed.
If that doesn't work, type  X <return>  to quit.


! LaTeX Error: Counter too large.

See the LaTeX manual or LaTeX Companion for explanation.
Type  H <return>  for immediate help.
 ...                                              
                                                  
l.57     \end{equation}
                       
You've lost some text.  Try typing  <return>  to proceed.
If that doesn't work, type  X <return>  to quit.


! LaTeX Error: Counter too large.

See the LaTeX manual or LaTeX Companion for explanation.
Type  H <return>  for immediate help.
 ...                                              
                                                  
l.63     \end{equation}
                       
You've lost some text.  Try typing  <return>  to proceed.
If that doesn't work, type  X <return>  to quit.


! LaTeX Error: Counter too large.

See the LaTeX manual or LaTeX Companion for explanation.
Type  H <return>  for immediate help.
 ...                                              
                                                  
l.68     \end{equation}
                       
You've lost some text.  Try typing  <return>  to proceed.
If that doesn't work, type  X <return>  to quit.

[507]

! LaTeX Error: Counter too large.

See the LaTeX manual or LaTeX Companion for explanation.
Type  H <return>  for immediate help.
 ...                                              
                                                  
l.84 \end{equation}
                   
You've lost some text.  Try typing  <return>  to proceed.
If that doesn't work, type  X <return>  to quit.


! LaTeX Error: Counter too large.

See the LaTeX manual or LaTeX Companion for explanation.
Type  H <return>  for immediate help.
 ...                                              
                                                  
l.96     \end{equation}
                       
You've lost some text.  Try typing  <return>  to proceed.
If that doesn't work, type  X <return>  to quit.


! LaTeX Error: Counter too large.

See the LaTeX manual or LaTeX Companion for explanation.
Type  H <return>  for immediate help.
 ...                                              
                                                  
l.103     \end{equation}
                        
You've lost some text.  Try typing  <return>  to proceed.
If that doesn't work, type  X <return>  to quit.


! LaTeX Error: Counter too large.

See the LaTeX manual or LaTeX Companion for explanation.
Type  H <return>  for immediate help.
 ...                                              
                                                  
l.119 \end{equation}
                    
You've lost some text.  Try typing  <return>  to proceed.
If that doesn't work, type  X <return>  to quit.


! LaTeX Error: Counter too large.

See the LaTeX manual or LaTeX Companion for explanation.
Type  H <return>  for immediate help.
 ...                                              
                                                  
l.126     \end{equation}
                        
You've lost some text.  Try typing  <return>  to proceed.
If that doesn't work, type  X <return>  to quit.

[508]

! LaTeX Error: Counter too large.

See the LaTeX manual or LaTeX Companion for explanation.
Type  H <return>  for immediate help.
 ...                                              
                                                  
l.133     \end{equation}
                        
You've lost some text.  Try typing  <return>  to proceed.
If that doesn't work, type  X <return>  to quit.


! LaTeX Error: Counter too large.

See the LaTeX manual or LaTeX Companion for explanation.
Type  H <return>  for immediate help.
 ...                                              
                                                  
l.140     \end{equation}
                        
You've lost some text.  Try typing  <return>  to proceed.
If that doesn't work, type  X <return>  to quit.

) (app182_symanzik_rotation_restoration.tex [509]
Appendix \GenericError {               }{LaTeX Error: Counter too large}{See th
e LaTeX manual or LaTeX Companion for explanation.}{You've lost some text.  Try
 typing  <return>  to proceed.\MessageBreak If that doesn't work, type  X <retu
rn>  to quit.}.

! LaTeX Error: Counter too large.

See the LaTeX manual or LaTeX Companion for explanation.
Type  H <return>  for immediate help.
 ...                                              
                                                  
l.1 ... Restoration of SO(4) (Lorentz Invariance)}
                                                  
You've lost some text.  Try typing  <return>  to proceed.
If that doesn't work, type  X <return>  to quit.


! LaTeX Error: Counter too large.

See the LaTeX manual or LaTeX Companion for explanation.
Type  H <return>  for immediate help.
 ...                                              
                                                  
l.15 \end{equation}
                   
You've lost some text.  Try typing  <return>  to proceed.
If that doesn't work, type  X <return>  to quit.


! LaTeX Error: Counter too large.

See the LaTeX manual or LaTeX Companion for explanation.
Type  H <return>  for immediate help.
 ...                                              
                                                  
l.26 \end{equation}
                   
You've lost some text.  Try typing  <return>  to proceed.
If that doesn't work, type  X <return>  to quit.

[510

]

! LaTeX Error: Counter too large.

See the LaTeX manual or LaTeX Companion for explanation.
Type  H <return>  for immediate help.
 ...                                              
                                                  
l.36 \end{equation}
                   
You've lost some text.  Try typing  <return>  to proceed.
If that doesn't work, type  X <return>  to quit.


! LaTeX Error: Counter too large.

See the LaTeX manual or LaTeX Companion for explanation.
Type  H <return>  for immediate help.
 ...                                              
                                                  
l.42 \end{equation}
                   
You've lost some text.  Try typing  <return>  to proceed.
If that doesn't work, type  X <return>  to quit.


! LaTeX Error: Counter too large.

See the LaTeX manual or LaTeX Companion for explanation.
Type  H <return>  for immediate help.
 ...                                              
                                                  
l.52 \end{equation}
                   
You've lost some text.  Try typing  <return>  to proceed.
If that doesn't work, type  X <return>  to quit.


! LaTeX Error: Counter too large.

See the LaTeX manual or LaTeX Companion for explanation.
Type  H <return>  for immediate help.
 ...                                              
                                                  
l.56 \end{equation}
                   
You've lost some text.  Try typing  <return>  to proceed.
If that doesn't work, type  X <return>  to quit.


! LaTeX Error: Counter too large.

See the LaTeX manual or LaTeX Companion for explanation.
Type  H <return>  for immediate help.
 ...                                              
                                                  
l.66 \end{equation}
                   
You've lost some text.  Try typing  <return>  to proceed.
If that doesn't work, type  X <return>  to quit.

) (app183_lattice_index_theorem.tex [511]
Appendix \GenericError {               }{LaTeX Error: Counter too large}{See th
e LaTeX manual or LaTeX Companion for explanation.}{You've lost some text.  Try
 typing  <return>  to proceed.\MessageBreak If that doesn't work, type  X <retu
rn>  to quit.}.

! LaTeX Error: Counter too large.

See the LaTeX manual or LaTeX Companion for explanation.
Type  H <return>  for immediate help.
 ...                                              
                                                  
l.1 ...tice Index Theorem (Topological Stability)}
                                                  
You've lost some text.  Try typing  <return>  to proceed.
If that doesn't work, type  X <return>  to quit.


Overfull \hbox (23.84988pt too wide) in paragraph at lines 5--6
\T1/cmr/m/n/10.95 The "Ad-joint In-ter-po-la-tion" strat-egy (Sec-tion [][]2.1[
][]) re-lies cru-cially on the Wit-ten In-dex $\OML/cmm/m/it/10.95 Tr\OT1/cmr/m
/n/10.95 [(\OMS/cmsy/m/n/10.95 ^^@\OT1/cmr/m/n/10.95 1)[]\OML/cmm/m/it/10.95 e[
]\OT1/cmr/m/n/10.95 ]$
 []


! LaTeX Error: Counter too large.

See the LaTeX manual or LaTeX Companion for explanation.
Type  H <return>  for immediate help.
 ...                                              
                                                  
l.13 \end{equation}
                   
You've lost some text.  Try typing  <return>  to proceed.
If that doesn't work, type  X <return>  to quit.


Overfull \hbox (3.72787pt too wide) in paragraph at lines 17--18
\T1/cmr/m/n/10.95 The es-sen-tial prop-erty that re-places the con-tin-uum chi-
ral sym-me-try $\OMS/cmsy/m/n/10.95 f\OML/cmm/m/it/10.95 D; ^^M[]\OMS/cmsy/m/n/
10.95 g \OT1/cmr/m/n/10.95 = 0$ \T1/cmr/m/n/10.95 is the \T1/cmr/bx/n/10.95 Gin
sparg-
 []


! LaTeX Error: Counter too large.

See the LaTeX manual or LaTeX Companion for explanation.
Type  H <return>  for immediate help.
 ...                                              
                                                  
l.20 \end{equation}
                   
You've lost some text.  Try typing  <return>  to proceed.
If that doesn't work, type  X <return>  to quit.


! LaTeX Error: Counter too large.

See the LaTeX manual or LaTeX Companion for explanation.
Type  H <return>  for immediate help.
 ...                                              
                                                  
l.25 \end{align}
                
You've lost some text.  Try typing  <return>  to proceed.
If that doesn't work, type  X <return>  to quit.


! LaTeX Error: Counter too large.

See the LaTeX manual or LaTeX Companion for explanation.
Type  H <return>  for immediate help.
 ...                                              
                                                  
l.25 \end{align}
                
You've lost some text.  Try typing  <return>  to proceed.
If that doesn't work, type  X <return>  to quit.


! LaTeX Error: Counter too large.

See the LaTeX manual or LaTeX Companion for explanation.
Type  H <return>  for immediate help.
 ...                                              
                                                  
l.25 \end{align}
                
You've lost some text.  Try typing  <return>  to proceed.
If that doesn't work, type  X <return>  to quit.


! LaTeX Error: Counter too large.

See the LaTeX manual or LaTeX Companion for explanation.
Type  H <return>  for immediate help.
 ...                                              
                                                  
l.25 \end{align}
                
You've lost some text.  Try typing  <return>  to proceed.
If that doesn't work, type  X <return>  to quit.

[512

]

! LaTeX Error: Counter too large.

See the LaTeX manual or LaTeX Companion for explanation.
Type  H <return>  for immediate help.
 ...                                              
                                                  
l.34 \end{equation}
                   
You've lost some text.  Try typing  <return>  to proceed.
If that doesn't work, type  X <return>  to quit.


! LaTeX Error: Counter too large.

See the LaTeX manual or LaTeX Companion for explanation.
Type  H <return>  for immediate help.
 ...                                              
                                                  
l.47 \end{equation}
                   
You've lost some text.  Try typing  <return>  to proceed.
If that doesn't work, type  X <return>  to quit.


! LaTeX Error: Counter too large.

See the LaTeX manual or LaTeX Companion for explanation.
Type  H <return>  for immediate help.
 ...                                              
                                                  
l.52 \end{equation}
                   
You've lost some text.  Try typing  <return>  to proceed.
If that doesn't work, type  X <return>  to quit.

) (app119_os_axioms_verification.tex [513]

! LaTeX Error: Counter too large.

See the LaTeX manual or LaTeX Companion for explanation.
Type  H <return>  for immediate help.
 ...                                              
                                                  
l.28 \end{equation}
                   
You've lost some text.  Try typing  <return>  to proceed.
If that doesn't work, type  X <return>  to quit.


! LaTeX Error: Counter too large.

See the LaTeX manual or LaTeX Companion for explanation.
Type  H <return>  for immediate help.
 ...                                              
                                                  
l.35 \end{equation}
                   
You've lost some text.  Try typing  <return>  to proceed.
If that doesn't work, type  X <return>  to quit.


! LaTeX Error: Counter too large.

See the LaTeX manual or LaTeX Companion for explanation.
Type  H <return>  for immediate help.
 ...                                              
                                                  
l.40 \end{equation}
                   
You've lost some text.  Try typing  <return>  to proceed.
If that doesn't work, type  X <return>  to quit.


! LaTeX Error: Counter too large.

See the LaTeX manual or LaTeX Companion for explanation.
Type  H <return>  for immediate help.
 ...                                              
                                                  
l.55 \end{equation}
                   
You've lost some text.  Try typing  <return>  to proceed.
If that doesn't work, type  X <return>  to quit.


! LaTeX Error: Counter too large.

See the LaTeX manual or LaTeX Companion for explanation.
Type  H <return>  for immediate help.
 ...                                              
                                                  
l.68 \end{equation}
                   
You've lost some text.  Try typing  <return>  to proceed.
If that doesn't work, type  X <return>  to quit.


! LaTeX Error: Counter too large.

See the LaTeX manual or LaTeX Companion for explanation.
Type  H <return>  for immediate help.
 ...                                              
                                                  
l.84 \end{equation}
                   
You've lost some text.  Try typing  <return>  to proceed.
If that doesn't work, type  X <return>  to quit.


! LaTeX Error: Counter too large.

See the LaTeX manual or LaTeX Companion for explanation.
Type  H <return>  for immediate help.
 ...                                              
                                                  
l.89 \end{equation}
                   
You've lost some text.  Try typing  <return>  to proceed.
If that doesn't work, type  X <return>  to quit.


! LaTeX Error: Counter too large.

See the LaTeX manual or LaTeX Companion for explanation.
Type  H <return>  for immediate help.
 ...                                              
                                                  
l.96 \end{equation}
                   
You've lost some text.  Try typing  <return>  to proceed.
If that doesn't work, type  X <return>  to quit.

) [514]
Appendix \GenericError {               }{LaTeX Error: Counter too large}{See th
e LaTeX manual or LaTeX Companion for explanation.}{You've lost some text.  Try
 typing  <return>  to proceed.\MessageBreak If that doesn't work, type  X <retu
rn>  to quit.}.

! LaTeX Error: Counter too large.

See the LaTeX manual or LaTeX Companion for explanation.
Type  H <return>  for immediate help.
 ...                                              
                                                  
l.359 \chapter{Vacuum Structure and Uniqueness}
                                               
You've lost some text.  Try typing  <return>  to proceed.
If that doesn't work, type  X <return>  to quit.

(app163_vacuum_uniqueness.tex

! LaTeX Error: Counter too large.

See the LaTeX manual or LaTeX Companion for explanation.
Type  H <return>  for immediate help.
 ...                                              
                                                  
l.14 \end{equation}
                   
You've lost some text.  Try typing  <return>  to proceed.
If that doesn't work, type  X <return>  to quit.


! LaTeX Error: Counter too large.

See the LaTeX manual or LaTeX Companion for explanation.
Type  H <return>  for immediate help.
 ...                                              
                                                  
l.22 \end{equation}
                   
You've lost some text.  Try typing  <return>  to proceed.
If that doesn't work, type  X <return>  to quit.


! LaTeX Error: Counter too large.

See the LaTeX manual or LaTeX Companion for explanation.
Type  H <return>  for immediate help.
 ...                                              
                                                  
l.29 \end{equation}
                   
You've lost some text.  Try typing  <return>  to proceed.
If that doesn't work, type  X <return>  to quit.

) (app184_vacuum_uniqueness.tex [515

]
Appendix \GenericError {               }{LaTeX Error: Counter too large}{See th
e LaTeX manual or LaTeX Companion for explanation.}{You've lost some text.  Try
 typing  <return>  to proceed.\MessageBreak If that doesn't work, type  X <retu
rn>  to quit.}.

! LaTeX Error: Counter too large.

See the LaTeX manual or LaTeX Companion for explanation.
Type  H <return>  for immediate help.
 ...                                              
                                                  
l.1 ...acuum Uniqueness via Cluster Decomposition}
                                                  
You've lost some text.  Try typing  <return>  to proceed.
If that doesn't work, type  X <return>  to quit.


! LaTeX Error: Counter too large.

See the LaTeX manual or LaTeX Companion for explanation.
Type  H <return>  for immediate help.
 ...                                              
                                                  
l.17 \end{equation}
                   
You've lost some text.  Try typing  <return>  to proceed.
If that doesn't work, type  X <return>  to quit.


! LaTeX Error: Counter too large.

See the LaTeX manual or LaTeX Companion for explanation.
Type  H <return>  for immediate help.
 ...                                              
                                                  
l.28 \end{equation}
                   
You've lost some text.  Try typing  <return>  to proceed.
If that doesn't work, type  X <return>  to quit.

[516

]

! LaTeX Error: Counter too large.

See the LaTeX manual or LaTeX Companion for explanation.
Type  H <return>  for immediate help.
 ...                                              
                                                  
l.36 \end{equation}
                   
You've lost some text.  Try typing  <return>  to proceed.
If that doesn't work, type  X <return>  to quit.


! LaTeX Error: Counter too large.

See the LaTeX manual or LaTeX Companion for explanation.
Type  H <return>  for immediate help.
 ...                                              
                                                  
l.40 \end{equation}
                   
You've lost some text.  Try typing  <return>  to proceed.
If that doesn't work, type  X <return>  to quit.


! LaTeX Error: Counter too large.

See the LaTeX manual or LaTeX Companion for explanation.
Type  H <return>  for immediate help.
 ...                                              
                                                  
l.48 \end{equation}
                   
You've lost some text.  Try typing  <return>  to proceed.
If that doesn't work, type  X <return>  to quit.


! LaTeX Error: Counter too large.

See the LaTeX manual or LaTeX Companion for explanation.
Type  H <return>  for immediate help.
 ...                                              
                                                  
l.53 \end{equation}
                   
You've lost some text.  Try typing  <return>  to proceed.
If that doesn't work, type  X <return>  to quit.

) (app160_coulomb_exclusion.tex

! LaTeX Error: Counter too large.

See the LaTeX manual or LaTeX Companion for explanation.
Type  H <return>  for immediate help.
 ...                                              
                                                  
l.13     \end{equation}
                       
You've lost some text.  Try typing  <return>  to proceed.
If that doesn't work, type  X <return>  to quit.

[517]) [518]
Appendix \GenericError {               }{LaTeX Error: Counter too large}{See th
e LaTeX manual or LaTeX Companion for explanation.}{You've lost some text.  Try
 typing  <return>  to proceed.\MessageBreak If that doesn't work, type  X <retu
rn>  to quit.}.

! LaTeX Error: Counter too large.

See the LaTeX manual or LaTeX Companion for explanation.
Type  H <return>  for immediate help.
 ...                                              
                                                  
l.369 \chapter{Specialized Mathematical Tools}
                                              
You've lost some text.  Try typing  <return>  to proceed.
If that doesn't work, type  X <return>  to quit.

(app56_novel_mathematical_tools.tex

! LaTeX Error: Counter too large.

See the LaTeX manual or LaTeX Companion for explanation.
Type  H <return>  for immediate help.
 ...                                              
                                                  
l.27 \end{equation}
                   
You've lost some text.  Try typing  <return>  to proceed.
If that doesn't work, type  X <return>  to quit.


! LaTeX Error: Counter too large.

See the LaTeX manual or LaTeX Companion for explanation.
Type  H <return>  for immediate help.
 ...                                              
                                                  
l.40 the SGF equation~\eqref{eq:sgf}
                                     admits a unique mild solution
You've lost some text. Try typing <return> to proceed.
If that doesn't work, type X <return> to quit.


Overfull \hbox (20.1498pt too wide) in paragraph at lines 39--43
\OML/cmm/m/it/10.95 W[]\OT1/cmr/m/n/10.95 (\U/msb/m/n/10.95 R[]\OML/cmm/m/it/10
.95 ; []\OT1/cmr/m/n/10.95 (\OML/cmm/m/it/10.95 N\OT1/cmr/m/n/10.95 ) \OMS/cmsy
/m/n/10.95 
 \OML/cmm/m/it/10.95 T[]\U/msb/m/n/10.95 R[]\OT1/cmr/m/n/10.95 )$\T1/cmr/m/it/1
0.95 , the SGF equa-tion [] ad-mits a unique mild so-lu-tion $\OML/cmm/m/it/10.
95 A\OT1/cmr/m/n/10.95 (\OML/cmm/m/it/10.95 t\OT1/cmr/m/n/10.95 ) \OMS/cmsy/m/n
/10.95 2 \OML/cmm/m/it/10.95 C\OT1/cmr/m/n/10.95 ([0\OML/cmm/m/it/10.95 ; T\OT1
/cmr/m/n/10.95 ]; \OML/cmm/m/it/10.95 W[]\OT1/cmr/m/n/10.95 ) \OMS/cmsy/m/n/10.
95 \
 []

[519

] [520]

! LaTeX Error: Counter too large.

See the LaTeX manual or LaTeX Companion for explanation.
Type  H <return>  for immediate help.
 ...                                              
                                                  
l.224 \end{equation}
                    
You've lost some text.  Try typing  <return>  to proceed.
If that doesn't work, type  X <return>  to quit.

[521]

LaTeX Warning: Reference `thm:center-symmetry' on page 522 undefined on input l
ine 296.

[522] [523] [524] [525]
Overfull \hbox (7.65448pt too wide) in paragraph at lines 563--566
[][]\T1/cmr/m/it/10.95 Remark \T1/cmr/m/n/10.95 R.1.17 (Re-trac-tion of K-The-o
-retic Gap Equiv-a-lence)\T1/cmr/m/it/10.95 . []\T1/cmr/m/n/10.95 In pre-vi-ous
 ver-sions, a "K-Theoretic
 []

[526] [527]

! LaTeX Error: Counter too large.

See the LaTeX manual or LaTeX Companion for explanation.
Type  H <return>  for immediate help.
 ...                                              
                                                  
l.693 The SGF equation~\eqref{eq:sgf}
                                      is $SO(4)$-invariant, hence so is the
You've lost some text. Try typing <return> to proceed.
If that doesn't work, type X <return> to quit.

[528] [529] [530] [531] [532] [533] [534] [535]

LaTeX Warning: Reference `cor:smooth-continuum' on page 536 undefined on input 
line 1333.


LaTeX Warning: Reference `thm:spde-wellposed' on page 536 undefined on input li
ne 1333.


LaTeX Warning: Reference `thm:complete-spectral-gap' on page 536 undefined on i
nput line 1334.


LaTeX Warning: Reference `thm:area-law-ope' on page 536 undefined on input line
 1334.


LaTeX Warning: Reference `thm:complete-spectral-gap' on page 536 undefined on i
nput line 1335.


LaTeX Warning: Reference `thm:complete-mass-gap' on page 536 undefined on input
 line 1335.


LaTeX Warning: Reference `thm:epsilon-regularity' on page 536 undefined on inpu
t line 1337.


LaTeX Warning: Reference `thm:uhlenbeck-gauge-fix' on page 536 undefined on inp
ut line 1337.


LaTeX Warning: Reference `thm:bubble-prevention' on page 536 undefined on input
 line 1338.


LaTeX Warning: Reference `thm:no-bubbles-measure' on page 536 undefined on inpu
t line 1338.


LaTeX Warning: Reference `thm:gap-survives' on page 536 undefined on input line
 1339.


LaTeX Warning: Reference `thm:beta-function' on page 536 undefined on input lin
e 1341.


LaTeX Warning: Reference `thm:dimensional-transmutation-tools' on page 536 unde
fined on input line 1341.


LaTeX Warning: Reference `thm:exponential-clustering' on page 536 undefined on 
input line 1342.

[536] [537] [538] [539]) (app185_stratified_hardy.tex [540]
Appendix \GenericError {               }{LaTeX Error: Counter too large}{See th
e LaTeX manual or LaTeX Companion for explanation.}{You've lost some text.  Try
 typing  <return>  to proceed.\MessageBreak If that doesn't work, type  X <retu
rn>  to quit.}.

! LaTeX Error: Counter too large.

See the LaTeX manual or LaTeX Companion for explanation.
Type  H <return>  for immediate help.
 ...                                              
                                                  
l.1 ...ied Hardy Inequality (Singularity Control)}
                                                  
You've lost some text.  Try typing  <return>  to proceed.
If that doesn't work, type  X <return>  to quit.


! LaTeX Error: Counter too large.

See the LaTeX manual or LaTeX Companion for explanation.
Type  H <return>  for immediate help.
 ...                                              
                                                  
l.14 \end{equation}
                   
You've lost some text.  Try typing  <return>  to proceed.
If that doesn't work, type  X <return>  to quit.


! LaTeX Error: Counter too large.

See the LaTeX manual or LaTeX Companion for explanation.
Type  H <return>  for immediate help.
 ...                                              
                                                  
l.23 \end{equation}
                   
You've lost some text.  Try typing  <return>  to proceed.
If that doesn't work, type  X <return>  to quit.


! LaTeX Error: Counter too large.

See the LaTeX manual or LaTeX Companion for explanation.
Type  H <return>  for immediate help.
 ...                                              
                                                  
l.28 \end{equation}
                   
You've lost some text.  Try typing  <return>  to proceed.
If that doesn't work, type  X <return>  to quit.

[541

]

! LaTeX Error: Counter too large.

See the LaTeX manual or LaTeX Companion for explanation.
Type  H <return>  for immediate help.
 ...                                              
                                                  
l.32 \end{equation}
                   
You've lost some text.  Try typing  <return>  to proceed.
If that doesn't work, type  X <return>  to quit.


! LaTeX Error: Counter too large.

See the LaTeX manual or LaTeX Companion for explanation.
Type  H <return>  for immediate help.
 ...                                              
                                                  
l.43     \end{equation}
                       
You've lost some text.  Try typing  <return>  to proceed.
If that doesn't work, type  X <return>  to quit.


! LaTeX Error: Counter too large.

See the LaTeX manual or LaTeX Companion for explanation.
Type  H <return>  for immediate help.
 ...                                              
                                                  
l.50 \end{equation}
                   
You've lost some text.  Try typing  <return>  to proceed.
If that doesn't work, type  X <return>  to quit.


! LaTeX Error: Counter too large.

See the LaTeX manual or LaTeX Companion for explanation.
Type  H <return>  for immediate help.
 ...                                              
                                                  
l.67 \end{equation}
                   
You've lost some text.  Try typing  <return>  to proceed.
If that doesn't work, type  X <return>  to quit.

[542]
Overfull \hbox (8.8079pt too wide) in paragraph at lines 67--69
\T1/cmr/m/it/10.95 where $\OML/cmm/m/it/10.95 H\OT1/cmr/m/n/10.95 (\OML/cmm/m/i
t/10.95 A\OT1/cmr/m/n/10.95 )$ \T1/cmr/m/it/10.95 is the hori-zon func-tion and
 $\OML/cmm/m/it/10.95 ^^M$ \T1/cmr/m/it/10.95 is the Gri-bov mass pa-ram-e-ter 
de-ter-mined self-consistently
 []

) (app187_helffer_sjostrand.tex [543]
Appendix \GenericError {               }{LaTeX Error: Counter too large}{See th
e LaTeX manual or LaTeX Companion for explanation.}{You've lost some text.  Try
 typing  <return>  to proceed.\MessageBreak If that doesn't work, type  X <retu
rn>  to quit.}.

! LaTeX Error: Counter too large.

See the LaTeX manual or LaTeX Companion for explanation.
Type  H <return>  for immediate help.
 ...                                              
                                                  
l.1 ...elffer-SjÃ¶strand Formula (Spectral Decay)}
                                                  
You've lost some text.  Try typing  <return>  to proceed.
If that doesn't work, type  X <return>  to quit.


! LaTeX Error: Counter too large.

See the LaTeX manual or LaTeX Companion for explanation.
Type  H <return>  for immediate help.
 ...                                              
                                                  
l.18     \end{equation}
                       
You've lost some text.  Try typing  <return>  to proceed.
If that doesn't work, type  X <return>  to quit.


! LaTeX Error: Counter too large.

See the LaTeX manual or LaTeX Companion for explanation.
Type  H <return>  for immediate help.
 ...                                              
                                                  
l.25 \end{equation}
                   
You've lost some text.  Try typing  <return>  to proceed.
If that doesn't work, type  X <return>  to quit.


! LaTeX Error: Counter too large.

See the LaTeX manual or LaTeX Companion for explanation.
Type  H <return>  for immediate help.
 ...                                              
                                                  
l.33 \end{equation}
                   
You've lost some text.  Try typing  <return>  to proceed.
If that doesn't work, type  X <return>  to quit.

[544

]

! LaTeX Error: Counter too large.

See the LaTeX manual or LaTeX Companion for explanation.
Type  H <return>  for immediate help.
 ...                                              
                                                  
l.37 \end{equation}
                   
You've lost some text.  Try typing  <return>  to proceed.
If that doesn't work, type  X <return>  to quit.


! LaTeX Error: Counter too large.

See the LaTeX manual or LaTeX Companion for explanation.
Type  H <return>  for immediate help.
 ...                                              
                                                  
l.41 \end{equation}
                   
You've lost some text.  Try typing  <return>  to proceed.
If that doesn't work, type  X <return>  to quit.


! LaTeX Error: Counter too large.

See the LaTeX manual or LaTeX Companion for explanation.
Type  H <return>  for immediate help.
 ...                                              
                                                  
l.48 \end{equation}
                   
You've lost some text.  Try typing  <return>  to proceed.
If that doesn't work, type  X <return>  to quit.


! LaTeX Error: Counter too large.

See the LaTeX manual or LaTeX Companion for explanation.
Type  H <return>  for immediate help.
 ...                                              
                                                  
l.55 \end{align}
                
You've lost some text.  Try typing  <return>  to proceed.
If that doesn't work, type  X <return>  to quit.


! LaTeX Error: Counter too large.

See the LaTeX manual or LaTeX Companion for explanation.
Type  H <return>  for immediate help.
 ...                                              
                                                  
l.55 \end{align}
                
You've lost some text.  Try typing  <return>  to proceed.
If that doesn't work, type  X <return>  to quit.


! LaTeX Error: Counter too large.

See the LaTeX manual or LaTeX Companion for explanation.
Type  H <return>  for immediate help.
 ...                                              
                                                  
l.55 \end{align}
                
You've lost some text.  Try typing  <return>  to proceed.
If that doesn't work, type  X <return>  to quit.


! LaTeX Error: Counter too large.

See the LaTeX manual or LaTeX Companion for explanation.
Type  H <return>  for immediate help.
 ...                                              
                                                  
l.55 \end{align}
                
You've lost some text.  Try typing  <return>  to proceed.
If that doesn't work, type  X <return>  to quit.


! LaTeX Error: Counter too large.

See the LaTeX manual or LaTeX Companion for explanation.
Type  H <return>  for immediate help.
 ...                                              
                                                  
l.55 \end{align}
                
You've lost some text.  Try typing  <return>  to proceed.
If that doesn't work, type  X <return>  to quit.


! LaTeX Error: Counter too large.

See the LaTeX manual or LaTeX Companion for explanation.
Type  H <return>  for immediate help.
 ...                                              
                                                  
l.55 \end{align}
                
You've lost some text.  Try typing  <return>  to proceed.
If that doesn't work, type  X <return>  to quit.


! LaTeX Error: Counter too large.

See the LaTeX manual or LaTeX Companion for explanation.
Type  H <return>  for immediate help.
 ...                                              
                                                  
l.59 \end{equation}
                   
You've lost some text.  Try typing  <return>  to proceed.
If that doesn't work, type  X <return>  to quit.

) (app188_resurgence_cancellation.tex [545]
Appendix \GenericError {               }{LaTeX Error: Counter too large}{See th
e LaTeX manual or LaTeX Companion for explanation.}{You've lost some text.  Try
 typing  <return>  to proceed.\MessageBreak If that doesn't work, type  X <retu
rn>  to quit.}.

! LaTeX Error: Counter too large.

See the LaTeX manual or LaTeX Companion for explanation.
Type  H <return>  for immediate help.
 ...                                              
                                                  
l.1 ... Cancellation (Non-Perturbative Ambiguity)}
                                                  
You've lost some text.  Try typing  <return>  to proceed.
If that doesn't work, type  X <return>  to quit.


! LaTeX Error: Counter too large.

See the LaTeX manual or LaTeX Companion for explanation.
Type  H <return>  for immediate help.
 ...                                              
                                                  
l.12 \end{equation}
                   
You've lost some text.  Try typing  <return>  to proceed.
If that doesn't work, type  X <return>  to quit.


! LaTeX Error: Counter too large.

See the LaTeX manual or LaTeX Companion for explanation.
Type  H <return>  for immediate help.
 ...                                              
                                                  
l.19 \end{equation}
                   
You've lost some text.  Try typing  <return>  to proceed.
If that doesn't work, type  X <return>  to quit.


! LaTeX Error: Counter too large.

See the LaTeX manual or LaTeX Companion for explanation.
Type  H <return>  for immediate help.
 ...                                              
                                                  
l.24 \end{equation}
                   
You've lost some text.  Try typing  <return>  to proceed.
If that doesn't work, type  X <return>  to quit.

[546

]

! LaTeX Error: Counter too large.

See the LaTeX manual or LaTeX Companion for explanation.
Type  H <return>  for immediate help.
 ...                                              
                                                  
l.32 \end{equation}
                   
You've lost some text.  Try typing  <return>  to proceed.
If that doesn't work, type  X <return>  to quit.


! LaTeX Error: Counter too large.

See the LaTeX manual or LaTeX Companion for explanation.
Type  H <return>  for immediate help.
 ...                                              
                                                  
l.40 \end{equation}
                   
You've lost some text.  Try typing  <return>  to proceed.
If that doesn't work, type  X <return>  to quit.


! LaTeX Error: Counter too large.

See the LaTeX manual or LaTeX Companion for explanation.
Type  H <return>  for immediate help.
 ...                                              
                                                  
l.47 \end{equation}
                   
You've lost some text.  Try typing  <return>  to proceed.
If that doesn't work, type  X <return>  to quit.

) (app203_fix36_lieb_thirring.tex [547]
Appendix \GenericError {               }{LaTeX Error: Counter too large}{See th
e LaTeX manual or LaTeX Companion for explanation.}{You've lost some text.  Try
 typing  <return>  to proceed.\MessageBreak If that doesn't work, type  X <retu
rn>  to quit.}.

! LaTeX Error: Counter too large.

See the LaTeX manual or LaTeX Companion for explanation.
Type  H <return>  for immediate help.
 ...                                              
                                                  
l.1 ...eb-Thirring Stability for Lattice Fermions}
                                                  
You've lost some text.  Try typing  <return>  to proceed.
If that doesn't work, type  X <return>  to quit.


! LaTeX Error: Counter too large.

See the LaTeX manual or LaTeX Companion for explanation.
Type  H <return>  for immediate help.
 ...                                              
                                                  
l.14 \end{equation}
                   
You've lost some text.  Try typing  <return>  to proceed.
If that doesn't work, type  X <return>  to quit.


! LaTeX Error: Counter too large.

See the LaTeX manual or LaTeX Companion for explanation.
Type  H <return>  for immediate help.
 ...                                              
                                                  
l.24 \end{equation}
                   
You've lost some text.  Try typing  <return>  to proceed.
If that doesn't work, type  X <return>  to quit.

) (app206_fix6_battle_federbush.tex

! LaTeX Error: Counter too large.

See the LaTeX manual or LaTeX Companion for explanation.
Type  H <return>  for immediate help.
 ...                                              
                                                  
l.12 \end{equation}
                   
You've lost some text.  Try typing  <return>  to proceed.
If that doesn't work, type  X <return>  to quit.

[548

]

! LaTeX Error: Counter too large.

See the LaTeX manual or LaTeX Companion for explanation.
Type  H <return>  for immediate help.
 ...                                              
                                                  
l.22 \end{equation}
                   
You've lost some text.  Try typing  <return>  to proceed.
If that doesn't work, type  X <return>  to quit.


! LaTeX Error: Counter too large.

See the LaTeX manual or LaTeX Companion for explanation.
Type  H <return>  for immediate help.
 ...                                              
                                                  
l.30 \end{equation}
                   
You've lost some text.  Try typing  <return>  to proceed.
If that doesn't work, type  X <return>  to quit.


! LaTeX Error: Counter too large.

See the LaTeX manual or LaTeX Companion for explanation.
Type  H <return>  for immediate help.
 ...                                              
                                                  
l.35 \end{equation}
                   
You've lost some text.  Try typing  <return>  to proceed.
If that doesn't work, type  X <return>  to quit.


! LaTeX Error: Counter too large.

See the LaTeX manual or LaTeX Companion for explanation.
Type  H <return>  for immediate help.
 ...                                              
                                                  
l.40 \end{equation}
                   
You've lost some text.  Try typing  <return>  to proceed.
If that doesn't work, type  X <return>  to quit.


! LaTeX Error: Counter too large.

See the LaTeX manual or LaTeX Companion for explanation.
Type  H <return>  for immediate help.
 ...                                              
                                                  
l.44 \end{equation}
                   
You've lost some text.  Try typing  <return>  to proceed.
If that doesn't work, type  X <return>  to quit.


! LaTeX Error: Counter too large.

See the LaTeX manual or LaTeX Companion for explanation.
Type  H <return>  for immediate help.
 ...                                              
                                                  
l.54 \end{equation}
                   
You've lost some text.  Try typing  <return>  to proceed.
If that doesn't work, type  X <return>  to quit.


! LaTeX Error: Counter too large.

See the LaTeX manual or LaTeX Companion for explanation.
Type  H <return>  for immediate help.
 ...                                              
                                                  
l.62 \end{equation}
                   
You've lost some text.  Try typing  <return>  to proceed.
If that doesn't work, type  X <return>  to quit.


! LaTeX Error: Counter too large.

See the LaTeX manual or LaTeX Companion for explanation.
Type  H <return>  for immediate help.
 ...                                              
                                                  
l.67 \end{equation}
                   
You've lost some text.  Try typing  <return>  to proceed.
If that doesn't work, type  X <return>  to quit.


! LaTeX Error: Counter too large.

See the LaTeX manual or LaTeX Companion for explanation.
Type  H <return>  for immediate help.
 ...                                              
                                                  
l.73 \end{align}
                
You've lost some text.  Try typing  <return>  to proceed.
If that doesn't work, type  X <return>  to quit.


! LaTeX Error: Counter too large.

See the LaTeX manual or LaTeX Companion for explanation.
Type  H <return>  for immediate help.
 ...                                              
                                                  
l.73 \end{align}
                
You've lost some text.  Try typing  <return>  to proceed.
If that doesn't work, type  X <return>  to quit.


! LaTeX Error: Counter too large.

See the LaTeX manual or LaTeX Companion for explanation.
Type  H <return>  for immediate help.
 ...                                              
                                                  
l.73 \end{align}
                
You've lost some text.  Try typing  <return>  to proceed.
If that doesn't work, type  X <return>  to quit.


! LaTeX Error: Counter too large.

See the LaTeX manual or LaTeX Companion for explanation.
Type  H <return>  for immediate help.
 ...                                              
                                                  
l.73 \end{align}
                
You've lost some text.  Try typing  <return>  to proceed.
If that doesn't work, type  X <return>  to quit.

[549]

! LaTeX Error: Counter too large.

See the LaTeX manual or LaTeX Companion for explanation.
Type  H <return>  for immediate help.
 ...                                              
                                                  
l.79 \end{equation}
                   
You've lost some text.  Try typing  <return>  to proceed.
If that doesn't work, type  X <return>  to quit.


! LaTeX Error: Counter too large.

See the LaTeX manual or LaTeX Companion for explanation.
Type  H <return>  for immediate help.
 ...                                              
                                                  
l.89 \end{equation}
                   
You've lost some text.  Try typing  <return>  to proceed.
If that doesn't work, type  X <return>  to quit.


! LaTeX Error: Counter too large.

See the LaTeX manual or LaTeX Companion for explanation.
Type  H <return>  for immediate help.
 ...                                              
                                                  
l.99 \end{equation}
                   
You've lost some text.  Try typing  <return>  to proceed.
If that doesn't work, type  X <return>  to quit.

) [550]
Appendix \GenericError {               }{LaTeX Error: Counter too large}{See th
e LaTeX manual or LaTeX Companion for explanation.}{You've lost some text.  Try
 typing  <return>  to proceed.\MessageBreak If that doesn't work, type  X <retu
rn>  to quit.}.

! LaTeX Error: Counter too large.

See the LaTeX manual or LaTeX Companion for explanation.
Type  H <return>  for immediate help.
 ...                                              
                                                  
l.382 \chapter{Variance-Based Transport Methods}
                                                
You've lost some text.  Try typing  <return>  to proceed.
If that doesn't work, type  X <return>  to quit.

(app244_variance_transport_proof.tex

! LaTeX Error: Counter too large.

See the LaTeX manual or LaTeX Companion for explanation.
Type  H <return>  for immediate help.
 ...                                              
                                                  
l.22 \end{equation}
                   
You've lost some text.  Try typing  <return>  to proceed.
If that doesn't work, type  X <return>  to quit.


! LaTeX Error: Counter too large.

See the LaTeX manual or LaTeX Companion for explanation.
Type  H <return>  for immediate help.
 ...                                              
                                                  
l.33 \end{equation}
                   
You've lost some text.  Try typing  <return>  to proceed.
If that doesn't work, type  X <return>  to quit.


! LaTeX Error: Counter too large.

See the LaTeX manual or LaTeX Companion for explanation.
Type  H <return>  for immediate help.
 ...                                              
                                                  
l.47 \end{equation}
                   
You've lost some text.  Try typing  <return>  to proceed.
If that doesn't work, type  X <return>  to quit.

[551

]

! LaTeX Error: Counter too large.

See the LaTeX manual or LaTeX Companion for explanation.
Type  H <return>  for immediate help.
 ...                                              
                                                  
l.56 \end{equation}
                   
You've lost some text.  Try typing  <return>  to proceed.
If that doesn't work, type  X <return>  to quit.


! LaTeX Error: Counter too large.

See the LaTeX manual or LaTeX Companion for explanation.
Type  H <return>  for immediate help.
 ...                                              
                                                  
l.63 \end{equation}
                   
You've lost some text.  Try typing  <return>  to proceed.
If that doesn't work, type  X <return>  to quit.


! LaTeX Error: Counter too large.

See the LaTeX manual or LaTeX Companion for explanation.
Type  H <return>  for immediate help.
 ...                                              
                                                  
l.69 \end{equation}
                   
You've lost some text.  Try typing  <return>  to proceed.
If that doesn't work, type  X <return>  to quit.


! LaTeX Error: Counter too large.

See the LaTeX manual or LaTeX Companion for explanation.
Type  H <return>  for immediate help.
 ...                                              
                                                  
l.79 \end{equation}
                   
You've lost some text.  Try typing  <return>  to proceed.
If that doesn't work, type  X <return>  to quit.


! LaTeX Error: Counter too large.

See the LaTeX manual or LaTeX Companion for explanation.
Type  H <return>  for immediate help.
 ...                                              
                                                  
l.87 \end{equation}
                   
You've lost some text.  Try typing  <return>  to proceed.
If that doesn't work, type  X <return>  to quit.


! LaTeX Error: Counter too large.

See the LaTeX manual or LaTeX Companion for explanation.
Type  H <return>  for immediate help.
 ...                                              
                                                  
l.91 \end{equation}
                   
You've lost some text.  Try typing  <return>  to proceed.
If that doesn't work, type  X <return>  to quit.


! LaTeX Error: Counter too large.

See the LaTeX manual or LaTeX Companion for explanation.
Type  H <return>  for immediate help.
 ...                                              
                                                  
l.104 \end{equation}
                    
You've lost some text.  Try typing  <return>  to proceed.
If that doesn't work, type  X <return>  to quit.


! LaTeX Error: Counter too large.

See the LaTeX manual or LaTeX Companion for explanation.
Type  H <return>  for immediate help.
 ...                                              
                                                  
l.113 \end{equation}
                    
You've lost some text.  Try typing  <return>  to proceed.
If that doesn't work, type  X <return>  to quit.


! LaTeX Error: Counter too large.

See the LaTeX manual or LaTeX Companion for explanation.
Type  H <return>  for immediate help.
 ...                                              
                                                  
l.120 \end{equation}
                    
You've lost some text.  Try typing  <return>  to proceed.
If that doesn't work, type  X <return>  to quit.


! LaTeX Error: Counter too large.

See the LaTeX manual or LaTeX Companion for explanation.
Type  H <return>  for immediate help.
 ...                                              
                                                  
l.126 \end{equation}
                    
You've lost some text.  Try typing  <return>  to proceed.
If that doesn't work, type  X <return>  to quit.

[552]

! LaTeX Error: Counter too large.

See the LaTeX manual or LaTeX Companion for explanation.
Type  H <return>  for immediate help.
 ...                                              
                                                  
l.131 \end{equation}
                    
You've lost some text.  Try typing  <return>  to proceed.
If that doesn't work, type  X <return>  to quit.


! LaTeX Error: Counter too large.

See the LaTeX manual or LaTeX Companion for explanation.
Type  H <return>  for immediate help.
 ...                                              
                                                  
l.153     \end{equation}
                        
You've lost some text.  Try typing  <return>  to proceed.
If that doesn't work, type  X <return>  to quit.

) [553]
Appendix \GenericError {               }{LaTeX Error: Counter too large}{See th
e LaTeX manual or LaTeX Companion for explanation.}{You've lost some text.  Try
 typing  <return>  to proceed.\MessageBreak If that doesn't work, type  X <retu
rn>  to quit.}.

! LaTeX Error: Counter too large.

See the LaTeX manual or LaTeX Companion for explanation.
Type  H <return>  for immediate help.
 ...                                              
                                                  
l.390 ...oof Roadmaps and Verification Checklists}
                                                  
You've lost some text.  Try typing  <return>  to proceed.
If that doesn't work, type  X <return>  to quit.

(app85_proof_roadmap_and_verification_checklist.tex

LaTeX Warning: Reference `sec:transfer' on page 554 undefined on input line 32.



LaTeX Warning: Reference `thm:discrete' on page 554 undefined on input line 36.



LaTeX Warning: Reference `sec:transfer' on page 554 undefined on input line 39.



LaTeX Warning: Reference `sec:fundamental-proof' on page 554 undefined on input
 line 49.

[554

]

LaTeX Warning: Reference `sec:center' on page 555 undefined on input line 52.


LaTeX Warning: Reference `thm:center-symmetry' on page 555 undefined on input l
ine 53.


LaTeX Warning: Reference `subsec:bessel-bounds' on page 555 undefined on input 
line 79.


LaTeX Warning: Reference `lem:bessel-ratio-main' on page 555 undefined on input
 line 82.

[555]

LaTeX Warning: Reference `thm:bootstrap' on page 556 undefined on input line 13
2.


Overfull \hbox (4.91823pt too wide) in paragraph at lines 144--147
[]\T1/cmr/bx/n/10.95 Weak Cou-pling Con-trol \T1/cmr/m/n/10.95 ($\OML/cmm/m/it/
10.95 ^^L > ^^L[]$\T1/cmr/m/n/10.95 ): Use Gaus-sian dom-i-nance and RG es-ti-m
ates (Balaban-
 []


LaTeX Warning: Reference `cor:rigorous-gt' on page 556 undefined on input line 
157.

[556]
Overfull \hbox (4.85387pt too wide) in paragraph at lines 222--223
[]|\T1/cmtt/m/n/10.95 UNIFIED_GAP_RESOLUTION.tex| 
 []


LaTeX Warning: Reference `thm:finite-vol-analytic-m' on page 557 undefined on i
nput line 235.

[557]) (app88_roadmap1_intermediate_coupling_control.tex [558])
(app89_roadmap2_continuum_limit_sgf_mosco.tex

! LaTeX Error: Counter too large.

See the LaTeX manual or LaTeX Companion for explanation.
Type  H <return>  for immediate help.
 ...                                              
                                                  
l.48 \end{equation}
                   
You've lost some text.  Try typing  <return>  to proceed.
If that doesn't work, type  X <return>  to quit.

[559] [560]
Overfull \hbox (15.54756pt too wide) in paragraph at lines 195--197
[][]\T1/cmr/bx/n/10.95 Theorem R.3.7 \T1/cmr/m/n/10.95 (Spec-tral Con-ver-gence
 from Mosco Con-ver-gence)\T1/cmr/bx/n/10.95 . []\T1/cmr/m/it/10.95 If $\OT1/cm
r/m/n/10.95 (\OMS/cmsy/m/n/10.95 E[]\OML/cmm/m/it/10.95 ; \OMS/cmsy/m/n/10.95 D
[]\OT1/cmr/m/n/10.95 ) [] (\OMS/cmsy/m/n/10.95 E[]\OML/cmm/m/it/10.95 ; \OMS/cm
sy/m/n/10.95 D[]\OT1/cmr/m/n/10.95 )$\T1/cmr/m/it/10.95 ,
 []

[561] [562] [563]) (app91_roadmap4_quantitative_verification.tex

! LaTeX Error: Counter too large.

See the LaTeX manual or LaTeX Companion for explanation.
Type  H <return>  for immediate help.
 ...                                              
                                                  
l.11 \end{equation}
                   
You've lost some text.  Try typing  <return>  to proceed.
If that doesn't work, type  X <return>  to quit.


! LaTeX Error: Counter too large.

See the LaTeX manual or LaTeX Companion for explanation.
Type  H <return>  for immediate help.
 ...                                              
                                                  
l.17 \end{equation}
                   
You've lost some text.  Try typing  <return>  to proceed.
If that doesn't work, type  X <return>  to quit.

) (app98_roadmap1_zegarlinski_complete.tex [564] [565] [566] [567] [568]
[569] [570]) (app100_roadmap3_geometric_complete.tex [571] [572] [573] [574]
[575] [576]) (app111_roadmap_hierarchical_zegarlinski.tex

! LaTeX Error: Counter too large.

See the LaTeX manual or LaTeX Companion for explanation.
Type  H <return>  for immediate help.
 ...                                              
                                                  
l.21 \end{equation}
                   
You've lost some text.  Try typing  <return>  to proceed.
If that doesn't work, type  X <return>  to quit.


! LaTeX Error: Counter too large.

See the LaTeX manual or LaTeX Companion for explanation.
Type  H <return>  for immediate help.
 ...                                              
                                                  
l.27 \end{equation}
                   
You've lost some text.  Try typing  <return>  to proceed.
If that doesn't work, type  X <return>  to quit.


! LaTeX Error: Counter too large.

See the LaTeX manual or LaTeX Companion for explanation.
Type  H <return>  for immediate help.
 ...                                              
                                                  
l.32 \end{equation}
                   
You've lost some text.  Try typing  <return>  to proceed.
If that doesn't work, type  X <return>  to quit.

[577]

! LaTeX Error: Counter too large.

See the LaTeX manual or LaTeX Companion for explanation.
Type  H <return>  for immediate help.
 ...                                              
                                                  
l.61 \end{equation}
                   
You've lost some text.  Try typing  <return>  to proceed.
If that doesn't work, type  X <return>  to quit.


! LaTeX Error: Counter too large.

See the LaTeX manual or LaTeX Companion for explanation.
Type  H <return>  for immediate help.
 ...                                              
                                                  
l.86 \end{equation}
                   
You've lost some text.  Try typing  <return>  to proceed.
If that doesn't work, type  X <return>  to quit.


! LaTeX Error: Counter too large.

See the LaTeX manual or LaTeX Companion for explanation.
Type  H <return>  for immediate help.
 ...                                              
                                                  
l.96 \end{equation}
                   
You've lost some text.  Try typing  <return>  to proceed.
If that doesn't work, type  X <return>  to quit.


! LaTeX Error: Counter too large.

See the LaTeX manual or LaTeX Companion for explanation.
Type  H <return>  for immediate help.
 ...                                              
                                                  
l.101 \end{equation}
                    
You've lost some text.  Try typing  <return>  to proceed.
If that doesn't work, type  X <return>  to quit.


! LaTeX Error: Counter too large.

See the LaTeX manual or LaTeX Companion for explanation.
Type  H <return>  for immediate help.
 ...                                              
                                                  
l.108 \end{equation}
                    
You've lost some text.  Try typing  <return>  to proceed.
If that doesn't work, type  X <return>  to quit.


! LaTeX Error: Counter too large.

See the LaTeX manual or LaTeX Companion for explanation.
Type  H <return>  for immediate help.
 ...                                              
                                                  
l.113 \end{equation}
                    
You've lost some text.  Try typing  <return>  to proceed.
If that doesn't work, type  X <return>  to quit.

[578]

! LaTeX Error: Counter too large.

See the LaTeX manual or LaTeX Companion for explanation.
Type  H <return>  for immediate help.
 ...                                              
                                                  
l.120 \end{equation}
                    
You've lost some text.  Try typing  <return>  to proceed.
If that doesn't work, type  X <return>  to quit.


! LaTeX Error: Counter too large.

See the LaTeX manual or LaTeX Companion for explanation.
Type  H <return>  for immediate help.
 ...                                              
                                                  
l.125 \end{equation}
                    
You've lost some text.  Try typing  <return>  to proceed.
If that doesn't work, type  X <return>  to quit.


! LaTeX Error: Counter too large.

See the LaTeX manual or LaTeX Companion for explanation.
Type  H <return>  for immediate help.
 ...                                              
                                                  
l.132 \end{equation}
                    
You've lost some text.  Try typing  <return>  to proceed.
If that doesn't work, type  X <return>  to quit.


! LaTeX Error: Counter too large.

See the LaTeX manual or LaTeX Companion for explanation.
Type  H <return>  for immediate help.
 ...                                              
                                                  
l.147 \end{equation}
                    
You've lost some text.  Try typing  <return>  to proceed.
If that doesn't work, type  X <return>  to quit.


! LaTeX Error: Counter too large.

See the LaTeX manual or LaTeX Companion for explanation.
Type  H <return>  for immediate help.
 ...                                              
                                                  
l.181 \end{equation}
                    
You've lost some text.  Try typing  <return>  to proceed.
If that doesn't work, type  X <return>  to quit.


! LaTeX Error: Counter too large.

See the LaTeX manual or LaTeX Companion for explanation.
Type  H <return>  for immediate help.
 ...                                              
                                                  
l.188 \end{equation}
                    
You've lost some text.  Try typing  <return>  to proceed.
If that doesn't work, type  X <return>  to quit.


! LaTeX Error: Counter too large.

See the LaTeX manual or LaTeX Companion for explanation.
Type  H <return>  for immediate help.
 ...                                              
                                                  
l.193 \end{equation}
                    
You've lost some text.  Try typing  <return>  to proceed.
If that doesn't work, type  X <return>  to quit.

[579]

! LaTeX Error: Counter too large.

See the LaTeX manual or LaTeX Companion for explanation.
Type  H <return>  for immediate help.
 ...                                              
                                                  
l.206 \end{equation}
                    
You've lost some text.  Try typing  <return>  to proceed.
If that doesn't work, type  X <return>  to quit.


! LaTeX Error: Counter too large.

See the LaTeX manual or LaTeX Companion for explanation.
Type  H <return>  for immediate help.
 ...                                              
                                                  
l.210 \end{equation}
                    
You've lost some text.  Try typing  <return>  to proceed.
If that doesn't work, type  X <return>  to quit.


! LaTeX Error: Counter too large.

See the LaTeX manual or LaTeX Companion for explanation.
Type  H <return>  for immediate help.
 ...                                              
                                                  
l.220 \end{equation}
                    
You've lost some text.  Try typing  <return>  to proceed.
If that doesn't work, type  X <return>  to quit.


! LaTeX Error: Counter too large.

See the LaTeX manual or LaTeX Companion for explanation.
Type  H <return>  for immediate help.
 ...                                              
                                                  
l.227 \end{equation}
                    
You've lost some text.  Try typing  <return>  to proceed.
If that doesn't work, type  X <return>  to quit.


! LaTeX Error: Counter too large.

See the LaTeX manual or LaTeX Companion for explanation.
Type  H <return>  for immediate help.
 ...                                              
                                                  
l.234 \end{equation}
                    
You've lost some text.  Try typing  <return>  to proceed.
If that doesn't work, type  X <return>  to quit.


! LaTeX Error: Counter too large.

See the LaTeX manual or LaTeX Companion for explanation.
Type  H <return>  for immediate help.
 ...                                              
                                                  
l.241 \end{equation}
                    
You've lost some text.  Try typing  <return>  to proceed.
If that doesn't work, type  X <return>  to quit.


! LaTeX Error: Counter too large.

See the LaTeX manual or LaTeX Companion for explanation.
Type  H <return>  for immediate help.
 ...                                              
                                                  
l.249 \end{equation}
                    
You've lost some text.  Try typing  <return>  to proceed.
If that doesn't work, type  X <return>  to quit.

[580]

! LaTeX Error: Counter too large.

See the LaTeX manual or LaTeX Companion for explanation.
Type  H <return>  for immediate help.
 ...                                              
                                                  
l.267 \end{equation}
                    
You've lost some text.  Try typing  <return>  to proceed.
If that doesn't work, type  X <return>  to quit.


! LaTeX Error: Counter too large.

See the LaTeX manual or LaTeX Companion for explanation.
Type  H <return>  for immediate help.
 ...                                              
                                                  
l.276 \end{equation}
                    
You've lost some text.  Try typing  <return>  to proceed.
If that doesn't work, type  X <return>  to quit.


! LaTeX Error: Counter too large.

See the LaTeX manual or LaTeX Companion for explanation.
Type  H <return>  for immediate help.
 ...                                              
                                                  
l.283 \end{equation}
                    
You've lost some text.  Try typing  <return>  to proceed.
If that doesn't work, type  X <return>  to quit.


! LaTeX Error: Counter too large.

See the LaTeX manual or LaTeX Companion for explanation.
Type  H <return>  for immediate help.
 ...                                              
                                                  
l.290 \end{equation}
                    
You've lost some text.  Try typing  <return>  to proceed.
If that doesn't work, type  X <return>  to quit.


! LaTeX Error: Counter too large.

See the LaTeX manual or LaTeX Companion for explanation.
Type  H <return>  for immediate help.
 ...                                              
                                                  
l.297 \end{equation}
                    
You've lost some text.  Try typing  <return>  to proceed.
If that doesn't work, type  X <return>  to quit.


! LaTeX Error: Counter too large.

See the LaTeX manual or LaTeX Companion for explanation.
Type  H <return>  for immediate help.
 ...                                              
                                                  
l.302 \end{equation}
                    
You've lost some text.  Try typing  <return>  to proceed.
If that doesn't work, type  X <return>  to quit.


! LaTeX Error: Counter too large.

See the LaTeX manual or LaTeX Companion for explanation.
Type  H <return>  for immediate help.
 ...                                              
                                                  
l.308 \end{align}
                 
You've lost some text.  Try typing  <return>  to proceed.
If that doesn't work, type  X <return>  to quit.


! LaTeX Error: Counter too large.

See the LaTeX manual or LaTeX Companion for explanation.
Type  H <return>  for immediate help.
 ...                                              
                                                  
l.308 \end{align}
                 
You've lost some text.  Try typing  <return>  to proceed.
If that doesn't work, type  X <return>  to quit.


! LaTeX Error: Counter too large.

See the LaTeX manual or LaTeX Companion for explanation.
Type  H <return>  for immediate help.
 ...                                              
                                                  
l.308 \end{align}
                 
You've lost some text.  Try typing  <return>  to proceed.
If that doesn't work, type  X <return>  to quit.


! LaTeX Error: Counter too large.

See the LaTeX manual or LaTeX Companion for explanation.
Type  H <return>  for immediate help.
 ...                                              
                                                  
l.308 \end{align}
                 
You've lost some text.  Try typing  <return>  to proceed.
If that doesn't work, type  X <return>  to quit.


! LaTeX Error: Counter too large.

See the LaTeX manual or LaTeX Companion for explanation.
Type  H <return>  for immediate help.
 ...                                              
                                                  
l.320 \end{equation}
                    
You've lost some text.  Try typing  <return>  to proceed.
If that doesn't work, type  X <return>  to quit.


! LaTeX Error: Counter too large.

See the LaTeX manual or LaTeX Companion for explanation.
Type  H <return>  for immediate help.
 ...                                              
                                                  
l.336 \end{equation}
                    
You've lost some text.  Try typing  <return>  to proceed.
If that doesn't work, type  X <return>  to quit.

[581]

! LaTeX Error: Counter too large.

See the LaTeX manual or LaTeX Companion for explanation.
Type  H <return>  for immediate help.
 ...                                              
                                                  
l.347 \end{equation}
                    
You've lost some text.  Try typing  <return>  to proceed.
If that doesn't work, type  X <return>  to quit.


! LaTeX Error: Counter too large.

See the LaTeX manual or LaTeX Companion for explanation.
Type  H <return>  for immediate help.
 ...                                              
                                                  
l.352 \end{equation}
                    
You've lost some text.  Try typing  <return>  to proceed.
If that doesn't work, type  X <return>  to quit.


! LaTeX Error: Counter too large.

See the LaTeX manual or LaTeX Companion for explanation.
Type  H <return>  for immediate help.
 ...                                              
                                                  
l.370 \end{equation}
                    
You've lost some text.  Try typing  <return>  to proceed.
If that doesn't work, type  X <return>  to quit.


! LaTeX Error: Counter too large.

See the LaTeX manual or LaTeX Companion for explanation.
Type  H <return>  for immediate help.
 ...                                              
                                                  
l.375 \end{equation}
                    
You've lost some text.  Try typing  <return>  to proceed.
If that doesn't work, type  X <return>  to quit.


LaTeX Warning: Reference `thm:conditional-tensor' on page 582 undefined on inpu
t line 379.


! LaTeX Error: Counter too large.

See the LaTeX manual or LaTeX Companion for explanation.
Type  H <return>  for immediate help.
 ...                                              
                                                  
l.382 \end{equation}
                    
You've lost some text.  Try typing  <return>  to proceed.
If that doesn't work, type  X <return>  to quit.

[582]

! LaTeX Error: Counter too large.

See the LaTeX manual or LaTeX Companion for explanation.
Type  H <return>  for immediate help.
 ...                                              
                                                  
l.426 \end{equation}
                    
You've lost some text.  Try typing  <return>  to proceed.
If that doesn't work, type  X <return>  to quit.


! LaTeX Error: Counter too large.

See the LaTeX manual or LaTeX Companion for explanation.
Type  H <return>  for immediate help.
 ...                                              
                                                  
l.436 \end{equation}
                    
You've lost some text.  Try typing  <return>  to proceed.
If that doesn't work, type  X <return>  to quit.


! LaTeX Error: Counter too large.

See the LaTeX manual or LaTeX Companion for explanation.
Type  H <return>  for immediate help.
 ...                                              
                                                  
l.454 \end{equation}
                    
You've lost some text.  Try typing  <return>  to proceed.
If that doesn't work, type  X <return>  to quit.


! LaTeX Error: Counter too large.

See the LaTeX manual or LaTeX Companion for explanation.
Type  H <return>  for immediate help.
 ...                                              
                                                  
l.459 \end{equation}
                    
You've lost some text.  Try typing  <return>  to proceed.
If that doesn't work, type  X <return>  to quit.

[583]

LaTeX Warning: Reference `thm:conditional-tensor' on page 584 undefined on inpu
t line 496.

) (app113_roadmap_geometric_spectral.tex

! LaTeX Error: Counter too large.

See the LaTeX manual or LaTeX Companion for explanation.
Type  H <return>  for immediate help.
 ...                                              
                                                  
l.23 \end{equation}
                   
You've lost some text.  Try typing  <return>  to proceed.
If that doesn't work, type  X <return>  to quit.


! LaTeX Error: Counter too large.

See the LaTeX manual or LaTeX Companion for explanation.
Type  H <return>  for immediate help.
 ...                                              
                                                  
l.48 \end{equation}
                   
You've lost some text.  Try typing  <return>  to proceed.
If that doesn't work, type  X <return>  to quit.

[584]

! LaTeX Error: Counter too large.

See the LaTeX manual or LaTeX Companion for explanation.
Type  H <return>  for immediate help.
 ...                                              
                                                  
l.62 \end{equation}
                   
You've lost some text.  Try typing  <return>  to proceed.
If that doesn't work, type  X <return>  to quit.


! LaTeX Error: Counter too large.

See the LaTeX manual or LaTeX Companion for explanation.
Type  H <return>  for immediate help.
 ...                                              
                                                  
l.72 \end{equation}
                   
You've lost some text.  Try typing  <return>  to proceed.
If that doesn't work, type  X <return>  to quit.


! LaTeX Error: Counter too large.

See the LaTeX manual or LaTeX Companion for explanation.
Type  H <return>  for immediate help.
 ...                                              
                                                  
l.84 \end{equation}
                   
You've lost some text.  Try typing  <return>  to proceed.
If that doesn't work, type  X <return>  to quit.


! LaTeX Error: Counter too large.

See the LaTeX manual or LaTeX Companion for explanation.
Type  H <return>  for immediate help.
 ...                                              
                                                  
l.94 \end{equation}
                   
You've lost some text.  Try typing  <return>  to proceed.
If that doesn't work, type  X <return>  to quit.


! LaTeX Error: Counter too large.

See the LaTeX manual or LaTeX Companion for explanation.
Type  H <return>  for immediate help.
 ...                                              
                                                  
l.101 \end{equation}
                    
You've lost some text.  Try typing  <return>  to proceed.
If that doesn't work, type  X <return>  to quit.


! LaTeX Error: Counter too large.

See the LaTeX manual or LaTeX Companion for explanation.
Type  H <return>  for immediate help.
 ...                                              
                                                  
l.123 \end{equation}
                    
You've lost some text.  Try typing  <return>  to proceed.
If that doesn't work, type  X <return>  to quit.


! LaTeX Error: Counter too large.

See the LaTeX manual or LaTeX Companion for explanation.
Type  H <return>  for immediate help.
 ...                                              
                                                  
l.133 \end{equation}
                    
You've lost some text.  Try typing  <return>  to proceed.
If that doesn't work, type  X <return>  to quit.

[585]

! LaTeX Error: Counter too large.

See the LaTeX manual or LaTeX Companion for explanation.
Type  H <return>  for immediate help.
 ...                                              
                                                  
l.141 \end{equation}
                    
You've lost some text.  Try typing  <return>  to proceed.
If that doesn't work, type  X <return>  to quit.


! LaTeX Error: Counter too large.

See the LaTeX manual or LaTeX Companion for explanation.
Type  H <return>  for immediate help.
 ...                                              
                                                  
l.146 \end{equation}
                    
You've lost some text.  Try typing  <return>  to proceed.
If that doesn't work, type  X <return>  to quit.


! LaTeX Error: Counter too large.

See the LaTeX manual or LaTeX Companion for explanation.
Type  H <return>  for immediate help.
 ...                                              
                                                  
l.153 \end{equation}
                    
You've lost some text.  Try typing  <return>  to proceed.
If that doesn't work, type  X <return>  to quit.


! LaTeX Error: Counter too large.

See the LaTeX manual or LaTeX Companion for explanation.
Type  H <return>  for immediate help.
 ...                                              
                                                  
l.161 \end{equation}
                    
You've lost some text.  Try typing  <return>  to proceed.
If that doesn't work, type  X <return>  to quit.


! LaTeX Error: Counter too large.

See the LaTeX manual or LaTeX Companion for explanation.
Type  H <return>  for immediate help.
 ...                                              
                                                  
l.171 \end{equation}
                    
You've lost some text.  Try typing  <return>  to proceed.
If that doesn't work, type  X <return>  to quit.


! LaTeX Error: Counter too large.

See the LaTeX manual or LaTeX Companion for explanation.
Type  H <return>  for immediate help.
 ...                                              
                                                  
l.184 \end{equation}
                    
You've lost some text.  Try typing  <return>  to proceed.
If that doesn't work, type  X <return>  to quit.


! LaTeX Error: Counter too large.

See the LaTeX manual or LaTeX Companion for explanation.
Type  H <return>  for immediate help.
 ...                                              
                                                  
l.188 \end{equation}
                    
You've lost some text.  Try typing  <return>  to proceed.
If that doesn't work, type  X <return>  to quit.


! LaTeX Error: Counter too large.

See the LaTeX manual or LaTeX Companion for explanation.
Type  H <return>  for immediate help.
 ...                                              
                                                  
l.197 \end{equation}
                    
You've lost some text.  Try typing  <return>  to proceed.
If that doesn't work, type  X <return>  to quit.


! LaTeX Error: Counter too large.

See the LaTeX manual or LaTeX Companion for explanation.
Type  H <return>  for immediate help.
 ...                                              
                                                  
l.201 \end{equation}
                    
You've lost some text.  Try typing  <return>  to proceed.
If that doesn't work, type  X <return>  to quit.

[586]

! LaTeX Error: Counter too large.

See the LaTeX manual or LaTeX Companion for explanation.
Type  H <return>  for immediate help.
 ...                                              
                                                  
l.210 \end{equation}
                    
You've lost some text.  Try typing  <return>  to proceed.
If that doesn't work, type  X <return>  to quit.


! LaTeX Error: Counter too large.

See the LaTeX manual or LaTeX Companion for explanation.
Type  H <return>  for immediate help.
 ...                                              
                                                  
l.222 \end{equation}
                    
You've lost some text.  Try typing  <return>  to proceed.
If that doesn't work, type  X <return>  to quit.


! LaTeX Error: Counter too large.

See the LaTeX manual or LaTeX Companion for explanation.
Type  H <return>  for immediate help.
 ...                                              
                                                  
l.232 \end{equation}
                    
You've lost some text.  Try typing  <return>  to proceed.
If that doesn't work, type  X <return>  to quit.


! LaTeX Error: Counter too large.

See the LaTeX manual or LaTeX Companion for explanation.
Type  H <return>  for immediate help.
 ...                                              
                                                  
l.241 \end{equation}
                    
You've lost some text.  Try typing  <return>  to proceed.
If that doesn't work, type  X <return>  to quit.


! LaTeX Error: Counter too large.

See the LaTeX manual or LaTeX Companion for explanation.
Type  H <return>  for immediate help.
 ...                                              
                                                  
l.254 \end{equation}
                    
You've lost some text.  Try typing  <return>  to proceed.
If that doesn't work, type  X <return>  to quit.


! LaTeX Error: Counter too large.

See the LaTeX manual or LaTeX Companion for explanation.
Type  H <return>  for immediate help.
 ...                                              
                                                  
l.261 \end{equation}
                    
You've lost some text.  Try typing  <return>  to proceed.
If that doesn't work, type  X <return>  to quit.


! LaTeX Error: Counter too large.

See the LaTeX manual or LaTeX Companion for explanation.
Type  H <return>  for immediate help.
 ...                                              
                                                  
l.266 \end{equation}
                    
You've lost some text.  Try typing  <return>  to proceed.
If that doesn't work, type  X <return>  to quit.


! LaTeX Error: Counter too large.

See the LaTeX manual or LaTeX Companion for explanation.
Type  H <return>  for immediate help.
 ...                                              
                                                  
l.273 \end{equation}
                    
You've lost some text.  Try typing  <return>  to proceed.
If that doesn't work, type  X <return>  to quit.

[587]

! LaTeX Error: Counter too large.

See the LaTeX manual or LaTeX Companion for explanation.
Type  H <return>  for immediate help.
 ...                                              
                                                  
l.292 \end{equation}
                    
You've lost some text.  Try typing  <return>  to proceed.
If that doesn't work, type  X <return>  to quit.


! LaTeX Error: Counter too large.

See the LaTeX manual or LaTeX Companion for explanation.
Type  H <return>  for immediate help.
 ...                                              
                                                  
l.301 \end{equation}
                    
You've lost some text.  Try typing  <return>  to proceed.
If that doesn't work, type  X <return>  to quit.


! LaTeX Error: Counter too large.

See the LaTeX manual or LaTeX Companion for explanation.
Type  H <return>  for immediate help.
 ...                                              
                                                  
l.309 \end{equation}
                    
You've lost some text.  Try typing  <return>  to proceed.
If that doesn't work, type  X <return>  to quit.


! LaTeX Error: Counter too large.

See the LaTeX manual or LaTeX Companion for explanation.
Type  H <return>  for immediate help.
 ...                                              
                                                  
l.316 \end{equation}
                    
You've lost some text.  Try typing  <return>  to proceed.
If that doesn't work, type  X <return>  to quit.


! LaTeX Error: Counter too large.

See the LaTeX manual or LaTeX Companion for explanation.
Type  H <return>  for immediate help.
 ...                                              
                                                  
l.325 \end{equation}
                    
You've lost some text.  Try typing  <return>  to proceed.
If that doesn't work, type  X <return>  to quit.


! LaTeX Error: Counter too large.

See the LaTeX manual or LaTeX Companion for explanation.
Type  H <return>  for immediate help.
 ...                                              
                                                  
l.333 \end{equation}
                    
You've lost some text.  Try typing  <return>  to proceed.
If that doesn't work, type  X <return>  to quit.


! LaTeX Error: Counter too large.

See the LaTeX manual or LaTeX Companion for explanation.
Type  H <return>  for immediate help.
 ...                                              
                                                  
l.347 \end{equation}
                    
You've lost some text.  Try typing  <return>  to proceed.
If that doesn't work, type  X <return>  to quit.


! LaTeX Error: Counter too large.

See the LaTeX manual or LaTeX Companion for explanation.
Type  H <return>  for immediate help.
 ...                                              
                                                  
l.354 \end{equation}
                    
You've lost some text.  Try typing  <return>  to proceed.
If that doesn't work, type  X <return>  to quit.


! LaTeX Error: Counter too large.

See the LaTeX manual or LaTeX Companion for explanation.
Type  H <return>  for immediate help.
 ...                                              
                                                  
l.360 \end{equation}
                    
You've lost some text.  Try typing  <return>  to proceed.
If that doesn't work, type  X <return>  to quit.


! LaTeX Error: Counter too large.

See the LaTeX manual or LaTeX Companion for explanation.
Type  H <return>  for immediate help.
 ...                                              
                                                  
l.365 \end{equation}
                    
You've lost some text.  Try typing  <return>  to proceed.
If that doesn't work, type  X <return>  to quit.

[588]

! LaTeX Error: Counter too large.

See the LaTeX manual or LaTeX Companion for explanation.
Type  H <return>  for immediate help.
 ...                                              
                                                  
l.377 \end{equation}
                    
You've lost some text.  Try typing  <return>  to proceed.
If that doesn't work, type  X <return>  to quit.


! LaTeX Error: Counter too large.

See the LaTeX manual or LaTeX Companion for explanation.
Type  H <return>  for immediate help.
 ...                                              
                                                  
l.382 \end{align}
                 
You've lost some text.  Try typing  <return>  to proceed.
If that doesn't work, type  X <return>  to quit.


! LaTeX Error: Counter too large.

See the LaTeX manual or LaTeX Companion for explanation.
Type  H <return>  for immediate help.
 ...                                              
                                                  
l.382 \end{align}
                 
You've lost some text.  Try typing  <return>  to proceed.
If that doesn't work, type  X <return>  to quit.


! LaTeX Error: Counter too large.

See the LaTeX manual or LaTeX Companion for explanation.
Type  H <return>  for immediate help.
 ...                                              
                                                  
l.382 \end{align}
                 
You've lost some text.  Try typing  <return>  to proceed.
If that doesn't work, type  X <return>  to quit.


! LaTeX Error: Counter too large.

See the LaTeX manual or LaTeX Companion for explanation.
Type  H <return>  for immediate help.
 ...                                              
                                                  
l.382 \end{align}
                 
You've lost some text.  Try typing  <return>  to proceed.
If that doesn't work, type  X <return>  to quit.


! LaTeX Error: Counter too large.

See the LaTeX manual or LaTeX Companion for explanation.
Type  H <return>  for immediate help.
 ...                                              
                                                  
l.391 \end{align}
                 
You've lost some text.  Try typing  <return>  to proceed.
If that doesn't work, type  X <return>  to quit.


! LaTeX Error: Counter too large.

See the LaTeX manual or LaTeX Companion for explanation.
Type  H <return>  for immediate help.
 ...                                              
                                                  
l.391 \end{align}
                 
You've lost some text.  Try typing  <return>  to proceed.
If that doesn't work, type  X <return>  to quit.


! LaTeX Error: Counter too large.

See the LaTeX manual or LaTeX Companion for explanation.
Type  H <return>  for immediate help.
 ...                                              
                                                  
l.391 \end{align}
                 
You've lost some text.  Try typing  <return>  to proceed.
If that doesn't work, type  X <return>  to quit.


! LaTeX Error: Counter too large.

See the LaTeX manual or LaTeX Companion for explanation.
Type  H <return>  for immediate help.
 ...                                              
                                                  
l.391 \end{align}
                 
You've lost some text.  Try typing  <return>  to proceed.
If that doesn't work, type  X <return>  to quit.


! LaTeX Error: Counter too large.

See the LaTeX manual or LaTeX Companion for explanation.
Type  H <return>  for immediate help.
 ...                                              
                                                  
l.396 \end{equation}
                    
You've lost some text.  Try typing  <return>  to proceed.
If that doesn't work, type  X <return>  to quit.


! LaTeX Error: Counter too large.

See the LaTeX manual or LaTeX Companion for explanation.
Type  H <return>  for immediate help.
 ...                                              
                                                  
l.407 \end{equation}
                    
You've lost some text.  Try typing  <return>  to proceed.
If that doesn't work, type  X <return>  to quit.


! LaTeX Error: Counter too large.

See the LaTeX manual or LaTeX Companion for explanation.
Type  H <return>  for immediate help.
 ...                                              
                                                  
l.412 \end{equation}
                    
You've lost some text.  Try typing  <return>  to proceed.
If that doesn't work, type  X <return>  to quit.


! LaTeX Error: Counter too large.

See the LaTeX manual or LaTeX Companion for explanation.
Type  H <return>  for immediate help.
 ...                                              
                                                  
l.417 \end{equation}
                    
You've lost some text.  Try typing  <return>  to proceed.
If that doesn't work, type  X <return>  to quit.

[589]) (app125_roadmap3_enhanced.tex

! LaTeX Error: Counter too large.

See the LaTeX manual or LaTeX Companion for explanation.
Type  H <return>  for immediate help.
 ...                                              
                                                  
l.23 \end{equation}
                   
You've lost some text.  Try typing  <return>  to proceed.
If that doesn't work, type  X <return>  to quit.


! LaTeX Error: Counter too large.

See the LaTeX manual or LaTeX Companion for explanation.
Type  H <return>  for immediate help.
 ...                                              
                                                  
l.27 \end{equation}
                   
You've lost some text.  Try typing  <return>  to proceed.
If that doesn't work, type  X <return>  to quit.


! LaTeX Error: Counter too large.

See the LaTeX manual or LaTeX Companion for explanation.
Type  H <return>  for immediate help.
 ...                                              
                                                  
l.37 \end{equation}
                   
You've lost some text.  Try typing  <return>  to proceed.
If that doesn't work, type  X <return>  to quit.


! LaTeX Error: Counter too large.

See the LaTeX manual or LaTeX Companion for explanation.
Type  H <return>  for immediate help.
 ...                                              
                                                  
l.44 \end{equation}
                   
You've lost some text.  Try typing  <return>  to proceed.
If that doesn't work, type  X <return>  to quit.


! LaTeX Error: Counter too large.

See the LaTeX manual or LaTeX Companion for explanation.
Type  H <return>  for immediate help.
 ...                                              
                                                  
l.53 \end{align}
                
You've lost some text.  Try typing  <return>  to proceed.
If that doesn't work, type  X <return>  to quit.


! LaTeX Error: Counter too large.

See the LaTeX manual or LaTeX Companion for explanation.
Type  H <return>  for immediate help.
 ...                                              
                                                  
l.53 \end{align}
                
You've lost some text.  Try typing  <return>  to proceed.
If that doesn't work, type  X <return>  to quit.


! LaTeX Error: Counter too large.

See the LaTeX manual or LaTeX Companion for explanation.
Type  H <return>  for immediate help.
 ...                                              
                                                  
l.53 \end{align}
                
You've lost some text.  Try typing  <return>  to proceed.
If that doesn't work, type  X <return>  to quit.


! LaTeX Error: Counter too large.

See the LaTeX manual or LaTeX Companion for explanation.
Type  H <return>  for immediate help.
 ...                                              
                                                  
l.53 \end{align}
                
You've lost some text.  Try typing  <return>  to proceed.
If that doesn't work, type  X <return>  to quit.


! LaTeX Error: Counter too large.

See the LaTeX manual or LaTeX Companion for explanation.
Type  H <return>  for immediate help.
 ...                                              
                                                  
l.53 \end{align}
                
You've lost some text.  Try typing  <return>  to proceed.
If that doesn't work, type  X <return>  to quit.


! LaTeX Error: Counter too large.

See the LaTeX manual or LaTeX Companion for explanation.
Type  H <return>  for immediate help.
 ...                                              
                                                  
l.53 \end{align}
                
You've lost some text.  Try typing  <return>  to proceed.
If that doesn't work, type  X <return>  to quit.

[590]

! LaTeX Error: Counter too large.

See the LaTeX manual or LaTeX Companion for explanation.
Type  H <return>  for immediate help.
 ...                                              
                                                  
l.60 \end{equation}
                   
You've lost some text.  Try typing  <return>  to proceed.
If that doesn't work, type  X <return>  to quit.


! LaTeX Error: Counter too large.

See the LaTeX manual or LaTeX Companion for explanation.
Type  H <return>  for immediate help.
 ...                                              
                                                  
l.65 \end{equation}
                   
You've lost some text.  Try typing  <return>  to proceed.
If that doesn't work, type  X <return>  to quit.


! LaTeX Error: Counter too large.

See the LaTeX manual or LaTeX Companion for explanation.
Type  H <return>  for immediate help.
 ...                                              
                                                  
l.69 \end{equation}
                   
You've lost some text.  Try typing  <return>  to proceed.
If that doesn't work, type  X <return>  to quit.


! LaTeX Error: Counter too large.

See the LaTeX manual or LaTeX Companion for explanation.
Type  H <return>  for immediate help.
 ...                                              
                                                  
l.74 \end{equation}
                   
You've lost some text.  Try typing  <return>  to proceed.
If that doesn't work, type  X <return>  to quit.


! LaTeX Error: Counter too large.

See the LaTeX manual or LaTeX Companion for explanation.
Type  H <return>  for immediate help.
 ...                                              
                                                  
l.81 \end{equation}
                   
You've lost some text.  Try typing  <return>  to proceed.
If that doesn't work, type  X <return>  to quit.


! LaTeX Error: Counter too large.

See the LaTeX manual or LaTeX Companion for explanation.
Type  H <return>  for immediate help.
 ...                                              
                                                  
l.89 \end{equation}
                   
You've lost some text.  Try typing  <return>  to proceed.
If that doesn't work, type  X <return>  to quit.


! LaTeX Error: Counter too large.

See the LaTeX manual or LaTeX Companion for explanation.
Type  H <return>  for immediate help.
 ...                                              
                                                  
l.99 \end{equation}
                   
You've lost some text.  Try typing  <return>  to proceed.
If that doesn't work, type  X <return>  to quit.


! LaTeX Error: Counter too large.

See the LaTeX manual or LaTeX Companion for explanation.
Type  H <return>  for immediate help.
 ...                                              
                                                  
l.104 \end{equation}
                    
You've lost some text.  Try typing  <return>  to proceed.
If that doesn't work, type  X <return>  to quit.


! LaTeX Error: Counter too large.

See the LaTeX manual or LaTeX Companion for explanation.
Type  H <return>  for immediate help.
 ...                                              
                                                  
l.111 \end{equation}
                    
You've lost some text.  Try typing  <return>  to proceed.
If that doesn't work, type  X <return>  to quit.

[591]

! LaTeX Error: Counter too large.

See the LaTeX manual or LaTeX Companion for explanation.
Type  H <return>  for immediate help.
 ...                                              
                                                  
l.119 \end{equation}
                    
You've lost some text.  Try typing  <return>  to proceed.
If that doesn't work, type  X <return>  to quit.


! LaTeX Error: Counter too large.

See the LaTeX manual or LaTeX Companion for explanation.
Type  H <return>  for immediate help.
 ...                                              
                                                  
l.132 \end{equation}
                    
You've lost some text.  Try typing  <return>  to proceed.
If that doesn't work, type  X <return>  to quit.


! LaTeX Error: Counter too large.

See the LaTeX manual or LaTeX Companion for explanation.
Type  H <return>  for immediate help.
 ...                                              
                                                  
l.139 \end{equation}
                    
You've lost some text.  Try typing  <return>  to proceed.
If that doesn't work, type  X <return>  to quit.


! LaTeX Error: Counter too large.

See the LaTeX manual or LaTeX Companion for explanation.
Type  H <return>  for immediate help.
 ...                                              
                                                  
l.145 \end{equation}
                    
You've lost some text.  Try typing  <return>  to proceed.
If that doesn't work, type  X <return>  to quit.


! LaTeX Error: Counter too large.

See the LaTeX manual or LaTeX Companion for explanation.
Type  H <return>  for immediate help.
 ...                                              
                                                  
l.150 \end{equation}
                    
You've lost some text.  Try typing  <return>  to proceed.
If that doesn't work, type  X <return>  to quit.


! LaTeX Error: Counter too large.

See the LaTeX manual or LaTeX Companion for explanation.
Type  H <return>  for immediate help.
 ...                                              
                                                  
l.160 \end{equation}
                    
You've lost some text.  Try typing  <return>  to proceed.
If that doesn't work, type  X <return>  to quit.


! LaTeX Error: Counter too large.

See the LaTeX manual or LaTeX Companion for explanation.
Type  H <return>  for immediate help.
 ...                                              
                                                  
l.165 \end{equation}
                    
You've lost some text.  Try typing  <return>  to proceed.
If that doesn't work, type  X <return>  to quit.


! LaTeX Error: Counter too large.

See the LaTeX manual or LaTeX Companion for explanation.
Type  H <return>  for immediate help.
 ...                                              
                                                  
l.174 \end{equation}
                    
You've lost some text.  Try typing  <return>  to proceed.
If that doesn't work, type  X <return>  to quit.


! LaTeX Error: Counter too large.

See the LaTeX manual or LaTeX Companion for explanation.
Type  H <return>  for immediate help.
 ...                                              
                                                  
l.181 \end{equation}
                    
You've lost some text.  Try typing  <return>  to proceed.
If that doesn't work, type  X <return>  to quit.


! LaTeX Error: Counter too large.

See the LaTeX manual or LaTeX Companion for explanation.
Type  H <return>  for immediate help.
 ...                                              
                                                  
l.193 \end{equation}
                    
You've lost some text.  Try typing  <return>  to proceed.
If that doesn't work, type  X <return>  to quit.

[592]

! LaTeX Error: Counter too large.

See the LaTeX manual or LaTeX Companion for explanation.
Type  H <return>  for immediate help.
 ...                                              
                                                  
l.197 \end{equation}
                    
You've lost some text.  Try typing  <return>  to proceed.
If that doesn't work, type  X <return>  to quit.


! LaTeX Error: Counter too large.

See the LaTeX manual or LaTeX Companion for explanation.
Type  H <return>  for immediate help.
 ...                                              
                                                  
l.212 \end{equation}
                    
You've lost some text.  Try typing  <return>  to proceed.
If that doesn't work, type  X <return>  to quit.


! LaTeX Error: Counter too large.

See the LaTeX manual or LaTeX Companion for explanation.
Type  H <return>  for immediate help.
 ...                                              
                                                  
l.220 \end{equation}
                    
You've lost some text.  Try typing  <return>  to proceed.
If that doesn't work, type  X <return>  to quit.


! LaTeX Error: Counter too large.

See the LaTeX manual or LaTeX Companion for explanation.
Type  H <return>  for immediate help.
 ...                                              
                                                  
l.227 \end{equation}
                    
You've lost some text.  Try typing  <return>  to proceed.
If that doesn't work, type  X <return>  to quit.


! LaTeX Error: Counter too large.

See the LaTeX manual or LaTeX Companion for explanation.
Type  H <return>  for immediate help.
 ...                                              
                                                  
l.235 \end{equation}
                    
You've lost some text.  Try typing  <return>  to proceed.
If that doesn't work, type  X <return>  to quit.


! LaTeX Error: Counter too large.

See the LaTeX manual or LaTeX Companion for explanation.
Type  H <return>  for immediate help.
 ...                                              
                                                  
l.243 \end{equation}
                    
You've lost some text.  Try typing  <return>  to proceed.
If that doesn't work, type  X <return>  to quit.


! LaTeX Error: Counter too large.

See the LaTeX manual or LaTeX Companion for explanation.
Type  H <return>  for immediate help.
 ...                                              
                                                  
l.248 \end{equation}
                    
You've lost some text.  Try typing  <return>  to proceed.
If that doesn't work, type  X <return>  to quit.


! LaTeX Error: Counter too large.

See the LaTeX manual or LaTeX Companion for explanation.
Type  H <return>  for immediate help.
 ...                                              
                                                  
l.253 \end{equation}
                    
You've lost some text.  Try typing  <return>  to proceed.
If that doesn't work, type  X <return>  to quit.


! LaTeX Error: Counter too large.

See the LaTeX manual or LaTeX Companion for explanation.
Type  H <return>  for immediate help.
 ...                                              
                                                  
l.267 \end{equation}
                    
You've lost some text.  Try typing  <return>  to proceed.
If that doesn't work, type  X <return>  to quit.


LaTeX Warning: Reference `thm:cluster-strong' on page 593 undefined on input li
ne 275.


! LaTeX Error: Counter too large.

See the LaTeX manual or LaTeX Companion for explanation.
Type  H <return>  for immediate help.
 ...                                              
                                                  
l.278 \end{equation}
                    
You've lost some text.  Try typing  <return>  to proceed.
If that doesn't work, type  X <return>  to quit.

[593]

LaTeX Warning: Reference `thm:tomboulis-yaffe' on page 594 undefined on input l
ine 283.


! LaTeX Error: Counter too large.

See the LaTeX manual or LaTeX Companion for explanation.
Type  H <return>  for immediate help.
 ...                                              
                                                  
l.286 \end{equation}
                    
You've lost some text.  Try typing  <return>  to proceed.
If that doesn't work, type  X <return>  to quit.


! LaTeX Error: Counter too large.

See the LaTeX manual or LaTeX Companion for explanation.
Type  H <return>  for immediate help.
 ...                                              
                                                  
l.294 \end{equation}
                    
You've lost some text.  Try typing  <return>  to proceed.
If that doesn't work, type  X <return>  to quit.


! LaTeX Error: Counter too large.

See the LaTeX manual or LaTeX Companion for explanation.
Type  H <return>  for immediate help.
 ...                                              
                                                  
l.314 \end{equation}
                    
You've lost some text.  Try typing  <return>  to proceed.
If that doesn't work, type  X <return>  to quit.


! LaTeX Error: Counter too large.

See the LaTeX manual or LaTeX Companion for explanation.
Type  H <return>  for immediate help.
 ...                                              
                                                  
l.324 \end{equation}
                    
You've lost some text.  Try typing  <return>  to proceed.
If that doesn't work, type  X <return>  to quit.


! LaTeX Error: Counter too large.

See the LaTeX manual or LaTeX Companion for explanation.
Type  H <return>  for immediate help.
 ...                                              
                                                  
l.331 \end{equation}
                    
You've lost some text.  Try typing  <return>  to proceed.
If that doesn't work, type  X <return>  to quit.


! LaTeX Error: Counter too large.

See the LaTeX manual or LaTeX Companion for explanation.
Type  H <return>  for immediate help.
 ...                                              
                                                  
l.336 \end{equation}
                    
You've lost some text.  Try typing  <return>  to proceed.
If that doesn't work, type  X <return>  to quit.


! LaTeX Error: Counter too large.

See the LaTeX manual or LaTeX Companion for explanation.
Type  H <return>  for immediate help.
 ...                                              
                                                  
l.343 \end{equation}
                    
You've lost some text.  Try typing  <return>  to proceed.
If that doesn't work, type  X <return>  to quit.


! LaTeX Error: Counter too large.

See the LaTeX manual or LaTeX Companion for explanation.
Type  H <return>  for immediate help.
 ...                                              
                                                  
l.351 \end{equation}
                    
You've lost some text.  Try typing  <return>  to proceed.
If that doesn't work, type  X <return>  to quit.

[594]

LaTeX Warning: Reference `thm:giles-teper-variational' on page 595 undefined on
 input line 376.

) (app126_roadmap2_enhanced.tex

! LaTeX Error: Counter too large.

See the LaTeX manual or LaTeX Companion for explanation.
Type  H <return>  for immediate help.
 ...                                              
                                                  
l.24 \end{equation}
                   
You've lost some text.  Try typing  <return>  to proceed.
If that doesn't work, type  X <return>  to quit.


! LaTeX Error: Counter too large.

See the LaTeX manual or LaTeX Companion for explanation.
Type  H <return>  for immediate help.
 ...                                              
                                                  
l.33 \end{equation}
                   
You've lost some text.  Try typing  <return>  to proceed.
If that doesn't work, type  X <return>  to quit.


! LaTeX Error: Counter too large.

See the LaTeX manual or LaTeX Companion for explanation.
Type  H <return>  for immediate help.
 ...                                              
                                                  
l.43 \end{equation}
                   
You've lost some text.  Try typing  <return>  to proceed.
If that doesn't work, type  X <return>  to quit.


! LaTeX Error: Counter too large.

See the LaTeX manual or LaTeX Companion for explanation.
Type  H <return>  for immediate help.
 ...                                              
                                                  
l.50 \end{equation}
                   
You've lost some text.  Try typing  <return>  to proceed.
If that doesn't work, type  X <return>  to quit.


! LaTeX Error: Counter too large.

See the LaTeX manual or LaTeX Companion for explanation.
Type  H <return>  for immediate help.
 ...                                              
                                                  
l.55 \end{equation}
                   
You've lost some text.  Try typing  <return>  to proceed.
If that doesn't work, type  X <return>  to quit.

[595]

! LaTeX Error: Counter too large.

See the LaTeX manual or LaTeX Companion for explanation.
Type  H <return>  for immediate help.
 ...                                              
                                                  
l.63 \end{equation}
                   
You've lost some text.  Try typing  <return>  to proceed.
If that doesn't work, type  X <return>  to quit.


! LaTeX Error: Counter too large.

See the LaTeX manual or LaTeX Companion for explanation.
Type  H <return>  for immediate help.
 ...                                              
                                                  
l.69 \end{equation}
                   
You've lost some text.  Try typing  <return>  to proceed.
If that doesn't work, type  X <return>  to quit.


! LaTeX Error: Counter too large.

See the LaTeX manual or LaTeX Companion for explanation.
Type  H <return>  for immediate help.
 ...                                              
                                                  
l.76 \end{equation}
                   
You've lost some text.  Try typing  <return>  to proceed.
If that doesn't work, type  X <return>  to quit.


! LaTeX Error: Counter too large.

See the LaTeX manual or LaTeX Companion for explanation.
Type  H <return>  for immediate help.
 ...                                              
                                                  
l.84 \end{equation}
                   
You've lost some text.  Try typing  <return>  to proceed.
If that doesn't work, type  X <return>  to quit.


! LaTeX Error: Counter too large.

See the LaTeX manual or LaTeX Companion for explanation.
Type  H <return>  for immediate help.
 ...                                              
                                                  
l.110 \end{equation}
                    
You've lost some text.  Try typing  <return>  to proceed.
If that doesn't work, type  X <return>  to quit.


! LaTeX Error: Counter too large.

See the LaTeX manual or LaTeX Companion for explanation.
Type  H <return>  for immediate help.
 ...                                              
                                                  
l.118 \end{equation}
                    
You've lost some text.  Try typing  <return>  to proceed.
If that doesn't work, type  X <return>  to quit.


! LaTeX Error: Counter too large.

See the LaTeX manual or LaTeX Companion for explanation.
Type  H <return>  for immediate help.
 ...                                              
                                                  
l.136 \end{equation}
                    
You've lost some text.  Try typing  <return>  to proceed.
If that doesn't work, type  X <return>  to quit.

[596]

! LaTeX Error: Counter too large.

See the LaTeX manual or LaTeX Companion for explanation.
Type  H <return>  for immediate help.
 ...                                              
                                                  
l.145 \end{equation}
                    
You've lost some text.  Try typing  <return>  to proceed.
If that doesn't work, type  X <return>  to quit.


! LaTeX Error: Counter too large.

See the LaTeX manual or LaTeX Companion for explanation.
Type  H <return>  for immediate help.
 ...                                              
                                                  
l.149 \end{equation}
                    
You've lost some text.  Try typing  <return>  to proceed.
If that doesn't work, type  X <return>  to quit.


! LaTeX Error: Counter too large.

See the LaTeX manual or LaTeX Companion for explanation.
Type  H <return>  for immediate help.
 ...                                              
                                                  
l.156 \end{equation}
                    
You've lost some text.  Try typing  <return>  to proceed.
If that doesn't work, type  X <return>  to quit.


! LaTeX Error: Counter too large.

See the LaTeX manual or LaTeX Companion for explanation.
Type  H <return>  for immediate help.
 ...                                              
                                                  
l.161 \end{equation}
                    
You've lost some text.  Try typing  <return>  to proceed.
If that doesn't work, type  X <return>  to quit.


! LaTeX Error: Counter too large.

See the LaTeX manual or LaTeX Companion for explanation.
Type  H <return>  for immediate help.
 ...                                              
                                                  
l.169 \end{equation}
                    
You've lost some text.  Try typing  <return>  to proceed.
If that doesn't work, type  X <return>  to quit.


! LaTeX Error: Counter too large.

See the LaTeX manual or LaTeX Companion for explanation.
Type  H <return>  for immediate help.
 ...                                              
                                                  
l.177 \end{equation}
                    
You've lost some text.  Try typing  <return>  to proceed.
If that doesn't work, type  X <return>  to quit.


! LaTeX Error: Counter too large.

See the LaTeX manual or LaTeX Companion for explanation.
Type  H <return>  for immediate help.
 ...                                              
                                                  
l.188 \end{equation}
                    
You've lost some text.  Try typing  <return>  to proceed.
If that doesn't work, type  X <return>  to quit.


! LaTeX Error: Counter too large.

See the LaTeX manual or LaTeX Companion for explanation.
Type  H <return>  for immediate help.
 ...                                              
                                                  
l.195 \end{equation}
                    
You've lost some text.  Try typing  <return>  to proceed.
If that doesn't work, type  X <return>  to quit.


! LaTeX Error: Counter too large.

See the LaTeX manual or LaTeX Companion for explanation.
Type  H <return>  for immediate help.
 ...                                              
                                                  
l.203 \end{equation}
                    
You've lost some text.  Try typing  <return>  to proceed.
If that doesn't work, type  X <return>  to quit.


! LaTeX Error: Counter too large.

See the LaTeX manual or LaTeX Companion for explanation.
Type  H <return>  for immediate help.
 ...                                              
                                                  
l.209 \end{equation}
                    
You've lost some text.  Try typing  <return>  to proceed.
If that doesn't work, type  X <return>  to quit.


! LaTeX Error: Counter too large.

See the LaTeX manual or LaTeX Companion for explanation.
Type  H <return>  for immediate help.
 ...                                              
                                                  
l.217 \end{equation}
                    
You've lost some text.  Try typing  <return>  to proceed.
If that doesn't work, type  X <return>  to quit.

[597]

! LaTeX Error: Counter too large.

See the LaTeX manual or LaTeX Companion for explanation.
Type  H <return>  for immediate help.
 ...                                              
                                                  
l.224 \end{equation}
                    
You've lost some text.  Try typing  <return>  to proceed.
If that doesn't work, type  X <return>  to quit.


! LaTeX Error: Counter too large.

See the LaTeX manual or LaTeX Companion for explanation.
Type  H <return>  for immediate help.
 ...                                              
                                                  
l.232 \end{equation}
                    
You've lost some text.  Try typing  <return>  to proceed.
If that doesn't work, type  X <return>  to quit.


! LaTeX Error: Counter too large.

See the LaTeX manual or LaTeX Companion for explanation.
Type  H <return>  for immediate help.
 ...                                              
                                                  
l.257 \end{equation}
                    
You've lost some text.  Try typing  <return>  to proceed.
If that doesn't work, type  X <return>  to quit.


! LaTeX Error: Counter too large.

See the LaTeX manual or LaTeX Companion for explanation.
Type  H <return>  for immediate help.
 ...                                              
                                                  
l.265 \end{equation}
                    
You've lost some text.  Try typing  <return>  to proceed.
If that doesn't work, type  X <return>  to quit.


! LaTeX Error: Counter too large.

See the LaTeX manual or LaTeX Companion for explanation.
Type  H <return>  for immediate help.
 ...                                              
                                                  
l.273 \end{equation}
                    
You've lost some text.  Try typing  <return>  to proceed.
If that doesn't work, type  X <return>  to quit.

[598]

! LaTeX Error: Counter too large.

See the LaTeX manual or LaTeX Companion for explanation.
Type  H <return>  for immediate help.
 ...                                              
                                                  
l.310 \end{equation}
                    
You've lost some text.  Try typing  <return>  to proceed.
If that doesn't work, type  X <return>  to quit.


! LaTeX Error: Counter too large.

See the LaTeX manual or LaTeX Companion for explanation.
Type  H <return>  for immediate help.
 ...                                              
                                                  
l.314 \end{equation}
                    
You've lost some text.  Try typing  <return>  to proceed.
If that doesn't work, type  X <return>  to quit.


! LaTeX Error: Counter too large.

See the LaTeX manual or LaTeX Companion for explanation.
Type  H <return>  for immediate help.
 ...                                              
                                                  
l.323 \end{equation}
                    
You've lost some text.  Try typing  <return>  to proceed.
If that doesn't work, type  X <return>  to quit.


! LaTeX Error: Counter too large.

See the LaTeX manual or LaTeX Companion for explanation.
Type  H <return>  for immediate help.
 ...                                              
                                                  
l.330 \end{align}
                 
You've lost some text.  Try typing  <return>  to proceed.
If that doesn't work, type  X <return>  to quit.


! LaTeX Error: Counter too large.

See the LaTeX manual or LaTeX Companion for explanation.
Type  H <return>  for immediate help.
 ...                                              
                                                  
l.330 \end{align}
                 
You've lost some text.  Try typing  <return>  to proceed.
If that doesn't work, type  X <return>  to quit.


! LaTeX Error: Counter too large.

See the LaTeX manual or LaTeX Companion for explanation.
Type  H <return>  for immediate help.
 ...                                              
                                                  
l.330 \end{align}
                 
You've lost some text.  Try typing  <return>  to proceed.
If that doesn't work, type  X <return>  to quit.


! LaTeX Error: Counter too large.

See the LaTeX manual or LaTeX Companion for explanation.
Type  H <return>  for immediate help.
 ...                                              
                                                  
l.330 \end{align}
                 
You've lost some text.  Try typing  <return>  to proceed.
If that doesn't work, type  X <return>  to quit.


! LaTeX Error: Counter too large.

See the LaTeX manual or LaTeX Companion for explanation.
Type  H <return>  for immediate help.
 ...                                              
                                                  
l.335 \end{equation}
                    
You've lost some text.  Try typing  <return>  to proceed.
If that doesn't work, type  X <return>  to quit.


! LaTeX Error: Counter too large.

See the LaTeX manual or LaTeX Companion for explanation.
Type  H <return>  for immediate help.
 ...                                              
                                                  
l.342 \end{equation}
                    
You've lost some text.  Try typing  <return>  to proceed.
If that doesn't work, type  X <return>  to quit.


! LaTeX Error: Counter too large.

See the LaTeX manual or LaTeX Companion for explanation.
Type  H <return>  for immediate help.
 ...                                              
                                                  
l.349 \end{equation}
                    
You've lost some text.  Try typing  <return>  to proceed.
If that doesn't work, type  X <return>  to quit.


! LaTeX Error: Counter too large.

See the LaTeX manual or LaTeX Companion for explanation.
Type  H <return>  for immediate help.
 ...                                              
                                                  
l.354 \end{equation}
                    
You've lost some text.  Try typing  <return>  to proceed.
If that doesn't work, type  X <return>  to quit.


! LaTeX Error: Counter too large.

See the LaTeX manual or LaTeX Companion for explanation.
Type  H <return>  for immediate help.
 ...                                              
                                                  
l.366 \end{equation}
                    
You've lost some text.  Try typing  <return>  to proceed.
If that doesn't work, type  X <return>  to quit.


! LaTeX Error: Counter too large.

See the LaTeX manual or LaTeX Companion for explanation.
Type  H <return>  for immediate help.
 ...                                              
                                                  
l.375 \end{equation}
                    
You've lost some text.  Try typing  <return>  to proceed.
If that doesn't work, type  X <return>  to quit.

[599]

! LaTeX Error: Counter too large.

See the LaTeX manual or LaTeX Companion for explanation.
Type  H <return>  for immediate help.
 ...                                              
                                                  
l.392 \end{equation}
                    
You've lost some text.  Try typing  <return>  to proceed.
If that doesn't work, type  X <return>  to quit.


! LaTeX Error: Counter too large.

See the LaTeX manual or LaTeX Companion for explanation.
Type  H <return>  for immediate help.
 ...                                              
                                                  
l.399 \end{equation}
                    
You've lost some text.  Try typing  <return>  to proceed.
If that doesn't work, type  X <return>  to quit.

) (app127_roadmap1_enhanced.tex

! LaTeX Error: Counter too large.

See the LaTeX manual or LaTeX Companion for explanation.
Type  H <return>  for immediate help.
 ...                                              
                                                  
l.23 \end{equation}
                   
You've lost some text.  Try typing  <return>  to proceed.
If that doesn't work, type  X <return>  to quit.

[600]

! LaTeX Error: Counter too large.

See the LaTeX manual or LaTeX Companion for explanation.
Type  H <return>  for immediate help.
 ...                                              
                                                  
l.32 \end{equation}
                   
You've lost some text.  Try typing  <return>  to proceed.
If that doesn't work, type  X <return>  to quit.


! LaTeX Error: Counter too large.

See the LaTeX manual or LaTeX Companion for explanation.
Type  H <return>  for immediate help.
 ...                                              
                                                  
l.49 \end{equation}
                   
You've lost some text.  Try typing  <return>  to proceed.
If that doesn't work, type  X <return>  to quit.


! LaTeX Error: Counter too large.

See the LaTeX manual or LaTeX Companion for explanation.
Type  H <return>  for immediate help.
 ...                                              
                                                  
l.58 \end{equation}
                   
You've lost some text.  Try typing  <return>  to proceed.
If that doesn't work, type  X <return>  to quit.


! LaTeX Error: Counter too large.

See the LaTeX manual or LaTeX Companion for explanation.
Type  H <return>  for immediate help.
 ...                                              
                                                  
l.67 \end{equation}
                   
You've lost some text.  Try typing  <return>  to proceed.
If that doesn't work, type  X <return>  to quit.


! LaTeX Error: Counter too large.

See the LaTeX manual or LaTeX Companion for explanation.
Type  H <return>  for immediate help.
 ...                                              
                                                  
l.75 \end{equation}
                   
You've lost some text.  Try typing  <return>  to proceed.
If that doesn't work, type  X <return>  to quit.


! LaTeX Error: Counter too large.

See the LaTeX manual or LaTeX Companion for explanation.
Type  H <return>  for immediate help.
 ...                                              
                                                  
l.82 \end{equation}
                   
You've lost some text.  Try typing  <return>  to proceed.
If that doesn't work, type  X <return>  to quit.


! LaTeX Error: Counter too large.

See the LaTeX manual or LaTeX Companion for explanation.
Type  H <return>  for immediate help.
 ...                                              
                                                  
l.91 \end{equation}
                   
You've lost some text.  Try typing  <return>  to proceed.
If that doesn't work, type  X <return>  to quit.

[601]

! LaTeX Error: Counter too large.

See the LaTeX manual or LaTeX Companion for explanation.
Type  H <return>  for immediate help.
 ...                                              
                                                  
l.115 \end{equation}
                    
You've lost some text.  Try typing  <return>  to proceed.
If that doesn't work, type  X <return>  to quit.


! LaTeX Error: Counter too large.

See the LaTeX manual or LaTeX Companion for explanation.
Type  H <return>  for immediate help.
 ...                                              
                                                  
l.125 \end{equation}
                    
You've lost some text.  Try typing  <return>  to proceed.
If that doesn't work, type  X <return>  to quit.


! LaTeX Error: Counter too large.

See the LaTeX manual or LaTeX Companion for explanation.
Type  H <return>  for immediate help.
 ...                                              
                                                  
l.133 \end{equation}
                    
You've lost some text.  Try typing  <return>  to proceed.
If that doesn't work, type  X <return>  to quit.


! LaTeX Error: Counter too large.

See the LaTeX manual or LaTeX Companion for explanation.
Type  H <return>  for immediate help.
 ...                                              
                                                  
l.141 \end{equation}
                    
You've lost some text.  Try typing  <return>  to proceed.
If that doesn't work, type  X <return>  to quit.


! LaTeX Error: Counter too large.

See the LaTeX manual or LaTeX Companion for explanation.
Type  H <return>  for immediate help.
 ...                                              
                                                  
l.147 \end{equation}
                    
You've lost some text.  Try typing  <return>  to proceed.
If that doesn't work, type  X <return>  to quit.


! LaTeX Error: Counter too large.

See the LaTeX manual or LaTeX Companion for explanation.
Type  H <return>  for immediate help.
 ...                                              
                                                  
l.155 \end{equation}
                    
You've lost some text.  Try typing  <return>  to proceed.
If that doesn't work, type  X <return>  to quit.


! LaTeX Error: Counter too large.

See the LaTeX manual or LaTeX Companion for explanation.
Type  H <return>  for immediate help.
 ...                                              
                                                  
l.170 \end{equation}
                    
You've lost some text.  Try typing  <return>  to proceed.
If that doesn't work, type  X <return>  to quit.


! LaTeX Error: Counter too large.

See the LaTeX manual or LaTeX Companion for explanation.
Type  H <return>  for immediate help.
 ...                                              
                                                  
l.178 \end{equation}
                    
You've lost some text.  Try typing  <return>  to proceed.
If that doesn't work, type  X <return>  to quit.


! LaTeX Error: Counter too large.

See the LaTeX manual or LaTeX Companion for explanation.
Type  H <return>  for immediate help.
 ...                                              
                                                  
l.192 \end{equation}
                    
You've lost some text.  Try typing  <return>  to proceed.
If that doesn't work, type  X <return>  to quit.

[602]

! LaTeX Error: Counter too large.

See the LaTeX manual or LaTeX Companion for explanation.
Type  H <return>  for immediate help.
 ...                                              
                                                  
l.202 \end{equation}
                    
You've lost some text.  Try typing  <return>  to proceed.
If that doesn't work, type  X <return>  to quit.


! LaTeX Error: Counter too large.

See the LaTeX manual or LaTeX Companion for explanation.
Type  H <return>  for immediate help.
 ...                                              
                                                  
l.209 \end{equation}
                    
You've lost some text.  Try typing  <return>  to proceed.
If that doesn't work, type  X <return>  to quit.


! LaTeX Error: Counter too large.

See the LaTeX manual or LaTeX Companion for explanation.
Type  H <return>  for immediate help.
 ...                                              
                                                  
l.216 \end{equation}
                    
You've lost some text.  Try typing  <return>  to proceed.
If that doesn't work, type  X <return>  to quit.


! LaTeX Error: Counter too large.

See the LaTeX manual or LaTeX Companion for explanation.
Type  H <return>  for immediate help.
 ...                                              
                                                  
l.224 \end{equation}
                    
You've lost some text.  Try typing  <return>  to proceed.
If that doesn't work, type  X <return>  to quit.


! LaTeX Error: Counter too large.

See the LaTeX manual or LaTeX Companion for explanation.
Type  H <return>  for immediate help.
 ...                                              
                                                  
l.233 \end{align}
                 
You've lost some text.  Try typing  <return>  to proceed.
If that doesn't work, type  X <return>  to quit.


! LaTeX Error: Counter too large.

See the LaTeX manual or LaTeX Companion for explanation.
Type  H <return>  for immediate help.
 ...                                              
                                                  
l.233 \end{align}
                 
You've lost some text.  Try typing  <return>  to proceed.
If that doesn't work, type  X <return>  to quit.


! LaTeX Error: Counter too large.

See the LaTeX manual or LaTeX Companion for explanation.
Type  H <return>  for immediate help.
 ...                                              
                                                  
l.233 \end{align}
                 
You've lost some text.  Try typing  <return>  to proceed.
If that doesn't work, type  X <return>  to quit.


! LaTeX Error: Counter too large.

See the LaTeX manual or LaTeX Companion for explanation.
Type  H <return>  for immediate help.
 ...                                              
                                                  
l.233 \end{align}
                 
You've lost some text.  Try typing  <return>  to proceed.
If that doesn't work, type  X <return>  to quit.


! LaTeX Error: Counter too large.

See the LaTeX manual or LaTeX Companion for explanation.
Type  H <return>  for immediate help.
 ...                                              
                                                  
l.238 \end{equation}
                    
You've lost some text.  Try typing  <return>  to proceed.
If that doesn't work, type  X <return>  to quit.


! LaTeX Error: Counter too large.

See the LaTeX manual or LaTeX Companion for explanation.
Type  H <return>  for immediate help.
 ...                                              
                                                  
l.246 \end{equation}
                    
You've lost some text.  Try typing  <return>  to proceed.
If that doesn't work, type  X <return>  to quit.


! LaTeX Error: Counter too large.

See the LaTeX manual or LaTeX Companion for explanation.
Type  H <return>  for immediate help.
 ...                                              
                                                  
l.251 \end{equation}
                    
You've lost some text.  Try typing  <return>  to proceed.
If that doesn't work, type  X <return>  to quit.


! LaTeX Error: Counter too large.

See the LaTeX manual or LaTeX Companion for explanation.
Type  H <return>  for immediate help.
 ...                                              
                                                  
l.256 \end{equation}
                    
You've lost some text.  Try typing  <return>  to proceed.
If that doesn't work, type  X <return>  to quit.


! LaTeX Error: Counter too large.

See the LaTeX manual or LaTeX Companion for explanation.
Type  H <return>  for immediate help.
 ...                                              
                                                  
l.270 \end{equation}
                    
You've lost some text.  Try typing  <return>  to proceed.
If that doesn't work, type  X <return>  to quit.

[603]

! LaTeX Error: Counter too large.

See the LaTeX manual or LaTeX Companion for explanation.
Type  H <return>  for immediate help.
 ...                                              
                                                  
l.280 \end{equation}
                    
You've lost some text.  Try typing  <return>  to proceed.
If that doesn't work, type  X <return>  to quit.


! LaTeX Error: Counter too large.

See the LaTeX manual or LaTeX Companion for explanation.
Type  H <return>  for immediate help.
 ...                                              
                                                  
l.286 \end{equation}
                    
You've lost some text.  Try typing  <return>  to proceed.
If that doesn't work, type  X <return>  to quit.


! LaTeX Error: Counter too large.

See the LaTeX manual or LaTeX Companion for explanation.
Type  H <return>  for immediate help.
 ...                                              
                                                  
l.292 \end{equation}
                    
You've lost some text.  Try typing  <return>  to proceed.
If that doesn't work, type  X <return>  to quit.


! LaTeX Error: Counter too large.

See the LaTeX manual or LaTeX Companion for explanation.
Type  H <return>  for immediate help.
 ...                                              
                                                  
l.298 \end{equation}
                    
You've lost some text.  Try typing  <return>  to proceed.
If that doesn't work, type  X <return>  to quit.


! LaTeX Error: Counter too large.

See the LaTeX manual or LaTeX Companion for explanation.
Type  H <return>  for immediate help.
 ...                                              
                                                  
l.305 \end{equation}
                    
You've lost some text.  Try typing  <return>  to proceed.
If that doesn't work, type  X <return>  to quit.


! LaTeX Error: Counter too large.

See the LaTeX manual or LaTeX Companion for explanation.
Type  H <return>  for immediate help.
 ...                                              
                                                  
l.319 \end{equation}
                    
You've lost some text.  Try typing  <return>  to proceed.
If that doesn't work, type  X <return>  to quit.


! LaTeX Error: Counter too large.

See the LaTeX manual or LaTeX Companion for explanation.
Type  H <return>  for immediate help.
 ...                                              
                                                  
l.323 \end{equation}
                    
You've lost some text.  Try typing  <return>  to proceed.
If that doesn't work, type  X <return>  to quit.


! LaTeX Error: Counter too large.

See the LaTeX manual or LaTeX Companion for explanation.
Type  H <return>  for immediate help.
 ...                                              
                                                  
l.332 \end{equation}
                    
You've lost some text.  Try typing  <return>  to proceed.
If that doesn't work, type  X <return>  to quit.


! LaTeX Error: Counter too large.

See the LaTeX manual or LaTeX Companion for explanation.
Type  H <return>  for immediate help.
 ...                                              
                                                  
l.339 \end{equation}
                    
You've lost some text.  Try typing  <return>  to proceed.
If that doesn't work, type  X <return>  to quit.


! LaTeX Error: Counter too large.

See the LaTeX manual or LaTeX Companion for explanation.
Type  H <return>  for immediate help.
 ...                                              
                                                  
l.346 \end{equation}
                    
You've lost some text.  Try typing  <return>  to proceed.
If that doesn't work, type  X <return>  to quit.


! LaTeX Error: Counter too large.

See the LaTeX manual or LaTeX Companion for explanation.
Type  H <return>  for immediate help.
 ...                                              
                                                  
l.354 \end{equation}
                    
You've lost some text.  Try typing  <return>  to proceed.
If that doesn't work, type  X <return>  to quit.

[604]

! LaTeX Error: Counter too large.

See the LaTeX manual or LaTeX Companion for explanation.
Type  H <return>  for immediate help.
 ...                                              
                                                  
l.383 \end{equation}
                    
You've lost some text.  Try typing  <return>  to proceed.
If that doesn't work, type  X <return>  to quit.


! LaTeX Error: Counter too large.

See the LaTeX manual or LaTeX Companion for explanation.
Type  H <return>  for immediate help.
 ...                                              
                                                  
l.388 \end{equation}
                    
You've lost some text.  Try typing  <return>  to proceed.
If that doesn't work, type  X <return>  to quit.

) (app128_roadmap4_enhanced.tex

! LaTeX Error: Counter too large.

See the LaTeX manual or LaTeX Companion for explanation.
Type  H <return>  for immediate help.
 ...                                              
                                                  
l.22 \end{equation}
                   
You've lost some text.  Try typing  <return>  to proceed.
If that doesn't work, type  X <return>  to quit.


! LaTeX Error: Counter too large.

See the LaTeX manual or LaTeX Companion for explanation.
Type  H <return>  for immediate help.
 ...                                              
                                                  
l.26 \end{equation}
                   
You've lost some text.  Try typing  <return>  to proceed.
If that doesn't work, type  X <return>  to quit.


! LaTeX Error: Counter too large.

See the LaTeX manual or LaTeX Companion for explanation.
Type  H <return>  for immediate help.
 ...                                              
                                                  
l.35 \end{equation}
                   
You've lost some text.  Try typing  <return>  to proceed.
If that doesn't work, type  X <return>  to quit.


! LaTeX Error: Counter too large.

See the LaTeX manual or LaTeX Companion for explanation.
Type  H <return>  for immediate help.
 ...                                              
                                                  
l.45 \end{equation}
                   
You've lost some text.  Try typing  <return>  to proceed.
If that doesn't work, type  X <return>  to quit.


! LaTeX Error: Counter too large.

See the LaTeX manual or LaTeX Companion for explanation.
Type  H <return>  for immediate help.
 ...                                              
                                                  
l.52 \end{equation}
                   
You've lost some text.  Try typing  <return>  to proceed.
If that doesn't work, type  X <return>  to quit.

[605]

! LaTeX Error: Counter too large.

See the LaTeX manual or LaTeX Companion for explanation.
Type  H <return>  for immediate help.
 ...                                              
                                                  
l.58 \end{equation}
                   
You've lost some text.  Try typing  <return>  to proceed.
If that doesn't work, type  X <return>  to quit.


! LaTeX Error: Counter too large.

See the LaTeX manual or LaTeX Companion for explanation.
Type  H <return>  for immediate help.
 ...                                              
                                                  
l.72 \end{equation}
                   
You've lost some text.  Try typing  <return>  to proceed.
If that doesn't work, type  X <return>  to quit.


! LaTeX Error: Counter too large.

See the LaTeX manual or LaTeX Companion for explanation.
Type  H <return>  for immediate help.
 ...                                              
                                                  
l.96 \end{equation}
                   
You've lost some text.  Try typing  <return>  to proceed.
If that doesn't work, type  X <return>  to quit.


! LaTeX Error: Counter too large.

See the LaTeX manual or LaTeX Companion for explanation.
Type  H <return>  for immediate help.
 ...                                              
                                                  
l.112 \end{equation}
                    
You've lost some text.  Try typing  <return>  to proceed.
If that doesn't work, type  X <return>  to quit.


! LaTeX Error: Counter too large.

See the LaTeX manual or LaTeX Companion for explanation.
Type  H <return>  for immediate help.
 ...                                              
                                                  
l.128 \end{equation}
                    
You've lost some text.  Try typing  <return>  to proceed.
If that doesn't work, type  X <return>  to quit.

[606]

! LaTeX Error: Counter too large.

See the LaTeX manual or LaTeX Companion for explanation.
Type  H <return>  for immediate help.
 ...                                              
                                                  
l.142 \end{equation}
                    
You've lost some text.  Try typing  <return>  to proceed.
If that doesn't work, type  X <return>  to quit.


! LaTeX Error: Counter too large.

See the LaTeX manual or LaTeX Companion for explanation.
Type  H <return>  for immediate help.
 ...                                              
                                                  
l.160 \end{equation}
                    
You've lost some text.  Try typing  <return>  to proceed.
If that doesn't work, type  X <return>  to quit.


! LaTeX Error: Counter too large.

See the LaTeX manual or LaTeX Companion for explanation.
Type  H <return>  for immediate help.
 ...                                              
                                                  
l.167 \end{equation}
                    
You've lost some text.  Try typing  <return>  to proceed.
If that doesn't work, type  X <return>  to quit.


! LaTeX Error: Counter too large.

See the LaTeX manual or LaTeX Companion for explanation.
Type  H <return>  for immediate help.
 ...                                              
                                                  
l.174 \end{align}
                 
You've lost some text.  Try typing  <return>  to proceed.
If that doesn't work, type  X <return>  to quit.


! LaTeX Error: Counter too large.

See the LaTeX manual or LaTeX Companion for explanation.
Type  H <return>  for immediate help.
 ...                                              
                                                  
l.174 \end{align}
                 
You've lost some text.  Try typing  <return>  to proceed.
If that doesn't work, type  X <return>  to quit.


! LaTeX Error: Counter too large.

See the LaTeX manual or LaTeX Companion for explanation.
Type  H <return>  for immediate help.
 ...                                              
                                                  
l.174 \end{align}
                 
You've lost some text.  Try typing  <return>  to proceed.
If that doesn't work, type  X <return>  to quit.


! LaTeX Error: Counter too large.

See the LaTeX manual or LaTeX Companion for explanation.
Type  H <return>  for immediate help.
 ...                                              
                                                  
l.174 \end{align}
                 
You've lost some text.  Try typing  <return>  to proceed.
If that doesn't work, type  X <return>  to quit.


! LaTeX Error: Counter too large.

See the LaTeX manual or LaTeX Companion for explanation.
Type  H <return>  for immediate help.
 ...                                              
                                                  
l.191 \end{equation}
                    
You've lost some text.  Try typing  <return>  to proceed.
If that doesn't work, type  X <return>  to quit.


! LaTeX Error: Counter too large.

See the LaTeX manual or LaTeX Companion for explanation.
Type  H <return>  for immediate help.
 ...                                              
                                                  
l.200 \end{equation}
                    
You've lost some text.  Try typing  <return>  to proceed.
If that doesn't work, type  X <return>  to quit.


! LaTeX Error: Counter too large.

See the LaTeX manual or LaTeX Companion for explanation.
Type  H <return>  for immediate help.
 ...                                              
                                                  
l.207 \end{equation}
                    
You've lost some text.  Try typing  <return>  to proceed.
If that doesn't work, type  X <return>  to quit.


! LaTeX Error: Counter too large.

See the LaTeX manual or LaTeX Companion for explanation.
Type  H <return>  for immediate help.
 ...                                              
                                                  
l.214 \end{equation}
                    
You've lost some text.  Try typing  <return>  to proceed.
If that doesn't work, type  X <return>  to quit.


! LaTeX Error: Counter too large.

See the LaTeX manual or LaTeX Companion for explanation.
Type  H <return>  for immediate help.
 ...                                              
                                                  
l.222 \end{equation}
                    
You've lost some text.  Try typing  <return>  to proceed.
If that doesn't work, type  X <return>  to quit.

[607]

! LaTeX Error: Counter too large.

See the LaTeX manual or LaTeX Companion for explanation.
Type  H <return>  for immediate help.
 ...                                              
                                                  
l.230 \end{equation}
                    
You've lost some text.  Try typing  <return>  to proceed.
If that doesn't work, type  X <return>  to quit.


! LaTeX Error: Counter too large.

See the LaTeX manual or LaTeX Companion for explanation.
Type  H <return>  for immediate help.
 ...                                              
                                                  
l.244 \end{equation}
                    
You've lost some text.  Try typing  <return>  to proceed.
If that doesn't work, type  X <return>  to quit.


! LaTeX Error: Counter too large.

See the LaTeX manual or LaTeX Companion for explanation.
Type  H <return>  for immediate help.
 ...                                              
                                                  
l.248 \end{equation}
                    
You've lost some text.  Try typing  <return>  to proceed.
If that doesn't work, type  X <return>  to quit.


! LaTeX Error: Counter too large.

See the LaTeX manual or LaTeX Companion for explanation.
Type  H <return>  for immediate help.
 ...                                              
                                                  
l.257 \end{equation}
                    
You've lost some text.  Try typing  <return>  to proceed.
If that doesn't work, type  X <return>  to quit.


! LaTeX Error: Counter too large.

See the LaTeX manual or LaTeX Companion for explanation.
Type  H <return>  for immediate help.
 ...                                              
                                                  
l.264 \end{equation}
                    
You've lost some text.  Try typing  <return>  to proceed.
If that doesn't work, type  X <return>  to quit.


! LaTeX Error: Counter too large.

See the LaTeX manual or LaTeX Companion for explanation.
Type  H <return>  for immediate help.
 ...                                              
                                                  
l.269 \end{equation}
                    
You've lost some text.  Try typing  <return>  to proceed.
If that doesn't work, type  X <return>  to quit.


! LaTeX Error: Counter too large.

See the LaTeX manual or LaTeX Companion for explanation.
Type  H <return>  for immediate help.
 ...                                              
                                                  
l.275 \end{equation}
                    
You've lost some text.  Try typing  <return>  to proceed.
If that doesn't work, type  X <return>  to quit.


! LaTeX Error: Counter too large.

See the LaTeX manual or LaTeX Companion for explanation.
Type  H <return>  for immediate help.
 ...                                              
                                                  
l.285 \end{equation}
                    
You've lost some text.  Try typing  <return>  to proceed.
If that doesn't work, type  X <return>  to quit.


! LaTeX Error: Counter too large.

See the LaTeX manual or LaTeX Companion for explanation.
Type  H <return>  for immediate help.
 ...                                              
                                                  
l.290 \end{equation}
                    
You've lost some text.  Try typing  <return>  to proceed.
If that doesn't work, type  X <return>  to quit.

[608]

! LaTeX Error: Counter too large.

See the LaTeX manual or LaTeX Companion for explanation.
Type  H <return>  for immediate help.
 ...                                              
                                                  
l.323 \end{equation}
                    
You've lost some text.  Try typing  <return>  to proceed.
If that doesn't work, type  X <return>  to quit.


! LaTeX Error: Counter too large.

See the LaTeX manual or LaTeX Companion for explanation.
Type  H <return>  for immediate help.
 ...                                              
                                                  
l.363 \end{equation}
                    
You've lost some text.  Try typing  <return>  to proceed.
If that doesn't work, type  X <return>  to quit.


! LaTeX Error: Counter too large.

See the LaTeX manual or LaTeX Companion for explanation.
Type  H <return>  for immediate help.
 ...                                              
                                                  
l.368 \end{equation}
                    
You've lost some text.  Try typing  <return>  to proceed.
If that doesn't work, type  X <return>  to quit.

) (app152_roadmap_unconditional_proof.tex [609] [610]) [611]
Appendix \GenericError {               }{LaTeX Error: Counter too large}{See th
e LaTeX manual or LaTeX Companion for explanation.}{You've lost some text.  Try
 typing  <return>  to proceed.\MessageBreak If that doesn't work, type  X <retu
rn>  to quit.}.

! LaTeX Error: Counter too large.

See the LaTeX manual or LaTeX Companion for explanation.
Type  H <return>  for immediate help.
 ...                                              
                                                  
l.410 \chapter{Complete Proofs and Synthesis}
                                             
You've lost some text.  Try typing  <return>  to proceed.
If that doesn't work, type  X <return>  to quit.

(app41_synthesis_framework_for_condition_p.tex

LaTeX Warning: Reference `thm:tropical-gks' on page 612 undefined on input line
 47.

[612

]) (app42_statement_of_main_result.tex
Overfull \hbox (14.95522pt too wide) in paragraph at lines 10--11
[][]\T1/cmr/bx/n/10.95 Theorem R.2.1 \T1/cmr/m/n/10.95 (Finite-Vol-ume and Stro
ng--Cou-pling Mass Gap---Rig-or-ous)\T1/cmr/bx/n/10.95 . []\T1/cmr/m/it/10.95 F
or four-dimensional
 []

[613]

LaTeX Warning: Reference `thm:uniform-lsi-induction' on page 614 undefined on i
nput line 52.


LaTeX Warning: Reference `thm:sigma-positivity-final' on page 614 undefined on 
input line 58.


LaTeX Warning: Reference `thm:sigma-positivity-final' on page 614 undefined on 
input line 67.


LaTeX Warning: Reference `thm:uniform-lsi-induction' on page 614 undefined on i
nput line 68.


LaTeX Warning: Reference `thm:sigma-positivity-final' on page 614 undefined on 
input line 69.


LaTeX Warning: Reference `thm:giles-teper-final' on page 614 undefined on input
 line 70.

[614]) (app50_summary_resolution_of_the_mass_gap.tex [615] [616] [617])
(app51_complete_synthesis_proof_of_mass_gap_for_su2_and_s.tex [618])
(app57_divide_and_conquer_complete_proof_structure.tex [619] [620] [621])
(app64_synthesis_the_complete_argument.tex

LaTeX Warning: Reference `sec:wilsonian-qcd' on page 622 undefined on input lin
e 23.


LaTeX Warning: Reference `sec:transfer' on page 622 undefined on input line 23.



LaTeX Warning: Reference `sec:string-tension' on page 622 undefined on input li
ne 37.


LaTeX Warning: Reference `sec:giles-teper' on page 622 undefined on input line 
43.


LaTeX Warning: Reference `sec:continuum' on page 622 undefined on input line 49
.

[622] [623]

LaTeX Warning: Reference `thm:complete-rigorous' on page 624 undefined on input
 line 85.

) (app80_summary_the_yang-mills_mass_gap_proof.tex

LaTeX Warning: Reference `sec:wilsonian-qcd' on page 624 undefined on input lin
e 58.

[624]

LaTeX Warning: Reference `sec:transfer' on page 625 undefined on input line 73.



LaTeX Warning: Reference `thm:transfer-basic' on page 625 undefined on input li
ne 80.


LaTeX Warning: Reference `sec:string-tension' on page 625 undefined on input li
ne 96.


LaTeX Warning: Reference `thm:center-symmetry' on page 625 undefined on input l
ine 106.


LaTeX Warning: Reference `sec:giles-teper' on page 625 undefined on input line 
111.


LaTeX Warning: Reference `sec:continuum' on page 625 undefined on input line 12
4.

[625]
Overfull \hbox (0.73996pt too wide) in paragraph at lines 154--156
[]\T1/cmr/m/n/10.95 The lim-it-ing the-ory sat-is-fies the Osterwalder-Schrader
 ax-ioms, which im-plies the Wight-
 []


Package pgf Warning: Returning node center instead of a point on node border. D
id you specify a point identical to the center of node ``gt''? on input line 19
2.


Package pgf Warning: Returning node center instead of a point on node border. D
id you specify a point identical to the center of node ``sigma''? on input line
 192.

[626] [627]

LaTeX Warning: Reference `thm:full-os' on page 628 undefined on input line 291.



LaTeX Warning: Reference `thm:main' on page 628 undefined on input line 292.


LaTeX Warning: Reference `sec:intro' on page 628 undefined on input line 292.


LaTeX Warning: Reference `thm:continuum-from-lattice' on page 628 undefined on 
input line 293.


LaTeX Warning: Reference `sec:spectral-stability' on page 628 undefined on inpu
t line 293.


LaTeX Warning: Reference `sec:string-tension' on page 628 undefined on input li
ne 295.


LaTeX Warning: Reference `thm:universality' on page 628 undefined on input line
 296.


LaTeX Warning: Reference `sec:cluster' on page 628 undefined on input line 296.



LaTeX Warning: Reference `sec:axiomatic-mass-gap' on page 628 undefined on inpu
t line 305.


LaTeX Warning: Reference `sec:string-tension' on page 628 undefined on input li
ne 310.


LaTeX Warning: Reference `thm:full-os' on page 628 undefined on input line 328.


[628]) (app82_framework_for_the_yang-mills_mass_gap.tex [629] [630] [631]
[632] [633] [634] [635] [636] [637] [638] [639]
Overfull \hbox (12.33401pt too wide) in paragraph at lines 810--812
[]\T1/cmr/m/n/10.95 None of these steps re-quire per-tur-ba-tion the-ory or gau
ge fix-ing. The proof is \T1/cmr/bx/n/10.95 non-perturbative
 []

[640] [641]
Overfull \hbox (34.16861pt too wide) in paragraph at lines 1008--1011
[]\T1/cmr/bx/n/10.95 Conclusion: \T1/cmr/m/n/10.95 The Boot-strap method re-sol
ves weak cou-pling \T1/cmr/bx/n/10.95 rig-or-ously and non-perturbatively\T1/cm
r/m/n/10.95 .
 []

[642] [643]
Overfull \hbox (23.4728pt too wide) in paragraph at lines 1104--1106
[][]\T1/cmr/bx/n/10.95 Theorem R.8.26 \T1/cmr/m/n/10.95 (OS Ax-ioms --- De-tail
ed Ver-i-fi-ca-tion)\T1/cmr/bx/n/10.95 . []\T1/cmr/m/it/10.95 Lat-tice Yang-Mil
ls sat-is-fies the Osterwalder-
 []

[644]
Overfull \hbox (18.20383pt too wide) in paragraph at lines 1200--1202
[][]\T1/cmr/bx/n/10.95 Theorem R.8.28 \T1/cmr/m/n/10.95 (Tight-ness and Limit E
x-is-tence)\T1/cmr/bx/n/10.95 . []\T1/cmr/m/it/10.95 The se-quence of lat-tice 
mea-sures $\OMS/cmsy/m/n/10.95 f\OML/cmm/m/it/10.95 ^^V[]\OMS/cmsy/m/n/10.95 g[
]$
 []

[645] [646] [647] [648] [649] [650]

LaTeX Warning: Reference `thm:continuum-fundamental-gap' on page 651 undefined 
on input line 1545.


LaTeX Warning: Reference `prop:confinement-nontrivial' on page 651 undefined on
 input line 1546.


LaTeX Warning: Reference `prop:af-lattice' on page 651 undefined on input line 
1547.


LaTeX Warning: Reference `thm:sigma-decay-bound' on page 651 undefined on input
 line 1548.


LaTeX Warning: Reference `thm:bessel-su2' on page 651 undefined on input line 1
561.


LaTeX Warning: Reference `thm:bessel-su3' on page 651 undefined on input line 1
561.


LaTeX Warning: Reference `thm:uniform-zero-free-strong' on page 651 undefined o
n input line 1562.


LaTeX Warning: Reference `prop:lee-yang-intermediate' on page 651 undefined on 
input line 1564.


LaTeX Warning: Reference `thm:finite-vol-analytic-m' on page 651 undefined on i
nput line 1578.


LaTeX Warning: Reference `thm:uniform-bound-m-finite' on page 651 undefined on 
input line 1579.


LaTeX Warning: Reference `prop:decoupling-rigorous' on page 651 undefined on in
put line 1580.

[651]) (app83_framework_for_closing_the_uniform-in-l_gap.tex

LaTeX Warning: Reference `thm:1d-uniform-lsi' on page 652 undefined on input li
ne 59.

[652] [653] [654] [655]
Overfull \hbox (12.90425pt too wide) in paragraph at lines 307--310
[]\T1/cmr/m/n/10.95 The de-pen-dence of $\OML/cmm/m/it/10.95 ^^V[]$ \T1/cmr/m/n
/10.95 on $\OML/cmm/m/it/10.95 ^^[$ \T1/cmr/m/n/10.95 con-tributes an ad-di-tio
nal term when es-ti-mat-ing $\OMS/cmsy/m/n/10.95 r[]\U/msb/m/n/10.95 E[]\OT1/cm
r/m/n/10.95 [\OML/cmm/m/it/10.95 f[]\OT1/cmr/m/n/10.95 ]$\T1/cmr/m/n/10.95 .
 []

[656]

LaTeX Warning: Reference `thm:strong-complete-sec12' on page 657 undefined on i
nput line 429.

[657]

LaTeX Warning: Reference `thm:1d-uniform-lsi-app76' on page 658 undefined on in
put line 455.

) (app86_complete_framework_for_the_yang-mills_mass_gap.tex
Overfull \hbox (7.66054pt too wide) in paragraph at lines 13--18
\T1/cmr/m/it/10.95 space of four-dimensional $\OML/cmm/m/it/10.95 SU\OT1/cmr/m/
n/10.95 (\OML/cmm/m/it/10.95 N\OT1/cmr/m/n/10.95 )$ \T1/cmr/m/it/10.95 Yang-Mil
ls quan-tum field the-ory con-structed via the Osterwalder-
 []

[658] [659] [660] [661] [662] [663] [664] [665]

LaTeX Warning: Reference `thm:discrete' on page 666 undefined on input line 697
.

[666]

LaTeX Warning: Reference `thm:block-zeg' on page 667 undefined on input line 72
4.


LaTeX Warning: Reference `thm:boundary-marginal-lsi' on page 667 undefined on i
nput line 726.

[667] [668]
Overfull \vbox (149.0782pt too high) has occurred while \output is active []


[669]) (app92_synthesis_complete_proof.tex
Underfull \hbox (badness 10000) in paragraph at lines 70--70
[]|\T1/cmr/m/n/10.95 Intermediate
 []


Underfull \hbox (badness 10000) in paragraph at lines 71--71
[]|\T1/cmr/m/n/10.95 Holley-Stroock gives
 []


Underfull \hbox (badness 10000) in paragraph at lines 76--76
[]|\T1/cmr/m/n/10.95 Gaussian ap-prox-i-ma-
 []


Underfull \hbox (badness 4454) in paragraph at lines 91--91
[]|\T1/cmr/m/n/10.95 Non-circular def-i-ni-tion
 []


Underfull \hbox (badness 1147) in paragraph at lines 92--92
[]|\T1/cmr/m/n/10.95 Intrinsic def-i-ni-tion via
 []


Underfull \hbox (badness 10000) in paragraph at lines 96--96
[]|\T1/cmr/m/n/10.95 What if Ze-gar-lin-ski
 []


Underfull \hbox (badness 10000) in paragraph at lines 97--97
[]|\T1/cmr/m/n/10.95 Adjoint in-ter-po-la-tion
 []

[670] [671] [672]) (app94_continuum_limit_complete_proofs.tex [673] [674]
[675] [676] [677] [678]) (app116_complete_synthesis.tex
Overfull \hbox (2.52498pt too wide) in paragraph at lines 1--1
[]\T1/cmr/bx/n/14.4 Complete Syn-the-sis: Rig-or-ous Proof of the Yang-Mills Ma
ss
 []


! LaTeX Error: Counter too large.

See the LaTeX manual or LaTeX Companion for explanation.
Type  H <return>  for immediate help.
 ...                                              
                                                  
l.23 \end{equation}
                   
You've lost some text.  Try typing  <return>  to proceed.
If that doesn't work, type  X <return>  to quit.


! LaTeX Error: Counter too large.

See the LaTeX manual or LaTeX Companion for explanation.
Type  H <return>  for immediate help.
 ...                                              
                                                  
l.77 \end{equation}
                   
You've lost some text.  Try typing  <return>  to proceed.
If that doesn't work, type  X <return>  to quit.

[679]

! LaTeX Error: Counter too large.

See the LaTeX manual or LaTeX Companion for explanation.
Type  H <return>  for immediate help.
 ...                                              
                                                  
l.87 \end{equation}
                   
You've lost some text.  Try typing  <return>  to proceed.
If that doesn't work, type  X <return>  to quit.


! LaTeX Error: Counter too large.

See the LaTeX manual or LaTeX Companion for explanation.
Type  H <return>  for immediate help.
 ...                                              
                                                  
l.94 \end{equation}
                   
You've lost some text.  Try typing  <return>  to proceed.
If that doesn't work, type  X <return>  to quit.


! LaTeX Error: Counter too large.

See the LaTeX manual or LaTeX Companion for explanation.
Type  H <return>  for immediate help.
 ...                                              
                                                  
l.100 \end{equation}
                    
You've lost some text.  Try typing  <return>  to proceed.
If that doesn't work, type  X <return>  to quit.


! LaTeX Error: Counter too large.

See the LaTeX manual or LaTeX Companion for explanation.
Type  H <return>  for immediate help.
 ...                                              
                                                  
l.107 \end{equation}
                    
You've lost some text.  Try typing  <return>  to proceed.
If that doesn't work, type  X <return>  to quit.


! LaTeX Error: Counter too large.

See the LaTeX manual or LaTeX Companion for explanation.
Type  H <return>  for immediate help.
 ...                                              
                                                  
l.112 \end{equation}
                    
You've lost some text.  Try typing  <return>  to proceed.
If that doesn't work, type  X <return>  to quit.


! LaTeX Error: Counter too large.

See the LaTeX manual or LaTeX Companion for explanation.
Type  H <return>  for immediate help.
 ...                                              
                                                  
l.120 \end{equation}
                    
You've lost some text.  Try typing  <return>  to proceed.
If that doesn't work, type  X <return>  to quit.


! LaTeX Error: Counter too large.

See the LaTeX manual or LaTeX Companion for explanation.
Type  H <return>  for immediate help.
 ...                                              
                                                  
l.125 \end{equation}
                    
You've lost some text.  Try typing  <return>  to proceed.
If that doesn't work, type  X <return>  to quit.


! LaTeX Error: Counter too large.

See the LaTeX manual or LaTeX Companion for explanation.
Type  H <return>  for immediate help.
 ...                                              
                                                  
l.138 \end{equation}
                    
You've lost some text.  Try typing  <return>  to proceed.
If that doesn't work, type  X <return>  to quit.


! LaTeX Error: Counter too large.

See the LaTeX manual or LaTeX Companion for explanation.
Type  H <return>  for immediate help.
 ...                                              
                                                  
l.147 \end{equation}
                    
You've lost some text.  Try typing  <return>  to proceed.
If that doesn't work, type  X <return>  to quit.


! LaTeX Error: Counter too large.

See the LaTeX manual or LaTeX Companion for explanation.
Type  H <return>  for immediate help.
 ...                                              
                                                  
l.154 \end{equation}
                    
You've lost some text.  Try typing  <return>  to proceed.
If that doesn't work, type  X <return>  to quit.

[680]

! LaTeX Error: Counter too large.

See the LaTeX manual or LaTeX Companion for explanation.
Type  H <return>  for immediate help.
 ...                                              
                                                  
l.173 \end{equation}
                    
You've lost some text.  Try typing  <return>  to proceed.
If that doesn't work, type  X <return>  to quit.


! LaTeX Error: Counter too large.

See the LaTeX manual or LaTeX Companion for explanation.
Type  H <return>  for immediate help.
 ...                                              
                                                  
l.180 \end{equation}
                    
You've lost some text.  Try typing  <return>  to proceed.
If that doesn't work, type  X <return>  to quit.


! LaTeX Error: Counter too large.

See the LaTeX manual or LaTeX Companion for explanation.
Type  H <return>  for immediate help.
 ...                                              
                                                  
l.192 \end{equation}
                    
You've lost some text.  Try typing  <return>  to proceed.
If that doesn't work, type  X <return>  to quit.


! LaTeX Error: Counter too large.

See the LaTeX manual or LaTeX Companion for explanation.
Type  H <return>  for immediate help.
 ...                                              
                                                  
l.202 \end{equation}
                    
You've lost some text.  Try typing  <return>  to proceed.
If that doesn't work, type  X <return>  to quit.


! LaTeX Error: Counter too large.

See the LaTeX manual or LaTeX Companion for explanation.
Type  H <return>  for immediate help.
 ...                                              
                                                  
l.210 \end{equation}
                    
You've lost some text.  Try typing  <return>  to proceed.
If that doesn't work, type  X <return>  to quit.


! LaTeX Error: Counter too large.

See the LaTeX manual or LaTeX Companion for explanation.
Type  H <return>  for immediate help.
 ...                                              
                                                  
l.217 \end{equation}
                    
You've lost some text.  Try typing  <return>  to proceed.
If that doesn't work, type  X <return>  to quit.


! LaTeX Error: Counter too large.

See the LaTeX manual or LaTeX Companion for explanation.
Type  H <return>  for immediate help.
 ...                                              
                                                  
l.231 \end{equation}
                    
You've lost some text.  Try typing  <return>  to proceed.
If that doesn't work, type  X <return>  to quit.


! LaTeX Error: Counter too large.

See the LaTeX manual or LaTeX Companion for explanation.
Type  H <return>  for immediate help.
 ...                                              
                                                  
l.235 \end{equation}
                    
You've lost some text.  Try typing  <return>  to proceed.
If that doesn't work, type  X <return>  to quit.

[681]

! LaTeX Error: Counter too large.

See the LaTeX manual or LaTeX Companion for explanation.
Type  H <return>  for immediate help.
 ...                                              
                                                  
l.242 \end{equation}
                    
You've lost some text.  Try typing  <return>  to proceed.
If that doesn't work, type  X <return>  to quit.


! LaTeX Error: Counter too large.

See the LaTeX manual or LaTeX Companion for explanation.
Type  H <return>  for immediate help.
 ...                                              
                                                  
l.248 \end{equation}
                    
You've lost some text.  Try typing  <return>  to proceed.
If that doesn't work, type  X <return>  to quit.


! LaTeX Error: Counter too large.

See the LaTeX manual or LaTeX Companion for explanation.
Type  H <return>  for immediate help.
 ...                                              
                                                  
l.260 \end{equation}
                    
You've lost some text.  Try typing  <return>  to proceed.
If that doesn't work, type  X <return>  to quit.


! LaTeX Error: Counter too large.

See the LaTeX manual or LaTeX Companion for explanation.
Type  H <return>  for immediate help.
 ...                                              
                                                  
l.269 \end{equation}
                    
You've lost some text.  Try typing  <return>  to proceed.
If that doesn't work, type  X <return>  to quit.


! LaTeX Error: Counter too large.

See the LaTeX manual or LaTeX Companion for explanation.
Type  H <return>  for immediate help.
 ...                                              
                                                  
l.278 \end{equation}
                    
You've lost some text.  Try typing  <return>  to proceed.
If that doesn't work, type  X <return>  to quit.


! LaTeX Error: Counter too large.

See the LaTeX manual or LaTeX Companion for explanation.
Type  H <return>  for immediate help.
 ...                                              
                                                  
l.290 \end{align}
                 
You've lost some text.  Try typing  <return>  to proceed.
If that doesn't work, type  X <return>  to quit.


! LaTeX Error: Counter too large.

See the LaTeX manual or LaTeX Companion for explanation.
Type  H <return>  for immediate help.
 ...                                              
                                                  
l.290 \end{align}
                 
You've lost some text.  Try typing  <return>  to proceed.
If that doesn't work, type  X <return>  to quit.


! LaTeX Error: Counter too large.

See the LaTeX manual or LaTeX Companion for explanation.
Type  H <return>  for immediate help.
 ...                                              
                                                  
l.290 \end{align}
                 
You've lost some text.  Try typing  <return>  to proceed.
If that doesn't work, type  X <return>  to quit.


! LaTeX Error: Counter too large.

See the LaTeX manual or LaTeX Companion for explanation.
Type  H <return>  for immediate help.
 ...                                              
                                                  
l.290 \end{align}
                 
You've lost some text.  Try typing  <return>  to proceed.
If that doesn't work, type  X <return>  to quit.


! LaTeX Error: Counter too large.

See the LaTeX manual or LaTeX Companion for explanation.
Type  H <return>  for immediate help.
 ...                                              
                                                  
l.290 \end{align}
                 
You've lost some text.  Try typing  <return>  to proceed.
If that doesn't work, type  X <return>  to quit.


! LaTeX Error: Counter too large.

See the LaTeX manual or LaTeX Companion for explanation.
Type  H <return>  for immediate help.
 ...                                              
                                                  
l.290 \end{align}
                 
You've lost some text.  Try typing  <return>  to proceed.
If that doesn't work, type  X <return>  to quit.


! LaTeX Error: Counter too large.

See the LaTeX manual or LaTeX Companion for explanation.
Type  H <return>  for immediate help.
 ...                                              
                                                  
l.290 \end{align}
                 
You've lost some text.  Try typing  <return>  to proceed.
If that doesn't work, type  X <return>  to quit.


! LaTeX Error: Counter too large.

See the LaTeX manual or LaTeX Companion for explanation.
Type  H <return>  for immediate help.
 ...                                              
                                                  
l.290 \end{align}
                 
You've lost some text.  Try typing  <return>  to proceed.
If that doesn't work, type  X <return>  to quit.


! LaTeX Error: Counter too large.

See the LaTeX manual or LaTeX Companion for explanation.
Type  H <return>  for immediate help.
 ...                                              
                                                  
l.290 \end{align}
                 
You've lost some text.  Try typing  <return>  to proceed.
If that doesn't work, type  X <return>  to quit.


! LaTeX Error: Counter too large.

See the LaTeX manual or LaTeX Companion for explanation.
Type  H <return>  for immediate help.
 ...                                              
                                                  
l.290 \end{align}
                 
You've lost some text.  Try typing  <return>  to proceed.
If that doesn't work, type  X <return>  to quit.


! LaTeX Error: Counter too large.

See the LaTeX manual or LaTeX Companion for explanation.
Type  H <return>  for immediate help.
 ...                                              
                                                  
l.298 \end{equation}
                    
You've lost some text.  Try typing  <return>  to proceed.
If that doesn't work, type  X <return>  to quit.


! LaTeX Error: Counter too large.

See the LaTeX manual or LaTeX Companion for explanation.
Type  H <return>  for immediate help.
 ...                                              
                                                  
l.303 \end{equation}
                    
You've lost some text.  Try typing  <return>  to proceed.
If that doesn't work, type  X <return>  to quit.

[682]

! LaTeX Error: Counter too large.

See the LaTeX manual or LaTeX Companion for explanation.
Type  H <return>  for immediate help.
 ...                                              
                                                  
l.328 \end{align}
                 
You've lost some text.  Try typing  <return>  to proceed.
If that doesn't work, type  X <return>  to quit.


! LaTeX Error: Counter too large.

See the LaTeX manual or LaTeX Companion for explanation.
Type  H <return>  for immediate help.
 ...                                              
                                                  
l.328 \end{align}
                 
You've lost some text.  Try typing  <return>  to proceed.
If that doesn't work, type  X <return>  to quit.


! LaTeX Error: Counter too large.

See the LaTeX manual or LaTeX Companion for explanation.
Type  H <return>  for immediate help.
 ...                                              
                                                  
l.328 \end{align}
                 
You've lost some text.  Try typing  <return>  to proceed.
If that doesn't work, type  X <return>  to quit.


! LaTeX Error: Counter too large.

See the LaTeX manual or LaTeX Companion for explanation.
Type  H <return>  for immediate help.
 ...                                              
                                                  
l.328 \end{align}
                 
You've lost some text.  Try typing  <return>  to proceed.
If that doesn't work, type  X <return>  to quit.


! LaTeX Error: Counter too large.

See the LaTeX manual or LaTeX Companion for explanation.
Type  H <return>  for immediate help.
 ...                                              
                                                  
l.334 \end{align}
                 
You've lost some text.  Try typing  <return>  to proceed.
If that doesn't work, type  X <return>  to quit.


! LaTeX Error: Counter too large.

See the LaTeX manual or LaTeX Companion for explanation.
Type  H <return>  for immediate help.
 ...                                              
                                                  
l.334 \end{align}
                 
You've lost some text.  Try typing  <return>  to proceed.
If that doesn't work, type  X <return>  to quit.


! LaTeX Error: Counter too large.

See the LaTeX manual or LaTeX Companion for explanation.
Type  H <return>  for immediate help.
 ...                                              
                                                  
l.334 \end{align}
                 
You've lost some text.  Try typing  <return>  to proceed.
If that doesn't work, type  X <return>  to quit.


! LaTeX Error: Counter too large.

See the LaTeX manual or LaTeX Companion for explanation.
Type  H <return>  for immediate help.
 ...                                              
                                                  
l.334 \end{align}
                 
You've lost some text.  Try typing  <return>  to proceed.
If that doesn't work, type  X <return>  to quit.

[683]

! LaTeX Error: Counter too large.

See the LaTeX manual or LaTeX Companion for explanation.
Type  H <return>  for immediate help.
 ...                                              
                                                  
l.401 \end{equation}
                    
You've lost some text.  Try typing  <return>  to proceed.
If that doesn't work, type  X <return>  to quit.


Overfull \hbox (4.1093pt too wide) in paragraph at lines 431--433
[]\T1/cmr/m/n/10.95 The math-e-mat-i-cal frame-work is com-plete; only ex-plici
t ver-i-fi-ca-tion of con-stants and computer-
 []

) (app124_complete_proof.tex

! LaTeX Error: Counter too large.

See the LaTeX manual or LaTeX Companion for explanation.
Type  H <return>  for immediate help.
 ...                                              
                                                  
l.18 \end{equation}
                   
You've lost some text.  Try typing  <return>  to proceed.
If that doesn't work, type  X <return>  to quit.


! LaTeX Error: Counter too large.

See the LaTeX manual or LaTeX Companion for explanation.
Type  H <return>  for immediate help.
 ...                                              
                                                  
l.23 \end{equation}
                   
You've lost some text.  Try typing  <return>  to proceed.
If that doesn't work, type  X <return>  to quit.

[684]

! LaTeX Error: Counter too large.

See the LaTeX manual or LaTeX Companion for explanation.
Type  H <return>  for immediate help.
 ...                                              
                                                  
l.30 \end{align}
                
You've lost some text.  Try typing  <return>  to proceed.
If that doesn't work, type  X <return>  to quit.


! LaTeX Error: Counter too large.

See the LaTeX manual or LaTeX Companion for explanation.
Type  H <return>  for immediate help.
 ...                                              
                                                  
l.30 \end{align}
                
You've lost some text.  Try typing  <return>  to proceed.
If that doesn't work, type  X <return>  to quit.


! LaTeX Error: Counter too large.

See the LaTeX manual or LaTeX Companion for explanation.
Type  H <return>  for immediate help.
 ...                                              
                                                  
l.30 \end{align}
                
You've lost some text.  Try typing  <return>  to proceed.
If that doesn't work, type  X <return>  to quit.


! LaTeX Error: Counter too large.

See the LaTeX manual or LaTeX Companion for explanation.
Type  H <return>  for immediate help.
 ...                                              
                                                  
l.30 \end{align}
                
You've lost some text.  Try typing  <return>  to proceed.
If that doesn't work, type  X <return>  to quit.


! LaTeX Error: Counter too large.

See the LaTeX manual or LaTeX Companion for explanation.
Type  H <return>  for immediate help.
 ...                                              
                                                  
l.63 \end{equation}
                   
You've lost some text.  Try typing  <return>  to proceed.
If that doesn't work, type  X <return>  to quit.


! LaTeX Error: Counter too large.

See the LaTeX manual or LaTeX Companion for explanation.
Type  H <return>  for immediate help.
 ...                                              
                                                  
l.87 \end{equation}
                   
You've lost some text.  Try typing  <return>  to proceed.
If that doesn't work, type  X <return>  to quit.


! LaTeX Error: Counter too large.

See the LaTeX manual or LaTeX Companion for explanation.
Type  H <return>  for immediate help.
 ...                                              
                                                  
l.93 \end{equation}
                   
You've lost some text.  Try typing  <return>  to proceed.
If that doesn't work, type  X <return>  to quit.

[685]

! LaTeX Error: Counter too large.

See the LaTeX manual or LaTeX Companion for explanation.
Type  H <return>  for immediate help.
 ...                                              
                                                  
l.118 \end{equation}
                    
You've lost some text.  Try typing  <return>  to proceed.
If that doesn't work, type  X <return>  to quit.


! LaTeX Error: Counter too large.

See the LaTeX manual or LaTeX Companion for explanation.
Type  H <return>  for immediate help.
 ...                                              
                                                  
l.143 \end{equation}
                    
You've lost some text.  Try typing  <return>  to proceed.
If that doesn't work, type  X <return>  to quit.


! LaTeX Error: Counter too large.

See the LaTeX manual or LaTeX Companion for explanation.
Type  H <return>  for immediate help.
 ...                                              
                                                  
l.169 \end{equation}
                    
You've lost some text.  Try typing  <return>  to proceed.
If that doesn't work, type  X <return>  to quit.


! LaTeX Error: Counter too large.

See the LaTeX manual or LaTeX Companion for explanation.
Type  H <return>  for immediate help.
 ...                                              
                                                  
l.178 \end{equation}
                    
You've lost some text.  Try typing  <return>  to proceed.
If that doesn't work, type  X <return>  to quit.


! LaTeX Error: Counter too large.

See the LaTeX manual or LaTeX Companion for explanation.
Type  H <return>  for immediate help.
 ...                                              
                                                  
l.187 \end{equation}
                    
You've lost some text.  Try typing  <return>  to proceed.
If that doesn't work, type  X <return>  to quit.

[686]

! LaTeX Error: Counter too large.

See the LaTeX manual or LaTeX Companion for explanation.
Type  H <return>  for immediate help.
 ...                                              
                                                  
l.201 \end{equation}
                    
You've lost some text.  Try typing  <return>  to proceed.
If that doesn't work, type  X <return>  to quit.


! LaTeX Error: Counter too large.

See the LaTeX manual or LaTeX Companion for explanation.
Type  H <return>  for immediate help.
 ...                                              
                                                  
l.208 \end{equation}
                    
You've lost some text.  Try typing  <return>  to proceed.
If that doesn't work, type  X <return>  to quit.

[687]

! LaTeX Error: Counter too large.

See the LaTeX manual or LaTeX Companion for explanation.
Type  H <return>  for immediate help.
 ...                                              
                                                  
l.315 }}
        
You've lost some text.  Try typing  <return>  to proceed.
If that doesn't work, type  X <return>  to quit.

) (app131_final_unified_theorem.tex [688]

! LaTeX Error: Counter too large.

See the LaTeX manual or LaTeX Companion for explanation.
Type  H <return>  for immediate help.
 ...                                              
                                                  
l.22 \end{equation}
                   
You've lost some text.  Try typing  <return>  to proceed.
If that doesn't work, type  X <return>  to quit.


! LaTeX Error: Counter too large.

See the LaTeX manual or LaTeX Companion for explanation.
Type  H <return>  for immediate help.
 ...                                              
                                                  
l.35 \end{align}
                
You've lost some text.  Try typing  <return>  to proceed.
If that doesn't work, type  X <return>  to quit.


! LaTeX Error: Counter too large.

See the LaTeX manual or LaTeX Companion for explanation.
Type  H <return>  for immediate help.
 ...                                              
                                                  
l.35 \end{align}
                
You've lost some text.  Try typing  <return>  to proceed.
If that doesn't work, type  X <return>  to quit.


! LaTeX Error: Counter too large.

See the LaTeX manual or LaTeX Companion for explanation.
Type  H <return>  for immediate help.
 ...                                              
                                                  
l.35 \end{align}
                
You've lost some text.  Try typing  <return>  to proceed.
If that doesn't work, type  X <return>  to quit.


! LaTeX Error: Counter too large.

See the LaTeX manual or LaTeX Companion for explanation.
Type  H <return>  for immediate help.
 ...                                              
                                                  
l.35 \end{align}
                
You've lost some text.  Try typing  <return>  to proceed.
If that doesn't work, type  X <return>  to quit.


Overfull \hbox (23.39992pt too wide) in paragraph at lines 51--52
[][]\T1/cmr/bx/n/10.95 Theorem R.14.2 \T1/cmr/m/n/10.95 (1D Trans-fer Ma-trix S
pec-tral Gap)\T1/cmr/bx/n/10.95 . []\T1/cmr/m/it/10.95 For the trans-fer ma-tri
x $\OML/cmm/m/it/10.95 T[]$ \T1/cmr/m/it/10.95 on $\OML/cmm/m/it/10.95 L[]\OT1/
cmr/m/n/10.95 (\OML/cmm/m/it/10.95 SU\OT1/cmr/m/n/10.95 (\OML/cmm/m/it/10.95 N\
OT1/cmr/m/n/10.95 )\OML/cmm/m/it/10.95 ; dU\OT1/cmr/m/n/10.95 )$\T1/cmr/m/it/10
.95 : 
 []


! LaTeX Error: Counter too large.

See the LaTeX manual or LaTeX Companion for explanation.
Type  H <return>  for immediate help.
 ...                                              
                                                  
l.54 \end{equation}
                   
You've lost some text.  Try typing  <return>  to proceed.
If that doesn't work, type  X <return>  to quit.


! LaTeX Error: Counter too large.

See the LaTeX manual or LaTeX Companion for explanation.
Type  H <return>  for immediate help.
 ...                                              
                                                  
l.78 \end{equation}
                   
You've lost some text.  Try typing  <return>  to proceed.
If that doesn't work, type  X <return>  to quit.

[689]

! LaTeX Error: Counter too large.

See the LaTeX manual or LaTeX Companion for explanation.
Type  H <return>  for immediate help.
 ...                                              
                                                  
l.103 \end{equation}
                    
You've lost some text.  Try typing  <return>  to proceed.
If that doesn't work, type  X <return>  to quit.


LaTeX Warning: Reference `sec:string-tension-via-gks' on page 690 undefined on 
input line 108.


! LaTeX Error: Counter too large.

See the LaTeX manual or LaTeX Companion for explanation.
Type  H <return>  for immediate help.
 ...                                              
                                                  
l.128 \end{equation}
                    
You've lost some text.  Try typing  <return>  to proceed.
If that doesn't work, type  X <return>  to quit.


! LaTeX Error: Counter too large.

See the LaTeX manual or LaTeX Companion for explanation.
Type  H <return>  for immediate help.
 ...                                              
                                                  
l.133 \end{equation}
                    
You've lost some text.  Try typing  <return>  to proceed.
If that doesn't work, type  X <return>  to quit.


Overfull \hbox (12.12206pt too wide) in paragraph at lines 155--156
[][]\T1/cmr/bx/n/10.95 Theorem R.14.6 \T1/cmr/m/n/10.95 (Phys-i-cal Mass Gap in
 Con-tin-uum)\T1/cmr/bx/n/10.95 . []\T1/cmr/m/it/10.95 The con-tin-uum limit ex
-ists via Osterwalder-
 []


! LaTeX Error: Counter too large.

See the LaTeX manual or LaTeX Companion for explanation.
Type  H <return>  for immediate help.
 ...                                              
                                                  
l.158 \end{equation}
                    
You've lost some text.  Try typing  <return>  to proceed.
If that doesn't work, type  X <return>  to quit.

[690]

! LaTeX Error: Counter too large.

See the LaTeX manual or LaTeX Companion for explanation.
Type  H <return>  for immediate help.
 ...                                              
                                                  
l.163 \end{equation}
                    
You've lost some text.  Try typing  <return>  to proceed.
If that doesn't work, type  X <return>  to quit.


! LaTeX Error: Counter too large.

See the LaTeX manual or LaTeX Companion for explanation.
Type  H <return>  for immediate help.
 ...                                              
                                                  
l.172 \end{equation}
                    
You've lost some text.  Try typing  <return>  to proceed.
If that doesn't work, type  X <return>  to quit.


! LaTeX Error: Counter too large.

See the LaTeX manual or LaTeX Companion for explanation.
Type  H <return>  for immediate help.
 ...                                              
                                                  
l.177 \end{equation}
                    
You've lost some text.  Try typing  <return>  to proceed.
If that doesn't work, type  X <return>  to quit.


! LaTeX Error: Counter too large.

See the LaTeX manual or LaTeX Companion for explanation.
Type  H <return>  for immediate help.
 ...                                              
                                                  
l.182 \end{equation}
                    
You've lost some text.  Try typing  <return>  to proceed.
If that doesn't work, type  X <return>  to quit.


! LaTeX Error: Counter too large.

See the LaTeX manual or LaTeX Companion for explanation.
Type  H <return>  for immediate help.
 ...                                              
                                                  
l.187 \end{equation}
                    
You've lost some text.  Try typing  <return>  to proceed.
If that doesn't work, type  X <return>  to quit.

[691]

LaTeX Warning: Reference `subsec:hierarchical' on page 692 undefined on input l
ine 280.


Underfull \hbox (badness 10000) in paragraph at lines 288--288
[]|\T1/cmr/m/n/10.95 Fortuin-Kasteleyn-
 []


Underfull \hbox (badness 10000) in paragraph at lines 307--307
[]|\T1/cmr/m/n/10.95 Spectral per-tur-ba-tion
 []


Underfull \hbox (badness 10000) in paragraph at lines 309--309
[]|\T1/cmr/m/n/10.95 Exponential con-ver-
 []

[692]

! LaTeX Error: Counter too large.

See the LaTeX manual or LaTeX Companion for explanation.
Type  H <return>  for immediate help.
 ...                                              
                                                  
l.334 \end{equation}
                    
You've lost some text.  Try typing  <return>  to proceed.
If that doesn't work, type  X <return>  to quit.

[693]) (app135_complete_rigorous_proof.tex [694] [695] [696] [697] [698]
[699] [700]
Overfull \hbox (1.43576pt too wide) in paragraph at lines 258--259
[]\T1/cmr/m/it/10.95 Specific Task: \T1/cmr/m/n/10.95 Use the \T1/cmr/bx/n/10.9
5 Feshbach-Schur Map \T1/cmr/m/n/10.95 (isospec-tral renor-mal-iza-tion) to pro
ject
 []

[701] [702]
Overfull \hbox (0.19598pt too wide) in paragraph at lines 354--355
\T1/cmr/m/n/10.95 that the Markov tran-si-tion op-er-a-tor $\OML/cmm/m/it/10.95
 P$ \T1/cmr/m/n/10.95 is a con-trac-tion: $\OML/cmm/m/it/10.95 W[]\OT1/cmr/m/n/
10.95 (\OML/cmm/m/it/10.95 P^^V; P^^W\OT1/cmr/m/n/10.95 ) \OMS/cmsy/m/n/10.95 ^
^T \OT1/cmr/m/n/10.95 (1 \OMS/cmsy/m/n/10.95 ^^@ \OML/cmm/m/it/10.95 ^^T\OT1/cm
r/m/n/10.95 )\OML/cmm/m/it/10.95 W[]\OT1/cmr/m/n/10.95 (\OML/cmm/m/it/10.95 ^^V
; ^^W\OT1/cmr/m/n/10.95 )$
 []

[703] [704] [705]
Overfull \hbox (48.97534pt too wide) in paragraph at lines 472--473
[]\T1/cmr/m/it/10.95 Specific Task: \T1/cmr/m/n/10.95 Prove the norm re-sol-ven
t con-ver-gence of the ef-fec-tive ac-tion: $[][] \OMS/cmsy/m/n/10.95 k\OML/cmm
/m/it/10.95 S[]\OT1/cmr/m/n/10.95 (\OML/cmm/m/it/10.95 M\OT1/cmr/m/n/10.95 ) \O
MS/cmsy/m/n/10.95 ^^@
 []


Overfull \hbox (12.31694pt too wide) in paragraph at lines 500--500
[]\T1/cmr/bx/n/12 Rigorous Res-o-lu-tion of Open Prob-lems (Ap-pendix R.105) & 
Computer-
 []

[706]) (app143_rigorous_innovative_proofs.tex [707] [708]

! LaTeX Error: Counter too large.

See the LaTeX manual or LaTeX Companion for explanation.
Type  H <return>  for immediate help.
 ...                                              
                                                  
l.86 \end{equation}
                   
You've lost some text.  Try typing  <return>  to proceed.
If that doesn't work, type  X <return>  to quit.


! LaTeX Error: Counter too large.

See the LaTeX manual or LaTeX Companion for explanation.
Type  H <return>  for immediate help.
 ...                                              
                                                  
l.95 \end{equation}
                   
You've lost some text.  Try typing  <return>  to proceed.
If that doesn't work, type  X <return>  to quit.


! LaTeX Error: Counter too large.

See the LaTeX manual or LaTeX Companion for explanation.
Type  H <return>  for immediate help.
 ...                                              
                                                  
l.103 \end{equation}
                    
You've lost some text.  Try typing  <return>  to proceed.
If that doesn't work, type  X <return>  to quit.


! LaTeX Error: Counter too large.

See the LaTeX manual or LaTeX Companion for explanation.
Type  H <return>  for immediate help.
 ...                                              
                                                  
l.113 \end{equation}
                    
You've lost some text.  Try typing  <return>  to proceed.
If that doesn't work, type  X <return>  to quit.


! LaTeX Error: Counter too large.

See the LaTeX manual or LaTeX Companion for explanation.
Type  H <return>  for immediate help.
 ...                                              
                                                  
l.118 \end{equation}
                    
You've lost some text.  Try typing  <return>  to proceed.
If that doesn't work, type  X <return>  to quit.

[709]

! LaTeX Error: Counter too large.

See the LaTeX manual or LaTeX Companion for explanation.
Type  H <return>  for immediate help.
 ...                                              
                                                  
l.178 \end{equation}
                    
You've lost some text.  Try typing  <return>  to proceed.
If that doesn't work, type  X <return>  to quit.


! LaTeX Error: Counter too large.

See the LaTeX manual or LaTeX Companion for explanation.
Type  H <return>  for immediate help.
 ...                                              
                                                  
l.186 \end{equation}
                    
You've lost some text.  Try typing  <return>  to proceed.
If that doesn't work, type  X <return>  to quit.

[710]

! LaTeX Error: Counter too large.

See the LaTeX manual or LaTeX Companion for explanation.
Type  H <return>  for immediate help.
 ...                                              
                                                  
l.197 \end{equation}
                    
You've lost some text.  Try typing  <return>  to proceed.
If that doesn't work, type  X <return>  to quit.


! LaTeX Error: Counter too large.

See the LaTeX manual or LaTeX Companion for explanation.
Type  H <return>  for immediate help.
 ...                                              
                                                  
l.201 \end{equation}
                    
You've lost some text.  Try typing  <return>  to proceed.
If that doesn't work, type  X <return>  to quit.


! LaTeX Error: Counter too large.

See the LaTeX manual or LaTeX Companion for explanation.
Type  H <return>  for immediate help.
 ...                                              
                                                  
l.217 \end{equation}
                    
You've lost some text.  Try typing  <return>  to proceed.
If that doesn't work, type  X <return>  to quit.


! LaTeX Error: Counter too large.

See the LaTeX manual or LaTeX Companion for explanation.
Type  H <return>  for immediate help.
 ...                                              
                                                  
l.221 \end{equation}
                    
You've lost some text.  Try typing  <return>  to proceed.
If that doesn't work, type  X <return>  to quit.


! LaTeX Error: Counter too large.

See the LaTeX manual or LaTeX Companion for explanation.
Type  H <return>  for immediate help.
 ...                                              
                                                  
l.225 \end{equation}
                    
You've lost some text.  Try typing  <return>  to proceed.
If that doesn't work, type  X <return>  to quit.


! LaTeX Error: Counter too large.

See the LaTeX manual or LaTeX Companion for explanation.
Type  H <return>  for immediate help.
 ...                                              
                                                  
l.250 \end{equation}
                    
You've lost some text.  Try typing  <return>  to proceed.
If that doesn't work, type  X <return>  to quit.

[711]

! LaTeX Error: Counter too large.

See the LaTeX manual or LaTeX Companion for explanation.
Type  H <return>  for immediate help.
 ...                                              
                                                  
l.261 \end{equation}
                    
You've lost some text.  Try typing  <return>  to proceed.
If that doesn't work, type  X <return>  to quit.


! LaTeX Error: Counter too large.

See the LaTeX manual or LaTeX Companion for explanation.
Type  H <return>  for immediate help.
 ...                                              
                                                  
l.276 \end{equation}
                    
You've lost some text.  Try typing  <return>  to proceed.
If that doesn't work, type  X <return>  to quit.


! LaTeX Error: Counter too large.

See the LaTeX manual or LaTeX Companion for explanation.
Type  H <return>  for immediate help.
 ...                                              
                                                  
l.322 \end{equation}
                    
You've lost some text.  Try typing  <return>  to proceed.
If that doesn't work, type  X <return>  to quit.

[712]

! LaTeX Error: Counter too large.

See the LaTeX manual or LaTeX Companion for explanation.
Type  H <return>  for immediate help.
 ...                                              
                                                  
l.339 \end{equation}
                    
You've lost some text.  Try typing  <return>  to proceed.
If that doesn't work, type  X <return>  to quit.


! LaTeX Error: Counter too large.

See the LaTeX manual or LaTeX Companion for explanation.
Type  H <return>  for immediate help.
 ...                                              
                                                  
l.361 \end{equation}
                    
You've lost some text.  Try typing  <return>  to proceed.
If that doesn't work, type  X <return>  to quit.


! LaTeX Error: Counter too large.

See the LaTeX manual or LaTeX Companion for explanation.
Type  H <return>  for immediate help.
 ...                                              
                                                  
l.368 \end{equation}
                    
You've lost some text.  Try typing  <return>  to proceed.
If that doesn't work, type  X <return>  to quit.


! LaTeX Error: Counter too large.

See the LaTeX manual or LaTeX Companion for explanation.
Type  H <return>  for immediate help.
 ...                                              
                                                  
l.387 \end{equation}
                    
You've lost some text.  Try typing  <return>  to proceed.
If that doesn't work, type  X <return>  to quit.


! LaTeX Error: Counter too large.

See the LaTeX manual or LaTeX Companion for explanation.
Type  H <return>  for immediate help.
 ...                                              
                                                  
l.396 \end{equation}
                    
You've lost some text.  Try typing  <return>  to proceed.
If that doesn't work, type  X <return>  to quit.

[713]

! LaTeX Error: Counter too large.

See the LaTeX manual or LaTeX Companion for explanation.
Type  H <return>  for immediate help.
 ...                                              
                                                  
l.414 \end{equation}
                    
You've lost some text.  Try typing  <return>  to proceed.
If that doesn't work, type  X <return>  to quit.


! LaTeX Error: Counter too large.

See the LaTeX manual or LaTeX Companion for explanation.
Type  H <return>  for immediate help.
 ...                                              
                                                  
l.438 \end{equation}
                    
You've lost some text.  Try typing  <return>  to proceed.
If that doesn't work, type  X <return>  to quit.


! LaTeX Error: Counter too large.

See the LaTeX manual or LaTeX Companion for explanation.
Type  H <return>  for immediate help.
 ...                                              
                                                  
l.445 \end{equation}
                    
You've lost some text.  Try typing  <return>  to proceed.
If that doesn't work, type  X <return>  to quit.

[714]

! LaTeX Error: Counter too large.

See the LaTeX manual or LaTeX Companion for explanation.
Type  H <return>  for immediate help.
 ...                                              
                                                  
l.451 \end{equation}
                    
You've lost some text.  Try typing  <return>  to proceed.
If that doesn't work, type  X <return>  to quit.


! LaTeX Error: Counter too large.

See the LaTeX manual or LaTeX Companion for explanation.
Type  H <return>  for immediate help.
 ...                                              
                                                  
l.457 \end{equation}
                    
You've lost some text.  Try typing  <return>  to proceed.
If that doesn't work, type  X <return>  to quit.


! LaTeX Error: Counter too large.

See the LaTeX manual or LaTeX Companion for explanation.
Type  H <return>  for immediate help.
 ...                                              
                                                  
l.472 \end{equation}
                    
You've lost some text.  Try typing  <return>  to proceed.
If that doesn't work, type  X <return>  to quit.


! LaTeX Error: Counter too large.

See the LaTeX manual or LaTeX Companion for explanation.
Type  H <return>  for immediate help.
 ...                                              
                                                  
l.476 \end{equation}
                    
You've lost some text.  Try typing  <return>  to proceed.
If that doesn't work, type  X <return>  to quit.


! LaTeX Error: Counter too large.

See the LaTeX manual or LaTeX Companion for explanation.
Type  H <return>  for immediate help.
 ...                                              
                                                  
l.480 \end{equation}
                    
You've lost some text.  Try typing  <return>  to proceed.
If that doesn't work, type  X <return>  to quit.


! LaTeX Error: Counter too large.

See the LaTeX manual or LaTeX Companion for explanation.
Type  H <return>  for immediate help.
 ...                                              
                                                  
l.487 \end{equation}
                    
You've lost some text.  Try typing  <return>  to proceed.
If that doesn't work, type  X <return>  to quit.

[715]

! LaTeX Error: Counter too large.

See the LaTeX manual or LaTeX Companion for explanation.
Type  H <return>  for immediate help.
 ...                                              
                                                  
l.547 \end{equation}
                    
You've lost some text.  Try typing  <return>  to proceed.
If that doesn't work, type  X <return>  to quit.

[716]

! LaTeX Error: Counter too large.

See the LaTeX manual or LaTeX Companion for explanation.
Type  H <return>  for immediate help.
 ...                                              
                                                  
l.557 \end{equation}
                    
You've lost some text.  Try typing  <return>  to proceed.
If that doesn't work, type  X <return>  to quit.


! LaTeX Error: Counter too large.

See the LaTeX manual or LaTeX Companion for explanation.
Type  H <return>  for immediate help.
 ...                                              
                                                  
l.566 \end{equation}
                    
You've lost some text.  Try typing  <return>  to proceed.
If that doesn't work, type  X <return>  to quit.


! LaTeX Error: Counter too large.

See the LaTeX manual or LaTeX Companion for explanation.
Type  H <return>  for immediate help.
 ...                                              
                                                  
l.571 \end{equation}
                    
You've lost some text.  Try typing  <return>  to proceed.
If that doesn't work, type  X <return>  to quit.


! LaTeX Error: Counter too large.

See the LaTeX manual or LaTeX Companion for explanation.
Type  H <return>  for immediate help.
 ...                                              
                                                  
l.579 \end{equation}
                    
You've lost some text.  Try typing  <return>  to proceed.
If that doesn't work, type  X <return>  to quit.


! LaTeX Error: Counter too large.

See the LaTeX manual or LaTeX Companion for explanation.
Type  H <return>  for immediate help.
 ...                                              
                                                  
l.589 \end{equation}
                    
You've lost some text.  Try typing  <return>  to proceed.
If that doesn't work, type  X <return>  to quit.


! LaTeX Error: Counter too large.

See the LaTeX manual or LaTeX Companion for explanation.
Type  H <return>  for immediate help.
 ...                                              
                                                  
l.595 \end{equation}
                    
You've lost some text.  Try typing  <return>  to proceed.
If that doesn't work, type  X <return>  to quit.


! LaTeX Error: Counter too large.

See the LaTeX manual or LaTeX Companion for explanation.
Type  H <return>  for immediate help.
 ...                                              
                                                  
l.606 \end{equation}
                    
You've lost some text.  Try typing  <return>  to proceed.
If that doesn't work, type  X <return>  to quit.


! LaTeX Error: Counter too large.

See the LaTeX manual or LaTeX Companion for explanation.
Type  H <return>  for immediate help.
 ...                                              
                                                  
l.616 \end{equation}
                    
You've lost some text.  Try typing  <return>  to proceed.
If that doesn't work, type  X <return>  to quit.

[717]

! LaTeX Error: Counter too large.

See the LaTeX manual or LaTeX Companion for explanation.
Type  H <return>  for immediate help.
 ...                                              
                                                  
l.632 \end{equation}
                    
You've lost some text.  Try typing  <return>  to proceed.
If that doesn't work, type  X <return>  to quit.


! LaTeX Error: Counter too large.

See the LaTeX manual or LaTeX Companion for explanation.
Type  H <return>  for immediate help.
 ...                                              
                                                  
l.636 \end{equation}
                    
You've lost some text.  Try typing  <return>  to proceed.
If that doesn't work, type  X <return>  to quit.


! LaTeX Error: Counter too large.

See the LaTeX manual or LaTeX Companion for explanation.
Type  H <return>  for immediate help.
 ...                                              
                                                  
l.642 \end{equation}
                    
You've lost some text.  Try typing  <return>  to proceed.
If that doesn't work, type  X <return>  to quit.


! LaTeX Error: Counter too large.

See the LaTeX manual or LaTeX Companion for explanation.
Type  H <return>  for immediate help.
 ...                                              
                                                  
l.680         \end{equation}
                            
You've lost some text.  Try typing  <return>  to proceed.
If that doesn't work, type  X <return>  to quit.

[718]

! LaTeX Error: Counter too large.

See the LaTeX manual or LaTeX Companion for explanation.
Type  H <return>  for immediate help.
 ...                                              
                                                  
l.690         \end{equation}
                            
You've lost some text.  Try typing  <return>  to proceed.
If that doesn't work, type  X <return>  to quit.


! LaTeX Error: Counter too large.

See the LaTeX manual or LaTeX Companion for explanation.
Type  H <return>  for immediate help.
 ...                                              
                                                  
l.697     \end{equation}
                        
You've lost some text.  Try typing  <return>  to proceed.
If that doesn't work, type  X <return>  to quit.


! LaTeX Error: Counter too large.

See the LaTeX manual or LaTeX Companion for explanation.
Type  H <return>  for immediate help.
 ...                                              
                                                  
l.718     \end{equation}
                        
You've lost some text.  Try typing  <return>  to proceed.
If that doesn't work, type  X <return>  to quit.


! LaTeX Error: Counter too large.

See the LaTeX manual or LaTeX Companion for explanation.
Type  H <return>  for immediate help.
 ...                                              
                                                  
l.722     \end{equation}
                        
You've lost some text.  Try typing  <return>  to proceed.
If that doesn't work, type  X <return>  to quit.


Overfull \hbox (1.55298pt too wide) in paragraph at lines 730--731
[][]\T1/cmr/bx/n/10.95 Theorem R.23.1 \T1/cmr/m/n/10.95 (In-trin-sic Tight-ness
 and Mass Gap)\T1/cmr/bx/n/10.95 . []\T1/cmr/m/it/10.95 The se-quence of lat-ti
ce mea-sures $\OMS/cmsy/m/n/10.95 f\OML/cmm/m/it/10.95 ^^V[]\OMS/cmsy/m/n/10.95
 g[]$
 []

[719] [720]

! LaTeX Error: Counter too large.

See the LaTeX manual or LaTeX Companion for explanation.
Type  H <return>  for immediate help.
 ...                                              
                                                  
l.817 \end{equation}
                    
You've lost some text.  Try typing  <return>  to proceed.
If that doesn't work, type  X <return>  to quit.


! LaTeX Error: Counter too large.

See the LaTeX manual or LaTeX Companion for explanation.
Type  H <return>  for immediate help.
 ...                                              
                                                  
l.841     \end{equation}
                        
You've lost some text.  Try typing  <return>  to proceed.
If that doesn't work, type  X <return>  to quit.

[721]

! LaTeX Error: Counter too large.

See the LaTeX manual or LaTeX Companion for explanation.
Type  H <return>  for immediate help.
 ...                                              
                                                  
l.854         \end{equation}
                            
You've lost some text.  Try typing  <return>  to proceed.
If that doesn't work, type  X <return>  to quit.


! LaTeX Error: Counter too large.

See the LaTeX manual or LaTeX Companion for explanation.
Type  H <return>  for immediate help.
 ...                                              
                                                  
l.861     \end{equation}
                        
You've lost some text.  Try typing  <return>  to proceed.
If that doesn't work, type  X <return>  to quit.


! LaTeX Error: Counter too large.

See the LaTeX manual or LaTeX Companion for explanation.
Type  H <return>  for immediate help.
 ...                                              
                                                  
l.875 \end{equation}
                    
You've lost some text.  Try typing  <return>  to proceed.
If that doesn't work, type  X <return>  to quit.

[722]

! LaTeX Error: Counter too large.

See the LaTeX manual or LaTeX Companion for explanation.
Type  H <return>  for immediate help.
 ...                                              
                                                  
l.904 \end{equation}
                    
You've lost some text.  Try typing  <return>  to proceed.
If that doesn't work, type  X <return>  to quit.


! LaTeX Error: Counter too large.

See the LaTeX manual or LaTeX Companion for explanation.
Type  H <return>  for immediate help.
 ...                                              
                                                  
l.922 \end{equation}
                    
You've lost some text.  Try typing  <return>  to proceed.
If that doesn't work, type  X <return>  to quit.

) (app145_definitive_proof_of_conjecture.tex

! LaTeX Error: Counter too large.

See the LaTeX manual or LaTeX Companion for explanation.
Type  H <return>  for immediate help.
 ...                                              
                                                  
l.20 \end{equation}
                   
You've lost some text.  Try typing  <return>  to proceed.
If that doesn't work, type  X <return>  to quit.

[723]

! LaTeX Error: Counter too large.

See the LaTeX manual or LaTeX Companion for explanation.
Type  H <return>  for immediate help.
 ...                                              
                                                  
l.24 \end{equation}
                   
You've lost some text.  Try typing  <return>  to proceed.
If that doesn't work, type  X <return>  to quit.


! LaTeX Error: Counter too large.

See the LaTeX manual or LaTeX Companion for explanation.
Type  H <return>  for immediate help.
 ...                                              
                                                  
l.29 \end{equation}
                   
You've lost some text.  Try typing  <return>  to proceed.
If that doesn't work, type  X <return>  to quit.


! LaTeX Error: Counter too large.

See the LaTeX manual or LaTeX Companion for explanation.
Type  H <return>  for immediate help.
 ...                                              
                                                  
l.51 \end{equation}
                   
You've lost some text.  Try typing  <return>  to proceed.
If that doesn't work, type  X <return>  to quit.


! LaTeX Error: Counter too large.

See the LaTeX manual or LaTeX Companion for explanation.
Type  H <return>  for immediate help.
 ...                                              
                                                  
l.58 \end{equation}
                   
You've lost some text.  Try typing  <return>  to proceed.
If that doesn't work, type  X <return>  to quit.


! LaTeX Error: Counter too large.

See the LaTeX manual or LaTeX Companion for explanation.
Type  H <return>  for immediate help.
 ...                                              
                                                  
l.67 \end{equation}
                   
You've lost some text.  Try typing  <return>  to proceed.
If that doesn't work, type  X <return>  to quit.

[724]

! LaTeX Error: Counter too large.

See the LaTeX manual or LaTeX Companion for explanation.
Type  H <return>  for immediate help.
 ...                                              
                                                  
l.85 \end{equation}
                   
You've lost some text.  Try typing  <return>  to proceed.
If that doesn't work, type  X <return>  to quit.


! LaTeX Error: Counter too large.

See the LaTeX manual or LaTeX Companion for explanation.
Type  H <return>  for immediate help.
 ...                                              
                                                  
l.94 \end{equation}
                   
You've lost some text.  Try typing  <return>  to proceed.
If that doesn't work, type  X <return>  to quit.


! LaTeX Error: Counter too large.

See the LaTeX manual or LaTeX Companion for explanation.
Type  H <return>  for immediate help.
 ...                                              
                                                  
l.99 \end{equation}
                   
You've lost some text.  Try typing  <return>  to proceed.
If that doesn't work, type  X <return>  to quit.


! LaTeX Error: Counter too large.

See the LaTeX manual or LaTeX Companion for explanation.
Type  H <return>  for immediate help.
 ...                                              
                                                  
l.115 \end{equation}
                    
You've lost some text.  Try typing  <return>  to proceed.
If that doesn't work, type  X <return>  to quit.

[725]

! LaTeX Error: Counter too large.

See the LaTeX manual or LaTeX Companion for explanation.
Type  H <return>  for immediate help.
 ...                                              
                                                  
l.141 \end{equation}
                    
You've lost some text.  Try typing  <return>  to proceed.
If that doesn't work, type  X <return>  to quit.


! LaTeX Error: Counter too large.

See the LaTeX manual or LaTeX Companion for explanation.
Type  H <return>  for immediate help.
 ...                                              
                                                  
l.147 \end{equation}
                    
You've lost some text.  Try typing  <return>  to proceed.
If that doesn't work, type  X <return>  to quit.

) (app154_definitive_proof.tex [726]

LaTeX Warning: Reference `sec:cluster' on page 727 undefined on input line 15.


Overfull \hbox (31.86469pt too wide) in paragraph at lines 22--23
[]\T1/cmr/bx/n/10.95 Result: \T1/cmr/m/n/10.95 Sta-bil-ity of the ef-fec-tive a
c-tion and scal-ing of the mass gap $\OML/cmm/m/it/10.95 m\OT1/cmr/m/n/10.95 (\
OML/cmm/m/it/10.95 ^^L\OT1/cmr/m/n/10.95 ) \OMS/cmsy/m/n/10.95 ^^X \OT1/cmr/m/n
/10.95 ^^C[] [](\OMS/cmsy/m/n/10.95 ^^@\OML/cmm/m/it/10.95 c^^L\OT1/cmr/m/n/10.
95 )$\T1/cmr/m/n/10.95 . 
 []


LaTeX Warning: Reference `sec:continuum' on page 727 undefined on input line 39
.


LaTeX Warning: Reference `thm:so4-recovery' on page 727 undefined on input line
 47.

) (app160_comprehensive_rigorous_proof.tex [727]

! LaTeX Error: Counter too large.

See the LaTeX manual or LaTeX Companion for explanation.
Type  H <return>  for immediate help.
 ...                                              
                                                  
l.13 \end{equation}
                   
You've lost some text.  Try typing  <return>  to proceed.
If that doesn't work, type  X <return>  to quit.


! LaTeX Error: Counter too large.

See the LaTeX manual or LaTeX Companion for explanation.
Type  H <return>  for immediate help.
 ...                                              
                                                  
l.19 \end{equation}
                   
You've lost some text.  Try typing  <return>  to proceed.
If that doesn't work, type  X <return>  to quit.


! LaTeX Error: Counter too large.

See the LaTeX manual or LaTeX Companion for explanation.
Type  H <return>  for immediate help.
 ...                                              
                                                  
l.28     \end{equation}
                       
You've lost some text.  Try typing  <return>  to proceed.
If that doesn't work, type  X <return>  to quit.


! LaTeX Error: Counter too large.

See the LaTeX manual or LaTeX Companion for explanation.
Type  H <return>  for immediate help.
 ...                                              
                                                  
l.36     \end{equation}
                       
You've lost some text.  Try typing  <return>  to proceed.
If that doesn't work, type  X <return>  to quit.


! LaTeX Error: Counter too large.

See the LaTeX manual or LaTeX Companion for explanation.
Type  H <return>  for immediate help.
 ...                                              
                                                  
l.42     \end{equation}
                       
You've lost some text.  Try typing  <return>  to proceed.
If that doesn't work, type  X <return>  to quit.

[728]

! LaTeX Error: Counter too large.

See the LaTeX manual or LaTeX Companion for explanation.
Type  H <return>  for immediate help.
 ...                                              
                                                  
l.53 \end{equation}
                   
You've lost some text.  Try typing  <return>  to proceed.
If that doesn't work, type  X <return>  to quit.


! LaTeX Error: Counter too large.

See the LaTeX manual or LaTeX Companion for explanation.
Type  H <return>  for immediate help.
 ...                                              
                                                  
l.60 \end{equation}
                   
You've lost some text.  Try typing  <return>  to proceed.
If that doesn't work, type  X <return>  to quit.


! LaTeX Error: Counter too large.

See the LaTeX manual or LaTeX Companion for explanation.
Type  H <return>  for immediate help.
 ...                                              
                                                  
l.64 \end{equation}
                   
You've lost some text.  Try typing  <return>  to proceed.
If that doesn't work, type  X <return>  to quit.

[729]

! LaTeX Error: Counter too large.

See the LaTeX manual or LaTeX Companion for explanation.
Type  H <return>  for immediate help.
 ...                                              
                                                  
l.98     \end{equation}
                       
You've lost some text.  Try typing  <return>  to proceed.
If that doesn't work, type  X <return>  to quit.

[730]

! LaTeX Error: Counter too large.

See the LaTeX manual or LaTeX Companion for explanation.
Type  H <return>  for immediate help.
 ...                                              
                                                  
l.148     \end{equation}
                        
You've lost some text.  Try typing  <return>  to proceed.
If that doesn't work, type  X <return>  to quit.


! LaTeX Error: Counter too large.

See the LaTeX manual or LaTeX Companion for explanation.
Type  H <return>  for immediate help.
 ...                                              
                                                  
l.172     \end{equation}
                        
You've lost some text.  Try typing  <return>  to proceed.
If that doesn't work, type  X <return>  to quit.


! LaTeX Error: Counter too large.

See the LaTeX manual or LaTeX Companion for explanation.
Type  H <return>  for immediate help.
 ...                                              
                                                  
l.178     \end{equation}
                        
You've lost some text.  Try typing  <return>  to proceed.
If that doesn't work, type  X <return>  to quit.

[731]) (app161_complete_rigorous_derivations.tex

! LaTeX Error: Counter too large.

See the LaTeX manual or LaTeX Companion for explanation.
Type  H <return>  for immediate help.
 ...                                              
                                                  
l.25 \end{equation}
                   
You've lost some text.  Try typing  <return>  to proceed.
If that doesn't work, type  X <return>  to quit.


! LaTeX Error: Counter too large.

See the LaTeX manual or LaTeX Companion for explanation.
Type  H <return>  for immediate help.
 ...                                              
                                                  
l.29 \end{equation}
                   
You've lost some text.  Try typing  <return>  to proceed.
If that doesn't work, type  X <return>  to quit.


! LaTeX Error: Counter too large.

See the LaTeX manual or LaTeX Companion for explanation.
Type  H <return>  for immediate help.
 ...                                              
                                                  
l.32 \end{equation}
                   
You've lost some text.  Try typing  <return>  to proceed.
If that doesn't work, type  X <return>  to quit.


! LaTeX Error: Counter too large.

See the LaTeX manual or LaTeX Companion for explanation.
Type  H <return>  for immediate help.
 ...                                              
                                                  
l.40 \end{equation}
                   
You've lost some text.  Try typing  <return>  to proceed.
If that doesn't work, type  X <return>  to quit.


! LaTeX Error: Counter too large.

See the LaTeX manual or LaTeX Companion for explanation.
Type  H <return>  for immediate help.
 ...                                              
                                                  
l.46 \end{equation}
                   
You've lost some text.  Try typing  <return>  to proceed.
If that doesn't work, type  X <return>  to quit.


! LaTeX Error: Counter too large.

See the LaTeX manual or LaTeX Companion for explanation.
Type  H <return>  for immediate help.
 ...                                              
                                                  
l.55 \end{equation}
                   
You've lost some text.  Try typing  <return>  to proceed.
If that doesn't work, type  X <return>  to quit.


! LaTeX Error: Counter too large.

See the LaTeX manual or LaTeX Companion for explanation.
Type  H <return>  for immediate help.
 ...                                              
                                                  
l.59 \end{equation}
                   
You've lost some text.  Try typing  <return>  to proceed.
If that doesn't work, type  X <return>  to quit.


! LaTeX Error: Counter too large.

See the LaTeX manual or LaTeX Companion for explanation.
Type  H <return>  for immediate help.
 ...                                              
                                                  
l.66 \end{equation}
                   
You've lost some text.  Try typing  <return>  to proceed.
If that doesn't work, type  X <return>  to quit.

[732]

! LaTeX Error: Counter too large.

See the LaTeX manual or LaTeX Companion for explanation.
Type  H <return>  for immediate help.
 ...                                              
                                                  
l.70 \end{equation}
                   
You've lost some text.  Try typing  <return>  to proceed.
If that doesn't work, type  X <return>  to quit.


! LaTeX Error: Counter too large.

See the LaTeX manual or LaTeX Companion for explanation.
Type  H <return>  for immediate help.
 ...                                              
                                                  
l.85 \end{equation}
                   
You've lost some text.  Try typing  <return>  to proceed.
If that doesn't work, type  X <return>  to quit.


! LaTeX Error: Counter too large.

See the LaTeX manual or LaTeX Companion for explanation.
Type  H <return>  for immediate help.
 ...                                              
                                                  
l.89 \end{equation}
                   
You've lost some text.  Try typing  <return>  to proceed.
If that doesn't work, type  X <return>  to quit.


! LaTeX Error: Counter too large.

See the LaTeX manual or LaTeX Companion for explanation.
Type  H <return>  for immediate help.
 ...                                              
                                                  
l.97 \end{align}
                
You've lost some text.  Try typing  <return>  to proceed.
If that doesn't work, type  X <return>  to quit.


! LaTeX Error: Counter too large.

See the LaTeX manual or LaTeX Companion for explanation.
Type  H <return>  for immediate help.
 ...                                              
                                                  
l.97 \end{align}
                
You've lost some text.  Try typing  <return>  to proceed.
If that doesn't work, type  X <return>  to quit.


! LaTeX Error: Counter too large.

See the LaTeX manual or LaTeX Companion for explanation.
Type  H <return>  for immediate help.
 ...                                              
                                                  
l.101 \end{equation}
                    
You've lost some text.  Try typing  <return>  to proceed.
If that doesn't work, type  X <return>  to quit.


! LaTeX Error: Counter too large.

See the LaTeX manual or LaTeX Companion for explanation.
Type  H <return>  for immediate help.
 ...                                              
                                                  
l.107 \end{equation}
                    
You've lost some text.  Try typing  <return>  to proceed.
If that doesn't work, type  X <return>  to quit.


! LaTeX Error: Counter too large.

See the LaTeX manual or LaTeX Companion for explanation.
Type  H <return>  for immediate help.
 ...                                              
                                                  
l.118 \end{equation}
                    
You've lost some text.  Try typing  <return>  to proceed.
If that doesn't work, type  X <return>  to quit.

[733]

! LaTeX Error: Counter too large.

See the LaTeX manual or LaTeX Companion for explanation.
Type  H <return>  for immediate help.
 ...                                              
                                                  
l.126 \end{equation}
                    
You've lost some text.  Try typing  <return>  to proceed.
If that doesn't work, type  X <return>  to quit.


! LaTeX Error: Counter too large.

See the LaTeX manual or LaTeX Companion for explanation.
Type  H <return>  for immediate help.
 ...                                              
                                                  
l.137 \end{equation}
                    
You've lost some text.  Try typing  <return>  to proceed.
If that doesn't work, type  X <return>  to quit.


! LaTeX Error: Counter too large.

See the LaTeX manual or LaTeX Companion for explanation.
Type  H <return>  for immediate help.
 ...                                              
                                                  
l.148 \end{equation}
                    
You've lost some text.  Try typing  <return>  to proceed.
If that doesn't work, type  X <return>  to quit.


! LaTeX Error: Counter too large.

See the LaTeX manual or LaTeX Companion for explanation.
Type  H <return>  for immediate help.
 ...                                              
                                                  
l.157 \end{align}
                 
You've lost some text.  Try typing  <return>  to proceed.
If that doesn't work, type  X <return>  to quit.


! LaTeX Error: Counter too large.

See the LaTeX manual or LaTeX Companion for explanation.
Type  H <return>  for immediate help.
 ...                                              
                                                  
l.157 \end{align}
                 
You've lost some text.  Try typing  <return>  to proceed.
If that doesn't work, type  X <return>  to quit.


! LaTeX Error: Counter too large.

See the LaTeX manual or LaTeX Companion for explanation.
Type  H <return>  for immediate help.
 ...                                              
                                                  
l.157 \end{align}
                 
You've lost some text.  Try typing  <return>  to proceed.
If that doesn't work, type  X <return>  to quit.


! LaTeX Error: Counter too large.

See the LaTeX manual or LaTeX Companion for explanation.
Type  H <return>  for immediate help.
 ...                                              
                                                  
l.157 \end{align}
                 
You've lost some text.  Try typing  <return>  to proceed.
If that doesn't work, type  X <return>  to quit.


! LaTeX Error: Counter too large.

See the LaTeX manual or LaTeX Companion for explanation.
Type  H <return>  for immediate help.
 ...                                              
                                                  
l.157 \end{align}
                 
You've lost some text.  Try typing  <return>  to proceed.
If that doesn't work, type  X <return>  to quit.


! LaTeX Error: Counter too large.

See the LaTeX manual or LaTeX Companion for explanation.
Type  H <return>  for immediate help.
 ...                                              
                                                  
l.157 \end{align}
                 
You've lost some text.  Try typing  <return>  to proceed.
If that doesn't work, type  X <return>  to quit.


! LaTeX Error: Counter too large.

See the LaTeX manual or LaTeX Companion for explanation.
Type  H <return>  for immediate help.
 ...                                              
                                                  
l.157 \end{align}
                 
You've lost some text.  Try typing  <return>  to proceed.
If that doesn't work, type  X <return>  to quit.


! LaTeX Error: Counter too large.

See the LaTeX manual or LaTeX Companion for explanation.
Type  H <return>  for immediate help.
 ...                                              
                                                  
l.157 \end{align}
                 
You've lost some text.  Try typing  <return>  to proceed.
If that doesn't work, type  X <return>  to quit.


! LaTeX Error: Counter too large.

See the LaTeX manual or LaTeX Companion for explanation.
Type  H <return>  for immediate help.
 ...                                              
                                                  
l.165 \end{align}
                 
You've lost some text.  Try typing  <return>  to proceed.
If that doesn't work, type  X <return>  to quit.


! LaTeX Error: Counter too large.

See the LaTeX manual or LaTeX Companion for explanation.
Type  H <return>  for immediate help.
 ...                                              
                                                  
l.165 \end{align}
                 
You've lost some text.  Try typing  <return>  to proceed.
If that doesn't work, type  X <return>  to quit.


! LaTeX Error: Counter too large.

See the LaTeX manual or LaTeX Companion for explanation.
Type  H <return>  for immediate help.
 ...                                              
                                                  
l.165 \end{align}
                 
You've lost some text.  Try typing  <return>  to proceed.
If that doesn't work, type  X <return>  to quit.


! LaTeX Error: Counter too large.

See the LaTeX manual or LaTeX Companion for explanation.
Type  H <return>  for immediate help.
 ...                                              
                                                  
l.165 \end{align}
                 
You've lost some text.  Try typing  <return>  to proceed.
If that doesn't work, type  X <return>  to quit.

[734]

! LaTeX Error: Counter too large.

See the LaTeX manual or LaTeX Companion for explanation.
Type  H <return>  for immediate help.
 ...                                              
                                                  
l.176 \end{equation}
                    
You've lost some text.  Try typing  <return>  to proceed.
If that doesn't work, type  X <return>  to quit.


! LaTeX Error: Counter too large.

See the LaTeX manual or LaTeX Companion for explanation.
Type  H <return>  for immediate help.
 ...                                              
                                                  
l.184 \end{equation}
                    
You've lost some text.  Try typing  <return>  to proceed.
If that doesn't work, type  X <return>  to quit.


! LaTeX Error: Counter too large.

See the LaTeX manual or LaTeX Companion for explanation.
Type  H <return>  for immediate help.
 ...                                              
                                                  
l.195 \end{equation}
                    
You've lost some text.  Try typing  <return>  to proceed.
If that doesn't work, type  X <return>  to quit.


! LaTeX Error: Counter too large.

See the LaTeX manual or LaTeX Companion for explanation.
Type  H <return>  for immediate help.
 ...                                              
                                                  
l.203 \end{equation}
                    
You've lost some text.  Try typing  <return>  to proceed.
If that doesn't work, type  X <return>  to quit.


! LaTeX Error: Counter too large.

See the LaTeX manual or LaTeX Companion for explanation.
Type  H <return>  for immediate help.
 ...                                              
                                                  
l.213 \end{align}
                 
You've lost some text.  Try typing  <return>  to proceed.
If that doesn't work, type  X <return>  to quit.


! LaTeX Error: Counter too large.

See the LaTeX manual or LaTeX Companion for explanation.
Type  H <return>  for immediate help.
 ...                                              
                                                  
l.213 \end{align}
                 
You've lost some text.  Try typing  <return>  to proceed.
If that doesn't work, type  X <return>  to quit.


! LaTeX Error: Counter too large.

See the LaTeX manual or LaTeX Companion for explanation.
Type  H <return>  for immediate help.
 ...                                              
                                                  
l.213 \end{align}
                 
You've lost some text.  Try typing  <return>  to proceed.
If that doesn't work, type  X <return>  to quit.


! LaTeX Error: Counter too large.

See the LaTeX manual or LaTeX Companion for explanation.
Type  H <return>  for immediate help.
 ...                                              
                                                  
l.213 \end{align}
                 
You've lost some text.  Try typing  <return>  to proceed.
If that doesn't work, type  X <return>  to quit.


! LaTeX Error: Counter too large.

See the LaTeX manual or LaTeX Companion for explanation.
Type  H <return>  for immediate help.
 ...                                              
                                                  
l.218 \end{equation}
                    
You've lost some text.  Try typing  <return>  to proceed.
If that doesn't work, type  X <return>  to quit.


! LaTeX Error: Counter too large.

See the LaTeX manual or LaTeX Companion for explanation.
Type  H <return>  for immediate help.
 ...                                              
                                                  
l.226 \end{equation}
                    
You've lost some text.  Try typing  <return>  to proceed.
If that doesn't work, type  X <return>  to quit.


! LaTeX Error: Counter too large.

See the LaTeX manual or LaTeX Companion for explanation.
Type  H <return>  for immediate help.
 ...                                              
                                                  
l.243 \end{equation}
                    
You've lost some text.  Try typing  <return>  to proceed.
If that doesn't work, type  X <return>  to quit.

[735]

! LaTeX Error: Counter too large.

See the LaTeX manual or LaTeX Companion for explanation.
Type  H <return>  for immediate help.
 ...                                              
                                                  
l.251 \end{equation}
                    
You've lost some text.  Try typing  <return>  to proceed.
If that doesn't work, type  X <return>  to quit.


! LaTeX Error: Counter too large.

See the LaTeX manual or LaTeX Companion for explanation.
Type  H <return>  for immediate help.
 ...                                              
                                                  
l.257 \end{equation}
                    
You've lost some text.  Try typing  <return>  to proceed.
If that doesn't work, type  X <return>  to quit.


! LaTeX Error: Counter too large.

See the LaTeX manual or LaTeX Companion for explanation.
Type  H <return>  for immediate help.
 ...                                              
                                                  
l.262 \end{equation}
                    
You've lost some text.  Try typing  <return>  to proceed.
If that doesn't work, type  X <return>  to quit.


! LaTeX Error: Counter too large.

See the LaTeX manual or LaTeX Companion for explanation.
Type  H <return>  for immediate help.
 ...                                              
                                                  
l.271 \end{equation}
                    
You've lost some text.  Try typing  <return>  to proceed.
If that doesn't work, type  X <return>  to quit.


! LaTeX Error: Counter too large.

See the LaTeX manual or LaTeX Companion for explanation.
Type  H <return>  for immediate help.
 ...                                              
                                                  
l.283 \end{equation}
                    
You've lost some text.  Try typing  <return>  to proceed.
If that doesn't work, type  X <return>  to quit.


! LaTeX Error: Counter too large.

See the LaTeX manual or LaTeX Companion for explanation.
Type  H <return>  for immediate help.
 ...                                              
                                                  
l.288 \end{equation}
                    
You've lost some text.  Try typing  <return>  to proceed.
If that doesn't work, type  X <return>  to quit.


! LaTeX Error: Counter too large.

See the LaTeX manual or LaTeX Companion for explanation.
Type  H <return>  for immediate help.
 ...                                              
                                                  
l.293 \end{equation}
                    
You've lost some text.  Try typing  <return>  to proceed.
If that doesn't work, type  X <return>  to quit.


! LaTeX Error: Counter too large.

See the LaTeX manual or LaTeX Companion for explanation.
Type  H <return>  for immediate help.
 ...                                              
                                                  
l.303 \end{equation}
                    
You've lost some text.  Try typing  <return>  to proceed.
If that doesn't work, type  X <return>  to quit.

[736]

! LaTeX Error: Counter too large.

See the LaTeX manual or LaTeX Companion for explanation.
Type  H <return>  for immediate help.
 ...                                              
                                                  
l.312 \end{equation}
                    
You've lost some text.  Try typing  <return>  to proceed.
If that doesn't work, type  X <return>  to quit.


! LaTeX Error: Counter too large.

See the LaTeX manual or LaTeX Companion for explanation.
Type  H <return>  for immediate help.
 ...                                              
                                                  
l.318 \end{equation}
                    
You've lost some text.  Try typing  <return>  to proceed.
If that doesn't work, type  X <return>  to quit.


! LaTeX Error: Counter too large.

See the LaTeX manual or LaTeX Companion for explanation.
Type  H <return>  for immediate help.
 ...                                              
                                                  
l.324 \end{equation}
                    
You've lost some text.  Try typing  <return>  to proceed.
If that doesn't work, type  X <return>  to quit.


! LaTeX Error: Counter too large.

See the LaTeX manual or LaTeX Companion for explanation.
Type  H <return>  for immediate help.
 ...                                              
                                                  
l.329 \end{equation}
                    
You've lost some text.  Try typing  <return>  to proceed.
If that doesn't work, type  X <return>  to quit.


! LaTeX Error: Counter too large.

See the LaTeX manual or LaTeX Companion for explanation.
Type  H <return>  for immediate help.
 ...                                              
                                                  
l.340 \end{equation}
                    
You've lost some text.  Try typing  <return>  to proceed.
If that doesn't work, type  X <return>  to quit.


! LaTeX Error: Counter too large.

See the LaTeX manual or LaTeX Companion for explanation.
Type  H <return>  for immediate help.
 ...                                              
                                                  
l.344 \end{equation}
                    
You've lost some text.  Try typing  <return>  to proceed.
If that doesn't work, type  X <return>  to quit.


! LaTeX Error: Counter too large.

See the LaTeX manual or LaTeX Companion for explanation.
Type  H <return>  for immediate help.
 ...                                              
                                                  
l.360 \end{equation}
                    
You've lost some text.  Try typing  <return>  to proceed.
If that doesn't work, type  X <return>  to quit.


! LaTeX Error: Counter too large.

See the LaTeX manual or LaTeX Companion for explanation.
Type  H <return>  for immediate help.
 ...                                              
                                                  
l.366 \end{equation}
                    
You've lost some text.  Try typing  <return>  to proceed.
If that doesn't work, type  X <return>  to quit.


! LaTeX Error: Counter too large.

See the LaTeX manual or LaTeX Companion for explanation.
Type  H <return>  for immediate help.
 ...                                              
                                                  
l.373 \end{equation}
                    
You've lost some text.  Try typing  <return>  to proceed.
If that doesn't work, type  X <return>  to quit.

[737]

! LaTeX Error: Counter too large.

See the LaTeX manual or LaTeX Companion for explanation.
Type  H <return>  for immediate help.
 ...                                              
                                                  
l.379 \end{equation}
                    
You've lost some text.  Try typing  <return>  to proceed.
If that doesn't work, type  X <return>  to quit.


! LaTeX Error: Counter too large.

See the LaTeX manual or LaTeX Companion for explanation.
Type  H <return>  for immediate help.
 ...                                              
                                                  
l.391 \end{equation}
                    
You've lost some text.  Try typing  <return>  to proceed.
If that doesn't work, type  X <return>  to quit.


! LaTeX Error: Counter too large.

See the LaTeX manual or LaTeX Companion for explanation.
Type  H <return>  for immediate help.
 ...                                              
                                                  
l.397 \end{equation}
                    
You've lost some text.  Try typing  <return>  to proceed.
If that doesn't work, type  X <return>  to quit.


! LaTeX Error: Counter too large.

See the LaTeX manual or LaTeX Companion for explanation.
Type  H <return>  for immediate help.
 ...                                              
                                                  
l.404 \end{equation}
                    
You've lost some text.  Try typing  <return>  to proceed.
If that doesn't work, type  X <return>  to quit.


! LaTeX Error: Counter too large.

See the LaTeX manual or LaTeX Companion for explanation.
Type  H <return>  for immediate help.
 ...                                              
                                                  
l.409 \end{equation}
                    
You've lost some text.  Try typing  <return>  to proceed.
If that doesn't work, type  X <return>  to quit.


! LaTeX Error: Counter too large.

See the LaTeX manual or LaTeX Companion for explanation.
Type  H <return>  for immediate help.
 ...                                              
                                                  
l.414 \end{equation}
                    
You've lost some text.  Try typing  <return>  to proceed.
If that doesn't work, type  X <return>  to quit.


! LaTeX Error: Counter too large.

See the LaTeX manual or LaTeX Companion for explanation.
Type  H <return>  for immediate help.
 ...                                              
                                                  
l.434 \end{equation}
                    
You've lost some text.  Try typing  <return>  to proceed.
If that doesn't work, type  X <return>  to quit.


! LaTeX Error: Counter too large.

See the LaTeX manual or LaTeX Companion for explanation.
Type  H <return>  for immediate help.
 ...                                              
                                                  
l.438 \end{equation}
                    
You've lost some text.  Try typing  <return>  to proceed.
If that doesn't work, type  X <return>  to quit.


! LaTeX Error: Counter too large.

See the LaTeX manual or LaTeX Companion for explanation.
Type  H <return>  for immediate help.
 ...                                              
                                                  
l.449 \end{equation}
                    
You've lost some text.  Try typing  <return>  to proceed.
If that doesn't work, type  X <return>  to quit.

[738]

! LaTeX Error: Counter too large.

See the LaTeX manual or LaTeX Companion for explanation.
Type  H <return>  for immediate help.
 ...                                              
                                                  
l.460 \end{equation}
                    
You've lost some text.  Try typing  <return>  to proceed.
If that doesn't work, type  X <return>  to quit.


! LaTeX Error: Counter too large.

See the LaTeX manual or LaTeX Companion for explanation.
Type  H <return>  for immediate help.
 ...                                              
                                                  
l.470 \end{equation}
                    
You've lost some text.  Try typing  <return>  to proceed.
If that doesn't work, type  X <return>  to quit.


! LaTeX Error: Counter too large.

See the LaTeX manual or LaTeX Companion for explanation.
Type  H <return>  for immediate help.
 ...                                              
                                                  
l.480 \end{equation}
                    
You've lost some text.  Try typing  <return>  to proceed.
If that doesn't work, type  X <return>  to quit.


! LaTeX Error: Counter too large.

See the LaTeX manual or LaTeX Companion for explanation.
Type  H <return>  for immediate help.
 ...                                              
                                                  
l.489 \end{equation}
                    
You've lost some text.  Try typing  <return>  to proceed.
If that doesn't work, type  X <return>  to quit.


! LaTeX Error: Counter too large.

See the LaTeX manual or LaTeX Companion for explanation.
Type  H <return>  for immediate help.
 ...                                              
                                                  
l.509 \end{equation}
                    
You've lost some text.  Try typing  <return>  to proceed.
If that doesn't work, type  X <return>  to quit.


! LaTeX Error: Counter too large.

See the LaTeX manual or LaTeX Companion for explanation.
Type  H <return>  for immediate help.
 ...                                              
                                                  
l.514 \end{equation}
                    
You've lost some text.  Try typing  <return>  to proceed.
If that doesn't work, type  X <return>  to quit.


! LaTeX Error: Counter too large.

See the LaTeX manual or LaTeX Companion for explanation.
Type  H <return>  for immediate help.
 ...                                              
                                                  
l.520 \end{equation}
                    
You've lost some text.  Try typing  <return>  to proceed.
If that doesn't work, type  X <return>  to quit.

[739]

! LaTeX Error: Counter too large.

See the LaTeX manual or LaTeX Companion for explanation.
Type  H <return>  for immediate help.
 ...                                              
                                                  
l.527 \end{equation}
                    
You've lost some text.  Try typing  <return>  to proceed.
If that doesn't work, type  X <return>  to quit.


! LaTeX Error: Counter too large.

See the LaTeX manual or LaTeX Companion for explanation.
Type  H <return>  for immediate help.
 ...                                              
                                                  
l.559 \end{equation}
                    
You've lost some text.  Try typing  <return>  to proceed.
If that doesn't work, type  X <return>  to quit.


! LaTeX Error: Counter too large.

See the LaTeX manual or LaTeX Companion for explanation.
Type  H <return>  for immediate help.
 ...                                              
                                                  
l.568 \end{equation}
                    
You've lost some text.  Try typing  <return>  to proceed.
If that doesn't work, type  X <return>  to quit.


! LaTeX Error: Counter too large.

See the LaTeX manual or LaTeX Companion for explanation.
Type  H <return>  for immediate help.
 ...                                              
                                                  
l.575 \end{equation}
                    
You've lost some text.  Try typing  <return>  to proceed.
If that doesn't work, type  X <return>  to quit.


! LaTeX Error: Counter too large.

See the LaTeX manual or LaTeX Companion for explanation.
Type  H <return>  for immediate help.
 ...                                              
                                                  
l.581 \end{equation}
                    
You've lost some text.  Try typing  <return>  to proceed.
If that doesn't work, type  X <return>  to quit.


! LaTeX Error: Counter too large.

See the LaTeX manual or LaTeX Companion for explanation.
Type  H <return>  for immediate help.
 ...                                              
                                                  
l.587 \end{equation}
                    
You've lost some text.  Try typing  <return>  to proceed.
If that doesn't work, type  X <return>  to quit.


! LaTeX Error: Counter too large.

See the LaTeX manual or LaTeX Companion for explanation.
Type  H <return>  for immediate help.
 ...                                              
                                                  
l.593 \end{equation}
                    
You've lost some text.  Try typing  <return>  to proceed.
If that doesn't work, type  X <return>  to quit.


! LaTeX Error: Counter too large.

See the LaTeX manual or LaTeX Companion for explanation.
Type  H <return>  for immediate help.
 ...                                              
                                                  
l.596 \end{equation}
                    
You've lost some text.  Try typing  <return>  to proceed.
If that doesn't work, type  X <return>  to quit.

[740]

! LaTeX Error: Counter too large.

See the LaTeX manual or LaTeX Companion for explanation.
Type  H <return>  for immediate help.
 ...                                              
                                                  
l.602 \end{equation}
                    
You've lost some text.  Try typing  <return>  to proceed.
If that doesn't work, type  X <return>  to quit.


! LaTeX Error: Counter too large.

See the LaTeX manual or LaTeX Companion for explanation.
Type  H <return>  for immediate help.
 ...                                              
                                                  
l.606 \end{equation}
                    
You've lost some text.  Try typing  <return>  to proceed.
If that doesn't work, type  X <return>  to quit.


! LaTeX Error: Counter too large.

See the LaTeX manual or LaTeX Companion for explanation.
Type  H <return>  for immediate help.
 ...                                              
                                                  
l.614 \end{equation}
                    
You've lost some text.  Try typing  <return>  to proceed.
If that doesn't work, type  X <return>  to quit.


! LaTeX Error: Counter too large.

See the LaTeX manual or LaTeX Companion for explanation.
Type  H <return>  for immediate help.
 ...                                              
                                                  
l.620 \end{equation}
                    
You've lost some text.  Try typing  <return>  to proceed.
If that doesn't work, type  X <return>  to quit.


! LaTeX Error: Counter too large.

See the LaTeX manual or LaTeX Companion for explanation.
Type  H <return>  for immediate help.
 ...                                              
                                                  
l.625 \end{equation}
                    
You've lost some text.  Try typing  <return>  to proceed.
If that doesn't work, type  X <return>  to quit.


! LaTeX Error: Counter too large.

See the LaTeX manual or LaTeX Companion for explanation.
Type  H <return>  for immediate help.
 ...                                              
                                                  
l.631 \end{equation}
                    
You've lost some text.  Try typing  <return>  to proceed.
If that doesn't work, type  X <return>  to quit.


! LaTeX Error: Counter too large.

See the LaTeX manual or LaTeX Companion for explanation.
Type  H <return>  for immediate help.
 ...                                              
                                                  
l.635 \end{equation}
                    
You've lost some text.  Try typing  <return>  to proceed.
If that doesn't work, type  X <return>  to quit.


! LaTeX Error: Counter too large.

See the LaTeX manual or LaTeX Companion for explanation.
Type  H <return>  for immediate help.
 ...                                              
                                                  
l.654 \end{equation}
                    
You've lost some text.  Try typing  <return>  to proceed.
If that doesn't work, type  X <return>  to quit.


! LaTeX Error: Counter too large.

See the LaTeX manual or LaTeX Companion for explanation.
Type  H <return>  for immediate help.
 ...                                              
                                                  
l.660 \end{equation}
                    
You've lost some text.  Try typing  <return>  to proceed.
If that doesn't work, type  X <return>  to quit.


! LaTeX Error: Counter too large.

See the LaTeX manual or LaTeX Companion for explanation.
Type  H <return>  for immediate help.
 ...                                              
                                                  
l.665 \end{equation}
                    
You've lost some text.  Try typing  <return>  to proceed.
If that doesn't work, type  X <return>  to quit.


! LaTeX Error: Counter too large.

See the LaTeX manual or LaTeX Companion for explanation.
Type  H <return>  for immediate help.
 ...                                              
                                                  
l.674 \end{equation}
                    
You've lost some text.  Try typing  <return>  to proceed.
If that doesn't work, type  X <return>  to quit.

[741]

! LaTeX Error: Counter too large.

See the LaTeX manual or LaTeX Companion for explanation.
Type  H <return>  for immediate help.
 ...                                              
                                                  
l.680 \end{equation}
                    
You've lost some text.  Try typing  <return>  to proceed.
If that doesn't work, type  X <return>  to quit.


! LaTeX Error: Counter too large.

See the LaTeX manual or LaTeX Companion for explanation.
Type  H <return>  for immediate help.
 ...                                              
                                                  
l.687 \end{equation}
                    
You've lost some text.  Try typing  <return>  to proceed.
If that doesn't work, type  X <return>  to quit.


! LaTeX Error: Counter too large.

See the LaTeX manual or LaTeX Companion for explanation.
Type  H <return>  for immediate help.
 ...                                              
                                                  
l.694 \end{equation}
                    
You've lost some text.  Try typing  <return>  to proceed.
If that doesn't work, type  X <return>  to quit.


! LaTeX Error: Counter too large.

See the LaTeX manual or LaTeX Companion for explanation.
Type  H <return>  for immediate help.
 ...                                              
                                                  
l.720 \end{equation}
                    
You've lost some text.  Try typing  <return>  to proceed.
If that doesn't work, type  X <return>  to quit.


! LaTeX Error: Counter too large.

See the LaTeX manual or LaTeX Companion for explanation.
Type  H <return>  for immediate help.
 ...                                              
                                                  
l.726 \end{equation}
                    
You've lost some text.  Try typing  <return>  to proceed.
If that doesn't work, type  X <return>  to quit.

[742]

! LaTeX Error: Counter too large.

See the LaTeX manual or LaTeX Companion for explanation.
Type  H <return>  for immediate help.
 ...                                              
                                                  
l.755 \end{equation}
                    
You've lost some text.  Try typing  <return>  to proceed.
If that doesn't work, type  X <return>  to quit.


! LaTeX Error: Counter too large.

See the LaTeX manual or LaTeX Companion for explanation.
Type  H <return>  for immediate help.
 ...                                              
                                                  
l.761 \end{equation}
                    
You've lost some text.  Try typing  <return>  to proceed.
If that doesn't work, type  X <return>  to quit.


! LaTeX Error: Counter too large.

See the LaTeX manual or LaTeX Companion for explanation.
Type  H <return>  for immediate help.
 ...                                              
                                                  
l.771 \end{equation}
                    
You've lost some text.  Try typing  <return>  to proceed.
If that doesn't work, type  X <return>  to quit.


! LaTeX Error: Counter too large.

See the LaTeX manual or LaTeX Companion for explanation.
Type  H <return>  for immediate help.
 ...                                              
                                                  
l.777 \end{equation}
                    
You've lost some text.  Try typing  <return>  to proceed.
If that doesn't work, type  X <return>  to quit.


! LaTeX Error: Counter too large.

See the LaTeX manual or LaTeX Companion for explanation.
Type  H <return>  for immediate help.
 ...                                              
                                                  
l.807 \end{equation}
                    
You've lost some text.  Try typing  <return>  to proceed.
If that doesn't work, type  X <return>  to quit.


LaTeX Warning: Reference `def:wilson_action' on page 743 undefined on input lin
e 814.


LaTeX Warning: Reference `thm:rp_wilson' on page 743 undefined on input line 81
6.

[743]

! LaTeX Error: Counter too large.

See the LaTeX manual or LaTeX Companion for explanation.
Type  H <return>  for immediate help.
 ...                                              
                                                  
l.862 ...mmary of explicit constants in the proof}
                                                  
You've lost some text.  Try typing  <return>  to proceed.
If that doesn't work, type  X <return>  to quit.

) (app163_self_contained_proof.tex [744]

! LaTeX Error: Counter too large.

See the LaTeX manual or LaTeX Companion for explanation.
Type  H <return>  for immediate help.
 ...                                              
                                                  
l.20 \end{equation}
                   
You've lost some text.  Try typing  <return>  to proceed.
If that doesn't work, type  X <return>  to quit.


! LaTeX Error: Counter too large.

See the LaTeX manual or LaTeX Companion for explanation.
Type  H <return>  for immediate help.
 ...                                              
                                                  
l.28 \end{equation}
                   
You've lost some text.  Try typing  <return>  to proceed.
If that doesn't work, type  X <return>  to quit.


! LaTeX Error: Counter too large.

See the LaTeX manual or LaTeX Companion for explanation.
Type  H <return>  for immediate help.
 ...                                              
                                                  
l.36 \end{equation}
                   
You've lost some text.  Try typing  <return>  to proceed.
If that doesn't work, type  X <return>  to quit.


! LaTeX Error: Counter too large.

See the LaTeX manual or LaTeX Companion for explanation.
Type  H <return>  for immediate help.
 ...                                              
                                                  
l.40 \end{equation}
                   
You've lost some text.  Try typing  <return>  to proceed.
If that doesn't work, type  X <return>  to quit.


! LaTeX Error: Counter too large.

See the LaTeX manual or LaTeX Companion for explanation.
Type  H <return>  for immediate help.
 ...                                              
                                                  
l.63 \end{equation}
                   
You've lost some text.  Try typing  <return>  to proceed.
If that doesn't work, type  X <return>  to quit.


! LaTeX Error: Counter too large.

See the LaTeX manual or LaTeX Companion for explanation.
Type  H <return>  for immediate help.
 ...                                              
                                                  
l.72 \end{equation}
                   
You've lost some text.  Try typing  <return>  to proceed.
If that doesn't work, type  X <return>  to quit.


! LaTeX Error: Counter too large.

See the LaTeX manual or LaTeX Companion for explanation.
Type  H <return>  for immediate help.
 ...                                              
                                                  
l.77 \end{equation}
                   
You've lost some text.  Try typing  <return>  to proceed.
If that doesn't work, type  X <return>  to quit.

[745]

! LaTeX Error: Counter too large.

See the LaTeX manual or LaTeX Companion for explanation.
Type  H <return>  for immediate help.
 ...                                              
                                                  
l.84 \end{equation}
                   
You've lost some text.  Try typing  <return>  to proceed.
If that doesn't work, type  X <return>  to quit.


! LaTeX Error: Counter too large.

See the LaTeX manual or LaTeX Companion for explanation.
Type  H <return>  for immediate help.
 ...                                              
                                                  
l.88 \end{equation}
                   
You've lost some text.  Try typing  <return>  to proceed.
If that doesn't work, type  X <return>  to quit.


! LaTeX Error: Counter too large.

See the LaTeX manual or LaTeX Companion for explanation.
Type  H <return>  for immediate help.
 ...                                              
                                                  
l.93 \end{equation}
                   
You've lost some text.  Try typing  <return>  to proceed.
If that doesn't work, type  X <return>  to quit.


! LaTeX Error: Counter too large.

See the LaTeX manual or LaTeX Companion for explanation.
Type  H <return>  for immediate help.
 ...                                              
                                                  
l.97 \end{equation}
                   
You've lost some text.  Try typing  <return>  to proceed.
If that doesn't work, type  X <return>  to quit.


! LaTeX Error: Counter too large.

See the LaTeX manual or LaTeX Companion for explanation.
Type  H <return>  for immediate help.
 ...                                              
                                                  
l.107 \end{align}
                 
You've lost some text.  Try typing  <return>  to proceed.
If that doesn't work, type  X <return>  to quit.


! LaTeX Error: Counter too large.

See the LaTeX manual or LaTeX Companion for explanation.
Type  H <return>  for immediate help.
 ...                                              
                                                  
l.107 \end{align}
                 
You've lost some text.  Try typing  <return>  to proceed.
If that doesn't work, type  X <return>  to quit.


! LaTeX Error: Counter too large.

See the LaTeX manual or LaTeX Companion for explanation.
Type  H <return>  for immediate help.
 ...                                              
                                                  
l.107 \end{align}
                 
You've lost some text.  Try typing  <return>  to proceed.
If that doesn't work, type  X <return>  to quit.


! LaTeX Error: Counter too large.

See the LaTeX manual or LaTeX Companion for explanation.
Type  H <return>  for immediate help.
 ...                                              
                                                  
l.107 \end{align}
                 
You've lost some text.  Try typing  <return>  to proceed.
If that doesn't work, type  X <return>  to quit.


! LaTeX Error: Counter too large.

See the LaTeX manual or LaTeX Companion for explanation.
Type  H <return>  for immediate help.
 ...                                              
                                                  
l.112 \end{equation}
                    
You've lost some text.  Try typing  <return>  to proceed.
If that doesn't work, type  X <return>  to quit.


! LaTeX Error: Counter too large.

See the LaTeX manual or LaTeX Companion for explanation.
Type  H <return>  for immediate help.
 ...                                              
                                                  
l.122 \end{equation}
                    
You've lost some text.  Try typing  <return>  to proceed.
If that doesn't work, type  X <return>  to quit.

[746]

! LaTeX Error: Counter too large.

See the LaTeX manual or LaTeX Companion for explanation.
Type  H <return>  for immediate help.
 ...                                              
                                                  
l.146 \end{equation}
                    
You've lost some text.  Try typing  <return>  to proceed.
If that doesn't work, type  X <return>  to quit.


! LaTeX Error: Counter too large.

See the LaTeX manual or LaTeX Companion for explanation.
Type  H <return>  for immediate help.
 ...                                              
                                                  
l.152 \end{equation}
                    
You've lost some text.  Try typing  <return>  to proceed.
If that doesn't work, type  X <return>  to quit.


! LaTeX Error: Counter too large.

See the LaTeX manual or LaTeX Companion for explanation.
Type  H <return>  for immediate help.
 ...                                              
                                                  
l.161 \end{equation}
                    
You've lost some text.  Try typing  <return>  to proceed.
If that doesn't work, type  X <return>  to quit.


! LaTeX Error: Counter too large.

See the LaTeX manual or LaTeX Companion for explanation.
Type  H <return>  for immediate help.
 ...                                              
                                                  
l.167 \end{equation}
                    
You've lost some text.  Try typing  <return>  to proceed.
If that doesn't work, type  X <return>  to quit.


! LaTeX Error: Counter too large.

See the LaTeX manual or LaTeX Companion for explanation.
Type  H <return>  for immediate help.
 ...                                              
                                                  
l.171 \end{equation}
                    
You've lost some text.  Try typing  <return>  to proceed.
If that doesn't work, type  X <return>  to quit.


! LaTeX Error: Counter too large.

See the LaTeX manual or LaTeX Companion for explanation.
Type  H <return>  for immediate help.
 ...                                              
                                                  
l.175 \end{equation}
                    
You've lost some text.  Try typing  <return>  to proceed.
If that doesn't work, type  X <return>  to quit.

[747]

! LaTeX Error: Counter too large.

See the LaTeX manual or LaTeX Companion for explanation.
Type  H <return>  for immediate help.
 ...                                              
                                                  
l.182 \end{equation}
                    
You've lost some text.  Try typing  <return>  to proceed.
If that doesn't work, type  X <return>  to quit.


! LaTeX Error: Counter too large.

See the LaTeX manual or LaTeX Companion for explanation.
Type  H <return>  for immediate help.
 ...                                              
                                                  
l.187 \end{equation}
                    
You've lost some text.  Try typing  <return>  to proceed.
If that doesn't work, type  X <return>  to quit.


! LaTeX Error: Counter too large.

See the LaTeX manual or LaTeX Companion for explanation.
Type  H <return>  for immediate help.
 ...                                              
                                                  
l.191 \end{equation}
                    
You've lost some text.  Try typing  <return>  to proceed.
If that doesn't work, type  X <return>  to quit.


! LaTeX Error: Counter too large.

See the LaTeX manual or LaTeX Companion for explanation.
Type  H <return>  for immediate help.
 ...                                              
                                                  
l.199 \end{equation}
                    
You've lost some text.  Try typing  <return>  to proceed.
If that doesn't work, type  X <return>  to quit.


! LaTeX Error: Counter too large.

See the LaTeX manual or LaTeX Companion for explanation.
Type  H <return>  for immediate help.
 ...                                              
                                                  
l.215 \end{equation}
                    
You've lost some text.  Try typing  <return>  to proceed.
If that doesn't work, type  X <return>  to quit.


! LaTeX Error: Counter too large.

See the LaTeX manual or LaTeX Companion for explanation.
Type  H <return>  for immediate help.
 ...                                              
                                                  
l.223 \end{equation}
                    
You've lost some text.  Try typing  <return>  to proceed.
If that doesn't work, type  X <return>  to quit.


! LaTeX Error: Counter too large.

See the LaTeX manual or LaTeX Companion for explanation.
Type  H <return>  for immediate help.
 ...                                              
                                                  
l.230 \end{equation}
                    
You've lost some text.  Try typing  <return>  to proceed.
If that doesn't work, type  X <return>  to quit.

[748]

! LaTeX Error: Counter too large.

See the LaTeX manual or LaTeX Companion for explanation.
Type  H <return>  for immediate help.
 ...                                              
                                                  
l.249 \end{equation}
                    
You've lost some text.  Try typing  <return>  to proceed.
If that doesn't work, type  X <return>  to quit.

[749]

! LaTeX Error: Counter too large.

See the LaTeX manual or LaTeX Companion for explanation.
Type  H <return>  for immediate help.
 ...                                              
                                                  
l.308 \end{equation}
                    
You've lost some text.  Try typing  <return>  to proceed.
If that doesn't work, type  X <return>  to quit.


! LaTeX Error: Counter too large.

See the LaTeX manual or LaTeX Companion for explanation.
Type  H <return>  for immediate help.
 ...                                              
                                                  
l.321 \end{equation}
                    
You've lost some text.  Try typing  <return>  to proceed.
If that doesn't work, type  X <return>  to quit.


! LaTeX Error: Counter too large.

See the LaTeX manual or LaTeX Companion for explanation.
Type  H <return>  for immediate help.
 ...                                              
                                                  
l.326 \end{equation}
                    
You've lost some text.  Try typing  <return>  to proceed.
If that doesn't work, type  X <return>  to quit.


! LaTeX Error: Counter too large.

See the LaTeX manual or LaTeX Companion for explanation.
Type  H <return>  for immediate help.
 ...                                              
                                                  
l.337 \end{equation}
                    
You've lost some text.  Try typing  <return>  to proceed.
If that doesn't work, type  X <return>  to quit.


! LaTeX Error: Counter too large.

See the LaTeX manual or LaTeX Companion for explanation.
Type  H <return>  for immediate help.
 ...                                              
                                                  
l.344 \end{equation}
                    
You've lost some text.  Try typing  <return>  to proceed.
If that doesn't work, type  X <return>  to quit.


! LaTeX Error: Counter too large.

See the LaTeX manual or LaTeX Companion for explanation.
Type  H <return>  for immediate help.
 ...                                              
                                                  
l.348 \end{equation}
                    
You've lost some text.  Try typing  <return>  to proceed.
If that doesn't work, type  X <return>  to quit.

[750]

! LaTeX Error: Counter too large.

See the LaTeX manual or LaTeX Companion for explanation.
Type  H <return>  for immediate help.
 ...                                              
                                                  
l.355 \end{equation}
                    
You've lost some text.  Try typing  <return>  to proceed.
If that doesn't work, type  X <return>  to quit.


! LaTeX Error: Counter too large.

See the LaTeX manual or LaTeX Companion for explanation.
Type  H <return>  for immediate help.
 ...                                              
                                                  
l.382 \end{equation}
                    
You've lost some text.  Try typing  <return>  to proceed.
If that doesn't work, type  X <return>  to quit.


! LaTeX Error: Counter too large.

See the LaTeX manual or LaTeX Companion for explanation.
Type  H <return>  for immediate help.
 ...                                              
                                                  
l.392 \end{equation}
                    
You've lost some text.  Try typing  <return>  to proceed.
If that doesn't work, type  X <return>  to quit.


! LaTeX Error: Counter too large.

See the LaTeX manual or LaTeX Companion for explanation.
Type  H <return>  for immediate help.
 ...                                              
                                                  
l.406 \end{equation}
                    
You've lost some text.  Try typing  <return>  to proceed.
If that doesn't work, type  X <return>  to quit.

[751]

! LaTeX Error: Counter too large.

See the LaTeX manual or LaTeX Companion for explanation.
Type  H <return>  for immediate help.
 ...                                              
                                                  
l.417 \end{equation}
                    
You've lost some text.  Try typing  <return>  to proceed.
If that doesn't work, type  X <return>  to quit.


! LaTeX Error: Counter too large.

See the LaTeX manual or LaTeX Companion for explanation.
Type  H <return>  for immediate help.
 ...                                              
                                                  
l.423 \end{equation}
                    
You've lost some text.  Try typing  <return>  to proceed.
If that doesn't work, type  X <return>  to quit.


! LaTeX Error: Counter too large.

See the LaTeX manual or LaTeX Companion for explanation.
Type  H <return>  for immediate help.
 ...                                              
                                                  
l.436 \end{equation}
                    
You've lost some text.  Try typing  <return>  to proceed.
If that doesn't work, type  X <return>  to quit.


! LaTeX Error: Counter too large.

See the LaTeX manual or LaTeX Companion for explanation.
Type  H <return>  for immediate help.
 ...                                              
                                                  
l.465 \end{equation}
                    
You've lost some text.  Try typing  <return>  to proceed.
If that doesn't work, type  X <return>  to quit.

[752]

! LaTeX Error: Counter too large.

See the LaTeX manual or LaTeX Companion for explanation.
Type  H <return>  for immediate help.
 ...                                              
                                                  
l.491 \end{equation}
                    
You've lost some text.  Try typing  <return>  to proceed.
If that doesn't work, type  X <return>  to quit.


! LaTeX Error: Counter too large.

See the LaTeX manual or LaTeX Companion for explanation.
Type  H <return>  for immediate help.
 ...                                              
                                                  
l.534 \end{equation}
                    
You've lost some text.  Try typing  <return>  to proceed.
If that doesn't work, type  X <return>  to quit.

[753]) [754]
Appendix \GenericError {               }{LaTeX Error: Counter too large}{See th
e LaTeX manual or LaTeX Companion for explanation.}{You've lost some text.  Try
 typing  <return>  to proceed.\MessageBreak If that doesn't work, type  X <retu
rn>  to quit.}.

! LaTeX Error: Counter too large.

See the LaTeX manual or LaTeX Companion for explanation.
Type  H <return>  for immediate help.
 ...                                              
                                                  
l.439 ...{Critical Analysis and Status Assessment}
                                                  
You've lost some text.  Try typing  <return>  to proceed.
If that doesn't work, type  X <return>  to quit.

(app97_honest_assessment.tex [755

]

LaTeX Warning: Reference `thm:ym-sl' on page 756 undefined on input line 97.

[756]

LaTeX Warning: Reference `thm:ym-sl' on page 757 undefined on input line 183.

[757]) (app101_common_challenge_complete.tex
Overfull \hbox (18.01291pt too wide) in paragraph at lines 1--1
[]\T1/cmr/bx/n/14.4 The Com-mon Chal-lenge: Com-plete Rig-or-ous Proof of Unifo
rm-
 []

[758] [759]

LaTeX Warning: Reference `sec:cluster-expansion' on page 760 undefined on input
 line 189.

[760] [761] [762] [763] [764] [765]) (app103_critical_analysis.tex [766]
[767]

! LaTeX Error: Counter too large.

See the LaTeX manual or LaTeX Companion for explanation.
Type  H <return>  for immediate help.
 ...                                              
                                                  
l.189 \end{align}
                 
You've lost some text.  Try typing  <return>  to proceed.
If that doesn't work, type  X <return>  to quit.


! LaTeX Error: Counter too large.

See the LaTeX manual or LaTeX Companion for explanation.
Type  H <return>  for immediate help.
 ...                                              
                                                  
l.189 \end{align}
                 
You've lost some text.  Try typing  <return>  to proceed.
If that doesn't work, type  X <return>  to quit.


! LaTeX Error: Counter too large.

See the LaTeX manual or LaTeX Companion for explanation.
Type  H <return>  for immediate help.
 ...                                              
                                                  
l.189 \end{align}
                 
You've lost some text.  Try typing  <return>  to proceed.
If that doesn't work, type  X <return>  to quit.


! LaTeX Error: Counter too large.

See the LaTeX manual or LaTeX Companion for explanation.
Type  H <return>  for immediate help.
 ...                                              
                                                  
l.189 \end{align}
                 
You've lost some text.  Try typing  <return>  to proceed.
If that doesn't work, type  X <return>  to quit.


! LaTeX Error: Counter too large.

See the LaTeX manual or LaTeX Companion for explanation.
Type  H <return>  for immediate help.
 ...                                              
                                                  
l.189 \end{align}
                 
You've lost some text.  Try typing  <return>  to proceed.
If that doesn't work, type  X <return>  to quit.


! LaTeX Error: Counter too large.

See the LaTeX manual or LaTeX Companion for explanation.
Type  H <return>  for immediate help.
 ...                                              
                                                  
l.189 \end{align}
                 
You've lost some text.  Try typing  <return>  to proceed.
If that doesn't work, type  X <return>  to quit.


! LaTeX Error: Counter too large.

See the LaTeX manual or LaTeX Companion for explanation.
Type  H <return>  for immediate help.
 ...                                              
                                                  
l.189 \end{align}
                 
You've lost some text.  Try typing  <return>  to proceed.
If that doesn't work, type  X <return>  to quit.


! LaTeX Error: Counter too large.

See the LaTeX manual or LaTeX Companion for explanation.
Type  H <return>  for immediate help.
 ...                                              
                                                  
l.189 \end{align}
                 
You've lost some text.  Try typing  <return>  to proceed.
If that doesn't work, type  X <return>  to quit.

[768] [769] [770]
Overfull \hbox (19.35304pt too wide) in paragraph at lines 346--348
[]\T1/cmr/bx/n/10.95 Heat ker-nel on Lie groups \T1/cmr/m/n/10.95 con-trols tra
ns-fer ma-trix spec-tral gaps uni-formly via $\OML/cmm/m/it/10.95 ^^U[]\OT1/cmr
/m/n/10.95 ([](\OML/cmm/m/it/10.95 N\OT1/cmr/m/n/10.95 )) =
 []

) (app109_final_assessment.tex
Overfull \hbox (9.56215pt too wide) in paragraph at lines 13--14
[][]\T1/cmr/bx/n/10.95 Theorem R.4.1 \T1/cmr/m/n/10.95 (Yang-Mills Mass Gap)\T1
/cmr/bx/n/10.95 . []\T1/cmr/m/it/10.95 For $\OML/cmm/m/it/10.95 SU\OT1/cmr/m/n/
10.95 (\OML/cmm/m/it/10.95 N\OT1/cmr/m/n/10.95 )$ \T1/cmr/m/it/10.95 lat-tice Y
ang-Mills the-ory on $\OT1/cmr/m/n/10.95 ^^C = \OMS/cmsy/m/n/10.95 f\OT1/cmr/m/
n/10.95 1\OML/cmm/m/it/10.95 ; [] ; L\OMS/cmsy/m/n/10.95 g[]$
 []

[771]

LaTeX Warning: Reference `thm:ym-sl' on page 772 undefined on input line 135.

[772]) (app151_math_audit.tex
Overfull \hbox (1.83565pt too wide) in paragraph at lines 23--24
[]\T1/cmr/m/n/10.95 We es-tab-lish the re-sult us-ing \T1/cmr/bx/n/10.95 Ginspa
rg-Wilson Fermions \T1/cmr/m/n/10.95 and \T1/cmr/bx/n/10.95 Ward Iden-tity Rest
ora-
 []


LaTeX Warning: Reference `app:gap2-complex-path' on page 773 undefined on input
 line 28.

[773]) (app165_rigorous_audit_resolution.tex [774] [775] [776] [777] [778]

LaTeX Warning: Reference `sec:norm-resolvent' on page 779 undefined on input li
ne 313.

[779] [780]
Overfull \hbox (13.93306pt too wide) in paragraph at lines 429--430
[][]\T1/cmr/bx/n/10.95 Theorem R.6.10 \T1/cmr/m/n/10.95 (Tun-nel-ing Sup-pres-s
ion)\T1/cmr/bx/n/10.95 . []\T1/cmr/m/it/10.95 The ef-fec-tive po-ten-tial be-tw
een the $\OML/cmm/m/it/10.95 N$ \T1/cmr/m/it/10.95 center-symmetric
 []

[781] [782]) (app204_mathematical_audit_summary.tex
Underfull \hbox (badness 3954) in paragraph at lines 16--16
\T1/cmr/m/n/10.95 on en-ergy ($\OML/cmm/m/it/10.95 E[] \OMS/cmsy/m/n/10.95 ^^T 
h\OML/cmm/m/it/10.95  \OMS/cmsy/m/n/10.95 j\OML/cmm/m/it/10.95 H\OMS/cmsy/m/n/1
0.95 j\OML/cmm/m/it/10.95  \OMS/cmsy/m/n/10.95 i$\T1/cmr/m/n/10.95 )
 []


Underfull \hbox (badness 3158) in paragraph at lines 18--18
[]|\T1/cmr/bx/n/10.95 GKS Cor-re-la-tion In-equal-i-
 []


Underfull \hbox (badness 6708) in paragraph at lines 18--19
[]|\T1/cmr/bx/n/10.95 Diamagnetic In-equal-ity &
 []


Underfull \hbox (badness 2951) in paragraph at lines 18--19
\T1/cmr/m/n/10.95 to prove mono-tonic-ity of the
 []


Underfull \hbox (badness 10000) in paragraph at lines 20--21
[]|\T1/cmr/bx/n/10.95 Hierarchical Con-di-tional
 []


Underfull \hbox (badness 10000) in paragraph at lines 20--21
\T1/cmr/bx/n/10.95 Ten-soriza-tion with Boot-
 []


Underfull \hbox (badness 4846) in paragraph at lines 22--23
[]|\T1/cmr/bx/n/10.95 Intrinsic Scale via String
 []


Underfull \hbox (badness 7925) in paragraph at lines 24--24
\OMS/cmsy/m/n/10.95 A\OML/cmm/m/it/10.95 =\OMS/cmsy/m/n/10.95 G$ \T1/cmr/m/n/10
.95 as a smooth man-i-fold
 []


Underfull \hbox (badness 1436) in paragraph at lines 24--24
\T1/cmr/m/n/10.95 fails be-cause re-ducible con-nec-
 []


Overfull \hbox (14.95709pt too wide) in paragraph at lines 12--27
 [] 
 []

[783] [784] [785]
Overfull \hbox (97.42085pt too wide) in paragraph at lines 99--114
 [] 
 []


Underfull \hbox (badness 10000) in paragraph at lines 125--126
\T1/cmr/m/n/10.95 Replace trace-class as-ser-tions
 []


Underfull \hbox (badness 10000) in paragraph at lines 125--126
\T1/cmr/bx/n/10.95 Nu-cle-ar-ity Con-di-tion\T1/cmr/m/n/10.95 .
 []


Underfull \hbox (badness 6461) in paragraph at lines 125--126
\T1/cmr/m/n/10.95 Prove the phase space map
 []


Underfull \hbox (badness 8056) in paragraph at lines 125--126
\T1/cmr/m/n/10.95 en-sur-ing a par-ti-cle struc-ture
 []


Underfull \hbox (badness 1803) in paragraph at lines 127--128
\T1/cmr/m/n/10.95 tion to prove that symmetry-
 []


Underfull \hbox (badness 10000) in paragraph at lines 131--131
[]|\T1/cmr/m/n/10.95 Applying stan-dard Reg-u-lar-ity
 []


Underfull \hbox (badness 10000) in paragraph at lines 131--131
\T1/cmr/m/n/10.95 Struc-tures (Hairer) fails be-
 []


Underfull \hbox (badness 1264) in paragraph at lines 131--132
\T1/cmr/m/n/10.95 log-a-rith-mic cor-rec-tions to con-
 []


Underfull \hbox (badness 2401) in paragraph at lines 131--132
\T1/cmr/m/n/10.95 trol the crit-i-cal non-linearities
 []


Underfull \hbox (badness 10000) in paragraph at lines 133--134
[]|\T1/cmr/bx/n/10.95 Stochastic Quan-ti-za-tion
 []


Underfull \hbox (badness 10000) in paragraph at lines 133--134
\T1/cmr/m/n/10.95 Abandon the fun-da-men-tal
 []


Underfull \hbox (badness 4673) in paragraph at lines 133--134
\T1/cmr/m/n/10.95 do-main ap-proach. Use the
 []


Underfull \hbox (badness 10000) in paragraph at lines 133--134
\T1/cmr/m/n/10.95 Gribov-Zwanziger ac-tion $\OML/cmm/m/it/10.95 S[]$
 []


Underfull \hbox (badness 6188) in paragraph at lines 135--136
\T1/cmr/m/n/10.95 Replace an-a-lyt-ic-ity ar-gu-ments
 []


Underfull \hbox (badness 2495) in paragraph at lines 135--136
\T1/cmr/m/n/10.95 with re-sol-vent bounds $\OMS/cmsy/m/n/10.95 k\OT1/cmr/m/n/10
.95 (\OML/cmm/m/it/10.95 H \OMS/cmsy/m/n/10.95 ^^@
 []


Overfull \hbox (14.95709pt too wide) in paragraph at lines 121--138
 [] 
 []

[786] [787]
Underfull \hbox (badness 1668) in paragraph at lines 196--197
[]|\T1/cmr/bx/n/10.95 Combes-Thomas Bound \T1/cmr/m/n/10.95 proves ex-po-nen-ti
al lo-cal-iza-tion of
 []


Overfull \hbox (50.33777pt too wide) in paragraph at lines 192--207
 [] 
 []

[788]
Underfull \hbox (badness 3646) in paragraph at lines 218--219
\T1/cmr/m/n/10.95 Derive the Fu-jikawa Ja-co-bian
 []


Underfull \hbox (badness 10000) in paragraph at lines 218--219
\T1/cmr/m/n/10.95 non-perturbatively us-ing the
 []


Underfull \hbox (badness 2368) in paragraph at lines 218--219
\T1/cmr/m/n/10.95 Heat Ker-nel Reg-u-lar-iza-tion of
 []


Underfull \hbox (badness 10000) in paragraph at lines 218--219
\T1/cmr/m/n/10.95 the Over-lap Dirac op-er-a-tor.
 []


Underfull \hbox (badness 4013) in paragraph at lines 220--220
\T1/cmr/m/n/10.95 dis-tin-guish an \T1/cmr/bx/n/10.95 iso-lated pole
 []


Underfull \hbox (badness 2495) in paragraph at lines 220--221
\T1/cmr/m/n/10.95 tion for the 4-point func-tion.
 []


Underfull \hbox (badness 10000) in paragraph at lines 222--222
[]|\T1/cmr/m/n/10.95 Block-spin Renor-mal-iza-tion
 []


Underfull \hbox (badness 3838) in paragraph at lines 222--222
\T1/cmr/m/n/10.95 You can-not use the ef-fec-tive
 []


Underfull \hbox (badness 4024) in paragraph at lines 222--222
\T1/cmr/m/n/10.95 ac-tion $\OML/cmm/m/it/10.95 S[]$ \T1/cmr/m/n/10.95 to con-st
ruct the
 []


Underfull \hbox (badness 10000) in paragraph at lines 222--223
[]|\T1/cmr/bx/n/10.95 Polymer Sta-bil-ity De-cou-
 []


Overfull \hbox (14.95709pt too wide) in paragraph at lines 214--225
 [] 
 []

[789] [790]
Underfull \hbox (badness 3503) in paragraph at lines 281--282
[]|\T1/cmr/bx/n/10.95 Lüscher's Asymp-totic For-
 []


Underfull \hbox (badness 2913) in paragraph at lines 281--282
\T1/cmr/m/n/10.95 rul-ing out mass-less power-law
 []


Underfull \hbox (badness 3514) in paragraph at lines 283--283
[]|\T1/cmr/m/n/10.95 The Ad-joint In-ter-po-la-tion as-
 []


Underfull \hbox (badness 7151) in paragraph at lines 283--283
\T1/cmr/m/n/10.95 sumes $\OML/cmm/m/it/10.95 M \OMS/cmsy/m/n/10.95 ! 1$\T1/cmr/
m/n/10.95 . Non-
 []


Underfull \hbox (badness 10000) in paragraph at lines 283--284
[]|\T1/cmr/bx/n/10.95 Norm Re-sol-vent Con-ver-
 []


Underfull \hbox (badness 10000) in paragraph at lines 283--284
\T1/cmr/m/n/10.95 the-o-rem non-perturbatively.
 []


Underfull \hbox (badness 10000) in paragraph at lines 283--284
\T1/cmr/m/n/10.95 Show the ef-fec-tive Hamil-
 []


Underfull \hbox (badness 10000) in paragraph at lines 283--284
\T1/cmr/m/n/10.95 to-nian $\OML/cmm/m/it/10.95 H\OT1/cmr/m/n/10.95 (\OML/cmm/m/
it/10.95 M\OT1/cmr/m/n/10.95 )$ \T1/cmr/m/n/10.95 con-verges to
 []


Underfull \hbox (badness 6625) in paragraph at lines 283--284
\OML/cmm/m/it/10.95 H[]$ \T1/cmr/m/n/10.95 in the op-er-a-tor norm
 []


Underfull \hbox (badness 10000) in paragraph at lines 285--286
[]|\T1/cmr/bx/n/10.95 Fröhlich-Simon-Spencer
 []


Underfull \hbox (badness 10000) in paragraph at lines 285--286
\T1/cmr/m/n/10.95 Use Re-flec-tion Pos-i-tiv-ity in
 []


Overfull \hbox (14.95709pt too wide) in paragraph at lines 277--288
 [] 
 []

[791]
Underfull \hbox (badness 1509) in paragraph at lines 344--344
\T1/cmr/m/n/10.95 la-tion func-tions $\OML/cmm/m/it/10.95 W[]\OT1/cmr/m/n/10.95
 (\OML/cmm/m/it/10.95 x[]; [] ; x[]\OT1/cmr/m/n/10.95 )$
 []


Underfull \hbox (badness 3209) in paragraph at lines 344--344
\T1/cmr/m/n/10.95 could grow like $\OML/cmm/m/it/10.95 e[]$\T1/cmr/m/n/10.95 , 
defin-ing
 []


Underfull \hbox (badness 3168) in paragraph at lines 344--344
\T1/cmr/m/n/10.95 than a tem-pered dis-tri-bu-tion.
 []


Underfull \hbox (badness 10000) in paragraph at lines 346--346
\T1/cmr/m/n/10.95 is di-ver-gent and not Borel
 []


Underfull \hbox (badness 2635) in paragraph at lines 346--346
\T1/cmr/m/n/10.95 summable due to sin-gu-lar-i-ties
 []


Underfull \hbox (badness 1117) in paragraph at lines 346--347
\T1/cmr/m/n/10.95 Prove that the imag-i-nary am-
 []


Underfull \hbox (badness 6542) in paragraph at lines 346--347
\T1/cmr/m/n/10.95 per-tur-ba-tive se-ries is ex-actly
 []


Underfull \hbox (badness 2644) in paragraph at lines 346--347
\T1/cmr/m/n/10.95 of the instanton/anti-instanton
 []


Underfull \hbox (badness 10000) in paragraph at lines 346--347
\T1/cmr/m/n/10.95 gas con-tri-bu-tion (Bogomolny-
 []


Underfull \hbox (badness 2293) in paragraph at lines 348--349
\T1/cmr/m/n/10.95 Define the block spin as the
 []


Underfull \hbox (badness 2409) in paragraph at lines 350--350
[]|\T1/cmr/bx/n/10.95 21. The Smooth
 []


Underfull \hbox (badness 10000) in paragraph at lines 350--351
\T1/cmr/m/n/10.95 Perform a Renor-mal-iza-tion
 []


Overfull \hbox (14.95709pt too wide) in paragraph at lines 340--353
 [] 
 []

[792] [793]
Underfull \hbox (badness 5622) in paragraph at lines 423--423
[]|\T1/cmr/m/n/10.95 Treating Wil-son loops $\OML/cmm/m/it/10.95 W\OT1/cmr/m/n/
10.95 (\OML/cmm/m/it/10.95 C\OT1/cmr/m/n/10.95 )$
 []


Underfull \hbox (badness 7944) in paragraph at lines 423--423
\T1/cmr/m/n/10.95 as in-de-pen-dent ba-sis vec-tors
 []


Underfull \hbox (badness 4832) in paragraph at lines 423--424
\T1/cmr/m/n/10.95 con-straints us-ing the Cayley-
 []


Underfull \hbox (badness 1990) in paragraph at lines 425--425
[]|\T1/cmr/m/n/10.95 The con-tin-uum gauge field $\OML/cmm/m/it/10.95 A$
 []


Underfull \hbox (badness 2351) in paragraph at lines 425--425
\T1/cmr/m/n/10.95 is a dis-tri-bu-tion of reg-u-lar-ity
 []


Underfull \hbox (badness 10000) in paragraph at lines 427--427
[]|\T1/cmr/m/n/10.95 Assuming ``clus-ter-ing im-plies
 []


Underfull \hbox (badness 3503) in paragraph at lines 427--427
\T1/cmr/m/n/10.95 unique-ness'' is cir-cu-lar if the
 []


Underfull \hbox (badness 2359) in paragraph at lines 427--428
[]|\T1/cmr/bx/n/10.95 KMS Unique-ness (Tomita-
 []


Underfull \hbox (badness 2707) in paragraph at lines 431--431
[]|\T1/cmr/bx/n/10.95 26. The Crit-i-cal
 []


Underfull \hbox (badness 2005) in paragraph at lines 431--432
\T1/cmr/m/n/10.95 Wainger in-equal-ity: $\OMS/cmsy/m/n/10.95 k\OML/cmm/m/it/10.
95 u\OMS/cmsy/m/n/10.95 k[] ^^T
 []


Overfull \hbox (14.95709pt too wide) in paragraph at lines 419--434
 [] 
 []

[794] [795] [796]
Underfull \hbox (badness 1571) in paragraph at lines 501--501
[]|\T1/cmr/bx/n/10.95 27. The Sin-gu-lar
 []


Underfull \hbox (badness 1867) in paragraph at lines 501--501
\T1/cmr/m/n/10.95 could be ``sin-gu-lar con-tin-u-ous''
 []


Underfull \hbox (badness 10000) in paragraph at lines 503--504
[]|\T1/cmr/bx/n/10.95 Haag-Ruelle Asymp-totic
 []


Underfull \hbox (badness 10000) in paragraph at lines 503--504
\T1/cmr/m/n/10.95 Use the Buchholz-Wichmann
 []


Underfull \hbox (badness 6125) in paragraph at lines 503--504
\T1/cmr/m/n/10.95 Nu-cle-ar-ity Bound (es-tab-lished
 []


Underfull \hbox (badness 2103) in paragraph at lines 503--504
\T1/cmr/m/n/10.95 the Fock space of asymp-totic
 []


Underfull \hbox (badness 4886) in paragraph at lines 507--507
[]|\T1/cmr/m/n/10.95 In the con-tin-uum limit, the
 []


Overfull \hbox (14.95709pt too wide) in paragraph at lines 497--510
 [] 
 []

[797] [798] [799]
Underfull \hbox (badness 1616) in paragraph at lines 582--582
[]|\T1/cmr/bx/n/10.95 31. The Spec-tral
 []


Underfull \hbox (badness 2922) in paragraph at lines 582--582
[]|\T1/cmr/m/n/10.95 Resolvent bounds like $\OMS/cmsy/m/n/10.95 k\OT1/cmr/m/n/1
0.95 (\OML/cmm/m/it/10.95 H \OMS/cmsy/m/n/10.95 ^^@
 []


Underfull \hbox (badness 4886) in paragraph at lines 582--583
\T1/cmr/m/n/10.95 Use the quasi-analytic ex-ten-
 []


Underfull \hbox (badness 1253) in paragraph at lines 582--583
\T1/cmr/m/n/10.95 of the Hamil-to-nian: $\OML/cmm/m/it/10.95 f\OT1/cmr/m/n/10.9
5 (\OML/cmm/m/it/10.95 H\OT1/cmr/m/n/10.95 ) =
 []


Underfull \hbox (badness 1533) in paragraph at lines 582--583
\T1/cmr/m/n/10.95 verts spec-tral in-for-ma-tion into
 []


Underfull \hbox (badness 3098) in paragraph at lines 584--585
\T1/cmr/m/n/10.95 the co-ho-mol-ogy $\OML/cmm/m/it/10.95 H[]\OT1/cmr/m/n/10.95 
(\OML/cmm/m/it/10.95 Q[]\OT1/cmr/m/n/10.95 )$ \T1/cmr/m/n/10.95 van-
 []


Underfull \hbox (badness 10000) in paragraph at lines 586--586
[]|\T1/cmr/m/n/10.95 The con-tin-uum Hamil-to-nian
 []


Underfull \hbox (badness 1337) in paragraph at lines 586--586
\T1/cmr/m/n/10.95 sta-bil-ity that stan-dard con-ver-
 []


Underfull \hbox (badness 2671) in paragraph at lines 586--587
[]|\T1/cmr/bx/n/10.95 Kato-Trotter Prod-uct For-
 []


Underfull \hbox (badness 1092) in paragraph at lines 586--587
\T1/cmr/m/n/10.95 the sta-bil-ity con-di-tion $\OMS/cmsy/m/n/10.95 k\OT1/cmr/m/
n/10.95 (\OML/cmm/m/it/10.95 H[] \OMS/cmsy/m/n/10.95 ^^@
 []


Underfull \hbox (badness 2970) in paragraph at lines 586--587
\OML/cmm/m/it/10.95 z\OT1/cmr/m/n/10.95 )[]\OML/cmm/m/it/10.95 ^^^\OMS/cmsy/m/n
/10.95 k ! k\OT1/cmr/m/n/10.95 (\OML/cmm/m/it/10.95 H[] \OMS/cmsy/m/n/10.95 ^^@
 \OML/cmm/m/it/10.95 z\OT1/cmr/m/n/10.95 )[]\OML/cmm/m/it/10.95 ^^^\OMS/cmsy/m/
n/10.95 k$
 []


Overfull \hbox (14.95709pt too wide) in paragraph at lines 578--593
 [] 
 []

[800] [801] [802]
Underfull \hbox (badness 1629) in paragraph at lines 659--660
\T1/cmr/m/n/10.95 Apply the Nash-Moser In-verse
 []


Underfull \hbox (badness 1454) in paragraph at lines 659--660
\T1/cmr/m/n/10.95 solv-ing the lin-earized equa-tion
 []


Underfull \hbox (badness 10000) in paragraph at lines 663--663
\T1/cmr/m/n/10.95 ``ghost'' fields (Faddeev-Popov
 []


Underfull \hbox (badness 10000) in paragraph at lines 663--663
\T1/cmr/m/n/10.95 de-ter-mi-nants) could ac-quire
 []


Underfull \hbox (badness 3375) in paragraph at lines 663--663
\T1/cmr/m/n/10.95 a tachyon mass or con-dense,
 []


Underfull \hbox (badness 10000) in paragraph at lines 663--664
[]|\T1/cmr/bx/n/10.95 Weitzenböck Iden-tity on
 []


Overfull \hbox (14.95709pt too wide) in paragraph at lines 655--668
 [] 
 []

[803] [804]
Underfull \hbox (badness 1314) in paragraph at lines 737--737
[]|\T1/cmr/bx/n/10.95 40. The An-a-lytic
 []


Underfull \hbox (badness 3838) in paragraph at lines 737--737
\T1/cmr/m/n/10.95 space. Stan-dard con-trac-tion
 []


Underfull \hbox (badness 10000) in paragraph at lines 737--738
[]|\T1/cmr/bx/n/10.95 Kirkwood-Salsburg Equa-
 []


Underfull \hbox (badness 2486) in paragraph at lines 737--738
\T1/cmr/m/n/10.95 er-a-tor $\OML/cmm/m/it/10.95 K$ \T1/cmr/m/n/10.95 is a con-t
rac-tion in
 []


Underfull \hbox (badness 2326) in paragraph at lines 737--738
\T1/cmr/m/n/10.95 es-tab-lish-ing a fi-nite ra-dius of
 []


Underfull \hbox (badness 1014) in paragraph at lines 739--739
\T1/cmr/m/n/10.95 lat-tice trans-fer ma-tri-ces $\OML/cmm/m/it/10.95 T[] \OT1/c
mr/m/n/10.95 =
 []


Underfull \hbox (badness 7344) in paragraph at lines 739--740
\T1/cmr/m/n/10.95 Kato er-ror bound $\OMS/cmsy/m/n/10.95 k\OML/cmm/m/it/10.95 e
[] \OMS/cmsy/m/n/10.95 ^^@
 []


Underfull \hbox (badness 10000) in paragraph at lines 745--746
[]|\T1/cmr/bx/n/10.95 Perron-Frobenius Mo-men-
 []


Underfull \hbox (badness 3250) in paragraph at lines 745--746
\T1/cmr/m/n/10.95 the trans-la-tion op-er-a-tor $\OML/cmm/m/it/10.95 U\OT1/cmr/
m/n/10.95 (\OML/cmm/m/it/10.95 x\OT1/cmr/m/n/10.95 )$
 []


Underfull \hbox (badness 10000) in paragraph at lines 745--746
\T1/cmr/m/n/10.95 pre-serves the pos-i-tive cone,
 []


Underfull \hbox (badness 1158) in paragraph at lines 747--748
[]|\T1/cmr/bx/n/10.95 Level Re-pul-sion (Re-sol-vent
 []


Overfull \hbox (14.95709pt too wide) in paragraph at lines 733--750
 [] 
 []

[805]
Overfull \vbox (16.3933pt too high) has occurred while \output is active []


[806]
Underfull \hbox (badness 1629) in paragraph at lines 811--811
\T1/cmr/m/n/10.95 Mills has mul-ti-ple Gri-bov
 []


Underfull \hbox (badness 1286) in paragraph at lines 811--812
\T1/cmr/m/n/10.95 Apply the Wit-ten de-for-ma-tion
 []


Underfull \hbox (badness 1796) in paragraph at lines 811--812
\OML/cmm/m/it/10.95 d \OMS/cmsy/m/n/10.95 ! \OML/cmm/m/it/10.95 e[]de[]$ \T1/cm
r/m/n/10.95 to the ex-te-rior
 []


Underfull \hbox (badness 2134) in paragraph at lines 813--814
\T1/cmr/m/n/10.95 ity on the infinite-dimensional
 []


Underfull \hbox (badness 2189) in paragraph at lines 813--814
\T1/cmr/m/n/10.95 dimension-independent con-stant
 []


Underfull \hbox (badness 1152) in paragraph at lines 815--815
[]|\T1/cmr/m/n/10.95 Wilson loops with cor-ners
 []


Underfull \hbox (badness 1270) in paragraph at lines 815--816
\T1/cmr/m/n/10.95 Derive the Renor-mal-ized Cusp
 []


Underfull \hbox (badness 10000) in paragraph at lines 817--818
[]|\T1/cmr/bx/n/10.95 Vafa-Witten Eigen-value
 []


Underfull \hbox (badness 10000) in paragraph at lines 817--818
\T1/cmr/m/n/10.95 Prove a prob-a-bilis-tic lower
 []


Underfull \hbox (badness 4595) in paragraph at lines 817--818
\T1/cmr/m/n/10.95 bound on the eigen-val-ues of
 []


Underfull \hbox (badness 10000) in paragraph at lines 817--818
\T1/cmr/m/n/10.95 the lat-tice Dirac op-er-a-tor:
 []


Underfull \hbox (badness 10000) in paragraph at lines 817--818
\T1/cmr/m/n/10.95 lo-cal (ex-po-nen-tially de-cay-ing
 []


Underfull \hbox (badness 1163) in paragraph at lines 819--819
[]|\T1/cmr/m/n/10.95 Kotecký-Preiss proves con-
 []


Underfull \hbox (badness 2799) in paragraph at lines 819--819
\T1/cmr/m/n/10.95 ver-gence ex-ists for "suf-fi-
 []


Underfull \hbox (badness 3375) in paragraph at lines 819--820
\T1/cmr/m/n/10.95 sion (Mayer se-ries) to de-rive
 []


Overfull \hbox (14.95708pt too wide) in alignment at lines 807--821
 [] [] [] 
 []

[807] [808]
Underfull \hbox (badness 1178) in paragraph at lines 880--880
\T1/cmr/m/n/10.95 bound-ing the com-mu-ta-tor.
 []


Underfull \hbox (badness 3449) in paragraph at lines 880--881
\T1/cmr/m/n/10.95 Use Lieb-Robinson bounds to
 []


Underfull \hbox (badness 2343) in paragraph at lines 880--881
\T1/cmr/m/n/10.95 ner's gen-er-a-tor) is quasi-local.
 []


Underfull \hbox (badness 1490) in paragraph at lines 882--882
\T1/cmr/m/n/10.95 log-a-rithm of the par-ti-tion
 []


Underfull \hbox (badness 2096) in paragraph at lines 882--883
\T1/cmr/m/n/10.95 Ursell func-tions as sums over
 []


Underfull \hbox (badness 1371) in paragraph at lines 884--884
\T1/cmr/m/n/10.95 the ef-fec-tive dif-fu-sion ma-
 []


Underfull \hbox (badness 2126) in paragraph at lines 884--884
\T1/cmr/m/n/10.95 trix must re-main pos-i-tive
 []


Underfull \hbox (badness 4391) in paragraph at lines 884--885
[]|\T1/cmr/bx/n/10.95 Quantitative Er-god-ic-ity of
 []


Underfull \hbox (badness 3219) in paragraph at lines 886--886
[]|\T1/cmr/bx/n/10.95 54. The Resur-gence
 []


Underfull \hbox (badness 3009) in paragraph at lines 886--887
\T1/cmr/m/n/10.95 re-sum-ma-tion of the per-tur-ba-
 []


Underfull \hbox (badness 1237) in paragraph at lines 886--887
\T1/cmr/m/n/10.95 tive se-ries is ex-actly can-celled
 []


Underfull \hbox (badness 1509) in paragraph at lines 886--887
\T1/cmr/m/n/10.95 by the imag-i-nary part of the
 []


Underfull \hbox (badness 3679) in paragraph at lines 888--888
[]|\T1/cmr/m/n/10.95 The lat-tice breaks trans-
 []


Underfull \hbox (badness 5260) in paragraph at lines 888--888
\T1/cmr/m/n/10.95 la-tion in-vari-ance, so the
 []


Underfull \hbox (badness 10000) in paragraph at lines 888--888
\T1/cmr/m/n/10.95 Energy-Momentum ten-
 []


Underfull \hbox (badness 1675) in paragraph at lines 888--888
\T1/cmr/m/n/10.95 sor $\OML/cmm/m/it/10.95 T[]$ \T1/cmr/m/n/10.95 is not con-se
rved.
 []


Underfull \hbox (badness 10000) in paragraph at lines 888--888
\T1/cmr/m/n/10.95 Restor-ing Poincaré sym-
 []


Underfull \hbox (badness 10000) in paragraph at lines 888--888
\T1/cmr/m/n/10.95 me-try re-quires prov-ing
 []


Overfull \hbox (14.95708pt too wide) in alignment at lines 876--890
 [] [] [] 
 []

[809]
ignored error: Infinite glue shrinkage found in box being split [810] [811])
(app_honest_assessment_final.tex [812] [813]

LaTeX Warning: Reference `thm:finite_volume_gap' on page 814 undefined on input
 line 89.


LaTeX Warning: Reference `thm:strong_coupling_convergence' on page 814 undefine
d on input line 90.


LaTeX Warning: Reference `thm:1.1' on page 814 undefined on input line 97.

) [814]
Appendix \GenericError {               }{LaTeX Error: Counter too large}{See th
e LaTeX manual or LaTeX Companion for explanation.}{You've lost some text.  Try
 typing  <return>  to proceed.\MessageBreak If that doesn't work, type  X <retu
rn>  to quit.}.

! LaTeX Error: Counter too large.

See the LaTeX manual or LaTeX Companion for explanation.
Type  H <return>  for immediate help.
 ...                                              
                                                  
l.454 ...pter{Rigorous Strengthening of Arguments}
                                                  
You've lost some text.  Try typing  <return>  to proceed.
If that doesn't work, type  X <return>  to quit.

(app168_rigorous_fortification.tex

! LaTeX Error: Counter too large.

See the LaTeX manual or LaTeX Companion for explanation.
Type  H <return>  for immediate help.
 ...                                              
                                                  
l.17 \end{equation}
                   
You've lost some text.  Try typing  <return>  to proceed.
If that doesn't work, type  X <return>  to quit.


! LaTeX Error: Counter too large.

See the LaTeX manual or LaTeX Companion for explanation.
Type  H <return>  for immediate help.
 ...                                              
                                                  
l.27 \end{equation}
                   
You've lost some text.  Try typing  <return>  to proceed.
If that doesn't work, type  X <return>  to quit.

[815

]

! LaTeX Error: Counter too large.

See the LaTeX manual or LaTeX Companion for explanation.
Type  H <return>  for immediate help.
 ...                                              
                                                  
l.46 \end{equation}
                   
You've lost some text.  Try typing  <return>  to proceed.
If that doesn't work, type  X <return>  to quit.


! LaTeX Error: Counter too large.

See the LaTeX manual or LaTeX Companion for explanation.
Type  H <return>  for immediate help.
 ...                                              
                                                  
l.56 \end{equation}
                   
You've lost some text.  Try typing  <return>  to proceed.
If that doesn't work, type  X <return>  to quit.


! LaTeX Error: Counter too large.

See the LaTeX manual or LaTeX Companion for explanation.
Type  H <return>  for immediate help.
 ...                                              
                                                  
l.75 \end{equation}
                   
You've lost some text.  Try typing  <return>  to proceed.
If that doesn't work, type  X <return>  to quit.

[816]

! LaTeX Error: Counter too large.

See the LaTeX manual or LaTeX Companion for explanation.
Type  H <return>  for immediate help.
 ...                                              
                                                  
l.98 \end{equation}
                   
You've lost some text.  Try typing  <return>  to proceed.
If that doesn't work, type  X <return>  to quit.


! LaTeX Error: Counter too large.

See the LaTeX manual or LaTeX Companion for explanation.
Type  H <return>  for immediate help.
 ...                                              
                                                  
l.107 \end{equation}
                    
You've lost some text.  Try typing  <return>  to proceed.
If that doesn't work, type  X <return>  to quit.


! LaTeX Error: Counter too large.

See the LaTeX manual or LaTeX Companion for explanation.
Type  H <return>  for immediate help.
 ...                                              
                                                  
l.111 \end{equation}
                    
You've lost some text.  Try typing  <return>  to proceed.
If that doesn't work, type  X <return>  to quit.

) (app169_final_fortification.tex

! LaTeX Error: Counter too large.

See the LaTeX manual or LaTeX Companion for explanation.
Type  H <return>  for immediate help.
 ...                                              
                                                  
l.17 \end{equation}
                   
You've lost some text.  Try typing  <return>  to proceed.
If that doesn't work, type  X <return>  to quit.

[817]

! LaTeX Error: Counter too large.

See the LaTeX manual or LaTeX Companion for explanation.
Type  H <return>  for immediate help.
 ...                                              
                                                  
l.28 \end{equation}
                   
You've lost some text.  Try typing  <return>  to proceed.
If that doesn't work, type  X <return>  to quit.


! LaTeX Error: Counter too large.

See the LaTeX manual or LaTeX Companion for explanation.
Type  H <return>  for immediate help.
 ...                                              
                                                  
l.49 \end{equation}
                   
You've lost some text.  Try typing  <return>  to proceed.
If that doesn't work, type  X <return>  to quit.


! LaTeX Error: Counter too large.

See the LaTeX manual or LaTeX Companion for explanation.
Type  H <return>  for immediate help.
 ...                                              
                                                  
l.68 \end{equation}
                   
You've lost some text.  Try typing  <return>  to proceed.
If that doesn't work, type  X <return>  to quit.

[818]

! LaTeX Error: Counter too large.

See the LaTeX manual or LaTeX Companion for explanation.
Type  H <return>  for immediate help.
 ...                                              
                                                  
l.96 \end{equation}
                   
You've lost some text.  Try typing  <return>  to proceed.
If that doesn't work, type  X <return>  to quit.

) (app170_final_deep_structure.tex

! LaTeX Error: Counter too large.

See the LaTeX manual or LaTeX Companion for explanation.
Type  H <return>  for immediate help.
 ...                                              
                                                  
l.21 \end{equation}
                   
You've lost some text.  Try typing  <return>  to proceed.
If that doesn't work, type  X <return>  to quit.

[819]

! LaTeX Error: Counter too large.

See the LaTeX manual or LaTeX Companion for explanation.
Type  H <return>  for immediate help.
 ...                                              
                                                  
l.48 \end{equation}
                   
You've lost some text.  Try typing  <return>  to proceed.
If that doesn't work, type  X <return>  to quit.

[820]
Overfull \hbox (20.34694pt too wide) in paragraph at lines 68--69
[][]\T1/cmr/bx/it/10.95 Compactness: \T1/cmr/m/it/10.95 The gauge group $\OML/c
mm/m/it/10.95 SU\OT1/cmr/m/n/10.95 (\OML/cmm/m/it/10.95 N\OT1/cmr/m/n/10.95 )$
 []


! LaTeX Error: Counter too large.

See the LaTeX manual or LaTeX Companion for explanation.
Type  H <return>  for immediate help.
 ...                                              
                                                  
l.90 \end{equation}
                   
You've lost some text.  Try typing  <return>  to proceed.
If that doesn't work, type  X <return>  to quit.

) (app171_final_keystones.tex [821]

LaTeX Warning: Reference `sec:transfer' on page 822 undefined on input line 17.



! LaTeX Error: Counter too large.

See the LaTeX manual or LaTeX Companion for explanation.
Type  H <return>  for immediate help.
 ...                                              
                                                  
l.20 \end{equation}
                   
You've lost some text.  Try typing  <return>  to proceed.
If that doesn't work, type  X <return>  to quit.


! LaTeX Error: Counter too large.

See the LaTeX manual or LaTeX Companion for explanation.
Type  H <return>  for immediate help.
 ...                                              
                                                  
l.27 \end{equation}
                   
You've lost some text.  Try typing  <return>  to proceed.
If that doesn't work, type  X <return>  to quit.


! LaTeX Error: Counter too large.

See the LaTeX manual or LaTeX Companion for explanation.
Type  H <return>  for immediate help.
 ...                                              
                                                  
l.46 \end{equation}
                   
You've lost some text.  Try typing  <return>  to proceed.
If that doesn't work, type  X <return>  to quit.

[822]

! LaTeX Error: Counter too large.

See the LaTeX manual or LaTeX Companion for explanation.
Type  H <return>  for immediate help.
 ...                                              
                                                  
l.69 \end{equation}
                   
You've lost some text.  Try typing  <return>  to proceed.
If that doesn't work, type  X <return>  to quit.


! LaTeX Error: Counter too large.

See the LaTeX manual or LaTeX Companion for explanation.
Type  H <return>  for immediate help.
 ...                                              
                                                  
l.73 \end{equation}
                   
You've lost some text.  Try typing  <return>  to proceed.
If that doesn't work, type  X <return>  to quit.

[823]

! LaTeX Error: Counter too large.

See the LaTeX manual or LaTeX Companion for explanation.
Type  H <return>  for immediate help.
 ...                                              
                                                  
l.91 \end{equation}
                   
You've lost some text.  Try typing  <return>  to proceed.
If that doesn't work, type  X <return>  to quit.


! LaTeX Error: Counter too large.

See the LaTeX manual or LaTeX Companion for explanation.
Type  H <return>  for immediate help.
 ...                                              
                                                  
l.99 \end{equation}
                   
You've lost some text.  Try typing  <return>  to proceed.
If that doesn't work, type  X <return>  to quit.

) (app172_final_keystones_part2.tex

! LaTeX Error: Counter too large.

See the LaTeX manual or LaTeX Companion for explanation.
Type  H <return>  for immediate help.
 ...                                              
                                                  
l.24 \end{equation}
                   
You've lost some text.  Try typing  <return>  to proceed.
If that doesn't work, type  X <return>  to quit.

[824]

! LaTeX Error: Counter too large.

See the LaTeX manual or LaTeX Companion for explanation.
Type  H <return>  for immediate help.
 ...                                              
                                                  
l.61 \end{equation}
                   
You've lost some text.  Try typing  <return>  to proceed.
If that doesn't work, type  X <return>  to quit.

[825]

! LaTeX Error: Counter too large.

See the LaTeX manual or LaTeX Companion for explanation.
Type  H <return>  for immediate help.
 ...                                              
                                                  
l.81 \end{equation}
                   
You've lost some text.  Try typing  <return>  to proceed.
If that doesn't work, type  X <return>  to quit.

) (app173_critical_corrections.tex

! LaTeX Error: Counter too large.

See the LaTeX manual or LaTeX Companion for explanation.
Type  H <return>  for immediate help.
 ...                                              
                                                  
l.15 \end{equation}
                   
You've lost some text.  Try typing  <return>  to proceed.
If that doesn't work, type  X <return>  to quit.


! LaTeX Error: Counter too large.

See the LaTeX manual or LaTeX Companion for explanation.
Type  H <return>  for immediate help.
 ...                                              
                                                  
l.24 \end{equation}
                   
You've lost some text.  Try typing  <return>  to proceed.
If that doesn't work, type  X <return>  to quit.


! LaTeX Error: Counter too large.

See the LaTeX manual or LaTeX Companion for explanation.
Type  H <return>  for immediate help.
 ...                                              
                                                  
l.31 \end{equation}
                   
You've lost some text.  Try typing  <return>  to proceed.
If that doesn't work, type  X <return>  to quit.


! LaTeX Error: Counter too large.

See the LaTeX manual or LaTeX Companion for explanation.
Type  H <return>  for immediate help.
 ...                                              
                                                  
l.35 \end{equation}
                   
You've lost some text.  Try typing  <return>  to proceed.
If that doesn't work, type  X <return>  to quit.

[826]

! LaTeX Error: Counter too large.

See the LaTeX manual or LaTeX Companion for explanation.
Type  H <return>  for immediate help.
 ...                                              
                                                  
l.68 \end{equation}
                   
You've lost some text.  Try typing  <return>  to proceed.
If that doesn't work, type  X <return>  to quit.


! LaTeX Error: Counter too large.

See the LaTeX manual or LaTeX Companion for explanation.
Type  H <return>  for immediate help.
 ...                                              
                                                  
l.77 \end{equation}
                   
You've lost some text.  Try typing  <return>  to proceed.
If that doesn't work, type  X <return>  to quit.


! LaTeX Error: Counter too large.

See the LaTeX manual or LaTeX Companion for explanation.
Type  H <return>  for immediate help.
 ...                                              
                                                  
l.81 \end{equation}
                   
You've lost some text.  Try typing  <return>  to proceed.
If that doesn't work, type  X <return>  to quit.

[827]

! LaTeX Error: Counter too large.

See the LaTeX manual or LaTeX Companion for explanation.
Type  H <return>  for immediate help.
 ...                                              
                                                  
l.86 \end{equation}
                   
You've lost some text.  Try typing  <return>  to proceed.
If that doesn't work, type  X <return>  to quit.


! LaTeX Error: Counter too large.

See the LaTeX manual or LaTeX Companion for explanation.
Type  H <return>  for immediate help.
 ...                                              
                                                  
l.100 \end{equation}
                    
You've lost some text.  Try typing  <return>  to proceed.
If that doesn't work, type  X <return>  to quit.


! LaTeX Error: Counter too large.

See the LaTeX manual or LaTeX Companion for explanation.
Type  H <return>  for immediate help.
 ...                                              
                                                  
l.108 \end{equation}
                    
You've lost some text.  Try typing  <return>  to proceed.
If that doesn't work, type  X <return>  to quit.


! LaTeX Error: Counter too large.

See the LaTeX manual or LaTeX Companion for explanation.
Type  H <return>  for immediate help.
 ...                                              
                                                  
l.113 \end{equation}
                    
You've lost some text.  Try typing  <return>  to proceed.
If that doesn't work, type  X <return>  to quit.

) (app175_comprehensive_fixes.tex [828]

! LaTeX Error: Counter too large.

See the LaTeX manual or LaTeX Companion for explanation.
Type  H <return>  for immediate help.
 ...                                              
                                                  
l.17 \end{equation}
                   
You've lost some text.  Try typing  <return>  to proceed.
If that doesn't work, type  X <return>  to quit.


! LaTeX Error: Counter too large.

See the LaTeX manual or LaTeX Companion for explanation.
Type  H <return>  for immediate help.
 ...                                              
                                                  
l.25 \end{equation}
                   
You've lost some text.  Try typing  <return>  to proceed.
If that doesn't work, type  X <return>  to quit.


! LaTeX Error: Counter too large.

See the LaTeX manual or LaTeX Companion for explanation.
Type  H <return>  for immediate help.
 ...                                              
                                                  
l.33 \end{equation}
                   
You've lost some text.  Try typing  <return>  to proceed.
If that doesn't work, type  X <return>  to quit.


! LaTeX Error: Counter too large.

See the LaTeX manual or LaTeX Companion for explanation.
Type  H <return>  for immediate help.
 ...                                              
                                                  
l.37 \end{equation}
                   
You've lost some text.  Try typing  <return>  to proceed.
If that doesn't work, type  X <return>  to quit.


Package hyperref Warning: Token not allowed in a PDF string (Unicode):
(hyperref)                removing `math shift' on input line 41.


Package hyperref Warning: Token not allowed in a PDF string (Unicode):
(hyperref)                removing `subscript' on input line 41.


Package hyperref Warning: Token not allowed in a PDF string (Unicode):
(hyperref)                removing `math shift' on input line 41.


! LaTeX Error: Counter too large.

See the LaTeX manual or LaTeX Companion for explanation.
Type  H <return>  for immediate help.
 ...                                              
                                                  
l.52 \end{equation}
                   
You've lost some text.  Try typing  <return>  to proceed.
If that doesn't work, type  X <return>  to quit.


! LaTeX Error: Counter too large.

See the LaTeX manual or LaTeX Companion for explanation.
Type  H <return>  for immediate help.
 ...                                              
                                                  
l.56 \end{equation}
                   
You've lost some text.  Try typing  <return>  to proceed.
If that doesn't work, type  X <return>  to quit.


! LaTeX Error: Counter too large.

See the LaTeX manual or LaTeX Companion for explanation.
Type  H <return>  for immediate help.
 ...                                              
                                                  
l.60 \end{equation}
                   
You've lost some text.  Try typing  <return>  to proceed.
If that doesn't work, type  X <return>  to quit.

[829]

! LaTeX Error: Counter too large.

See the LaTeX manual or LaTeX Companion for explanation.
Type  H <return>  for immediate help.
 ...                                              
                                                  
l.78 \end{equation}
                   
You've lost some text.  Try typing  <return>  to proceed.
If that doesn't work, type  X <return>  to quit.


! LaTeX Error: Counter too large.

See the LaTeX manual or LaTeX Companion for explanation.
Type  H <return>  for immediate help.
 ...                                              
                                                  
l.99 \end{equation}
                   
You've lost some text.  Try typing  <return>  to proceed.
If that doesn't work, type  X <return>  to quit.


! LaTeX Error: Counter too large.

See the LaTeX manual or LaTeX Companion for explanation.
Type  H <return>  for immediate help.
 ...                                              
                                                  
l.119 \end{equation}
                    
You've lost some text.  Try typing  <return>  to proceed.
If that doesn't work, type  X <return>  to quit.

[830]

! LaTeX Error: Counter too large.

See the LaTeX manual or LaTeX Companion for explanation.
Type  H <return>  for immediate help.
 ...                                              
                                                  
l.137 \end{equation}
                    
You've lost some text.  Try typing  <return>  to proceed.
If that doesn't work, type  X <return>  to quit.


! LaTeX Error: Counter too large.

See the LaTeX manual or LaTeX Companion for explanation.
Type  H <return>  for immediate help.
 ...                                              
                                                  
l.144 \end{equation}
                    
You've lost some text.  Try typing  <return>  to proceed.
If that doesn't work, type  X <return>  to quit.


! LaTeX Error: Counter too large.

See the LaTeX manual or LaTeX Companion for explanation.
Type  H <return>  for immediate help.
 ...                                              
                                                  
l.157 \end{equation}
                    
You've lost some text.  Try typing  <return>  to proceed.
If that doesn't work, type  X <return>  to quit.


Overfull \hbox (37.19034pt too wide) in paragraph at lines 172--173
[][]\T1/cmr/bx/n/10.95 Theorem R.7.9 \T1/cmr/m/n/10.95 (Com-put-er-As-sisted Ga
p Ver-i-fi-ca-tion)\T1/cmr/bx/n/10.95 . []\T1/cmr/m/it/10.95 For the in-ter-me-
di-ate re-gion $\OML/cmm/m/it/10.95 ^^L \OMS/cmsy/m/n/10.95 2 \OT1/cmr/m/n/10.9
5 [\OML/cmm/m/it/10.95 ^^L[]; ^^L[]\OT1/cmr/m/n/10.95 ]$\T1/cmr/m/it/10.95 ,
 []


! LaTeX Error: Counter too large.

See the LaTeX manual or LaTeX Companion for explanation.
Type  H <return>  for immediate help.
 ...                                              
                                                  
l.192 \end{equation}
                    
You've lost some text.  Try typing  <return>  to proceed.
If that doesn't work, type  X <return>  to quit.

[831]

! LaTeX Error: Counter too large.

See the LaTeX manual or LaTeX Companion for explanation.
Type  H <return>  for immediate help.
 ...                                              
                                                  
l.200 \end{equation}
                    
You've lost some text.  Try typing  <return>  to proceed.
If that doesn't work, type  X <return>  to quit.


! LaTeX Error: Counter too large.

See the LaTeX manual or LaTeX Companion for explanation.
Type  H <return>  for immediate help.
 ...                                              
                                                  
l.213 \end{equation}
                    
You've lost some text.  Try typing  <return>  to proceed.
If that doesn't work, type  X <return>  to quit.


! LaTeX Error: Counter too large.

See the LaTeX manual or LaTeX Companion for explanation.
Type  H <return>  for immediate help.
 ...                                              
                                                  
l.217 \end{equation}
                    
You've lost some text.  Try typing  <return>  to proceed.
If that doesn't work, type  X <return>  to quit.


! LaTeX Error: Counter too large.

See the LaTeX manual or LaTeX Companion for explanation.
Type  H <return>  for immediate help.
 ...                                              
                                                  
l.233 \end{equation}
                    
You've lost some text.  Try typing  <return>  to proceed.
If that doesn't work, type  X <return>  to quit.


! LaTeX Error: Counter too large.

See the LaTeX manual or LaTeX Companion for explanation.
Type  H <return>  for immediate help.
 ...                                              
                                                  
l.250 \end{equation}
                    
You've lost some text.  Try typing  <return>  to proceed.
If that doesn't work, type  X <return>  to quit.

[832]) [833]
Appendix \GenericError {               }{LaTeX Error: Counter too large}{See th
e LaTeX manual or LaTeX Companion for explanation.}{You've lost some text.  Try
 typing  <return>  to proceed.\MessageBreak If that doesn't work, type  X <retu
rn>  to quit.}.

! LaTeX Error: Counter too large.

See the LaTeX manual or LaTeX Companion for explanation.
Type  H <return>  for immediate help.
 ...                                              
                                                  
l.468 \chapter{Advanced Mathematical Derivations}
                                                 
You've lost some text.  Try typing  <return>  to proceed.
If that doesn't work, type  X <return>  to quit.

(app180_advanced_derivations.tex

! LaTeX Error: Counter too large.

See the LaTeX manual or LaTeX Companion for explanation.
Type  H <return>  for immediate help.
 ...                                              
                                                  
l.13 \end{equation}
                   
You've lost some text.  Try typing  <return>  to proceed.
If that doesn't work, type  X <return>  to quit.


! LaTeX Error: Counter too large.

See the LaTeX manual or LaTeX Companion for explanation.
Type  H <return>  for immediate help.
 ...                                              
                                                  
l.19 \end{equation}
                   
You've lost some text.  Try typing  <return>  to proceed.
If that doesn't work, type  X <return>  to quit.

[834

]

! LaTeX Error: Counter too large.

See the LaTeX manual or LaTeX Companion for explanation.
Type  H <return>  for immediate help.
 ...                                              
                                                  
l.41 \end{equation}
                   
You've lost some text.  Try typing  <return>  to proceed.
If that doesn't work, type  X <return>  to quit.


! LaTeX Error: Counter too large.

See the LaTeX manual or LaTeX Companion for explanation.
Type  H <return>  for immediate help.
 ...                                              
                                                  
l.47 \end{equation}
                   
You've lost some text.  Try typing  <return>  to proceed.
If that doesn't work, type  X <return>  to quit.


! LaTeX Error: Counter too large.

See the LaTeX manual or LaTeX Companion for explanation.
Type  H <return>  for immediate help.
 ...                                              
                                                  
l.58 \end{equation}
                   
You've lost some text.  Try typing  <return>  to proceed.
If that doesn't work, type  X <return>  to quit.


! LaTeX Error: Counter too large.

See the LaTeX manual or LaTeX Companion for explanation.
Type  H <return>  for immediate help.
 ...                                              
                                                  
l.72 \end{equation}
                   
You've lost some text.  Try typing  <return>  to proceed.
If that doesn't work, type  X <return>  to quit.


! LaTeX Error: Counter too large.

See the LaTeX manual or LaTeX Companion for explanation.
Type  H <return>  for immediate help.
 ...                                              
                                                  
l.77 \end{equation}
                   
You've lost some text.  Try typing  <return>  to proceed.
If that doesn't work, type  X <return>  to quit.


! LaTeX Error: Counter too large.

See the LaTeX manual or LaTeX Companion for explanation.
Type  H <return>  for immediate help.
 ...                                              
                                                  
l.88 \end{equation}
                   
You've lost some text.  Try typing  <return>  to proceed.
If that doesn't work, type  X <return>  to quit.


! LaTeX Error: Counter too large.

See the LaTeX manual or LaTeX Companion for explanation.
Type  H <return>  for immediate help.
 ...                                              
                                                  
l.92 \end{equation}
                   
You've lost some text.  Try typing  <return>  to proceed.
If that doesn't work, type  X <return>  to quit.

[835]

! LaTeX Error: Counter too large.

See the LaTeX manual or LaTeX Companion for explanation.
Type  H <return>  for immediate help.
 ...                                              
                                                  
l.112 \end{equation}
                    
You've lost some text.  Try typing  <return>  to proceed.
If that doesn't work, type  X <return>  to quit.


! LaTeX Error: Counter too large.

See the LaTeX manual or LaTeX Companion for explanation.
Type  H <return>  for immediate help.
 ...                                              
                                                  
l.123 \end{equation}
                    
You've lost some text.  Try typing  <return>  to proceed.
If that doesn't work, type  X <return>  to quit.


! LaTeX Error: Counter too large.

See the LaTeX manual or LaTeX Companion for explanation.
Type  H <return>  for immediate help.
 ...                                              
                                                  
l.135 \end{equation}
                    
You've lost some text.  Try typing  <return>  to proceed.
If that doesn't work, type  X <return>  to quit.


! LaTeX Error: Counter too large.

See the LaTeX manual or LaTeX Companion for explanation.
Type  H <return>  for immediate help.
 ...                                              
                                                  
l.146 \end{equation}
                    
You've lost some text.  Try typing  <return>  to proceed.
If that doesn't work, type  X <return>  to quit.

[836]

! LaTeX Error: Counter too large.

See the LaTeX manual or LaTeX Companion for explanation.
Type  H <return>  for immediate help.
 ...                                              
                                                  
l.157 \end{equation}
                    
You've lost some text.  Try typing  <return>  to proceed.
If that doesn't work, type  X <return>  to quit.


! LaTeX Error: Counter too large.

See the LaTeX manual or LaTeX Companion for explanation.
Type  H <return>  for immediate help.
 ...                                              
                                                  
l.168 \end{equation}
                    
You've lost some text.  Try typing  <return>  to proceed.
If that doesn't work, type  X <return>  to quit.


! LaTeX Error: Counter too large.

See the LaTeX manual or LaTeX Companion for explanation.
Type  H <return>  for immediate help.
 ...                                              
                                                  
l.179 \end{equation}
                    
You've lost some text.  Try typing  <return>  to proceed.
If that doesn't work, type  X <return>  to quit.


! LaTeX Error: Counter too large.

See the LaTeX manual or LaTeX Companion for explanation.
Type  H <return>  for immediate help.
 ...                                              
                                                  
l.183 \end{equation}
                    
You've lost some text.  Try typing  <return>  to proceed.
If that doesn't work, type  X <return>  to quit.


! LaTeX Error: Counter too large.

See the LaTeX manual or LaTeX Companion for explanation.
Type  H <return>  for immediate help.
 ...                                              
                                                  
l.194 \end{equation}
                    
You've lost some text.  Try typing  <return>  to proceed.
If that doesn't work, type  X <return>  to quit.


! LaTeX Error: Counter too large.

See the LaTeX manual or LaTeX Companion for explanation.
Type  H <return>  for immediate help.
 ...                                              
                                                  
l.205 \end{equation}
                    
You've lost some text.  Try typing  <return>  to proceed.
If that doesn't work, type  X <return>  to quit.

[837]

! LaTeX Error: Counter too large.

See the LaTeX manual or LaTeX Companion for explanation.
Type  H <return>  for immediate help.
 ...                                              
                                                  
l.216 \end{equation}
                    
You've lost some text.  Try typing  <return>  to proceed.
If that doesn't work, type  X <return>  to quit.


! LaTeX Error: Counter too large.

See the LaTeX manual or LaTeX Companion for explanation.
Type  H <return>  for immediate help.
 ...                                              
                                                  
l.228 \end{equation}
                    
You've lost some text.  Try typing  <return>  to proceed.
If that doesn't work, type  X <return>  to quit.


! LaTeX Error: Counter too large.

See the LaTeX manual or LaTeX Companion for explanation.
Type  H <return>  for immediate help.
 ...                                              
                                                  
l.249 \end{equation}
                    
You've lost some text.  Try typing  <return>  to proceed.
If that doesn't work, type  X <return>  to quit.

[838]

! LaTeX Error: Counter too large.

See the LaTeX manual or LaTeX Companion for explanation.
Type  H <return>  for immediate help.
 ...                                              
                                                  
l.261 \end{equation}
                    
You've lost some text.  Try typing  <return>  to proceed.
If that doesn't work, type  X <return>  to quit.


! LaTeX Error: Counter too large.

See the LaTeX manual or LaTeX Companion for explanation.
Type  H <return>  for immediate help.
 ...                                              
                                                  
l.272 \end{equation}
                    
You've lost some text.  Try typing  <return>  to proceed.
If that doesn't work, type  X <return>  to quit.


! LaTeX Error: Counter too large.

See the LaTeX manual or LaTeX Companion for explanation.
Type  H <return>  for immediate help.
 ...                                              
                                                  
l.283 \end{equation}
                    
You've lost some text.  Try typing  <return>  to proceed.
If that doesn't work, type  X <return>  to quit.


! LaTeX Error: Counter too large.

See the LaTeX manual or LaTeX Companion for explanation.
Type  H <return>  for immediate help.
 ...                                              
                                                  
l.294 \end{equation}
                    
You've lost some text.  Try typing  <return>  to proceed.
If that doesn't work, type  X <return>  to quit.

[839]

! LaTeX Error: Counter too large.

See the LaTeX manual or LaTeX Companion for explanation.
Type  H <return>  for immediate help.
 ...                                              
                                                  
l.313 \end{equation}
                    
You've lost some text.  Try typing  <return>  to proceed.
If that doesn't work, type  X <return>  to quit.


! LaTeX Error: Counter too large.

See the LaTeX manual or LaTeX Companion for explanation.
Type  H <return>  for immediate help.
 ...                                              
                                                  
l.324 \end{equation}
                    
You've lost some text.  Try typing  <return>  to proceed.
If that doesn't work, type  X <return>  to quit.


! LaTeX Error: Counter too large.

See the LaTeX manual or LaTeX Companion for explanation.
Type  H <return>  for immediate help.
 ...                                              
                                                  
l.343 \end{equation}
                    
You've lost some text.  Try typing  <return>  to proceed.
If that doesn't work, type  X <return>  to quit.


! LaTeX Error: Counter too large.

See the LaTeX manual or LaTeX Companion for explanation.
Type  H <return>  for immediate help.
 ...                                              
                                                  
l.354 \end{equation}
                    
You've lost some text.  Try typing  <return>  to proceed.
If that doesn't work, type  X <return>  to quit.

[840]

! LaTeX Error: Counter too large.

See the LaTeX manual or LaTeX Companion for explanation.
Type  H <return>  for immediate help.
 ...                                              
                                                  
l.365 \end{equation}
                    
You've lost some text.  Try typing  <return>  to proceed.
If that doesn't work, type  X <return>  to quit.


! LaTeX Error: Counter too large.

See the LaTeX manual or LaTeX Companion for explanation.
Type  H <return>  for immediate help.
 ...                                              
                                                  
l.376 \end{equation}
                    
You've lost some text.  Try typing  <return>  to proceed.
If that doesn't work, type  X <return>  to quit.


! LaTeX Error: Counter too large.

See the LaTeX manual or LaTeX Companion for explanation.
Type  H <return>  for immediate help.
 ...                                              
                                                  
l.387 \end{equation}
                    
You've lost some text.  Try typing  <return>  to proceed.
If that doesn't work, type  X <return>  to quit.


! LaTeX Error: Counter too large.

See the LaTeX manual or LaTeX Companion for explanation.
Type  H <return>  for immediate help.
 ...                                              
                                                  
l.398 \end{equation}
                    
You've lost some text.  Try typing  <return>  to proceed.
If that doesn't work, type  X <return>  to quit.

[841]

! LaTeX Error: Counter too large.

See the LaTeX manual or LaTeX Companion for explanation.
Type  H <return>  for immediate help.
 ...                                              
                                                  
l.409 \end{equation}
                    
You've lost some text.  Try typing  <return>  to proceed.
If that doesn't work, type  X <return>  to quit.


! LaTeX Error: Counter too large.

See the LaTeX manual or LaTeX Companion for explanation.
Type  H <return>  for immediate help.
 ...                                              
                                                  
l.420 \end{equation}
                    
You've lost some text.  Try typing  <return>  to proceed.
If that doesn't work, type  X <return>  to quit.


! LaTeX Error: Counter too large.

See the LaTeX manual or LaTeX Companion for explanation.
Type  H <return>  for immediate help.
 ...                                              
                                                  
l.446 \end{equation}
                    
You've lost some text.  Try typing  <return>  to proceed.
If that doesn't work, type  X <return>  to quit.


! LaTeX Error: Counter too large.

See the LaTeX manual or LaTeX Companion for explanation.
Type  H <return>  for immediate help.
 ...                                              
                                                  
l.457 \end{equation}
                    
You've lost some text.  Try typing  <return>  to proceed.
If that doesn't work, type  X <return>  to quit.

[842]

! LaTeX Error: Counter too large.

See the LaTeX manual or LaTeX Companion for explanation.
Type  H <return>  for immediate help.
 ...                                              
                                                  
l.468 \end{equation}
                    
You've lost some text.  Try typing  <return>  to proceed.
If that doesn't work, type  X <return>  to quit.


! LaTeX Error: Counter too large.

See the LaTeX manual or LaTeX Companion for explanation.
Type  H <return>  for immediate help.
 ...                                              
                                                  
l.482 \end{equation}
                    
You've lost some text.  Try typing  <return>  to proceed.
If that doesn't work, type  X <return>  to quit.


! LaTeX Error: Counter too large.

See the LaTeX manual or LaTeX Companion for explanation.
Type  H <return>  for immediate help.
 ...                                              
                                                  
l.493 \end{equation}
                    
You've lost some text.  Try typing  <return>  to proceed.
If that doesn't work, type  X <return>  to quit.


! LaTeX Error: Counter too large.

See the LaTeX manual or LaTeX Companion for explanation.
Type  H <return>  for immediate help.
 ...                                              
                                                  
l.504 \end{equation}
                    
You've lost some text.  Try typing  <return>  to proceed.
If that doesn't work, type  X <return>  to quit.


! LaTeX Error: Counter too large.

See the LaTeX manual or LaTeX Companion for explanation.
Type  H <return>  for immediate help.
 ...                                              
                                                  
l.515 \end{equation}
                    
You've lost some text.  Try typing  <return>  to proceed.
If that doesn't work, type  X <return>  to quit.

[843]

! LaTeX Error: Counter too large.

See the LaTeX manual or LaTeX Companion for explanation.
Type  H <return>  for immediate help.
 ...                                              
                                                  
l.527 \end{equation}
                    
You've lost some text.  Try typing  <return>  to proceed.
If that doesn't work, type  X <return>  to quit.


! LaTeX Error: Counter too large.

See the LaTeX manual or LaTeX Companion for explanation.
Type  H <return>  for immediate help.
 ...                                              
                                                  
l.538 \end{equation}
                    
You've lost some text.  Try typing  <return>  to proceed.
If that doesn't work, type  X <return>  to quit.


! LaTeX Error: Counter too large.

See the LaTeX manual or LaTeX Companion for explanation.
Type  H <return>  for immediate help.
 ...                                              
                                                  
l.549 \end{equation}
                    
You've lost some text.  Try typing  <return>  to proceed.
If that doesn't work, type  X <return>  to quit.


! LaTeX Error: Counter too large.

See the LaTeX manual or LaTeX Companion for explanation.
Type  H <return>  for immediate help.
 ...                                              
                                                  
l.568 \end{equation}
                    
You've lost some text.  Try typing  <return>  to proceed.
If that doesn't work, type  X <return>  to quit.

[844]

! LaTeX Error: Counter too large.

See the LaTeX manual or LaTeX Companion for explanation.
Type  H <return>  for immediate help.
 ...                                              
                                                  
l.580 \end{equation}
                    
You've lost some text.  Try typing  <return>  to proceed.
If that doesn't work, type  X <return>  to quit.


! LaTeX Error: Counter too large.

See the LaTeX manual or LaTeX Companion for explanation.
Type  H <return>  for immediate help.
 ...                                              
                                                  
l.591 \end{equation}
                    
You've lost some text.  Try typing  <return>  to proceed.
If that doesn't work, type  X <return>  to quit.


! LaTeX Error: Counter too large.

See the LaTeX manual or LaTeX Companion for explanation.
Type  H <return>  for immediate help.
 ...                                              
                                                  
l.602 \end{equation}
                    
You've lost some text.  Try typing  <return>  to proceed.
If that doesn't work, type  X <return>  to quit.


! LaTeX Error: Counter too large.

See the LaTeX manual or LaTeX Companion for explanation.
Type  H <return>  for immediate help.
 ...                                              
                                                  
l.613 \end{equation}
                    
You've lost some text.  Try typing  <return>  to proceed.
If that doesn't work, type  X <return>  to quit.


! LaTeX Error: Counter too large.

See the LaTeX manual or LaTeX Companion for explanation.
Type  H <return>  for immediate help.
 ...                                              
                                                  
l.624 \end{equation}
                    
You've lost some text.  Try typing  <return>  to proceed.
If that doesn't work, type  X <return>  to quit.

[845]

! LaTeX Error: Counter too large.

See the LaTeX manual or LaTeX Companion for explanation.
Type  H <return>  for immediate help.
 ...                                              
                                                  
l.635 \end{equation}
                    
You've lost some text.  Try typing  <return>  to proceed.
If that doesn't work, type  X <return>  to quit.

) (app181_diamond_standard_derivations.tex

! LaTeX Error: Counter too large.

See the LaTeX manual or LaTeX Companion for explanation.
Type  H <return>  for immediate help.
 ...                                              
                                                  
l.16     \end{equation}
                       
You've lost some text.  Try typing  <return>  to proceed.
If that doesn't work, type  X <return>  to quit.

[846]

! LaTeX Error: Counter too large.

See the LaTeX manual or LaTeX Companion for explanation.
Type  H <return>  for immediate help.
 ...                                              
                                                  
l.31     \end{equation}
                       
You've lost some text.  Try typing  <return>  to proceed.
If that doesn't work, type  X <return>  to quit.


! LaTeX Error: Counter too large.

See the LaTeX manual or LaTeX Companion for explanation.
Type  H <return>  for immediate help.
 ...                                              
                                                  
l.47     \end{equation}
                       
You've lost some text.  Try typing  <return>  to proceed.
If that doesn't work, type  X <return>  to quit.


! LaTeX Error: Counter too large.

See the LaTeX manual or LaTeX Companion for explanation.
Type  H <return>  for immediate help.
 ...                                              
                                                  
l.63     \end{equation}
                       
You've lost some text.  Try typing  <return>  to proceed.
If that doesn't work, type  X <return>  to quit.


! LaTeX Error: Counter too large.

See the LaTeX manual or LaTeX Companion for explanation.
Type  H <return>  for immediate help.
 ...                                              
                                                  
l.78 \end{equation}
                   
You've lost some text.  Try typing  <return>  to proceed.
If that doesn't work, type  X <return>  to quit.


! LaTeX Error: Counter too large.

See the LaTeX manual or LaTeX Companion for explanation.
Type  H <return>  for immediate help.
 ...                                              
                                                  
l.86 \end{equation}
                   
You've lost some text.  Try typing  <return>  to proceed.
If that doesn't work, type  X <return>  to quit.

[847]

! LaTeX Error: Counter too large.

See the LaTeX manual or LaTeX Companion for explanation.
Type  H <return>  for immediate help.
 ...                                              
                                                  
l.94 \end{equation}
                   
You've lost some text.  Try typing  <return>  to proceed.
If that doesn't work, type  X <return>  to quit.


! LaTeX Error: Counter too large.

See the LaTeX manual or LaTeX Companion for explanation.
Type  H <return>  for immediate help.
 ...                                              
                                                  
l.104     \end{equation}
                        
You've lost some text.  Try typing  <return>  to proceed.
If that doesn't work, type  X <return>  to quit.


! LaTeX Error: Counter too large.

See the LaTeX manual or LaTeX Companion for explanation.
Type  H <return>  for immediate help.
 ...                                              
                                                  
l.115 \end{equation}
                    
You've lost some text.  Try typing  <return>  to proceed.
If that doesn't work, type  X <return>  to quit.


! LaTeX Error: Counter too large.

See the LaTeX manual or LaTeX Companion for explanation.
Type  H <return>  for immediate help.
 ...                                              
                                                  
l.125     \end{equation}
                        
You've lost some text.  Try typing  <return>  to proceed.
If that doesn't work, type  X <return>  to quit.


! LaTeX Error: Counter too large.

See the LaTeX manual or LaTeX Companion for explanation.
Type  H <return>  for immediate help.
 ...                                              
                                                  
l.134 \end{equation}
                    
You've lost some text.  Try typing  <return>  to proceed.
If that doesn't work, type  X <return>  to quit.

[848]

! LaTeX Error: Counter too large.

See the LaTeX manual or LaTeX Companion for explanation.
Type  H <return>  for immediate help.
 ...                                              
                                                  
l.142 \end{equation}
                    
You've lost some text.  Try typing  <return>  to proceed.
If that doesn't work, type  X <return>  to quit.


! LaTeX Error: Counter too large.

See the LaTeX manual or LaTeX Companion for explanation.
Type  H <return>  for immediate help.
 ...                                              
                                                  
l.152 \end{equation}
                    
You've lost some text.  Try typing  <return>  to proceed.
If that doesn't work, type  X <return>  to quit.


! LaTeX Error: Counter too large.

See the LaTeX manual or LaTeX Companion for explanation.
Type  H <return>  for immediate help.
 ...                                              
                                                  
l.160 \end{equation}
                    
You've lost some text.  Try typing  <return>  to proceed.
If that doesn't work, type  X <return>  to quit.


! LaTeX Error: Counter too large.

See the LaTeX manual or LaTeX Companion for explanation.
Type  H <return>  for immediate help.
 ...                                              
                                                  
l.168 \end{equation}
                    
You've lost some text.  Try typing  <return>  to proceed.
If that doesn't work, type  X <return>  to quit.


! LaTeX Error: Counter too large.

See the LaTeX manual or LaTeX Companion for explanation.
Type  H <return>  for immediate help.
 ...                                              
                                                  
l.176 \end{equation}
                    
You've lost some text.  Try typing  <return>  to proceed.
If that doesn't work, type  X <return>  to quit.


! LaTeX Error: Counter too large.

See the LaTeX manual or LaTeX Companion for explanation.
Type  H <return>  for immediate help.
 ...                                              
                                                  
l.186 \end{equation}
                    
You've lost some text.  Try typing  <return>  to proceed.
If that doesn't work, type  X <return>  to quit.

[849]

! LaTeX Error: Counter too large.

See the LaTeX manual or LaTeX Companion for explanation.
Type  H <return>  for immediate help.
 ...                                              
                                                  
l.194 \end{equation}
                    
You've lost some text.  Try typing  <return>  to proceed.
If that doesn't work, type  X <return>  to quit.


! LaTeX Error: Counter too large.

See the LaTeX manual or LaTeX Companion for explanation.
Type  H <return>  for immediate help.
 ...                                              
                                                  
l.210 \end{equation}
                    
You've lost some text.  Try typing  <return>  to proceed.
If that doesn't work, type  X <return>  to quit.


! LaTeX Error: Counter too large.

See the LaTeX manual or LaTeX Companion for explanation.
Type  H <return>  for immediate help.
 ...                                              
                                                  
l.220 \end{equation}
                    
You've lost some text.  Try typing  <return>  to proceed.
If that doesn't work, type  X <return>  to quit.


! LaTeX Error: Counter too large.

See the LaTeX manual or LaTeX Companion for explanation.
Type  H <return>  for immediate help.
 ...                                              
                                                  
l.228 \end{equation}
                    
You've lost some text.  Try typing  <return>  to proceed.
If that doesn't work, type  X <return>  to quit.

[850]

! LaTeX Error: Counter too large.

See the LaTeX manual or LaTeX Companion for explanation.
Type  H <return>  for immediate help.
 ...                                              
                                                  
l.236 \end{equation}
                    
You've lost some text.  Try typing  <return>  to proceed.
If that doesn't work, type  X <return>  to quit.


! LaTeX Error: Counter too large.

See the LaTeX manual or LaTeX Companion for explanation.
Type  H <return>  for immediate help.
 ...                                              
                                                  
l.244 \end{equation}
                    
You've lost some text.  Try typing  <return>  to proceed.
If that doesn't work, type  X <return>  to quit.


! LaTeX Error: Counter too large.

See the LaTeX manual or LaTeX Companion for explanation.
Type  H <return>  for immediate help.
 ...                                              
                                                  
l.255 \end{equation}
                    
You've lost some text.  Try typing  <return>  to proceed.
If that doesn't work, type  X <return>  to quit.


! LaTeX Error: Counter too large.

See the LaTeX manual or LaTeX Companion for explanation.
Type  H <return>  for immediate help.
 ...                                              
                                                  
l.265 \end{equation}
                    
You've lost some text.  Try typing  <return>  to proceed.
If that doesn't work, type  X <return>  to quit.


! LaTeX Error: Counter too large.

See the LaTeX manual or LaTeX Companion for explanation.
Type  H <return>  for immediate help.
 ...                                              
                                                  
l.273 \end{equation}
                    
You've lost some text.  Try typing  <return>  to proceed.
If that doesn't work, type  X <return>  to quit.


! LaTeX Error: Counter too large.

See the LaTeX manual or LaTeX Companion for explanation.
Type  H <return>  for immediate help.
 ...                                              
                                                  
l.281 \end{equation}
                    
You've lost some text.  Try typing  <return>  to proceed.
If that doesn't work, type  X <return>  to quit.

[851]

! LaTeX Error: Counter too large.

See the LaTeX manual or LaTeX Companion for explanation.
Type  H <return>  for immediate help.
 ...                                              
                                                  
l.291 \end{equation}
                    
You've lost some text.  Try typing  <return>  to proceed.
If that doesn't work, type  X <return>  to quit.


! LaTeX Error: Counter too large.

See the LaTeX manual or LaTeX Companion for explanation.
Type  H <return>  for immediate help.
 ...                                              
                                                  
l.299 \end{equation}
                    
You've lost some text.  Try typing  <return>  to proceed.
If that doesn't work, type  X <return>  to quit.


! LaTeX Error: Counter too large.

See the LaTeX manual or LaTeX Companion for explanation.
Type  H <return>  for immediate help.
 ...                                              
                                                  
l.307 \end{equation}
                    
You've lost some text.  Try typing  <return>  to proceed.
If that doesn't work, type  X <return>  to quit.


! LaTeX Error: Counter too large.

See the LaTeX manual or LaTeX Companion for explanation.
Type  H <return>  for immediate help.
 ...                                              
                                                  
l.315 \end{equation}
                    
You've lost some text.  Try typing  <return>  to proceed.
If that doesn't work, type  X <return>  to quit.


! LaTeX Error: Counter too large.

See the LaTeX manual or LaTeX Companion for explanation.
Type  H <return>  for immediate help.
 ...                                              
                                                  
l.325 \end{equation}
                    
You've lost some text.  Try typing  <return>  to proceed.
If that doesn't work, type  X <return>  to quit.

[852]

! LaTeX Error: Counter too large.

See the LaTeX manual or LaTeX Companion for explanation.
Type  H <return>  for immediate help.
 ...                                              
                                                  
l.333 \end{equation}
                    
You've lost some text.  Try typing  <return>  to proceed.
If that doesn't work, type  X <return>  to quit.


! LaTeX Error: Counter too large.

See the LaTeX manual or LaTeX Companion for explanation.
Type  H <return>  for immediate help.
 ...                                              
                                                  
l.341 \end{equation}
                    
You've lost some text.  Try typing  <return>  to proceed.
If that doesn't work, type  X <return>  to quit.


! LaTeX Error: Counter too large.

See the LaTeX manual or LaTeX Companion for explanation.
Type  H <return>  for immediate help.
 ...                                              
                                                  
l.349 \end{equation}
                    
You've lost some text.  Try typing  <return>  to proceed.
If that doesn't work, type  X <return>  to quit.

) [853]
Appendix \GenericError {               }{LaTeX Error: Counter too large}{See th
e LaTeX manual or LaTeX Companion for explanation.}{You've lost some text.  Try
 typing  <return>  to proceed.\MessageBreak If that doesn't work, type  X <retu
rn>  to quit.}.

! LaTeX Error: Counter too large.

See the LaTeX manual or LaTeX Companion for explanation.
Type  H <return>  for immediate help.
 ...                                              
                                                  
l.477 ...Historical Context and Future Directions}
                                                  
You've lost some text.  Try typing  <return>  to proceed.
If that doesn't work, type  X <return>  to quit.

(app32_future_directions_and_extensions.tex [854

])
(app84_historical_resolution_of_remaining_gaps.tex
Overfull \hbox (38.62889pt too wide) in paragraph at lines 11--14
\T1/cmr/m/n/10.95 The fun-da-men-tal re-quire-ment is to prove that the phys-i-
cal string ten-sion $\OML/cmm/m/it/10.95 ^^[[] \OT1/cmr/m/n/10.95 := [][] \OML/
cmm/m/it/10.95 a[]^^[[]\OT1/cmr/m/n/10.95 (\OML/cmm/m/it/10.95 ^^L\OT1/cmr/m/n/
10.95 (\OML/cmm/m/it/10.95 a\OT1/cmr/m/n/10.95 ))$
 []

[855] [856] [857] [858] [859] [860] [861]

LaTeX Warning: Reference `thm:1d-uniform-lsi-app76' on page 862 undefined on in
put line 606.

) (app87_integration_map_external_results_to_internal_theor.tex
Underfull \hbox (badness 10000) in paragraph at lines 5--8
[]\T1/cmr/m/n/10.95 This sec-tion maps ref-er-ences to ex-ter-nal doc-u-ments (
UNI-
 []


Underfull \hbox (badness 2103) in paragraph at lines 5--8
\T1/cmr/m/n/10.95 FIED_GAP_RESOLUTION.tex, COM-PLETE_CLAY_VERIFICATION.tex, VUL
-
 []


Underfull \hbox (badness 10000) in paragraph at lines 15--15
[]|\T1/cmr/bx/n/10.95 Theorem in
 []


Underfull \hbox (badness 10000) in paragraph at lines 21--21
[]|\T1/cmr/m/n/10.95 Conditional ten-soriza-
 []


LaTeX Warning: Reference `thm:boundary-marginal-lsi' on page 862 undefined on i
nput line 22.


LaTeX Warning: Reference `cor:gap-b-resolved' on page 862 undefined on input li
ne 23.


LaTeX Warning: Reference `thm:weak-coupling-gap' on page 862 undefined on input
 line 29.


LaTeX Warning: Reference `thm:rg-degradation' on page 862 undefined on input li
ne 30.


LaTeX Warning: Reference `thm:sigma-positive-all-beta' on page 862 undefined on
 input line 36.


LaTeX Warning: Reference `sec:string' on page 862 undefined on input line 36.


LaTeX Warning: Reference `sec:continuum' on page 862 undefined on input line 38
.


Underfull \hbox (badness 10000) in paragraph at lines 43--43
[]|\T1/cmr/m/n/10.95 Lee-Yang ze-ros (Ad-
 []


LaTeX Warning: Reference `thm:susy-gap-explicit' on page 862 undefined on input
 line 46.


LaTeX Warning: Reference `thm:adjoint-qcd-rigorous' on page 862 undefined on in
put line 48.


Underfull \hbox (badness 5954) in paragraph at lines 53--53
[]|\T1/cmr/m/n/10.95 Intrinsic scale frame-
 []


Underfull \hbox (badness 1122) in paragraph at lines 54--54
[]|\T1/cmr/m/n/10.95 Non-circular scale set-
 []


LaTeX Warning: Reference `thm:os-axioms-verified' on page 862 undefined on inpu
t line 55.


LaTeX Warning: Reference `conj:continuum-gap' on page 862 undefined on input li
ne 56.


LaTeX Warning: Reference `thm:susy-gap-explicit' on page 862 undefined on input
 line 79.

[862]
Overfull \vbox (347.91211pt too high) has occurred while \output is active []


[863]) [864]
Appendix \GenericError {               }{LaTeX Error: Counter too large}{See th
e LaTeX manual or LaTeX Companion for explanation.}{You've lost some text.  Try
 typing  <return>  to proceed.\MessageBreak If that doesn't work, type  X <retu
rn>  to quit.}.

! LaTeX Error: Counter too large.

See the LaTeX manual or LaTeX Companion for explanation.
Type  H <return>  for immediate help.
 ...                                              
                                                  
l.487 ...er{Weak Coupling and Asymptotic Analysis}
                                                  
You've lost some text.  Try typing  <return>  to proceed.
If that doesn't work, type  X <return>  to quit.

(app110_weak_coupling_scaling.tex [865

]

LaTeX Warning: Reference `thm:analyticity-free-energy' on page 866 undefined on
 input line 89.

[866] [867] [868]) (app105_finite_correlation_length.tex [869]

! LaTeX Error: Counter too large.

See the LaTeX manual or LaTeX Companion for explanation.
Type  H <return>  for immediate help.
 ...                                              
                                                  
l.97 \end{align}
                
You've lost some text.  Try typing  <return>  to proceed.
If that doesn't work, type  X <return>  to quit.


! LaTeX Error: Counter too large.

See the LaTeX manual or LaTeX Companion for explanation.
Type  H <return>  for immediate help.
 ...                                              
                                                  
l.97 \end{align}
                
You've lost some text.  Try typing  <return>  to proceed.
If that doesn't work, type  X <return>  to quit.


! LaTeX Error: Counter too large.

See the LaTeX manual or LaTeX Companion for explanation.
Type  H <return>  for immediate help.
 ...                                              
                                                  
l.97 \end{align}
                
You've lost some text.  Try typing  <return>  to proceed.
If that doesn't work, type  X <return>  to quit.


! LaTeX Error: Counter too large.

See the LaTeX manual or LaTeX Companion for explanation.
Type  H <return>  for immediate help.
 ...                                              
                                                  
l.97 \end{align}
                
You've lost some text.  Try typing  <return>  to proceed.
If that doesn't work, type  X <return>  to quit.

[870] [871]
Overfull \hbox (9.55742pt too wide) in paragraph at lines 246--247
[][]\T1/cmr/bx/n/10.95 Theorem R.2.7 \T1/cmr/m/n/10.95 (LSI for All $\OML/cmm/m
/it/10.95 ^^L$ \T1/cmr/m/n/10.95 - Non--Cir-cu-lar)\T1/cmr/bx/n/10.95 . []\T1/c
mr/m/it/10.95 For $\OML/cmm/m/it/10.95 SU\OT1/cmr/m/n/10.95 (\OML/cmm/m/it/10.9
5 N\OT1/cmr/m/n/10.95 )$ \T1/cmr/m/it/10.95 lat-tice Yang-Mills on $\OT1/cmr/m/
n/10.95 ^^C = \OMS/cmsy/m/n/10.95 f\OT1/cmr/m/n/10.95 1\OML/cmm/m/it/10.95 ; []
 ; L\OMS/cmsy/m/n/10.95 g[]$\T1/cmr/m/it/10.95 : 
 []

[872] [873]) [874]
Appendix \GenericError {               }{LaTeX Error: Counter too large}{See th
e LaTeX manual or LaTeX Companion for explanation.}{You've lost some text.  Try
 typing  <return>  to proceed.\MessageBreak If that doesn't work, type  X <retu
rn>  to quit.}.

! LaTeX Error: Counter too large.

See the LaTeX manual or LaTeX Companion for explanation.
Type  H <return>  for immediate help.
 ...                                              
                                                  
l.496 \chapter{Supplementary Technical Details}
                                               
You've lost some text.  Try typing  <return>  to proceed.
If that doesn't work, type  X <return>  to quit.

(app201_fix8_decoupling.tex [875

]
Appendix \GenericError {               }{LaTeX Error: Counter too large}{See th
e LaTeX manual or LaTeX Companion for explanation.}{You've lost some text.  Try
 typing  <return>  to proceed.\MessageBreak If that doesn't work, type  X <retu
rn>  to quit.}.

! LaTeX Error: Counter too large.

See the LaTeX manual or LaTeX Companion for explanation.
Type  H <return>  for immediate help.
 ...                                              
                                                  
l.1 ...-Perturbative Decoupling of Adjoint Matter}
                                                  
You've lost some text.  Try typing  <return>  to proceed.
If that doesn't work, type  X <return>  to quit.


! LaTeX Error: Counter too large.

See the LaTeX manual or LaTeX Companion for explanation.
Type  H <return>  for immediate help.
 ...                                              
                                                  
l.11 \end{equation}
                   
You've lost some text.  Try typing  <return>  to proceed.
If that doesn't work, type  X <return>  to quit.


! LaTeX Error: Counter too large.

See the LaTeX manual or LaTeX Companion for explanation.
Type  H <return>  for immediate help.
 ...                                              
                                                  
l.16 \end{equation}
                   
You've lost some text.  Try typing  <return>  to proceed.
If that doesn't work, type  X <return>  to quit.


! LaTeX Error: Counter too large.

See the LaTeX manual or LaTeX Companion for explanation.
Type  H <return>  for immediate help.
 ...                                              
                                                  
l.26 \end{equation}
                   
You've lost some text.  Try typing  <return>  to proceed.
If that doesn't work, type  X <return>  to quit.


! LaTeX Error: Counter too large.

See the LaTeX manual or LaTeX Companion for explanation.
Type  H <return>  for immediate help.
 ...                                              
                                                  
l.30 \end{equation}
                   
You've lost some text.  Try typing  <return>  to proceed.
If that doesn't work, type  X <return>  to quit.

[876

]) (app202_fix13_vafa_witten.tex [877]
Appendix \GenericError {               }{LaTeX Error: Counter too large}{See th
e LaTeX manual or LaTeX Companion for explanation.}{You've lost some text.  Try
 typing  <return>  to proceed.\MessageBreak If that doesn't work, type  X <retu
rn>  to quit.}.

! LaTeX Error: Counter too large.

See the LaTeX manual or LaTeX Companion for explanation.
Type  H <return>  for immediate help.
 ...                                              
                                                  
l.1 ...Fix 13: Vafa-Witten Bounds for Adjoint QCD}
                                                  
You've lost some text.  Try typing  <return>  to proceed.
If that doesn't work, type  X <return>  to quit.


! LaTeX Error: Counter too large.

See the LaTeX manual or LaTeX Companion for explanation.
Type  H <return>  for immediate help.
 ...                                              
                                                  
l.12 \end{equation}
                   
You've lost some text.  Try typing  <return>  to proceed.
If that doesn't work, type  X <return>  to quit.

) (app213_errata_corrections.tex [878

]

LaTeX Warning: Reference `sec:rigorous-continuum-scaling' on page 879 undefined
 on input line 20.


! LaTeX Error: Counter too large.

See the LaTeX manual or LaTeX Companion for explanation.
Type  H <return>  for immediate help.
 ...                                              
                                                  
l.33 \end{equation}
                   
You've lost some text.  Try typing  <return>  to proceed.
If that doesn't work, type  X <return>  to quit.


LaTeX Warning: Reference `sec:weighted-spectral' on page 879 undefined on input
 line 53.

[879]

! LaTeX Error: Counter too large.

See the LaTeX manual or LaTeX Companion for explanation.
Type  H <return>  for immediate help.
 ...                                              
                                                  
l.82 \end{equation}
                   
You've lost some text.  Try typing  <return>  to proceed.
If that doesn't work, type  X <return>  to quit.


LaTeX Warning: Reference `sec:rigorous-continuum-scaling' on page 880 undefined
 on input line 85.


LaTeX Warning: Reference `sec:rigorous-continuum-scaling' on page 880 undefined
 on input line 138.

[880]) (app139_additional_verification_details.tex

! LaTeX Error: Counter too large.

See the LaTeX manual or LaTeX Companion for explanation.
Type  H <return>  for immediate help.
 ...                                              
                                                  
l.15     \end{equation}
                       
You've lost some text.  Try typing  <return>  to proceed.
If that doesn't work, type  X <return>  to quit.

[881]

! LaTeX Error: Counter too large.

See the LaTeX manual or LaTeX Companion for explanation.
Type  H <return>  for immediate help.
 ...                                              
                                                  
l.62     \end{equation}
                       
You've lost some text.  Try typing  <return>  to proceed.
If that doesn't work, type  X <return>  to quit.

[882]

! LaTeX Error: Counter too large.

See the LaTeX manual or LaTeX Companion for explanation.
Type  H <return>  for immediate help.
 ...                                              
                                                  
l.76     \end{equation}
                       
You've lost some text.  Try typing  <return>  to proceed.
If that doesn't work, type  X <return>  to quit.


! LaTeX Error: Counter too large.

See the LaTeX manual or LaTeX Companion for explanation.
Type  H <return>  for immediate help.
 ...                                              
                                                  
l.90     \end{equation}
                       
You've lost some text.  Try typing  <return>  to proceed.
If that doesn't work, type  X <return>  to quit.

[883]

! LaTeX Error: Counter too large.

See the LaTeX manual or LaTeX Companion for explanation.
Type  H <return>  for immediate help.
 ...                                              
                                                  
l.104     \end{equation}
                        
You've lost some text.  Try typing  <return>  to proceed.
If that doesn't work, type  X <return>  to quit.


! LaTeX Error: Counter too large.

See the LaTeX manual or LaTeX Companion for explanation.
Type  H <return>  for immediate help.
 ...                                              
                                                  
l.118     \end{equation}
                        
You've lost some text.  Try typing  <return>  to proceed.
If that doesn't work, type  X <return>  to quit.

[884]
Overfull \hbox (33.09586pt too wide) in paragraph at lines 155--158
\T1/cmr/bx/n/10.95 The Is-sue: \T1/cmr/m/n/10.95 The manuscript uses a "Reg-u-l
ar-ized De-ter-mi-nant" $[]\OT1/cmr/m/n/10.95 (1 + \OML/cmm/m/it/10.95 K\OT1/cm
r/m/n/10.95 )[]$ \T1/cmr/m/n/10.95 to con-trol fermions/ghosts.
 []

[885] [886] [887]

! LaTeX Error: Counter too large.

See the LaTeX manual or LaTeX Companion for explanation.
Type  H <return>  for immediate help.
 ...                                              
                                                  
l.284 \end{equation}
                    
You've lost some text.  Try typing  <return>  to proceed.
If that doesn't work, type  X <return>  to quit.


! LaTeX Error: Counter too large.

See the LaTeX manual or LaTeX Companion for explanation.
Type  H <return>  for immediate help.
 ...                                              
                                                  
l.294 \end{equation}
                    
You've lost some text.  Try typing  <return>  to proceed.
If that doesn't work, type  X <return>  to quit.


! LaTeX Error: Counter too large.

See the LaTeX manual or LaTeX Companion for explanation.
Type  H <return>  for immediate help.
 ...                                              
                                                  
l.301 \end{equation}
                    
You've lost some text.  Try typing  <return>  to proceed.
If that doesn't work, type  X <return>  to quit.


! LaTeX Error: Counter too large.

See the LaTeX manual or LaTeX Companion for explanation.
Type  H <return>  for immediate help.
 ...                                              
                                                  
l.305 \end{equation}
                    
You've lost some text.  Try typing  <return>  to proceed.
If that doesn't work, type  X <return>  to quit.


! LaTeX Error: Counter too large.

See the LaTeX manual or LaTeX Companion for explanation.
Type  H <return>  for immediate help.
 ...                                              
                                                  
l.311 \end{equation}
                    
You've lost some text.  Try typing  <return>  to proceed.
If that doesn't work, type  X <return>  to quit.

[888]

! LaTeX Error: Counter too large.

See the LaTeX manual or LaTeX Companion for explanation.
Type  H <return>  for immediate help.
 ...                                              
                                                  
l.317 \end{equation}
                    
You've lost some text.  Try typing  <return>  to proceed.
If that doesn't work, type  X <return>  to quit.


! LaTeX Error: Counter too large.

See the LaTeX manual or LaTeX Companion for explanation.
Type  H <return>  for immediate help.
 ...                                              
                                                  
l.333 \end{equation}
                    
You've lost some text.  Try typing  <return>  to proceed.
If that doesn't work, type  X <return>  to quit.


! LaTeX Error: Counter too large.

See the LaTeX manual or LaTeX Companion for explanation.
Type  H <return>  for immediate help.
 ...                                              
                                                  
l.339 \end{equation}
                    
You've lost some text.  Try typing  <return>  to proceed.
If that doesn't work, type  X <return>  to quit.


! LaTeX Error: Counter too large.

See the LaTeX manual or LaTeX Companion for explanation.
Type  H <return>  for immediate help.
 ...                                              
                                                  
l.349 \end{equation}
                    
You've lost some text.  Try typing  <return>  to proceed.
If that doesn't work, type  X <return>  to quit.


! LaTeX Error: Counter too large.

See the LaTeX manual or LaTeX Companion for explanation.
Type  H <return>  for immediate help.
 ...                                              
                                                  
l.356 \end{equation}
                    
You've lost some text.  Try typing  <return>  to proceed.
If that doesn't work, type  X <return>  to quit.

[889]

! LaTeX Error: Counter too large.

See the LaTeX manual or LaTeX Companion for explanation.
Type  H <return>  for immediate help.
 ...                                              
                                                  
l.381 \end{equation}
                    
You've lost some text.  Try typing  <return>  to proceed.
If that doesn't work, type  X <return>  to quit.


! LaTeX Error: Counter too large.

See the LaTeX manual or LaTeX Companion for explanation.
Type  H <return>  for immediate help.
 ...                                              
                                                  
l.389 \end{equation}
                    
You've lost some text.  Try typing  <return>  to proceed.
If that doesn't work, type  X <return>  to quit.


! LaTeX Error: Counter too large.

See the LaTeX manual or LaTeX Companion for explanation.
Type  H <return>  for immediate help.
 ...                                              
                                                  
l.430     \end{equation}
                        
You've lost some text.  Try typing  <return>  to proceed.
If that doesn't work, type  X <return>  to quit.

[890]

! LaTeX Error: Counter too large.

See the LaTeX manual or LaTeX Companion for explanation.
Type  H <return>  for immediate help.
 ...                                              
                                                  
l.439 \end{equation}
                    
You've lost some text.  Try typing  <return>  to proceed.
If that doesn't work, type  X <return>  to quit.


! LaTeX Error: Counter too large.

See the LaTeX manual or LaTeX Companion for explanation.
Type  H <return>  for immediate help.
 ...                                              
                                                  
l.454 \end{equation}
                    
You've lost some text.  Try typing  <return>  to proceed.
If that doesn't work, type  X <return>  to quit.


! LaTeX Error: Counter too large.

See the LaTeX manual or LaTeX Companion for explanation.
Type  H <return>  for immediate help.
 ...                                              
                                                  
l.461 \end{equation}
                    
You've lost some text.  Try typing  <return>  to proceed.
If that doesn't work, type  X <return>  to quit.


! LaTeX Error: Counter too large.

See the LaTeX manual or LaTeX Companion for explanation.
Type  H <return>  for immediate help.
 ...                                              
                                                  
l.474 \end{equation}
                    
You've lost some text.  Try typing  <return>  to proceed.
If that doesn't work, type  X <return>  to quit.

[891]

! LaTeX Error: Counter too large.

See the LaTeX manual or LaTeX Companion for explanation.
Type  H <return>  for immediate help.
 ...                                              
                                                  
l.490 \end{equation}
                    
You've lost some text.  Try typing  <return>  to proceed.
If that doesn't work, type  X <return>  to quit.


! LaTeX Error: Counter too large.

See the LaTeX manual or LaTeX Companion for explanation.
Type  H <return>  for immediate help.
 ...                                              
                                                  
l.497 \end{equation}
                    
You've lost some text.  Try typing  <return>  to proceed.
If that doesn't work, type  X <return>  to quit.


! LaTeX Error: Counter too large.

See the LaTeX manual or LaTeX Companion for explanation.
Type  H <return>  for immediate help.
 ...                                              
                                                  
l.504 \end{equation}
                    
You've lost some text.  Try typing  <return>  to proceed.
If that doesn't work, type  X <return>  to quit.


! LaTeX Error: Counter too large.

See the LaTeX manual or LaTeX Companion for explanation.
Type  H <return>  for immediate help.
 ...                                              
                                                  
l.518 \end{equation}
                    
You've lost some text.  Try typing  <return>  to proceed.
If that doesn't work, type  X <return>  to quit.


! LaTeX Error: Counter too large.

See the LaTeX manual or LaTeX Companion for explanation.
Type  H <return>  for immediate help.
 ...                                              
                                                  
l.522 \end{equation}
                    
You've lost some text.  Try typing  <return>  to proceed.
If that doesn't work, type  X <return>  to quit.


! LaTeX Error: Counter too large.

See the LaTeX manual or LaTeX Companion for explanation.
Type  H <return>  for immediate help.
 ...                                              
                                                  
l.532     \end{equation}
                        
You've lost some text.  Try typing  <return>  to proceed.
If that doesn't work, type  X <return>  to quit.


! LaTeX Error: Counter too large.

See the LaTeX manual or LaTeX Companion for explanation.
Type  H <return>  for immediate help.
 ...                                              
                                                  
l.539 \end{equation}
                    
You've lost some text.  Try typing  <return>  to proceed.
If that doesn't work, type  X <return>  to quit.

[892]

! LaTeX Error: Counter too large.

See the LaTeX manual or LaTeX Companion for explanation.
Type  H <return>  for immediate help.
 ...                                              
                                                  
l.558 \end{equation}
                    
You've lost some text.  Try typing  <return>  to proceed.
If that doesn't work, type  X <return>  to quit.

[893]

! LaTeX Error: Counter too large.

See the LaTeX manual or LaTeX Companion for explanation.
Type  H <return>  for immediate help.
 ...                                              
                                                  
l.601 \end{equation}
                    
You've lost some text.  Try typing  <return>  to proceed.
If that doesn't work, type  X <return>  to quit.


! LaTeX Error: Counter too large.

See the LaTeX manual or LaTeX Companion for explanation.
Type  H <return>  for immediate help.
 ...                                              
                                                  
l.618 \end{equation}
                    
You've lost some text.  Try typing  <return>  to proceed.
If that doesn't work, type  X <return>  to quit.


! LaTeX Error: Counter too large.

See the LaTeX manual or LaTeX Companion for explanation.
Type  H <return>  for immediate help.
 ...                                              
                                                  
l.636     \end{equation}
                        
You've lost some text.  Try typing  <return>  to proceed.
If that doesn't work, type  X <return>  to quit.

[894]

! LaTeX Error: Counter too large.

See the LaTeX manual or LaTeX Companion for explanation.
Type  H <return>  for immediate help.
 ...                                              
                                                  
l.659     \end{equation}
                        
You've lost some text.  Try typing  <return>  to proceed.
If that doesn't work, type  X <return>  to quit.


! LaTeX Error: Counter too large.

See the LaTeX manual or LaTeX Companion for explanation.
Type  H <return>  for immediate help.
 ...                                              
                                                  
l.681 \end{equation}
                    
You've lost some text.  Try typing  <return>  to proceed.
If that doesn't work, type  X <return>  to quit.

[895]

! LaTeX Error: Counter too large.

See the LaTeX manual or LaTeX Companion for explanation.
Type  H <return>  for immediate help.
 ...                                              
                                                  
l.712 \end{equation}
                    
You've lost some text.  Try typing  <return>  to proceed.
If that doesn't work, type  X <return>  to quit.


! LaTeX Error: Counter too large.

See the LaTeX manual or LaTeX Companion for explanation.
Type  H <return>  for immediate help.
 ...                                              
                                                  
l.721 \end{equation}
                    
You've lost some text.  Try typing  <return>  to proceed.
If that doesn't work, type  X <return>  to quit.


! LaTeX Error: Counter too large.

See the LaTeX manual or LaTeX Companion for explanation.
Type  H <return>  for immediate help.
 ...                                              
                                                  
l.727 \end{equation}
                    
You've lost some text.  Try typing  <return>  to proceed.
If that doesn't work, type  X <return>  to quit.


! LaTeX Error: Counter too large.

See the LaTeX manual or LaTeX Companion for explanation.
Type  H <return>  for immediate help.
 ...                                              
                                                  
l.731 \end{equation}
                    
You've lost some text.  Try typing  <return>  to proceed.
If that doesn't work, type  X <return>  to quit.


! LaTeX Error: Counter too large.

See the LaTeX manual or LaTeX Companion for explanation.
Type  H <return>  for immediate help.
 ...                                              
                                                  
l.737 \end{equation}
                    
You've lost some text.  Try typing  <return>  to proceed.
If that doesn't work, type  X <return>  to quit.


! LaTeX Error: Counter too large.

See the LaTeX manual or LaTeX Companion for explanation.
Type  H <return>  for immediate help.
 ...                                              
                                                  
l.748 \end{equation}
                    
You've lost some text.  Try typing  <return>  to proceed.
If that doesn't work, type  X <return>  to quit.

[896]

! LaTeX Error: Counter too large.

See the LaTeX manual or LaTeX Companion for explanation.
Type  H <return>  for immediate help.
 ...                                              
                                                  
l.757 \end{equation}
                    
You've lost some text.  Try typing  <return>  to proceed.
If that doesn't work, type  X <return>  to quit.


Overfull \hbox (39.30653pt too wide) in paragraph at lines 759--762
[]\T1/cmr/bx/n/10.95 Step 2: The Con-ver-gence Cri-te-rion \T1/cmr/m/n/10.95 We
 must prove the Kotecký-Preiss con-di-tion $[][] \OMS/cmsy/m/n/10.95 j\OML/cmm/
m/it/10.95 z\OT1/cmr/m/n/10.95 (\OML/cmm/m/it/10.95 ^^M\OT1/cmr/m/n/10.95 )\OMS
/cmsy/m/n/10.95 j\OML/cmm/m/it/10.95 e[] <
 []


! LaTeX Error: Counter too large.

See the LaTeX manual or LaTeX Companion for explanation.
Type  H <return>  for immediate help.
 ...                                              
                                                  
l.771 \end{equation}
                    
You've lost some text.  Try typing  <return>  to proceed.
If that doesn't work, type  X <return>  to quit.


! LaTeX Error: Counter too large.

See the LaTeX manual or LaTeX Companion for explanation.
Type  H <return>  for immediate help.
 ...                                              
                                                  
l.781 \end{equation}
                    
You've lost some text.  Try typing  <return>  to proceed.
If that doesn't work, type  X <return>  to quit.


! LaTeX Error: Counter too large.

See the LaTeX manual or LaTeX Companion for explanation.
Type  H <return>  for immediate help.
 ...                                              
                                                  
l.790 \end{equation}
                    
You've lost some text.  Try typing  <return>  to proceed.
If that doesn't work, type  X <return>  to quit.


! LaTeX Error: Counter too large.

See the LaTeX manual or LaTeX Companion for explanation.
Type  H <return>  for immediate help.
 ...                                              
                                                  
l.797 \end{equation}
                    
You've lost some text.  Try typing  <return>  to proceed.
If that doesn't work, type  X <return>  to quit.


! LaTeX Error: Counter too large.

See the LaTeX manual or LaTeX Companion for explanation.
Type  H <return>  for immediate help.
 ...                                              
                                                  
l.804 \end{equation}
                    
You've lost some text.  Try typing  <return>  to proceed.
If that doesn't work, type  X <return>  to quit.

[897]

! LaTeX Error: Counter too large.

See the LaTeX manual or LaTeX Companion for explanation.
Type  H <return>  for immediate help.
 ...                                              
                                                  
l.825 \end{equation}
                    
You've lost some text.  Try typing  <return>  to proceed.
If that doesn't work, type  X <return>  to quit.


! LaTeX Error: Counter too large.

See the LaTeX manual or LaTeX Companion for explanation.
Type  H <return>  for immediate help.
 ...                                              
                                                  
l.834 \end{equation}
                    
You've lost some text.  Try typing  <return>  to proceed.
If that doesn't work, type  X <return>  to quit.


! LaTeX Error: Counter too large.

See the LaTeX manual or LaTeX Companion for explanation.
Type  H <return>  for immediate help.
 ...                                              
                                                  
l.853 \end{equation}
                    
You've lost some text.  Try typing  <return>  to proceed.
If that doesn't work, type  X <return>  to quit.

[898]

! LaTeX Error: Counter too large.

See the LaTeX manual or LaTeX Companion for explanation.
Type  H <return>  for immediate help.
 ...                                              
                                                  
l.892 \end{equation}
                    
You've lost some text.  Try typing  <return>  to proceed.
If that doesn't work, type  X <return>  to quit.

[899]

! LaTeX Error: Counter too large.

See the LaTeX manual or LaTeX Companion for explanation.
Type  H <return>  for immediate help.
 ...                                              
                                                  
l.896 \end{equation}
                    
You've lost some text.  Try typing  <return>  to proceed.
If that doesn't work, type  X <return>  to quit.


! LaTeX Error: Counter too large.

See the LaTeX manual or LaTeX Companion for explanation.
Type  H <return>  for immediate help.
 ...                                              
                                                  
l.905 \end{equation}
                    
You've lost some text.  Try typing  <return>  to proceed.
If that doesn't work, type  X <return>  to quit.


! LaTeX Error: Counter too large.

See the LaTeX manual or LaTeX Companion for explanation.
Type  H <return>  for immediate help.
 ...                                              
                                                  
l.910 \end{equation}
                    
You've lost some text.  Try typing  <return>  to proceed.
If that doesn't work, type  X <return>  to quit.


! LaTeX Error: Counter too large.

See the LaTeX manual or LaTeX Companion for explanation.
Type  H <return>  for immediate help.
 ...                                              
                                                  
l.921 \end{equation}
                    
You've lost some text.  Try typing  <return>  to proceed.
If that doesn't work, type  X <return>  to quit.


! LaTeX Error: Counter too large.

See the LaTeX manual or LaTeX Companion for explanation.
Type  H <return>  for immediate help.
 ...                                              
                                                  
l.933 \end{equation}
                    
You've lost some text.  Try typing  <return>  to proceed.
If that doesn't work, type  X <return>  to quit.


! LaTeX Error: Counter too large.

See the LaTeX manual or LaTeX Companion for explanation.
Type  H <return>  for immediate help.
 ...                                              
                                                  
l.941 \end{equation}
                    
You've lost some text.  Try typing  <return>  to proceed.
If that doesn't work, type  X <return>  to quit.

[900]

! LaTeX Error: Counter too large.

See the LaTeX manual or LaTeX Companion for explanation.
Type  H <return>  for immediate help.
 ...                                              
                                                  
l.962 \end{equation}
                    
You've lost some text.  Try typing  <return>  to proceed.
If that doesn't work, type  X <return>  to quit.


! LaTeX Error: Counter too large.

See the LaTeX manual or LaTeX Companion for explanation.
Type  H <return>  for immediate help.
 ...                                              
                                                  
l.971 \end{equation}
                    
You've lost some text.  Try typing  <return>  to proceed.
If that doesn't work, type  X <return>  to quit.


! LaTeX Error: Counter too large.

See the LaTeX manual or LaTeX Companion for explanation.
Type  H <return>  for immediate help.
 ...                                              
                                                  
l.977 \end{equation}
                    
You've lost some text.  Try typing  <return>  to proceed.
If that doesn't work, type  X <return>  to quit.


! LaTeX Error: Counter too large.

See the LaTeX manual or LaTeX Companion for explanation.
Type  H <return>  for immediate help.
 ...                                              
                                                  
l.993 \end{equation}
                    
You've lost some text.  Try typing  <return>  to proceed.
If that doesn't work, type  X <return>  to quit.


! LaTeX Error: Counter too large.

See the LaTeX manual or LaTeX Companion for explanation.
Type  H <return>  for immediate help.
 ...                                              
                                                  
l.1002 \end{equation}
                     
You've lost some text.  Try typing  <return>  to proceed.
If that doesn't work, type  X <return>  to quit.

[901]

! LaTeX Error: Counter too large.

See the LaTeX manual or LaTeX Companion for explanation.
Type  H <return>  for immediate help.
 ...                                              
                                                  
l.1015 \end{equation}
                     
You've lost some text.  Try typing  <return>  to proceed.
If that doesn't work, type  X <return>  to quit.


! LaTeX Error: Counter too large.

See the LaTeX manual or LaTeX Companion for explanation.
Type  H <return>  for immediate help.
 ...                                              
                                                  
l.1026 \end{equation}
                     
You've lost some text.  Try typing  <return>  to proceed.
If that doesn't work, type  X <return>  to quit.


! LaTeX Error: Counter too large.

See the LaTeX manual or LaTeX Companion for explanation.
Type  H <return>  for immediate help.
 ...                                              
                                                  
l.1035 \end{equation}
                     
You've lost some text.  Try typing  <return>  to proceed.
If that doesn't work, type  X <return>  to quit.


! LaTeX Error: Counter too large.

See the LaTeX manual or LaTeX Companion for explanation.
Type  H <return>  for immediate help.
 ...                                              
                                                  
l.1052 \end{equation}
                     
You've lost some text.  Try typing  <return>  to proceed.
If that doesn't work, type  X <return>  to quit.

[902]

! LaTeX Error: Counter too large.

See the LaTeX manual or LaTeX Companion for explanation.
Type  H <return>  for immediate help.
 ...                                              
                                                  
l.1088 \end{equation}
                     
You've lost some text.  Try typing  <return>  to proceed.
If that doesn't work, type  X <return>  to quit.


! LaTeX Error: Counter too large.

See the LaTeX manual or LaTeX Companion for explanation.
Type  H <return>  for immediate help.
 ...                                              
                                                  
l.1108 \end{equation}
                     
You've lost some text.  Try typing  <return>  to proceed.
If that doesn't work, type  X <return>  to quit.

[903]

! LaTeX Error: Counter too large.

See the LaTeX manual or LaTeX Companion for explanation.
Type  H <return>  for immediate help.
 ...                                              
                                                  
l.1131 \end{equation}
                     
You've lost some text.  Try typing  <return>  to proceed.
If that doesn't work, type  X <return>  to quit.


! LaTeX Error: Counter too large.

See the LaTeX manual or LaTeX Companion for explanation.
Type  H <return>  for immediate help.
 ...                                              
                                                  
l.1142 \end{equation}
                     
You've lost some text.  Try typing  <return>  to proceed.
If that doesn't work, type  X <return>  to quit.

[904] [905]
Overfull \hbox (1.39957pt too wide) in paragraph at lines 1234--1235
[][]\T1/cmr/bx/n/10.95 Corollary R.5.29 \T1/cmr/m/n/10.95 (Lo-cal func-tional d
eriva-tive bound; ex-plicit ex-po-nen-tial tail)\T1/cmr/bx/n/10.95 . []\T1/cmr/
m/it/10.95 Let $\OML/cmm/m/it/10.95 S[]\OT1/cmr/m/n/10.95 (\OML/cmm/m/it/10.95 
U\OT1/cmr/m/n/10.95 ) :=
 []


! LaTeX Error: Counter too large.

See the LaTeX manual or LaTeX Companion for explanation.
Type  H <return>  for immediate help.
 ...                                              
                                                  
l.1264 \end{equation}
                     
You've lost some text.  Try typing  <return>  to proceed.
If that doesn't work, type  X <return>  to quit.


! LaTeX Error: Counter too large.

See the LaTeX manual or LaTeX Companion for explanation.
Type  H <return>  for immediate help.
 ...                                              
                                                  
l.1273 \end{equation}
                     
You've lost some text.  Try typing  <return>  to proceed.
If that doesn't work, type  X <return>  to quit.


! LaTeX Error: Counter too large.

See the LaTeX manual or LaTeX Companion for explanation.
Type  H <return>  for immediate help.
 ...                                              
                                                  
l.1279 \end{equation}
                     
You've lost some text.  Try typing  <return>  to proceed.
If that doesn't work, type  X <return>  to quit.

[906]

! LaTeX Error: Counter too large.

See the LaTeX manual or LaTeX Companion for explanation.
Type  H <return>  for immediate help.
 ...                                              
                                                  
l.1292 \end{equation}
                     
You've lost some text.  Try typing  <return>  to proceed.
If that doesn't work, type  X <return>  to quit.


! LaTeX Error: Counter too large.

See the LaTeX manual or LaTeX Companion for explanation.
Type  H <return>  for immediate help.
 ...                                              
                                                  
l.1296 \end{equation}
                     
You've lost some text.  Try typing  <return>  to proceed.
If that doesn't work, type  X <return>  to quit.


! LaTeX Error: Counter too large.

See the LaTeX manual or LaTeX Companion for explanation.
Type  H <return>  for immediate help.
 ...                                              
                                                  
l.1318 \end{equation}
                     
You've lost some text.  Try typing  <return>  to proceed.
If that doesn't work, type  X <return>  to quit.


! LaTeX Error: Counter too large.

See the LaTeX manual or LaTeX Companion for explanation.
Type  H <return>  for immediate help.
 ...                                              
                                                  
l.1327 \end{equation}
                     
You've lost some text.  Try typing  <return>  to proceed.
If that doesn't work, type  X <return>  to quit.

[907]

! LaTeX Error: Counter too large.

See the LaTeX manual or LaTeX Companion for explanation.
Type  H <return>  for immediate help.
 ...                                              
                                                  
l.1347 \end{equation}
                     
You've lost some text.  Try typing  <return>  to proceed.
If that doesn't work, type  X <return>  to quit.


! LaTeX Error: Counter too large.

See the LaTeX manual or LaTeX Companion for explanation.
Type  H <return>  for immediate help.
 ...                                              
                                                  
l.1359 \end{equation}
                     
You've lost some text.  Try typing  <return>  to proceed.
If that doesn't work, type  X <return>  to quit.


! LaTeX Error: Counter too large.

See the LaTeX manual or LaTeX Companion for explanation.
Type  H <return>  for immediate help.
 ...                                              
                                                  
l.1373 \end{equation}
                     
You've lost some text.  Try typing  <return>  to proceed.
If that doesn't work, type  X <return>  to quit.


Overfull \hbox (13.69963pt too wide) in paragraph at lines 1381--1383
[]\T1/cmr/bx/n/10.95 Step 2: The Ginsparg-Wilson Sym-me-try \T1/cmr/m/n/10.95 O
ver-lap fermions sat-isfy $\OMS/cmsy/m/n/10.95 f\OML/cmm/m/it/10.95 D[]; ^^M[]\
OMS/cmsy/m/n/10.95 g \OT1/cmr/m/n/10.95 = \OML/cmm/m/it/10.95 aD[]^^M[]D[]$\T1/
cmr/m/n/10.95 .
 []

[908]

! LaTeX Error: Counter too large.

See the LaTeX manual or LaTeX Companion for explanation.
Type  H <return>  for immediate help.
 ...                                              
                                                  
l.1401 \end{equation}
                     
You've lost some text.  Try typing  <return>  to proceed.
If that doesn't work, type  X <return>  to quit.


! LaTeX Error: Counter too large.

See the LaTeX manual or LaTeX Companion for explanation.
Type  H <return>  for immediate help.
 ...                                              
                                                  
l.1432 \end{equation}
                     
You've lost some text.  Try typing  <return>  to proceed.
If that doesn't work, type  X <return>  to quit.

[909]

! LaTeX Error: Counter too large.

See the LaTeX manual or LaTeX Companion for explanation.
Type  H <return>  for immediate help.
 ...                                              
                                                  
l.1459 \end{equation}
                     
You've lost some text.  Try typing  <return>  to proceed.
If that doesn't work, type  X <return>  to quit.


! LaTeX Error: Counter too large.

See the LaTeX manual or LaTeX Companion for explanation.
Type  H <return>  for immediate help.
 ...                                              
                                                  
l.1489 \end{equation}
                     
You've lost some text.  Try typing  <return>  to proceed.
If that doesn't work, type  X <return>  to quit.

[910]

! LaTeX Error: Counter too large.

See the LaTeX manual or LaTeX Companion for explanation.
Type  H <return>  for immediate help.
 ...                                              
                                                  
l.1537 \end{equation}
                     
You've lost some text.  Try typing  <return>  to proceed.
If that doesn't work, type  X <return>  to quit.


Overfull \hbox (4.16447pt too wide) in paragraph at lines 1550--1551
[]\T1/cmr/m/n/10.95 The prob-a-bil-ity of a large broken-symmetry bub-ble of vo
l-ume $\OML/cmm/m/it/10.95 V$ \T1/cmr/m/n/10.95 is sup-pressed by $\OML/cmm/m/i
t/10.95 e[]$\T1/cmr/m/n/10.95 . 
 []

[911]

! LaTeX Error: Counter too large.

See the LaTeX manual or LaTeX Companion for explanation.
Type  H <return>  for immediate help.
 ...                                              
                                                  
l.1562 \end{equation}
                     
You've lost some text.  Try typing  <return>  to proceed.
If that doesn't work, type  X <return>  to quit.


! LaTeX Error: Counter too large.

See the LaTeX manual or LaTeX Companion for explanation.
Type  H <return>  for immediate help.
 ...                                              
                                                  
l.1588 \end{equation}
                     
You've lost some text.  Try typing  <return>  to proceed.
If that doesn't work, type  X <return>  to quit.


Overfull \hbox (15.02681pt too wide) in paragraph at lines 1602--1604
[]\T1/cmr/bx/n/10.95 Step 2: The Cor-rected Bound \T1/cmr/m/n/10.95 Us-ing the 
fac-tor-iza-tion $\OMS/cmsy/m/n/10.95 h\OML/cmm/m/it/10.95 W\OT1/cmr/m/n/10.95 
(\OML/cmm/m/it/10.95 C[]\OT1/cmr/m/n/10.95 )\OML/cmm/m/it/10.95 W\OT1/cmr/m/n/1
0.95 (\OML/cmm/m/it/10.95 C[]\OT1/cmr/m/n/10.95 )\OMS/cmsy/m/n/10.95 i ^^Y h\OM
L/cmm/m/it/10.95 W\OT1/cmr/m/n/10.95 (\OML/cmm/m/it/10.95 C[]\OT1/cmr/m/n/10.95
 )\OMS/cmsy/m/n/10.95 ih\OML/cmm/m/it/10.95 W\OT1/cmr/m/n/10.95 (\OML/cmm/m/it/
10.95 C[]\OT1/cmr/m/n/10.95 )\OMS/cmsy/m/n/10.95 i \OT1/cmr/m/n/10.95 +
 []


! LaTeX Error: Counter too large.

See the LaTeX manual or LaTeX Companion for explanation.
Type  H <return>  for immediate help.
 ...                                              
                                                  
l.1606 \end{equation}
                     
You've lost some text.  Try typing  <return>  to proceed.
If that doesn't work, type  X <return>  to quit.

[912]

LaTeX Warning: Reference `sec:conjecture-capsule' on page 913 undefined on inpu
t line 1622.


LaTeX Warning: Reference `sec:conjecture-capsule' on page 913 undefined on inpu
t line 1635.


LaTeX Warning: Reference `app:open-problem-ledger' on page 913 undefined on inp
ut line 1635.

) [913]
Appendix \GenericError {               }{LaTeX Error: Counter too large}{See th
e LaTeX manual or LaTeX Companion for explanation.}{You've lost some text.  Try
 typing  <return>  to proceed.\MessageBreak If that doesn't work, type  X <retu
rn>  to quit.}.

! LaTeX Error: Counter too large.

See the LaTeX manual or LaTeX Companion for explanation.
Type  H <return>  for immediate help.
 ...                                              
                                                  
l.507 \chapter{Responses to Technical Queries}
                                              
You've lost some text.  Try typing  <return>  to proceed.
If that doesn't work, type  X <return>  to quit.

(app136_response_to_review.tex

! LaTeX Error: Counter too large.

See the LaTeX manual or LaTeX Companion for explanation.
Type  H <return>  for immediate help.
 ...                                              
                                                  
l.25 \end{equation}
                   
You've lost some text.  Try typing  <return>  to proceed.
If that doesn't work, type  X <return>  to quit.


! LaTeX Error: Counter too large.

See the LaTeX manual or LaTeX Companion for explanation.
Type  H <return>  for immediate help.
 ...                                              
                                                  
l.42 \end{align}
                
You've lost some text.  Try typing  <return>  to proceed.
If that doesn't work, type  X <return>  to quit.


! LaTeX Error: Counter too large.

See the LaTeX manual or LaTeX Companion for explanation.
Type  H <return>  for immediate help.
 ...                                              
                                                  
l.42 \end{align}
                
You've lost some text.  Try typing  <return>  to proceed.
If that doesn't work, type  X <return>  to quit.


! LaTeX Error: Counter too large.

See the LaTeX manual or LaTeX Companion for explanation.
Type  H <return>  for immediate help.
 ...                                              
                                                  
l.42 \end{align}
                
You've lost some text.  Try typing  <return>  to proceed.
If that doesn't work, type  X <return>  to quit.


! LaTeX Error: Counter too large.

See the LaTeX manual or LaTeX Companion for explanation.
Type  H <return>  for immediate help.
 ...                                              
                                                  
l.42 \end{align}
                
You've lost some text.  Try typing  <return>  to proceed.
If that doesn't work, type  X <return>  to quit.


! LaTeX Error: Counter too large.

See the LaTeX manual or LaTeX Companion for explanation.
Type  H <return>  for immediate help.
 ...                                              
                                                  
l.49 ...orem} (Appendix \ref{ch:fix13_vafa_witten}
                                                  ), the spectrum of $D_W[U]...

You've lost some text. Try typing <return> to proceed.
If that doesn't work, type X <return> to quit.

[914

]

! LaTeX Error: Counter too large.

See the LaTeX manual or LaTeX Companion for explanation.
Type  H <return>  for immediate help.
 ...                                              
                                                  
l.83 \end{equation}
                   
You've lost some text.  Try typing  <return>  to proceed.
If that doesn't work, type  X <return>  to quit.

[915]

LaTeX Warning: Reference `thm:decoupling' on page 916 undefined on input line 1
19.


! LaTeX Error: Counter too large.

See the LaTeX manual or LaTeX Companion for explanation.
Type  H <return>  for immediate help.
 ...                                              
                                                  
l.137 \end{equation}
                    
You've lost some text.  Try typing  <return>  to proceed.
If that doesn't work, type  X <return>  to quit.


! LaTeX Error: Counter too large.

See the LaTeX manual or LaTeX Companion for explanation.
Type  H <return>  for immediate help.
 ...                                              
                                                  
l.141 \end{equation}
                    
You've lost some text.  Try typing  <return>  to proceed.
If that doesn't work, type  X <return>  to quit.

[916]

! LaTeX Error: Counter too large.

See the LaTeX manual or LaTeX Companion for explanation.
Type  H <return>  for immediate help.
 ...                                              
                                                  
l.214 \end{equation}
                    
You've lost some text.  Try typing  <return>  to proceed.
If that doesn't work, type  X <return>  to quit.

[917]

! LaTeX Error: Counter too large.

See the LaTeX manual or LaTeX Companion for explanation.
Type  H <return>  for immediate help.
 ...                                              
                                                  
l.293 \end{equation}
                    
You've lost some text.  Try typing  <return>  to proceed.
If that doesn't work, type  X <return>  to quit.

[918] [919]
Overfull \hbox (58.38675pt too wide) in paragraph at lines 405--415
 [] 
 []

) (app144_response_to_review.tex [920]

! LaTeX Error: Counter too large.

See the LaTeX manual or LaTeX Companion for explanation.
Type  H <return>  for immediate help.
 ...                                              
                                                  
l.87 \end{equation}
                   
You've lost some text.  Try typing  <return>  to proceed.
If that doesn't work, type  X <return>  to quit.


! LaTeX Error: Counter too large.

See the LaTeX manual or LaTeX Companion for explanation.
Type  H <return>  for immediate help.
 ...                                              
                                                  
l.98 \end{equation}
                   
You've lost some text.  Try typing  <return>  to proceed.
If that doesn't work, type  X <return>  to quit.


! LaTeX Error: Counter too large.

See the LaTeX manual or LaTeX Companion for explanation.
Type  H <return>  for immediate help.
 ...                                              
                                                  
l.106 \end{equation}
                    
You've lost some text.  Try typing  <return>  to proceed.
If that doesn't work, type  X <return>  to quit.


! LaTeX Error: Counter too large.

See the LaTeX manual or LaTeX Companion for explanation.
Type  H <return>  for immediate help.
 ...                                              
                                                  
l.112 \end{equation}
                    
You've lost some text.  Try typing  <return>  to proceed.
If that doesn't work, type  X <return>  to quit.

[921]

! LaTeX Error: Counter too large.

See the LaTeX manual or LaTeX Companion for explanation.
Type  H <return>  for immediate help.
 ...                                              
                                                  
l.119 \end{equation}
                    
You've lost some text.  Try typing  <return>  to proceed.
If that doesn't work, type  X <return>  to quit.


! LaTeX Error: Counter too large.

See the LaTeX manual or LaTeX Companion for explanation.
Type  H <return>  for immediate help.
 ...                                              
                                                  
l.124 \end{equation}
                    
You've lost some text.  Try typing  <return>  to proceed.
If that doesn't work, type  X <return>  to quit.


! LaTeX Error: Counter too large.

See the LaTeX manual or LaTeX Companion for explanation.
Type  H <return>  for immediate help.
 ...                                              
                                                  
l.130 \end{equation}
                    
You've lost some text.  Try typing  <return>  to proceed.
If that doesn't work, type  X <return>  to quit.


! LaTeX Error: Counter too large.

See the LaTeX manual or LaTeX Companion for explanation.
Type  H <return>  for immediate help.
 ...                                              
                                                  
l.137 \end{equation}
                    
You've lost some text.  Try typing  <return>  to proceed.
If that doesn't work, type  X <return>  to quit.


! LaTeX Error: Counter too large.

See the LaTeX manual or LaTeX Companion for explanation.
Type  H <return>  for immediate help.
 ...                                              
                                                  
l.144 \end{equation}
                    
You've lost some text.  Try typing  <return>  to proceed.
If that doesn't work, type  X <return>  to quit.


! LaTeX Error: Counter too large.

See the LaTeX manual or LaTeX Companion for explanation.
Type  H <return>  for immediate help.
 ...                                              
                                                  
l.155 \end{equation}
                    
You've lost some text.  Try typing  <return>  to proceed.
If that doesn't work, type  X <return>  to quit.


! LaTeX Error: Counter too large.

See the LaTeX manual or LaTeX Companion for explanation.
Type  H <return>  for immediate help.
 ...                                              
                                                  
l.160 \end{equation}
                    
You've lost some text.  Try typing  <return>  to proceed.
If that doesn't work, type  X <return>  to quit.


! LaTeX Error: Counter too large.

See the LaTeX manual or LaTeX Companion for explanation.
Type  H <return>  for immediate help.
 ...                                              
                                                  
l.168 \end{equation}
                    
You've lost some text.  Try typing  <return>  to proceed.
If that doesn't work, type  X <return>  to quit.


! LaTeX Error: Counter too large.

See the LaTeX manual or LaTeX Companion for explanation.
Type  H <return>  for immediate help.
 ...                                              
                                                  
l.174 \end{equation}
                    
You've lost some text.  Try typing  <return>  to proceed.
If that doesn't work, type  X <return>  to quit.

[922]

! LaTeX Error: Counter too large.

See the LaTeX manual or LaTeX Companion for explanation.
Type  H <return>  for immediate help.
 ...                                              
                                                  
l.191 \end{equation}
                    
You've lost some text.  Try typing  <return>  to proceed.
If that doesn't work, type  X <return>  to quit.


! LaTeX Error: Counter too large.

See the LaTeX manual or LaTeX Companion for explanation.
Type  H <return>  for immediate help.
 ...                                              
                                                  
l.204 \end{equation}
                    
You've lost some text.  Try typing  <return>  to proceed.
If that doesn't work, type  X <return>  to quit.


! LaTeX Error: Counter too large.

See the LaTeX manual or LaTeX Companion for explanation.
Type  H <return>  for immediate help.
 ...                                              
                                                  
l.211 \end{equation}
                    
You've lost some text.  Try typing  <return>  to proceed.
If that doesn't work, type  X <return>  to quit.


! LaTeX Error: Counter too large.

See the LaTeX manual or LaTeX Companion for explanation.
Type  H <return>  for immediate help.
 ...                                              
                                                  
l.217 \end{equation}
                    
You've lost some text.  Try typing  <return>  to proceed.
If that doesn't work, type  X <return>  to quit.


! LaTeX Error: Counter too large.

See the LaTeX manual or LaTeX Companion for explanation.
Type  H <return>  for immediate help.
 ...                                              
                                                  
l.224 \end{equation}
                    
You've lost some text.  Try typing  <return>  to proceed.
If that doesn't work, type  X <return>  to quit.


! LaTeX Error: Counter too large.

See the LaTeX manual or LaTeX Companion for explanation.
Type  H <return>  for immediate help.
 ...                                              
                                                  
l.230 \end{equation}
                    
You've lost some text.  Try typing  <return>  to proceed.
If that doesn't work, type  X <return>  to quit.


! LaTeX Error: Counter too large.

See the LaTeX manual or LaTeX Companion for explanation.
Type  H <return>  for immediate help.
 ...                                              
                                                  
l.238 \end{equation}
                    
You've lost some text.  Try typing  <return>  to proceed.
If that doesn't work, type  X <return>  to quit.


! LaTeX Error: Counter too large.

See the LaTeX manual or LaTeX Companion for explanation.
Type  H <return>  for immediate help.
 ...                                              
                                                  
l.244 \end{equation}
                    
You've lost some text.  Try typing  <return>  to proceed.
If that doesn't work, type  X <return>  to quit.


! LaTeX Error: Counter too large.

See the LaTeX manual or LaTeX Companion for explanation.
Type  H <return>  for immediate help.
 ...                                              
                                                  
l.252 \end{equation}
                    
You've lost some text.  Try typing  <return>  to proceed.
If that doesn't work, type  X <return>  to quit.


! LaTeX Error: Counter too large.

See the LaTeX manual or LaTeX Companion for explanation.
Type  H <return>  for immediate help.
 ...                                              
                                                  
l.260 \end{equation}
                    
You've lost some text.  Try typing  <return>  to proceed.
If that doesn't work, type  X <return>  to quit.


! LaTeX Error: Counter too large.

See the LaTeX manual or LaTeX Companion for explanation.
Type  H <return>  for immediate help.
 ...                                              
                                                  
l.268 \end{equation}
                    
You've lost some text.  Try typing  <return>  to proceed.
If that doesn't work, type  X <return>  to quit.

[923]

! LaTeX Error: Counter too large.

See the LaTeX manual or LaTeX Companion for explanation.
Type  H <return>  for immediate help.
 ...                                              
                                                  
l.274 \end{equation}
                    
You've lost some text.  Try typing  <return>  to proceed.
If that doesn't work, type  X <return>  to quit.


! LaTeX Error: Counter too large.

See the LaTeX manual or LaTeX Companion for explanation.
Type  H <return>  for immediate help.
 ...                                              
                                                  
l.279 \end{equation}
                    
You've lost some text.  Try typing  <return>  to proceed.
If that doesn't work, type  X <return>  to quit.


! LaTeX Error: Counter too large.

See the LaTeX manual or LaTeX Companion for explanation.
Type  H <return>  for immediate help.
 ...                                              
                                                  
l.297 \end{equation}
                    
You've lost some text.  Try typing  <return>  to proceed.
If that doesn't work, type  X <return>  to quit.


! LaTeX Error: Counter too large.

See the LaTeX manual or LaTeX Companion for explanation.
Type  H <return>  for immediate help.
 ...                                              
                                                  
l.309 \end{equation}
                    
You've lost some text.  Try typing  <return>  to proceed.
If that doesn't work, type  X <return>  to quit.


! LaTeX Error: Counter too large.

See the LaTeX manual or LaTeX Companion for explanation.
Type  H <return>  for immediate help.
 ...                                              
                                                  
l.317 \end{equation}
                    
You've lost some text.  Try typing  <return>  to proceed.
If that doesn't work, type  X <return>  to quit.


! LaTeX Error: Counter too large.

See the LaTeX manual or LaTeX Companion for explanation.
Type  H <return>  for immediate help.
 ...                                              
                                                  
l.322 \end{equation}
                    
You've lost some text.  Try typing  <return>  to proceed.
If that doesn't work, type  X <return>  to quit.


! LaTeX Error: Counter too large.

See the LaTeX manual or LaTeX Companion for explanation.
Type  H <return>  for immediate help.
 ...                                              
                                                  
l.330 \end{equation}
                    
You've lost some text.  Try typing  <return>  to proceed.
If that doesn't work, type  X <return>  to quit.


! LaTeX Error: Counter too large.

See the LaTeX manual or LaTeX Companion for explanation.
Type  H <return>  for immediate help.
 ...                                              
                                                  
l.338 \end{equation}
                    
You've lost some text.  Try typing  <return>  to proceed.
If that doesn't work, type  X <return>  to quit.

[924]

! LaTeX Error: Counter too large.

See the LaTeX manual or LaTeX Companion for explanation.
Type  H <return>  for immediate help.
 ...                                              
                                                  
l.344 \end{equation}
                    
You've lost some text.  Try typing  <return>  to proceed.
If that doesn't work, type  X <return>  to quit.


! LaTeX Error: Counter too large.

See the LaTeX manual or LaTeX Companion for explanation.
Type  H <return>  for immediate help.
 ...                                              
                                                  
l.351 \end{equation}
                    
You've lost some text.  Try typing  <return>  to proceed.
If that doesn't work, type  X <return>  to quit.


! LaTeX Error: Counter too large.

See the LaTeX manual or LaTeX Companion for explanation.
Type  H <return>  for immediate help.
 ...                                              
                                                  
l.359 \end{equation}
                    
You've lost some text.  Try typing  <return>  to proceed.
If that doesn't work, type  X <return>  to quit.


! LaTeX Error: Counter too large.

See the LaTeX manual or LaTeX Companion for explanation.
Type  H <return>  for immediate help.
 ...                                              
                                                  
l.365 \end{equation}
                    
You've lost some text.  Try typing  <return>  to proceed.
If that doesn't work, type  X <return>  to quit.


! LaTeX Error: Counter too large.

See the LaTeX manual or LaTeX Companion for explanation.
Type  H <return>  for immediate help.
 ...                                              
                                                  
l.372 \end{equation}
                    
You've lost some text.  Try typing  <return>  to proceed.
If that doesn't work, type  X <return>  to quit.


! LaTeX Error: Counter too large.

See the LaTeX manual or LaTeX Companion for explanation.
Type  H <return>  for immediate help.
 ...                                              
                                                  
l.382 \end{equation}
                    
You've lost some text.  Try typing  <return>  to proceed.
If that doesn't work, type  X <return>  to quit.


! LaTeX Error: Counter too large.

See the LaTeX manual or LaTeX Companion for explanation.
Type  H <return>  for immediate help.
 ...                                              
                                                  
l.391 \end{equation}
                    
You've lost some text.  Try typing  <return>  to proceed.
If that doesn't work, type  X <return>  to quit.


! LaTeX Error: Counter too large.

See the LaTeX manual or LaTeX Companion for explanation.
Type  H <return>  for immediate help.
 ...                                              
                                                  
l.396 \end{equation}
                    
You've lost some text.  Try typing  <return>  to proceed.
If that doesn't work, type  X <return>  to quit.


! LaTeX Error: Counter too large.

See the LaTeX manual or LaTeX Companion for explanation.
Type  H <return>  for immediate help.
 ...                                              
                                                  
l.404 \end{equation}
                    
You've lost some text.  Try typing  <return>  to proceed.
If that doesn't work, type  X <return>  to quit.


! LaTeX Error: Counter too large.

See the LaTeX manual or LaTeX Companion for explanation.
Type  H <return>  for immediate help.
 ...                                              
                                                  
l.409 \end{equation}
                    
You've lost some text.  Try typing  <return>  to proceed.
If that doesn't work, type  X <return>  to quit.

[925]

! LaTeX Error: Counter too large.

See the LaTeX manual or LaTeX Companion for explanation.
Type  H <return>  for immediate help.
 ...                                              
                                                  
l.416 \end{equation}
                    
You've lost some text.  Try typing  <return>  to proceed.
If that doesn't work, type  X <return>  to quit.


! LaTeX Error: Counter too large.

See the LaTeX manual or LaTeX Companion for explanation.
Type  H <return>  for immediate help.
 ...                                              
                                                  
l.422 \end{equation}
                    
You've lost some text.  Try typing  <return>  to proceed.
If that doesn't work, type  X <return>  to quit.


! LaTeX Error: Counter too large.

See the LaTeX manual or LaTeX Companion for explanation.
Type  H <return>  for immediate help.
 ...                                              
                                                  
l.427 \end{equation}
                    
You've lost some text.  Try typing  <return>  to proceed.
If that doesn't work, type  X <return>  to quit.


! LaTeX Error: Counter too large.

See the LaTeX manual or LaTeX Companion for explanation.
Type  H <return>  for immediate help.
 ...                                              
                                                  
l.436 \end{equation}
                    
You've lost some text.  Try typing  <return>  to proceed.
If that doesn't work, type  X <return>  to quit.


! LaTeX Error: Counter too large.

See the LaTeX manual or LaTeX Companion for explanation.
Type  H <return>  for immediate help.
 ...                                              
                                                  
l.441 \end{equation}
                    
You've lost some text.  Try typing  <return>  to proceed.
If that doesn't work, type  X <return>  to quit.


! LaTeX Error: Counter too large.

See the LaTeX manual or LaTeX Companion for explanation.
Type  H <return>  for immediate help.
 ...                                              
                                                  
l.447 \end{equation}
                    
You've lost some text.  Try typing  <return>  to proceed.
If that doesn't work, type  X <return>  to quit.


! LaTeX Error: Counter too large.

See the LaTeX manual or LaTeX Companion for explanation.
Type  H <return>  for immediate help.
 ...                                              
                                                  
l.454 \end{equation}
                    
You've lost some text.  Try typing  <return>  to proceed.
If that doesn't work, type  X <return>  to quit.

[926]

! LaTeX Error: Counter too large.

See the LaTeX manual or LaTeX Companion for explanation.
Type  H <return>  for immediate help.
 ...                                              
                                                  
l.490 \end{equation}
                    
You've lost some text.  Try typing  <return>  to proceed.
If that doesn't work, type  X <return>  to quit.


! LaTeX Error: Counter too large.

See the LaTeX manual or LaTeX Companion for explanation.
Type  H <return>  for immediate help.
 ...                                              
                                                  
l.523 \end{equation}
                    
You've lost some text.  Try typing  <return>  to proceed.
If that doesn't work, type  X <return>  to quit.


! LaTeX Error: Counter too large.

See the LaTeX manual or LaTeX Companion for explanation.
Type  H <return>  for immediate help.
 ...                                              
                                                  
l.541 \end{equation}
                    
You've lost some text.  Try typing  <return>  to proceed.
If that doesn't work, type  X <return>  to quit.


! LaTeX Error: Counter too large.

See the LaTeX manual or LaTeX Companion for explanation.
Type  H <return>  for immediate help.
 ...                                              
                                                  
l.545 \end{equation}
                    
You've lost some text.  Try typing  <return>  to proceed.
If that doesn't work, type  X <return>  to quit.


! LaTeX Error: Counter too large.

See the LaTeX manual or LaTeX Companion for explanation.
Type  H <return>  for immediate help.
 ...                                              
                                                  
l.556 \end{equation}
                    
You've lost some text.  Try typing  <return>  to proceed.
If that doesn't work, type  X <return>  to quit.

[927]

! LaTeX Error: Counter too large.

See the LaTeX manual or LaTeX Companion for explanation.
Type  H <return>  for immediate help.
 ...                                              
                                                  
l.563 \end{equation}
                    
You've lost some text.  Try typing  <return>  to proceed.
If that doesn't work, type  X <return>  to quit.


! LaTeX Error: Counter too large.

See the LaTeX manual or LaTeX Companion for explanation.
Type  H <return>  for immediate help.
 ...                                              
                                                  
l.568 \end{equation}
                    
You've lost some text.  Try typing  <return>  to proceed.
If that doesn't work, type  X <return>  to quit.


! LaTeX Error: Counter too large.

See the LaTeX manual or LaTeX Companion for explanation.
Type  H <return>  for immediate help.
 ...                                              
                                                  
l.577 \end{equation}
                    
You've lost some text.  Try typing  <return>  to proceed.
If that doesn't work, type  X <return>  to quit.


! LaTeX Error: Counter too large.

See the LaTeX manual or LaTeX Companion for explanation.
Type  H <return>  for immediate help.
 ...                                              
                                                  
l.585 \end{equation}
                    
You've lost some text.  Try typing  <return>  to proceed.
If that doesn't work, type  X <return>  to quit.


! LaTeX Error: Counter too large.

See the LaTeX manual or LaTeX Companion for explanation.
Type  H <return>  for immediate help.
 ...                                              
                                                  
l.589 \end{equation}
                    
You've lost some text.  Try typing  <return>  to proceed.
If that doesn't work, type  X <return>  to quit.


! LaTeX Error: Counter too large.

See the LaTeX manual or LaTeX Companion for explanation.
Type  H <return>  for immediate help.
 ...                                              
                                                  
l.598 \end{equation}
                    
You've lost some text.  Try typing  <return>  to proceed.
If that doesn't work, type  X <return>  to quit.


! LaTeX Error: Counter too large.

See the LaTeX manual or LaTeX Companion for explanation.
Type  H <return>  for immediate help.
 ...                                              
                                                  
l.606 \end{equation}
                    
You've lost some text.  Try typing  <return>  to proceed.
If that doesn't work, type  X <return>  to quit.


! LaTeX Error: Counter too large.

See the LaTeX manual or LaTeX Companion for explanation.
Type  H <return>  for immediate help.
 ...                                              
                                                  
l.613 \end{equation}
                    
You've lost some text.  Try typing  <return>  to proceed.
If that doesn't work, type  X <return>  to quit.


LaTeX Warning: Reference `lem:log-rp-bound' on page 928 undefined on input line
 628.

[928] [929] [930]) (app158_response_to_review_v2.tex [931] [932]) [933]
Appendix \GenericError {               }{LaTeX Error: Counter too large}{See th
e LaTeX manual or LaTeX Companion for explanation.}{You've lost some text.  Try
 typing  <return>  to proceed.\MessageBreak If that doesn't work, type  X <retu
rn>  to quit.}.

! LaTeX Error: Counter too large.

See the LaTeX manual or LaTeX Companion for explanation.
Type  H <return>  for immediate help.
 ...                                              
                                                  
l.517 \chapter{Computer-Assisted Verification}
                                              
You've lost some text.  Try typing  <return>  to proceed.
If that doesn't work, type  X <return>  to quit.

(app129_computer_verifiable.tex

! LaTeX Error: Counter too large.

See the LaTeX manual or LaTeX Companion for explanation.
Type  H <return>  for immediate help.
 ...                                              
                                                  
l.20 \end{equation}
                   
You've lost some text.  Try typing  <return>  to proceed.
If that doesn't work, type  X <return>  to quit.


! LaTeX Error: Counter too large.

See the LaTeX manual or LaTeX Companion for explanation.
Type  H <return>  for immediate help.
 ...                                              
                                                  
l.47 \end{equation}
                   
You've lost some text.  Try typing  <return>  to proceed.
If that doesn't work, type  X <return>  to quit.


! LaTeX Error: Counter too large.

See the LaTeX manual or LaTeX Companion for explanation.
Type  H <return>  for immediate help.
 ...                                              
                                                  
l.63 \end{equation}
                   
You've lost some text.  Try typing  <return>  to proceed.
If that doesn't work, type  X <return>  to quit.

[934

]

! LaTeX Error: Counter too large.

See the LaTeX manual or LaTeX Companion for explanation.
Type  H <return>  for immediate help.
 ...                                              
                                                  
l.84 \end{equation}
                   
You've lost some text.  Try typing  <return>  to proceed.
If that doesn't work, type  X <return>  to quit.


! LaTeX Error: Counter too large.

See the LaTeX manual or LaTeX Companion for explanation.
Type  H <return>  for immediate help.
 ...                                              
                                                  
l.110 \end{equation}
                    
You've lost some text.  Try typing  <return>  to proceed.
If that doesn't work, type  X <return>  to quit.


! LaTeX Error: Counter too large.

See the LaTeX manual or LaTeX Companion for explanation.
Type  H <return>  for immediate help.
 ...                                              
                                                  
l.125 \end{equation}
                    
You've lost some text.  Try typing  <return>  to proceed.
If that doesn't work, type  X <return>  to quit.


! LaTeX Error: Counter too large.

See the LaTeX manual or LaTeX Companion for explanation.
Type  H <return>  for immediate help.
 ...                                              
                                                  
l.153 \end{equation}
                    
You've lost some text.  Try typing  <return>  to proceed.
If that doesn't work, type  X <return>  to quit.


! LaTeX Error: Counter too large.

See the LaTeX manual or LaTeX Companion for explanation.
Type  H <return>  for immediate help.
 ...                                              
                                                  
l.158 \end{equation}
                    
You've lost some text.  Try typing  <return>  to proceed.
If that doesn't work, type  X <return>  to quit.

[935]

! LaTeX Error: Counter too large.

See the LaTeX manual or LaTeX Companion for explanation.
Type  H <return>  for immediate help.
 ...                                              
                                                  
l.170 \end{equation}
                    
You've lost some text.  Try typing  <return>  to proceed.
If that doesn't work, type  X <return>  to quit.


! LaTeX Error: Counter too large.

See the LaTeX manual or LaTeX Companion for explanation.
Type  H <return>  for immediate help.
 ...                                              
                                                  
l.183 \end{equation}
                    
You've lost some text.  Try typing  <return>  to proceed.
If that doesn't work, type  X <return>  to quit.


! LaTeX Error: Counter too large.

See the LaTeX manual or LaTeX Companion for explanation.
Type  H <return>  for immediate help.
 ...                                              
                                                  
l.188 \end{equation}
                    
You've lost some text.  Try typing  <return>  to proceed.
If that doesn't work, type  X <return>  to quit.


! LaTeX Error: Counter too large.

See the LaTeX manual or LaTeX Companion for explanation.
Type  H <return>  for immediate help.
 ...                                              
                                                  
l.200 \end{equation}
                    
You've lost some text.  Try typing  <return>  to proceed.
If that doesn't work, type  X <return>  to quit.


! LaTeX Error: Counter too large.

See the LaTeX manual or LaTeX Companion for explanation.
Type  H <return>  for immediate help.
 ...                                              
                                                  
l.206 \end{align}
                 
You've lost some text.  Try typing  <return>  to proceed.
If that doesn't work, type  X <return>  to quit.


! LaTeX Error: Counter too large.

See the LaTeX manual or LaTeX Companion for explanation.
Type  H <return>  for immediate help.
 ...                                              
                                                  
l.206 \end{align}
                 
You've lost some text.  Try typing  <return>  to proceed.
If that doesn't work, type  X <return>  to quit.


! LaTeX Error: Counter too large.

See the LaTeX manual or LaTeX Companion for explanation.
Type  H <return>  for immediate help.
 ...                                              
                                                  
l.206 \end{align}
                 
You've lost some text.  Try typing  <return>  to proceed.
If that doesn't work, type  X <return>  to quit.


! LaTeX Error: Counter too large.

See the LaTeX manual or LaTeX Companion for explanation.
Type  H <return>  for immediate help.
 ...                                              
                                                  
l.206 \end{align}
                 
You've lost some text.  Try typing  <return>  to proceed.
If that doesn't work, type  X <return>  to quit.


! LaTeX Error: Counter too large.

See the LaTeX manual or LaTeX Companion for explanation.
Type  H <return>  for immediate help.
 ...                                              
                                                  
l.213 \end{equation}
                    
You've lost some text.  Try typing  <return>  to proceed.
If that doesn't work, type  X <return>  to quit.


! LaTeX Error: Counter too large.

See the LaTeX manual or LaTeX Companion for explanation.
Type  H <return>  for immediate help.
 ...                                              
                                                  
l.219 \end{equation}
                    
You've lost some text.  Try typing  <return>  to proceed.
If that doesn't work, type  X <return>  to quit.

[936] [937]) [938]
Appendix \GenericError {               }{LaTeX Error: Counter too large}{See th
e LaTeX manual or LaTeX Companion for explanation.}{You've lost some text.  Try
 typing  <return>  to proceed.\MessageBreak If that doesn't work, type  X <retu
rn>  to quit.}.

! LaTeX Error: Counter too large.

See the LaTeX manual or LaTeX Companion for explanation.
Type  H <return>  for immediate help.
 ...                                              
                                                  
l.525 \chapter{Summary of Results and Status}
                                             
You've lost some text.  Try typing  <return>  to proceed.
If that doesn't work, type  X <return>  to quit.

(app243_complete_resolution_summary.tex
Overfull \hbox (5.51816pt too wide) in paragraph at lines 28--30
[][]\T1/cmr/bx/n/10.95 Theorem R.1.1 \T1/cmr/m/n/10.95 (Con-trolled Non-Lo-cal-
ity - Sum-mary)\T1/cmr/bx/n/10.95 . []\T1/cmr/m/it/10.95 For ad-joint fermion m
ass $\OML/cmm/m/it/10.95 M > M[]\OT1/cmr/m/n/10.95 (\OML/cmm/m/it/10.95 ^^L; g\
OT1/cmr/m/n/10.95 )$\T1/cmr/m/it/10.95 : 
 []

[939

]

! LaTeX Error: Counter too large.

See the LaTeX manual or LaTeX Companion for explanation.
Type  H <return>  for immediate help.
 ...                                              
                                                  
l.88 ...ate after resolving critical obstructions}
                                                  
You've lost some text.  Try typing  <return>  to proceed.
If that doesn't work, type  X <return>  to quit.


Underfull \hbox (badness 3735) in paragraph at lines 118--119
[]|\T1/cmr/m/n/10 Polynomial bounds with ex-plicit
 []


Overfull \hbox (14.95709pt too wide) in paragraph at lines 111--123
 [][] 
 []


! LaTeX Error: Counter too large.

See the LaTeX manual or LaTeX Companion for explanation.
Type  H <return>  for immediate help.
 ...                                              
                                                  
l.123 \caption{Advances over existing literature}
                                                 
You've lost some text.  Try typing  <return>  to proceed.
If that doesn't work, type  X <return>  to quit.


LaTeX Warning: `h' float specifier changed to `ht'.

[940]) (app156_final_synthesis.tex [941]

! LaTeX Error: Counter too large.

See the LaTeX manual or LaTeX Companion for explanation.
Type  H <return>  for immediate help.
 ...                                              
                                                  
l.20 \end{equation}
                   
You've lost some text.  Try typing  <return>  to proceed.
If that doesn't work, type  X <return>  to quit.


! LaTeX Error: Counter too large.

See the LaTeX manual or LaTeX Companion for explanation.
Type  H <return>  for immediate help.
 ...                                              
                                                  
l.27 \end{equation}
                   
You've lost some text.  Try typing  <return>  to proceed.
If that doesn't work, type  X <return>  to quit.


! LaTeX Error: Counter too large.

See the LaTeX manual or LaTeX Companion for explanation.
Type  H <return>  for immediate help.
 ...                                              
                                                  
l.33 \end{equation}
                   
You've lost some text.  Try typing  <return>  to proceed.
If that doesn't work, type  X <return>  to quit.


! LaTeX Error: Counter too large.

See the LaTeX manual or LaTeX Companion for explanation.
Type  H <return>  for immediate help.
 ...                                              
                                                  
l.40 \end{equation}
                   
You've lost some text.  Try typing  <return>  to proceed.
If that doesn't work, type  X <return>  to quit.


! LaTeX Error: Counter too large.

See the LaTeX manual or LaTeX Companion for explanation.
Type  H <return>  for immediate help.
 ...                                              
                                                  
l.48 \end{equation}
                   
You've lost some text.  Try typing  <return>  to proceed.
If that doesn't work, type  X <return>  to quit.

) [942]
Appendix \GenericError {               }{LaTeX Error: Counter too large}{See th
e LaTeX manual or LaTeX Companion for explanation.}{You've lost some text.  Try
 typing  <return>  to proceed.\MessageBreak If that doesn't work, type  X <retu
rn>  to quit.}.

! LaTeX Error: Counter too large.

See the LaTeX manual or LaTeX Companion for explanation.
Type  H <return>  for immediate help.
 ...                                              
                                                  
l.534 \chapter{Foundational Technical Appendices}
                                                 
You've lost some text.  Try typing  <return>  to proceed.
If that doesn't work, type  X <return>  to quit.

(app_appendix_A_interval_arithmetic.tex [943

]
Appendix \GenericError {               }{LaTeX Error: Counter too large}{See th
e LaTeX manual or LaTeX Companion for explanation.}{You've lost some text.  Try
 typing  <return>  to proceed.\MessageBreak If that doesn't work, type  X <retu
rn>  to quit.}.

! LaTeX Error: Counter too large.

See the LaTeX manual or LaTeX Companion for explanation.
Type  H <return>  for immediate help.
 ...                                              
                                                  
l.1 ...al Arithmetic Verification of the Mass Gap}
                                                  
You've lost some text.  Try typing  <return>  to proceed.
If that doesn't work, type  X <return>  to quit.


! LaTeX Error: Counter too large.

See the LaTeX manual or LaTeX Companion for explanation.
Type  H <return>  for immediate help.
 ...                                              
                                                  
l.15 \end{equation}
                   
You've lost some text.  Try typing  <return>  to proceed.
If that doesn't work, type  X <return>  to quit.


! LaTeX Error: Counter too large.

See the LaTeX manual or LaTeX Companion for explanation.
Type  H <return>  for immediate help.
 ...                                              
                                                  
l.20 \end{align}
                
You've lost some text.  Try typing  <return>  to proceed.
If that doesn't work, type  X <return>  to quit.


! LaTeX Error: Counter too large.

See the LaTeX manual or LaTeX Companion for explanation.
Type  H <return>  for immediate help.
 ...                                              
                                                  
l.20 \end{align}
                
You've lost some text.  Try typing  <return>  to proceed.
If that doesn't work, type  X <return>  to quit.


! LaTeX Error: Counter too large.

See the LaTeX manual or LaTeX Companion for explanation.
Type  H <return>  for immediate help.
 ...                                              
                                                  
l.20 \end{align}
                
You've lost some text.  Try typing  <return>  to proceed.
If that doesn't work, type  X <return>  to quit.


! LaTeX Error: Counter too large.

See the LaTeX manual or LaTeX Companion for explanation.
Type  H <return>  for immediate help.
 ...                                              
                                                  
l.20 \end{align}
                
You've lost some text.  Try typing  <return>  to proceed.
If that doesn't work, type  X <return>  to quit.


! LaTeX Error: Counter too large.

See the LaTeX manual or LaTeX Companion for explanation.
Type  H <return>  for immediate help.
 ...                                              
                                                  
l.30 \end{equation}
                   
You've lost some text.  Try typing  <return>  to proceed.
If that doesn't work, type  X <return>  to quit.

[944

]

! LaTeX Error: Counter too large.

See the LaTeX manual or LaTeX Companion for explanation.
Type  H <return>  for immediate help.
 ...                                              
                                                  
l.40 \end{equation}
                   
You've lost some text.  Try typing  <return>  to proceed.
If that doesn't work, type  X <return>  to quit.


! LaTeX Error: Counter too large.

See the LaTeX manual or LaTeX Companion for explanation.
Type  H <return>  for immediate help.
 ...                                              
                                                  
l.46 \end{equation}
                   
You've lost some text.  Try typing  <return>  to proceed.
If that doesn't work, type  X <return>  to quit.


! LaTeX Error: Counter too large.

See the LaTeX manual or LaTeX Companion for explanation.
Type  H <return>  for immediate help.
 ...                                              
                                                  
l.50 \end{equation}
                   
You've lost some text.  Try typing  <return>  to proceed.
If that doesn't work, type  X <return>  to quit.

) (app_appendix_B_fredenhagen_marcu.tex [945]
Appendix \GenericError {               }{LaTeX Error: Counter too large}{See th
e LaTeX manual or LaTeX Companion for explanation.}{You've lost some text.  Try
 typing  <return>  to proceed.\MessageBreak If that doesn't work, type  X <retu
rn>  to quit.}.

! LaTeX Error: Counter too large.

See the LaTeX manual or LaTeX Companion for explanation.
Type  H <return>  for immediate help.
 ...                                              
                                                  
l.1 ...n of the Fredenhagen-Marcu Order Parameter}
                                                  
You've lost some text.  Try typing  <return>  to proceed.
If that doesn't work, type  X <return>  to quit.


! LaTeX Error: Counter too large.

See the LaTeX manual or LaTeX Companion for explanation.
Type  H <return>  for immediate help.
 ...                                              
                                                  
l.14 \end{equation}
                   
You've lost some text.  Try typing  <return>  to proceed.
If that doesn't work, type  X <return>  to quit.


! LaTeX Error: Counter too large.

See the LaTeX manual or LaTeX Companion for explanation.
Type  H <return>  for immediate help.
 ...                                              
                                                  
l.18 \end{equation}
                   
You've lost some text.  Try typing  <return>  to proceed.
If that doesn't work, type  X <return>  to quit.


! LaTeX Error: Counter too large.

See the LaTeX manual or LaTeX Companion for explanation.
Type  H <return>  for immediate help.
 ...                                              
                                                  
l.26 \end{align}
                
You've lost some text.  Try typing  <return>  to proceed.
If that doesn't work, type  X <return>  to quit.


! LaTeX Error: Counter too large.

See the LaTeX manual or LaTeX Companion for explanation.
Type  H <return>  for immediate help.
 ...                                              
                                                  
l.26 \end{align}
                
You've lost some text.  Try typing  <return>  to proceed.
If that doesn't work, type  X <return>  to quit.


! LaTeX Error: Counter too large.

See the LaTeX manual or LaTeX Companion for explanation.
Type  H <return>  for immediate help.
 ...                                              
                                                  
l.26 \end{align}
                
You've lost some text.  Try typing  <return>  to proceed.
If that doesn't work, type  X <return>  to quit.


! LaTeX Error: Counter too large.

See the LaTeX manual or LaTeX Companion for explanation.
Type  H <return>  for immediate help.
 ...                                              
                                                  
l.26 \end{align}
                
You've lost some text.  Try typing  <return>  to proceed.
If that doesn't work, type  X <return>  to quit.


! LaTeX Error: Counter too large.

See the LaTeX manual or LaTeX Companion for explanation.
Type  H <return>  for immediate help.
 ...                                              
                                                  
l.33 \end{equation}
                   
You've lost some text.  Try typing  <return>  to proceed.
If that doesn't work, type  X <return>  to quit.

[946

]

! LaTeX Error: Counter too large.

See the LaTeX manual or LaTeX Companion for explanation.
Type  H <return>  for immediate help.
 ...                                              
                                                  
l.40 \end{equation}
                   
You've lost some text.  Try typing  <return>  to proceed.
If that doesn't work, type  X <return>  to quit.

) (app_appendix_C_symanzik_so4.tex [947]
Appendix \GenericError {               }{LaTeX Error: Counter too large}{See th
e LaTeX manual or LaTeX Companion for explanation.}{You've lost some text.  Try
 typing  <return>  to proceed.\MessageBreak If that doesn't work, type  X <retu
rn>  to quit.}.

! LaTeX Error: Counter too large.

See the LaTeX manual or LaTeX Companion for explanation.
Type  H <return>  for immediate help.
 ...                                              
                                                  
l.1 ...ration of SO(4) Symmetry via Symanzik Flow}
                                                  
You've lost some text.  Try typing  <return>  to proceed.
If that doesn't work, type  X <return>  to quit.


! LaTeX Error: Counter too large.

See the LaTeX manual or LaTeX Companion for explanation.
Type  H <return>  for immediate help.
 ...                                              
                                                  
l.20 \end{equation}
                   
You've lost some text.  Try typing  <return>  to proceed.
If that doesn't work, type  X <return>  to quit.


! LaTeX Error: Counter too large.

See the LaTeX manual or LaTeX Companion for explanation.
Type  H <return>  for immediate help.
 ...                                              
                                                  
l.36 \end{equation}
                   
You've lost some text.  Try typing  <return>  to proceed.
If that doesn't work, type  X <return>  to quit.


! LaTeX Error: Counter too large.

See the LaTeX manual or LaTeX Companion for explanation.
Type  H <return>  for immediate help.
 ...                                              
                                                  
l.45     \end{equation}
                       
You've lost some text.  Try typing  <return>  to proceed.
If that doesn't work, type  X <return>  to quit.

[948

]

! LaTeX Error: Counter too large.

See the LaTeX manual or LaTeX Companion for explanation.
Type  H <return>  for immediate help.
 ...                                              
                                                  
l.50     \end{equation}
                       
You've lost some text.  Try typing  <return>  to proceed.
If that doesn't work, type  X <return>  to quit.


! LaTeX Error: Counter too large.

See the LaTeX manual or LaTeX Companion for explanation.
Type  H <return>  for immediate help.
 ...                                              
                                                  
l.60 \end{equation}
                   
You've lost some text.  Try typing  <return>  to proceed.
If that doesn't work, type  X <return>  to quit.


! LaTeX Error: Counter too large.

See the LaTeX manual or LaTeX Companion for explanation.
Type  H <return>  for immediate help.
 ...                                              
                                                  
l.68 \end{equation}
                   
You've lost some text.  Try typing  <return>  to proceed.
If that doesn't work, type  X <return>  to quit.


! LaTeX Error: Counter too large.

See the LaTeX manual or LaTeX Companion for explanation.
Type  H <return>  for immediate help.
 ...                                              
                                                  
l.72 \end{equation}
                   
You've lost some text.  Try typing  <return>  to proceed.
If that doesn't work, type  X <return>  to quit.


! LaTeX Error: Counter too large.

See the LaTeX manual or LaTeX Companion for explanation.
Type  H <return>  for immediate help.
 ...                                              
                                                  
l.85 \end{equation}
                   
You've lost some text.  Try typing  <return>  to proceed.
If that doesn't work, type  X <return>  to quit.


! LaTeX Error: Counter too large.

See the LaTeX manual or LaTeX Companion for explanation.
Type  H <return>  for immediate help.
 ...                                              
                                                  
l.94 \end{equation}
                   
You've lost some text.  Try typing  <return>  to proceed.
If that doesn't work, type  X <return>  to quit.

[949]) (app_appendix_D_balaban_sun.tex [950]
Appendix \GenericError {               }{LaTeX Error: Counter too large}{See th
e LaTeX manual or LaTeX Companion for explanation.}{You've lost some text.  Try
 typing  <return>  to proceed.\MessageBreak If that doesn't work, type  X <retu
rn>  to quit.}.

! LaTeX Error: Counter too large.

See the LaTeX manual or LaTeX Companion for explanation.
Type  H <return>  for immediate help.
 ...                                              
                                                  
l.1 ...ous Extension of Balaban's Bounds to SU(N)}
                                                  
You've lost some text.  Try typing  <return>  to proceed.
If that doesn't work, type  X <return>  to quit.


! LaTeX Error: Counter too large.

See the LaTeX manual or LaTeX Companion for explanation.
Type  H <return>  for immediate help.
 ...                                              
                                                  
l.20 \end{equation}
                   
You've lost some text.  Try typing  <return>  to proceed.
If that doesn't work, type  X <return>  to quit.


! LaTeX Error: Counter too large.

See the LaTeX manual or LaTeX Companion for explanation.
Type  H <return>  for immediate help.
 ...                                              
                                                  
l.31 \end{equation}
                   
You've lost some text.  Try typing  <return>  to proceed.
If that doesn't work, type  X <return>  to quit.


! LaTeX Error: Counter too large.

See the LaTeX manual or LaTeX Companion for explanation.
Type  H <return>  for immediate help.
 ...                                              
                                                  
l.35 \end{equation}
                   
You've lost some text.  Try typing  <return>  to proceed.
If that doesn't work, type  X <return>  to quit.


! LaTeX Error: Counter too large.

See the LaTeX manual or LaTeX Companion for explanation.
Type  H <return>  for immediate help.
 ...                                              
                                                  
l.47 \end{equation}
                   
You've lost some text.  Try typing  <return>  to proceed.
If that doesn't work, type  X <return>  to quit.

[951

]

! LaTeX Error: Counter too large.

See the LaTeX manual or LaTeX Companion for explanation.
Type  H <return>  for immediate help.
 ...                                              
                                                  
l.57     \end{equation}
                       
You've lost some text.  Try typing  <return>  to proceed.
If that doesn't work, type  X <return>  to quit.


! LaTeX Error: Counter too large.

See the LaTeX manual or LaTeX Companion for explanation.
Type  H <return>  for immediate help.
 ...                                              
                                                  
l.62     \end{equation}
                       
You've lost some text.  Try typing  <return>  to proceed.
If that doesn't work, type  X <return>  to quit.


! LaTeX Error: Counter too large.

See the LaTeX manual or LaTeX Companion for explanation.
Type  H <return>  for immediate help.
 ...                                              
                                                  
l.83 \end{equation}
                   
You've lost some text.  Try typing  <return>  to proceed.
If that doesn't work, type  X <return>  to quit.


! LaTeX Error: Counter too large.

See the LaTeX manual or LaTeX Companion for explanation.
Type  H <return>  for immediate help.
 ...                                              
                                                  
l.91 \end{equation}
                   
You've lost some text.  Try typing  <return>  to proceed.
If that doesn't work, type  X <return>  to quit.


! LaTeX Error: Counter too large.

See the LaTeX manual or LaTeX Companion for explanation.
Type  H <return>  for immediate help.
 ...                                              
                                                  
l.96 \end{equation}
                   
You've lost some text.  Try typing  <return>  to proceed.
If that doesn't work, type  X <return>  to quit.


! LaTeX Error: Counter too large.

See the LaTeX manual or LaTeX Companion for explanation.
Type  H <return>  for immediate help.
 ...                                              
                                                  
l.101 \end{equation}
                    
You've lost some text.  Try typing  <return>  to proceed.
If that doesn't work, type  X <return>  to quit.

[952]

! LaTeX Error: Counter too large.

See the LaTeX manual or LaTeX Companion for explanation.
Type  H <return>  for immediate help.
 ...                                              
                                                  
l.112 \end{equation}
                    
You've lost some text.  Try typing  <return>  to proceed.
If that doesn't work, type  X <return>  to quit.


! LaTeX Error: Counter too large.

See the LaTeX manual or LaTeX Companion for explanation.
Type  H <return>  for immediate help.
 ...                                              
                                                  
l.118 \end{equation}
                    
You've lost some text.  Try typing  <return>  to proceed.
If that doesn't work, type  X <return>  to quit.


! LaTeX Error: Counter too large.

See the LaTeX manual or LaTeX Companion for explanation.
Type  H <return>  for immediate help.
 ...                                              
                                                  
l.128 \end{equation}
                    
You've lost some text.  Try typing  <return>  to proceed.
If that doesn't work, type  X <return>  to quit.


! LaTeX Error: Counter too large.

See the LaTeX manual or LaTeX Companion for explanation.
Type  H <return>  for immediate help.
 ...                                              
                                                  
l.133 \end{equation}
                    
You've lost some text.  Try typing  <return>  to proceed.
If that doesn't work, type  X <return>  to quit.

) [953] [954]
Appendix \GenericError {               }{LaTeX Error: Counter too large}{See th
e LaTeX manual or LaTeX Companion for explanation.}{You've lost some text.  Try
 typing  <return>  to proceed.\MessageBreak If that doesn't work, type  X <retu
rn>  to quit.}.

! LaTeX Error: Counter too large.

See the LaTeX manual or LaTeX Companion for explanation.
Type  H <return>  for immediate help.
 ...                                              
                                                  
l.545 ...pter{Executive Summary and Open Problems}
                                                  
You've lost some text.  Try typing  <return>  to proceed.
If that doesn't work, type  X <return>  to quit.

(app179_executive_summary.tex
Overfull \hbox (1.04198pt too wide) in paragraph at lines 16--16
[]|\T1/cmr/bx/n/10.95 Ledger|  
 []


Overfull \hbox (20.8446pt too wide) in paragraph at lines 21--21
[]|\T1/cmr/m/n/10.95 Program/Conditional|  
 []


Overfull \hbox (18.28886pt too wide) in paragraph at lines 14--23
 [] 
 []

[955

]
Overfull \hbox (2.62292pt too wide) in paragraph at lines 29--30
[]\T1/cmr/bx/n/10.95 Witten In-dex: \T1/cmr/m/n/10.95 Proven that $\OML/cmm/m/i
t/10.95 I[] \OT1/cmr/m/n/10.95 = \OML/cmm/m/it/10.95 N$ \T1/cmr/m/n/10.95 for t
he su-per-sym-met-ric an-chor point (Ap-pendix [][]R.4[][]). 
 []


LaTeX Warning: Reference `app:gap2-complex-path' on page 956 undefined on input
 line 30.


! LaTeX Error: Counter too large.

See the LaTeX manual or LaTeX Companion for explanation.
Type  H <return>  for immediate help.
 ...                                              
                                                  
l.32 ... (Appendix~\ref{ch:fix17_stratified_hardy}
                                                  ).
You've lost some text. Try typing <return> to proceed.
If that doesn't work, type X <return> to quit.

) (sec_missing_theorems.tex

! LaTeX Error: Counter too large.

See the LaTeX manual or LaTeX Companion for explanation.
Type  H <return>  for immediate help.
 ...                                              
                                                  
l.22 \end{equation}
                   
You've lost some text.  Try typing  <return>  to proceed.
If that doesn't work, type  X <return>  to quit.


! LaTeX Error: Counter too large.

See the LaTeX manual or LaTeX Companion for explanation.
Type  H <return>  for immediate help.
 ...                                              
                                                  
l.33 \end{equation}
                   
You've lost some text.  Try typing  <return>  to proceed.
If that doesn't work, type  X <return>  to quit.

[956]

! LaTeX Error: Counter too large.

See the LaTeX manual or LaTeX Companion for explanation.
Type  H <return>  for immediate help.
 ...                                              
                                                  
l.110 \end{equation}
                    
You've lost some text.  Try typing  <return>  to proceed.
If that doesn't work, type  X <return>  to quit.

[957]) [958] (yang_mills_master_organized.aux)
 ***********
LaTeX2e <2025-11-01>
L3 programming layer <2025-10-24>
 ***********


LaTeX Warning: There were undefined references.


LaTeX Warning: There were multiply-defined labels.

Package rerunfilecheck Info: File `yang_mills_master_organized.out' has not cha
nged.
(rerunfilecheck)             Checksum: 91713DA11D06D5482C4CFDFDB83804C5;418764.

 ) 
Here is how much of TeX's memory you used:
 38741 strings out of 467871
 739044 string characters out of 5417891
 1018599 words of memory out of 5000000
 58349 multiletter control sequences out of 15000+600000
 666153 words of font info for 138 fonts, out of 8000000 for 9000
 1141 hyphenation exceptions out of 8191
 121i,18n,124p,873b,1649s stack positions out of 10000i,1000n,20000p,200000b,200000s
 <C:\Users\Lenovo\AppData\Local\MiKTeX\fonts/pk/ljfour/jknappen/ec/dpi600\ecb
x1728.pk> <C:\Users\Lenovo\AppData\Local\MiKTeX\fonts/pk/ljfour/jknappen/ec/dpi
600\ecrm1000.pk> <C:\Users\Lenovo\AppData\Local\MiKTeX\fonts/pk/ljfour/jknappen
/ec/dpi600\ecti0700.pk> <C:\Users\Lenovo\AppData\Local\MiKTeX\fonts/pk/ljfour/j
knappen/ec/dpi600\ecbx1000.pk> <C:\Users\Lenovo\AppData\Local\MiKTeX\fonts/pk/l
jfour/jknappen/ec/dpi600\ecti1000.pk> <C:\Users\Lenovo\AppData\Local\MiKTeX\fon
ts/pk/ljfour/jknappen/ec/dpi600\ecbi1000.pk> <C:\Users\Lenovo\AppData\Local\MiK
TeX\fonts/pk/ljfour/jknappen/ec/dpi600\ectt1095.pk> <C:\Users\Lenovo\AppData\Lo
cal\MiKTeX\fonts/pk/ljfour/jknappen/ec/dpi600\ecti0600.pk> <C:\Users\Lenovo\App
Data\Local\MiKTeX\fonts/pk/ljfour/jknappen/ec/dpi600\ecrm0600.pk> <C:\Users\Len
ovo\AppData\Local\MiKTeX\fonts/pk/ljfour/jknappen/ec/dpi600\ecbx0800.pk> <C:\Us
ers\Lenovo\AppData\Local\MiKTeX\fonts/pk/ljfour/jknappen/ec/dpi600\ecti0800.pk>
 <C:\Users\Lenovo\AppData\Local\MiKTeX\fonts/pk/ljfour/jknappen/ec/dpi600\ecbx2
074.pk> <C:\Users\Lenovo\AppData\Local\MiKTeX\fonts/pk/ljfour/jknappen/ec/dpi60
0\ecbi1095.pk> <C:\Users\Lenovo\AppData\Local\MiKTeX\fonts/pk/ljfour/jknappen/e
c/dpi600\tcrm1095.pk> <C:\Users\Lenovo\AppData\Local\MiKTeX\fonts/pk/ljfour/jkn
appen/ec/dpi600\ecti1095.pk> <C:\Users\Lenovo\AppData\Local\MiKTeX\fonts/pk/ljf
our/jknappen/ec/dpi600\ecbx1440.pk> <C:\Users\Lenovo\AppData\Local\MiKTeX\fonts
/pk/ljfour/jknappen/ec/dpi600\ecrm0800.pk> <C:\Users\Lenovo\AppData\Local\MiKTe
X\fonts/pk/ljfour/jknappen/ec/dpi600\ecbx1200.pk> <C:\Users\Lenovo\AppData\Loca
l\MiKTeX\fonts/pk/ljfour/jknappen/ec/dpi600\ecbx2488.pk> <C:\Users\Lenovo\AppDa
ta\Local\MiKTeX\fonts/pk/ljfour/jknappen/ec/dpi600\ecrm1095.pk> <C:\Users\Lenov
o\AppData\Local\MiKTeX\fonts/pk/ljfour/jknappen/ec/dpi600\ecbx1095.pk> <C:\User
s\Lenovo\AppData\Local\MiKTeX\fonts/pk/ljfour/jknappen/ec/dpi600\ecrm1200.pk> <
C:\Users\Lenovo\AppData\Local\MiKTeX\fonts/pk/ljfour/jknappen/ec/dpi600\ecrm172
8.pk><C:/Users/Lenovo/AppData/Local/Programs/MiKTeX/fonts/type1/public/amsfonts
/cm/cmbx10.pfb><C:/Users/Lenovo/AppData/Local/Programs/MiKTeX/fonts/type1/publi
c/amsfonts/cm/cmbx8.pfb><C:/Users/Lenovo/AppData/Local/Programs/MiKTeX/fonts/ty
pe1/public/amsfonts/cm/cmex10.pfb><C:/Users/Lenovo/AppData/Local/Programs/MiKTe
X/fonts/type1/public/amsfonts/cmextra/cmex8.pfb><C:/Users/Lenovo/AppData/Local/
Programs/MiKTeX/fonts/type1/public/amsfonts/cm/cmmi10.pfb><C:/Users/Lenovo/AppD
ata/Local/Programs/MiKTeX/fonts/type1/public/amsfonts/cm/cmmi12.pfb><C:/Users/L
enovo/AppData/Local/Programs/MiKTeX/fonts/type1/public/amsfonts/cm/cmmi6.pfb><C
:/Users/Lenovo/AppData/Local/Programs/MiKTeX/fonts/type1/public/amsfonts/cm/cmm
i8.pfb><C:/Users/Lenovo/AppData/Local/Programs/MiKTeX/fonts/type1/public/amsfon
ts/cm/cmmib10.pfb><C:/Users/Lenovo/AppData/Local/Programs/MiKTeX/fonts/type1/pu
blic/amsfonts/cm/cmr10.pfb><C:/Users/Lenovo/AppData/Local/Programs/MiKTeX/fonts
/type1/public/amsfonts/cm/cmr12.pfb><C:/Users/Lenovo/AppData/Local/Programs/MiK
TeX/fonts/type1/public/amsfonts/cm/cmr6.pfb><C:/Users/Lenovo/AppData/Local/Prog
rams/MiKTeX/fonts/type1/public/amsfonts/cm/cmr7.pfb><C:/Users/Lenovo/AppData/Lo
cal/Programs/MiKTeX/fonts/type1/public/amsfonts/cm/cmr8.pfb><C:/Users/Lenovo/Ap
pData/Local/Programs/MiKTeX/fonts/type1/public/amsfonts/cm/cmsy10.pfb><C:/Users
/Lenovo/AppData/Local/Programs/MiKTeX/fonts/type1/public/amsfonts/cm/cmsy6.pfb>
<C:/Users/Lenovo/AppData/Local/Programs/MiKTeX/fonts/type1/public/amsfonts/cm/c
msy8.pfb><C:/Users/Lenovo/AppData/Local/Programs/MiKTeX/fonts/type1/public/amsf
onts/euler/eufm10.pfb><C:/Users/Lenovo/AppData/Local/Programs/MiKTeX/fonts/type
1/public/amsfonts/symbols/msam10.pfb><C:/Users/Lenovo/AppData/Local/Programs/Mi
KTeX/fonts/type1/public/amsfonts/symbols/msbm10.pfb><C:/Users/Lenovo/AppData/Lo
cal/Programs/MiKTeX/fonts/type1/public/rsfs/rsfs10.pfb>
Output written on yang_mills_master_organized.pdf (960 pages, 6339415 bytes).
PDF statistics:
 21610 PDF objects out of 22161 (max. 8388607)
 8230 named destinations out of 8907 (max. 500000)
 12773 words of extra memory for PDF output out of 14400 (max. 10000000)

