{"r": 40, "lambda": 0.001, "N": 4000, "cond_XtX": 1.5281571719063154, "cond_spectrum": 29847.46310636233, "mse": 3.100740907246376, "nmse": 0.9843881826229719, "kappa_true": [1.0, 0.8598028402130454, 0.6685218480768395, 0.45315366686931446, 0.23774292271214556, 0.0417696102127619, -0.1207445084057888, -0.24146632680718766, -0.31742381540057363, -0.3502560713515273, -0.34518903942534795, -0.309881615221917, -0.2532710638606889, -0.18452225177264694, -0.11215595058609899, -0.04340098578559981, 0.016213738281730714, 0.06303603493654196, 0.09526399574021319, 0.11275731991635862, 0.11673429128821951, 0.10940352126748573, 0.0935761406867273, 0.07229721085058388, 0.04852602050137773, 0.02488487971366909, 0.0034861039062294495, -0.014162028488364217, -0.027176848798993132, -0.035262220495254494, -0.03862386714089256, -0.03785542273434532, -0.03381106758478823, -0.027478811465252585, -0.019865755543327496, -0.011903428791407444, -0.00437794177615648, 0.0021134437741866913, 0.00718042275803934, 0.010635606305493981], "kappa_est": [0.02230150326158422, 0.03328633515443153, 0.010685579391801956, 0.013466570486226188, -0.013692987633403134, -0.010606503747158305, -0.0426092066956104, -0.07540404466773244, -0.04082047953551349, -0.045836023821980744, -0.054690077828241854, -0.028252071566770346, -0.022644336196694075, 0.027574418089316412, 0.029720513681416923, 0.05241666231672981, 0.08251429828757785, 0.05377845586956541, 0.04690571055625862, 0.03597518608309221, 0.03833909388626845, 0.029230839377741014, 0.02000631847511296, 0.037639810232368016, 0.003973228582339139, -0.012895023443333964, -0.01454026084412804, -0.02825072604862848, -0.017806721996777356, -0.03331010702069848, -0.033889900925666606, -0.039558838073964354, -0.02580211715671182, -0.009714594047081197, -0.018795803657289188, 0.004885628271691289, 0.007030644563815739, 0.019740189354745093, 0.02378047651778328, 0.04040708433126823]}