{
  "entropy_theorem": {
    "theoretical_value": 2.373138220831251,
    "numerical_convergence": "verified"
  },
  "zeta_identity": {
    "beta_values": [
      1.0,
      1.5,
      2.0,
      2.5,
      3.0
    ],
    "relative_errors": [
      0.7997776821680579,
      0.745008211918702,
      0.725873105280014,
      0.7180818818047136,
      0.7146088200657023
    ]
  },
  "dimensional_transition": {
    "critical_dimension": 10,
    "verified": true
  }
}