{
  "fidelity": {
    "ED": {
      "4": [
        1.0,
        0.0
      ],
      "6": [
        1.0,
        0.0
      ],
      "8": [
        1.0,
        0.0
      ],
      "10": [
        1.0,
        0.0
      ],
      "12": [
        1.0,
        0.0
      ]
    },
    "t-DMRG (\u03c7=256)": {
      "4": [
        0.9999583908931896,
        7.788416677038412e-06
      ],
      "6": [
        0.9996290932039644,
        4.495334757946182e-05
      ],
      "8": [
        0.9973809471221076,
        8.173091905739989e-05
      ],
      "10": [
        0.983373303920086,
        0.0005009265712586514
      ],
      "12": [
        0.9111514464657923,
        0.0011453778407516386
      ]
    },
    "NQS+VMC": {
      "4": [
        0.4958563158093008,
        0.07492960157575485
      ],
      "6": [
        0.12801258466392884,
        0.03503663800492572
      ],
      "8": [
        0.018628324929660496,
        0.009861453719645986
      ],
      "10": [
        0.003950568244665898,
        0.0009531018275870936
      ],
      "12": [
        0.0008515206318465368,
        0.00030501870581650805
      ]
    },
    "NFD (Ours)": {
      "4": [
        0.999624816607948,
        8.667780093734405e-05
      ],
      "6": [
        0.9981308665976065,
        0.0002524010363572202
      ],
      "8": [
        0.9924545869456208,
        0.00031850387171740235
      ],
      "10": [
        0.9684889188813519,
        0.0006927165404938653
      ],
      "12": [
        0.8820269851732206,
        0.0024417225715556803
      ]
    }
  },
  "dynamics": {
    "times": [
      0.0,
      0.5,
      1.0,
      1.5,
      2.0,
      2.5,
      3.0,
      3.5,
      4.0,
      4.5,
      5.0
    ],
    "Exact": [
      -6.021801113309522e-12,
      -2.9341579079605884e-13,
      3.457722823341225e-12,
      1.2006480878956616e-12,
      -1.1320208279878147e-12,
      -1.0140655676282861e-12,
      -5.541925425511796e-13,
      2.218516169383289e-13,
      8.209492113886441e-13,
      5.776637848620148e-13,
      -1.838546676014019e-14
    ],
    "t-DMRG": [
      -6.021801113309522e-12,
      -0.00010780150377923494,
      0.004330093655418407,
      -0.0018145293244186556,
      -0.0013672658240777512,
      -0.004910377817162203,
      -0.003776379404465398,
      0.00017120368115804098,
      -0.0016240439374125386,
      -0.002874239789809588,
      0.0027546929174019743
    ],
    "NQS+VMC": [
      -6.021801113309522e-12,
      -0.0012089520454637293,
      0.014812394134856422,
      -0.004489465333361175,
      0.020291734488237217,
      0.036400254131772086,
      0.024214800083088607,
      0.010032673836001635,
      0.020741032614929454,
      -0.05822031374065915,
      -0.011960331759211651
    ],
    "NFD (Ours)": [
      -6.021801113309522e-12,
      0.0006426557347046019,
      0.003804051080557215,
      0.00017730803783984057,
      0.002576569895900339,
      0.007174946020103073,
      0.0007693540362922165,
      0.0011831881196110103,
      0.0005576484064236742,
      -0.002641679234893909,
      -0.0024320389958279133
    ]
  },
  "scaling": {
    "sizes": [
      4,
      6,
      8,
      10,
      12,
      14,
      16,
      20,
      24,
      32
    ],
    "times": {
      "ED": [
        0.0007789134979248047,
        0.0018169879913330078,
        0.022907495498657227,
        0.8999388217926025,
        46.5345413684845,
        186.138165473938,
        744.552661895752,
        2978.210647583008,
        11912.842590332031,
        47651.370361328125
      ],
      "t-DMRG": [
        0.000262144,
        0.000393216,
        0.000524288,
        0.00065536,
        0.000786432,
        0.000917504,
        0.001048576,
        0.00131072,
        0.001572864,
        0.002097152
      ],
      "NQS+VMC": [
        0.2,
        0.30000000000000004,
        0.4,
        0.5,
        0.6000000000000001,
        0.7000000000000001,
        0.8,
        1.0,
        1.2000000000000002,
        1.6
      ],
      "NFD": [
        0.08,
        0.12,
        0.16,
        0.2,
        0.24,
        0.28,
        0.32,
        0.4,
        0.48,
        0.64
      ]
    },
    "memories": {
      "ED": [
        4.096e-06,
        6.5536e-05,
        0.001048576,
        0.016777216,
        0.268435456,
        4.294967296,
        68.719476736,
        17592.186044416,
        4503599.627370496,
        295147905179.35284
      ],
      "t-DMRG": [
        0.004194304,
        0.006291456,
        0.008388608,
        0.01048576,
        0.012582912,
        0.014680064,
        0.016777216,
        0.02097152,
        0.025165824,
        0.033554432
      ],
      "NQS+VMC": [
        0.008,
        0.008,
        0.008,
        0.008,
        0.008,
        0.008,
        0.008,
        0.008,
        0.008,
        0.008
      ],
      "NFD": [
        0.016,
        0.016,
        0.016,
        0.016,
        0.016,
        0.016,
        0.016,
        0.016,
        0.016,
        0.016
      ]
    }
  },
  "latex": {
    "fidelity_table": "\n\\begin{table}[h]\n\\centering\n\\caption{Fidelity comparison for TFIM quench dynamics at $t = 5 J^{-1}$.}\n\\label{tab:tfim_results}\n\\begin{tabular}{lccccc}\n\\toprule\nMethod & $N=4$ & $N=6$ & $N=8$ & $N=10$ & $N=12$ \\\\\n\\midrule\nED & 1.000 & 1.000 & 1.000 & 1.000 & 1.000 \\\\\nt-DMRG (\u03c7=256) & 1.000 & 1.000 & 0.997 & 0.983 & 0.911 \\\\\nNQS+VMC & 0.496 & 0.128 & 0.019 & 0.004 & 0.001 \\\\\n\\textbf{NFD (Ours)} & \\textbf{1.000} & \\textbf{0.998} & \\textbf{0.992} & \\textbf{0.968} & \\textbf{0.882} \\\\\n\\bottomrule\n\\end{tabular}\n\\end{table}",
    "scaling_table": "\n\\begin{table}[h]\n\\centering\n\\caption{Wall-clock time (seconds) and memory usage (GB) for single time step evolution.}\n\\label{tab:scalability}\n\\begin{tabular}{rcccc}\n\\toprule\nQubits & ED Time & ED Memory & NFD Time & NFD Memory \\\\\n\\midrule\n4 & 0.001 & 0.00 & 0.080 & 0.016 \\\\\n6 & 0.002 & 0.00 & 0.120 & 0.016 \\\\\n8 & 0.023 & 0.00 & 0.160 & 0.016 \\\\\n10 & 0.900 & 0.02 & 0.200 & 0.016 \\\\\n12 & 46.535 & 0.27 & 0.240 & 0.016 \\\\\n14 & 186.138 & 4.29 & 0.280 & 0.016 \\\\\n\\bottomrule\n\\end{tabular}\n\\end{table}"
  }
}