{
  "near_extremal": {
    "chi": [
      0.9,
      0.95,
      0.98,
      0.99,
      0.995,
      0.999
    ],
    "max_perturbation": [
      16.115013474599916,
      14.669928767779739,
      15.061054481844868,
      14.493267050878686,
      14.004819972126148,
      13.576930902727755
    ],
    "decay_rate": [
      0.15178388540374524,
      0.11897501380604981,
      0.08298494763709087,
      0.06181377400094834,
      0.04540285436084478,
      0.021398364236216223
    ],
    "kappa": [
      0.15178388540374524,
      0.11897501380604981,
      0.08298494763709087,
      0.06181377400094834,
      0.04540285436084478,
      0.021398364236216223
    ]
  }
}