{
  "final_loss": {
    "total": 1.1276549100875854,
    "einstein": 0.7626774907112122,
    "hamiltonian": 0.22071784734725952,
    "momentum": 0.21296504139900208,
    "boundary": 1.4813599586486816
  },
  "n_epochs": 10,
  "n_params": 4873226,
  "d_model": 256,
  "n_layers": 6,
  "chi": 0.7
}