model,seq_len,accuracy,time_per_epoch,memory_usage
LST,32,0.03125,0.11866140365600586,29.328125
Transformer,32,0.0,0.0798940658569336,10.98046875
Mamba,32,0.0,0.08605074882507324,0.98828125
LST,64,0.0,0.22861099243164062,15.0625
Transformer,64,0.0625,0.1235952377319336,4.55859375
Mamba,64,0.03125,0.17172539234161377,-2.24609375
LST,128,0.0,0.4836609363555908,15.98046875
Transformer,128,0.0,0.24671053886413574,2.015625
Mamba,128,0.0,0.44513070583343506,-19.6640625
