{
  "r": 40,
  "lambda": 0.001,
  "N": 4000,
  "cond_XtX": 1.5281571719063152,
  "cond_spectrum": 29847.46310636208,
  "mse": 3.100740907246376,
  "nmse": 0.9843881826229719,
  "kappa_true": [
    1.0,
    0.8598028402130455,
    0.6685218480768396,
    0.45315366686931446,
    0.23774292271214562,
    0.0417696102127619,
    -0.12074450840578882,
    -0.2414663268071876,
    -0.31742381540057363,
    -0.35025607135152725,
    -0.34518903942534795,
    -0.309881615221917,
    -0.25327106386068887,
    -0.18452225177264697,
    -0.11215595058609899,
    -0.043400985785599824,
    0.016213738281730714,
    0.06303603493654197,
    0.09526399574021319,
    0.11275731991635862,
    0.11673429128821952,
    0.10940352126748575,
    0.0935761406867273,
    0.07229721085058388,
    0.04852602050137773,
    0.024884879713669098,
    0.0034861039062294495,
    -0.01416202848836422,
    -0.027176848798993125,
    -0.0352622204952545,
    -0.038623867140892554,
    -0.03785542273434532,
    -0.03381106758478823,
    -0.027478811465252582,
    -0.0198657555433275,
    -0.011903428791407444,
    -0.00437794177615648,
    0.0021134437741866918,
    0.007180422758039341,
    0.010635606305493981
  ],
  "kappa_est": [
    0.022301503261584185,
    0.03328633515443155,
    0.01068557939180196,
    0.013466570486226199,
    -0.013692987633403148,
    -0.010606503747158285,
    -0.04260920669561044,
    -0.07540404466773239,
    -0.04082047953551355,
    -0.045836023821980786,
    -0.05469007782824189,
    -0.02825207156677038,
    -0.022644336196694075,
    0.027574418089316415,
    0.029720513681416913,
    0.052416662316729846,
    0.08251429828757784,
    0.05377845586956543,
    0.04690571055625859,
    0.03597518608309221,
    0.03833909388626845,
    0.029230839377741062,
    0.020006318475112975,
    0.03763981023236802,
    0.003973228582339139,
    -0.01289502344333395,
    -0.014540260844128012,
    -0.028250726048628494,
    -0.01780672199677733,
    -0.033310107020698455,
    -0.03388990092566662,
    -0.0395588380739644,
    -0.02580211715671182,
    -0.00971459404708123,
    -0.018795803657289195,
    0.004885628271691294,
    0.007030644563815775,
    0.01974018935474512,
    0.02378047651778326,
    0.04040708433126825
  ]
}