This is pdfTeX, Version 3.141592653-2.6-1.40.27 (MiKTeX 25.4) (preloaded format=pdflatex 2025.11.16)  31 DEC 2025 21:24
entering extended mode
 restricted \write18 enabled.
 %&-line parsing enabled.
**./arxiv_submission.tex
(arxiv_submission.tex
LaTeX2e <2025-11-01>
L3 programming layer <2025-10-24>
(C:\Users\Lenovo\AppData\Local\Programs\MiKTeX\tex/latex/base\article.cls
Document Class: article 2025/01/22 v1.4n Standard LaTeX document class
(C:\Users\Lenovo\AppData\Local\Programs\MiKTeX\tex/latex/base\size12.clo
File: size12.clo 2025/01/22 v1.4n Standard LaTeX file (size option)
)
\c@part=\count275
\c@section=\count276
\c@subsection=\count277
\c@subsubsection=\count278
\c@paragraph=\count279
\c@subparagraph=\count280
\c@figure=\count281
\c@table=\count282
\abovecaptionskip=\skip49
\belowcaptionskip=\skip50
\bibindent=\dimen148
)
(C:\Users\Lenovo\AppData\Local\Programs\MiKTeX\tex/latex/amsmath\amsmath.sty
Package: amsmath 2025/07/09 v2.17z AMS math features
\@mathmargin=\skip51

For additional information on amsmath, use the `?' option.
(C:\Users\Lenovo\AppData\Local\Programs\MiKTeX\tex/latex/amsmath\amstext.sty
Package: amstext 2024/11/17 v2.01 AMS text

(C:\Users\Lenovo\AppData\Local\Programs\MiKTeX\tex/latex/amsmath\amsgen.sty
File: amsgen.sty 1999/11/30 v2.0 generic functions
\@emptytoks=\toks17
\ex@=\dimen149
))
(C:\Users\Lenovo\AppData\Local\Programs\MiKTeX\tex/latex/amsmath\amsbsy.sty
Package: amsbsy 1999/11/29 v1.2d Bold Symbols
\pmbraise@=\dimen150
)
(C:\Users\Lenovo\AppData\Local\Programs\MiKTeX\tex/latex/amsmath\amsopn.sty
Package: amsopn 2022/04/08 v2.04 operator names
)
\inf@bad=\count283
LaTeX Info: Redefining \frac on input line 233.
\uproot@=\count284
\leftroot@=\count285
LaTeX Info: Redefining \overline on input line 398.
LaTeX Info: Redefining \colon on input line 409.
\classnum@=\count286
\DOTSCASE@=\count287
LaTeX Info: Redefining \ldots on input line 495.
LaTeX Info: Redefining \dots on input line 498.
LaTeX Info: Redefining \cdots on input line 619.
\Mathstrutbox@=\box53
\strutbox@=\box54
LaTeX Info: Redefining \big on input line 721.
LaTeX Info: Redefining \Big on input line 722.
LaTeX Info: Redefining \bigg on input line 723.
LaTeX Info: Redefining \Bigg on input line 724.
\big@size=\dimen151
LaTeX Font Info:    Redeclaring font encoding OML on input line 742.
LaTeX Font Info:    Redeclaring font encoding OMS on input line 743.
\macc@depth=\count288
LaTeX Info: Redefining \bmod on input line 904.
LaTeX Info: Redefining \pmod on input line 909.
LaTeX Info: Redefining \smash on input line 939.
LaTeX Info: Redefining \relbar on input line 969.
LaTeX Info: Redefining \Relbar on input line 970.
\c@MaxMatrixCols=\count289
\dotsspace@=\muskip17
\c@parentequation=\count290
\dspbrk@lvl=\count291
\tag@help=\toks18
\row@=\count292
\column@=\count293
\maxfields@=\count294
\andhelp@=\toks19
\eqnshift@=\dimen152
\alignsep@=\dimen153
\tagshift@=\dimen154
\tagwidth@=\dimen155
\totwidth@=\dimen156
\lineht@=\dimen157
\@envbody=\toks20
\multlinegap=\skip52
\multlinetaggap=\skip53
\mathdisplay@stack=\toks21
LaTeX Info: Redefining \[ on input line 2950.
LaTeX Info: Redefining \] on input line 2951.
)
(C:\Users\Lenovo\AppData\Local\Programs\MiKTeX\tex/latex/amsfonts\amssymb.sty
Package: amssymb 2013/01/14 v3.01 AMS font symbols

(C:\Users\Lenovo\AppData\Local\Programs\MiKTeX\tex/latex/amsfonts\amsfonts.sty
Package: amsfonts 2013/01/14 v3.01 Basic AMSFonts support
\symAMSa=\mathgroup4
\symAMSb=\mathgroup5
LaTeX Font Info:    Redeclaring math symbol \hbar on input line 98.
LaTeX Font Info:    Overwriting math alphabet `\mathfrak' in version `bold'
(Font)                  U/euf/m/n --> U/euf/b/n on input line 106.
)) (C:\Users\Lenovo\AppData\Local\Programs\MiKTeX\tex/latex/amscls\amsthm.sty
Package: amsthm 2020/05/29 v2.20.6
\thm@style=\toks22
\thm@bodyfont=\toks23
\thm@headfont=\toks24
\thm@notefont=\toks25
\thm@headpunct=\toks26
\thm@preskip=\skip54
\thm@postskip=\skip55
\thm@headsep=\skip56
\dth@everypar=\toks27
)
(C:\Users\Lenovo\AppData\Local\Programs\MiKTeX\tex/latex/mathtools\mathtools.st
y
Package: mathtools 2024/10/04 v1.31 mathematical typesetting tools
 (C:\Users\Lenovo\AppData\Local\Programs\MiKTeX\tex/latex/graphics\keyval.sty
Package: keyval 2022/05/29 v1.15 key=value parser (DPC)
\KV@toks@=\toks28
) (C:\Users\Lenovo\AppData\Local\Programs\MiKTeX\tex/latex/tools\calc.sty
Package: calc 2025/03/01 v4.3b Infix arithmetic (KKT,FJ)
\calc@Acount=\count295
\calc@Bcount=\count296
\calc@Adimen=\dimen158
\calc@Bdimen=\dimen159
\calc@Askip=\skip57
\calc@Bskip=\skip58
LaTeX Info: Redefining \setlength on input line 86.
LaTeX Info: Redefining \addtolength on input line 87.
\calc@Ccount=\count297
\calc@Cskip=\skip59
)
(C:\Users\Lenovo\AppData\Local\Programs\MiKTeX\tex/latex/mathtools\mhsetup.sty
Package: mhsetup 2021/03/18 v1.4 programming setup (MH)
)
\g_MT_multlinerow_int=\count298
\l_MT_multwidth_dim=\dimen160
\origjot=\skip60
\l_MT_shortvdotswithinadjustabove_dim=\dimen161
\l_MT_shortvdotswithinadjustbelow_dim=\dimen162
\l_MT_above_intertext_sep=\dimen163
\l_MT_below_intertext_sep=\dimen164
\l_MT_above_shortintertext_sep=\dimen165
\l_MT_below_shortintertext_sep=\dimen166
\xmathstrut@box=\box55
\xmathstrut@dim=\dimen167
) (C:\Users\Lenovo\AppData\Local\Programs\MiKTeX\tex/latex/base\fontenc.sty
Package: fontenc 2025/07/18 v2.1d Standard LaTeX package
)
(C:\Users\Lenovo\AppData\Local\Programs\MiKTeX\tex/latex/hyperref\hyperref.sty
Package: hyperref 2025-07-12 v7.01o Hypertext links for LaTeX

(C:\Users\Lenovo\AppData\Local\Programs\MiKTeX\tex/generic/iftex\iftex.sty
Package: iftex 2024/12/12 v1.0g TeX engine tests
)
(C:\Users\Lenovo\AppData\Local\Programs\MiKTeX\tex/latex/kvsetkeys\kvsetkeys.st
y
Package: kvsetkeys 2022-10-05 v1.19 Key value parser (HO)
)
(C:\Users\Lenovo\AppData\Local\Programs\MiKTeX\tex/generic/kvdefinekeys\kvdefin
ekeys.sty
Package: kvdefinekeys 2019-12-19 v1.6 Define keys (HO)
)
(C:\Users\Lenovo\AppData\Local\Programs\MiKTeX\tex/generic/pdfescape\pdfescape.
sty
Package: pdfescape 2019/12/09 v1.15 Implements pdfTeX's escape features (HO)

(C:\Users\Lenovo\AppData\Local\Programs\MiKTeX\tex/generic/ltxcmds\ltxcmds.sty
Package: ltxcmds 2023-12-04 v1.26 LaTeX kernel commands for general use (HO)
)
(C:\Users\Lenovo\AppData\Local\Programs\MiKTeX\tex/generic/pdftexcmds\pdftexcmd
s.sty
Package: pdftexcmds 2020-06-27 v0.33 Utility functions of pdfTeX for LuaTeX (HO
)

(C:\Users\Lenovo\AppData\Local\Programs\MiKTeX\tex/generic/infwarerr\infwarerr.
sty
Package: infwarerr 2019/12/03 v1.5 Providing info/warning/error messages (HO)
)
Package pdftexcmds Info: \pdf@primitive is available.
Package pdftexcmds Info: \pdf@ifprimitive is available.
Package pdftexcmds Info: \pdfdraftmode found.
))
(C:\Users\Lenovo\AppData\Local\Programs\MiKTeX\tex/latex/hycolor\hycolor.sty
Package: hycolor 2020-01-27 v1.10 Color options for hyperref/bookmark (HO)
)
(C:\Users\Lenovo\AppData\Local\Programs\MiKTeX\tex/latex/hyperref\nameref.sty
Package: nameref 2025-06-21 v2.57 Cross-referencing by name of section

(C:\Users\Lenovo\AppData\Local\Programs\MiKTeX\tex/latex/refcount\refcount.sty
Package: refcount 2019/12/15 v3.6 Data extraction from label references (HO)
)
(C:\Users\Lenovo\AppData\Local\Programs\MiKTeX\tex/generic/gettitlestring\getti
tlestring.sty
Package: gettitlestring 2019/12/15 v1.6 Cleanup title references (HO)

(C:\Users\Lenovo\AppData\Local\Programs\MiKTeX\tex/latex/kvoptions\kvoptions.st
y
Package: kvoptions 2022-06-15 v3.15 Key value format for package options (HO)
))
\c@section@level=\count299
)
(C:\Users\Lenovo\AppData\Local\Programs\MiKTeX\tex/latex/etoolbox\etoolbox.sty
Package: etoolbox 2025/10/02 v2.5m e-TeX tools for LaTeX (JAW)
\etb@tempcnta=\count300
)
(C:\Users\Lenovo\AppData\Local\Programs\MiKTeX\tex/generic/stringenc\stringenc.
sty
Package: stringenc 2019/11/29 v1.12 Convert strings between diff. encodings (HO
)
)
\@linkdim=\dimen168
\Hy@linkcounter=\count301
\Hy@pagecounter=\count302

(C:\Users\Lenovo\AppData\Local\Programs\MiKTeX\tex/latex/hyperref\pd1enc.def
File: pd1enc.def 2025-07-12 v7.01o Hyperref: PDFDocEncoding definition (HO)
Now handling font encoding PD1 ...
... no UTF-8 mapping file for font encoding PD1
)
(C:\Users\Lenovo\AppData\Local\Programs\MiKTeX\tex/generic/intcalc\intcalc.sty
Package: intcalc 2019/12/15 v1.3 Expandable calculations with integers (HO)
)
\Hy@SavedSpaceFactor=\count303
(C:\Users\Lenovo\AppData\Local\Programs\MiKTeX\tex/latex/hyperref\puenc.def
File: puenc.def 2025-07-12 v7.01o Hyperref: PDF Unicode definition (HO)
Now handling font encoding PU ...
... no UTF-8 mapping file for font encoding PU
)
Package hyperref Info: Hyper figures OFF on input line 4195.
Package hyperref Info: Link nesting OFF on input line 4200.
Package hyperref Info: Hyper index ON on input line 4203.
Package hyperref Info: Plain pages OFF on input line 4210.
Package hyperref Info: Backreferencing OFF on input line 4215.
Package hyperref Info: Implicit mode ON; LaTeX internals redefined.
Package hyperref Info: Bookmarks ON on input line 4462.
\c@Hy@tempcnt=\count304

(C:\Users\Lenovo\AppData\Local\Programs\MiKTeX\tex/latex/url\url.sty
\Urlmuskip=\muskip18
Package: url 2013/09/16  ver 3.4  Verb mode for urls, etc.
)
LaTeX Info: Redefining \url on input line 4801.
\XeTeXLinkMargin=\dimen169

(C:\Users\Lenovo\AppData\Local\Programs\MiKTeX\tex/generic/bitset\bitset.sty
Package: bitset 2019/12/09 v1.3 Handle bit-vector datatype (HO)

(C:\Users\Lenovo\AppData\Local\Programs\MiKTeX\tex/generic/bigintcalc\bigintcal
c.sty
Package: bigintcalc 2019/12/15 v1.5 Expandable calculations on big integers (HO
)
))
\Fld@menulength=\count305
\Field@Width=\dimen170
\Fld@charsize=\dimen171
Package hyperref Info: Hyper figures OFF on input line 6078.
Package hyperref Info: Link nesting OFF on input line 6083.
Package hyperref Info: Hyper index ON on input line 6086.
Package hyperref Info: backreferencing OFF on input line 6093.
Package hyperref Info: Link coloring OFF on input line 6098.
Package hyperref Info: Link coloring with OCG OFF on input line 6103.
Package hyperref Info: PDF/A mode OFF on input line 6108.
\Hy@abspage=\count306
\c@Item=\count307
\c@Hfootnote=\count308
)
Package hyperref Info: Driver (autodetected): hpdftex.

(C:\Users\Lenovo\AppData\Local\Programs\MiKTeX\tex/latex/hyperref\hpdftex.def
File: hpdftex.def 2025-07-12 v7.01o Hyperref driver for pdfTeX
\Fld@listcount=\count309
\c@bookmark@seq@number=\count310

(C:\Users\Lenovo\AppData\Local\Programs\MiKTeX\tex/latex/rerunfilecheck\rerunfi
lecheck.sty
Package: rerunfilecheck 2025-06-21 v1.11 Rerun checks for auxiliary files (HO)

(C:\Users\Lenovo\AppData\Local\Programs\MiKTeX\tex/generic/uniquecounter\unique
counter.sty
Package: uniquecounter 2019/12/15 v1.4 Provide unlimited unique counter (HO)
)
Package uniquecounter Info: New unique counter `rerunfilecheck' on input line 2
84.
)
\Hy@SectionHShift=\skip61
)
(C:\Users\Lenovo\AppData\Local\Programs\MiKTeX\tex/latex/cleveref\cleveref.sty
Package: cleveref 2018/03/27 v0.21.4 Intelligent cross-referencing
Package cleveref Info: `hyperref' support loaded on input line 2370.
LaTeX Info: Redefining \cref on input line 2370.
LaTeX Info: Redefining \Cref on input line 2370.
LaTeX Info: Redefining \crefrange on input line 2370.
LaTeX Info: Redefining \Crefrange on input line 2370.
LaTeX Info: Redefining \cpageref on input line 2370.
LaTeX Info: Redefining \Cpageref on input line 2370.
LaTeX Info: Redefining \cpagerefrange on input line 2370.
LaTeX Info: Redefining \Cpagerefrange on input line 2370.
LaTeX Info: Redefining \labelcref on input line 2370.
LaTeX Info: Redefining \labelcpageref on input line 2370.
Package cleveref Info: `amsthm' support loaded on input line 3026.
)
==> First Aid for cleveref.sty applied!

(C:\Users\Lenovo\AppData\Local\Programs\MiKTeX\tex/latex/pgf/frontendlayer\tikz
.sty
(C:\Users\Lenovo\AppData\Local\Programs\MiKTeX\tex/latex/pgf/basiclayer\pgf.sty

(C:\Users\Lenovo\AppData\Local\Programs\MiKTeX\tex/latex/pgf/utilities\pgfrcs.s
ty
(C:\Users\Lenovo\AppData\Local\Programs\MiKTeX\tex/generic/pgf/utilities\pgfuti
l-common.tex
\pgfutil@everybye=\toks29
\pgfutil@tempdima=\dimen172
\pgfutil@tempdimb=\dimen173
)
(C:\Users\Lenovo\AppData\Local\Programs\MiKTeX\tex/generic/pgf/utilities\pgfuti
l-latex.def
\pgfutil@abb=\box56
)
(C:\Users\Lenovo\AppData\Local\Programs\MiKTeX\tex/generic/pgf/utilities\pgfrcs
.code.tex
(C:\Users\Lenovo\AppData\Local\Programs\MiKTeX\tex/generic/pgf\pgf.revision.tex
)
Package: pgfrcs 2025-08-29 v3.1.11a (3.1.11a)
))
Package: pgf 2025-08-29 v3.1.11a (3.1.11a)

(C:\Users\Lenovo\AppData\Local\Programs\MiKTeX\tex/latex/pgf/basiclayer\pgfcore
.sty
(C:\Users\Lenovo\AppData\Local\Programs\MiKTeX\tex/latex/graphics\graphicx.sty
Package: graphicx 2024/12/31 v1.2e Enhanced LaTeX Graphics (DPC,SPQR)

(C:\Users\Lenovo\AppData\Local\Programs\MiKTeX\tex/latex/graphics\graphics.sty
Package: graphics 2024/08/06 v1.4g Standard LaTeX Graphics (DPC,SPQR)

(C:\Users\Lenovo\AppData\Local\Programs\MiKTeX\tex/latex/graphics\trig.sty
Package: trig 2023/12/02 v1.11 sin cos tan (DPC)
)
(C:\Users\Lenovo\AppData\Local\Programs\MiKTeX\tex/latex/graphics-cfg\graphics.
cfg
File: graphics.cfg 2016/06/04 v1.11 sample graphics configuration
)
Package graphics Info: Driver file: pdftex.def on input line 106.

(C:\Users\Lenovo\AppData\Local\Programs\MiKTeX\tex/latex/graphics-def\pdftex.de
f
File: pdftex.def 2025/09/29 v1.2d Graphics/color driver for pdftex
))
\Gin@req@height=\dimen174
\Gin@req@width=\dimen175
)
(C:\Users\Lenovo\AppData\Local\Programs\MiKTeX\tex/latex/pgf/systemlayer\pgfsys
.sty
(C:\Users\Lenovo\AppData\Local\Programs\MiKTeX\tex/generic/pgf/systemlayer\pgfs
ys.code.tex
Package: pgfsys 2025-08-29 v3.1.11a (3.1.11a)

(C:\Users\Lenovo\AppData\Local\Programs\MiKTeX\tex/generic/pgf/utilities\pgfkey
s.code.tex
\pgfkeys@pathtoks=\toks30
\pgfkeys@temptoks=\toks31

(C:\Users\Lenovo\AppData\Local\Programs\MiKTeX\tex/generic/pgf/utilities\pgfkey
slibraryfiltered.code.tex
\pgfkeys@tmptoks=\toks32
))
\pgf@x=\dimen176
\pgf@y=\dimen177
\pgf@xa=\dimen178
\pgf@ya=\dimen179
\pgf@xb=\dimen180
\pgf@yb=\dimen181
\pgf@xc=\dimen182
\pgf@yc=\dimen183
\pgf@xd=\dimen184
\pgf@yd=\dimen185
\w@pgf@writea=\write3
\r@pgf@reada=\read2
\c@pgf@counta=\count311
\c@pgf@countb=\count312
\c@pgf@countc=\count313
\c@pgf@countd=\count314
\t@pgf@toka=\toks33
\t@pgf@tokb=\toks34
\t@pgf@tokc=\toks35
\pgf@sys@id@count=\count315

(C:\Users\Lenovo\AppData\Local\Programs\MiKTeX\tex/generic/pgf/systemlayer\pgf.
cfg
File: pgf.cfg 2025-08-29 v3.1.11a (3.1.11a)
)
Driver file for pgf: pgfsys-pdftex.def

(C:\Users\Lenovo\AppData\Local\Programs\MiKTeX\tex/generic/pgf/systemlayer\pgfs
ys-pdftex.def
File: pgfsys-pdftex.def 2025-08-29 v3.1.11a (3.1.11a)

(C:\Users\Lenovo\AppData\Local\Programs\MiKTeX\tex/generic/pgf/systemlayer\pgfs
ys-common-pdf.def
File: pgfsys-common-pdf.def 2025-08-29 v3.1.11a (3.1.11a)
)))
(C:\Users\Lenovo\AppData\Local\Programs\MiKTeX\tex/generic/pgf/systemlayer\pgfs
yssoftpath.code.tex
File: pgfsyssoftpath.code.tex 2025-08-29 v3.1.11a (3.1.11a)
\pgfsyssoftpath@smallbuffer@items=\count316
\pgfsyssoftpath@bigbuffer@items=\count317
)
(C:\Users\Lenovo\AppData\Local\Programs\MiKTeX\tex/generic/pgf/systemlayer\pgfs
ysprotocol.code.tex
File: pgfsysprotocol.code.tex 2025-08-29 v3.1.11a (3.1.11a)
))
(C:\Users\Lenovo\AppData\Local\Programs\MiKTeX\tex/latex/xcolor\xcolor.sty
Package: xcolor 2024/09/29 v3.02 LaTeX color extensions (UK)

(C:\Users\Lenovo\AppData\Local\Programs\MiKTeX\tex/latex/graphics-cfg\color.cfg
File: color.cfg 2016/01/02 v1.6 sample color configuration
)
Package xcolor Info: Driver file: pdftex.def on input line 274.

(C:\Users\Lenovo\AppData\Local\Programs\MiKTeX\tex/latex/graphics\mathcolor.ltx
)
Package xcolor Info: Model `cmy' substituted by `cmy0' on input line 1349.
Package xcolor Info: Model `hsb' substituted by `rgb' on input line 1353.
Package xcolor Info: Model `RGB' extended on input line 1365.
Package xcolor Info: Model `HTML' substituted by `rgb' on input line 1367.
Package xcolor Info: Model `Hsb' substituted by `hsb' on input line 1368.
Package xcolor Info: Model `tHsb' substituted by `hsb' on input line 1369.
Package xcolor Info: Model `HSB' substituted by `hsb' on input line 1370.
Package xcolor Info: Model `Gray' substituted by `gray' on input line 1371.
Package xcolor Info: Model `wave' substituted by `hsb' on input line 1372.
)
(C:\Users\Lenovo\AppData\Local\Programs\MiKTeX\tex/generic/pgf/basiclayer\pgfco
re.code.tex
Package: pgfcore 2025-08-29 v3.1.11a (3.1.11a)

(C:\Users\Lenovo\AppData\Local\Programs\MiKTeX\tex/generic/pgf/math\pgfmath.cod
e.tex
(C:\Users\Lenovo\AppData\Local\Programs\MiKTeX\tex/generic/pgf/math\pgfmathutil
.code.tex)
(C:\Users\Lenovo\AppData\Local\Programs\MiKTeX\tex/generic/pgf/math\pgfmathpars
er.code.tex
\pgfmath@dimen=\dimen186
\pgfmath@count=\count318
\pgfmath@box=\box57
\pgfmath@toks=\toks36
\pgfmath@stack@operand=\toks37
\pgfmath@stack@operation=\toks38
)
(C:\Users\Lenovo\AppData\Local\Programs\MiKTeX\tex/generic/pgf/math\pgfmathfunc
tions.code.tex)
(C:\Users\Lenovo\AppData\Local\Programs\MiKTeX\tex/generic/pgf/math\pgfmathfunc
tions.basic.code.tex)
(C:\Users\Lenovo\AppData\Local\Programs\MiKTeX\tex/generic/pgf/math\pgfmathfunc
tions.trigonometric.code.tex)
(C:\Users\Lenovo\AppData\Local\Programs\MiKTeX\tex/generic/pgf/math\pgfmathfunc
tions.random.code.tex)
(C:\Users\Lenovo\AppData\Local\Programs\MiKTeX\tex/generic/pgf/math\pgfmathfunc
tions.comparison.code.tex)
(C:\Users\Lenovo\AppData\Local\Programs\MiKTeX\tex/generic/pgf/math\pgfmathfunc
tions.base.code.tex)
(C:\Users\Lenovo\AppData\Local\Programs\MiKTeX\tex/generic/pgf/math\pgfmathfunc
tions.round.code.tex)
(C:\Users\Lenovo\AppData\Local\Programs\MiKTeX\tex/generic/pgf/math\pgfmathfunc
tions.misc.code.tex)
(C:\Users\Lenovo\AppData\Local\Programs\MiKTeX\tex/generic/pgf/math\pgfmathfunc
tions.integerarithmetics.code.tex)
(C:\Users\Lenovo\AppData\Local\Programs\MiKTeX\tex/generic/pgf/math\pgfmathcalc
.code.tex)
(C:\Users\Lenovo\AppData\Local\Programs\MiKTeX\tex/generic/pgf/math\pgfmathfloa
t.code.tex
\c@pgfmathroundto@lastzeros=\count319
))
(C:\Users\Lenovo\AppData\Local\Programs\MiKTeX\tex/generic/pgf/math\pgfint.code
.tex)
(C:\Users\Lenovo\AppData\Local\Programs\MiKTeX\tex/generic/pgf/basiclayer\pgfco
repoints.code.tex
File: pgfcorepoints.code.tex 2025-08-29 v3.1.11a (3.1.11a)
\pgf@picminx=\dimen187
\pgf@picmaxx=\dimen188
\pgf@picminy=\dimen189
\pgf@picmaxy=\dimen190
\pgf@pathminx=\dimen191
\pgf@pathmaxx=\dimen192
\pgf@pathminy=\dimen193
\pgf@pathmaxy=\dimen194
\pgf@xx=\dimen195
\pgf@xy=\dimen196
\pgf@yx=\dimen197
\pgf@yy=\dimen198
\pgf@zx=\dimen199
\pgf@zy=\dimen256
)
(C:\Users\Lenovo\AppData\Local\Programs\MiKTeX\tex/generic/pgf/basiclayer\pgfco
repathconstruct.code.tex
File: pgfcorepathconstruct.code.tex 2025-08-29 v3.1.11a (3.1.11a)
\pgf@path@lastx=\dimen257
\pgf@path@lasty=\dimen258
)
(C:\Users\Lenovo\AppData\Local\Programs\MiKTeX\tex/generic/pgf/basiclayer\pgfco
repathusage.code.tex
File: pgfcorepathusage.code.tex 2025-08-29 v3.1.11a (3.1.11a)
\pgf@shorten@end@additional=\dimen259
\pgf@shorten@start@additional=\dimen260
)
(C:\Users\Lenovo\AppData\Local\Programs\MiKTeX\tex/generic/pgf/basiclayer\pgfco
rescopes.code.tex
File: pgfcorescopes.code.tex 2025-08-29 v3.1.11a (3.1.11a)
\pgfpic=\box58
\pgf@hbox=\box59
\pgf@layerbox@main=\box60
\pgf@picture@serial@count=\count320
)
(C:\Users\Lenovo\AppData\Local\Programs\MiKTeX\tex/generic/pgf/basiclayer\pgfco
regraphicstate.code.tex
File: pgfcoregraphicstate.code.tex 2025-08-29 v3.1.11a (3.1.11a)
\pgflinewidth=\dimen261
)
(C:\Users\Lenovo\AppData\Local\Programs\MiKTeX\tex/generic/pgf/basiclayer\pgfco
retransformations.code.tex
File: pgfcoretransformations.code.tex 2025-08-29 v3.1.11a (3.1.11a)
\pgf@pt@x=\dimen262
\pgf@pt@y=\dimen263
\pgf@pt@temp=\dimen264
)
(C:\Users\Lenovo\AppData\Local\Programs\MiKTeX\tex/generic/pgf/basiclayer\pgfco
requick.code.tex
File: pgfcorequick.code.tex 2025-08-29 v3.1.11a (3.1.11a)
)
(C:\Users\Lenovo\AppData\Local\Programs\MiKTeX\tex/generic/pgf/basiclayer\pgfco
reobjects.code.tex
File: pgfcoreobjects.code.tex 2025-08-29 v3.1.11a (3.1.11a)
)
(C:\Users\Lenovo\AppData\Local\Programs\MiKTeX\tex/generic/pgf/basiclayer\pgfco
repathprocessing.code.tex
File: pgfcorepathprocessing.code.tex 2025-08-29 v3.1.11a (3.1.11a)
)
(C:\Users\Lenovo\AppData\Local\Programs\MiKTeX\tex/generic/pgf/basiclayer\pgfco
rearrows.code.tex
File: pgfcorearrows.code.tex 2025-08-29 v3.1.11a (3.1.11a)
\pgfarrowsep=\dimen265
)
(C:\Users\Lenovo\AppData\Local\Programs\MiKTeX\tex/generic/pgf/basiclayer\pgfco
reshade.code.tex
File: pgfcoreshade.code.tex 2025-08-29 v3.1.11a (3.1.11a)
\pgf@max=\dimen266
\pgf@sys@shading@range@num=\count321
\pgf@shadingcount=\count322
)
(C:\Users\Lenovo\AppData\Local\Programs\MiKTeX\tex/generic/pgf/basiclayer\pgfco
reimage.code.tex
File: pgfcoreimage.code.tex 2025-08-29 v3.1.11a (3.1.11a)
)
(C:\Users\Lenovo\AppData\Local\Programs\MiKTeX\tex/generic/pgf/basiclayer\pgfco
reexternal.code.tex
File: pgfcoreexternal.code.tex 2025-08-29 v3.1.11a (3.1.11a)
\pgfexternal@startupbox=\box61
)
(C:\Users\Lenovo\AppData\Local\Programs\MiKTeX\tex/generic/pgf/basiclayer\pgfco
relayers.code.tex
File: pgfcorelayers.code.tex 2025-08-29 v3.1.11a (3.1.11a)
)
(C:\Users\Lenovo\AppData\Local\Programs\MiKTeX\tex/generic/pgf/basiclayer\pgfco
retransparency.code.tex
File: pgfcoretransparency.code.tex 2025-08-29 v3.1.11a (3.1.11a)
)
(C:\Users\Lenovo\AppData\Local\Programs\MiKTeX\tex/generic/pgf/basiclayer\pgfco
repatterns.code.tex
File: pgfcorepatterns.code.tex 2025-08-29 v3.1.11a (3.1.11a)
)
(C:\Users\Lenovo\AppData\Local\Programs\MiKTeX\tex/generic/pgf/basiclayer\pgfco
rerdf.code.tex
File: pgfcorerdf.code.tex 2025-08-29 v3.1.11a (3.1.11a)
)))
(C:\Users\Lenovo\AppData\Local\Programs\MiKTeX\tex/generic/pgf/modules\pgfmodul
eshapes.code.tex
File: pgfmoduleshapes.code.tex 2025-08-29 v3.1.11a (3.1.11a)
\pgfnodeparttextbox=\box62
)
(C:\Users\Lenovo\AppData\Local\Programs\MiKTeX\tex/generic/pgf/modules\pgfmodul
eplot.code.tex
File: pgfmoduleplot.code.tex 2025-08-29 v3.1.11a (3.1.11a)
)
(C:\Users\Lenovo\AppData\Local\Programs\MiKTeX\tex/latex/pgf/compatibility\pgfc
omp-version-0-65.sty
Package: pgfcomp-version-0-65 2025-08-29 v3.1.11a (3.1.11a)
\pgf@nodesepstart=\dimen267
\pgf@nodesepend=\dimen268
)
(C:\Users\Lenovo\AppData\Local\Programs\MiKTeX\tex/latex/pgf/compatibility\pgfc
omp-version-1-18.sty
Package: pgfcomp-version-1-18 2025-08-29 v3.1.11a (3.1.11a)
))
(C:\Users\Lenovo\AppData\Local\Programs\MiKTeX\tex/latex/pgf/utilities\pgffor.s
ty
(C:\Users\Lenovo\AppData\Local\Programs\MiKTeX\tex/latex/pgf/utilities\pgfkeys.
sty
(C:\Users\Lenovo\AppData\Local\Programs\MiKTeX\tex/generic/pgf/utilities\pgfkey
s.code.tex))
(C:\Users\Lenovo\AppData\Local\Programs\MiKTeX\tex/latex/pgf/math\pgfmath.sty
(C:\Users\Lenovo\AppData\Local\Programs\MiKTeX\tex/generic/pgf/math\pgfmath.cod
e.tex))
(C:\Users\Lenovo\AppData\Local\Programs\MiKTeX\tex/generic/pgf/utilities\pgffor
.code.tex
Package: pgffor 2025-08-29 v3.1.11a (3.1.11a)
\pgffor@iter=\dimen269
\pgffor@skip=\dimen270
\pgffor@stack=\toks39
\pgffor@toks=\toks40
))
(C:\Users\Lenovo\AppData\Local\Programs\MiKTeX\tex/generic/pgf/frontendlayer/ti
kz\tikz.code.tex
Package: tikz 2025-08-29 v3.1.11a (3.1.11a)

(C:\Users\Lenovo\AppData\Local\Programs\MiKTeX\tex/generic/pgf/libraries\pgflib
raryplothandlers.code.tex
File: pgflibraryplothandlers.code.tex 2025-08-29 v3.1.11a (3.1.11a)
\pgf@plot@mark@count=\count323
\pgfplotmarksize=\dimen271
)
\tikz@lastx=\dimen272
\tikz@lasty=\dimen273
\tikz@lastxsaved=\dimen274
\tikz@lastysaved=\dimen275
\tikz@lastmovetox=\dimen276
\tikz@lastmovetoy=\dimen277
\tikzleveldistance=\dimen278
\tikzsiblingdistance=\dimen279
\tikz@figbox=\box63
\tikz@figbox@bg=\box64
\tikz@tempbox=\box65
\tikz@tempbox@bg=\box66
\tikztreelevel=\count324
\tikznumberofchildren=\count325
\tikznumberofcurrentchild=\count326
\tikz@fig@count=\count327

(C:\Users\Lenovo\AppData\Local\Programs\MiKTeX\tex/generic/pgf/modules\pgfmodul
ematrix.code.tex
File: pgfmodulematrix.code.tex 2025-08-29 v3.1.11a (3.1.11a)
\pgfmatrixcurrentrow=\count328
\pgfmatrixcurrentcolumn=\count329
\pgf@matrix@numberofcolumns=\count330
)
\tikz@expandcount=\count331

(C:\Users\Lenovo\AppData\Local\Programs\MiKTeX\tex/generic/pgf/frontendlayer/ti
kz/libraries\tikzlibrarytopaths.code.tex
File: tikzlibrarytopaths.code.tex 2025-08-29 v3.1.11a (3.1.11a)
)))
(C:\Users\Lenovo\AppData\Local\Programs\MiKTeX\tex/generic/pgf/frontendlayer/ti
kz/libraries\tikzlibrarypositioning.code.tex
File: tikzlibrarypositioning.code.tex 2025-08-29 v3.1.11a (3.1.11a)
)
(C:\Users\Lenovo\AppData\Local\Programs\MiKTeX\tex/latex/booktabs\booktabs.sty
Package: booktabs 2020/01/12 v1.61803398 Publication quality tables
\heavyrulewidth=\dimen280
\lightrulewidth=\dimen281
\cmidrulewidth=\dimen282
\belowrulesep=\dimen283
\belowbottomsep=\dimen284
\aboverulesep=\dimen285
\abovetopsep=\dimen286
\cmidrulesep=\dimen287
\cmidrulekern=\dimen288
\defaultaddspace=\dimen289
\@cmidla=\count332
\@cmidlb=\count333
\@aboverulesep=\dimen290
\@belowrulesep=\dimen291
\@thisruleclass=\count334
\@lastruleclass=\count335
\@thisrulewidth=\dimen292
) (C:\Users\Lenovo\AppData\Local\Programs\MiKTeX\tex/latex/enumitem\enumitem.st
y
Package: enumitem 2025/02/06 v3.11 Customized lists
\labelindent=\skip62
\enit@outerparindent=\dimen293
\enit@toks=\toks41
\enit@inbox=\box67
\enit@count@id=\count336
\enitdp@description=\count337
) (C:\Users\Lenovo\AppData\Local\Programs\MiKTeX\tex/latex/caption\caption.sty
Package: caption 2023/08/05 v3.6o Customizing captions (AR)

(C:\Users\Lenovo\AppData\Local\Programs\MiKTeX\tex/latex/caption\caption3.sty
Package: caption3 2023/07/31 v2.4d caption3 kernel (AR)
\caption@tempdima=\dimen294
\captionmargin=\dimen295
\caption@leftmargin=\dimen296
\caption@rightmargin=\dimen297
\caption@width=\dimen298
\caption@indent=\dimen299
\caption@parindent=\dimen300
\caption@hangindent=\dimen301
Package caption Info: Standard document class detected.
)
\c@caption@flags=\count338
\c@continuedfloat=\count339
Package caption Info: hyperref package is loaded.
)
(C:\Users\Lenovo\AppData\Local\Programs\MiKTeX\tex/latex/microtype\microtype.st
y
Package: microtype 2025/07/09 v3.2b Micro-typographical refinements (RS)
\MT@toks=\toks42
\MT@tempbox=\box68
\MT@count=\count340
LaTeX Info: Redefining \noprotrusionifhmode on input line 1087.
LaTeX Info: Redefining \leftprotrusion on input line 1088.
\MT@prot@toks=\toks43
LaTeX Info: Redefining \rightprotrusion on input line 1107.
LaTeX Info: Redefining \textls on input line 1449.
\MT@outer@kern=\dimen302
LaTeX Info: Redefining \microtypecontext on input line 2053.
LaTeX Info: Redefining \textmicrotypecontext on input line 2070.
\MT@listname@count=\count341

(C:\Users\Lenovo\AppData\Local\Programs\MiKTeX\tex/latex/microtype\microtype-pd
ftex.def
File: microtype-pdftex.def 2025/07/09 v3.2b Definitions specific to pdftex (RS)

LaTeX Info: Redefining \lsstyle on input line 944.
LaTeX Info: Redefining \lslig on input line 944.
\MT@outer@space=\skip63
)
Package microtype Info: Loading configuration file microtype.cfg.

(C:\Users\Lenovo\AppData\Local\Programs\MiKTeX\tex/latex/microtype\microtype.cf
g
File: microtype.cfg 2025/07/09 v3.2b microtype main configuration file (RS)
)
LaTeX Info: Redefining \microtypesetup on input line 3065.
) (C:\Users\Lenovo\AppData\Local\Programs\MiKTeX\tex/latex/lineno\lineno.sty
Package: lineno 2025/05/13 line numbers on paragraphs v5.5
\linenopenalty=\count342
\output=\toks44
\linenoprevgraf=\count343
\linenumbersep=\dimen303
\linenumberwidth=\dimen304
\c@linenumber=\count344
\c@pagewiselinenumber=\count345
\c@LN@truepage=\count346
\c@internallinenumber=\count347
\c@internallinenumbers=\count348
\quotelinenumbersep=\dimen305
\bframerule=\dimen306
\bframesep=\dimen307
\bframebox=\box69
\@LN@amsmath@ams@eqpen=\count349
) (C:\Users\Lenovo\AppData\Local\Programs\MiKTeX\tex/latex/cite\cite.sty
LaTeX Info: Redefining \cite on input line 302.
LaTeX Info: Redefining \nocite on input line 332.
Package: cite 2015/02/27  v 5.5
)
\c@theorem=\count350

(C:\Users\Lenovo\AppData\Local\Programs\MiKTeX\tex/latex/l3backend\l3backend-pd
ftex.def
File: l3backend-pdftex.def 2025-10-09 L3 backend support: PDF output (pdfTeX)
\l__color_backend_stack_int=\count351
)
No file arxiv_submission.aux.
\openout1 = `arxiv_submission.aux'.

LaTeX Font Info:    Checking defaults for OML/cmm/m/it on input line 91.
LaTeX Font Info:    ... okay on input line 91.
LaTeX Font Info:    Checking defaults for OMS/cmsy/m/n on input line 91.
LaTeX Font Info:    ... okay on input line 91.
LaTeX Font Info:    Checking defaults for OT1/cmr/m/n on input line 91.
LaTeX Font Info:    ... okay on input line 91.
LaTeX Font Info:    Checking defaults for T1/cmr/m/n on input line 91.
LaTeX Font Info:    ... okay on input line 91.
LaTeX Font Info:    Checking defaults for TS1/cmr/m/n on input line 91.
LaTeX Font Info:    ... okay on input line 91.
LaTeX Font Info:    Checking defaults for OMX/cmex/m/n on input line 91.
LaTeX Font Info:    ... okay on input line 91.
LaTeX Font Info:    Checking defaults for U/cmr/m/n on input line 91.
LaTeX Font Info:    ... okay on input line 91.
LaTeX Font Info:    Checking defaults for PD1/pdf/m/n on input line 91.
LaTeX Font Info:    ... okay on input line 91.
LaTeX Font Info:    Checking defaults for PU/pdf/m/n on input line 91.
LaTeX Font Info:    ... okay on input line 91.
Package hyperref Info: Link coloring OFF on input line 91.
\@outlinefile=\write4
\openout4 = `arxiv_submission.out'.


(C:\Users\Lenovo\AppData\Local\Programs\MiKTeX\tex/context/base/mkii\supp-pdf.m
kii
[Loading MPS to PDF converter (version 2006.09.02).]
\scratchcounter=\count352
\scratchdimen=\dimen308
\scratchbox=\box70
\nofMPsegments=\count353
\nofMParguments=\count354
\everyMPshowfont=\toks45
\MPscratchCnt=\count355
\MPscratchDim=\dimen309
\MPnumerator=\count356
\makeMPintoPDFobject=\count357
\everyMPtoPDFconversion=\toks46
)
(C:\Users\Lenovo\AppData\Local\Programs\MiKTeX\tex/latex/epstopdf-pkg\epstopdf-
base.sty
Package: epstopdf-base 2020-01-24 v2.11 Base part for package epstopdf
Package epstopdf-base Info: Redefining graphics rule for `.eps' on input line 4
85.

(C:\Users\Lenovo\AppData\Local\Programs\MiKTeX\tex/latex/00miktex\epstopdf-sys.
cfg
File: epstopdf-sys.cfg 2021/03/18 v2.0 Configuration of epstopdf for MiKTeX
))
Package caption Info: Begin \AtBeginDocument code.
Package caption Info: End \AtBeginDocument code.
LaTeX Info: Redefining \microtypecontext on input line 91.
Package microtype Info: Applying patch `item' on input line 91.
Package microtype Info: Applying patch `toc' on input line 91.
Package microtype Info: Applying patch `eqnum' on input line 91.
Package microtype Info: Applying patch `footnote' on input line 91.
Package microtype Info: Applying patch `verbatim' on input line 91.
LaTeX Info: Redefining \microtypesetup on input line 91.
Package microtype Info: Generating PDF output.
Package microtype Info: Character protrusion enabled (level 2).
Package microtype Info: Using default protrusion set `alltext'.
Package microtype Info: No font expansion.
Package microtype Info: No adjustment of tracking.
Package microtype Info: No adjustment of interword spacing.
Package microtype Info: No adjustment of character kerning.

(C:\Users\Lenovo\AppData\Local\Programs\MiKTeX\tex/latex/microtype\mt-cmr.cfg
File: mt-cmr.cfg 2013/05/19 v2.2 microtype config. file: Computer Modern Roman 
(RS)
)
LaTeX Font Info:    Trying to load font information for U+msa on input line 114
.

(C:\Users\Lenovo\AppData\Local\Programs\MiKTeX\tex/latex/amsfonts\umsa.fd
File: umsa.fd 2013/01/14 v3.01 AMS symbols A
)
(C:\Users\Lenovo\AppData\Local\Programs\MiKTeX\tex/latex/microtype\mt-msa.cfg
File: mt-msa.cfg 2006/02/04 v1.1 microtype config. file: AMS symbols (a) (RS)
)
LaTeX Font Info:    Trying to load font information for U+msb on input line 114
.

(C:\Users\Lenovo\AppData\Local\Programs\MiKTeX\tex/latex/amsfonts\umsb.fd
File: umsb.fd 2013/01/14 v3.01 AMS symbols B
)
(C:\Users\Lenovo\AppData\Local\Programs\MiKTeX\tex/latex/microtype\mt-msb.cfg
File: mt-msb.cfg 2005/06/01 v1.0 microtype config. file: AMS symbols (b) (RS)
)
Underfull \hbox (badness 1424) in paragraph at lines 122--123
\T1/cmr/bx/n/12 Keywords: \T1/cmr/m/n/12 Pen-rose in-equal-ity, an-gu-lar mo-me
n-tum, Kerr space-time,
 []

No file arxiv_submission.toc.
\tf@toc=\write5
\openout5 = `arxiv_submission.toc'.

(sec01-introduction.tex

LaTeX Warning: Citation `penrose1973' on page 1 undefined on input line 6.

[1

{C:/Users/Lenovo/AppData/Local/MiKTeX/fonts/map/pdftex/pdftex.map}]

LaTeX Warning: Citation `huisken2001' on page 2 undefined on input line 10.


LaTeX Warning: Citation `bray2001' on page 2 undefined on input line 10.


LaTeX Warning: Citation `braykhuri2010' on page 2 undefined on input line 10.


LaTeX Warning: Citation `hankhuri2013' on page 2 undefined on input line 10.


LaTeX Warning: Reference `eq:penrose' on page 2 undefined on input line 12.


LaTeX Warning: Citation `dain2011' on page 2 undefined on input line 18.


LaTeX Warning: Reference `rem:notation' on page 2 undefined on input line 31.

[2]

LaTeX Warning: Reference `thm:J-conserve' on page 3 undefined on input line 47.



LaTeX Warning: Reference `rem:vacuum-critical' on page 3 undefined on input lin
e 47.


LaTeX Warning: Citation `chrusciel2008' on page 3 undefined on input line 49.


LaTeX Warning: Citation `mars2009' on page 3 undefined on input line 49.


LaTeX Warning: Reference `thm:rigidity' on page 3 undefined on input line 49.


LaTeX Warning: Citation `hankhuri2013' on page 3 undefined on input line 52.


LaTeX Warning: Citation `dain2011' on page 3 undefined on input line 52.


LaTeX Warning: Citation `amo2022' on page 3 undefined on input line 52.


LaTeX Warning: Citation `mars1999' on page 3 undefined on input line 52.


LaTeX Warning: Citation `simon1984' on page 3 undefined on input line 52.

[3]

LaTeX Warning: Reference `sec:extensions' on page 4 undefined on input line 60.



LaTeX Warning: Reference `thm:main' on page 4 undefined on input line 64.


LaTeX Warning: Reference `def:AF' on page 4 undefined on input line 72.


LaTeX Warning: Citation `york1973' on page 4 undefined on input line 82.

[4]

LaTeX Warning: Reference `app:mars-simon' on page 5 undefined on input line 96.



LaTeX Warning: Citation `beigchrusciel1996' on page 5 undefined on input line 9
8.


LaTeX Warning: Citation `simon1984' on page 5 undefined on input line 98.


LaTeX Warning: Citation `backdahl2010a' on page 5 undefined on input line 98.


LaTeX Warning: Citation `backdahl2010b' on page 5 undefined on input line 98.


LaTeX Warning: Reference `lem:Lambda-J-welldef' on page 5 undefined on input li
ne 111.


LaTeX Warning: Reference `sec:lichnerowicz' on page 5 undefined on input line 1
11.


LaTeX Warning: Reference `app:mars-simon' on page 5 undefined on input line 111
.

[5]

LaTeX Warning: Reference `app:mars-simon' on page 6 undefined on input line 113
.


LaTeX Warning: Reference `thm:kerr-characterization' on page 6 undefined on inp
ut line 116.


LaTeX Warning: Citation `bowen1980' on page 6 undefined on input line 126.


LaTeX Warning: Reference `thm:J-conserve' on page 6 undefined on input line 132
.


Underfull \hbox (badness 1122) in paragraph at lines 132--133
[]\T1/cmr/bx/n/12 Angular mo-men-tum con-ser-va-tion (The-o-rem []): \T1/cmr/m/
n/12 The co-
 []

[6]

LaTeX Warning: Reference `lem:phi-bound' on page 7 undefined on input line 134.



LaTeX Warning: Citation `huisken2001' on page 7 undefined on input line 139.


LaTeX Warning: Citation `bray2001' on page 7 undefined on input line 139.


LaTeX Warning: Reference `thm:J-conserve' on page 7 undefined on input line 142
.


LaTeX Warning: Reference `subsec:charged-penrose' on page 7 undefined on input 
line 148.

[7]

LaTeX Warning: Reference `eq:main' on page 8 undefined on input line 157.


LaTeX Warning: Reference `eq:main' on page 8 undefined on input line 159.

[8]

LaTeX Warning: Reference `thm:subext' on page 9 undefined on input line 165.


LaTeX Warning: Citation `braykhuri2010' on page 9 undefined on input line 174.


LaTeX Warning: Citation `hankhuri2013' on page 9 undefined on input line 174.


LaTeX Warning: Citation `dain2011' on page 9 undefined on input line 174.


LaTeX Warning: Citation `amo2022' on page 9 undefined on input line 174.


LaTeX Warning: Citation `huisken2001' on page 9 undefined on input line 176.


LaTeX Warning: Citation `bray2001' on page 9 undefined on input line 176.

[9]

LaTeX Warning: Reference `sec:kerr' on page 10 undefined on input line 182.


LaTeX Warning: Reference `sec:proof-outline' on page 10 undefined on input line
 182.


LaTeX Warning: Reference `sec:jang' on page 10 undefined on input line 182.


LaTeX Warning: Reference `sec:subextremality' on page 10 undefined on input lin
e 182.


LaTeX Warning: Reference `sec:synthesis' on page 10 undefined on input line 182
.


LaTeX Warning: Reference `thm:main' on page 10 undefined on input line 182.


LaTeX Warning: Reference `sec:rigidity' on page 10 undefined on input line 182.



LaTeX Warning: Reference `sec:extensions' on page 10 undefined on input line 18
2.

) (sec02-kerr.tex [10]

LaTeX Warning: Citation `ChruscielCostaHeusler2012' on page 11 undefined on inp
ut line 36.

) (sec03-proof-outline.tex

LaTeX Warning: Citation `braykhuri2010' on page 11 undefined on input line 4.


LaTeX Warning: Citation `hankhuri2013' on page 11 undefined on input line 4.


LaTeX Warning: Citation `amo2022' on page 11 undefined on input line 4.


Underfull \hbox (badness 5460) in paragraph at lines 16--17
[]\T1/cmr/m/n/12 (iv) \T1/cmr/m/it/12 Mono-tonic-ity. \T1/cmr/m/n/12 The mod-i-
fied Hawk-ing mass $\OML/cmm/m/it/12 m[]\OT1/cmr/m/n/12 (\OML/cmm/m/it/12 t\OT1
/cmr/m/n/12 ) =
 []


LaTeX Warning: Reference `sec:jang' on page 11 undefined on input line 20.


LaTeX Warning: Reference `sec:lichnerowicz' on page 11 undefined on input line 
20.


LaTeX Warning: Reference `sec:amo' on page 11 undefined on input line 20.


LaTeX Warning: Reference `sec:subextremality' on page 11 undefined on input lin
e 20.


LaTeX Warning: Reference `thm:main' on page 11 undefined on input line 29.

[11]

LaTeX Warning: Citation `gallowayschoen2006' on page 12 undefined on input line
 40.


LaTeX Warning: Reference `sec:jang' on page 12 undefined on input line 40.


LaTeX Warning: Reference `sec:lichnerowicz' on page 12 undefined on input line 
40.

) (sec04-jang.tex

LaTeX Warning: Citation `bartnik1986' on page 12 undefined on input line 6.


LaTeX Warning: Citation `lockhartmccowen1985' on page 12 undefined on input lin
e 6.


LaTeX Warning: Citation `bartnik1986' on page 12 undefined on input line 21.

[12]

LaTeX Warning: Citation `anderssonmars2008' on page 13 undefined on input line 
33.


LaTeX Warning: Citation `anderssonmetzger2009' on page 13 undefined on input li
ne 37.


LaTeX Warning: Citation `gallowayschoen2006' on page 13 undefined on input line
 41.


LaTeX Warning: Citation `gallowayschoen2006' on page 13 undefined on input line
 45.

[13] [14]

LaTeX Warning: Reference `lem:twist-bound-poles' on page 15 undefined on input 
line 90.


LaTeX Warning: Reference `eq:twist-term' on page 15 undefined on input line 94.



LaTeX Warning: Reference `eq:twist-term' on page 15 undefined on input line 99.



LaTeX Warning: Citation `wald1984' on page 15 undefined on input line 106.

[15]

LaTeX Warning: Citation `wald1984' on page 16 undefined on input line 113.

[16]

LaTeX Warning: Reference `lem:mots-axis' on page 17 undefined on input line 136
.


LaTeX Warning: Reference `eq:twist-pole-scaling' on page 17 undefined on input 
line 144.


LaTeX Warning: Reference `lem:perturbation-stability' on page 17 undefined on i
nput line 165.

[17]

LaTeX Warning: Reference `def:weighted-holder' on page 18 undefined on input li
ne 177.


LaTeX Warning: Citation `chruscielwald1994' on page 18 undefined on input line 
177.


LaTeX Warning: Citation `dainortiz2009' on page 18 undefined on input line 177.



LaTeX Warning: Citation `mazzeo1991' on page 18 undefined on input line 177.

[18]

LaTeX Warning: Citation `mazzeo1987' on page 19 undefined on input line 194.


LaTeX Warning: Citation `schulze1998' on page 19 undefined on input line 194.


LaTeX Warning: Reference `eq:reduced-jang' on page 19 undefined on input line 2
04.

[19]

LaTeX Warning: Citation `schulze1998' on page 20 undefined on input line 228.

[20] [21] [22]

LaTeX Warning: Reference `thm:jang-exist' on page 23 undefined on input line 32
1.


LaTeX Warning: Citation `hankhuri2013' on page 23 undefined on input line 325.


Overfull \hbox (4.48515pt too wide) detected at line 341
\OMS/cmsy/m/n/12 J[]\OT1/cmr/m/n/12 [[]] := [] [] \OMS/cmsy/m/n/12 ^^@ [] [] ^^
@ T\OT1/cmr/m/n/12 [[]]\OML/cmm/m/it/12 ;
 []

[23]

LaTeX Warning: Citation `gilbargtrudinger2001' on page 24 undefined on input li
ne 363.


LaTeX Warning: Reference `lem:mots-axis' on page 24 undefined on input line 365
.


LaTeX Warning: Reference `lem:twist-bound-poles' on page 24 undefined on input 
line 371.

[24]

LaTeX Warning: Reference `eq:twist-term' on page 25 undefined on input line 385
.


LaTeX Warning: Reference `lem:mots-axis' on page 25 undefined on input line 387
.

[25]

LaTeX Warning: Reference `eq:twist-term' on page 26 undefined on input line 406
.


LaTeX Warning: Reference `eq:twist-term' on page 26 undefined on input line 423
.

[26]

LaTeX Warning: Reference `lem:mots-axis' on page 27 undefined on input line 435
.


LaTeX Warning: Reference `lem:twist-bound-poles' on page 27 undefined on input 
line 435.


LaTeX Warning: Reference `eq:twist-term' on page 27 undefined on input line 442
.


LaTeX Warning: Citation `pacarditore2003' on page 27 undefined on input line 44
9.


LaTeX Warning: Citation `mazzeo1991' on page 27 undefined on input line 449.


Underfull \hbox (badness 1325) in paragraph at lines 452--454
[]\T1/cmr/bx/n/12 Lemma 4.15 \T1/cmr/m/n/12 (Per-tur-ba-tion Sta-bil-ity for Bl
ow-Up Asymp-totics)\T1/cmr/bx/n/12 . []\T1/cmr/m/it/12 Let
 []

[27]

LaTeX Warning: Citation `lockhartmccowen1985' on page 28 undefined on input lin
e 487.


LaTeX Warning: Reference `eq:fixed-point' on page 28 undefined on input line 49
5.

[28]
Overfull \hbox (23.32376pt too wide) detected at line 535
[]
 []

[29]

LaTeX Warning: Citation `hankhuri2013' on page 30 undefined on input line 559.

[30]

LaTeX Warning: Citation `lockhartmccowen1985' on page 31 undefined on input lin
e 561.


LaTeX Warning: Citation `melrose1996' on page 31 undefined on input line 561.


LaTeX Warning: Reference `def:MOTS' on page 31 undefined on input line 569.


LaTeX Warning: Citation `gallowayschoen2006' on page 31 undefined on input line
 578.

[31]

LaTeX Warning: Citation `hersch1970' on page 32 undefined on input line 582.


LaTeX Warning: Citation `lockhartmccowen1985' on page 32 undefined on input lin
e 604.


LaTeX Warning: Citation `anderssonmetzger2009' on page 32 undefined on input li
ne 606.

[32]

LaTeX Warning: Citation `gilbargtrudinger2001' on page 33 undefined on input li
ne 612.


LaTeX Warning: Reference `lem:twisted-indicial' on page 33 undefined on input l
ine 613.


LaTeX Warning: Reference `lem:perturbation-stability' on page 33 undefined on i
nput line 618.

[33]

LaTeX Warning: Reference `eq:twist-term' on page 34 undefined on input line 646
.


LaTeX Warning: Citation `gilbargtrudinger2001' on page 34 undefined on input li
ne 652.

[34]

LaTeX Warning: Reference `lem:mots-axis' on page 35 undefined on input line 658
.


LaTeX Warning: Reference `eq:omega-bound' on page 35 undefined on input line 66
2.


LaTeX Warning: Reference `lem:twist-bound-poles' on page 35 undefined on input 
line 662.


LaTeX Warning: Citation `lockhartmccowen1985' on page 35 undefined on input lin
e 679.


LaTeX Warning: Reference `eq:DT-decay' on page 35 undefined on input line 679.

[35]

LaTeX Warning: Citation `gallowayschoen2006' on page 36 undefined on input line
 693.


LaTeX Warning: Citation `chavel1984' on page 36 undefined on input line 701.


LaTeX Warning: Citation `lockhartmccowen1985' on page 36 undefined on input lin
e 703.


LaTeX Warning: Citation `lockhartmccowen1985' on page 36 undefined on input lin
e 714.


LaTeX Warning: Citation `hankhuri2013' on page 36 undefined on input line 716.

[36]
Overfull \hbox (70.22408pt too wide) detected at line 725
\OML/cmm/m/it/12 L[]v \OT1/cmr/m/n/12 = [] [] + [] + \OML/cmm/m/it/12 D\OMS/cms
y/m/n/12 Tj[] ^^A \OML/cmm/m/it/12 v;
 []


LaTeX Warning: Citation `anderssonmetzger2009' on page 37 undefined on input li
ne 740.


LaTeX Warning: Reference `def:MOTS' on page 37 undefined on input line 740.


LaTeX Warning: Reference `def:MOTS' on page 37 undefined on input line 742.


Overfull \hbox (19.15004pt too wide) detected at line 753
[]
 []

[37]

LaTeX Warning: Reference `eq:energy-jang' on page 38 undefined on input line 78
3.

[38]

LaTeX Warning: Citation `hankhuri2013' on page 39 undefined on input line 808.


LaTeX Warning: Citation `schoen1981' on page 39 undefined on input line 808.


LaTeX Warning: Citation `hankhuri2013' on page 39 undefined on input line 810.


LaTeX Warning: Citation `schoen1981' on page 39 undefined on input line 818.

[39]

LaTeX Warning: Citation `gilbargtrudinger2001' on page 40 undefined on input li
ne 835.


LaTeX Warning: Citation `hankhuri2013' on page 40 undefined on input line 854.


LaTeX Warning: Citation `hankhuri2013' on page 40 undefined on input line 860.

[40]

LaTeX Warning: Citation `hankhuri2013' on page 41 undefined on input line 873.


LaTeX Warning: Citation `braykhuri2010' on page 41 undefined on input line 879.



LaTeX Warning: Reference `thm:jang-exist' on page 41 undefined on input line 89
5.


LaTeX Warning: Citation `hankhuri2013' on page 41 undefined on input line 897.

[41]

LaTeX Warning: Citation `hankhuri2013' on page 42 undefined on input line 909.


LaTeX Warning: Reference `lem:mots-axis' on page 42 undefined on input line 911
.


LaTeX Warning: Reference `lem:twist-bound-poles' on page 42 undefined on input 
line 911.


LaTeX Warning: Reference `lem:perturbation-stability' on page 42 undefined on i
nput line 913.


LaTeX Warning: Reference `sec:lichnerowicz' on page 42 undefined on input line 
923.


LaTeX Warning: Reference `sec:amo' on page 42 undefined on input line 924.

[42]

LaTeX Warning: Reference `thm:J-conserve' on page 43 undefined on input line 92
5.

) (sec05-lichnerowicz.tex

LaTeX Warning: Reference `thm:jang-exist' on page 43 undefined on input line 6.



LaTeX Warning: Reference `def:weighted-holder' on page 43 undefined on input li
ne 17.


LaTeX Warning: Citation `lockhartmccowen1985' on page 43 undefined on input lin
e 19.


LaTeX Warning: Reference `def:weighted-holder' on page 43 undefined on input li
ne 23.


LaTeX Warning: Reference `def:weighted-sobolev-cyl' on page 43 undefined on inp
ut line 23.

[43]
Underfull \hbox (badness 1102) in paragraph at lines 27--28
[]\T1/cmr/bx/n/12 Definition 5.3 \T1/cmr/m/n/12 (AM-Lich-nerow-icz Op-er-a-tor)
\T1/cmr/bx/n/12 . []\T1/cmr/m/n/12 The angular-momentum-
 []


LaTeX Warning: Reference `def:Lambda-J' on page 44 undefined on input line 31.


LaTeX Warning: Reference `eq:am-lich' on page 44 undefined on input line 37.

[44]

LaTeX Warning: Reference `thm:kerr-characterization' on page 45 undefined on in
put line 73.

[45]

LaTeX Warning: Citation `backdahl2010a' on page 46 undefined on input line 84.


LaTeX Warning: Citation `backdahl2010b' on page 46 undefined on input line 84.


LaTeX Warning: Citation `backdahl2010a' on page 46 undefined on input line 84.


LaTeX Warning: Citation `backdahl2010b' on page 46 undefined on input line 84.


LaTeX Warning: Reference `eq:CM-E' on page 46 undefined on input line 109.


LaTeX Warning: Reference `eq:CM-B' on page 46 undefined on input line 109.

[46]

LaTeX Warning: Reference `eq:radial-ODE' on page 47 undefined on input line 123
.


LaTeX Warning: Reference `eq:CM-E' on page 47 undefined on input line 130.


LaTeX Warning: Reference `eq:CM-B' on page 47 undefined on input line 130.

[47]
Underfull \hbox (badness 1946) in paragraph at lines 137--138
[]\T1/cmr/bx/n/12 Regularity at axis: \T1/cmr/m/n/12 The ax-isym-me-try con-di-
tion $\OMS/cmsy/m/n/12 L[]\OML/cmm/m/it/12 E[] \OT1/cmr/m/n/12 =
 []

[48]

LaTeX Warning: Citation `mars1999' on page 49 undefined on input line 176.


LaTeX Warning: Citation `simon1984' on page 49 undefined on input line 176.


LaTeX Warning: Citation `mars1999' on page 49 undefined on input line 179.


LaTeX Warning: Citation `backdahl2010a' on page 49 undefined on input line 179.



LaTeX Warning: Citation `simon1984' on page 49 undefined on input line 182.


LaTeX Warning: Citation `beigchrusciel1996' on page 49 undefined on input line 
182.

[49]

LaTeX Warning: Reference `thm:jang-exist' on page 50 undefined on input line 20
6.


Underfull \hbox (badness 1178) in paragraph at lines 213--214
[]\T1/cmr/bx/it/12 Interior ex-ten-sion bound-ed-ness: \T1/cmr/m/it/12 The ref-
er-ence Kerr ten-sors
 []


LaTeX Warning: Reference `def:EB-weyl' on page 50 undefined on input line 225.


LaTeX Warning: Reference `app:mars-simon' on page 50 undefined on input line 22
5.

[50]

LaTeX Warning: Reference `lem:Lambda-J-welldef' on page 51 undefined on input l
ine 239.


LaTeX Warning: Reference `thm:jang-exist' on page 51 undefined on input line 25
7.


LaTeX Warning: Reference `thm:jang-exist' on page 51 undefined on input line 26
5.


LaTeX Warning: Reference `def:Lambda-J' on page 51 undefined on input line 265.



LaTeX Warning: Reference `lem:refined-bk' on page 51 undefined on input line 28
0.

[51]

LaTeX Warning: Reference `thm:main' on page 52 undefined on input line 287.


Underfull \hbox (badness 6658) in paragraph at lines 293--294
[]\T1/cmr/bx/n/12 Proof A: Vari-a-tional Ex-is-tence (Unconditional---Primary
 []


LaTeX Warning: Reference `eq:am-lich-exist' on page 52 undefined on input line 
301.

[52]

LaTeX Warning: Reference `eq:am-lich-exist' on page 53 undefined on input line 
318.


LaTeX Warning: Citation `lockhartmccowen1985' on page 53 undefined on input lin
e 324.


LaTeX Warning: Reference `lem:refined-bk' on page 53 undefined on input line 32
6.


Underfull \hbox (badness 10000) in paragraph at lines 326--327
[]\T1/cmr/bx/n/12 Proof B: Sub/Super-Solution Method (Con-di-tional on
 []

[53]

LaTeX Warning: Reference `lem:refined-bk' on page 54 undefined on input line 33
0.


LaTeX Warning: Citation `gilbargtrudinger2001' on page 54 undefined on input li
ne 342.


LaTeX Warning: Reference `thm:lich-exist' on page 54 undefined on input line 36
0.


LaTeX Warning: Reference `lem:refined-bk' on page 54 undefined on input line 36
2.


LaTeX Warning: Reference `prop:alternative-mass' on page 54 undefined on input 
line 364.

[54]

LaTeX Warning: Reference `thm:lich-exist' on page 55 undefined on input line 36
9.


LaTeX Warning: Reference `lem:refined-bk' on page 55 undefined on input line 36
9.


LaTeX Warning: Reference `rem:conditional-phi-bound' on page 55 undefined on in
put line 369.


LaTeX Warning: Citation `bartnik1986' on page 55 undefined on input line 379.


LaTeX Warning: Reference `prop:alternative-mass' on page 55 undefined on input 
line 380.


LaTeX Warning: Reference `app:supersolution' on page 55 undefined on input line
 380.


LaTeX Warning: Citation `hankhuri2013' on page 55 undefined on input line 382.


LaTeX Warning: Reference `lem:phi-bound' on page 55 undefined on input line 386
.


LaTeX Warning: Reference `lem:refined-bk' on page 55 undefined on input line 38
6.


LaTeX Warning: Reference `lem:refined-bk' on page 55 undefined on input line 38
8.


LaTeX Warning: Reference `lem:refined-bk' on page 55 undefined on input line 39
3.

[55]

LaTeX Warning: Reference `thm:main' on page 56 undefined on input line 399.


LaTeX Warning: Reference `prop:alternative-mass' on page 56 undefined on input 
line 399.


LaTeX Warning: Reference `thm:main' on page 56 undefined on input line 399.


LaTeX Warning: Reference `rem:sign-verification' on page 56 undefined on input 
line 407.


LaTeX Warning: Reference `lem:phi-bound' on page 56 undefined on input line 408
.


LaTeX Warning: Reference `lem:refined-bk' on page 56 undefined on input line 41
0.


LaTeX Warning: Reference `prop:alternative-mass' on page 56 undefined on input 
line 411.


LaTeX Warning: Reference `app:supersolution' on page 56 undefined on input line
 411.


LaTeX Warning: Reference `prop:alternative-mass' on page 56 undefined on input 
line 414.


LaTeX Warning: Reference `thm:main' on page 56 undefined on input line 414.


LaTeX Warning: Reference `subsec:critical-estimates-appendix' on page 56 undefi
ned on input line 414.

) (sec06-amo.tex [56]
Underfull \hbox (badness 1552) in paragraph at lines 9--11
\T1/cmr/m/n/12 with bound-ary con-di-tions $\OML/cmm/m/it/12 u[]\OMS/cmsy/m/n/1
2 j[] \OT1/cmr/m/n/12 = 0$ \T1/cmr/m/n/12 at the hori-zon (in-ter-preted as
 []


LaTeX Warning: Citation `amo2022' on page 57 undefined on input line 13.


LaTeX Warning: Citation `tolksdorf1984' on page 57 undefined on input line 21.


LaTeX Warning: Citation `heinonen1993' on page 57 undefined on input line 25.


LaTeX Warning: Citation `manfredi1988' on page 57 undefined on input line 25.

[57]

LaTeX Warning: Citation `tolksdorf1984' on page 58 undefined on input line 46.


LaTeX Warning: Citation `heinonen1993' on page 58 undefined on input line 52.


LaTeX Warning: Reference `rem:p-harmonic-regularity' on page 58 undefined on in
put line 52.

[58]

LaTeX Warning: Citation `morecamping1980' on page 59 undefined on input line 68
.


LaTeX Warning: Citation `dain2011' on page 59 undefined on input line 75.

[59]

LaTeX Warning: Reference `rem:p-harmonic-regularity' on page 60 undefined on in
put line 90.


LaTeX Warning: Reference `rem:p-harmonic-regularity' on page 60 undefined on in
put line 114.


LaTeX Warning: Reference `rem:cylindrical-regularity' on page 60 undefined on i
nput line 117.

[60]

LaTeX Warning: Reference `thm:main' on page 61 undefined on input line 120.


LaTeX Warning: Reference `lem:homology' on page 61 undefined on input line 128.



LaTeX Warning: Reference `thm:J-conserve' on page 61 undefined on input line 13
2.

[61]

LaTeX Warning: Reference `thm:J-conserve' on page 62 undefined on input line 14
4.


LaTeX Warning: Reference `thm:subext' on page 62 undefined on input line 146.


LaTeX Warning: Reference `lem:willmore-bound' on page 62 undefined on input lin
e 146.

[62]

LaTeX Warning: Citation `LiYau1982' on page 63 undefined on input line 203.


LaTeX Warning: Citation `amo2022' on page 63 undefined on input line 212.

[63]

LaTeX Warning: Citation `amo2022' on page 64 undefined on input line 218.


LaTeX Warning: Reference `lem:mots-boundary' on page 64 undefined on input line
 224.

[64]

LaTeX Warning: Citation `huisken2001' on page 65 undefined on input line 246.


LaTeX Warning: Citation `amo2022' on page 65 undefined on input line 246.

[65]

LaTeX Warning: Reference `lem:phi-bound' on page 66 undefined on input line 270
.


Underfull \hbox (badness 1946) in paragraph at lines 276--277
[]\T1/cmr/bx/n/12 Theorem 6.14 \T1/cmr/m/n/12 (An-gu-lar Mo-men-tum Con-ser-va-
tion----Topo-log-i-cal)\T1/cmr/bx/n/12 . []\T1/cmr/m/it/12 Let
 []

[66]

LaTeX Warning: Reference `lem:homology' on page 67 undefined on input line 287.



LaTeX Warning: Reference `thm:J-conserve' on page 67 undefined on input line 29
1.


LaTeX Warning: Reference `thm:J-conserve' on page 67 undefined on input line 29
8.


LaTeX Warning: Reference `eq:key-coclosed' on page 67 undefined on input line 3
05.

[67] [68] [69] [70] [71] [72]

LaTeX Warning: Reference `eq:div-beta' on page 73 undefined on input line 475.

[73] [74] [75] [76]

LaTeX Warning: Reference `rem:vacuum-critical' on page 77 undefined on input li
ne 579.

[77]
Overfull \hbox (4.63095pt too wide) in paragraph at lines 601--602
[]\T1/cmr/m/n/12 The key dif-fi-culty is that the func-tional $\OML/cmm/m/it/12
 m[]\OT1/cmr/m/n/12 (\OML/cmm/m/it/12 t\OT1/cmr/m/n/12 ) = []$
 []


LaTeX Warning: Citation `gabachclement2015' on page 78 undefined on input line 
607.

[78]

LaTeX Warning: Citation `amo2022' on page 79 undefined on input line 633.

[79] [80]

LaTeX Warning: Reference `eq:p-harmonic-expanded' on page 81 undefined on input
 line 702.


LaTeX Warning: Reference `thm:lich-exist' on page 81 undefined on input line 71
0.


LaTeX Warning: Reference `eq:amo-formula-derived' on page 81 undefined on input
 line 713.


LaTeX Warning: Citation `amo2022' on page 81 undefined on input line 721.

[81]

LaTeX Warning: Reference `thm:main' on page 82 undefined on input line 733.


LaTeX Warning: Reference `thm:lich-exist' on page 82 undefined on input line 73
9.


LaTeX Warning: Reference `lem:homology' on page 82 undefined on input line 740.



LaTeX Warning: Reference `thm:main' on page 82 undefined on input line 741.


Underfull \hbox (badness 10000) in paragraph at lines 741--742
[]\T1/cmr/m/n/12 Hypothesis (H2) of
 []


LaTeX Warning: Reference `thm:subext' on page 82 undefined on input line 742.


LaTeX Warning: Reference `rem:cylindrical-regularity' on page 82 undefined on i
nput line 743.


LaTeX Warning: Reference `lem:homology' on page 82 undefined on input line 744.



Overfull \hbox (7.28426pt too wide) in paragraph at lines 736--746
[][] 
 []


LaTeX Warning: Reference `thm:lich-exist' on page 82 undefined on input line 75
2.

[82]

LaTeX Warning: Reference `lem:mots-boundary' on page 83 undefined on input line
 773.


LaTeX Warning: Reference `lem:adm-convergence' on page 83 undefined on input li
ne 791.

[83]

LaTeX Warning: Citation `amo2022' on page 84 undefined on input line 795.


LaTeX Warning: Reference `thm:monotone' on page 84 undefined on input line 805.



LaTeX Warning: Reference `thm:main' on page 84 undefined on input line 809.

[84]

LaTeX Warning: Citation `rudin1976' on page 85 undefined on input line 826.


LaTeX Warning: Reference `rem:distributional-rigor' on page 85 undefined on inp
ut line 826.


LaTeX Warning: Reference `rem:p-constants' on page 85 undefined on input line 8
26.


Underfull \hbox (badness 10000) in paragraph at lines 832--833
[]\T1/cmr/bx/n/12 Key iden-tity:
 []


LaTeX Warning: Reference `thm:J-conserve' on page 85 undefined on input line 84
1.


Underfull \hbox (badness 2990) in paragraph at lines 850--852
\T1/cmr/m/n/12 Define the \T1/cmr/bx/n/12 Will-more deficit $\OML/cmm/m/it/12 W
\OT1/cmr/m/n/12 (\OML/cmm/m/it/12 t\OT1/cmr/m/n/12 ) := [] [][] \OML/cmm/m/it/1
2 H[] d^^[$\T1/cmr/m/n/12 , so $\OML/cmm/m/it/12 m[] \OT1/cmr/m/n/12 =
 []

[85]

LaTeX Warning: Citation `amo2022' on page 86 undefined on input line 862.


LaTeX Warning: Citation `huisken2001' on page 86 undefined on input line 880.

[86]

LaTeX Warning: Citation `amo2022' on page 87 undefined on input line 894.


LaTeX Warning: Citation `amo2022' on page 87 undefined on input line 904.


LaTeX Warning: Reference `eq:mH2-lower' on page 87 undefined on input line 907.



LaTeX Warning: Reference `eq:geroch-am' on page 87 undefined on input line 918.


[87]

LaTeX Warning: Citation `amo2022' on page 88 undefined on input line 925.


LaTeX Warning: Citation `amo2022' on page 88 undefined on input line 931.


LaTeX Warning: Reference `prop:amo-formula' on page 88 undefined on input line 
937.


LaTeX Warning: Reference `eq:amo-simplified' on page 88 undefined on input line
 950.

[88]

LaTeX Warning: Reference `eq:amo-simplified' on page 89 undefined on input line
 981.


LaTeX Warning: Citation `simonwillmore1993' on page 89 undefined on input line 
989.

[89]

LaTeX Warning: Reference `lem:bounded-geometry' on page 90 undefined on input l
ine 993.


LaTeX Warning: Reference `lem:bounded-geometry' on page 90 undefined on input l
ine 997.


LaTeX Warning: Reference `eq:subext-factor' on page 90 undefined on input line 
1011.

[90]

LaTeX Warning: Citation `amo2022' on page 91 undefined on input line 1043.


LaTeX Warning: Citation `amo2022' on page 91 undefined on input line 1048.

[91]

LaTeX Warning: Citation `amo2022' on page 92 undefined on input line 1065.


LaTeX Warning: Reference `lem:mots-boundary' on page 92 undefined on input line
 1081.


LaTeX Warning: Reference `eq:geroch-am-final' on page 92 undefined on input lin
e 1083.

[92]

LaTeX Warning: Reference `eq:geroch-am-final' on page 93 undefined on input lin
e 1084.


LaTeX Warning: Reference `thm:monotone' on page 93 undefined on input line 1089
.


LaTeX Warning: Reference `thm:subext' on page 93 undefined on input line 1089.


LaTeX Warning: Reference `thm:subext' on page 93 undefined on input line 1089.


LaTeX Warning: Citation `dain2011' on page 93 undefined on input line 1092.

[93]

LaTeX Warning: Reference `eq:geroch-am' on page 94 undefined on input line 1123
.


LaTeX Warning: Reference `thm:J-conserve' on page 94 undefined on input line 11
33.


LaTeX Warning: Citation `amo2022' on page 94 undefined on input line 1135.


LaTeX Warning: Reference `prop:amo-formula' on page 94 undefined on input line 
1141.

[94]

LaTeX Warning: Citation `amo2022' on page 95 undefined on input line 1158.


LaTeX Warning: Reference `eq:mH-lower-amo' on page 95 undefined on input line 1
164.


LaTeX Warning: Reference `eq:area-deriv-direct' on page 95 undefined on input l
ine 1164.


LaTeX Warning: Reference `eq:mHJ-deriv-direct' on page 95 undefined on input li
ne 1164.

[95]

LaTeX Warning: Reference `prop:amo-formula' on page 96 undefined on input line 
1193.


LaTeX Warning: Citation `dain2011' on page 96 undefined on input line 1195.


LaTeX Warning: Citation `dain2011' on page 96 undefined on input line 1201.

[96]

LaTeX Warning: Reference `eq:geroch-am' on page 97 undefined on input line 1230
.


LaTeX Warning: Reference `thm:monotone' on page 97 undefined on input line 1234
.


LaTeX Warning: Reference `eq:A-prime' on page 97 undefined on input line 1236.

[97]

LaTeX Warning: Reference `eq:mH2-lower' on page 98 undefined on input line 1237
.


LaTeX Warning: Citation `amo2022' on page 98 undefined on input line 1242.


LaTeX Warning: Citation `amo2022' on page 98 undefined on input line 1242.


LaTeX Warning: Reference `thm:J-conserve' on page 98 undefined on input line 12
45.


LaTeX Warning: Citation `dain2011' on page 98 undefined on input line 1246.


LaTeX Warning: Citation `miao2002' on page 98 undefined on input line 1252.


LaTeX Warning: Citation `huisken2001' on page 98 undefined on input line 1252.


LaTeX Warning: Citation `amo2022' on page 98 undefined on input line 1254.


LaTeX Warning: Reference `lem:uniform-p-estimates' on page 98 undefined on inpu
t line 1260.


Underfull \hbox (badness 4872) in paragraph at lines 1260--1261
[]\T1/cmr/bx/n/12 Uniform-in-$\OML/cmm/m/it/12 p$ \T1/cmr/bx/n/12 es-ti-mates \
T1/cmr/m/n/12 (Lemma []): Tolksdorf--Lieberman--
 []


LaTeX Warning: Reference `thm:uniform-monotonicity' on page 98 undefined on inp
ut line 1261.

[98]

LaTeX Warning: Reference `thm:main' on page 99 undefined on input line 1266.


LaTeX Warning: Reference `thm:uniform-monotonicity' on page 99 undefined on inp
ut line 1277.


LaTeX Warning: Reference `lem:uniform-p-estimates' on page 99 undefined on inpu
t line 1285.


LaTeX Warning: Reference `lem:gradient-lower-bound' on page 99 undefined on inp
ut line 1288.

[99]

LaTeX Warning: Reference `thm:subext' on page 100 undefined on input line 1309.



Overfull \hbox (37.22072pt too wide) detected at line 1315
[][] \OMS/cmsy/m/n/12 F[]\OT1/cmr/m/n/12 (\OML/cmm/m/it/12 t\OT1/cmr/m/n/12 ) \
OML/cmm/m/it/12 dt \OMS/cmsy/m/n/12 ^^T [][] [][] [] \OML/cmm/m/it/12 dA dt \OM
S/cmsy/m/n/12 ^^T [][]\OT1/cmr/m/n/12 (\OMS/cmsy/m/n/12 f\OML/cmm/m/it/12 a \OM
S/cmsy/m/n/12 ^^T \OML/cmm/m/it/12 u[] \OMS/cmsy/m/n/12 ^^T \OML/cmm/m/it/12 b\
OMS/cmsy/m/n/12 g\OT1/cmr/m/n/12 ) \OMS/cmsy/m/n/12 ^^A [] \OML/cmm/m/it/12 A[]
\OT1/cmr/m/n/12 (\OML/cmm/m/it/12 t\OT1/cmr/m/n/12 )[] \OMS/cmsy/m/n/12 ^^A \OT
1/cmr/m/n/12 ([])\OML/cmm/m/it/12 :
 []


LaTeX Warning: Reference `eq:uniform-monotonicity-bound' on page 100 undefined 
on input line 1316.


LaTeX Warning: Reference `thm:uniform-monotonicity' on page 100 undefined on in
put line 1319.


LaTeX Warning: Reference `eq:uniform-monotonicity-bound' on page 100 undefined 
on input line 1323.

[100]

LaTeX Warning: Citation `miao2002' on page 101 undefined on input line 1338.


LaTeX Warning: Reference `thm:jang-exist' on page 101 undefined on input line 1
347.

[101]

LaTeX Warning: Citation `miao2002' on page 102 undefined on input line 1374.


LaTeX Warning: Citation `tolksdorf1984' on page 102 undefined on input line 138
5.

[102]

LaTeX Warning: Citation `lieberman1988' on page 103 undefined on input line 143
1.

[103]

LaTeX Warning: Citation `lieberman1988' on page 104 undefined on input line 144
3.


LaTeX Warning: Citation `lieberman1988' on page 104 undefined on input line 144
8.


LaTeX Warning: Citation `dibenedetto1993' on page 104 undefined on input line 1
458.

[104]
Underfull \hbox (badness 1496) in paragraph at lines 1503--1504
[]\T1/cmr/bx/n/12 Monotonicity con-stant: \T1/cmr/m/n/12 The mono-tonic-ity for
-mula co-ef-fi-cient
 []

[105]

LaTeX Warning: Citation `tolksdorf1984' on page 106 undefined on input line 151
2.


LaTeX Warning: Citation `serrin1964' on page 106 undefined on input line 1513.


LaTeX Warning: Citation `lieberman1988' on page 106 undefined on input line 151
4.


LaTeX Warning: Citation `dibenedetto1993' on page 106 undefined on input line 1
515.


LaTeX Warning: Reference `lem:uniform-p-estimates' on page 106 undefined on inp
ut line 1522.


LaTeX Warning: Reference `lem:gradient-lower-bound' on page 106 undefined on in
put line 1523.


LaTeX Warning: Reference `lem:gradient-lower-bound' on page 106 undefined on in
put line 1524.


LaTeX Warning: Citation `tolksdorf1984' on page 106 undefined on input line 152
6.


LaTeX Warning: Reference `rem:distributional-rigor' on page 106 undefined on in
put line 1526.

[106]

LaTeX Warning: Citation `heinonen1993' on page 107 undefined on input line 1540
.


LaTeX Warning: Citation `manfredi1988' on page 107 undefined on input line 1540
.


LaTeX Warning: Citation `serrin1964' on page 107 undefined on input line 1544.

[107]

LaTeX Warning: Citation `heinonen1993' on page 108 undefined on input line 1562
.


LaTeX Warning: Citation `manfredi1988' on page 108 undefined on input line 1568
.


LaTeX Warning: Citation `heinonen1993' on page 108 undefined on input line 1570
.


LaTeX Warning: Citation `aronssonlindqvist1988' on page 108 undefined on input 
line 1576.


LaTeX Warning: Citation `sternberg1992' on page 108 undefined on input line 158
2.

[108]

LaTeX Warning: Citation `aronssonlindqvist1988' on page 109 undefined on input 
line 1591.


LaTeX Warning: Citation `manfredi1988' on page 109 undefined on input line 1595
.


LaTeX Warning: Reference `lem:uniform-p-estimates' on page 109 undefined on inp
ut line 1596.

[109]

LaTeX Warning: Reference `thm:monotone' on page 110 undefined on input line 160
3.


LaTeX Warning: Reference `rem:p-harmonic-regularity' on page 110 undefined on i
nput line 1611.


LaTeX Warning: Citation `heinonen1993' on page 110 undefined on input line 1628
.

[110]

LaTeX Warning: Reference `lem:gradient-lower-bound' on page 111 undefined on in
put line 1636.


LaTeX Warning: Reference `lem:gradient-lower-bound' on page 111 undefined on in
put line 1646.


Underfull \hbox (badness 10000) in paragraph at lines 1646--1647
[]\T1/cmr/m/n/12 By
 []


LaTeX Warning: Reference `lem:uniform-p-estimates' on page 111 undefined on inp
ut line 1654.


LaTeX Warning: Reference `lem:gradient-lower-bound' on page 111 undefined on in
put line 1654.

[111]

LaTeX Warning: Citation `tolksdorf1984' on page 112 undefined on input line 167
7.


LaTeX Warning: Reference `lem:uniform-p-estimates' on page 112 undefined on inp
ut line 1681.


LaTeX Warning: Reference `lem:gradient-lower-bound' on page 112 undefined on in
put line 1681.


LaTeX Warning: Reference `lem:uniform-p-estimates' on page 112 undefined on inp
ut line 1683.


LaTeX Warning: Reference `lem:gradient-lower-bound' on page 112 undefined on in
put line 1684.

[112]
Overfull \hbox (0.85788pt too wide) detected at line 1692
[]
 []


LaTeX Warning: Citation `tolksdorf1984' on page 113 undefined on input line 171
8.

[113]

LaTeX Warning: Reference `lem:gradient-lower-bound' on page 114 undefined on in
put line 1722.


LaTeX Warning: Citation `dibenedetto1993' on page 114 undefined on input line 1
724.


LaTeX Warning: Citation `naber_valtorta2017' on page 114 undefined on input lin
e 1742.


LaTeX Warning: Citation `hardt_simon1989' on page 114 undefined on input line 1
742.

[114]
Underfull \hbox (badness 2065) in paragraph at lines 1748--1750
[]\T1/cmr/bx/n/12 Explicit Moore--Osgood ver-i-fi-ca-tion: \T1/cmr/m/n/12 For t
he dou-ble limit
 []


Underfull \hbox (badness 5607) in paragraph at lines 1751--1752
[]\T1/cmr/m/it/12 Pointwise limit ex-is-tence: $[][] \OML/cmm/m/it/12 A[]\OT1/c
mr/m/n/12 (\OML/cmm/m/it/12 t\OT1/cmr/m/n/12 )$ \T1/cmr/m/n/12 ex-ists by $\OML
/cmm/m/it/12 W[]$\T1/cmr/m/n/12 -
 []


Underfull \hbox (badness 1117) in paragraph at lines 1752--1753
[]\T1/cmr/m/it/12 Quantitative uni-for-mity: \T1/cmr/m/n/12 Set-ting $\OML/cmm/
m/it/12 ^^O\OT1/cmr/m/n/12 (\OML/cmm/m/it/12 p\OT1/cmr/m/n/12 ) = (\OML/cmm/m/i
t/12 p \OMS/cmsy/m/n/12 ^^@ \OT1/cmr/m/n/12 1)[]$ \T1/cmr/m/n/12 yields
 []

[115]

LaTeX Warning: Reference `lem:uniform-p-estimates' on page 116 undefined on inp
ut line 1781.


LaTeX Warning: Reference `lem:gradient-lower-bound' on page 116 undefined on in
put line 1783.

[116]

LaTeX Warning: Reference `lem:gradient-lower-bound' on page 117 undefined on in
put line 1834.


LaTeX Warning: Reference `lem:uniform-p-estimates' on page 117 undefined on inp
ut line 1834.


LaTeX Warning: Citation `heinonen1993' on page 117 undefined on input line 1834
.


LaTeX Warning: Reference `lem:gradient-lower-bound' on page 117 undefined on in
put line 1834.


LaTeX Warning: Reference `lem:uniform-p-estimates' on page 117 undefined on inp
ut line 1842.


LaTeX Warning: Reference `lem:gradient-lower-bound' on page 117 undefined on in
put line 1842.


LaTeX Warning: Reference `rem:ae-vs-all' on page 117 undefined on input line 18
42.


LaTeX Warning: Reference `rem:p-constants' on page 117 undefined on input line 
1842.


LaTeX Warning: Reference `thm:limit-passage' on page 117 undefined on input lin
e 1842.

[117]

LaTeX Warning: Reference `thm:main' on page 118 undefined on input line 1852.


LaTeX Warning: Reference `thm:monotone' on page 118 undefined on input line 186
4.


LaTeX Warning: Citation `dain2011' on page 118 undefined on input line 1874.


LaTeX Warning: Citation `gabachclement2015' on page 118 undefined on input line
 1874.

[118]

LaTeX Warning: Citation `amo2022' on page 119 undefined on input line 1885.


LaTeX Warning: Reference `lem:phi-bound' on page 119 undefined on input line 18
99.


LaTeX Warning: Reference `thm:jang-exist' on page 119 undefined on input line 1
899.

) (sec07-subextremality.tex

LaTeX Warning: Reference `sec:jang' on page 119 undefined on input line 9.


LaTeX Warning: Reference `sec:lichnerowicz' on page 119 undefined on input line
 10.


LaTeX Warning: Reference `sec:amo' on page 119 undefined on input line 11.


LaTeX Warning: Reference `thm:J-conserve' on page 119 undefined on input line 1
2.


LaTeX Warning: Reference `sec:amo' on page 119 undefined on input line 12.

[119]

LaTeX Warning: Citation `dain2011' on page 120 undefined on input line 17.


LaTeX Warning: Citation `dain2011' on page 120 undefined on input line 32.

[120]

LaTeX Warning: Citation `dain2011' on page 121 undefined on input line 49.


LaTeX Warning: Citation `dain2011' on page 121 undefined on input line 53.


LaTeX Warning: Reference `lem:mots-axis' on page 121 undefined on input line 58
.


LaTeX Warning: Reference `thm:main' on page 121 undefined on input line 61.


LaTeX Warning: Citation `gallowayschoen2006' on page 121 undefined on input lin
e 63.


LaTeX Warning: Reference `thm:main' on page 121 undefined on input line 64.


LaTeX Warning: Reference `thm:main' on page 121 undefined on input line 65.


LaTeX Warning: Reference `lem:mots-axis' on page 121 undefined on input line 66
.


LaTeX Warning: Reference `lem:twist-bound-poles' on page 121 undefined on input
 line 66.


LaTeX Warning: Citation `dain2011' on page 121 undefined on input line 73.

[121]

LaTeX Warning: Citation `dain2008' on page 122 undefined on input line 80.


LaTeX Warning: Citation `dain2011' on page 122 undefined on input line 90.


LaTeX Warning: Citation `dain2011' on page 122 undefined on input line 93.


LaTeX Warning: Reference `thm:J-conserve' on page 122 undefined on input line 9
5.


LaTeX Warning: Reference `prop:amo-formula' on page 122 undefined on input line
 99.


LaTeX Warning: Reference `thm:lich-exist' on page 122 undefined on input line 1
05.

[122]

LaTeX Warning: Reference `eq:amo-formula-subext' on page 123 undefined on input
 line 113.


LaTeX Warning: Citation `amo2022' on page 123 undefined on input line 113.


LaTeX Warning: Reference `prop:amo-formula' on page 123 undefined on input line
 113.


LaTeX Warning: Reference `thm:monotone' on page 123 undefined on input line 133
.

[123]

LaTeX Warning: Citation `dain2011' on page 124 undefined on input line 142.


LaTeX Warning: Reference `thm:jang-exist' on page 124 undefined on input line 1
49.


LaTeX Warning: Reference `thm:subext' on page 124 undefined on input line 151.


LaTeX Warning: Citation `dain2011' on page 124 undefined on input line 151.


LaTeX Warning: Reference `thm:jang-exist' on page 124 undefined on input line 1
53.


LaTeX Warning: Reference `thm:monotone' on page 124 undefined on input line 156
.


LaTeX Warning: Citation `anderssonmetzger2009' on page 124 undefined on input l
ine 158.

[124]

LaTeX Warning: Citation `dain2011' on page 125 undefined on input line 170.


LaTeX Warning: Reference `thm:J-conserve' on page 125 undefined on input line 1
72.


LaTeX Warning: Citation `amo2022' on page 125 undefined on input line 174.

[125]) (sec08-synthesis.tex

LaTeX Warning: Reference `thm:main' on page 126 undefined on input line 16.


LaTeX Warning: Reference `thm:jang-exist' on page 126 undefined on input line 1
9.


LaTeX Warning: Reference `thm:lich-exist' on page 126 undefined on input line 1
9.


LaTeX Warning: Reference `thm:J-conserve' on page 126 undefined on input line 1
9.


LaTeX Warning: Reference `thm:subext' on page 126 undefined on input line 19.


LaTeX Warning: Reference `thm:monotone' on page 126 undefined on input line 19.


[126]

LaTeX Warning: Reference `thm:jang-exist' on page 127 undefined on input line 4
4.

[127]

LaTeX Warning: Reference `thm:lich-exist' on page 128 undefined on input line 7
6.


LaTeX Warning: Reference `lem:phi-bound' on page 128 undefined on input line 88
.

[128] [129]

LaTeX Warning: Reference `thm:lich-exist' on page 130 undefined on input line 1
52.

[130]

LaTeX Warning: Reference `lem:mots-boundary' on page 131 undefined on input lin
e 181.


LaTeX Warning: Reference `lem:area-conformal' on page 131 undefined on input li
ne 181.


LaTeX Warning: Reference `thm:jang-exist' on page 131 undefined on input line 1
89.


LaTeX Warning: Reference `thm:lich-exist' on page 131 undefined on input line 1
91.


LaTeX Warning: Reference `lem:phi-bound' on page 131 undefined on input line 19
1.

[131]

LaTeX Warning: Citation `heinonen1993' on page 132 undefined on input line 195.



LaTeX Warning: Citation `tolksdorf1984' on page 132 undefined on input line 195
.


LaTeX Warning: Citation `amo2022' on page 132 undefined on input line 197.


LaTeX Warning: Reference `lem:mots-boundary' on page 132 undefined on input lin
e 202.


LaTeX Warning: Reference `lem:area-conformal' on page 132 undefined on input li
ne 202.


LaTeX Warning: Reference `lem:mots-boundary' on page 132 undefined on input lin
e 209.


LaTeX Warning: Reference `lem:area-conformal' on page 132 undefined on input li
ne 209.

[132]

LaTeX Warning: Citation `amo2022' on page 133 undefined on input line 228.


LaTeX Warning: Reference `thm:J-conserve' on page 133 undefined on input line 2
37.


LaTeX Warning: Reference `lem:phi-bound' on page 133 undefined on input line 24
8.

[133]) (sec09-rigidity.tex

LaTeX Warning: Reference `eq:main' on page 134 undefined on input line 5.


LaTeX Warning: Citation `carter1971' on page 134 undefined on input line 9.


LaTeX Warning: Citation `robinson1975' on page 134 undefined on input line 9.


Underfull \hbox (badness 2351) in paragraph at lines 19--20
[]\T1/cmr/bx/n/12 Monotonicity equal-ity \T1/cmr/m/n/12 ($\OML/cmm/m/it/12 M[] 
\OT1/cmr/m/n/12 = \OML/cmm/m/it/12 m[]\OT1/cmr/m/n/12 (0) = \OML/cmm/m/it/12 m[
]\OT1/cmr/m/n/12 (1)$\T1/cmr/m/n/12 ) $\OMS/cmsy/m/n/12 )$
 []


LaTeX Warning: Citation `mars2009' on page 134 undefined on input line 22.

[134]

LaTeX Warning: Reference `thm:main' on page 135 undefined on input line 31.


LaTeX Warning: Reference `thm:monotone' on page 135 undefined on input line 31.



LaTeX Warning: Reference `eq:geroch-am' on page 135 undefined on input line 40.



LaTeX Warning: Citation `dain2011' on page 135 undefined on input line 48.


LaTeX Warning: Reference `thm:monotone' on page 135 undefined on input line 50.



LaTeX Warning: Reference `eq:geroch-am' on page 135 undefined on input line 57.


[135]

LaTeX Warning: Citation `dain2011' on page 136 undefined on input line 75.

[136]

LaTeX Warning: Citation `mars2009' on page 137 undefined on input line 94.


LaTeX Warning: Citation `mars2009' on page 137 undefined on input line 94.

[137]

LaTeX Warning: Reference `eq:am-lich' on page 138 undefined on input line 131.


LaTeX Warning: Reference `def:Lambda-J' on page 138 undefined on input line 135
.


LaTeX Warning: Reference `def:Lambda-J' on page 138 undefined on input line 151
.


LaTeX Warning: Citation `mars2009' on page 138 undefined on input line 151.

[138]

LaTeX Warning: Citation `mars2009' on page 139 undefined on input line 166.


LaTeX Warning: Citation `mars2009' on page 139 undefined on input line 181.


LaTeX Warning: Reference `thm:main' on page 139 undefined on input line 183.

[139]

LaTeX Warning: Reference `def:kerr-deviation-general' on page 140 undefined on 
input line 187.


LaTeX Warning: Reference `app:mars-simon' on page 140 undefined on input line 1
87.


LaTeX Warning: Citation `mars2009' on page 140 undefined on input line 194.

[140]

LaTeX Warning: Citation `backdahl2010a' on page 141 undefined on input line 217
.


LaTeX Warning: Citation `backdahl2016' on page 141 undefined on input line 217.



LaTeX Warning: Citation `backdahl2010a' on page 141 undefined on input line 223
.


LaTeX Warning: Citation `backdahl2010a' on page 141 undefined on input line 226
.


LaTeX Warning: Reference `def:Lambda-J' on page 141 undefined on input line 227
.


LaTeX Warning: Citation `carter1971' on page 141 undefined on input line 229.


LaTeX Warning: Citation `robinson1975' on page 141 undefined on input line 229.



LaTeX Warning: Citation `mars1999' on page 141 undefined on input line 235.


LaTeX Warning: Citation `mars2009' on page 141 undefined on input line 235.

[141]

LaTeX Warning: Citation `mars1999' on page 142 undefined on input line 244.


LaTeX Warning: Citation `mars2009' on page 142 undefined on input line 244.


LaTeX Warning: Citation `mars1999' on page 142 undefined on input line 267.


LaTeX Warning: Citation `mars2009' on page 142 undefined on input line 268.


LaTeX Warning: Citation `choquetbruhat1969' on page 142 undefined on input line
 269.


LaTeX Warning: Citation `ionescuklainerman2009' on page 142 undefined on input 
line 270.


LaTeX Warning: Citation `anderssonmarssimonfaller2008' on page 142 undefined on
 input line 271.


Overfull \hbox (67.92166pt too wide) in paragraph at lines 263--274
 [] 
 []

[142]

LaTeX Warning: Reference `lem:lambda-translation' on page 143 undefined on inpu
t line 278.


LaTeX Warning: Reference `thm:main' on page 143 undefined on input line 289.


LaTeX Warning: Citation `anderssonmarssimonfaller2008' on page 143 undefined on
 input line 294.

[143]

LaTeX Warning: Citation `gallowayschoen2006' on page 144 undefined on input lin
e 301.


LaTeX Warning: Citation `wald1984' on page 144 undefined on input line 305.


LaTeX Warning: Citation `anderssonmars2007' on page 144 undefined on input line
 310.


LaTeX Warning: Citation `moncrief1975' on page 144 undefined on input line 315.


[144]

LaTeX Warning: Reference `thm:CC' on page 145 undefined on input line 327.


LaTeX Warning: Citation `choquetbruhat1969' on page 145 undefined on input line
 327.


LaTeX Warning: Reference `lem:lambda-translation' on page 145 undefined on inpu
t line 333.


LaTeX Warning: Citation `mars1999' on page 145 undefined on input line 334.


LaTeX Warning: Citation `mars2009' on page 145 undefined on input line 334.


LaTeX Warning: Citation `ionescuklainerman2009' on page 145 undefined on input 
line 336.


LaTeX Warning: Reference `thm:CC' on page 145 undefined on input line 343.

[145]

LaTeX Warning: Reference `thm:CC' on page 146 undefined on input line 345.


LaTeX Warning: Reference `thm:main' on page 146 undefined on input line 347.


LaTeX Warning: Reference `def:kerr-deviation-general' on page 146 undefined on 
input line 348.


LaTeX Warning: Reference `thm:CC' on page 146 undefined on input line 352.


LaTeX Warning: Reference `thm:CC' on page 146 undefined on input line 355.


LaTeX Warning: Reference `thm:kerr' on page 146 undefined on input line 359.


LaTeX Warning: Citation `dain2012' on page 146 undefined on input line 367.


LaTeX Warning: Reference `thm:main' on page 146 undefined on input line 373.

[146]

LaTeX Warning: Reference `lem:lambda-translation' on page 147 undefined on inpu
t line 386.

) (sec10-extensions.tex

LaTeX Warning: Reference `thm:main' on page 147 undefined on input line 4.

[147]

LaTeX Warning: Citation `mars2009' on page 148 undefined on input line 8.


LaTeX Warning: Citation `khuri2015charged' on page 148 undefined on input line 
8.

[148]

LaTeX Warning: Reference `thm:charged-penrose' on page 149 undefined on input l
ine 54.


LaTeX Warning: Reference `eq:charged-penrose-main' on page 149 undefined on inp
ut line 55.


LaTeX Warning: Citation `mars2009' on page 149 undefined on input line 55.


LaTeX Warning: Citation `khuri2015charged' on page 149 undefined on input line 
55.


LaTeX Warning: Reference `thm:main' on page 149 undefined on input line 57.


LaTeX Warning: Reference `thm:main' on page 149 undefined on input line 59.


LaTeX Warning: Reference `thm:charged-penrose' on page 149 undefined on input l
ine 59.


LaTeX Warning: Citation `mars2009' on page 149 undefined on input line 59.


LaTeX Warning: Citation `khuri2015charged' on page 149 undefined on input line 
59.


LaTeX Warning: Reference `eq:charged-penrose-main' on page 149 undefined on inp
ut line 63.


LaTeX Warning: Reference `eq:charged-penrose-squared' on page 149 undefined on 
input line 63.

[149]

LaTeX Warning: Reference `eq:charged-penrose-main' on page 150 undefined on inp
ut line 71.


Underfull \hbox (badness 10000) in paragraph at lines 71--72
[]\T1/cmr/bx/n/12 Proposition 10.6 \T1/cmr/m/n/12 (Reiss-ner-Nord-ström Sat-u-r
a-tion)\T1/cmr/bx/n/12 . []\T1/cmr/m/it/12 The Reissner-
 []

[150]

LaTeX Warning: Reference `eq:charged-penrose-squared' on page 151 undefined on 
input line 115.


LaTeX Warning: Reference `thm:charged-penrose' on page 151 undefined on input l
ine 137.


LaTeX Warning: Reference `sec:proof-outline' on page 151 undefined on input lin
e 138.

[151]

LaTeX Warning: Citation `hankhuri2013' on page 152 undefined on input line 146.



LaTeX Warning: Reference `eq:lich-charged' on page 152 undefined on input line 
172.


LaTeX Warning: Reference `thm:lich-exist' on page 152 undefined on input line 1
81.


LaTeX Warning: Citation `lockhartmccowen1985' on page 152 undefined on input li
ne 186.

[152]

LaTeX Warning: Citation `khuri2017' on page 153 undefined on input line 224.

[153]

LaTeX Warning: Reference `lem:charge-conserve' on page 154 undefined on input l
ine 245.


LaTeX Warning: Reference `thm:amo-mono' on page 154 undefined on input line 251
.


LaTeX Warning: Reference `lem:area-charge-subext' on page 154 undefined on inpu
t line 253.

[154] [155]

LaTeX Warning: Reference `eq:charged-penrose-main' on page 156 undefined on inp
ut line 312.


LaTeX Warning: Reference `eq:charged-penrose-squared' on page 156 undefined on 
input line 314.


LaTeX Warning: Reference `thm:rigidity' on page 156 undefined on input line 331
.


LaTeX Warning: Citation `jangwald1977' on page 156 undefined on input line 338.



LaTeX Warning: Citation `mars2009' on page 156 undefined on input line 339.


LaTeX Warning: Citation `khuri2017' on page 156 undefined on input line 340.

[156]

LaTeX Warning: Reference `thm:charged-penrose' on page 157 undefined on input l
ine 346.


LaTeX Warning: Reference `lem:lich-charged-exist' on page 157 undefined on inpu
t line 349.


LaTeX Warning: Reference `thm:rigidity' on page 157 undefined on input line 353
.


LaTeX Warning: Reference `thm:charged-penrose' on page 157 undefined on input l
ine 356.


LaTeX Warning: Citation `khuri2015charged' on page 157 undefined on input line 
356.


LaTeX Warning: Citation `mars2009' on page 157 undefined on input line 356.


LaTeX Warning: Reference `thm:charged-penrose' on page 157 undefined on input l
ine 360.

[157]

LaTeX Warning: Reference `lem:area-charge-subext' on page 158 undefined on inpu
t line 378.


Underfull \hbox (badness 3179) in paragraph at lines 382--382
[]\T1/cmr/bx/n/14.4 Additional Corol-lar-ies and Im-me-di-ate Con-se-
 []


LaTeX Warning: Reference `thm:J-conserve' on page 158 undefined on input line 4
04.

[158]

LaTeX Warning: Reference `eq:no-j-phi' on page 159 undefined on input line 420.


[159] [160]

LaTeX Warning: Reference `thm:amo-mono' on page 161 undefined on input line 467
.


LaTeX Warning: Reference `thm:main' on page 161 undefined on input line 480.


LaTeX Warning: Reference `thm:main' on page 161 undefined on input line 492.


LaTeX Warning: Reference `thm:main' on page 161 undefined on input line 510.

[161]

LaTeX Warning: Reference `thm:main' on page 162 undefined on input line 523.


Underfull \hbox (badness 4479) in paragraph at lines 544--544
[]\T1/cmr/bx/n/12 Combined Mass-Area-Charge-Angular Mo-men-tum In-
 []

[162]

LaTeX Warning: Reference `thm:main' on page 163 undefined on input line 562.


LaTeX Warning: Reference `thm:charged-penrose' on page 163 undefined on input l
ine 562.


LaTeX Warning: Reference `thm:subext' on page 163 undefined on input line 586.

[163]

LaTeX Warning: Reference `thm:area-J' on page 164 undefined on input line 594.


LaTeX Warning: Reference `thm:main' on page 164 undefined on input line 600.

[164]

LaTeX Warning: Citation `pretorius2005' on page 165 undefined on input line 663
.


LaTeX Warning: Citation `sxs2019' on page 165 undefined on input line 663.

[165]

LaTeX Warning: Citation `schnetter2006' on page 166 undefined on input line 669
.


LaTeX Warning: Citation `gw150914' on page 166 undefined on input line 671.


LaTeX Warning: Citation `choptuik1993' on page 166 undefined on input line 673.


[166]

LaTeX Warning: Citation `wangyau2009' on page 167 undefined on input line 708.

[167]

LaTeX Warning: Reference `eq:mass-charge' on page 168 undefined on input line 7
55.

[168] [169]
Underfull \hbox (badness 10000) in paragraph at lines 817--817
[]\T1/cmr/m/n/10.95 AM-Hawking
 []


Overfull \hbox (3.88582pt too wide) in paragraph at lines 813--826
 [] 
 []

[170] [171] [172]

LaTeX Warning: Reference `conj:universal' on page 173 undefined on input line 9
43.

) (sec11-numerical.tex

LaTeX Warning: Reference `thm:main' on page 173 undefined on input line 4.

[173]

LaTeX Warning: Reference `thm:main' on page 174 undefined on input line 22.


LaTeX Warning: Reference `tab:kerr-verification' on page 174 undefined on input
 line 26.

[174]
Package microtype Info: Loading generic protrusion settings for font family
(microtype)             `cmtt' (encoding: T1).
(microtype)             For optimal results, create family-specific settings.
(microtype)             See the microtype manual for details.

Underfull \hbox (badness 2293) in paragraph at lines 93--95
[]\T1/cmr/bx/n/12 Example A.2 \T1/cmr/m/n/12 (Near-Ex-tremal Case: $\OML/cmm/m/
it/12 a \OT1/cmr/m/n/12 = 0\OML/cmm/m/it/12 :\OT1/cmr/m/n/12 999\OML/cmm/m/it/1
2 M$\T1/cmr/m/n/12 )\T1/cmr/bx/n/12 . []\T1/cmr/m/n/12 For a near-
 []

[175] [176]

LaTeX Warning: Citation `bowen1980' on page 177 undefined on input line 142.

[177]

LaTeX Warning: Reference `thm:main' on page 178 undefined on input line 167.

) (sec12-technical.tex

LaTeX Warning: Reference `thm:jang-exist' on page 178 undefined on input line 7
.


LaTeX Warning: Citation `hankhuri2013' on page 178 undefined on input line 7.


LaTeX Warning: Citation `lockhartmccowen1985' on page 178 undefined on input li
ne 7.


LaTeX Warning: Reference `thm:lich-exist' on page 178 undefined on input line 9
.


LaTeX Warning: Reference `lem:phi-bound' on page 178 undefined on input line 9.



Underfull \hbox (badness 1430) in paragraph at lines 9--10
\T1/cmr/m/n/12 o-rem []) is an-a-lyzed us-ing the Bray--Khuri di-ver-gence iden
-tity
 []

[178]

LaTeX Warning: Reference `thm:amo-mono' on page 179 undefined on input line 11.



LaTeX Warning: Citation `amo2022' on page 179 undefined on input line 11.


LaTeX Warning: Citation `mosco1969' on page 179 undefined on input line 11.


LaTeX Warning: Reference `thm:jang-exist' on page 179 undefined on input line 2
2.


LaTeX Warning: Reference `lem:twist-bound' on page 179 undefined on input line 
22.


LaTeX Warning: Reference `rem:twist-verification-guide' on page 179 undefined o
n input line 32.


LaTeX Warning: Reference `eq:twist-term' on page 179 undefined on input line 34
.


LaTeX Warning: Reference `lem:refined-bk' on page 179 undefined on input line 3
7.


LaTeX Warning: Reference `app:supersolution' on page 179 undefined on input lin
e 47.

[179]

LaTeX Warning: Reference `prop:alternative-mass' on page 180 undefined on input
 line 49.


LaTeX Warning: Reference `thm:jang-exist' on page 180 undefined on input line 6
0.


LaTeX Warning: Reference `thm:lich-exist' on page 180 undefined on input line 6
1.


LaTeX Warning: Reference `thm:monotone' on page 180 undefined on input line 62.



LaTeX Warning: Reference `thm:main' on page 180 undefined on input line 63.


Overfull \hbox (4.57742pt too wide) in paragraph at lines 74--75
 [] 
 []


LaTeX Warning: Reference `prop:alternative-mass' on page 180 undefined on input
 line 77.


LaTeX Warning: Reference `thm:J-conserve' on page 180 undefined on input line 1
33.

[180]
Overfull \vbox (109.57332pt too high) has occurred while \output is active []


[181]

LaTeX Warning: Reference `def:AF' on page 182 undefined on input line 162.


LaTeX Warning: Reference `thm:lich-exist' on page 182 undefined on input line 1
65.


LaTeX Warning: Citation `bartnik1986' on page 182 undefined on input line 170.

[182]

LaTeX Warning: Reference `lem:phi-bound' on page 183 undefined on input line 19
5.


LaTeX Warning: Reference `prop:mass-bound-energy' on page 183 undefined on inpu
t line 203.


LaTeX Warning: Reference `prop:alternative-mass' on page 183 undefined on input
 line 203.


LaTeX Warning: Reference `lem:cylindrical-boundary-vanishing' on page 183 undef
ined on input line 214.


LaTeX Warning: Reference `prop:alternative-mass' on page 183 undefined on input
 line 219.


LaTeX Warning: Reference `thm:monotone' on page 183 undefined on input line 223
.


LaTeX Warning: Reference `lem:mots-boundary' on page 183 undefined on input lin
e 225.


LaTeX Warning: Reference `lem:adm-convergence' on page 183 undefined on input l
ine 230.

[183]

LaTeX Warning: Reference `thm:monotone' on page 184 undefined on input line 235
.


LaTeX Warning: Reference `prop:alternative-mass' on page 184 undefined on input
 line 246.


LaTeX Warning: Reference `lem:cylindrical-boundary-vanishing' on page 184 undef
ined on input line 247.


LaTeX Warning: Reference `lem:mots-boundary' on page 184 undefined on input lin
e 248.


LaTeX Warning: Reference `lem:adm-convergence' on page 184 undefined on input l
ine 249.

) (app01-amo-estimates.tex

LaTeX Warning: Citation `amo2022' on page 184 undefined on input line 4.


LaTeX Warning: Reference `thm:monotone' on page 184 undefined on input line 4.


LaTeX Warning: Citation `amo2022' on page 184 undefined on input line 4.

[184]

LaTeX Warning: Citation `amo2022' on page 185 undefined on input line 20.


LaTeX Warning: Reference `thm:main' on page 185 undefined on input line 21.


LaTeX Warning: Citation `amo2022' on page 185 undefined on input line 34.


LaTeX Warning: Citation `amo2022' on page 185 undefined on input line 45.

[185]

LaTeX Warning: Reference `eq:amo-key-bound' on page 186 undefined on input line
 66.


LaTeX Warning: Citation `amo2022' on page 186 undefined on input line 66.


LaTeX Warning: Reference `thm:J-conserve' on page 186 undefined on input line 7
2.


LaTeX Warning: Reference `eq:amo-key-bound' on page 186 undefined on input line
 79.


LaTeX Warning: Reference `eq:area-deriv-app' on page 186 undefined on input lin
e 79.


LaTeX Warning: Reference `thm:monotone' on page 186 undefined on input line 79.



LaTeX Warning: Citation `huisken2001' on page 186 undefined on input line 83.

[186]) (app02-schauder.tex

LaTeX Warning: Reference `eq:twist-term' on page 187 undefined on input line 12
.

[187]

LaTeX Warning: Reference `eq:twist-term' on page 188 undefined on input line 40
.

[188]

LaTeX Warning: Reference `prop:ellipticity-nondegen' on page 189 undefined on i
nput line 66.


LaTeX Warning: Citation `serrin1964' on page 189 undefined on input line 76.


LaTeX Warning: Citation `gilbargtrudinger2001' on page 189 undefined on input l
ine 83.


LaTeX Warning: Reference `eq:schauder-interior' on page 189 undefined on input 
line 87.


LaTeX Warning: Reference `eq:axi-jang-full' on page 189 undefined on input line
 93.


LaTeX Warning: Reference `prop:ellipticity-nondegen' on page 189 undefined on i
nput line 105.


LaTeX Warning: Reference `lem:perturbation-stability' on page 189 undefined on 
input line 105.

[189]

LaTeX Warning: Reference `thm:schauder-interior' on page 190 undefined on input
 line 107.


LaTeX Warning: Reference `sec:jang' on page 190 undefined on input line 107.


LaTeX Warning: Citation `hankhuri2013' on page 190 undefined on input line 109.



LaTeX Warning: Reference `lem:twist-bound' on page 190 undefined on input line 
114.


LaTeX Warning: Reference `eq:twist-bound-explicit' on page 190 undefined on inp
ut line 117.


LaTeX Warning: Reference `eq:twist-term' on page 190 undefined on input line 12
6.

[190]) (app03-supersolution.tex

LaTeX Warning: Reference `thm:lich-exist' on page 191 undefined on input line 5
.


LaTeX Warning: Reference `rem:supersolution-clarification' on page 191 undefine
d on input line 8.


LaTeX Warning: Reference `eq:am-lich' on page 191 undefined on input line 15.

[191]

LaTeX Warning: Citation `hankhuri2013' on page 192 undefined on input line 24.


LaTeX Warning: Reference `thm:main' on page 192 undefined on input line 54.


LaTeX Warning: Reference `prop:alternative-mass' on page 192 undefined on input
 line 54.

[192]

LaTeX Warning: Reference `lem:refined-bk' on page 193 undefined on input line 6
0.


LaTeX Warning: Citation `braykhuri2010' on page 193 undefined on input line 64.


[193]

LaTeX Warning: Reference `def:EB-weyl' on page 194 undefined on input line 96.


LaTeX Warning: Reference `eq:bk-vacuum' on page 194 undefined on input line 105
.


LaTeX Warning: Reference `eq:gauss-weyl' on page 194 undefined on input line 10
5.

[194]

LaTeX Warning: Reference `eq:gauss-weyl' on page 195 undefined on input line 12
0.

[195]

LaTeX Warning: Reference `thm:main' on page 196 undefined on input line 165.


LaTeX Warning: Reference `prop:alternative-mass' on page 196 undefined on input
 line 165.


LaTeX Warning: Reference `lem:refined-bk' on page 196 undefined on input line 1
65.


LaTeX Warning: Reference `eq:bk-identity' on page 196 undefined on input line 1
69.


LaTeX Warning: Citation `braykhuri2010' on page 196 undefined on input line 169
.


LaTeX Warning: Reference `eq:gauss-weyl' on page 196 undefined on input line 17
0.


LaTeX Warning: Reference `lem:refined-bk' on page 196 undefined on input line 1
74.


LaTeX Warning: Reference `thm:main' on page 196 undefined on input line 174.


LaTeX Warning: Reference `prop:alternative-mass' on page 196 undefined on input
 line 174.

[196]

LaTeX Warning: Reference `lem:refined-bk' on page 197 undefined on input line 1
77.


LaTeX Warning: Citation `bartnik1986' on page 197 undefined on input line 188.


LaTeX Warning: Citation `bartnik1986' on page 197 undefined on input line 196.


LaTeX Warning: Reference `lem:refined-bk' on page 197 undefined on input line 2
03.


LaTeX Warning: Reference `eq:am-lich' on page 197 undefined on input line 206.

[197]
Overfull \hbox (9.75826pt too wide) detected at line 232
\OT1/cmr/m/n/12 8 [][] \OMS/cmsy/m/n/12 jr\OML/cmm/m/it/12 ^^^\OMS/cmsy/m/n/12 
j[][] \OML/cmm/m/it/12 dV \OT1/cmr/m/n/12 + [][] \OML/cmm/m/it/12 R[]^^^\OT1/cm
r/m/n/12 (\OML/cmm/m/it/12 ^^^ \OMS/cmsy/m/n/12 ^^@ \OT1/cmr/m/n/12 1) \OML/cmm
/m/it/12 dV \OT1/cmr/m/n/12 = [][] ^^C[]\OML/cmm/m/it/12 ^^^[]\OT1/cmr/m/n/12 (
\OML/cmm/m/it/12 ^^^ \OMS/cmsy/m/n/12 ^^@ \OT1/cmr/m/n/12 1) \OML/cmm/m/it/12 d
V \OT1/cmr/m/n/12 + []\OML/cmm/m/it/12 :
 []


LaTeX Warning: Reference `prop:mass-bound-energy' on page 198 undefined on inpu
t line 245.

[198]

LaTeX Warning: Reference `prop:alternative-mass' on page 199 undefined on input
 line 251.


LaTeX Warning: Reference `lem:refined-bk' on page 199 undefined on input line 2
51.


LaTeX Warning: Reference `thm:main' on page 199 undefined on input line 261.


LaTeX Warning: Reference `lem:refined-bk' on page 199 undefined on input line 2
62.


LaTeX Warning: Reference `thm:main' on page 199 undefined on input line 262.

[199]
Underfull \hbox (badness 4254) in paragraph at lines 269--270
[]\T1/cmr/bx/n/12 Pedagogical value: \T1/cmr/m/n/12 The two ap-proaches il-lus-
trate dif-fer-ent
 []


LaTeX Warning: Reference `thm:monotone' on page 200 undefined on input line 276
.


LaTeX Warning: Reference `thm:monotone' on page 200 undefined on input line 284
.

) (app04-subext-improvement.tex

LaTeX Warning: Reference `thm:J-conserve' on page 200 undefined on input line 1
0.

[200]

LaTeX Warning: Reference `sec:amo' on page 201 undefined on input line 20.

) (app05-mars-simon.tex

LaTeX Warning: Reference `def:Lambda-J' on page 201 undefined on input line 4.


LaTeX Warning: Citation `beigchrusciel1996' on page 201 undefined on input line
 6.


LaTeX Warning: Citation `backdahl2010a' on page 201 undefined on input line 6.


LaTeX Warning: Citation `backdahl2010b' on page 201 undefined on input line 6.


LaTeX Warning: Citation `marssenovilla1993' on page 201 undefined on input line
 6.

LaTeX Font Info:    Trying to load font information for U+euf on input line 11.

(C:\Users\Lenovo\AppData\Local\Programs\MiKTeX\tex/latex/amsfonts\ueuf.fd
File: ueuf.fd 2013/01/14 v3.01 Euler Fraktur
)
(C:\Users\Lenovo\AppData\Local\Programs\MiKTeX\tex/latex/microtype\mt-euf.cfg
File: mt-euf.cfg 2006/07/03 v1.1 microtype config. file: AMS Euler Fraktur (RS)

)
[201]

LaTeX Warning: Citation `beigchrusciel1996' on page 202 undefined on input line
 18.


LaTeX Warning: Reference `eq:KID1' on page 202 undefined on input line 22.


LaTeX Warning: Reference `eq:KID2' on page 202 undefined on input line 22.


Underfull \hbox (badness 3701) in paragraph at lines 29--31
[]\T1/cmr/bx/n/12 Definition G.3 \T1/cmr/m/n/12 (Ax-isym-met-ric Vac-uum Ini-ti
al Data)\T1/cmr/bx/n/12 . []\T1/cmr/m/n/12 Ini-tial data
 []


LaTeX Warning: Reference `def:stat-axi' on page 202 undefined on input line 47.


[202]
Underfull \hbox (badness 2961) in paragraph at lines 80--81
[]\T1/cmr/bx/n/12 Definition G.8 \T1/cmr/m/n/12 (Si-mon Ten-sor----Co-or-di-nat
e-In-de-pen-dent Form)\T1/cmr/bx/n/12 . []\T1/cmr/m/n/12 For
 []


LaTeX Warning: Citation `simon1984' on page 203 undefined on input line 94.


LaTeX Warning: Citation `mars1999' on page 203 undefined on input line 94.

[203]

LaTeX Warning: Reference `eq:KID1' on page 204 undefined on input line 104.


LaTeX Warning: Reference `eq:KID2' on page 204 undefined on input line 104.


LaTeX Warning: Reference `def:stat-axi' on page 204 undefined on input line 117
.


LaTeX Warning: Reference `def:simon-tensor' on page 204 undefined on input line
 121.

[204]

LaTeX Warning: Reference `def:kerr-deviation-general' on page 205 undefined on 
input line 138.


LaTeX Warning: Citation `chruscieldelay2003' on page 205 undefined on input lin
e 150.


LaTeX Warning: Reference `eq:bianchi-system' on page 205 undefined on input lin
e 161.

[205]

LaTeX Warning: Reference `eq:bianchi-kerr-ref' on page 206 undefined on input l
ine 173.


LaTeX Warning: Citation `aronszajn1957' on page 206 undefined on input line 173
.


LaTeX Warning: Reference `eq:bianchi-kerr-ref' on page 206 undefined on input l
ine 179.


LaTeX Warning: Citation `lockhartmccowen1985' on page 206 undefined on input li
ne 179.


LaTeX Warning: Reference `prop:consistency' on page 206 undefined on input line
 194.


LaTeX Warning: Reference `thm:well-posed-nonstat' on page 206 undefined on inpu
t line 198.

[206]

LaTeX Warning: Reference `thm:simon-kerr' on page 207 undefined on input line 2
25.


LaTeX Warning: Citation `ionescu2009' on page 207 undefined on input line 231.


LaTeX Warning: Reference `thm:simon-kerr' on page 207 undefined on input line 2
34.

[207]
Underfull \hbox (badness 1052) in paragraph at lines 266--267
[]\T1/cmr/bx/n/12 In sum-mary: $\OT1/cmr/m/n/12 ^^C[] = []\OMS/cmsy/m/n/12 jS[]
j[]$ \T1/cmr/m/n/12 is a \T1/cmr/bx/n/12 well-defined, coordinate-
 []

[208]) (app06-function-spaces.tex

LaTeX Warning: Citation `hankhuri2013' on page 209 undefined on input line 16.


LaTeX Warning: Reference `def:AF' on page 209 undefined on input line 16.


LaTeX Warning: Citation `dain2011' on page 209 undefined on input line 17.


LaTeX Warning: Citation `amo2022' on page 209 undefined on input line 18.


LaTeX Warning: Reference `thm:lich-exist' on page 209 undefined on input line 1
8.


LaTeX Warning: Citation `lockhartmccowen1985' on page 209 undefined on input li
ne 19.


Underfull \hbox (badness 10000) in paragraph at lines 19--19
[]\T1/cmr/m/n/10 Lockhart--McOwen
 []


LaTeX Warning: Reference `thm:jang-exist' on page 209 undefined on input line 1
9.


LaTeX Warning: Citation `mars1999' on page 209 undefined on input line 20.


LaTeX Warning: Citation `mars2009' on page 209 undefined on input line 20.


Overfull \hbox (58.56494pt too wide) in paragraph at lines 12--23
 [][] 
 []


LaTeX Warning: Citation `hankhuri2013' on page 209 undefined on input line 29.


LaTeX Warning: Reference `thm:main' on page 209 undefined on input line 30.

[209]

LaTeX Warning: Citation `hankhuri2013' on page 210 undefined on input line 34.


LaTeX Warning: Reference `def:AF' on page 210 undefined on input line 36.


LaTeX Warning: Citation `bartnik1986' on page 210 undefined on input line 38.


LaTeX Warning: Reference `def:AF' on page 210 undefined on input line 42.


LaTeX Warning: Reference `def:DEC' on page 210 undefined on input line 44.


LaTeX Warning: Citation `hankhuri2013' on page 210 undefined on input line 48.


LaTeX Warning: Citation `dain2011' on page 210 undefined on input line 55.


LaTeX Warning: Reference `thm:main' on page 210 undefined on input line 56.

[210]

LaTeX Warning: Reference `def:AF' on page 211 undefined on input line 68.


LaTeX Warning: Reference `thm:main' on page 211 undefined on input line 74.


LaTeX Warning: Citation `chrusciel2008' on page 211 undefined on input line 74.



LaTeX Warning: Citation `amo2022' on page 211 undefined on input line 81.


LaTeX Warning: Reference `thm:lich-exist' on page 211 undefined on input line 8
2.


LaTeX Warning: Reference `thm:lich-exist' on page 211 undefined on input line 8
8.


LaTeX Warning: Reference `def:Lambda-J' on page 211 undefined on input line 88.



LaTeX Warning: Reference `thm:lich-exist' on page 211 undefined on input line 9
0.


LaTeX Warning: Reference `thm:jang-exist' on page 211 undefined on input line 9
5.

[211]

LaTeX Warning: Citation `lockhartmccowen1985' on page 212 undefined on input li
ne 109.


LaTeX Warning: Reference `thm:jang-exist' on page 212 undefined on input line 1
16.


LaTeX Warning: Reference `rem:mots-decay-alignment' on page 212 undefined on in
put line 120.


LaTeX Warning: Reference `lem:fredholm' on page 212 undefined on input line 136
.


LaTeX Warning: Citation `mars1999' on page 212 undefined on input line 145.


LaTeX Warning: Citation `mars2009' on page 212 undefined on input line 145.


LaTeX Warning: Reference `thm:rigidity' on page 212 undefined on input line 146
.

[212]

LaTeX Warning: Reference `def:AF' on page 213 undefined on input line 156.


LaTeX Warning: Citation `backdahl2010a' on page 213 undefined on input line 158
.


LaTeX Warning: Citation `backdahl2010b' on page 213 undefined on input line 158
.


LaTeX Warning: Reference `def:Lambda-J' on page 213 undefined on input line 158
.


LaTeX Warning: Reference `app:mars-simon' on page 213 undefined on input line 1
60.


LaTeX Warning: Reference `thm:main' on page 213 undefined on input line 168.

[213]) [214] [215] [216] [217] [218] [219] [220] [221]
Underfull \hbox (badness 2005) in paragraph at lines 572--573
[]\T1/cmr/m/n/12 Joseph Her-sch, \T1/cmr/m/it/12 Qua-tre pro-priétés isopérimét
riques de mem-branes
 []

[222] [223] (arxiv_submission.aux)
 ***********
LaTeX2e <2025-11-01>
L3 programming layer <2025-10-24>
 ***********


LaTeX Warning: There were undefined references.


LaTeX Warning: Label(s) may have changed. Rerun to get cross-references right.


Package rerunfilecheck Warning: File `arxiv_submission.out' has changed.
(rerunfilecheck)                Rerun to get outlines right
(rerunfilecheck)                or use package `bookmark'.

Package rerunfilecheck Info: Checksums for `arxiv_submission.out':
(rerunfilecheck)             Before: <no file>
(rerunfilecheck)             After:  FB41D17AED6EA7B2BEBFA9A445FF244B;15722.
 ) 
Here is how much of TeX's memory you used:
 28891 strings out of 467871
 538231 string characters out of 5417891
 923743 words of memory out of 5000000
 56178 multiletter control sequences out of 15000+600000
 657939 words of font info for 121 fonts, out of 8000000 for 9000
 1141 hyphenation exceptions out of 8191
 102i,14n,107p,1496b,938s stack positions out of 10000i,1000n,20000p,200000b,200000s
 <C:\Users\Lenovo\AppData\Local\MiKTeX\fonts/pk/ljfour/jknappen/ec/dpi600\ecr
m1000.pk> <C:\Users\Lenovo\AppData\Local\MiKTeX\fonts/pk/ljfour/jknappen/ec/dpi
600\ecbx1000.pk> <C:\Users\Lenovo\AppData\Local\MiKTeX\fonts/pk/ljfour/jknappen
/ec/dpi600\ectt1200.pk> <C:\Users\Lenovo\AppData\Local\MiKTeX\fonts/pk/ljfour/j
knappen/ec/dpi600\ecrm0600.pk> <C:\Users\Lenovo\AppData\Local\MiKTeX\fonts/pk/l
jfour/jknappen/ec/dpi600\ecbi1200.pk> <C:\Users\Lenovo\AppData\Local\MiKTeX\fon
ts/pk/ljfour/jknappen/ec/dpi600\tcrm1200.pk> <C:\Users\Lenovo\AppData\Local\MiK
TeX\fonts/pk/ljfour/jknappen/ec/dpi600\ecrm0800.pk> <C:\Users\Lenovo\AppData\Lo
cal\MiKTeX\fonts/pk/ljfour/jknappen/ec/dpi600\ecbx1440.pk> <C:\Users\Lenovo\App
Data\Local\MiKTeX\fonts/pk/ljfour/jknappen/ec/dpi600\ecbx1728.pk> <C:\Users\Len
ovo\AppData\Local\MiKTeX\fonts/pk/ljfour/jknappen/ec/dpi600\ecrm1200.pk> <C:\Us
ers\Lenovo\AppData\Local\MiKTeX\fonts/pk/ljfour/jknappen/ec/dpi600\ecbx1200.pk>
 <C:\Users\Lenovo\AppData\Local\MiKTeX\fonts/pk/ljfour/jknappen/ec/dpi600\ecrm1
095.pk> <C:\Users\Lenovo\AppData\Local\MiKTeX\fonts/pk/ljfour/jknappen/ec/dpi60
0\ecbx1095.pk> <C:\Users\Lenovo\AppData\Local\MiKTeX\fonts/pk/ljfour/jknappen/e
c/dpi600\ecti1200.pk> <C:\Users\Lenovo\AppData\Local\MiKTeX\fonts/pk/ljfour/jkn
appen/ec/dpi600\ecrm1440.pk> <C:\Users\Lenovo\AppData\Local\MiKTeX\fonts/pk/ljf
our/jknappen/ec/dpi600\ecbx2074.pk><C:/Users/Lenovo/AppData/Local/Programs/MiKT
eX/fonts/type1/public/amsfonts/cm/cmbx12.pfb><C:/Users/Lenovo/AppData/Local/Pro
grams/MiKTeX/fonts/type1/public/amsfonts/cm/cmex10.pfb><C:/Users/Lenovo/AppData
/Local/Programs/MiKTeX/fonts/type1/public/amsfonts/cmextra/cmex8.pfb><C:/Users/
Lenovo/AppData/Local/Programs/MiKTeX/fonts/type1/public/amsfonts/cm/cmmi10.pfb>
<C:/Users/Lenovo/AppData/Local/Programs/MiKTeX/fonts/type1/public/amsfonts/cm/c
mmi12.pfb><C:/Users/Lenovo/AppData/Local/Programs/MiKTeX/fonts/type1/public/ams
fonts/cm/cmmi6.pfb><C:/Users/Lenovo/AppData/Local/Programs/MiKTeX/fonts/type1/p
ublic/amsfonts/cm/cmmi7.pfb><C:/Users/Lenovo/AppData/Local/Programs/MiKTeX/font
s/type1/public/amsfonts/cm/cmmi8.pfb><C:/Users/Lenovo/AppData/Local/Programs/Mi
KTeX/fonts/type1/public/amsfonts/cm/cmmib10.pfb><C:/Users/Lenovo/AppData/Local/
Programs/MiKTeX/fonts/type1/public/amsfonts/cm/cmr10.pfb><C:/Users/Lenovo/AppDa
ta/Local/Programs/MiKTeX/fonts/type1/public/amsfonts/cm/cmr12.pfb><C:/Users/Len
ovo/AppData/Local/Programs/MiKTeX/fonts/type1/public/amsfonts/cm/cmr6.pfb><C:/U
sers/Lenovo/AppData/Local/Programs/MiKTeX/fonts/type1/public/amsfonts/cm/cmr7.p
fb><C:/Users/Lenovo/AppData/Local/Programs/MiKTeX/fonts/type1/public/amsfonts/c
m/cmr8.pfb><C:/Users/Lenovo/AppData/Local/Programs/MiKTeX/fonts/type1/public/am
sfonts/cm/cmsy10.pfb><C:/Users/Lenovo/AppData/Local/Programs/MiKTeX/fonts/type1
/public/amsfonts/cm/cmsy6.pfb><C:/Users/Lenovo/AppData/Local/Programs/MiKTeX/fo
nts/type1/public/amsfonts/cm/cmsy8.pfb><C:/Users/Lenovo/AppData/Local/Programs/
MiKTeX/fonts/type1/public/amsfonts/euler/eufm10.pfb><C:/Users/Lenovo/AppData/Lo
cal/Programs/MiKTeX/fonts/type1/public/amsfonts/symbols/msam10.pfb><C:/Users/Le
novo/AppData/Local/Programs/MiKTeX/fonts/type1/public/amsfonts/symbols/msbm10.p
fb>
Output written on arxiv_submission.pdf (223 pages, 1385377 bytes).
PDF statistics:
 2926 PDF objects out of 2984 (max. 8388607)
 1130 named destinations out of 1200 (max. 500000)
 18445 words of extra memory for PDF output out of 20736 (max. 10000000)

