This is pdfTeX, Version 3.141592653-2.6-1.40.27 (MiKTeX 25.4) (preloaded format=pdflatex 2025.11.16)  5 JAN 2026 19:02
entering extended mode
 restricted \write18 enabled.
 %&-line parsing enabled.
**./pmj_submission_article.tex
(pmj_submission_article.tex
LaTeX2e <2025-11-01>
L3 programming layer <2025-10-24>
(C:\Users\Lenovo\AppData\Local\Programs\MiKTeX\tex/latex/base\article.cls
Document Class: article 2025/01/22 v1.4n Standard LaTeX document class
(C:\Users\Lenovo\AppData\Local\Programs\MiKTeX\tex/latex/base\size11.clo
File: size11.clo 2025/01/22 v1.4n Standard LaTeX file (size option)
)
\c@part=\count275
\c@section=\count276
\c@subsection=\count277
\c@subsubsection=\count278
\c@paragraph=\count279
\c@subparagraph=\count280
\c@figure=\count281
\c@table=\count282
\abovecaptionskip=\skip49
\belowcaptionskip=\skip50
\bibindent=\dimen148
)
(C:\Users\Lenovo\AppData\Local\Programs\MiKTeX\tex/latex/geometry\geometry.sty
Package: geometry 2020/01/02 v5.9 Page Geometry

(C:\Users\Lenovo\AppData\Local\Programs\MiKTeX\tex/latex/graphics\keyval.sty
Package: keyval 2022/05/29 v1.15 key=value parser (DPC)
\KV@toks@=\toks17
)
(C:\Users\Lenovo\AppData\Local\Programs\MiKTeX\tex/generic/iftex\ifvtex.sty
Package: ifvtex 2019/10/25 v1.7 ifvtex legacy package. Use iftex instead.

(C:\Users\Lenovo\AppData\Local\Programs\MiKTeX\tex/generic/iftex\iftex.sty
Package: iftex 2024/12/12 v1.0g TeX engine tests
))
\Gm@cnth=\count283
\Gm@cntv=\count284
\c@Gm@tempcnt=\count285
\Gm@bindingoffset=\dimen149
\Gm@wd@mp=\dimen150
\Gm@odd@mp=\dimen151
\Gm@even@mp=\dimen152
\Gm@layoutwidth=\dimen153
\Gm@layoutheight=\dimen154
\Gm@layouthoffset=\dimen155
\Gm@layoutvoffset=\dimen156
\Gm@dimlist=\toks18

(C:\Users\Lenovo\AppData\Local\Programs\MiKTeX\tex/latex/geometry\geometry.cfg)
) (C:\Users\Lenovo\AppData\Local\Programs\MiKTeX\tex/latex/amsmath\amsmath.sty
Package: amsmath 2025/07/09 v2.17z AMS math features
\@mathmargin=\skip51

For additional information on amsmath, use the `?' option.
(C:\Users\Lenovo\AppData\Local\Programs\MiKTeX\tex/latex/amsmath\amstext.sty
Package: amstext 2024/11/17 v2.01 AMS text

(C:\Users\Lenovo\AppData\Local\Programs\MiKTeX\tex/latex/amsmath\amsgen.sty
File: amsgen.sty 1999/11/30 v2.0 generic functions
\@emptytoks=\toks19
\ex@=\dimen157
))
(C:\Users\Lenovo\AppData\Local\Programs\MiKTeX\tex/latex/amsmath\amsbsy.sty
Package: amsbsy 1999/11/29 v1.2d Bold Symbols
\pmbraise@=\dimen158
)
(C:\Users\Lenovo\AppData\Local\Programs\MiKTeX\tex/latex/amsmath\amsopn.sty
Package: amsopn 2022/04/08 v2.04 operator names
)
\inf@bad=\count286
LaTeX Info: Redefining \frac on input line 233.
\uproot@=\count287
\leftroot@=\count288
LaTeX Info: Redefining \overline on input line 398.
LaTeX Info: Redefining \colon on input line 409.
\classnum@=\count289
\DOTSCASE@=\count290
LaTeX Info: Redefining \ldots on input line 495.
LaTeX Info: Redefining \dots on input line 498.
LaTeX Info: Redefining \cdots on input line 619.
\Mathstrutbox@=\box53
\strutbox@=\box54
LaTeX Info: Redefining \big on input line 721.
LaTeX Info: Redefining \Big on input line 722.
LaTeX Info: Redefining \bigg on input line 723.
LaTeX Info: Redefining \Bigg on input line 724.
\big@size=\dimen159
LaTeX Font Info:    Redeclaring font encoding OML on input line 742.
LaTeX Font Info:    Redeclaring font encoding OMS on input line 743.
\macc@depth=\count291
LaTeX Info: Redefining \bmod on input line 904.
LaTeX Info: Redefining \pmod on input line 909.
LaTeX Info: Redefining \smash on input line 939.
LaTeX Info: Redefining \relbar on input line 969.
LaTeX Info: Redefining \Relbar on input line 970.
\c@MaxMatrixCols=\count292
\dotsspace@=\muskip17
\c@parentequation=\count293
\dspbrk@lvl=\count294
\tag@help=\toks20
\row@=\count295
\column@=\count296
\maxfields@=\count297
\andhelp@=\toks21
\eqnshift@=\dimen160
\alignsep@=\dimen161
\tagshift@=\dimen162
\tagwidth@=\dimen163
\totwidth@=\dimen164
\lineht@=\dimen165
\@envbody=\toks22
\multlinegap=\skip52
\multlinetaggap=\skip53
\mathdisplay@stack=\toks23
LaTeX Info: Redefining \[ on input line 2950.
LaTeX Info: Redefining \] on input line 2951.
)
(C:\Users\Lenovo\AppData\Local\Programs\MiKTeX\tex/latex/amsfonts\amssymb.sty
Package: amssymb 2013/01/14 v3.01 AMS font symbols

(C:\Users\Lenovo\AppData\Local\Programs\MiKTeX\tex/latex/amsfonts\amsfonts.sty
Package: amsfonts 2013/01/14 v3.01 Basic AMSFonts support
\symAMSa=\mathgroup4
\symAMSb=\mathgroup5
LaTeX Font Info:    Redeclaring math symbol \hbar on input line 98.
LaTeX Font Info:    Overwriting math alphabet `\mathfrak' in version `bold'
(Font)                  U/euf/m/n --> U/euf/b/n on input line 106.
)) (C:\Users\Lenovo\AppData\Local\Programs\MiKTeX\tex/latex/amscls\amsthm.sty
Package: amsthm 2020/05/29 v2.20.6
\thm@style=\toks24
\thm@bodyfont=\toks25
\thm@headfont=\toks26
\thm@notefont=\toks27
\thm@headpunct=\toks28
\thm@preskip=\skip54
\thm@postskip=\skip55
\thm@headsep=\skip56
\dth@everypar=\toks29
)
(C:\Users\Lenovo\AppData\Local\Programs\MiKTeX\tex/latex/mathtools\mathtools.st
y
Package: mathtools 2024/10/04 v1.31 mathematical typesetting tools
 (C:\Users\Lenovo\AppData\Local\Programs\MiKTeX\tex/latex/tools\calc.sty
Package: calc 2025/03/01 v4.3b Infix arithmetic (KKT,FJ)
\calc@Acount=\count298
\calc@Bcount=\count299
\calc@Adimen=\dimen166
\calc@Bdimen=\dimen167
\calc@Askip=\skip57
\calc@Bskip=\skip58
LaTeX Info: Redefining \setlength on input line 86.
LaTeX Info: Redefining \addtolength on input line 87.
\calc@Ccount=\count300
\calc@Cskip=\skip59
)
(C:\Users\Lenovo\AppData\Local\Programs\MiKTeX\tex/latex/mathtools\mhsetup.sty
Package: mhsetup 2021/03/18 v1.4 programming setup (MH)
)
\g_MT_multlinerow_int=\count301
\l_MT_multwidth_dim=\dimen168
\origjot=\skip60
\l_MT_shortvdotswithinadjustabove_dim=\dimen169
\l_MT_shortvdotswithinadjustbelow_dim=\dimen170
\l_MT_above_intertext_sep=\dimen171
\l_MT_below_intertext_sep=\dimen172
\l_MT_above_shortintertext_sep=\dimen173
\l_MT_below_shortintertext_sep=\dimen174
\xmathstrut@box=\box55
\xmathstrut@dim=\dimen175
) (C:\Users\Lenovo\AppData\Local\Programs\MiKTeX\tex/latex/base\fontenc.sty
Package: fontenc 2025/07/18 v2.1d Standard LaTeX package
)
(C:\Users\Lenovo\AppData\Local\Programs\MiKTeX\tex/latex/hyperref\hyperref.sty
Package: hyperref 2025-07-12 v7.01o Hypertext links for LaTeX

(C:\Users\Lenovo\AppData\Local\Programs\MiKTeX\tex/latex/kvsetkeys\kvsetkeys.st
y
Package: kvsetkeys 2022-10-05 v1.19 Key value parser (HO)
)
(C:\Users\Lenovo\AppData\Local\Programs\MiKTeX\tex/generic/kvdefinekeys\kvdefin
ekeys.sty
Package: kvdefinekeys 2019-12-19 v1.6 Define keys (HO)
)
(C:\Users\Lenovo\AppData\Local\Programs\MiKTeX\tex/generic/pdfescape\pdfescape.
sty
Package: pdfescape 2019/12/09 v1.15 Implements pdfTeX's escape features (HO)

(C:\Users\Lenovo\AppData\Local\Programs\MiKTeX\tex/generic/ltxcmds\ltxcmds.sty
Package: ltxcmds 2023-12-04 v1.26 LaTeX kernel commands for general use (HO)
)
(C:\Users\Lenovo\AppData\Local\Programs\MiKTeX\tex/generic/pdftexcmds\pdftexcmd
s.sty
Package: pdftexcmds 2020-06-27 v0.33 Utility functions of pdfTeX for LuaTeX (HO
)

(C:\Users\Lenovo\AppData\Local\Programs\MiKTeX\tex/generic/infwarerr\infwarerr.
sty
Package: infwarerr 2019/12/03 v1.5 Providing info/warning/error messages (HO)
)
Package pdftexcmds Info: \pdf@primitive is available.
Package pdftexcmds Info: \pdf@ifprimitive is available.
Package pdftexcmds Info: \pdfdraftmode found.
))
(C:\Users\Lenovo\AppData\Local\Programs\MiKTeX\tex/latex/hycolor\hycolor.sty
Package: hycolor 2020-01-27 v1.10 Color options for hyperref/bookmark (HO)
)
(C:\Users\Lenovo\AppData\Local\Programs\MiKTeX\tex/latex/hyperref\nameref.sty
Package: nameref 2025-06-21 v2.57 Cross-referencing by name of section

(C:\Users\Lenovo\AppData\Local\Programs\MiKTeX\tex/latex/refcount\refcount.sty
Package: refcount 2019/12/15 v3.6 Data extraction from label references (HO)
)
(C:\Users\Lenovo\AppData\Local\Programs\MiKTeX\tex/generic/gettitlestring\getti
tlestring.sty
Package: gettitlestring 2019/12/15 v1.6 Cleanup title references (HO)

(C:\Users\Lenovo\AppData\Local\Programs\MiKTeX\tex/latex/kvoptions\kvoptions.st
y
Package: kvoptions 2022-06-15 v3.15 Key value format for package options (HO)
))
\c@section@level=\count302
)
(C:\Users\Lenovo\AppData\Local\Programs\MiKTeX\tex/latex/etoolbox\etoolbox.sty
Package: etoolbox 2025/10/02 v2.5m e-TeX tools for LaTeX (JAW)
\etb@tempcnta=\count303
)
(C:\Users\Lenovo\AppData\Local\Programs\MiKTeX\tex/generic/stringenc\stringenc.
sty
Package: stringenc 2019/11/29 v1.12 Convert strings between diff. encodings (HO
)
)
\@linkdim=\dimen176
\Hy@linkcounter=\count304
\Hy@pagecounter=\count305

(C:\Users\Lenovo\AppData\Local\Programs\MiKTeX\tex/latex/hyperref\pd1enc.def
File: pd1enc.def 2025-07-12 v7.01o Hyperref: PDFDocEncoding definition (HO)
Now handling font encoding PD1 ...
... no UTF-8 mapping file for font encoding PD1
)
(C:\Users\Lenovo\AppData\Local\Programs\MiKTeX\tex/generic/intcalc\intcalc.sty
Package: intcalc 2019/12/15 v1.3 Expandable calculations with integers (HO)
)
\Hy@SavedSpaceFactor=\count306
(C:\Users\Lenovo\AppData\Local\Programs\MiKTeX\tex/latex/hyperref\puenc.def
File: puenc.def 2025-07-12 v7.01o Hyperref: PDF Unicode definition (HO)
Now handling font encoding PU ...
... no UTF-8 mapping file for font encoding PU
)
Package hyperref Info: Hyper figures OFF on input line 4195.
Package hyperref Info: Link nesting OFF on input line 4200.
Package hyperref Info: Hyper index ON on input line 4203.
Package hyperref Info: Plain pages OFF on input line 4210.
Package hyperref Info: Backreferencing OFF on input line 4215.
Package hyperref Info: Implicit mode ON; LaTeX internals redefined.
Package hyperref Info: Bookmarks ON on input line 4462.
\c@Hy@tempcnt=\count307

(C:\Users\Lenovo\AppData\Local\Programs\MiKTeX\tex/latex/url\url.sty
\Urlmuskip=\muskip18
Package: url 2013/09/16  ver 3.4  Verb mode for urls, etc.
)
LaTeX Info: Redefining \url on input line 4801.
\XeTeXLinkMargin=\dimen177

(C:\Users\Lenovo\AppData\Local\Programs\MiKTeX\tex/generic/bitset\bitset.sty
Package: bitset 2019/12/09 v1.3 Handle bit-vector datatype (HO)

(C:\Users\Lenovo\AppData\Local\Programs\MiKTeX\tex/generic/bigintcalc\bigintcal
c.sty
Package: bigintcalc 2019/12/15 v1.5 Expandable calculations on big integers (HO
)
))
\Fld@menulength=\count308
\Field@Width=\dimen178
\Fld@charsize=\dimen179
Package hyperref Info: Hyper figures OFF on input line 6078.
Package hyperref Info: Link nesting OFF on input line 6083.
Package hyperref Info: Hyper index ON on input line 6086.
Package hyperref Info: backreferencing OFF on input line 6093.
Package hyperref Info: Link coloring OFF on input line 6098.
Package hyperref Info: Link coloring with OCG OFF on input line 6103.
Package hyperref Info: PDF/A mode OFF on input line 6108.
\Hy@abspage=\count309
\c@Item=\count310
\c@Hfootnote=\count311
)
Package hyperref Info: Driver (autodetected): hpdftex.

(C:\Users\Lenovo\AppData\Local\Programs\MiKTeX\tex/latex/hyperref\hpdftex.def
File: hpdftex.def 2025-07-12 v7.01o Hyperref driver for pdfTeX
\Fld@listcount=\count312
\c@bookmark@seq@number=\count313

(C:\Users\Lenovo\AppData\Local\Programs\MiKTeX\tex/latex/rerunfilecheck\rerunfi
lecheck.sty
Package: rerunfilecheck 2025-06-21 v1.11 Rerun checks for auxiliary files (HO)

(C:\Users\Lenovo\AppData\Local\Programs\MiKTeX\tex/generic/uniquecounter\unique
counter.sty
Package: uniquecounter 2019/12/15 v1.4 Provide unlimited unique counter (HO)
)
Package uniquecounter Info: New unique counter `rerunfilecheck' on input line 2
84.
)
\Hy@SectionHShift=\skip61
)
(C:\Users\Lenovo\AppData\Local\Programs\MiKTeX\tex/latex/cleveref\cleveref.sty
Package: cleveref 2018/03/27 v0.21.4 Intelligent cross-referencing
Package cleveref Info: `hyperref' support loaded on input line 2370.
LaTeX Info: Redefining \cref on input line 2370.
LaTeX Info: Redefining \Cref on input line 2370.
LaTeX Info: Redefining \crefrange on input line 2370.
LaTeX Info: Redefining \Crefrange on input line 2370.
LaTeX Info: Redefining \cpageref on input line 2370.
LaTeX Info: Redefining \Cpageref on input line 2370.
LaTeX Info: Redefining \cpagerefrange on input line 2370.
LaTeX Info: Redefining \Cpagerefrange on input line 2370.
LaTeX Info: Redefining \labelcref on input line 2370.
LaTeX Info: Redefining \labelcpageref on input line 2370.
Package cleveref Info: `amsthm' support loaded on input line 3026.
)
==> First Aid for cleveref.sty applied!

(C:\Users\Lenovo\AppData\Local\Programs\MiKTeX\tex/latex/pgf/frontendlayer\tikz
.sty
(C:\Users\Lenovo\AppData\Local\Programs\MiKTeX\tex/latex/pgf/basiclayer\pgf.sty

(C:\Users\Lenovo\AppData\Local\Programs\MiKTeX\tex/latex/pgf/utilities\pgfrcs.s
ty
(C:\Users\Lenovo\AppData\Local\Programs\MiKTeX\tex/generic/pgf/utilities\pgfuti
l-common.tex
\pgfutil@everybye=\toks30
\pgfutil@tempdima=\dimen180
\pgfutil@tempdimb=\dimen181
)
(C:\Users\Lenovo\AppData\Local\Programs\MiKTeX\tex/generic/pgf/utilities\pgfuti
l-latex.def
\pgfutil@abb=\box56
)
(C:\Users\Lenovo\AppData\Local\Programs\MiKTeX\tex/generic/pgf/utilities\pgfrcs
.code.tex
(C:\Users\Lenovo\AppData\Local\Programs\MiKTeX\tex/generic/pgf\pgf.revision.tex
)
Package: pgfrcs 2025-08-29 v3.1.11a (3.1.11a)
))
Package: pgf 2025-08-29 v3.1.11a (3.1.11a)

(C:\Users\Lenovo\AppData\Local\Programs\MiKTeX\tex/latex/pgf/basiclayer\pgfcore
.sty
(C:\Users\Lenovo\AppData\Local\Programs\MiKTeX\tex/latex/graphics\graphicx.sty
Package: graphicx 2024/12/31 v1.2e Enhanced LaTeX Graphics (DPC,SPQR)

(C:\Users\Lenovo\AppData\Local\Programs\MiKTeX\tex/latex/graphics\graphics.sty
Package: graphics 2024/08/06 v1.4g Standard LaTeX Graphics (DPC,SPQR)

(C:\Users\Lenovo\AppData\Local\Programs\MiKTeX\tex/latex/graphics\trig.sty
Package: trig 2023/12/02 v1.11 sin cos tan (DPC)
)
(C:\Users\Lenovo\AppData\Local\Programs\MiKTeX\tex/latex/graphics-cfg\graphics.
cfg
File: graphics.cfg 2016/06/04 v1.11 sample graphics configuration
)
Package graphics Info: Driver file: pdftex.def on input line 106.

(C:\Users\Lenovo\AppData\Local\Programs\MiKTeX\tex/latex/graphics-def\pdftex.de
f
File: pdftex.def 2025/09/29 v1.2d Graphics/color driver for pdftex
))
\Gin@req@height=\dimen182
\Gin@req@width=\dimen183
)
(C:\Users\Lenovo\AppData\Local\Programs\MiKTeX\tex/latex/pgf/systemlayer\pgfsys
.sty
(C:\Users\Lenovo\AppData\Local\Programs\MiKTeX\tex/generic/pgf/systemlayer\pgfs
ys.code.tex
Package: pgfsys 2025-08-29 v3.1.11a (3.1.11a)

(C:\Users\Lenovo\AppData\Local\Programs\MiKTeX\tex/generic/pgf/utilities\pgfkey
s.code.tex
\pgfkeys@pathtoks=\toks31
\pgfkeys@temptoks=\toks32

(C:\Users\Lenovo\AppData\Local\Programs\MiKTeX\tex/generic/pgf/utilities\pgfkey
slibraryfiltered.code.tex
\pgfkeys@tmptoks=\toks33
))
\pgf@x=\dimen184
\pgf@y=\dimen185
\pgf@xa=\dimen186
\pgf@ya=\dimen187
\pgf@xb=\dimen188
\pgf@yb=\dimen189
\pgf@xc=\dimen190
\pgf@yc=\dimen191
\pgf@xd=\dimen192
\pgf@yd=\dimen193
\w@pgf@writea=\write3
\r@pgf@reada=\read2
\c@pgf@counta=\count314
\c@pgf@countb=\count315
\c@pgf@countc=\count316
\c@pgf@countd=\count317
\t@pgf@toka=\toks34
\t@pgf@tokb=\toks35
\t@pgf@tokc=\toks36
\pgf@sys@id@count=\count318

(C:\Users\Lenovo\AppData\Local\Programs\MiKTeX\tex/generic/pgf/systemlayer\pgf.
cfg
File: pgf.cfg 2025-08-29 v3.1.11a (3.1.11a)
)
Driver file for pgf: pgfsys-pdftex.def

(C:\Users\Lenovo\AppData\Local\Programs\MiKTeX\tex/generic/pgf/systemlayer\pgfs
ys-pdftex.def
File: pgfsys-pdftex.def 2025-08-29 v3.1.11a (3.1.11a)

(C:\Users\Lenovo\AppData\Local\Programs\MiKTeX\tex/generic/pgf/systemlayer\pgfs
ys-common-pdf.def
File: pgfsys-common-pdf.def 2025-08-29 v3.1.11a (3.1.11a)
)))
(C:\Users\Lenovo\AppData\Local\Programs\MiKTeX\tex/generic/pgf/systemlayer\pgfs
yssoftpath.code.tex
File: pgfsyssoftpath.code.tex 2025-08-29 v3.1.11a (3.1.11a)
\pgfsyssoftpath@smallbuffer@items=\count319
\pgfsyssoftpath@bigbuffer@items=\count320
)
(C:\Users\Lenovo\AppData\Local\Programs\MiKTeX\tex/generic/pgf/systemlayer\pgfs
ysprotocol.code.tex
File: pgfsysprotocol.code.tex 2025-08-29 v3.1.11a (3.1.11a)
))
(C:\Users\Lenovo\AppData\Local\Programs\MiKTeX\tex/latex/xcolor\xcolor.sty
Package: xcolor 2024/09/29 v3.02 LaTeX color extensions (UK)

(C:\Users\Lenovo\AppData\Local\Programs\MiKTeX\tex/latex/graphics-cfg\color.cfg
File: color.cfg 2016/01/02 v1.6 sample color configuration
)
Package xcolor Info: Driver file: pdftex.def on input line 274.

(C:\Users\Lenovo\AppData\Local\Programs\MiKTeX\tex/latex/graphics\mathcolor.ltx
)
Package xcolor Info: Model `cmy' substituted by `cmy0' on input line 1349.
Package xcolor Info: Model `hsb' substituted by `rgb' on input line 1353.
Package xcolor Info: Model `RGB' extended on input line 1365.
Package xcolor Info: Model `HTML' substituted by `rgb' on input line 1367.
Package xcolor Info: Model `Hsb' substituted by `hsb' on input line 1368.
Package xcolor Info: Model `tHsb' substituted by `hsb' on input line 1369.
Package xcolor Info: Model `HSB' substituted by `hsb' on input line 1370.
Package xcolor Info: Model `Gray' substituted by `gray' on input line 1371.
Package xcolor Info: Model `wave' substituted by `hsb' on input line 1372.
)
(C:\Users\Lenovo\AppData\Local\Programs\MiKTeX\tex/generic/pgf/basiclayer\pgfco
re.code.tex
Package: pgfcore 2025-08-29 v3.1.11a (3.1.11a)

(C:\Users\Lenovo\AppData\Local\Programs\MiKTeX\tex/generic/pgf/math\pgfmath.cod
e.tex
(C:\Users\Lenovo\AppData\Local\Programs\MiKTeX\tex/generic/pgf/math\pgfmathutil
.code.tex)
(C:\Users\Lenovo\AppData\Local\Programs\MiKTeX\tex/generic/pgf/math\pgfmathpars
er.code.tex
\pgfmath@dimen=\dimen194
\pgfmath@count=\count321
\pgfmath@box=\box57
\pgfmath@toks=\toks37
\pgfmath@stack@operand=\toks38
\pgfmath@stack@operation=\toks39
)
(C:\Users\Lenovo\AppData\Local\Programs\MiKTeX\tex/generic/pgf/math\pgfmathfunc
tions.code.tex)
(C:\Users\Lenovo\AppData\Local\Programs\MiKTeX\tex/generic/pgf/math\pgfmathfunc
tions.basic.code.tex)
(C:\Users\Lenovo\AppData\Local\Programs\MiKTeX\tex/generic/pgf/math\pgfmathfunc
tions.trigonometric.code.tex)
(C:\Users\Lenovo\AppData\Local\Programs\MiKTeX\tex/generic/pgf/math\pgfmathfunc
tions.random.code.tex)
(C:\Users\Lenovo\AppData\Local\Programs\MiKTeX\tex/generic/pgf/math\pgfmathfunc
tions.comparison.code.tex)
(C:\Users\Lenovo\AppData\Local\Programs\MiKTeX\tex/generic/pgf/math\pgfmathfunc
tions.base.code.tex)
(C:\Users\Lenovo\AppData\Local\Programs\MiKTeX\tex/generic/pgf/math\pgfmathfunc
tions.round.code.tex)
(C:\Users\Lenovo\AppData\Local\Programs\MiKTeX\tex/generic/pgf/math\pgfmathfunc
tions.misc.code.tex)
(C:\Users\Lenovo\AppData\Local\Programs\MiKTeX\tex/generic/pgf/math\pgfmathfunc
tions.integerarithmetics.code.tex)
(C:\Users\Lenovo\AppData\Local\Programs\MiKTeX\tex/generic/pgf/math\pgfmathcalc
.code.tex)
(C:\Users\Lenovo\AppData\Local\Programs\MiKTeX\tex/generic/pgf/math\pgfmathfloa
t.code.tex
\c@pgfmathroundto@lastzeros=\count322
))
(C:\Users\Lenovo\AppData\Local\Programs\MiKTeX\tex/generic/pgf/math\pgfint.code
.tex)
(C:\Users\Lenovo\AppData\Local\Programs\MiKTeX\tex/generic/pgf/basiclayer\pgfco
repoints.code.tex
File: pgfcorepoints.code.tex 2025-08-29 v3.1.11a (3.1.11a)
\pgf@picminx=\dimen195
\pgf@picmaxx=\dimen196
\pgf@picminy=\dimen197
\pgf@picmaxy=\dimen198
\pgf@pathminx=\dimen199
\pgf@pathmaxx=\dimen256
\pgf@pathminy=\dimen257
\pgf@pathmaxy=\dimen258
\pgf@xx=\dimen259
\pgf@xy=\dimen260
\pgf@yx=\dimen261
\pgf@yy=\dimen262
\pgf@zx=\dimen263
\pgf@zy=\dimen264
)
(C:\Users\Lenovo\AppData\Local\Programs\MiKTeX\tex/generic/pgf/basiclayer\pgfco
repathconstruct.code.tex
File: pgfcorepathconstruct.code.tex 2025-08-29 v3.1.11a (3.1.11a)
\pgf@path@lastx=\dimen265
\pgf@path@lasty=\dimen266
)
(C:\Users\Lenovo\AppData\Local\Programs\MiKTeX\tex/generic/pgf/basiclayer\pgfco
repathusage.code.tex
File: pgfcorepathusage.code.tex 2025-08-29 v3.1.11a (3.1.11a)
\pgf@shorten@end@additional=\dimen267
\pgf@shorten@start@additional=\dimen268
)
(C:\Users\Lenovo\AppData\Local\Programs\MiKTeX\tex/generic/pgf/basiclayer\pgfco
rescopes.code.tex
File: pgfcorescopes.code.tex 2025-08-29 v3.1.11a (3.1.11a)
\pgfpic=\box58
\pgf@hbox=\box59
\pgf@layerbox@main=\box60
\pgf@picture@serial@count=\count323
)
(C:\Users\Lenovo\AppData\Local\Programs\MiKTeX\tex/generic/pgf/basiclayer\pgfco
regraphicstate.code.tex
File: pgfcoregraphicstate.code.tex 2025-08-29 v3.1.11a (3.1.11a)
\pgflinewidth=\dimen269
)
(C:\Users\Lenovo\AppData\Local\Programs\MiKTeX\tex/generic/pgf/basiclayer\pgfco
retransformations.code.tex
File: pgfcoretransformations.code.tex 2025-08-29 v3.1.11a (3.1.11a)
\pgf@pt@x=\dimen270
\pgf@pt@y=\dimen271
\pgf@pt@temp=\dimen272
)
(C:\Users\Lenovo\AppData\Local\Programs\MiKTeX\tex/generic/pgf/basiclayer\pgfco
requick.code.tex
File: pgfcorequick.code.tex 2025-08-29 v3.1.11a (3.1.11a)
)
(C:\Users\Lenovo\AppData\Local\Programs\MiKTeX\tex/generic/pgf/basiclayer\pgfco
reobjects.code.tex
File: pgfcoreobjects.code.tex 2025-08-29 v3.1.11a (3.1.11a)
)
(C:\Users\Lenovo\AppData\Local\Programs\MiKTeX\tex/generic/pgf/basiclayer\pgfco
repathprocessing.code.tex
File: pgfcorepathprocessing.code.tex 2025-08-29 v3.1.11a (3.1.11a)
)
(C:\Users\Lenovo\AppData\Local\Programs\MiKTeX\tex/generic/pgf/basiclayer\pgfco
rearrows.code.tex
File: pgfcorearrows.code.tex 2025-08-29 v3.1.11a (3.1.11a)
\pgfarrowsep=\dimen273
)
(C:\Users\Lenovo\AppData\Local\Programs\MiKTeX\tex/generic/pgf/basiclayer\pgfco
reshade.code.tex
File: pgfcoreshade.code.tex 2025-08-29 v3.1.11a (3.1.11a)
\pgf@max=\dimen274
\pgf@sys@shading@range@num=\count324
\pgf@shadingcount=\count325
)
(C:\Users\Lenovo\AppData\Local\Programs\MiKTeX\tex/generic/pgf/basiclayer\pgfco
reimage.code.tex
File: pgfcoreimage.code.tex 2025-08-29 v3.1.11a (3.1.11a)
)
(C:\Users\Lenovo\AppData\Local\Programs\MiKTeX\tex/generic/pgf/basiclayer\pgfco
reexternal.code.tex
File: pgfcoreexternal.code.tex 2025-08-29 v3.1.11a (3.1.11a)
\pgfexternal@startupbox=\box61
)
(C:\Users\Lenovo\AppData\Local\Programs\MiKTeX\tex/generic/pgf/basiclayer\pgfco
relayers.code.tex
File: pgfcorelayers.code.tex 2025-08-29 v3.1.11a (3.1.11a)
)
(C:\Users\Lenovo\AppData\Local\Programs\MiKTeX\tex/generic/pgf/basiclayer\pgfco
retransparency.code.tex
File: pgfcoretransparency.code.tex 2025-08-29 v3.1.11a (3.1.11a)
)
(C:\Users\Lenovo\AppData\Local\Programs\MiKTeX\tex/generic/pgf/basiclayer\pgfco
repatterns.code.tex
File: pgfcorepatterns.code.tex 2025-08-29 v3.1.11a (3.1.11a)
)
(C:\Users\Lenovo\AppData\Local\Programs\MiKTeX\tex/generic/pgf/basiclayer\pgfco
rerdf.code.tex
File: pgfcorerdf.code.tex 2025-08-29 v3.1.11a (3.1.11a)
)))
(C:\Users\Lenovo\AppData\Local\Programs\MiKTeX\tex/generic/pgf/modules\pgfmodul
eshapes.code.tex
File: pgfmoduleshapes.code.tex 2025-08-29 v3.1.11a (3.1.11a)
\pgfnodeparttextbox=\box62
)
(C:\Users\Lenovo\AppData\Local\Programs\MiKTeX\tex/generic/pgf/modules\pgfmodul
eplot.code.tex
File: pgfmoduleplot.code.tex 2025-08-29 v3.1.11a (3.1.11a)
)
(C:\Users\Lenovo\AppData\Local\Programs\MiKTeX\tex/latex/pgf/compatibility\pgfc
omp-version-0-65.sty
Package: pgfcomp-version-0-65 2025-08-29 v3.1.11a (3.1.11a)
\pgf@nodesepstart=\dimen275
\pgf@nodesepend=\dimen276
)
(C:\Users\Lenovo\AppData\Local\Programs\MiKTeX\tex/latex/pgf/compatibility\pgfc
omp-version-1-18.sty
Package: pgfcomp-version-1-18 2025-08-29 v3.1.11a (3.1.11a)
))
(C:\Users\Lenovo\AppData\Local\Programs\MiKTeX\tex/latex/pgf/utilities\pgffor.s
ty
(C:\Users\Lenovo\AppData\Local\Programs\MiKTeX\tex/latex/pgf/utilities\pgfkeys.
sty
(C:\Users\Lenovo\AppData\Local\Programs\MiKTeX\tex/generic/pgf/utilities\pgfkey
s.code.tex))
(C:\Users\Lenovo\AppData\Local\Programs\MiKTeX\tex/latex/pgf/math\pgfmath.sty
(C:\Users\Lenovo\AppData\Local\Programs\MiKTeX\tex/generic/pgf/math\pgfmath.cod
e.tex))
(C:\Users\Lenovo\AppData\Local\Programs\MiKTeX\tex/generic/pgf/utilities\pgffor
.code.tex
Package: pgffor 2025-08-29 v3.1.11a (3.1.11a)
\pgffor@iter=\dimen277
\pgffor@skip=\dimen278
\pgffor@stack=\toks40
\pgffor@toks=\toks41
))
(C:\Users\Lenovo\AppData\Local\Programs\MiKTeX\tex/generic/pgf/frontendlayer/ti
kz\tikz.code.tex
Package: tikz 2025-08-29 v3.1.11a (3.1.11a)

(C:\Users\Lenovo\AppData\Local\Programs\MiKTeX\tex/generic/pgf/libraries\pgflib
raryplothandlers.code.tex
File: pgflibraryplothandlers.code.tex 2025-08-29 v3.1.11a (3.1.11a)
\pgf@plot@mark@count=\count326
\pgfplotmarksize=\dimen279
)
\tikz@lastx=\dimen280
\tikz@lasty=\dimen281
\tikz@lastxsaved=\dimen282
\tikz@lastysaved=\dimen283
\tikz@lastmovetox=\dimen284
\tikz@lastmovetoy=\dimen285
\tikzleveldistance=\dimen286
\tikzsiblingdistance=\dimen287
\tikz@figbox=\box63
\tikz@figbox@bg=\box64
\tikz@tempbox=\box65
\tikz@tempbox@bg=\box66
\tikztreelevel=\count327
\tikznumberofchildren=\count328
\tikznumberofcurrentchild=\count329
\tikz@fig@count=\count330

(C:\Users\Lenovo\AppData\Local\Programs\MiKTeX\tex/generic/pgf/modules\pgfmodul
ematrix.code.tex
File: pgfmodulematrix.code.tex 2025-08-29 v3.1.11a (3.1.11a)
\pgfmatrixcurrentrow=\count331
\pgfmatrixcurrentcolumn=\count332
\pgf@matrix@numberofcolumns=\count333
)
\tikz@expandcount=\count334

(C:\Users\Lenovo\AppData\Local\Programs\MiKTeX\tex/generic/pgf/frontendlayer/ti
kz/libraries\tikzlibrarytopaths.code.tex
File: tikzlibrarytopaths.code.tex 2025-08-29 v3.1.11a (3.1.11a)
)))
(C:\Users\Lenovo\AppData\Local\Programs\MiKTeX\tex/generic/pgf/frontendlayer/ti
kz/libraries\tikzlibrarypositioning.code.tex
File: tikzlibrarypositioning.code.tex 2025-08-29 v3.1.11a (3.1.11a)
)
(C:\Users\Lenovo\AppData\Local\Programs\MiKTeX\tex/latex/booktabs\booktabs.sty
Package: booktabs 2020/01/12 v1.61803398 Publication quality tables
\heavyrulewidth=\dimen288
\lightrulewidth=\dimen289
\cmidrulewidth=\dimen290
\belowrulesep=\dimen291
\belowbottomsep=\dimen292
\aboverulesep=\dimen293
\abovetopsep=\dimen294
\cmidrulesep=\dimen295
\cmidrulekern=\dimen296
\defaultaddspace=\dimen297
\@cmidla=\count335
\@cmidlb=\count336
\@aboverulesep=\dimen298
\@belowrulesep=\dimen299
\@thisruleclass=\count337
\@lastruleclass=\count338
\@thisrulewidth=\dimen300
) (C:\Users\Lenovo\AppData\Local\Programs\MiKTeX\tex/latex/enumitem\enumitem.st
y
Package: enumitem 2025/02/06 v3.11 Customized lists
\labelindent=\skip62
\enit@outerparindent=\dimen301
\enit@toks=\toks42
\enit@inbox=\box67
\enit@count@id=\count339
\enitdp@description=\count340
) (C:\Users\Lenovo\AppData\Local\Programs\MiKTeX\tex/latex/caption\caption.sty
Package: caption 2023/08/05 v3.6o Customizing captions (AR)

(C:\Users\Lenovo\AppData\Local\Programs\MiKTeX\tex/latex/caption\caption3.sty
Package: caption3 2023/07/31 v2.4d caption3 kernel (AR)
\caption@tempdima=\dimen302
\captionmargin=\dimen303
\caption@leftmargin=\dimen304
\caption@rightmargin=\dimen305
\caption@width=\dimen306
\caption@indent=\dimen307
\caption@parindent=\dimen308
\caption@hangindent=\dimen309
Package caption Info: Standard document class detected.
)
\c@caption@flags=\count341
\c@continuedfloat=\count342
Package caption Info: hyperref package is loaded.
) (C:\Users\Lenovo\AppData\Local\Programs\MiKTeX\tex/latex/preprint\authblk.sty
Package: authblk 2001/02/27 1.3 (PWD)
\affilsep=\skip63
\@affilsep=\skip64
\c@Maxaffil=\count343
\c@authors=\count344
\c@affil=\count345
)
Package hyperref Info: Option `colorlinks' set `true' on input line 50.
\c@theorem=\count346

(C:\Users\Lenovo\AppData\Local\Programs\MiKTeX\tex/latex/l3backend\l3backend-pd
ftex.def
File: l3backend-pdftex.def 2025-10-09 L3 backend support: PDF output (pdfTeX)
\l__color_backend_stack_int=\count347
)
No file pmj_submission_article.aux.
\openout1 = `pmj_submission_article.aux'.

LaTeX Font Info:    Checking defaults for OML/cmm/m/it on input line 100.
LaTeX Font Info:    ... okay on input line 100.
LaTeX Font Info:    Checking defaults for OMS/cmsy/m/n on input line 100.
LaTeX Font Info:    ... okay on input line 100.
LaTeX Font Info:    Checking defaults for OT1/cmr/m/n on input line 100.
LaTeX Font Info:    ... okay on input line 100.
LaTeX Font Info:    Checking defaults for T1/cmr/m/n on input line 100.
LaTeX Font Info:    ... okay on input line 100.
LaTeX Font Info:    Checking defaults for TS1/cmr/m/n on input line 100.
LaTeX Font Info:    ... okay on input line 100.
LaTeX Font Info:    Checking defaults for OMX/cmex/m/n on input line 100.
LaTeX Font Info:    ... okay on input line 100.
LaTeX Font Info:    Checking defaults for U/cmr/m/n on input line 100.
LaTeX Font Info:    ... okay on input line 100.
LaTeX Font Info:    Checking defaults for PD1/pdf/m/n on input line 100.
LaTeX Font Info:    ... okay on input line 100.
LaTeX Font Info:    Checking defaults for PU/pdf/m/n on input line 100.
LaTeX Font Info:    ... okay on input line 100.
*geometry* driver: auto-detecting
*geometry* detected driver: pdftex
*geometry* verbose mode - [ preamble ] result:
* driver: pdftex
* paper: a4paper
* layout: <same size as paper>
* layoutoffset:(h,v)=(0.0pt,0.0pt)
* modes: 
* h-part:(L,W,R)=(71.13188pt, 455.24411pt, 71.13188pt)
* v-part:(T,H,B)=(71.13188pt, 702.78308pt, 71.13188pt)
* \paperwidth=597.50787pt
* \paperheight=845.04684pt
* \textwidth=455.24411pt
* \textheight=702.78308pt
* \oddsidemargin=-1.1381pt
* \evensidemargin=-1.1381pt
* \topmargin=-38.1381pt
* \headheight=12.0pt
* \headsep=25.0pt
* \topskip=11.0pt
* \footskip=30.0pt
* \marginparwidth=50.0pt
* \marginparsep=10.0pt
* \columnsep=10.0pt
* \skip\footins=10.0pt plus 4.0pt minus 2.0pt
* \hoffset=0.0pt
* \voffset=0.0pt
* \mag=1000
* \@twocolumnfalse
* \@twosidefalse
* \@mparswitchfalse
* \@reversemarginfalse
* (1in=72.27pt=25.4mm, 1cm=28.453pt)

Package hyperref Info: Link coloring ON on input line 100.
\@outlinefile=\write4
\openout4 = `pmj_submission_article.out'.


(C:\Users\Lenovo\AppData\Local\Programs\MiKTeX\tex/context/base/mkii\supp-pdf.m
kii
[Loading MPS to PDF converter (version 2006.09.02).]
\scratchcounter=\count348
\scratchdimen=\dimen310
\scratchbox=\box68
\nofMPsegments=\count349
\nofMParguments=\count350
\everyMPshowfont=\toks43
\MPscratchCnt=\count351
\MPscratchDim=\dimen311
\MPnumerator=\count352
\makeMPintoPDFobject=\count353
\everyMPtoPDFconversion=\toks44
)
(C:\Users\Lenovo\AppData\Local\Programs\MiKTeX\tex/latex/epstopdf-pkg\epstopdf-
base.sty
Package: epstopdf-base 2020-01-24 v2.11 Base part for package epstopdf
Package epstopdf-base Info: Redefining graphics rule for `.eps' on input line 4
85.

(C:\Users\Lenovo\AppData\Local\Programs\MiKTeX\tex/latex/00miktex\epstopdf-sys.
cfg
File: epstopdf-sys.cfg 2021/03/18 v2.0 Configuration of epstopdf for MiKTeX
))
Package caption Info: Begin \AtBeginDocument code.
Package caption Info: End \AtBeginDocument code.
LaTeX Font Info:    Trying to load font information for U+msa on input line 120
.
 (C:\Users\Lenovo\AppData\Local\Programs\MiKTeX\tex/latex/amsfonts\umsa.fd
File: umsa.fd 2013/01/14 v3.01 AMS symbols A
)
LaTeX Font Info:    Trying to load font information for U+msb on input line 120
.
 (C:\Users\Lenovo\AppData\Local\Programs\MiKTeX\tex/latex/amsfonts\umsb.fd
File: umsb.fd 2013/01/14 v3.01 AMS symbols B
)
No file pmj_submission_article.toc.
\tf@toc=\write5
\openout5 = `pmj_submission_article.toc'.

[1

{C:/Users/Lenovo/AppData/Local/MiKTeX/fonts/map/pdftex/pdftex.map}]
(sec01-introduction.tex

LaTeX Warning: Citation `penrose1973' on page 2 undefined on input line 6.


LaTeX Warning: Citation `huisken2001' on page 2 undefined on input line 10.


LaTeX Warning: Citation `bray2001' on page 2 undefined on input line 10.


LaTeX Warning: Citation `braykhuri2010' on page 2 undefined on input line 10.


LaTeX Warning: Citation `hankhuri2013' on page 2 undefined on input line 10.


LaTeX Warning: Reference `eq:penrose' on page 2 undefined on input line 12.


LaTeX Warning: Citation `dain2011' on page 2 undefined on input line 18.


LaTeX Warning: Reference `rem:notation' on page 2 undefined on input line 31.


LaTeX Warning: Reference `thm:J-conserve' on page 2 undefined on input line 47.



LaTeX Warning: Reference `rem:vacuum-critical' on page 2 undefined on input lin
e 47.


LaTeX Warning: Citation `chrusciel2008' on page 2 undefined on input line 49.


LaTeX Warning: Citation `mars2009' on page 2 undefined on input line 49.


LaTeX Warning: Reference `thm:rigidity' on page 2 undefined on input line 49.

[2]

LaTeX Warning: Citation `hankhuri2013' on page 3 undefined on input line 52.


LaTeX Warning: Citation `dain2011' on page 3 undefined on input line 52.


LaTeX Warning: Citation `amo2022' on page 3 undefined on input line 52.


LaTeX Warning: Citation `mars1999' on page 3 undefined on input line 52.


LaTeX Warning: Citation `simon1984' on page 3 undefined on input line 52.


LaTeX Warning: Reference `sec:extensions' on page 3 undefined on input line 60.



LaTeX Warning: Reference `thm:main' on page 3 undefined on input line 64.


LaTeX Warning: Reference `def:AF' on page 3 undefined on input line 72.


LaTeX Warning: Citation `york1973' on page 3 undefined on input line 82.

[3]

LaTeX Warning: Reference `app:mars-simon' on page 4 undefined on input line 96.



LaTeX Warning: Citation `beigchrusciel1996' on page 4 undefined on input line 9
8.


LaTeX Warning: Citation `simon1984' on page 4 undefined on input line 98.


LaTeX Warning: Citation `backdahl2010a' on page 4 undefined on input line 98.


LaTeX Warning: Citation `backdahl2010b' on page 4 undefined on input line 98.


LaTeX Warning: Reference `lem:Lambda-J-welldef' on page 4 undefined on input li
ne 111.


LaTeX Warning: Reference `sec:lichnerowicz' on page 4 undefined on input line 1
11.


LaTeX Warning: Reference `app:mars-simon' on page 4 undefined on input line 111
.


LaTeX Warning: Reference `app:mars-simon' on page 4 undefined on input line 113
.


LaTeX Warning: Reference `thm:kerr-characterization' on page 4 undefined on inp
ut line 116.


LaTeX Warning: Citation `bowen1980' on page 4 undefined on input line 126.

[4]

LaTeX Warning: Reference `thm:J-conserve' on page 5 undefined on input line 132
.


LaTeX Warning: Reference `lem:phi-bound' on page 5 undefined on input line 134.



LaTeX Warning: Citation `huisken2001' on page 5 undefined on input line 139.


LaTeX Warning: Citation `bray2001' on page 5 undefined on input line 139.


LaTeX Warning: Reference `thm:J-conserve' on page 5 undefined on input line 142
.


LaTeX Warning: Reference `subsec:charged-penrose' on page 5 undefined on input 
line 148.

[5]

LaTeX Warning: Reference `eq:main' on page 6 undefined on input line 157.


LaTeX Warning: Reference `eq:main' on page 6 undefined on input line 159.


LaTeX Warning: Reference `thm:subext' on page 6 undefined on input line 165.


LaTeX Warning: Citation `braykhuri2010' on page 6 undefined on input line 174.


LaTeX Warning: Citation `hankhuri2013' on page 6 undefined on input line 174.


LaTeX Warning: Citation `dain2011' on page 6 undefined on input line 174.


LaTeX Warning: Citation `amo2022' on page 6 undefined on input line 174.


LaTeX Warning: Citation `huisken2001' on page 6 undefined on input line 176.


LaTeX Warning: Citation `bray2001' on page 6 undefined on input line 176.


LaTeX Warning: Reference `sec:kerr' on page 6 undefined on input line 182.


LaTeX Warning: Reference `sec:proof-outline' on page 6 undefined on input line 
182.


LaTeX Warning: Reference `sec:jang' on page 6 undefined on input line 182.


LaTeX Warning: Reference `sec:subextremality' on page 6 undefined on input line
 182.


LaTeX Warning: Reference `sec:synthesis' on page 6 undefined on input line 182.



LaTeX Warning: Reference `thm:main' on page 6 undefined on input line 182.


LaTeX Warning: Reference `sec:rigidity' on page 6 undefined on input line 182.


LaTeX Warning: Reference `sec:extensions' on page 6 undefined on input line 182
.

[6]) (sec02-kerr.tex

LaTeX Warning: Citation `ChruscielCostaHeusler2012' on page 7 undefined on inpu
t line 36.

) (sec03-proof-outline.tex

LaTeX Warning: Citation `braykhuri2010' on page 7 undefined on input line 4.


LaTeX Warning: Citation `hankhuri2013' on page 7 undefined on input line 4.


LaTeX Warning: Citation `amo2022' on page 7 undefined on input line 4.

[7]

LaTeX Warning: Reference `sec:jang' on page 8 undefined on input line 20.


LaTeX Warning: Reference `sec:lichnerowicz' on page 8 undefined on input line 2
0.


LaTeX Warning: Reference `sec:amo' on page 8 undefined on input line 20.


LaTeX Warning: Reference `sec:subextremality' on page 8 undefined on input line
 20.


LaTeX Warning: Reference `thm:main' on page 8 undefined on input line 29.


LaTeX Warning: Citation `gallowayschoen2006' on page 8 undefined on input line 
40.


LaTeX Warning: Reference `sec:jang' on page 8 undefined on input line 40.


LaTeX Warning: Reference `sec:lichnerowicz' on page 8 undefined on input line 4
0.

) (sec04-jang.tex

LaTeX Warning: Citation `bartnik1986' on page 8 undefined on input line 6.


LaTeX Warning: Citation `lockhartmccowen1985' on page 8 undefined on input line
 6.

[8]

LaTeX Warning: Citation `bartnik1986' on page 9 undefined on input line 21.


LaTeX Warning: Citation `anderssonmars2008' on page 9 undefined on input line 3
3.


LaTeX Warning: Citation `anderssonmetzger2009' on page 9 undefined on input lin
e 37.


LaTeX Warning: Citation `gallowayschoen2006' on page 9 undefined on input line 
41.


LaTeX Warning: Citation `gallowayschoen2006' on page 9 undefined on input line 
45.

[9]

LaTeX Warning: Reference `lem:twist-bound-poles' on page 10 undefined on input 
line 90.


LaTeX Warning: Reference `lem:twist-bound-poles' on page 10 undefined on input 
line 94.


LaTeX Warning: Reference `eq:twist-term' on page 10 undefined on input line 98.



LaTeX Warning: Reference `eq:twist-term' on page 10 undefined on input line 103
.

[10]

LaTeX Warning: Citation `wald1984' on page 11 undefined on input line 110.


LaTeX Warning: Citation `wald1984' on page 11 undefined on input line 117.


LaTeX Warning: Reference `lem:mots-axis' on page 11 undefined on input line 140
.


LaTeX Warning: Reference `eq:twist-pole-scaling' on page 11 undefined on input 
line 148.

[11]

LaTeX Warning: Reference `lem:perturbation-stability' on page 12 undefined on i
nput line 169.


LaTeX Warning: Reference `def:weighted-holder' on page 12 undefined on input li
ne 181.


LaTeX Warning: Citation `chruscielwald1994' on page 12 undefined on input line 
181.


LaTeX Warning: Citation `dainortiz2009' on page 12 undefined on input line 181.



LaTeX Warning: Citation `mazzeo1991' on page 12 undefined on input line 181.

[12]

LaTeX Warning: Citation `mazzeo1987' on page 13 undefined on input line 198.


LaTeX Warning: Citation `schulze1998' on page 13 undefined on input line 198.


LaTeX Warning: Reference `eq:reduced-jang' on page 13 undefined on input line 2
08.


LaTeX Warning: Citation `schulze1998' on page 13 undefined on input line 232.

[13] [14]

LaTeX Warning: Reference `thm:jang-exist' on page 15 undefined on input line 32
5.


LaTeX Warning: Reference `app:function-spaces' on page 15 undefined on input li
ne 325.

[15]

LaTeX Warning: Citation `hankhuri2013' on page 16 undefined on input line 329.


LaTeX Warning: Citation `gilbargtrudinger2001' on page 16 undefined on input li
ne 368.


LaTeX Warning: Reference `lem:mots-axis' on page 16 undefined on input line 370
.

[16]

LaTeX Warning: Reference `lem:twist-bound-poles' on page 17 undefined on input 
line 376.


LaTeX Warning: Reference `eq:twist-term' on page 17 undefined on input line 390
.


LaTeX Warning: Reference `lem:mots-axis' on page 17 undefined on input line 392
.


LaTeX Warning: Reference `eq:twist-term' on page 17 undefined on input line 411
.

[17]

LaTeX Warning: Reference `eq:twist-term' on page 18 undefined on input line 428
.


LaTeX Warning: Reference `lem:mots-axis' on page 18 undefined on input line 440
.


LaTeX Warning: Reference `lem:twist-bound-poles' on page 18 undefined on input 
line 440.


LaTeX Warning: Reference `eq:twist-term' on page 18 undefined on input line 447
.

[18]

LaTeX Warning: Citation `pacarditore2003' on page 19 undefined on input line 45
5.


LaTeX Warning: Citation `mazzeo1991' on page 19 undefined on input line 455.


LaTeX Warning: Citation `lockhartmccowen1985' on page 19 undefined on input lin
e 493.


LaTeX Warning: Reference `eq:fixed-point' on page 19 undefined on input line 50
1.

[19] [20]

LaTeX Warning: Citation `hankhuri2013' on page 21 undefined on input line 566.


LaTeX Warning: Citation `lockhartmccowen1985' on page 21 undefined on input lin
e 568.


LaTeX Warning: Citation `melrose1996' on page 21 undefined on input line 568.


LaTeX Warning: Reference `def:MOTS' on page 21 undefined on input line 576.


LaTeX Warning: Citation `gallowayschoen2006' on page 21 undefined on input line
 585.

[21]

LaTeX Warning: Citation `hersch1970' on page 22 undefined on input line 589.


LaTeX Warning: Citation `lockhartmccowen1985' on page 22 undefined on input lin
e 611.


LaTeX Warning: Citation `anderssonmetzger2009' on page 22 undefined on input li
ne 613.


LaTeX Warning: Citation `gilbargtrudinger2001' on page 22 undefined on input li
ne 619.


LaTeX Warning: Reference `lem:twisted-indicial' on page 22 undefined on input l
ine 620.

[22]

LaTeX Warning: Reference `lem:perturbation-stability' on page 23 undefined on i
nput line 625.


LaTeX Warning: Reference `eq:twist-term' on page 23 undefined on input line 653
.


LaTeX Warning: Citation `gilbargtrudinger2001' on page 23 undefined on input li
ne 659.


LaTeX Warning: Reference `lem:mots-axis' on page 23 undefined on input line 665
.


LaTeX Warning: Reference `eq:omega-bound' on page 23 undefined on input line 66
9.


LaTeX Warning: Reference `lem:twist-bound-poles' on page 23 undefined on input 
line 669.

[23]

LaTeX Warning: Citation `lockhartmccowen1985' on page 24 undefined on input lin
e 686.


LaTeX Warning: Reference `eq:DT-decay' on page 24 undefined on input line 686.


LaTeX Warning: Citation `gallowayschoen2006' on page 24 undefined on input line
 700.


LaTeX Warning: Citation `chavel1984' on page 24 undefined on input line 708.


LaTeX Warning: Citation `lockhartmccowen1985' on page 24 undefined on input lin
e 710.

[24]

LaTeX Warning: Citation `lockhartmccowen1985' on page 25 undefined on input lin
e 721.


LaTeX Warning: Citation `hankhuri2013' on page 25 undefined on input line 723.


LaTeX Warning: Citation `anderssonmetzger2009' on page 25 undefined on input li
ne 748.


LaTeX Warning: Reference `def:MOTS' on page 25 undefined on input line 748.


LaTeX Warning: Reference `def:MOTS' on page 25 undefined on input line 750.

[25]

LaTeX Warning: Reference `eq:energy-jang' on page 26 undefined on input line 79
2.


LaTeX Warning: Citation `hankhuri2013' on page 26 undefined on input line 817.


LaTeX Warning: Citation `schoen1981' on page 26 undefined on input line 817.


LaTeX Warning: Citation `hankhuri2013' on page 26 undefined on input line 819.


LaTeX Warning: Citation `schoen1981' on page 26 undefined on input line 827.

[26]

LaTeX Warning: Citation `gilbargtrudinger2001' on page 27 undefined on input li
ne 844.


LaTeX Warning: Citation `hankhuri2013' on page 27 undefined on input line 863.


LaTeX Warning: Citation `hankhuri2013' on page 27 undefined on input line 869.

[27]

LaTeX Warning: Citation `hankhuri2013' on page 28 undefined on input line 882.


LaTeX Warning: Citation `braykhuri2010' on page 28 undefined on input line 888.



LaTeX Warning: Reference `thm:jang-exist' on page 28 undefined on input line 90
4.


LaTeX Warning: Citation `hankhuri2013' on page 28 undefined on input line 906.


LaTeX Warning: Citation `hankhuri2013' on page 28 undefined on input line 918.


LaTeX Warning: Reference `lem:mots-axis' on page 28 undefined on input line 920
.


LaTeX Warning: Reference `lem:twist-bound-poles' on page 28 undefined on input 
line 920.

[28]

LaTeX Warning: Reference `lem:perturbation-stability' on page 29 undefined on i
nput line 922.


LaTeX Warning: Reference `sec:lichnerowicz' on page 29 undefined on input line 
932.


LaTeX Warning: Reference `sec:amo' on page 29 undefined on input line 933.


LaTeX Warning: Reference `thm:J-conserve' on page 29 undefined on input line 93
4.

) (sec05-lichnerowicz.tex

LaTeX Warning: Reference `thm:jang-exist' on page 29 undefined on input line 6.



LaTeX Warning: Reference `def:weighted-holder' on page 29 undefined on input li
ne 17.


LaTeX Warning: Citation `lockhartmccowen1985' on page 29 undefined on input lin
e 19.


LaTeX Warning: Reference `def:weighted-holder' on page 29 undefined on input li
ne 23.


LaTeX Warning: Reference `def:weighted-sobolev-cyl' on page 29 undefined on inp
ut line 23.

[29]

LaTeX Warning: Reference `def:Lambda-J' on page 30 undefined on input line 31.


LaTeX Warning: Reference `eq:am-lich' on page 30 undefined on input line 37.


LaTeX Warning: Reference `thm:lich-exist' on page 30 undefined on input line 37
.


LaTeX Warning: Reference `eq:am-lich' on page 30 undefined on input line 43.

[30]

LaTeX Warning: Reference `thm:kerr-characterization' on page 31 undefined on in
put line 77.


LaTeX Warning: Citation `backdahl2010a' on page 31 undefined on input line 88.


LaTeX Warning: Citation `backdahl2010b' on page 31 undefined on input line 88.


LaTeX Warning: Citation `backdahl2010a' on page 31 undefined on input line 88.


LaTeX Warning: Citation `backdahl2010b' on page 31 undefined on input line 88.


LaTeX Warning: Reference `eq:CM-E' on page 31 undefined on input line 113.


LaTeX Warning: Reference `eq:CM-B' on page 31 undefined on input line 113.

[31]

LaTeX Warning: Reference `eq:radial-ODE' on page 32 undefined on input line 127
.


LaTeX Warning: Reference `eq:CM-E' on page 32 undefined on input line 134.


LaTeX Warning: Reference `eq:CM-B' on page 32 undefined on input line 134.

[32]

LaTeX Warning: Citation `mars1999' on page 33 undefined on input line 180.


LaTeX Warning: Citation `simon1984' on page 33 undefined on input line 180.


LaTeX Warning: Citation `simon1984' on page 33 undefined on input line 186.


LaTeX Warning: Citation `beigchrusciel1996' on page 33 undefined on input line 
186.

[33]

LaTeX Warning: Reference `thm:jang-exist' on page 34 undefined on input line 21
3.


LaTeX Warning: Reference `def:EB-weyl' on page 34 undefined on input line 232.


LaTeX Warning: Reference `app:mars-simon' on page 34 undefined on input line 23
2.


LaTeX Warning: Reference `lem:Lambda-J-welldef' on page 34 undefined on input l
ine 246.


LaTeX Warning: Reference `thm:jang-exist' on page 34 undefined on input line 26
4.


LaTeX Warning: Reference `thm:jang-exist' on page 34 undefined on input line 27
2.


LaTeX Warning: Reference `def:Lambda-J' on page 34 undefined on input line 272.


[34]

LaTeX Warning: Reference `lem:refined-bk' on page 35 undefined on input line 28
7.


LaTeX Warning: Reference `thm:main' on page 35 undefined on input line 294.


LaTeX Warning: Reference `eq:am-lich-exist' on page 35 undefined on input line 
308.

[35]

LaTeX Warning: Reference `eq:am-lich-exist' on page 36 undefined on input line 
325.


LaTeX Warning: Citation `lockhartmccowen1985' on page 36 undefined on input lin
e 331.


LaTeX Warning: Reference `lem:refined-bk' on page 36 undefined on input line 33
3.


LaTeX Warning: Reference `lem:refined-bk' on page 36 undefined on input line 33
6.


LaTeX Warning: Citation `gilbargtrudinger2001' on page 36 undefined on input li
ne 348.

[36]

LaTeX Warning: Reference `thm:lich-exist' on page 37 undefined on input line 36
6.


LaTeX Warning: Reference `lem:refined-bk' on page 37 undefined on input line 36
8.


LaTeX Warning: Reference `prop:alternative-mass' on page 37 undefined on input 
line 370.


LaTeX Warning: Reference `thm:lich-exist' on page 37 undefined on input line 37
5.


LaTeX Warning: Reference `lem:refined-bk' on page 37 undefined on input line 37
5.


LaTeX Warning: Reference `rem:conditional-phi-bound' on page 37 undefined on in
put line 375.


LaTeX Warning: Citation `bartnik1986' on page 37 undefined on input line 385.


LaTeX Warning: Reference `prop:alternative-mass' on page 37 undefined on input 
line 386.


LaTeX Warning: Reference `app:supersolution' on page 37 undefined on input line
 386.


LaTeX Warning: Citation `hankhuri2013' on page 37 undefined on input line 388.


LaTeX Warning: Reference `lem:phi-bound' on page 37 undefined on input line 392
.


LaTeX Warning: Reference `lem:refined-bk' on page 37 undefined on input line 39
2.


LaTeX Warning: Reference `lem:refined-bk' on page 37 undefined on input line 39
4.


LaTeX Warning: Reference `lem:refined-bk' on page 37 undefined on input line 39
9.


LaTeX Warning: Reference `thm:main' on page 37 undefined on input line 405.


LaTeX Warning: Reference `prop:alternative-mass' on page 37 undefined on input 
line 405.


LaTeX Warning: Reference `thm:main' on page 37 undefined on input line 405.


LaTeX Warning: Reference `rem:sign-verification' on page 37 undefined on input 
line 413.

[37]

LaTeX Warning: Reference `lem:phi-bound' on page 38 undefined on input line 414
.


LaTeX Warning: Reference `lem:refined-bk' on page 38 undefined on input line 41
6.


LaTeX Warning: Reference `prop:alternative-mass' on page 38 undefined on input 
line 417.


LaTeX Warning: Reference `app:supersolution' on page 38 undefined on input line
 417.


LaTeX Warning: Reference `prop:alternative-mass' on page 38 undefined on input 
line 420.


LaTeX Warning: Reference `thm:main' on page 38 undefined on input line 420.


LaTeX Warning: Reference `subsec:critical-estimates-appendix' on page 38 undefi
ned on input line 420.

) (sec06-amo.tex

LaTeX Warning: Citation `amo2022' on page 38 undefined on input line 13.


LaTeX Warning: Citation `tolksdorf1984' on page 38 undefined on input line 21.


LaTeX Warning: Citation `heinonen1993' on page 38 undefined on input line 25.


LaTeX Warning: Citation `manfredi1988' on page 38 undefined on input line 25.

[38]

LaTeX Warning: Citation `tolksdorf1984' on page 39 undefined on input line 46.


LaTeX Warning: Citation `heinonen1993' on page 39 undefined on input line 52.


LaTeX Warning: Reference `rem:p-harmonic-regularity' on page 39 undefined on in
put line 52.


LaTeX Warning: Citation `morecamping1980' on page 39 undefined on input line 68
.

[39]

LaTeX Warning: Citation `dain2011' on page 40 undefined on input line 75.


LaTeX Warning: Reference `rem:p-harmonic-regularity' on page 40 undefined on in
put line 90.


LaTeX Warning: Reference `rem:p-harmonic-regularity' on page 40 undefined on in
put line 114.


LaTeX Warning: Reference `rem:cylindrical-regularity' on page 40 undefined on i
nput line 117.


LaTeX Warning: Reference `thm:main' on page 40 undefined on input line 120.

[40]

LaTeX Warning: Reference `lem:homology' on page 41 undefined on input line 128.



LaTeX Warning: Reference `thm:J-conserve' on page 41 undefined on input line 13
2.


LaTeX Warning: Reference `thm:J-conserve' on page 41 undefined on input line 14
4.


LaTeX Warning: Reference `thm:subext' on page 41 undefined on input line 146.


LaTeX Warning: Reference `lem:willmore-bound' on page 41 undefined on input lin
e 146.

[41]

LaTeX Warning: Citation `LiYau1982' on page 42 undefined on input line 203.


LaTeX Warning: Citation `amo2022' on page 42 undefined on input line 212.


LaTeX Warning: Citation `amo2022' on page 42 undefined on input line 218.


LaTeX Warning: Reference `lem:mots-boundary' on page 42 undefined on input line
 224.

[42]

LaTeX Warning: Citation `huisken2001' on page 43 undefined on input line 246.


LaTeX Warning: Citation `amo2022' on page 43 undefined on input line 246.

[43]

LaTeX Warning: Reference `lem:phi-bound' on page 44 undefined on input line 270
.


LaTeX Warning: Reference `lem:homology' on page 44 undefined on input line 287.



LaTeX Warning: Reference `thm:J-conserve' on page 44 undefined on input line 29
1.

[44]

LaTeX Warning: Reference `thm:J-conserve' on page 45 undefined on input line 29
8.


LaTeX Warning: Reference `eq:key-coclosed' on page 45 undefined on input line 3
05.

[45] [46] [47]

LaTeX Warning: Reference `eq:div-beta' on page 48 undefined on input line 475.

[48] [49] [50]

LaTeX Warning: Reference `rem:vacuum-critical' on page 51 undefined on input li
ne 579.

[51]

LaTeX Warning: Citation `gabachclement2015' on page 52 undefined on input line 
611.


LaTeX Warning: Citation `amo2022' on page 52 undefined on input line 637.

[52]

LaTeX Warning: Reference `eq:p-harmonic-expanded' on page 53 undefined on input
 line 706.

[53]

LaTeX Warning: Reference `thm:lich-exist' on page 54 undefined on input line 71
4.


LaTeX Warning: Reference `eq:amo-formula-derived' on page 54 undefined on input
 line 717.


LaTeX Warning: Citation `amo2022' on page 54 undefined on input line 725.


LaTeX Warning: Reference `thm:main' on page 54 undefined on input line 737.


LaTeX Warning: Reference `thm:lich-exist' on page 54 undefined on input line 74
3.


LaTeX Warning: Reference `lem:homology' on page 54 undefined on input line 744.



LaTeX Warning: Reference `thm:main' on page 54 undefined on input line 745.


LaTeX Warning: Reference `thm:subext' on page 54 undefined on input line 746.


LaTeX Warning: Reference `rem:cylindrical-regularity' on page 54 undefined on i
nput line 747.


LaTeX Warning: Reference `lem:homology' on page 54 undefined on input line 748.



LaTeX Warning: Reference `thm:lich-exist' on page 54 undefined on input line 75
6.

[54]

LaTeX Warning: Reference `lem:mots-boundary' on page 55 undefined on input line
 777.


LaTeX Warning: Reference `lem:adm-convergence' on page 55 undefined on input li
ne 795.


LaTeX Warning: Citation `amo2022' on page 55 undefined on input line 799.


LaTeX Warning: Reference `thm:monotone' on page 55 undefined on input line 809.



LaTeX Warning: Reference `thm:main' on page 55 undefined on input line 813.

[55]

LaTeX Warning: Citation `rudin1976' on page 56 undefined on input line 830.


LaTeX Warning: Reference `rem:distributional-rigor' on page 56 undefined on inp
ut line 830.


LaTeX Warning: Reference `rem:p-constants' on page 56 undefined on input line 8
30.


LaTeX Warning: Reference `thm:J-conserve' on page 56 undefined on input line 84
6.

[56]

LaTeX Warning: Citation `amo2022' on page 57 undefined on input line 869.


LaTeX Warning: Citation `huisken2001' on page 57 undefined on input line 887.


LaTeX Warning: Citation `amo2022' on page 57 undefined on input line 901.


LaTeX Warning: Citation `amo2022' on page 57 undefined on input line 911.


LaTeX Warning: Reference `eq:mH2-lower' on page 57 undefined on input line 914.


[57]

LaTeX Warning: Reference `eq:geroch-am' on page 58 undefined on input line 925.



LaTeX Warning: Citation `amo2022' on page 58 undefined on input line 932.


LaTeX Warning: Citation `amo2022' on page 58 undefined on input line 938.


LaTeX Warning: Reference `prop:amo-formula' on page 58 undefined on input line 
944.


LaTeX Warning: Reference `eq:amo-simplified' on page 58 undefined on input line
 957.

[58]

LaTeX Warning: Reference `eq:amo-simplified' on page 59 undefined on input line
 988.


LaTeX Warning: Citation `simonwillmore1993' on page 59 undefined on input line 
996.


LaTeX Warning: Reference `lem:bounded-geometry' on page 59 undefined on input l
ine 1000.


LaTeX Warning: Reference `lem:bounded-geometry' on page 59 undefined on input l
ine 1004.


LaTeX Warning: Reference `eq:subext-factor' on page 59 undefined on input line 
1018.

[59]

LaTeX Warning: Citation `amo2022' on page 60 undefined on input line 1050.


LaTeX Warning: Citation `amo2022' on page 60 undefined on input line 1055.


LaTeX Warning: Citation `amo2022' on page 60 undefined on input line 1072.

[60]

LaTeX Warning: Reference `lem:mots-boundary' on page 61 undefined on input line
 1088.


LaTeX Warning: Reference `eq:geroch-am-final' on page 61 undefined on input lin
e 1090.


LaTeX Warning: Reference `eq:geroch-am-final' on page 61 undefined on input lin
e 1091.


LaTeX Warning: Reference `thm:monotone' on page 61 undefined on input line 1096
.


LaTeX Warning: Reference `thm:subext' on page 61 undefined on input line 1096.


LaTeX Warning: Reference `thm:subext' on page 61 undefined on input line 1096.


LaTeX Warning: Citation `dain2011' on page 61 undefined on input line 1099.

[61]

LaTeX Warning: Reference `eq:geroch-am' on page 62 undefined on input line 1130
.


LaTeX Warning: Reference `thm:J-conserve' on page 62 undefined on input line 11
40.


LaTeX Warning: Citation `amo2022' on page 62 undefined on input line 1142.


LaTeX Warning: Reference `prop:amo-formula' on page 62 undefined on input line 
1148.


LaTeX Warning: Citation `amo2022' on page 62 undefined on input line 1165.

[62]

LaTeX Warning: Reference `eq:mH-lower-amo' on page 63 undefined on input line 1
171.


LaTeX Warning: Reference `eq:area-deriv-direct' on page 63 undefined on input l
ine 1171.


LaTeX Warning: Reference `eq:mHJ-deriv-direct' on page 63 undefined on input li
ne 1171.


LaTeX Warning: Reference `prop:amo-formula' on page 63 undefined on input line 
1200.


LaTeX Warning: Citation `dain2011' on page 63 undefined on input line 1202.


LaTeX Warning: Citation `dain2011' on page 63 undefined on input line 1208.

[63]

LaTeX Warning: Reference `eq:geroch-am' on page 64 undefined on input line 1237
.


LaTeX Warning: Reference `thm:monotone' on page 64 undefined on input line 1241
.


LaTeX Warning: Reference `eq:A-prime' on page 64 undefined on input line 1243.


LaTeX Warning: Reference `eq:mH2-lower' on page 64 undefined on input line 1244
.


LaTeX Warning: Citation `amo2022' on page 64 undefined on input line 1249.


LaTeX Warning: Citation `amo2022' on page 64 undefined on input line 1249.


LaTeX Warning: Reference `thm:J-conserve' on page 64 undefined on input line 12
52.


LaTeX Warning: Citation `dain2011' on page 64 undefined on input line 1253.

[64]

LaTeX Warning: Citation `miao2002' on page 65 undefined on input line 1259.


LaTeX Warning: Citation `huisken2001' on page 65 undefined on input line 1259.


LaTeX Warning: Citation `amo2022' on page 65 undefined on input line 1261.


LaTeX Warning: Reference `lem:uniform-p-estimates' on page 65 undefined on inpu
t line 1267.


LaTeX Warning: Reference `thm:uniform-monotonicity' on page 65 undefined on inp
ut line 1268.


LaTeX Warning: Reference `thm:main' on page 65 undefined on input line 1273.


LaTeX Warning: Reference `thm:uniform-monotonicity' on page 65 undefined on inp
ut line 1284.


LaTeX Warning: Reference `lem:uniform-p-estimates' on page 65 undefined on inpu
t line 1292.


LaTeX Warning: Reference `lem:gradient-lower-bound' on page 65 undefined on inp
ut line 1295.

[65]

LaTeX Warning: Reference `thm:subext' on page 66 undefined on input line 1316.


LaTeX Warning: Reference `eq:uniform-monotonicity-bound' on page 66 undefined o
n input line 1324.


LaTeX Warning: Reference `thm:uniform-monotonicity' on page 66 undefined on inp
ut line 1327.


LaTeX Warning: Reference `eq:uniform-monotonicity-bound' on page 66 undefined o
n input line 1331.


LaTeX Warning: Citation `miao2002' on page 66 undefined on input line 1346.

[66]

LaTeX Warning: Reference `thm:jang-exist' on page 67 undefined on input line 13
55.


LaTeX Warning: Citation `miao2002' on page 67 undefined on input line 1382.


LaTeX Warning: Citation `tolksdorf1984' on page 67 undefined on input line 1393
.

[67]

LaTeX Warning: Citation `lieberman1988' on page 68 undefined on input line 1439
.


LaTeX Warning: Citation `lieberman1988' on page 68 undefined on input line 1451
.


LaTeX Warning: Citation `lieberman1988' on page 68 undefined on input line 1456
.

[68]

LaTeX Warning: Citation `dibenedetto1993' on page 69 undefined on input line 14
66.


Underfull \hbox (badness 4673) in paragraph at lines 1492--1494
\T1/cmr/m/n/10.95 The con-stant $\OML/cmm/m/it/10.95 c[]\OT1/cmr/m/n/10.95 (\OM
L/cmm/m/it/10.95 ^^N; []\OT1/cmr/m/n/10.95 )$ \T1/cmr/m/n/10.95 can be com-pute
d from the Har-nack con-stant: $\OML/cmm/m/it/10.95 c[] \OMS/cmsy/m/n/10.95 ^^U

 []

[69]

LaTeX Warning: Citation `tolksdorf1984' on page 70 undefined on input line 1520
.


LaTeX Warning: Citation `serrin1964' on page 70 undefined on input line 1521.


LaTeX Warning: Citation `lieberman1988' on page 70 undefined on input line 1522
.


LaTeX Warning: Citation `dibenedetto1993' on page 70 undefined on input line 15
23.


LaTeX Warning: Reference `lem:uniform-p-estimates' on page 70 undefined on inpu
t line 1530.


LaTeX Warning: Reference `lem:gradient-lower-bound' on page 70 undefined on inp
ut line 1531.


LaTeX Warning: Reference `lem:gradient-lower-bound' on page 70 undefined on inp
ut line 1532.


LaTeX Warning: Citation `tolksdorf1984' on page 70 undefined on input line 1534
.


LaTeX Warning: Reference `rem:distributional-rigor' on page 70 undefined on inp
ut line 1534.


LaTeX Warning: Citation `heinonen1993' on page 70 undefined on input line 1548.



LaTeX Warning: Citation `manfredi1988' on page 70 undefined on input line 1548.



LaTeX Warning: Citation `serrin1964' on page 70 undefined on input line 1552.

[70]

LaTeX Warning: Citation `heinonen1993' on page 71 undefined on input line 1570.



LaTeX Warning: Citation `manfredi1988' on page 71 undefined on input line 1576.



LaTeX Warning: Citation `heinonen1993' on page 71 undefined on input line 1578.



LaTeX Warning: Citation `aronssonlindqvist1988' on page 71 undefined on input l
ine 1584.


LaTeX Warning: Citation `sternberg1992' on page 71 undefined on input line 1590
.

[71]

LaTeX Warning: Citation `aronssonlindqvist1988' on page 72 undefined on input l
ine 1599.


LaTeX Warning: Citation `manfredi1988' on page 72 undefined on input line 1603.



LaTeX Warning: Reference `lem:uniform-p-estimates' on page 72 undefined on inpu
t line 1604.


LaTeX Warning: Reference `thm:monotone' on page 72 undefined on input line 1611
.


LaTeX Warning: Reference `rem:p-harmonic-regularity' on page 72 undefined on in
put line 1619.

[72]

LaTeX Warning: Citation `heinonen1993' on page 73 undefined on input line 1636.



LaTeX Warning: Reference `lem:gradient-lower-bound' on page 73 undefined on inp
ut line 1644.


LaTeX Warning: Reference `lem:gradient-lower-bound' on page 73 undefined on inp
ut line 1655.


LaTeX Warning: Reference `lem:uniform-p-estimates' on page 73 undefined on inpu
t line 1663.


LaTeX Warning: Reference `lem:gradient-lower-bound' on page 73 undefined on inp
ut line 1663.

[73]

LaTeX Warning: Citation `tolksdorf1984' on page 74 undefined on input line 1686
.


LaTeX Warning: Reference `lem:uniform-p-estimates' on page 74 undefined on inpu
t line 1690.


LaTeX Warning: Reference `lem:gradient-lower-bound' on page 74 undefined on inp
ut line 1690.


LaTeX Warning: Reference `lem:uniform-p-estimates' on page 74 undefined on inpu
t line 1692.


LaTeX Warning: Reference `lem:gradient-lower-bound' on page 74 undefined on inp
ut line 1693.

[74]

LaTeX Warning: Citation `tolksdorf1984' on page 75 undefined on input line 1729
.


LaTeX Warning: Reference `lem:gradient-lower-bound' on page 75 undefined on inp
ut line 1733.


LaTeX Warning: Citation `dibenedetto1993' on page 75 undefined on input line 17
35.


LaTeX Warning: Citation `naber_valtorta2017' on page 75 undefined on input line
 1753.


LaTeX Warning: Citation `hardt_simon1989' on page 75 undefined on input line 17
53.

[75]

LaTeX Warning: Reference `lem:uniform-p-estimates' on page 76 undefined on inpu
t line 1794.


LaTeX Warning: Reference `lem:gradient-lower-bound' on page 76 undefined on inp
ut line 1796.

[76]

LaTeX Warning: Reference `lem:gradient-lower-bound' on page 77 undefined on inp
ut line 1847.


LaTeX Warning: Reference `lem:uniform-p-estimates' on page 77 undefined on inpu
t line 1847.


LaTeX Warning: Citation `heinonen1993' on page 77 undefined on input line 1847.



LaTeX Warning: Reference `lem:gradient-lower-bound' on page 77 undefined on inp
ut line 1847.


LaTeX Warning: Reference `lem:uniform-p-estimates' on page 77 undefined on inpu
t line 1855.


LaTeX Warning: Reference `lem:gradient-lower-bound' on page 77 undefined on inp
ut line 1855.


LaTeX Warning: Reference `rem:ae-vs-all' on page 77 undefined on input line 185
5.


LaTeX Warning: Reference `rem:p-constants' on page 77 undefined on input line 1
855.


LaTeX Warning: Reference `thm:limit-passage' on page 77 undefined on input line
 1855.


LaTeX Warning: Reference `thm:main' on page 77 undefined on input line 1865.

[77]

LaTeX Warning: Reference `thm:monotone' on page 78 undefined on input line 1877
.


LaTeX Warning: Citation `dain2011' on page 78 undefined on input line 1887.


LaTeX Warning: Citation `gabachclement2015' on page 78 undefined on input line 
1887.


LaTeX Warning: Citation `amo2022' on page 78 undefined on input line 1898.


LaTeX Warning: Reference `lem:phi-bound' on page 78 undefined on input line 191
2.


LaTeX Warning: Reference `thm:jang-exist' on page 78 undefined on input line 19
12.

) (sec07-subextremality.tex [78]

LaTeX Warning: Reference `sec:jang' on page 79 undefined on input line 9.


LaTeX Warning: Reference `sec:lichnerowicz' on page 79 undefined on input line 
10.


LaTeX Warning: Reference `sec:amo' on page 79 undefined on input line 11.


LaTeX Warning: Reference `thm:J-conserve' on page 79 undefined on input line 12
.


LaTeX Warning: Reference `sec:amo' on page 79 undefined on input line 12.


LaTeX Warning: Citation `dain2011' on page 79 undefined on input line 17.


LaTeX Warning: Citation `dain2011' on page 79 undefined on input line 32.


LaTeX Warning: Citation `dain2011' on page 79 undefined on input line 50.

[79]

LaTeX Warning: Citation `dain2011' on page 80 undefined on input line 54.


LaTeX Warning: Reference `lem:mots-axis' on page 80 undefined on input line 59.



LaTeX Warning: Reference `thm:main' on page 80 undefined on input line 62.


LaTeX Warning: Citation `gallowayschoen2006' on page 80 undefined on input line
 64.


LaTeX Warning: Reference `thm:main' on page 80 undefined on input line 65.


LaTeX Warning: Reference `thm:main' on page 80 undefined on input line 66.


LaTeX Warning: Reference `lem:mots-axis' on page 80 undefined on input line 67.



LaTeX Warning: Reference `lem:twist-bound-poles' on page 80 undefined on input 
line 67.


LaTeX Warning: Citation `dain2011' on page 80 undefined on input line 74.


LaTeX Warning: Citation `dain2008' on page 80 undefined on input line 81.


LaTeX Warning: Citation `dain2011' on page 80 undefined on input line 91.


LaTeX Warning: Citation `dain2011' on page 80 undefined on input line 94.


LaTeX Warning: Reference `thm:J-conserve' on page 80 undefined on input line 96
.


LaTeX Warning: Reference `prop:amo-formula' on page 80 undefined on input line 
100.

[80]

LaTeX Warning: Reference `thm:lich-exist' on page 81 undefined on input line 10
6.


LaTeX Warning: Reference `eq:amo-formula-subext' on page 81 undefined on input 
line 114.


LaTeX Warning: Citation `amo2022' on page 81 undefined on input line 114.


LaTeX Warning: Reference `prop:amo-formula' on page 81 undefined on input line 
114.


LaTeX Warning: Reference `thm:monotone' on page 81 undefined on input line 134.



LaTeX Warning: Citation `dain2011' on page 81 undefined on input line 143.

[81]

LaTeX Warning: Reference `thm:jang-exist' on page 82 undefined on input line 15
0.


LaTeX Warning: Reference `thm:subext' on page 82 undefined on input line 152.


LaTeX Warning: Citation `dain2011' on page 82 undefined on input line 152.


LaTeX Warning: Reference `thm:jang-exist' on page 82 undefined on input line 15
4.


LaTeX Warning: Reference `thm:monotone' on page 82 undefined on input line 157.



LaTeX Warning: Citation `anderssonmetzger2009' on page 82 undefined on input li
ne 159.


LaTeX Warning: Citation `dain2011' on page 82 undefined on input line 171.


LaTeX Warning: Reference `thm:J-conserve' on page 82 undefined on input line 17
3.


LaTeX Warning: Citation `amo2022' on page 82 undefined on input line 175.

[82]) (sec08-synthesis.tex

LaTeX Warning: Reference `thm:main' on page 83 undefined on input line 16.


LaTeX Warning: Reference `thm:jang-exist' on page 83 undefined on input line 19
.


LaTeX Warning: Reference `thm:lich-exist' on page 83 undefined on input line 19
.


LaTeX Warning: Reference `thm:J-conserve' on page 83 undefined on input line 19
.


LaTeX Warning: Reference `thm:subext' on page 83 undefined on input line 19.


LaTeX Warning: Reference `thm:monotone' on page 83 undefined on input line 19.


LaTeX Warning: Reference `thm:jang-exist' on page 83 undefined on input line 44
.

[83]

LaTeX Warning: Reference `thm:lich-exist' on page 84 undefined on input line 76
.


LaTeX Warning: Reference `lem:phi-bound' on page 84 undefined on input line 88.


[84]

LaTeX Warning: Reference `thm:lich-exist' on page 85 undefined on input line 15
2.

[85]

LaTeX Warning: Reference `lem:mots-boundary' on page 86 undefined on input line
 181.


LaTeX Warning: Reference `lem:area-conformal' on page 86 undefined on input lin
e 181.


LaTeX Warning: Reference `thm:jang-exist' on page 86 undefined on input line 18
9.


LaTeX Warning: Reference `thm:lich-exist' on page 86 undefined on input line 19
1.


LaTeX Warning: Reference `lem:phi-bound' on page 86 undefined on input line 191
.


LaTeX Warning: Citation `heinonen1993' on page 86 undefined on input line 195.


LaTeX Warning: Citation `tolksdorf1984' on page 86 undefined on input line 195.


[86]

LaTeX Warning: Citation `amo2022' on page 87 undefined on input line 197.


LaTeX Warning: Reference `lem:mots-boundary' on page 87 undefined on input line
 202.


LaTeX Warning: Reference `lem:area-conformal' on page 87 undefined on input lin
e 202.


LaTeX Warning: Reference `lem:mots-boundary' on page 87 undefined on input line
 209.


LaTeX Warning: Reference `lem:area-conformal' on page 87 undefined on input lin
e 209.


LaTeX Warning: Citation `amo2022' on page 87 undefined on input line 228.


LaTeX Warning: Reference `thm:J-conserve' on page 87 undefined on input line 23
7.

[87]

LaTeX Warning: Reference `lem:phi-bound' on page 88 undefined on input line 248
.

) (sec09-rigidity.tex

LaTeX Warning: Reference `eq:main' on page 88 undefined on input line 5.


LaTeX Warning: Citation `carter1971' on page 88 undefined on input line 9.


LaTeX Warning: Citation `robinson1975' on page 88 undefined on input line 9.


LaTeX Warning: Citation `mars2009' on page 88 undefined on input line 26.


LaTeX Warning: Reference `thm:main' on page 88 undefined on input line 35.


LaTeX Warning: Reference `thm:monotone' on page 88 undefined on input line 35.

[88]

LaTeX Warning: Reference `eq:geroch-am' on page 89 undefined on input line 44.


LaTeX Warning: Citation `dain2011' on page 89 undefined on input line 52.

[89]

LaTeX Warning: Reference `eq:am-lich' on page 90 undefined on input line 94.


LaTeX Warning: Reference `def:Lambda-J' on page 90 undefined on input line 98.


LaTeX Warning: Reference `def:Lambda-J' on page 90 undefined on input line 114.



LaTeX Warning: Citation `mars2009' on page 90 undefined on input line 114.


LaTeX Warning: Citation `mars2009' on page 90 undefined on input line 129.

[90]

LaTeX Warning: Citation `mars2009' on page 91 undefined on input line 144.


LaTeX Warning: Reference `thm:main' on page 91 undefined on input line 146.


LaTeX Warning: Reference `def:kerr-deviation-general' on page 91 undefined on i
nput line 150.


LaTeX Warning: Reference `app:mars-simon' on page 91 undefined on input line 15
0.


LaTeX Warning: Citation `mars2009' on page 91 undefined on input line 157.


LaTeX Warning: Citation `backdahl2010a' on page 91 undefined on input line 180.



LaTeX Warning: Citation `backdahl2016' on page 91 undefined on input line 180.

[91]

LaTeX Warning: Citation `backdahl2010a' on page 92 undefined on input line 186.



LaTeX Warning: Citation `backdahl2010a' on page 92 undefined on input line 189.



LaTeX Warning: Reference `def:Lambda-J' on page 92 undefined on input line 190.



LaTeX Warning: Citation `carter1971' on page 92 undefined on input line 192.


LaTeX Warning: Citation `robinson1975' on page 92 undefined on input line 192.


LaTeX Warning: Citation `mars1999' on page 92 undefined on input line 198.


LaTeX Warning: Citation `mars2009' on page 92 undefined on input line 198.


LaTeX Warning: Citation `mars1999' on page 92 undefined on input line 207.


LaTeX Warning: Citation `mars2009' on page 92 undefined on input line 207.


LaTeX Warning: Citation `mars1999' on page 92 undefined on input line 231.


LaTeX Warning: Citation `mars2009' on page 92 undefined on input line 232.


LaTeX Warning: Citation `choquetbruhat1969' on page 92 undefined on input line 
233.


LaTeX Warning: Citation `ionescuklainerman2009' on page 92 undefined on input l
ine 234.


LaTeX Warning: Citation `anderssonmarssimonfaller2008' on page 92 undefined on 
input line 235.

[92]

LaTeX Warning: Reference `lem:lambda-translation' on page 93 undefined on input
 line 242.


LaTeX Warning: Reference `thm:main' on page 93 undefined on input line 253.


LaTeX Warning: Citation `anderssonmarssimonfaller2008' on page 93 undefined on 
input line 258.


LaTeX Warning: Citation `gallowayschoen2006' on page 93 undefined on input line
 265.


LaTeX Warning: Citation `wald1984' on page 93 undefined on input line 269.


LaTeX Warning: Citation `anderssonmars2007' on page 93 undefined on input line 
274.


LaTeX Warning: Citation `moncrief1975' on page 93 undefined on input line 279.

[93]

LaTeX Warning: Reference `thm:CC' on page 94 undefined on input line 291.


LaTeX Warning: Citation `choquetbruhat1969' on page 94 undefined on input line 
291.


LaTeX Warning: Reference `lem:lambda-translation' on page 94 undefined on input
 line 297.


LaTeX Warning: Citation `mars1999' on page 94 undefined on input line 298.


LaTeX Warning: Citation `mars2009' on page 94 undefined on input line 298.


LaTeX Warning: Citation `ionescuklainerman2009' on page 94 undefined on input l
ine 300.


LaTeX Warning: Reference `thm:CC' on page 94 undefined on input line 307.


LaTeX Warning: Reference `thm:CC' on page 94 undefined on input line 309.


LaTeX Warning: Reference `thm:main' on page 94 undefined on input line 311.


LaTeX Warning: Reference `def:kerr-deviation-general' on page 94 undefined on i
nput line 312.


LaTeX Warning: Reference `thm:CC' on page 94 undefined on input line 316.

[94]

LaTeX Warning: Reference `thm:CC' on page 95 undefined on input line 319.


LaTeX Warning: Reference `thm:kerr' on page 95 undefined on input line 323.


LaTeX Warning: Citation `dain2012' on page 95 undefined on input line 331.


LaTeX Warning: Reference `thm:main' on page 95 undefined on input line 337.


LaTeX Warning: Reference `lem:lambda-translation' on page 95 undefined on input
 line 350.

) (sec10-extensions.tex

LaTeX Warning: Reference `thm:main' on page 95 undefined on input line 4.

[95]

LaTeX Warning: Citation `mars2009' on page 96 undefined on input line 8.


LaTeX Warning: Citation `khuri2015charged' on page 96 undefined on input line 8
.


Underfull \hbox (badness 1033) in paragraph at lines 13--14
[]\T1/cmr/bx/n/10.95 Definition 10.1 \T1/cmr/m/n/10.95 (Ein-stein---Maxwell Ini
-tial Data)\T1/cmr/bx/n/10.95 . []\T1/cmr/m/n/10.95 An Einstein--Maxwell ini-ti
al data set
 []


LaTeX Warning: Reference `thm:charged-penrose' on page 96 undefined on input li
ne 54.


LaTeX Warning: Reference `eq:charged-penrose-main' on page 96 undefined on inpu
t line 55.


LaTeX Warning: Citation `mars2009' on page 96 undefined on input line 55.


LaTeX Warning: Citation `khuri2015charged' on page 96 undefined on input line 5
5.


LaTeX Warning: Reference `thm:main' on page 96 undefined on input line 57.

[96]

LaTeX Warning: Reference `thm:main' on page 97 undefined on input line 59.


LaTeX Warning: Reference `thm:charged-penrose' on page 97 undefined on input li
ne 59.


LaTeX Warning: Citation `mars2009' on page 97 undefined on input line 59.


LaTeX Warning: Citation `khuri2015charged' on page 97 undefined on input line 5
9.


LaTeX Warning: Reference `eq:charged-penrose-main' on page 97 undefined on inpu
t line 63.


LaTeX Warning: Reference `eq:charged-penrose-squared' on page 97 undefined on i
nput line 63.


LaTeX Warning: Reference `eq:charged-penrose-main' on page 97 undefined on inpu
t line 71.

[97]

LaTeX Warning: Reference `eq:charged-penrose-squared' on page 98 undefined on i
nput line 115.


LaTeX Warning: Reference `thm:charged-penrose' on page 98 undefined on input li
ne 137.


LaTeX Warning: Reference `sec:proof-outline' on page 98 undefined on input line
 138.


LaTeX Warning: Citation `hankhuri2013' on page 98 undefined on input line 146.

[98]

LaTeX Warning: Reference `eq:lich-charged' on page 99 undefined on input line 1
72.


LaTeX Warning: Reference `thm:lich-exist' on page 99 undefined on input line 18
1.


LaTeX Warning: Citation `lockhartmccowen1985' on page 99 undefined on input lin
e 186.


LaTeX Warning: Citation `khuri2017' on page 99 undefined on input line 224.

[99]

LaTeX Warning: Reference `lem:charge-conserve' on page 100 undefined on input l
ine 245.


LaTeX Warning: Reference `thm:amo-mono' on page 100 undefined on input line 251
.


LaTeX Warning: Reference `lem:area-charge-subext' on page 100 undefined on inpu
t line 253.

[100]

LaTeX Warning: Reference `eq:charged-penrose-main' on page 101 undefined on inp
ut line 312.


LaTeX Warning: Reference `eq:charged-penrose-squared' on page 101 undefined on 
input line 314.


LaTeX Warning: Reference `thm:rigidity' on page 101 undefined on input line 331
.


LaTeX Warning: Citation `jangwald1977' on page 101 undefined on input line 338.


[101]

LaTeX Warning: Citation `mars2009' on page 102 undefined on input line 339.


LaTeX Warning: Citation `khuri2017' on page 102 undefined on input line 340.


LaTeX Warning: Reference `thm:charged-penrose' on page 102 undefined on input l
ine 346.


LaTeX Warning: Reference `lem:lich-charged-exist' on page 102 undefined on inpu
t line 349.


LaTeX Warning: Reference `thm:rigidity' on page 102 undefined on input line 353
.


LaTeX Warning: Reference `thm:charged-penrose' on page 102 undefined on input l
ine 356.


LaTeX Warning: Citation `khuri2015charged' on page 102 undefined on input line 
356.


LaTeX Warning: Citation `mars2009' on page 102 undefined on input line 356.


LaTeX Warning: Reference `thm:charged-penrose' on page 102 undefined on input l
ine 360.


LaTeX Warning: Reference `lem:area-charge-subext' on page 102 undefined on inpu
t line 378.

[102]

LaTeX Warning: Reference `thm:J-conserve' on page 103 undefined on input line 4
04.


LaTeX Warning: Reference `eq:no-j-phi' on page 103 undefined on input line 420.


[103]

LaTeX Warning: Reference `thm:amo-mono' on page 104 undefined on input line 467
.


LaTeX Warning: Reference `thm:main' on page 104 undefined on input line 480.


LaTeX Warning: Reference `thm:main' on page 104 undefined on input line 492.

[104]

LaTeX Warning: Reference `thm:main' on page 105 undefined on input line 510.


LaTeX Warning: Reference `thm:main' on page 105 undefined on input line 523.

[105]

LaTeX Warning: Reference `thm:main' on page 106 undefined on input line 562.


LaTeX Warning: Reference `thm:charged-penrose' on page 106 undefined on input l
ine 562.


LaTeX Warning: Reference `thm:subext' on page 106 undefined on input line 586.


LaTeX Warning: Reference `thm:area-J' on page 106 undefined on input line 594.


LaTeX Warning: Reference `thm:main' on page 106 undefined on input line 600.

[106] [107]

LaTeX Warning: Citation `pretorius2005' on page 108 undefined on input line 663
.


LaTeX Warning: Citation `sxs2019' on page 108 undefined on input line 663.


LaTeX Warning: Citation `schnetter2006' on page 108 undefined on input line 669
.


LaTeX Warning: Citation `gw150914' on page 108 undefined on input line 671.


LaTeX Warning: Citation `choptuik1993' on page 108 undefined on input line 673.



LaTeX Warning: Citation `wangyau2009' on page 108 undefined on input line 708.

[108]

LaTeX Warning: Reference `eq:mass-charge' on page 109 undefined on input line 7
55.

[109]
Underfull \hbox (badness 10000) in paragraph at lines 819--820
[]\T1/cmr/m/n/10 Requires ref-er-ence em-bed-ding;
 []

[110] [111] [112]

LaTeX Warning: Reference `conj:universal' on page 113 undefined on input line 9
43.

) (sec13-conclusion.tex

LaTeX Warning: Reference `conj:multi-horizon' on page 113 undefined on input li
ne 18.


LaTeX Warning: Reference `lem:refined-bk' on page 113 undefined on input line 2
7.


LaTeX Warning: Reference `prop:alternative-mass' on page 113 undefined on input
 line 27.

) (sec11-numerical.tex

LaTeX Warning: Reference `thm:main' on page 113 undefined on input line 4.

[113]

LaTeX Warning: Reference `thm:main' on page 114 undefined on input line 22.


LaTeX Warning: Reference `tab:kerr-verification' on page 114 undefined on input
 line 26.

[114] [115]

LaTeX Warning: Citation `bowen1980' on page 116 undefined on input line 142.


LaTeX Warning: Reference `thm:main' on page 116 undefined on input line 167.

[116]) (sec12-technical.tex

LaTeX Warning: Reference `thm:jang-exist' on page 117 undefined on input line 7
.


LaTeX Warning: Citation `hankhuri2013' on page 117 undefined on input line 7.


LaTeX Warning: Citation `lockhartmccowen1985' on page 117 undefined on input li
ne 7.


LaTeX Warning: Reference `thm:lich-exist' on page 117 undefined on input line 9
.


LaTeX Warning: Reference `lem:phi-bound' on page 117 undefined on input line 9.



LaTeX Warning: Reference `thm:amo-mono' on page 117 undefined on input line 11.



LaTeX Warning: Citation `amo2022' on page 117 undefined on input line 11.


LaTeX Warning: Citation `mosco1969' on page 117 undefined on input line 11.


LaTeX Warning: Reference `thm:jang-exist' on page 117 undefined on input line 2
2.


LaTeX Warning: Reference `lem:twist-bound' on page 117 undefined on input line 
22.


LaTeX Warning: Reference `rem:twist-verification-guide' on page 117 undefined o
n input line 32.


LaTeX Warning: Reference `eq:twist-term' on page 117 undefined on input line 34
.


LaTeX Warning: Reference `lem:refined-bk' on page 117 undefined on input line 3
7.


LaTeX Warning: Reference `app:supersolution' on page 117 undefined on input lin
e 47.

[117]

LaTeX Warning: Reference `prop:alternative-mass' on page 118 undefined on input
 line 49.


LaTeX Warning: Reference `thm:jang-exist' on page 118 undefined on input line 6
0.


LaTeX Warning: Reference `thm:lich-exist' on page 118 undefined on input line 6
1.


LaTeX Warning: Reference `thm:monotone' on page 118 undefined on input line 62.



LaTeX Warning: Reference `thm:main' on page 118 undefined on input line 63.


LaTeX Warning: Reference `prop:alternative-mass' on page 118 undefined on input
 line 75.


LaTeX Warning: Reference `prop:alternative-mass' on page 118 undefined on input
 line 75.

[118]

LaTeX Warning: Reference `thm:J-conserve' on page 119 undefined on input line 1
39.

[119]

LaTeX Warning: Reference `def:AF' on page 120 undefined on input line 168.


LaTeX Warning: Reference `thm:lich-exist' on page 120 undefined on input line 1
71.


LaTeX Warning: Citation `bartnik1986' on page 120 undefined on input line 176.


LaTeX Warning: Reference `lem:phi-bound' on page 120 undefined on input line 20
1.


LaTeX Warning: Reference `prop:mass-bound-energy' on page 120 undefined on inpu
t line 209.


LaTeX Warning: Reference `prop:alternative-mass' on page 120 undefined on input
 line 209.


LaTeX Warning: Reference `lem:cylindrical-boundary-vanishing' on page 120 undef
ined on input line 220.


LaTeX Warning: Reference `prop:alternative-mass' on page 120 undefined on input
 line 225.

[120]

LaTeX Warning: Reference `thm:monotone' on page 121 undefined on input line 229
.


LaTeX Warning: Reference `lem:mots-boundary' on page 121 undefined on input lin
e 231.


LaTeX Warning: Reference `lem:adm-convergence' on page 121 undefined on input l
ine 236.


LaTeX Warning: Reference `thm:monotone' on page 121 undefined on input line 241
.


LaTeX Warning: Reference `prop:alternative-mass' on page 121 undefined on input
 line 252.


LaTeX Warning: Reference `lem:cylindrical-boundary-vanishing' on page 121 undef
ined on input line 253.


LaTeX Warning: Reference `lem:mots-boundary' on page 121 undefined on input lin
e 254.


LaTeX Warning: Reference `lem:adm-convergence' on page 121 undefined on input l
ine 255.

) (app01-amo-estimates.tex

LaTeX Warning: Citation `amo2022' on page 121 undefined on input line 4.


LaTeX Warning: Reference `thm:monotone' on page 121 undefined on input line 4.


LaTeX Warning: Citation `amo2022' on page 121 undefined on input line 4.


LaTeX Warning: Citation `amo2022' on page 121 undefined on input line 20.


LaTeX Warning: Reference `thm:main' on page 121 undefined on input line 21.

[121]

LaTeX Warning: Citation `amo2022' on page 122 undefined on input line 34.


LaTeX Warning: Citation `amo2022' on page 122 undefined on input line 45.


LaTeX Warning: Reference `eq:amo-key-bound' on page 122 undefined on input line
 66.


LaTeX Warning: Citation `amo2022' on page 122 undefined on input line 66.


LaTeX Warning: Reference `thm:J-conserve' on page 122 undefined on input line 7
2.


LaTeX Warning: Reference `eq:amo-key-bound' on page 122 undefined on input line
 79.


LaTeX Warning: Reference `eq:area-deriv-app' on page 122 undefined on input lin
e 79.


LaTeX Warning: Reference `thm:monotone' on page 122 undefined on input line 79.


[122]

LaTeX Warning: Citation `huisken2001' on page 123 undefined on input line 83.

) (app02-schauder.tex

LaTeX Warning: Reference `eq:twist-term' on page 123 undefined on input line 12
.

[123]

LaTeX Warning: Reference `eq:twist-term' on page 124 undefined on input line 40
.


LaTeX Warning: Reference `prop:ellipticity-nondegen' on page 124 undefined on i
nput line 66.


LaTeX Warning: Citation `serrin1964' on page 124 undefined on input line 76.


LaTeX Warning: Citation `gilbargtrudinger2001' on page 124 undefined on input l
ine 83.


LaTeX Warning: Reference `eq:schauder-interior' on page 124 undefined on input 
line 87.

[124]

LaTeX Warning: Reference `eq:axi-jang-full' on page 125 undefined on input line
 93.


LaTeX Warning: Reference `prop:ellipticity-nondegen' on page 125 undefined on i
nput line 105.


LaTeX Warning: Reference `lem:perturbation-stability' on page 125 undefined on 
input line 105.


LaTeX Warning: Reference `thm:schauder-interior' on page 125 undefined on input
 line 107.


LaTeX Warning: Reference `sec:jang' on page 125 undefined on input line 107.


LaTeX Warning: Citation `hankhuri2013' on page 125 undefined on input line 109.



LaTeX Warning: Reference `lem:twist-bound' on page 125 undefined on input line 
114.


LaTeX Warning: Reference `eq:twist-bound-explicit' on page 125 undefined on inp
ut line 117.


LaTeX Warning: Reference `eq:twist-term' on page 125 undefined on input line 12
6.

[125]) (app03-supersolution.tex

LaTeX Warning: Reference `thm:lich-exist' on page 126 undefined on input line 5
.


LaTeX Warning: Reference `rem:supersolution-clarification' on page 126 undefine
d on input line 8.


LaTeX Warning: Reference `eq:am-lich' on page 126 undefined on input line 15.


LaTeX Warning: Citation `hankhuri2013' on page 126 undefined on input line 24.

[126]

LaTeX Warning: Reference `thm:main' on page 127 undefined on input line 54.


LaTeX Warning: Reference `prop:alternative-mass' on page 127 undefined on input
 line 54.


LaTeX Warning: Reference `lem:refined-bk' on page 127 undefined on input line 6
0.


LaTeX Warning: Citation `braykhuri2010' on page 127 undefined on input line 64.



LaTeX Warning: Reference `def:EB-weyl' on page 127 undefined on input line 96.

[127]

LaTeX Warning: Reference `eq:bk-vacuum' on page 128 undefined on input line 105
.


LaTeX Warning: Reference `eq:gauss-weyl' on page 128 undefined on input line 10
5.


LaTeX Warning: Reference `eq:gauss-weyl' on page 128 undefined on input line 12
0.

[128]

LaTeX Warning: Reference `thm:main' on page 129 undefined on input line 165.


LaTeX Warning: Reference `prop:alternative-mass' on page 129 undefined on input
 line 165.


LaTeX Warning: Reference `lem:refined-bk' on page 129 undefined on input line 1
65.


LaTeX Warning: Reference `eq:bk-identity' on page 129 undefined on input line 1
69.


LaTeX Warning: Citation `braykhuri2010' on page 129 undefined on input line 169
.


LaTeX Warning: Reference `eq:gauss-weyl' on page 129 undefined on input line 17
0.


LaTeX Warning: Reference `lem:refined-bk' on page 129 undefined on input line 1
74.


LaTeX Warning: Reference `thm:main' on page 129 undefined on input line 174.


LaTeX Warning: Reference `prop:alternative-mass' on page 129 undefined on input
 line 174.


LaTeX Warning: Reference `lem:refined-bk' on page 129 undefined on input line 1
77.


LaTeX Warning: Citation `bartnik1986' on page 129 undefined on input line 188.


LaTeX Warning: Citation `bartnik1986' on page 129 undefined on input line 196.

[129]

LaTeX Warning: Reference `lem:refined-bk' on page 130 undefined on input line 2
03.


LaTeX Warning: Reference `eq:am-lich' on page 130 undefined on input line 206.


LaTeX Warning: Reference `prop:mass-bound-energy' on page 130 undefined on inpu
t line 246.


LaTeX Warning: Reference `prop:alternative-mass' on page 130 undefined on input
 line 252.


LaTeX Warning: Reference `lem:refined-bk' on page 130 undefined on input line 2
52.

[130]

LaTeX Warning: Reference `thm:main' on page 131 undefined on input line 262.


LaTeX Warning: Reference `lem:refined-bk' on page 131 undefined on input line 2
63.


LaTeX Warning: Reference `thm:main' on page 131 undefined on input line 263.


LaTeX Warning: Reference `thm:monotone' on page 131 undefined on input line 277
.


LaTeX Warning: Reference `thm:monotone' on page 131 undefined on input line 285
.

[131]) (app04-subext-improvement.tex

LaTeX Warning: Reference `thm:J-conserve' on page 132 undefined on input line 1
0.


LaTeX Warning: Reference `sec:amo' on page 132 undefined on input line 20.

) (app05-mars-simon.tex

LaTeX Warning: Reference `def:Lambda-J' on page 132 undefined on input line 4.


LaTeX Warning: Citation `beigchrusciel1996' on page 132 undefined on input line
 6.


LaTeX Warning: Citation `backdahl2010a' on page 132 undefined on input line 6.


LaTeX Warning: Citation `backdahl2010b' on page 132 undefined on input line 6.


LaTeX Warning: Citation `marssenovilla1993' on page 132 undefined on input line
 6.

LaTeX Font Info:    Trying to load font information for U+euf on input line 11.

(C:\Users\Lenovo\AppData\Local\Programs\MiKTeX\tex/latex/amsfonts\ueuf.fd
File: ueuf.fd 2013/01/14 v3.01 Euler Fraktur
)

LaTeX Warning: Citation `beigchrusciel1996' on page 132 undefined on input line
 18.


LaTeX Warning: Reference `eq:KID1' on page 132 undefined on input line 22.


LaTeX Warning: Reference `eq:KID2' on page 132 undefined on input line 22.

[132]

LaTeX Warning: Reference `def:stat-axi' on page 133 undefined on input line 47.


[133]

LaTeX Warning: Citation `simon1984' on page 134 undefined on input line 94.


LaTeX Warning: Citation `mars1999' on page 134 undefined on input line 94.


LaTeX Warning: Reference `eq:KID1' on page 134 undefined on input line 104.


LaTeX Warning: Reference `eq:KID2' on page 134 undefined on input line 104.


LaTeX Warning: Reference `def:stat-axi' on page 134 undefined on input line 117
.


LaTeX Warning: Reference `def:simon-tensor' on page 134 undefined on input line
 121.


LaTeX Warning: Reference `def:kerr-deviation-general' on page 134 undefined on 
input line 138.


LaTeX Warning: Citation `chruscieldelay2003' on page 134 undefined on input lin
e 150.

[134]

LaTeX Warning: Reference `eq:bianchi-system' on page 135 undefined on input lin
e 161.


LaTeX Warning: Reference `eq:bianchi-kerr-ref' on page 135 undefined on input l
ine 173.


LaTeX Warning: Citation `aronszajn1957' on page 135 undefined on input line 173
.


LaTeX Warning: Reference `eq:bianchi-kerr-ref' on page 135 undefined on input l
ine 179.


LaTeX Warning: Citation `lockhartmccowen1985' on page 135 undefined on input li
ne 179.


LaTeX Warning: Reference `prop:consistency' on page 135 undefined on input line
 194.


LaTeX Warning: Reference `thm:well-posed-nonstat' on page 135 undefined on inpu
t line 198.

[135]

LaTeX Warning: Reference `thm:simon-kerr' on page 136 undefined on input line 2
25.


LaTeX Warning: Citation `ionescu2009' on page 136 undefined on input line 231.


LaTeX Warning: Reference `thm:simon-kerr' on page 136 undefined on input line 2
34.

[136]) (app06-function-spaces.tex

LaTeX Warning: Reference `thm:lich-exist' on page 137 undefined on input line 1
8.


LaTeX Warning: Reference `thm:jang-exist' on page 137 undefined on input line 1
9.


LaTeX Warning: Citation `hankhuri2013' on page 137 undefined on input line 29.


LaTeX Warning: Reference `thm:main' on page 137 undefined on input line 30.

[137]

LaTeX Warning: Citation `hankhuri2013' on page 138 undefined on input line 34.


LaTeX Warning: Reference `def:AF' on page 138 undefined on input line 36.


LaTeX Warning: Citation `bartnik1986' on page 138 undefined on input line 38.


LaTeX Warning: Reference `def:AF' on page 138 undefined on input line 42.


LaTeX Warning: Reference `def:DEC' on page 138 undefined on input line 44.


LaTeX Warning: Citation `hankhuri2013' on page 138 undefined on input line 48.


LaTeX Warning: Citation `dain2011' on page 138 undefined on input line 55.


LaTeX Warning: Reference `thm:main' on page 138 undefined on input line 56.


LaTeX Warning: Reference `def:AF' on page 138 undefined on input line 68.


LaTeX Warning: Reference `thm:main' on page 138 undefined on input line 74.


LaTeX Warning: Citation `chrusciel2008' on page 138 undefined on input line 74.



LaTeX Warning: Citation `amo2022' on page 138 undefined on input line 81.


LaTeX Warning: Reference `thm:lich-exist' on page 138 undefined on input line 8
2.


LaTeX Warning: Reference `thm:lich-exist' on page 138 undefined on input line 8
8.


LaTeX Warning: Reference `def:Lambda-J' on page 138 undefined on input line 88.



LaTeX Warning: Reference `thm:lich-exist' on page 138 undefined on input line 9
0.

[138]

LaTeX Warning: Reference `thm:jang-exist' on page 139 undefined on input line 9
5.


LaTeX Warning: Citation `lockhartmccowen1985' on page 139 undefined on input li
ne 109.


LaTeX Warning: Reference `thm:jang-exist' on page 139 undefined on input line 1
16.


LaTeX Warning: Reference `rem:mots-decay-alignment' on page 139 undefined on in
put line 120.


LaTeX Warning: Reference `lem:fredholm' on page 139 undefined on input line 136
.


LaTeX Warning: Citation `mars1999' on page 139 undefined on input line 145.


LaTeX Warning: Citation `mars2009' on page 139 undefined on input line 145.


LaTeX Warning: Reference `thm:rigidity' on page 139 undefined on input line 146
.

[139]

LaTeX Warning: Reference `def:AF' on page 140 undefined on input line 156.


LaTeX Warning: Citation `backdahl2010a' on page 140 undefined on input line 158
.


LaTeX Warning: Citation `backdahl2010b' on page 140 undefined on input line 158
.


LaTeX Warning: Reference `def:Lambda-J' on page 140 undefined on input line 158
.


LaTeX Warning: Reference `app:mars-simon' on page 140 undefined on input line 1
60.


LaTeX Warning: Reference `thm:main' on page 140 undefined on input line 168.

) (bibliography.tex [140] [141] [142] [143] [144] [145]) [146]
(pmj_submission_article.aux)
 ***********
LaTeX2e <2025-11-01>
L3 programming layer <2025-10-24>
 ***********


LaTeX Warning: There were undefined references.


LaTeX Warning: Label(s) may have changed. Rerun to get cross-references right.


Package rerunfilecheck Warning: File `pmj_submission_article.out' has changed.
(rerunfilecheck)                Rerun to get outlines right
(rerunfilecheck)                or use package `bookmark'.

Package rerunfilecheck Info: Checksums for `pmj_submission_article.out':
(rerunfilecheck)             Before: <no file>
(rerunfilecheck)             After:  C711BA2E107E9FF6FEA47C719F13F2A9;16163.
 ) 
Here is how much of TeX's memory you used:
 27093 strings out of 467871
 505075 string characters out of 5417891
 868684 words of memory out of 5000000
 54449 multiletter control sequences out of 15000+600000
 660771 words of font info for 127 fonts, out of 8000000 for 9000
 1141 hyphenation exceptions out of 8191
 102i,14n,107p,1502b,844s stack positions out of 10000i,1000n,20000p,200000b,200000s
 <C:\Users\Lenovo\AppData\Local\MiKTeX\fonts/pk/ljfour/jknappen/ec/dpi600\ecr
m0900.pk> <C:\Users\Lenovo\AppData\Local\MiKTeX\fonts/pk/ljfour/jknappen/ec/dpi
600\ecbx0900.pk> <C:\Users\Lenovo\AppData\Local\MiKTeX\fonts/pk/ljfour/jknappen
/ec/dpi600\ectt1095.pk> <C:\Users\Lenovo\AppData\Local\MiKTeX\fonts/pk/ljfour/j
knappen/ec/dpi600\ecrm0700.pk> <C:\Users\Lenovo\AppData\Local\MiKTeX\fonts/pk/l
jfour/jknappen/ec/dpi600\ecbi1095.pk> <C:\Users\Lenovo\AppData\Local\MiKTeX\fon
ts/pk/ljfour/jknappen/ec/dpi600\ecrm0600.pk> <C:\Users\Lenovo\AppData\Local\MiK
TeX\fonts/pk/ljfour/jknappen/ec/dpi600\tcrm1095.pk> <C:\Users\Lenovo\AppData\Lo
cal\MiKTeX\fonts/pk/ljfour/jknappen/ec/dpi600\ecti1095.pk> <C:\Users\Lenovo\App
Data\Local\MiKTeX\fonts/pk/ljfour/jknappen/ec/dpi600\ecrm0800.pk> <C:\Users\Len
ovo\AppData\Local\MiKTeX\fonts/pk/ljfour/jknappen/ec/dpi600\ecbx1095.pk> <C:\Us
ers\Lenovo\AppData\Local\MiKTeX\fonts/pk/ljfour/jknappen/ec/dpi600\ecbx1200.pk>
 <C:\Users\Lenovo\AppData\Local\MiKTeX\fonts/pk/ljfour/jknappen/ec/dpi600\ecrm1
095.pk> <C:\Users\Lenovo\AppData\Local\MiKTeX\fonts/pk/ljfour/jknappen/ec/dpi60
0\ecbx1440.pk> <C:\Users\Lenovo\AppData\Local\MiKTeX\fonts/pk/ljfour/jknappen/e
c/dpi600\ecrm1000.pk> <C:\Users\Lenovo\AppData\Local\MiKTeX\fonts/pk/ljfour/jkn
appen/ec/dpi600\ecbx1000.pk> <C:\Users\Lenovo\AppData\Local\MiKTeX\fonts/pk/ljf
our/jknappen/ec/dpi600\ectt1200.pk> <C:\Users\Lenovo\AppData\Local\MiKTeX\fonts
/pk/ljfour/jknappen/ec/dpi600\ecrm1200.pk> <C:\Users\Lenovo\AppData\Local\MiKTe
X\fonts/pk/ljfour/jknappen/ec/dpi600\ecbx1728.pk><C:/Users/Lenovo/AppData/Local
/Programs/MiKTeX/fonts/type1/public/amsfonts/cm/cmbx10.pfb><C:/Users/Lenovo/App
Data/Local/Programs/MiKTeX/fonts/type1/public/amsfonts/cm/cmex10.pfb><C:/Users/
Lenovo/AppData/Local/Programs/MiKTeX/fonts/type1/public/amsfonts/cmextra/cmex8.
pfb><C:/Users/Lenovo/AppData/Local/Programs/MiKTeX/fonts/type1/public/amsfonts/
cm/cmmi10.pfb><C:/Users/Lenovo/AppData/Local/Programs/MiKTeX/fonts/type1/public
/amsfonts/cm/cmmi12.pfb><C:/Users/Lenovo/AppData/Local/Programs/MiKTeX/fonts/ty
pe1/public/amsfonts/cm/cmmi5.pfb><C:/Users/Lenovo/AppData/Local/Programs/MiKTeX
/fonts/type1/public/amsfonts/cm/cmmi6.pfb><C:/Users/Lenovo/AppData/Local/Progra
ms/MiKTeX/fonts/type1/public/amsfonts/cm/cmmi7.pfb><C:/Users/Lenovo/AppData/Loc
al/Programs/MiKTeX/fonts/type1/public/amsfonts/cm/cmmi8.pfb><C:/Users/Lenovo/Ap
pData/Local/Programs/MiKTeX/fonts/type1/public/amsfonts/cm/cmmi9.pfb><C:/Users/
Lenovo/AppData/Local/Programs/MiKTeX/fonts/type1/public/amsfonts/cm/cmmib10.pfb
><C:/Users/Lenovo/AppData/Local/Programs/MiKTeX/fonts/type1/public/amsfonts/cm/
cmr10.pfb><C:/Users/Lenovo/AppData/Local/Programs/MiKTeX/fonts/type1/public/ams
fonts/cm/cmr12.pfb><C:/Users/Lenovo/AppData/Local/Programs/MiKTeX/fonts/type1/p
ublic/amsfonts/cm/cmr6.pfb><C:/Users/Lenovo/AppData/Local/Programs/MiKTeX/fonts
/type1/public/amsfonts/cm/cmr7.pfb><C:/Users/Lenovo/AppData/Local/Programs/MiKT
eX/fonts/type1/public/amsfonts/cm/cmr8.pfb><C:/Users/Lenovo/AppData/Local/Progr
ams/MiKTeX/fonts/type1/public/amsfonts/cm/cmr9.pfb><C:/Users/Lenovo/AppData/Loc
al/Programs/MiKTeX/fonts/type1/public/amsfonts/cm/cmsy10.pfb><C:/Users/Lenovo/A
ppData/Local/Programs/MiKTeX/fonts/type1/public/amsfonts/cm/cmsy6.pfb><C:/Users
/Lenovo/AppData/Local/Programs/MiKTeX/fonts/type1/public/amsfonts/cm/cmsy7.pfb>
<C:/Users/Lenovo/AppData/Local/Programs/MiKTeX/fonts/type1/public/amsfonts/cm/c
msy8.pfb><C:/Users/Lenovo/AppData/Local/Programs/MiKTeX/fonts/type1/public/amsf
onts/cm/cmsy9.pfb><C:/Users/Lenovo/AppData/Local/Programs/MiKTeX/fonts/type1/pu
blic/amsfonts/euler/eufm10.pfb><C:/Users/Lenovo/AppData/Local/Programs/MiKTeX/f
onts/type1/public/amsfonts/symbols/msam10.pfb><C:/Users/Lenovo/AppData/Local/Pr
ograms/MiKTeX/fonts/type1/public/amsfonts/symbols/msbm10.pfb>
Output written on pmj_submission_article.pdf (146 pages, 1344205 bytes).
PDF statistics:
 2671 PDF objects out of 2984 (max. 8388607)
 1059 named destinations out of 1200 (max. 500000)
 13 words of extra memory for PDF output out of 10000 (max. 10000000)

