hardware,hidden_dim,expansion_dim,batch_tokens,rank,generator_flop_multiplier,dense_hbm_gb,ephemeral_hbm_gb,dense_tflops,ephemeral_tflops,dense_latency_ms,ephemeral_latency_ms,speedup
RTX4090_like,1024,4096,1,16,32.0,0.008388608,0.00016384,8.388608e-06,2.78528e-06,0.008388608,0.00016384,51.2
RTX4090_like,1024,4096,1,16,128.0,0.008388608,0.00016384,8.388608e-06,1.06496e-05,0.008388608,0.00016384,51.2
RTX4090_like,1024,4096,1,16,512.0,0.008388608,0.00016384,8.388608e-06,4.210688e-05,0.008388608,0.00016384,51.2
RTX4090_like,1024,4096,1,32,32.0,0.008388608,0.00032768,8.388608e-06,5.57056e-06,0.008388608,0.00032768,25.6
RTX4090_like,1024,4096,1,32,128.0,0.008388608,0.00032768,8.388608e-06,2.12992e-05,0.008388608,0.00032768,25.6
RTX4090_like,1024,4096,1,32,512.0,0.008388608,0.00032768,8.388608e-06,8.421376e-05,0.008388608,0.00032768,25.6
RTX4090_like,1024,4096,1,64,32.0,0.008388608,0.00065536,8.388608e-06,1.114112e-05,0.008388608,0.00065536,12.8
RTX4090_like,1024,4096,1,64,128.0,0.008388608,0.00065536,8.388608e-06,4.25984e-05,0.008388608,0.00065536,12.8
RTX4090_like,1024,4096,1,64,512.0,0.008388608,0.00065536,8.388608e-06,0.00016842752,0.008388608,0.00065536,12.8
RTX4090_like,1024,4096,1,128,32.0,0.008388608,0.00131072,8.388608e-06,2.228224e-05,0.008388608,0.00131072,6.4
RTX4090_like,1024,4096,1,128,128.0,0.008388608,0.00131072,8.388608e-06,8.51968e-05,0.008388608,0.00131072,6.4
RTX4090_like,1024,4096,1,128,512.0,0.008388608,0.00131072,8.388608e-06,0.00033685504,0.008388608,0.00131072,6.4
RTX4090_like,1024,4096,1,256,32.0,0.008388608,0.00262144,8.388608e-06,4.456448e-05,0.008388608,0.00262144,3.2
RTX4090_like,1024,4096,1,256,128.0,0.008388608,0.00262144,8.388608e-06,0.0001703936,0.008388608,0.00262144,3.2
RTX4090_like,1024,4096,1,256,512.0,0.008388608,0.00262144,8.388608e-06,0.00067371008,0.008388608,0.00262144,3.2
RTX4090_like,1024,4096,8,16,32.0,0.008388608,0.00016384,6.7108864e-05,3.93216e-06,0.008388608,0.00016384,51.2
RTX4090_like,1024,4096,8,16,128.0,0.008388608,0.00016384,6.7108864e-05,1.179648e-05,0.008388608,0.00016384,51.2
RTX4090_like,1024,4096,8,16,512.0,0.008388608,0.00016384,6.7108864e-05,4.325376e-05,0.008388608,0.00016384,51.2
RTX4090_like,1024,4096,8,32,32.0,0.008388608,0.00032768,6.7108864e-05,7.86432e-06,0.008388608,0.00032768,25.6
RTX4090_like,1024,4096,8,32,128.0,0.008388608,0.00032768,6.7108864e-05,2.359296e-05,0.008388608,0.00032768,25.6
RTX4090_like,1024,4096,8,32,512.0,0.008388608,0.00032768,6.7108864e-05,8.650752e-05,0.008388608,0.00032768,25.6
RTX4090_like,1024,4096,8,64,32.0,0.008388608,0.00065536,6.7108864e-05,1.572864e-05,0.008388608,0.00065536,12.8
RTX4090_like,1024,4096,8,64,128.0,0.008388608,0.00065536,6.7108864e-05,4.718592e-05,0.008388608,0.00065536,12.8
RTX4090_like,1024,4096,8,64,512.0,0.008388608,0.00065536,6.7108864e-05,0.00017301504,0.008388608,0.00065536,12.8
RTX4090_like,1024,4096,8,128,32.0,0.008388608,0.00131072,6.7108864e-05,3.145728e-05,0.008388608,0.00131072,6.4
RTX4090_like,1024,4096,8,128,128.0,0.008388608,0.00131072,6.7108864e-05,9.437184e-05,0.008388608,0.00131072,6.4
RTX4090_like,1024,4096,8,128,512.0,0.008388608,0.00131072,6.7108864e-05,0.00034603008,0.008388608,0.00131072,6.4
RTX4090_like,1024,4096,8,256,32.0,0.008388608,0.00262144,6.7108864e-05,6.291456e-05,0.008388608,0.00262144,3.2
RTX4090_like,1024,4096,8,256,128.0,0.008388608,0.00262144,6.7108864e-05,0.00018874368,0.008388608,0.00262144,3.2
RTX4090_like,1024,4096,8,256,512.0,0.008388608,0.00262144,6.7108864e-05,0.00069206016,0.008388608,0.00262144,3.2
RTX4090_like,1024,4096,32,16,32.0,0.008388608,0.00016384,0.000268435456,7.86432e-06,0.008388608,0.00016384,51.2
RTX4090_like,1024,4096,32,16,128.0,0.008388608,0.00016384,0.000268435456,1.572864e-05,0.008388608,0.00016384,51.2
RTX4090_like,1024,4096,32,16,512.0,0.008388608,0.00016384,0.000268435456,4.718592e-05,0.008388608,0.00016384,51.2
RTX4090_like,1024,4096,32,32,32.0,0.008388608,0.00032768,0.000268435456,1.572864e-05,0.008388608,0.00032768,25.6
RTX4090_like,1024,4096,32,32,128.0,0.008388608,0.00032768,0.000268435456,3.145728e-05,0.008388608,0.00032768,25.6
RTX4090_like,1024,4096,32,32,512.0,0.008388608,0.00032768,0.000268435456,9.437184e-05,0.008388608,0.00032768,25.6
RTX4090_like,1024,4096,32,64,32.0,0.008388608,0.00065536,0.000268435456,3.145728e-05,0.008388608,0.00065536,12.8
RTX4090_like,1024,4096,32,64,128.0,0.008388608,0.00065536,0.000268435456,6.291456e-05,0.008388608,0.00065536,12.8
RTX4090_like,1024,4096,32,64,512.0,0.008388608,0.00065536,0.000268435456,0.00018874368,0.008388608,0.00065536,12.8
RTX4090_like,1024,4096,32,128,32.0,0.008388608,0.00131072,0.000268435456,6.291456e-05,0.008388608,0.00131072,6.4
RTX4090_like,1024,4096,32,128,128.0,0.008388608,0.00131072,0.000268435456,0.00012582912,0.008388608,0.00131072,6.4
RTX4090_like,1024,4096,32,128,512.0,0.008388608,0.00131072,0.000268435456,0.00037748736,0.008388608,0.00131072,6.4
RTX4090_like,1024,4096,32,256,32.0,0.008388608,0.00262144,0.000268435456,0.00012582912,0.008388608,0.00262144,3.2
RTX4090_like,1024,4096,32,256,128.0,0.008388608,0.00262144,0.000268435456,0.00025165824,0.008388608,0.00262144,3.2
RTX4090_like,1024,4096,32,256,512.0,0.008388608,0.00262144,0.000268435456,0.00075497472,0.008388608,0.00262144,3.2
RTX4090_like,1024,4096,128,16,32.0,0.008388608,0.00016384,0.001073741824,2.359296e-05,0.008388608,0.00016384,51.2
RTX4090_like,1024,4096,128,16,128.0,0.008388608,0.00016384,0.001073741824,3.145728e-05,0.008388608,0.00016384,51.2
RTX4090_like,1024,4096,128,16,512.0,0.008388608,0.00016384,0.001073741824,6.291456e-05,0.008388608,0.00019065018181818182,44.0
RTX4090_like,1024,4096,128,32,32.0,0.008388608,0.00032768,0.001073741824,4.718592e-05,0.008388608,0.00032768,25.6
RTX4090_like,1024,4096,128,32,128.0,0.008388608,0.00032768,0.001073741824,6.291456e-05,0.008388608,0.00032768,25.6
RTX4090_like,1024,4096,128,32,512.0,0.008388608,0.00032768,0.001073741824,0.00012582912,0.008388608,0.00038130036363636364,22.0
RTX4090_like,1024,4096,128,64,32.0,0.008388608,0.00065536,0.001073741824,9.437184e-05,0.008388608,0.00065536,12.8
RTX4090_like,1024,4096,128,64,128.0,0.008388608,0.00065536,0.001073741824,0.00012582912,0.008388608,0.00065536,12.8
RTX4090_like,1024,4096,128,64,512.0,0.008388608,0.00065536,0.001073741824,0.00025165824,0.008388608,0.0007626007272727273,11.0
RTX4090_like,1024,4096,128,128,32.0,0.008388608,0.00131072,0.001073741824,0.00018874368,0.008388608,0.00131072,6.4
RTX4090_like,1024,4096,128,128,128.0,0.008388608,0.00131072,0.001073741824,0.00025165824,0.008388608,0.00131072,6.4
RTX4090_like,1024,4096,128,128,512.0,0.008388608,0.00131072,0.001073741824,0.00050331648,0.008388608,0.0015252014545454546,5.5
RTX4090_like,1024,4096,128,256,32.0,0.008388608,0.00262144,0.001073741824,0.00037748736,0.008388608,0.00262144,3.2
RTX4090_like,1024,4096,128,256,128.0,0.008388608,0.00262144,0.001073741824,0.00050331648,0.008388608,0.00262144,3.2
RTX4090_like,1024,4096,128,256,512.0,0.008388608,0.00262144,0.001073741824,0.00100663296,0.008388608,0.003050402909090909,2.75
RTX4090_like,2048,8192,1,16,32.0,0.033554432,0.00032768,3.3554432e-05,5.57056e-06,0.033554432,0.00032768,102.4
RTX4090_like,2048,8192,1,16,128.0,0.033554432,0.00032768,3.3554432e-05,2.12992e-05,0.033554432,0.00032768,102.4
RTX4090_like,2048,8192,1,16,512.0,0.033554432,0.00032768,3.3554432e-05,8.421376e-05,0.033554432,0.00032768,102.4
RTX4090_like,2048,8192,1,32,32.0,0.033554432,0.00065536,3.3554432e-05,1.114112e-05,0.033554432,0.00065536,51.2
RTX4090_like,2048,8192,1,32,128.0,0.033554432,0.00065536,3.3554432e-05,4.25984e-05,0.033554432,0.00065536,51.2
RTX4090_like,2048,8192,1,32,512.0,0.033554432,0.00065536,3.3554432e-05,0.00016842752,0.033554432,0.00065536,51.2
RTX4090_like,2048,8192,1,64,32.0,0.033554432,0.00131072,3.3554432e-05,2.228224e-05,0.033554432,0.00131072,25.6
RTX4090_like,2048,8192,1,64,128.0,0.033554432,0.00131072,3.3554432e-05,8.51968e-05,0.033554432,0.00131072,25.6
RTX4090_like,2048,8192,1,64,512.0,0.033554432,0.00131072,3.3554432e-05,0.00033685504,0.033554432,0.00131072,25.6
RTX4090_like,2048,8192,1,128,32.0,0.033554432,0.00262144,3.3554432e-05,4.456448e-05,0.033554432,0.00262144,12.8
RTX4090_like,2048,8192,1,128,128.0,0.033554432,0.00262144,3.3554432e-05,0.0001703936,0.033554432,0.00262144,12.8
RTX4090_like,2048,8192,1,128,512.0,0.033554432,0.00262144,3.3554432e-05,0.00067371008,0.033554432,0.00262144,12.8
RTX4090_like,2048,8192,1,256,32.0,0.033554432,0.00524288,3.3554432e-05,8.912896e-05,0.033554432,0.00524288,6.4
RTX4090_like,2048,8192,1,256,128.0,0.033554432,0.00524288,3.3554432e-05,0.0003407872,0.033554432,0.00524288,6.4
RTX4090_like,2048,8192,1,256,512.0,0.033554432,0.00524288,3.3554432e-05,0.00134742016,0.033554432,0.00524288,6.4
RTX4090_like,2048,8192,8,16,32.0,0.033554432,0.00032768,0.000268435456,7.86432e-06,0.033554432,0.00032768,102.4
RTX4090_like,2048,8192,8,16,128.0,0.033554432,0.00032768,0.000268435456,2.359296e-05,0.033554432,0.00032768,102.4
RTX4090_like,2048,8192,8,16,512.0,0.033554432,0.00032768,0.000268435456,8.650752e-05,0.033554432,0.00032768,102.4
RTX4090_like,2048,8192,8,32,32.0,0.033554432,0.00065536,0.000268435456,1.572864e-05,0.033554432,0.00065536,51.2
RTX4090_like,2048,8192,8,32,128.0,0.033554432,0.00065536,0.000268435456,4.718592e-05,0.033554432,0.00065536,51.2
RTX4090_like,2048,8192,8,32,512.0,0.033554432,0.00065536,0.000268435456,0.00017301504,0.033554432,0.00065536,51.2
RTX4090_like,2048,8192,8,64,32.0,0.033554432,0.00131072,0.000268435456,3.145728e-05,0.033554432,0.00131072,25.6
RTX4090_like,2048,8192,8,64,128.0,0.033554432,0.00131072,0.000268435456,9.437184e-05,0.033554432,0.00131072,25.6
RTX4090_like,2048,8192,8,64,512.0,0.033554432,0.00131072,0.000268435456,0.00034603008,0.033554432,0.00131072,25.6
RTX4090_like,2048,8192,8,128,32.0,0.033554432,0.00262144,0.000268435456,6.291456e-05,0.033554432,0.00262144,12.8
RTX4090_like,2048,8192,8,128,128.0,0.033554432,0.00262144,0.000268435456,0.00018874368,0.033554432,0.00262144,12.8
RTX4090_like,2048,8192,8,128,512.0,0.033554432,0.00262144,0.000268435456,0.00069206016,0.033554432,0.00262144,12.8
RTX4090_like,2048,8192,8,256,32.0,0.033554432,0.00524288,0.000268435456,0.00012582912,0.033554432,0.00524288,6.4
RTX4090_like,2048,8192,8,256,128.0,0.033554432,0.00524288,0.000268435456,0.00037748736,0.033554432,0.00524288,6.4
RTX4090_like,2048,8192,8,256,512.0,0.033554432,0.00524288,0.000268435456,0.00138412032,0.033554432,0.00524288,6.4
RTX4090_like,2048,8192,32,16,32.0,0.033554432,0.00032768,0.001073741824,1.572864e-05,0.033554432,0.00032768,102.4
RTX4090_like,2048,8192,32,16,128.0,0.033554432,0.00032768,0.001073741824,3.145728e-05,0.033554432,0.00032768,102.4
RTX4090_like,2048,8192,32,16,512.0,0.033554432,0.00032768,0.001073741824,9.437184e-05,0.033554432,0.00032768,102.4
RTX4090_like,2048,8192,32,32,32.0,0.033554432,0.00065536,0.001073741824,3.145728e-05,0.033554432,0.00065536,51.2
RTX4090_like,2048,8192,32,32,128.0,0.033554432,0.00065536,0.001073741824,6.291456e-05,0.033554432,0.00065536,51.2
RTX4090_like,2048,8192,32,32,512.0,0.033554432,0.00065536,0.001073741824,0.00018874368,0.033554432,0.00065536,51.2
RTX4090_like,2048,8192,32,64,32.0,0.033554432,0.00131072,0.001073741824,6.291456e-05,0.033554432,0.00131072,25.6
RTX4090_like,2048,8192,32,64,128.0,0.033554432,0.00131072,0.001073741824,0.00012582912,0.033554432,0.00131072,25.6
RTX4090_like,2048,8192,32,64,512.0,0.033554432,0.00131072,0.001073741824,0.00037748736,0.033554432,0.00131072,25.6
RTX4090_like,2048,8192,32,128,32.0,0.033554432,0.00262144,0.001073741824,0.00012582912,0.033554432,0.00262144,12.8
RTX4090_like,2048,8192,32,128,128.0,0.033554432,0.00262144,0.001073741824,0.00025165824,0.033554432,0.00262144,12.8
RTX4090_like,2048,8192,32,128,512.0,0.033554432,0.00262144,0.001073741824,0.00075497472,0.033554432,0.00262144,12.8
RTX4090_like,2048,8192,32,256,32.0,0.033554432,0.00524288,0.001073741824,0.00025165824,0.033554432,0.00524288,6.4
RTX4090_like,2048,8192,32,256,128.0,0.033554432,0.00524288,0.001073741824,0.00050331648,0.033554432,0.00524288,6.4
RTX4090_like,2048,8192,32,256,512.0,0.033554432,0.00524288,0.001073741824,0.00150994944,0.033554432,0.00524288,6.4
RTX4090_like,2048,8192,128,16,32.0,0.033554432,0.00032768,0.004294967296,4.718592e-05,0.033554432,0.00032768,102.4
RTX4090_like,2048,8192,128,16,128.0,0.033554432,0.00032768,0.004294967296,6.291456e-05,0.033554432,0.00032768,102.4
RTX4090_like,2048,8192,128,16,512.0,0.033554432,0.00032768,0.004294967296,0.00012582912,0.033554432,0.00038130036363636364,88.0
RTX4090_like,2048,8192,128,32,32.0,0.033554432,0.00065536,0.004294967296,9.437184e-05,0.033554432,0.00065536,51.2
RTX4090_like,2048,8192,128,32,128.0,0.033554432,0.00065536,0.004294967296,0.00012582912,0.033554432,0.00065536,51.2
RTX4090_like,2048,8192,128,32,512.0,0.033554432,0.00065536,0.004294967296,0.00025165824,0.033554432,0.0007626007272727273,44.0
RTX4090_like,2048,8192,128,64,32.0,0.033554432,0.00131072,0.004294967296,0.00018874368,0.033554432,0.00131072,25.6
RTX4090_like,2048,8192,128,64,128.0,0.033554432,0.00131072,0.004294967296,0.00025165824,0.033554432,0.00131072,25.6
RTX4090_like,2048,8192,128,64,512.0,0.033554432,0.00131072,0.004294967296,0.00050331648,0.033554432,0.0015252014545454546,22.0
RTX4090_like,2048,8192,128,128,32.0,0.033554432,0.00262144,0.004294967296,0.00037748736,0.033554432,0.00262144,12.8
RTX4090_like,2048,8192,128,128,128.0,0.033554432,0.00262144,0.004294967296,0.00050331648,0.033554432,0.00262144,12.8
RTX4090_like,2048,8192,128,128,512.0,0.033554432,0.00262144,0.004294967296,0.00100663296,0.033554432,0.003050402909090909,11.0
RTX4090_like,2048,8192,128,256,32.0,0.033554432,0.00524288,0.004294967296,0.00075497472,0.033554432,0.00524288,6.4
RTX4090_like,2048,8192,128,256,128.0,0.033554432,0.00524288,0.004294967296,0.00100663296,0.033554432,0.00524288,6.4
RTX4090_like,2048,8192,128,256,512.0,0.033554432,0.00524288,0.004294967296,0.00201326592,0.033554432,0.006100805818181818,5.5
RTX4090_like,4096,16384,1,16,32.0,0.134217728,0.00065536,0.000134217728,1.114112e-05,0.134217728,0.00065536,204.8
RTX4090_like,4096,16384,1,16,128.0,0.134217728,0.00065536,0.000134217728,4.25984e-05,0.134217728,0.00065536,204.8
RTX4090_like,4096,16384,1,16,512.0,0.134217728,0.00065536,0.000134217728,0.00016842752,0.134217728,0.00065536,204.8
RTX4090_like,4096,16384,1,32,32.0,0.134217728,0.00131072,0.000134217728,2.228224e-05,0.134217728,0.00131072,102.4
RTX4090_like,4096,16384,1,32,128.0,0.134217728,0.00131072,0.000134217728,8.51968e-05,0.134217728,0.00131072,102.4
RTX4090_like,4096,16384,1,32,512.0,0.134217728,0.00131072,0.000134217728,0.00033685504,0.134217728,0.00131072,102.4
RTX4090_like,4096,16384,1,64,32.0,0.134217728,0.00262144,0.000134217728,4.456448e-05,0.134217728,0.00262144,51.2
RTX4090_like,4096,16384,1,64,128.0,0.134217728,0.00262144,0.000134217728,0.0001703936,0.134217728,0.00262144,51.2
RTX4090_like,4096,16384,1,64,512.0,0.134217728,0.00262144,0.000134217728,0.00067371008,0.134217728,0.00262144,51.2
RTX4090_like,4096,16384,1,128,32.0,0.134217728,0.00524288,0.000134217728,8.912896e-05,0.134217728,0.00524288,25.6
RTX4090_like,4096,16384,1,128,128.0,0.134217728,0.00524288,0.000134217728,0.0003407872,0.134217728,0.00524288,25.6
RTX4090_like,4096,16384,1,128,512.0,0.134217728,0.00524288,0.000134217728,0.00134742016,0.134217728,0.00524288,25.6
RTX4090_like,4096,16384,1,256,32.0,0.134217728,0.01048576,0.000134217728,0.00017825792,0.134217728,0.01048576,12.8
RTX4090_like,4096,16384,1,256,128.0,0.134217728,0.01048576,0.000134217728,0.0006815744,0.134217728,0.01048576,12.8
RTX4090_like,4096,16384,1,256,512.0,0.134217728,0.01048576,0.000134217728,0.00269484032,0.134217728,0.01048576,12.8
RTX4090_like,4096,16384,8,16,32.0,0.134217728,0.00065536,0.001073741824,1.572864e-05,0.134217728,0.00065536,204.8
RTX4090_like,4096,16384,8,16,128.0,0.134217728,0.00065536,0.001073741824,4.718592e-05,0.134217728,0.00065536,204.8
RTX4090_like,4096,16384,8,16,512.0,0.134217728,0.00065536,0.001073741824,0.00017301504,0.134217728,0.00065536,204.8
RTX4090_like,4096,16384,8,32,32.0,0.134217728,0.00131072,0.001073741824,3.145728e-05,0.134217728,0.00131072,102.4
RTX4090_like,4096,16384,8,32,128.0,0.134217728,0.00131072,0.001073741824,9.437184e-05,0.134217728,0.00131072,102.4
RTX4090_like,4096,16384,8,32,512.0,0.134217728,0.00131072,0.001073741824,0.00034603008,0.134217728,0.00131072,102.4
RTX4090_like,4096,16384,8,64,32.0,0.134217728,0.00262144,0.001073741824,6.291456e-05,0.134217728,0.00262144,51.2
RTX4090_like,4096,16384,8,64,128.0,0.134217728,0.00262144,0.001073741824,0.00018874368,0.134217728,0.00262144,51.2
RTX4090_like,4096,16384,8,64,512.0,0.134217728,0.00262144,0.001073741824,0.00069206016,0.134217728,0.00262144,51.2
RTX4090_like,4096,16384,8,128,32.0,0.134217728,0.00524288,0.001073741824,0.00012582912,0.134217728,0.00524288,25.6
RTX4090_like,4096,16384,8,128,128.0,0.134217728,0.00524288,0.001073741824,0.00037748736,0.134217728,0.00524288,25.6
RTX4090_like,4096,16384,8,128,512.0,0.134217728,0.00524288,0.001073741824,0.00138412032,0.134217728,0.00524288,25.6
RTX4090_like,4096,16384,8,256,32.0,0.134217728,0.01048576,0.001073741824,0.00025165824,0.134217728,0.01048576,12.8
RTX4090_like,4096,16384,8,256,128.0,0.134217728,0.01048576,0.001073741824,0.00075497472,0.134217728,0.01048576,12.8
RTX4090_like,4096,16384,8,256,512.0,0.134217728,0.01048576,0.001073741824,0.00276824064,0.134217728,0.01048576,12.8
RTX4090_like,4096,16384,32,16,32.0,0.134217728,0.00065536,0.004294967296,3.145728e-05,0.134217728,0.00065536,204.8
RTX4090_like,4096,16384,32,16,128.0,0.134217728,0.00065536,0.004294967296,6.291456e-05,0.134217728,0.00065536,204.8
RTX4090_like,4096,16384,32,16,512.0,0.134217728,0.00065536,0.004294967296,0.00018874368,0.134217728,0.00065536,204.8
RTX4090_like,4096,16384,32,32,32.0,0.134217728,0.00131072,0.004294967296,6.291456e-05,0.134217728,0.00131072,102.4
RTX4090_like,4096,16384,32,32,128.0,0.134217728,0.00131072,0.004294967296,0.00012582912,0.134217728,0.00131072,102.4
RTX4090_like,4096,16384,32,32,512.0,0.134217728,0.00131072,0.004294967296,0.00037748736,0.134217728,0.00131072,102.4
RTX4090_like,4096,16384,32,64,32.0,0.134217728,0.00262144,0.004294967296,0.00012582912,0.134217728,0.00262144,51.2
RTX4090_like,4096,16384,32,64,128.0,0.134217728,0.00262144,0.004294967296,0.00025165824,0.134217728,0.00262144,51.2
RTX4090_like,4096,16384,32,64,512.0,0.134217728,0.00262144,0.004294967296,0.00075497472,0.134217728,0.00262144,51.2
RTX4090_like,4096,16384,32,128,32.0,0.134217728,0.00524288,0.004294967296,0.00025165824,0.134217728,0.00524288,25.6
RTX4090_like,4096,16384,32,128,128.0,0.134217728,0.00524288,0.004294967296,0.00050331648,0.134217728,0.00524288,25.6
RTX4090_like,4096,16384,32,128,512.0,0.134217728,0.00524288,0.004294967296,0.00150994944,0.134217728,0.00524288,25.6
RTX4090_like,4096,16384,32,256,32.0,0.134217728,0.01048576,0.004294967296,0.00050331648,0.134217728,0.01048576,12.8
RTX4090_like,4096,16384,32,256,128.0,0.134217728,0.01048576,0.004294967296,0.00100663296,0.134217728,0.01048576,12.8
RTX4090_like,4096,16384,32,256,512.0,0.134217728,0.01048576,0.004294967296,0.00301989888,0.134217728,0.01048576,12.8
RTX4090_like,4096,16384,128,16,32.0,0.134217728,0.00065536,0.017179869184,9.437184e-05,0.134217728,0.00065536,204.8
RTX4090_like,4096,16384,128,16,128.0,0.134217728,0.00065536,0.017179869184,0.00012582912,0.134217728,0.00065536,204.8
RTX4090_like,4096,16384,128,16,512.0,0.134217728,0.00065536,0.017179869184,0.00025165824,0.134217728,0.0007626007272727273,176.0
RTX4090_like,4096,16384,128,32,32.0,0.134217728,0.00131072,0.017179869184,0.00018874368,0.134217728,0.00131072,102.4
RTX4090_like,4096,16384,128,32,128.0,0.134217728,0.00131072,0.017179869184,0.00025165824,0.134217728,0.00131072,102.4
RTX4090_like,4096,16384,128,32,512.0,0.134217728,0.00131072,0.017179869184,0.00050331648,0.134217728,0.0015252014545454546,88.0
RTX4090_like,4096,16384,128,64,32.0,0.134217728,0.00262144,0.017179869184,0.00037748736,0.134217728,0.00262144,51.2
RTX4090_like,4096,16384,128,64,128.0,0.134217728,0.00262144,0.017179869184,0.00050331648,0.134217728,0.00262144,51.2
RTX4090_like,4096,16384,128,64,512.0,0.134217728,0.00262144,0.017179869184,0.00100663296,0.134217728,0.003050402909090909,44.0
RTX4090_like,4096,16384,128,128,32.0,0.134217728,0.00524288,0.017179869184,0.00075497472,0.134217728,0.00524288,25.6
RTX4090_like,4096,16384,128,128,128.0,0.134217728,0.00524288,0.017179869184,0.00100663296,0.134217728,0.00524288,25.6
RTX4090_like,4096,16384,128,128,512.0,0.134217728,0.00524288,0.017179869184,0.00201326592,0.134217728,0.006100805818181818,22.0
RTX4090_like,4096,16384,128,256,32.0,0.134217728,0.01048576,0.017179869184,0.00150994944,0.134217728,0.01048576,12.8
RTX4090_like,4096,16384,128,256,128.0,0.134217728,0.01048576,0.017179869184,0.00201326592,0.134217728,0.01048576,12.8
RTX4090_like,4096,16384,128,256,512.0,0.134217728,0.01048576,0.017179869184,0.00402653184,0.134217728,0.012201611636363636,11.0
RTX4090_like,8192,32768,1,16,32.0,0.536870912,0.00131072,0.000536870912,2.228224e-05,0.536870912,0.00131072,409.6
RTX4090_like,8192,32768,1,16,128.0,0.536870912,0.00131072,0.000536870912,8.51968e-05,0.536870912,0.00131072,409.6
RTX4090_like,8192,32768,1,16,512.0,0.536870912,0.00131072,0.000536870912,0.00033685504,0.536870912,0.00131072,409.6
RTX4090_like,8192,32768,1,32,32.0,0.536870912,0.00262144,0.000536870912,4.456448e-05,0.536870912,0.00262144,204.8
RTX4090_like,8192,32768,1,32,128.0,0.536870912,0.00262144,0.000536870912,0.0001703936,0.536870912,0.00262144,204.8
RTX4090_like,8192,32768,1,32,512.0,0.536870912,0.00262144,0.000536870912,0.00067371008,0.536870912,0.00262144,204.8
RTX4090_like,8192,32768,1,64,32.0,0.536870912,0.00524288,0.000536870912,8.912896e-05,0.536870912,0.00524288,102.4
RTX4090_like,8192,32768,1,64,128.0,0.536870912,0.00524288,0.000536870912,0.0003407872,0.536870912,0.00524288,102.4
RTX4090_like,8192,32768,1,64,512.0,0.536870912,0.00524288,0.000536870912,0.00134742016,0.536870912,0.00524288,102.4
RTX4090_like,8192,32768,1,128,32.0,0.536870912,0.01048576,0.000536870912,0.00017825792,0.536870912,0.01048576,51.2
RTX4090_like,8192,32768,1,128,128.0,0.536870912,0.01048576,0.000536870912,0.0006815744,0.536870912,0.01048576,51.2
RTX4090_like,8192,32768,1,128,512.0,0.536870912,0.01048576,0.000536870912,0.00269484032,0.536870912,0.01048576,51.2
RTX4090_like,8192,32768,1,256,32.0,0.536870912,0.02097152,0.000536870912,0.00035651584,0.536870912,0.02097152,25.6
RTX4090_like,8192,32768,1,256,128.0,0.536870912,0.02097152,0.000536870912,0.0013631488,0.536870912,0.02097152,25.6
RTX4090_like,8192,32768,1,256,512.0,0.536870912,0.02097152,0.000536870912,0.00538968064,0.536870912,0.02097152,25.6
RTX4090_like,8192,32768,8,16,32.0,0.536870912,0.00131072,0.004294967296,3.145728e-05,0.536870912,0.00131072,409.6
RTX4090_like,8192,32768,8,16,128.0,0.536870912,0.00131072,0.004294967296,9.437184e-05,0.536870912,0.00131072,409.6
RTX4090_like,8192,32768,8,16,512.0,0.536870912,0.00131072,0.004294967296,0.00034603008,0.536870912,0.00131072,409.6
RTX4090_like,8192,32768,8,32,32.0,0.536870912,0.00262144,0.004294967296,6.291456e-05,0.536870912,0.00262144,204.8
RTX4090_like,8192,32768,8,32,128.0,0.536870912,0.00262144,0.004294967296,0.00018874368,0.536870912,0.00262144,204.8
RTX4090_like,8192,32768,8,32,512.0,0.536870912,0.00262144,0.004294967296,0.00069206016,0.536870912,0.00262144,204.8
RTX4090_like,8192,32768,8,64,32.0,0.536870912,0.00524288,0.004294967296,0.00012582912,0.536870912,0.00524288,102.4
RTX4090_like,8192,32768,8,64,128.0,0.536870912,0.00524288,0.004294967296,0.00037748736,0.536870912,0.00524288,102.4
RTX4090_like,8192,32768,8,64,512.0,0.536870912,0.00524288,0.004294967296,0.00138412032,0.536870912,0.00524288,102.4
RTX4090_like,8192,32768,8,128,32.0,0.536870912,0.01048576,0.004294967296,0.00025165824,0.536870912,0.01048576,51.2
RTX4090_like,8192,32768,8,128,128.0,0.536870912,0.01048576,0.004294967296,0.00075497472,0.536870912,0.01048576,51.2
RTX4090_like,8192,32768,8,128,512.0,0.536870912,0.01048576,0.004294967296,0.00276824064,0.536870912,0.01048576,51.2
RTX4090_like,8192,32768,8,256,32.0,0.536870912,0.02097152,0.004294967296,0.00050331648,0.536870912,0.02097152,25.6
RTX4090_like,8192,32768,8,256,128.0,0.536870912,0.02097152,0.004294967296,0.00150994944,0.536870912,0.02097152,25.6
RTX4090_like,8192,32768,8,256,512.0,0.536870912,0.02097152,0.004294967296,0.00553648128,0.536870912,0.02097152,25.6
RTX4090_like,8192,32768,32,16,32.0,0.536870912,0.00131072,0.017179869184,6.291456e-05,0.536870912,0.00131072,409.6
RTX4090_like,8192,32768,32,16,128.0,0.536870912,0.00131072,0.017179869184,0.00012582912,0.536870912,0.00131072,409.6
RTX4090_like,8192,32768,32,16,512.0,0.536870912,0.00131072,0.017179869184,0.00037748736,0.536870912,0.00131072,409.6
RTX4090_like,8192,32768,32,32,32.0,0.536870912,0.00262144,0.017179869184,0.00012582912,0.536870912,0.00262144,204.8
RTX4090_like,8192,32768,32,32,128.0,0.536870912,0.00262144,0.017179869184,0.00025165824,0.536870912,0.00262144,204.8
RTX4090_like,8192,32768,32,32,512.0,0.536870912,0.00262144,0.017179869184,0.00075497472,0.536870912,0.00262144,204.8
RTX4090_like,8192,32768,32,64,32.0,0.536870912,0.00524288,0.017179869184,0.00025165824,0.536870912,0.00524288,102.4
RTX4090_like,8192,32768,32,64,128.0,0.536870912,0.00524288,0.017179869184,0.00050331648,0.536870912,0.00524288,102.4
RTX4090_like,8192,32768,32,64,512.0,0.536870912,0.00524288,0.017179869184,0.00150994944,0.536870912,0.00524288,102.4
RTX4090_like,8192,32768,32,128,32.0,0.536870912,0.01048576,0.017179869184,0.00050331648,0.536870912,0.01048576,51.2
RTX4090_like,8192,32768,32,128,128.0,0.536870912,0.01048576,0.017179869184,0.00100663296,0.536870912,0.01048576,51.2
RTX4090_like,8192,32768,32,128,512.0,0.536870912,0.01048576,0.017179869184,0.00301989888,0.536870912,0.01048576,51.2
RTX4090_like,8192,32768,32,256,32.0,0.536870912,0.02097152,0.017179869184,0.00100663296,0.536870912,0.02097152,25.6
RTX4090_like,8192,32768,32,256,128.0,0.536870912,0.02097152,0.017179869184,0.00201326592,0.536870912,0.02097152,25.6
RTX4090_like,8192,32768,32,256,512.0,0.536870912,0.02097152,0.017179869184,0.00603979776,0.536870912,0.02097152,25.6
RTX4090_like,8192,32768,128,16,32.0,0.536870912,0.00131072,0.068719476736,0.00018874368,0.536870912,0.00131072,409.6
RTX4090_like,8192,32768,128,16,128.0,0.536870912,0.00131072,0.068719476736,0.00025165824,0.536870912,0.00131072,409.6
RTX4090_like,8192,32768,128,16,512.0,0.536870912,0.00131072,0.068719476736,0.00050331648,0.536870912,0.0015252014545454546,352.0
RTX4090_like,8192,32768,128,32,32.0,0.536870912,0.00262144,0.068719476736,0.00037748736,0.536870912,0.00262144,204.8
RTX4090_like,8192,32768,128,32,128.0,0.536870912,0.00262144,0.068719476736,0.00050331648,0.536870912,0.00262144,204.8
RTX4090_like,8192,32768,128,32,512.0,0.536870912,0.00262144,0.068719476736,0.00100663296,0.536870912,0.003050402909090909,176.0
RTX4090_like,8192,32768,128,64,32.0,0.536870912,0.00524288,0.068719476736,0.00075497472,0.536870912,0.00524288,102.4
RTX4090_like,8192,32768,128,64,128.0,0.536870912,0.00524288,0.068719476736,0.00100663296,0.536870912,0.00524288,102.4
RTX4090_like,8192,32768,128,64,512.0,0.536870912,0.00524288,0.068719476736,0.00201326592,0.536870912,0.006100805818181818,88.0
RTX4090_like,8192,32768,128,128,32.0,0.536870912,0.01048576,0.068719476736,0.00150994944,0.536870912,0.01048576,51.2
RTX4090_like,8192,32768,128,128,128.0,0.536870912,0.01048576,0.068719476736,0.00201326592,0.536870912,0.01048576,51.2
RTX4090_like,8192,32768,128,128,512.0,0.536870912,0.01048576,0.068719476736,0.00402653184,0.536870912,0.012201611636363636,44.0
RTX4090_like,8192,32768,128,256,32.0,0.536870912,0.02097152,0.068719476736,0.00301989888,0.536870912,0.02097152,25.6
RTX4090_like,8192,32768,128,256,128.0,0.536870912,0.02097152,0.068719476736,0.00402653184,0.536870912,0.02097152,25.6
RTX4090_like,8192,32768,128,256,512.0,0.536870912,0.02097152,0.068719476736,0.00805306368,0.536870912,0.024403223272727273,22.0
RTX4090_like,16384,65536,1,16,32.0,2.147483648,0.00262144,0.002147483648,4.456448e-05,2.147483648,0.00262144,819.2
RTX4090_like,16384,65536,1,16,128.0,2.147483648,0.00262144,0.002147483648,0.0001703936,2.147483648,0.00262144,819.2
RTX4090_like,16384,65536,1,16,512.0,2.147483648,0.00262144,0.002147483648,0.00067371008,2.147483648,0.00262144,819.2
RTX4090_like,16384,65536,1,32,32.0,2.147483648,0.00524288,0.002147483648,8.912896e-05,2.147483648,0.00524288,409.6
RTX4090_like,16384,65536,1,32,128.0,2.147483648,0.00524288,0.002147483648,0.0003407872,2.147483648,0.00524288,409.6
RTX4090_like,16384,65536,1,32,512.0,2.147483648,0.00524288,0.002147483648,0.00134742016,2.147483648,0.00524288,409.6
RTX4090_like,16384,65536,1,64,32.0,2.147483648,0.01048576,0.002147483648,0.00017825792,2.147483648,0.01048576,204.8
RTX4090_like,16384,65536,1,64,128.0,2.147483648,0.01048576,0.002147483648,0.0006815744,2.147483648,0.01048576,204.8
RTX4090_like,16384,65536,1,64,512.0,2.147483648,0.01048576,0.002147483648,0.00269484032,2.147483648,0.01048576,204.8
RTX4090_like,16384,65536,1,128,32.0,2.147483648,0.02097152,0.002147483648,0.00035651584,2.147483648,0.02097152,102.4
RTX4090_like,16384,65536,1,128,128.0,2.147483648,0.02097152,0.002147483648,0.0013631488,2.147483648,0.02097152,102.4
RTX4090_like,16384,65536,1,128,512.0,2.147483648,0.02097152,0.002147483648,0.00538968064,2.147483648,0.02097152,102.4
RTX4090_like,16384,65536,1,256,32.0,2.147483648,0.04194304,0.002147483648,0.00071303168,2.147483648,0.04194304,51.2
RTX4090_like,16384,65536,1,256,128.0,2.147483648,0.04194304,0.002147483648,0.0027262976,2.147483648,0.04194304,51.2
RTX4090_like,16384,65536,1,256,512.0,2.147483648,0.04194304,0.002147483648,0.01077936128,2.147483648,0.04194304,51.2
RTX4090_like,16384,65536,8,16,32.0,2.147483648,0.00262144,0.017179869184,6.291456e-05,2.147483648,0.00262144,819.2
RTX4090_like,16384,65536,8,16,128.0,2.147483648,0.00262144,0.017179869184,0.00018874368,2.147483648,0.00262144,819.2
RTX4090_like,16384,65536,8,16,512.0,2.147483648,0.00262144,0.017179869184,0.00069206016,2.147483648,0.00262144,819.2
RTX4090_like,16384,65536,8,32,32.0,2.147483648,0.00524288,0.017179869184,0.00012582912,2.147483648,0.00524288,409.6
RTX4090_like,16384,65536,8,32,128.0,2.147483648,0.00524288,0.017179869184,0.00037748736,2.147483648,0.00524288,409.6
RTX4090_like,16384,65536,8,32,512.0,2.147483648,0.00524288,0.017179869184,0.00138412032,2.147483648,0.00524288,409.6
RTX4090_like,16384,65536,8,64,32.0,2.147483648,0.01048576,0.017179869184,0.00025165824,2.147483648,0.01048576,204.8
RTX4090_like,16384,65536,8,64,128.0,2.147483648,0.01048576,0.017179869184,0.00075497472,2.147483648,0.01048576,204.8
RTX4090_like,16384,65536,8,64,512.0,2.147483648,0.01048576,0.017179869184,0.00276824064,2.147483648,0.01048576,204.8
RTX4090_like,16384,65536,8,128,32.0,2.147483648,0.02097152,0.017179869184,0.00050331648,2.147483648,0.02097152,102.4
RTX4090_like,16384,65536,8,128,128.0,2.147483648,0.02097152,0.017179869184,0.00150994944,2.147483648,0.02097152,102.4
RTX4090_like,16384,65536,8,128,512.0,2.147483648,0.02097152,0.017179869184,0.00553648128,2.147483648,0.02097152,102.4
RTX4090_like,16384,65536,8,256,32.0,2.147483648,0.04194304,0.017179869184,0.00100663296,2.147483648,0.04194304,51.2
RTX4090_like,16384,65536,8,256,128.0,2.147483648,0.04194304,0.017179869184,0.00301989888,2.147483648,0.04194304,51.2
RTX4090_like,16384,65536,8,256,512.0,2.147483648,0.04194304,0.017179869184,0.01107296256,2.147483648,0.04194304,51.2
RTX4090_like,16384,65536,32,16,32.0,2.147483648,0.00262144,0.068719476736,0.00012582912,2.147483648,0.00262144,819.2
RTX4090_like,16384,65536,32,16,128.0,2.147483648,0.00262144,0.068719476736,0.00025165824,2.147483648,0.00262144,819.2
RTX4090_like,16384,65536,32,16,512.0,2.147483648,0.00262144,0.068719476736,0.00075497472,2.147483648,0.00262144,819.2
RTX4090_like,16384,65536,32,32,32.0,2.147483648,0.00524288,0.068719476736,0.00025165824,2.147483648,0.00524288,409.6
RTX4090_like,16384,65536,32,32,128.0,2.147483648,0.00524288,0.068719476736,0.00050331648,2.147483648,0.00524288,409.6
RTX4090_like,16384,65536,32,32,512.0,2.147483648,0.00524288,0.068719476736,0.00150994944,2.147483648,0.00524288,409.6
RTX4090_like,16384,65536,32,64,32.0,2.147483648,0.01048576,0.068719476736,0.00050331648,2.147483648,0.01048576,204.8
RTX4090_like,16384,65536,32,64,128.0,2.147483648,0.01048576,0.068719476736,0.00100663296,2.147483648,0.01048576,204.8
RTX4090_like,16384,65536,32,64,512.0,2.147483648,0.01048576,0.068719476736,0.00301989888,2.147483648,0.01048576,204.8
RTX4090_like,16384,65536,32,128,32.0,2.147483648,0.02097152,0.068719476736,0.00100663296,2.147483648,0.02097152,102.4
RTX4090_like,16384,65536,32,128,128.0,2.147483648,0.02097152,0.068719476736,0.00201326592,2.147483648,0.02097152,102.4
RTX4090_like,16384,65536,32,128,512.0,2.147483648,0.02097152,0.068719476736,0.00603979776,2.147483648,0.02097152,102.4
RTX4090_like,16384,65536,32,256,32.0,2.147483648,0.04194304,0.068719476736,0.00201326592,2.147483648,0.04194304,51.2
RTX4090_like,16384,65536,32,256,128.0,2.147483648,0.04194304,0.068719476736,0.00402653184,2.147483648,0.04194304,51.2
RTX4090_like,16384,65536,32,256,512.0,2.147483648,0.04194304,0.068719476736,0.01207959552,2.147483648,0.04194304,51.2
RTX4090_like,16384,65536,128,16,32.0,2.147483648,0.00262144,0.274877906944,0.00037748736,2.147483648,0.00262144,819.2
RTX4090_like,16384,65536,128,16,128.0,2.147483648,0.00262144,0.274877906944,0.00050331648,2.147483648,0.00262144,819.2
RTX4090_like,16384,65536,128,16,512.0,2.147483648,0.00262144,0.274877906944,0.00100663296,2.147483648,0.003050402909090909,704.0
RTX4090_like,16384,65536,128,32,32.0,2.147483648,0.00524288,0.274877906944,0.00075497472,2.147483648,0.00524288,409.6
RTX4090_like,16384,65536,128,32,128.0,2.147483648,0.00524288,0.274877906944,0.00100663296,2.147483648,0.00524288,409.6
RTX4090_like,16384,65536,128,32,512.0,2.147483648,0.00524288,0.274877906944,0.00201326592,2.147483648,0.006100805818181818,352.0
RTX4090_like,16384,65536,128,64,32.0,2.147483648,0.01048576,0.274877906944,0.00150994944,2.147483648,0.01048576,204.8
RTX4090_like,16384,65536,128,64,128.0,2.147483648,0.01048576,0.274877906944,0.00201326592,2.147483648,0.01048576,204.8
RTX4090_like,16384,65536,128,64,512.0,2.147483648,0.01048576,0.274877906944,0.00402653184,2.147483648,0.012201611636363636,176.0
RTX4090_like,16384,65536,128,128,32.0,2.147483648,0.02097152,0.274877906944,0.00301989888,2.147483648,0.02097152,102.4
RTX4090_like,16384,65536,128,128,128.0,2.147483648,0.02097152,0.274877906944,0.00402653184,2.147483648,0.02097152,102.4
RTX4090_like,16384,65536,128,128,512.0,2.147483648,0.02097152,0.274877906944,0.00805306368,2.147483648,0.024403223272727273,88.0
RTX4090_like,16384,65536,128,256,32.0,2.147483648,0.04194304,0.274877906944,0.00603979776,2.147483648,0.04194304,51.2
RTX4090_like,16384,65536,128,256,128.0,2.147483648,0.04194304,0.274877906944,0.00805306368,2.147483648,0.04194304,51.2
RTX4090_like,16384,65536,128,256,512.0,2.147483648,0.04194304,0.274877906944,0.01610612736,2.147483648,0.048806446545454546,44.0
A100_like,1024,4096,1,16,32.0,0.008388608,0.00016384,8.388608e-06,2.78528e-06,0.004194304,8.192e-05,51.2
A100_like,1024,4096,1,16,128.0,0.008388608,0.00016384,8.388608e-06,1.06496e-05,0.004194304,8.192e-05,51.2
A100_like,1024,4096,1,16,512.0,0.008388608,0.00016384,8.388608e-06,4.210688e-05,0.004194304,0.0001349579487179487,31.078599221789887
A100_like,1024,4096,1,32,32.0,0.008388608,0.00032768,8.388608e-06,5.57056e-06,0.004194304,0.00016384,25.6
A100_like,1024,4096,1,32,128.0,0.008388608,0.00032768,8.388608e-06,2.12992e-05,0.004194304,0.00016384,25.6
A100_like,1024,4096,1,32,512.0,0.008388608,0.00032768,8.388608e-06,8.421376e-05,0.004194304,0.0002699158974358974,15.539299610894943
A100_like,1024,4096,1,64,32.0,0.008388608,0.00065536,8.388608e-06,1.114112e-05,0.004194304,0.00032768,12.8
A100_like,1024,4096,1,64,128.0,0.008388608,0.00065536,8.388608e-06,4.25984e-05,0.004194304,0.00032768,12.8
A100_like,1024,4096,1,64,512.0,0.008388608,0.00065536,8.388608e-06,0.00016842752,0.004194304,0.0005398317948717949,7.769649805447472
A100_like,1024,4096,1,128,32.0,0.008388608,0.00131072,8.388608e-06,2.228224e-05,0.004194304,0.00065536,6.4
A100_like,1024,4096,1,128,128.0,0.008388608,0.00131072,8.388608e-06,8.51968e-05,0.004194304,0.00065536,6.4
A100_like,1024,4096,1,128,512.0,0.008388608,0.00131072,8.388608e-06,0.00033685504,0.004194304,0.0010796635897435897,3.884824902723736
A100_like,1024,4096,1,256,32.0,0.008388608,0.00262144,8.388608e-06,4.456448e-05,0.004194304,0.00131072,3.2
A100_like,1024,4096,1,256,128.0,0.008388608,0.00262144,8.388608e-06,0.0001703936,0.004194304,0.00131072,3.2
A100_like,1024,4096,1,256,512.0,0.008388608,0.00262144,8.388608e-06,0.00067371008,0.004194304,0.0021593271794871794,1.942412451361868
A100_like,1024,4096,8,16,32.0,0.008388608,0.00016384,6.7108864e-05,3.93216e-06,0.004194304,8.192e-05,51.2
A100_like,1024,4096,8,16,128.0,0.008388608,0.00016384,6.7108864e-05,1.179648e-05,0.004194304,8.192e-05,51.2
A100_like,1024,4096,8,16,512.0,0.008388608,0.00016384,6.7108864e-05,4.325376e-05,0.004194304,0.00013863384615384617,30.254545454545454
A100_like,1024,4096,8,32,32.0,0.008388608,0.00032768,6.7108864e-05,7.86432e-06,0.004194304,0.00016384,25.6
A100_like,1024,4096,8,32,128.0,0.008388608,0.00032768,6.7108864e-05,2.359296e-05,0.004194304,0.00016384,25.6
A100_like,1024,4096,8,32,512.0,0.008388608,0.00032768,6.7108864e-05,8.650752e-05,0.004194304,0.00027726769230769233,15.127272727272727
A100_like,1024,4096,8,64,32.0,0.008388608,0.00065536,6.7108864e-05,1.572864e-05,0.004194304,0.00032768,12.8
A100_like,1024,4096,8,64,128.0,0.008388608,0.00065536,6.7108864e-05,4.718592e-05,0.004194304,0.00032768,12.8
A100_like,1024,4096,8,64,512.0,0.008388608,0.00065536,6.7108864e-05,0.00017301504,0.004194304,0.0005545353846153847,7.5636363636363635
A100_like,1024,4096,8,128,32.0,0.008388608,0.00131072,6.7108864e-05,3.145728e-05,0.004194304,0.00065536,6.4
A100_like,1024,4096,8,128,128.0,0.008388608,0.00131072,6.7108864e-05,9.437184e-05,0.004194304,0.00065536,6.4
A100_like,1024,4096,8,128,512.0,0.008388608,0.00131072,6.7108864e-05,0.00034603008,0.004194304,0.0011090707692307693,3.7818181818181817
A100_like,1024,4096,8,256,32.0,0.008388608,0.00262144,6.7108864e-05,6.291456e-05,0.004194304,0.00131072,3.2
A100_like,1024,4096,8,256,128.0,0.008388608,0.00262144,6.7108864e-05,0.00018874368,0.004194304,0.00131072,3.2
A100_like,1024,4096,8,256,512.0,0.008388608,0.00262144,6.7108864e-05,0.00069206016,0.004194304,0.0022181415384615387,1.8909090909090909
A100_like,1024,4096,32,16,32.0,0.008388608,0.00016384,0.000268435456,7.86432e-06,0.004194304,8.192e-05,51.2
A100_like,1024,4096,32,16,128.0,0.008388608,0.00016384,0.000268435456,1.572864e-05,0.004194304,8.192e-05,51.2
A100_like,1024,4096,32,16,512.0,0.008388608,0.00016384,0.000268435456,4.718592e-05,0.004194304,0.00015123692307692307,27.733333333333334
A100_like,1024,4096,32,32,32.0,0.008388608,0.00032768,0.000268435456,1.572864e-05,0.004194304,0.00016384,25.6
A100_like,1024,4096,32,32,128.0,0.008388608,0.00032768,0.000268435456,3.145728e-05,0.004194304,0.00016384,25.6
A100_like,1024,4096,32,32,512.0,0.008388608,0.00032768,0.000268435456,9.437184e-05,0.004194304,0.00030247384615384614,13.866666666666667
A100_like,1024,4096,32,64,32.0,0.008388608,0.00065536,0.000268435456,3.145728e-05,0.004194304,0.00032768,12.8
A100_like,1024,4096,32,64,128.0,0.008388608,0.00065536,0.000268435456,6.291456e-05,0.004194304,0.00032768,12.8
A100_like,1024,4096,32,64,512.0,0.008388608,0.00065536,0.000268435456,0.00018874368,0.004194304,0.0006049476923076923,6.933333333333334
A100_like,1024,4096,32,128,32.0,0.008388608,0.00131072,0.000268435456,6.291456e-05,0.004194304,0.00065536,6.4
A100_like,1024,4096,32,128,128.0,0.008388608,0.00131072,0.000268435456,0.00012582912,0.004194304,0.00065536,6.4
A100_like,1024,4096,32,128,512.0,0.008388608,0.00131072,0.000268435456,0.00037748736,0.004194304,0.0012098953846153846,3.466666666666667
A100_like,1024,4096,32,256,32.0,0.008388608,0.00262144,0.000268435456,0.00012582912,0.004194304,0.00131072,3.2
A100_like,1024,4096,32,256,128.0,0.008388608,0.00262144,0.000268435456,0.00025165824,0.004194304,0.00131072,3.2
A100_like,1024,4096,32,256,512.0,0.008388608,0.00262144,0.000268435456,0.00075497472,0.004194304,0.002419790769230769,1.7333333333333334
A100_like,1024,4096,128,16,32.0,0.008388608,0.00016384,0.001073741824,2.359296e-05,0.004194304,8.192e-05,51.2
A100_like,1024,4096,128,16,128.0,0.008388608,0.00016384,0.001073741824,3.145728e-05,0.004194304,0.00010082461538461539,41.6
A100_like,1024,4096,128,16,512.0,0.008388608,0.00016384,0.001073741824,6.291456e-05,0.004194304,0.00020164923076923077,20.8
A100_like,1024,4096,128,32,32.0,0.008388608,0.00032768,0.001073741824,4.718592e-05,0.004194304,0.00016384,25.6
A100_like,1024,4096,128,32,128.0,0.008388608,0.00032768,0.001073741824,6.291456e-05,0.004194304,0.00020164923076923077,20.8
A100_like,1024,4096,128,32,512.0,0.008388608,0.00032768,0.001073741824,0.00012582912,0.004194304,0.00040329846153846154,10.4
A100_like,1024,4096,128,64,32.0,0.008388608,0.00065536,0.001073741824,9.437184e-05,0.004194304,0.00032768,12.8
A100_like,1024,4096,128,64,128.0,0.008388608,0.00065536,0.001073741824,0.00012582912,0.004194304,0.00040329846153846154,10.4
A100_like,1024,4096,128,64,512.0,0.008388608,0.00065536,0.001073741824,0.00025165824,0.004194304,0.0008065969230769231,5.2
A100_like,1024,4096,128,128,32.0,0.008388608,0.00131072,0.001073741824,0.00018874368,0.004194304,0.00065536,6.4
A100_like,1024,4096,128,128,128.0,0.008388608,0.00131072,0.001073741824,0.00025165824,0.004194304,0.0008065969230769231,5.2
A100_like,1024,4096,128,128,512.0,0.008388608,0.00131072,0.001073741824,0.00050331648,0.004194304,0.0016131938461538462,2.6
A100_like,1024,4096,128,256,32.0,0.008388608,0.00262144,0.001073741824,0.00037748736,0.004194304,0.00131072,3.2
A100_like,1024,4096,128,256,128.0,0.008388608,0.00262144,0.001073741824,0.00050331648,0.004194304,0.0016131938461538462,2.6
A100_like,1024,4096,128,256,512.0,0.008388608,0.00262144,0.001073741824,0.00100663296,0.004194304,0.0032263876923076923,1.3
A100_like,2048,8192,1,16,32.0,0.033554432,0.00032768,3.3554432e-05,5.57056e-06,0.016777216,0.00016384,102.4
A100_like,2048,8192,1,16,128.0,0.033554432,0.00032768,3.3554432e-05,2.12992e-05,0.016777216,0.00016384,102.4
A100_like,2048,8192,1,16,512.0,0.033554432,0.00032768,3.3554432e-05,8.421376e-05,0.016777216,0.0002699158974358974,62.15719844357977
A100_like,2048,8192,1,32,32.0,0.033554432,0.00065536,3.3554432e-05,1.114112e-05,0.016777216,0.00032768,51.2
A100_like,2048,8192,1,32,128.0,0.033554432,0.00065536,3.3554432e-05,4.25984e-05,0.016777216,0.00032768,51.2
A100_like,2048,8192,1,32,512.0,0.033554432,0.00065536,3.3554432e-05,0.00016842752,0.016777216,0.0005398317948717949,31.078599221789887
A100_like,2048,8192,1,64,32.0,0.033554432,0.00131072,3.3554432e-05,2.228224e-05,0.016777216,0.00065536,25.6
A100_like,2048,8192,1,64,128.0,0.033554432,0.00131072,3.3554432e-05,8.51968e-05,0.016777216,0.00065536,25.6
A100_like,2048,8192,1,64,512.0,0.033554432,0.00131072,3.3554432e-05,0.00033685504,0.016777216,0.0010796635897435897,15.539299610894943
A100_like,2048,8192,1,128,32.0,0.033554432,0.00262144,3.3554432e-05,4.456448e-05,0.016777216,0.00131072,12.8
A100_like,2048,8192,1,128,128.0,0.033554432,0.00262144,3.3554432e-05,0.0001703936,0.016777216,0.00131072,12.8
A100_like,2048,8192,1,128,512.0,0.033554432,0.00262144,3.3554432e-05,0.00067371008,0.016777216,0.0021593271794871794,7.769649805447472
A100_like,2048,8192,1,256,32.0,0.033554432,0.00524288,3.3554432e-05,8.912896e-05,0.016777216,0.00262144,6.4
A100_like,2048,8192,1,256,128.0,0.033554432,0.00524288,3.3554432e-05,0.0003407872,0.016777216,0.00262144,6.4
A100_like,2048,8192,1,256,512.0,0.033554432,0.00524288,3.3554432e-05,0.00134742016,0.016777216,0.004318654358974359,3.884824902723736
A100_like,2048,8192,8,16,32.0,0.033554432,0.00032768,0.000268435456,7.86432e-06,0.016777216,0.00016384,102.4
A100_like,2048,8192,8,16,128.0,0.033554432,0.00032768,0.000268435456,2.359296e-05,0.016777216,0.00016384,102.4
A100_like,2048,8192,8,16,512.0,0.033554432,0.00032768,0.000268435456,8.650752e-05,0.016777216,0.00027726769230769233,60.50909090909091
A100_like,2048,8192,8,32,32.0,0.033554432,0.00065536,0.000268435456,1.572864e-05,0.016777216,0.00032768,51.2
A100_like,2048,8192,8,32,128.0,0.033554432,0.00065536,0.000268435456,4.718592e-05,0.016777216,0.00032768,51.2
A100_like,2048,8192,8,32,512.0,0.033554432,0.00065536,0.000268435456,0.00017301504,0.016777216,0.0005545353846153847,30.254545454545454
A100_like,2048,8192,8,64,32.0,0.033554432,0.00131072,0.000268435456,3.145728e-05,0.016777216,0.00065536,25.6
A100_like,2048,8192,8,64,128.0,0.033554432,0.00131072,0.000268435456,9.437184e-05,0.016777216,0.00065536,25.6
A100_like,2048,8192,8,64,512.0,0.033554432,0.00131072,0.000268435456,0.00034603008,0.016777216,0.0011090707692307693,15.127272727272727
A100_like,2048,8192,8,128,32.0,0.033554432,0.00262144,0.000268435456,6.291456e-05,0.016777216,0.00131072,12.8
A100_like,2048,8192,8,128,128.0,0.033554432,0.00262144,0.000268435456,0.00018874368,0.016777216,0.00131072,12.8
A100_like,2048,8192,8,128,512.0,0.033554432,0.00262144,0.000268435456,0.00069206016,0.016777216,0.0022181415384615387,7.5636363636363635
A100_like,2048,8192,8,256,32.0,0.033554432,0.00524288,0.000268435456,0.00012582912,0.016777216,0.00262144,6.4
A100_like,2048,8192,8,256,128.0,0.033554432,0.00524288,0.000268435456,0.00037748736,0.016777216,0.00262144,6.4
A100_like,2048,8192,8,256,512.0,0.033554432,0.00524288,0.000268435456,0.00138412032,0.016777216,0.004436283076923077,3.7818181818181817
A100_like,2048,8192,32,16,32.0,0.033554432,0.00032768,0.001073741824,1.572864e-05,0.016777216,0.00016384,102.4
A100_like,2048,8192,32,16,128.0,0.033554432,0.00032768,0.001073741824,3.145728e-05,0.016777216,0.00016384,102.4
A100_like,2048,8192,32,16,512.0,0.033554432,0.00032768,0.001073741824,9.437184e-05,0.016777216,0.00030247384615384614,55.46666666666667
A100_like,2048,8192,32,32,32.0,0.033554432,0.00065536,0.001073741824,3.145728e-05,0.016777216,0.00032768,51.2
A100_like,2048,8192,32,32,128.0,0.033554432,0.00065536,0.001073741824,6.291456e-05,0.016777216,0.00032768,51.2
A100_like,2048,8192,32,32,512.0,0.033554432,0.00065536,0.001073741824,0.00018874368,0.016777216,0.0006049476923076923,27.733333333333334
A100_like,2048,8192,32,64,32.0,0.033554432,0.00131072,0.001073741824,6.291456e-05,0.016777216,0.00065536,25.6
A100_like,2048,8192,32,64,128.0,0.033554432,0.00131072,0.001073741824,0.00012582912,0.016777216,0.00065536,25.6
A100_like,2048,8192,32,64,512.0,0.033554432,0.00131072,0.001073741824,0.00037748736,0.016777216,0.0012098953846153846,13.866666666666667
A100_like,2048,8192,32,128,32.0,0.033554432,0.00262144,0.001073741824,0.00012582912,0.016777216,0.00131072,12.8
A100_like,2048,8192,32,128,128.0,0.033554432,0.00262144,0.001073741824,0.00025165824,0.016777216,0.00131072,12.8
A100_like,2048,8192,32,128,512.0,0.033554432,0.00262144,0.001073741824,0.00075497472,0.016777216,0.002419790769230769,6.933333333333334
A100_like,2048,8192,32,256,32.0,0.033554432,0.00524288,0.001073741824,0.00025165824,0.016777216,0.00262144,6.4
A100_like,2048,8192,32,256,128.0,0.033554432,0.00524288,0.001073741824,0.00050331648,0.016777216,0.00262144,6.4
A100_like,2048,8192,32,256,512.0,0.033554432,0.00524288,0.001073741824,0.00150994944,0.016777216,0.004839581538461538,3.466666666666667
A100_like,2048,8192,128,16,32.0,0.033554432,0.00032768,0.004294967296,4.718592e-05,0.016777216,0.00016384,102.4
A100_like,2048,8192,128,16,128.0,0.033554432,0.00032768,0.004294967296,6.291456e-05,0.016777216,0.00020164923076923077,83.2
A100_like,2048,8192,128,16,512.0,0.033554432,0.00032768,0.004294967296,0.00012582912,0.016777216,0.00040329846153846154,41.6
A100_like,2048,8192,128,32,32.0,0.033554432,0.00065536,0.004294967296,9.437184e-05,0.016777216,0.00032768,51.2
A100_like,2048,8192,128,32,128.0,0.033554432,0.00065536,0.004294967296,0.00012582912,0.016777216,0.00040329846153846154,41.6
A100_like,2048,8192,128,32,512.0,0.033554432,0.00065536,0.004294967296,0.00025165824,0.016777216,0.0008065969230769231,20.8
A100_like,2048,8192,128,64,32.0,0.033554432,0.00131072,0.004294967296,0.00018874368,0.016777216,0.00065536,25.6
A100_like,2048,8192,128,64,128.0,0.033554432,0.00131072,0.004294967296,0.00025165824,0.016777216,0.0008065969230769231,20.8
A100_like,2048,8192,128,64,512.0,0.033554432,0.00131072,0.004294967296,0.00050331648,0.016777216,0.0016131938461538462,10.4
A100_like,2048,8192,128,128,32.0,0.033554432,0.00262144,0.004294967296,0.00037748736,0.016777216,0.00131072,12.8
A100_like,2048,8192,128,128,128.0,0.033554432,0.00262144,0.004294967296,0.00050331648,0.016777216,0.0016131938461538462,10.4
A100_like,2048,8192,128,128,512.0,0.033554432,0.00262144,0.004294967296,0.00100663296,0.016777216,0.0032263876923076923,5.2
A100_like,2048,8192,128,256,32.0,0.033554432,0.00524288,0.004294967296,0.00075497472,0.016777216,0.00262144,6.4
A100_like,2048,8192,128,256,128.0,0.033554432,0.00524288,0.004294967296,0.00100663296,0.016777216,0.0032263876923076923,5.2
A100_like,2048,8192,128,256,512.0,0.033554432,0.00524288,0.004294967296,0.00201326592,0.016777216,0.006452775384615385,2.6
A100_like,4096,16384,1,16,32.0,0.134217728,0.00065536,0.000134217728,1.114112e-05,0.067108864,0.00032768,204.8
A100_like,4096,16384,1,16,128.0,0.134217728,0.00065536,0.000134217728,4.25984e-05,0.067108864,0.00032768,204.8
A100_like,4096,16384,1,16,512.0,0.134217728,0.00065536,0.000134217728,0.00016842752,0.067108864,0.0005398317948717949,124.31439688715955
A100_like,4096,16384,1,32,32.0,0.134217728,0.00131072,0.000134217728,2.228224e-05,0.067108864,0.00065536,102.4
A100_like,4096,16384,1,32,128.0,0.134217728,0.00131072,0.000134217728,8.51968e-05,0.067108864,0.00065536,102.4
A100_like,4096,16384,1,32,512.0,0.134217728,0.00131072,0.000134217728,0.00033685504,0.067108864,0.0010796635897435897,62.15719844357977
A100_like,4096,16384,1,64,32.0,0.134217728,0.00262144,0.000134217728,4.456448e-05,0.067108864,0.00131072,51.2
A100_like,4096,16384,1,64,128.0,0.134217728,0.00262144,0.000134217728,0.0001703936,0.067108864,0.00131072,51.2
A100_like,4096,16384,1,64,512.0,0.134217728,0.00262144,0.000134217728,0.00067371008,0.067108864,0.0021593271794871794,31.078599221789887
A100_like,4096,16384,1,128,32.0,0.134217728,0.00524288,0.000134217728,8.912896e-05,0.067108864,0.00262144,25.6
A100_like,4096,16384,1,128,128.0,0.134217728,0.00524288,0.000134217728,0.0003407872,0.067108864,0.00262144,25.6
A100_like,4096,16384,1,128,512.0,0.134217728,0.00524288,0.000134217728,0.00134742016,0.067108864,0.004318654358974359,15.539299610894943
A100_like,4096,16384,1,256,32.0,0.134217728,0.01048576,0.000134217728,0.00017825792,0.067108864,0.00524288,12.8
A100_like,4096,16384,1,256,128.0,0.134217728,0.01048576,0.000134217728,0.0006815744,0.067108864,0.00524288,12.8
A100_like,4096,16384,1,256,512.0,0.134217728,0.01048576,0.000134217728,0.00269484032,0.067108864,0.008637308717948718,7.769649805447472
A100_like,4096,16384,8,16,32.0,0.134217728,0.00065536,0.001073741824,1.572864e-05,0.067108864,0.00032768,204.8
A100_like,4096,16384,8,16,128.0,0.134217728,0.00065536,0.001073741824,4.718592e-05,0.067108864,0.00032768,204.8
A100_like,4096,16384,8,16,512.0,0.134217728,0.00065536,0.001073741824,0.00017301504,0.067108864,0.0005545353846153847,121.01818181818182
A100_like,4096,16384,8,32,32.0,0.134217728,0.00131072,0.001073741824,3.145728e-05,0.067108864,0.00065536,102.4
A100_like,4096,16384,8,32,128.0,0.134217728,0.00131072,0.001073741824,9.437184e-05,0.067108864,0.00065536,102.4
A100_like,4096,16384,8,32,512.0,0.134217728,0.00131072,0.001073741824,0.00034603008,0.067108864,0.0011090707692307693,60.50909090909091
A100_like,4096,16384,8,64,32.0,0.134217728,0.00262144,0.001073741824,6.291456e-05,0.067108864,0.00131072,51.2
A100_like,4096,16384,8,64,128.0,0.134217728,0.00262144,0.001073741824,0.00018874368,0.067108864,0.00131072,51.2
A100_like,4096,16384,8,64,512.0,0.134217728,0.00262144,0.001073741824,0.00069206016,0.067108864,0.0022181415384615387,30.254545454545454
A100_like,4096,16384,8,128,32.0,0.134217728,0.00524288,0.001073741824,0.00012582912,0.067108864,0.00262144,25.6
A100_like,4096,16384,8,128,128.0,0.134217728,0.00524288,0.001073741824,0.00037748736,0.067108864,0.00262144,25.6
A100_like,4096,16384,8,128,512.0,0.134217728,0.00524288,0.001073741824,0.00138412032,0.067108864,0.004436283076923077,15.127272727272727
A100_like,4096,16384,8,256,32.0,0.134217728,0.01048576,0.001073741824,0.00025165824,0.067108864,0.00524288,12.8
A100_like,4096,16384,8,256,128.0,0.134217728,0.01048576,0.001073741824,0.00075497472,0.067108864,0.00524288,12.8
A100_like,4096,16384,8,256,512.0,0.134217728,0.01048576,0.001073741824,0.00276824064,0.067108864,0.008872566153846155,7.5636363636363635
A100_like,4096,16384,32,16,32.0,0.134217728,0.00065536,0.004294967296,3.145728e-05,0.067108864,0.00032768,204.8
A100_like,4096,16384,32,16,128.0,0.134217728,0.00065536,0.004294967296,6.291456e-05,0.067108864,0.00032768,204.8
A100_like,4096,16384,32,16,512.0,0.134217728,0.00065536,0.004294967296,0.00018874368,0.067108864,0.0006049476923076923,110.93333333333334
A100_like,4096,16384,32,32,32.0,0.134217728,0.00131072,0.004294967296,6.291456e-05,0.067108864,0.00065536,102.4
A100_like,4096,16384,32,32,128.0,0.134217728,0.00131072,0.004294967296,0.00012582912,0.067108864,0.00065536,102.4
A100_like,4096,16384,32,32,512.0,0.134217728,0.00131072,0.004294967296,0.00037748736,0.067108864,0.0012098953846153846,55.46666666666667
A100_like,4096,16384,32,64,32.0,0.134217728,0.00262144,0.004294967296,0.00012582912,0.067108864,0.00131072,51.2
A100_like,4096,16384,32,64,128.0,0.134217728,0.00262144,0.004294967296,0.00025165824,0.067108864,0.00131072,51.2
A100_like,4096,16384,32,64,512.0,0.134217728,0.00262144,0.004294967296,0.00075497472,0.067108864,0.002419790769230769,27.733333333333334
A100_like,4096,16384,32,128,32.0,0.134217728,0.00524288,0.004294967296,0.00025165824,0.067108864,0.00262144,25.6
A100_like,4096,16384,32,128,128.0,0.134217728,0.00524288,0.004294967296,0.00050331648,0.067108864,0.00262144,25.6
A100_like,4096,16384,32,128,512.0,0.134217728,0.00524288,0.004294967296,0.00150994944,0.067108864,0.004839581538461538,13.866666666666667
A100_like,4096,16384,32,256,32.0,0.134217728,0.01048576,0.004294967296,0.00050331648,0.067108864,0.00524288,12.8
A100_like,4096,16384,32,256,128.0,0.134217728,0.01048576,0.004294967296,0.00100663296,0.067108864,0.00524288,12.8
A100_like,4096,16384,32,256,512.0,0.134217728,0.01048576,0.004294967296,0.00301989888,0.067108864,0.009679163076923077,6.933333333333334
A100_like,4096,16384,128,16,32.0,0.134217728,0.00065536,0.017179869184,9.437184e-05,0.067108864,0.00032768,204.8
A100_like,4096,16384,128,16,128.0,0.134217728,0.00065536,0.017179869184,0.00012582912,0.067108864,0.00040329846153846154,166.4
A100_like,4096,16384,128,16,512.0,0.134217728,0.00065536,0.017179869184,0.00025165824,0.067108864,0.0008065969230769231,83.2
A100_like,4096,16384,128,32,32.0,0.134217728,0.00131072,0.017179869184,0.00018874368,0.067108864,0.00065536,102.4
A100_like,4096,16384,128,32,128.0,0.134217728,0.00131072,0.017179869184,0.00025165824,0.067108864,0.0008065969230769231,83.2
A100_like,4096,16384,128,32,512.0,0.134217728,0.00131072,0.017179869184,0.00050331648,0.067108864,0.0016131938461538462,41.6
A100_like,4096,16384,128,64,32.0,0.134217728,0.00262144,0.017179869184,0.00037748736,0.067108864,0.00131072,51.2
A100_like,4096,16384,128,64,128.0,0.134217728,0.00262144,0.017179869184,0.00050331648,0.067108864,0.0016131938461538462,41.6
A100_like,4096,16384,128,64,512.0,0.134217728,0.00262144,0.017179869184,0.00100663296,0.067108864,0.0032263876923076923,20.8
A100_like,4096,16384,128,128,32.0,0.134217728,0.00524288,0.017179869184,0.00075497472,0.067108864,0.00262144,25.6
A100_like,4096,16384,128,128,128.0,0.134217728,0.00524288,0.017179869184,0.00100663296,0.067108864,0.0032263876923076923,20.8
A100_like,4096,16384,128,128,512.0,0.134217728,0.00524288,0.017179869184,0.00201326592,0.067108864,0.006452775384615385,10.4
A100_like,4096,16384,128,256,32.0,0.134217728,0.01048576,0.017179869184,0.00150994944,0.067108864,0.00524288,12.8
A100_like,4096,16384,128,256,128.0,0.134217728,0.01048576,0.017179869184,0.00201326592,0.067108864,0.006452775384615385,10.4
A100_like,4096,16384,128,256,512.0,0.134217728,0.01048576,0.017179869184,0.00402653184,0.067108864,0.01290555076923077,5.2
A100_like,8192,32768,1,16,32.0,0.536870912,0.00131072,0.000536870912,2.228224e-05,0.268435456,0.00065536,409.6
A100_like,8192,32768,1,16,128.0,0.536870912,0.00131072,0.000536870912,8.51968e-05,0.268435456,0.00065536,409.6
A100_like,8192,32768,1,16,512.0,0.536870912,0.00131072,0.000536870912,0.00033685504,0.268435456,0.0010796635897435897,248.6287937743191
A100_like,8192,32768,1,32,32.0,0.536870912,0.00262144,0.000536870912,4.456448e-05,0.268435456,0.00131072,204.8
A100_like,8192,32768,1,32,128.0,0.536870912,0.00262144,0.000536870912,0.0001703936,0.268435456,0.00131072,204.8
A100_like,8192,32768,1,32,512.0,0.536870912,0.00262144,0.000536870912,0.00067371008,0.268435456,0.0021593271794871794,124.31439688715955
A100_like,8192,32768,1,64,32.0,0.536870912,0.00524288,0.000536870912,8.912896e-05,0.268435456,0.00262144,102.4
A100_like,8192,32768,1,64,128.0,0.536870912,0.00524288,0.000536870912,0.0003407872,0.268435456,0.00262144,102.4
A100_like,8192,32768,1,64,512.0,0.536870912,0.00524288,0.000536870912,0.00134742016,0.268435456,0.004318654358974359,62.15719844357977
A100_like,8192,32768,1,128,32.0,0.536870912,0.01048576,0.000536870912,0.00017825792,0.268435456,0.00524288,51.2
A100_like,8192,32768,1,128,128.0,0.536870912,0.01048576,0.000536870912,0.0006815744,0.268435456,0.00524288,51.2
A100_like,8192,32768,1,128,512.0,0.536870912,0.01048576,0.000536870912,0.00269484032,0.268435456,0.008637308717948718,31.078599221789887
A100_like,8192,32768,1,256,32.0,0.536870912,0.02097152,0.000536870912,0.00035651584,0.268435456,0.01048576,25.6
A100_like,8192,32768,1,256,128.0,0.536870912,0.02097152,0.000536870912,0.0013631488,0.268435456,0.01048576,25.6
A100_like,8192,32768,1,256,512.0,0.536870912,0.02097152,0.000536870912,0.00538968064,0.268435456,0.017274617435897435,15.539299610894943
A100_like,8192,32768,8,16,32.0,0.536870912,0.00131072,0.004294967296,3.145728e-05,0.268435456,0.00065536,409.6
A100_like,8192,32768,8,16,128.0,0.536870912,0.00131072,0.004294967296,9.437184e-05,0.268435456,0.00065536,409.6
A100_like,8192,32768,8,16,512.0,0.536870912,0.00131072,0.004294967296,0.00034603008,0.268435456,0.0011090707692307693,242.03636363636363
A100_like,8192,32768,8,32,32.0,0.536870912,0.00262144,0.004294967296,6.291456e-05,0.268435456,0.00131072,204.8
A100_like,8192,32768,8,32,128.0,0.536870912,0.00262144,0.004294967296,0.00018874368,0.268435456,0.00131072,204.8
A100_like,8192,32768,8,32,512.0,0.536870912,0.00262144,0.004294967296,0.00069206016,0.268435456,0.0022181415384615387,121.01818181818182
A100_like,8192,32768,8,64,32.0,0.536870912,0.00524288,0.004294967296,0.00012582912,0.268435456,0.00262144,102.4
A100_like,8192,32768,8,64,128.0,0.536870912,0.00524288,0.004294967296,0.00037748736,0.268435456,0.00262144,102.4
A100_like,8192,32768,8,64,512.0,0.536870912,0.00524288,0.004294967296,0.00138412032,0.268435456,0.004436283076923077,60.50909090909091
A100_like,8192,32768,8,128,32.0,0.536870912,0.01048576,0.004294967296,0.00025165824,0.268435456,0.00524288,51.2
A100_like,8192,32768,8,128,128.0,0.536870912,0.01048576,0.004294967296,0.00075497472,0.268435456,0.00524288,51.2
A100_like,8192,32768,8,128,512.0,0.536870912,0.01048576,0.004294967296,0.00276824064,0.268435456,0.008872566153846155,30.254545454545454
A100_like,8192,32768,8,256,32.0,0.536870912,0.02097152,0.004294967296,0.00050331648,0.268435456,0.01048576,25.6
A100_like,8192,32768,8,256,128.0,0.536870912,0.02097152,0.004294967296,0.00150994944,0.268435456,0.01048576,25.6
A100_like,8192,32768,8,256,512.0,0.536870912,0.02097152,0.004294967296,0.00553648128,0.268435456,0.01774513230769231,15.127272727272727
A100_like,8192,32768,32,16,32.0,0.536870912,0.00131072,0.017179869184,6.291456e-05,0.268435456,0.00065536,409.6
A100_like,8192,32768,32,16,128.0,0.536870912,0.00131072,0.017179869184,0.00012582912,0.268435456,0.00065536,409.6
A100_like,8192,32768,32,16,512.0,0.536870912,0.00131072,0.017179869184,0.00037748736,0.268435456,0.0012098953846153846,221.86666666666667
A100_like,8192,32768,32,32,32.0,0.536870912,0.00262144,0.017179869184,0.00012582912,0.268435456,0.00131072,204.8
A100_like,8192,32768,32,32,128.0,0.536870912,0.00262144,0.017179869184,0.00025165824,0.268435456,0.00131072,204.8
A100_like,8192,32768,32,32,512.0,0.536870912,0.00262144,0.017179869184,0.00075497472,0.268435456,0.002419790769230769,110.93333333333334
A100_like,8192,32768,32,64,32.0,0.536870912,0.00524288,0.017179869184,0.00025165824,0.268435456,0.00262144,102.4
A100_like,8192,32768,32,64,128.0,0.536870912,0.00524288,0.017179869184,0.00050331648,0.268435456,0.00262144,102.4
A100_like,8192,32768,32,64,512.0,0.536870912,0.00524288,0.017179869184,0.00150994944,0.268435456,0.004839581538461538,55.46666666666667
A100_like,8192,32768,32,128,32.0,0.536870912,0.01048576,0.017179869184,0.00050331648,0.268435456,0.00524288,51.2
A100_like,8192,32768,32,128,128.0,0.536870912,0.01048576,0.017179869184,0.00100663296,0.268435456,0.00524288,51.2
A100_like,8192,32768,32,128,512.0,0.536870912,0.01048576,0.017179869184,0.00301989888,0.268435456,0.009679163076923077,27.733333333333334
A100_like,8192,32768,32,256,32.0,0.536870912,0.02097152,0.017179869184,0.00100663296,0.268435456,0.01048576,25.6
A100_like,8192,32768,32,256,128.0,0.536870912,0.02097152,0.017179869184,0.00201326592,0.268435456,0.01048576,25.6
A100_like,8192,32768,32,256,512.0,0.536870912,0.02097152,0.017179869184,0.00603979776,0.268435456,0.019358326153846153,13.866666666666667
A100_like,8192,32768,128,16,32.0,0.536870912,0.00131072,0.068719476736,0.00018874368,0.268435456,0.00065536,409.6
A100_like,8192,32768,128,16,128.0,0.536870912,0.00131072,0.068719476736,0.00025165824,0.268435456,0.0008065969230769231,332.8
A100_like,8192,32768,128,16,512.0,0.536870912,0.00131072,0.068719476736,0.00050331648,0.268435456,0.0016131938461538462,166.4
A100_like,8192,32768,128,32,32.0,0.536870912,0.00262144,0.068719476736,0.00037748736,0.268435456,0.00131072,204.8
A100_like,8192,32768,128,32,128.0,0.536870912,0.00262144,0.068719476736,0.00050331648,0.268435456,0.0016131938461538462,166.4
A100_like,8192,32768,128,32,512.0,0.536870912,0.00262144,0.068719476736,0.00100663296,0.268435456,0.0032263876923076923,83.2
A100_like,8192,32768,128,64,32.0,0.536870912,0.00524288,0.068719476736,0.00075497472,0.268435456,0.00262144,102.4
A100_like,8192,32768,128,64,128.0,0.536870912,0.00524288,0.068719476736,0.00100663296,0.268435456,0.0032263876923076923,83.2
A100_like,8192,32768,128,64,512.0,0.536870912,0.00524288,0.068719476736,0.00201326592,0.268435456,0.006452775384615385,41.6
A100_like,8192,32768,128,128,32.0,0.536870912,0.01048576,0.068719476736,0.00150994944,0.268435456,0.00524288,51.2
A100_like,8192,32768,128,128,128.0,0.536870912,0.01048576,0.068719476736,0.00201326592,0.268435456,0.006452775384615385,41.6
A100_like,8192,32768,128,128,512.0,0.536870912,0.01048576,0.068719476736,0.00402653184,0.268435456,0.01290555076923077,20.8
A100_like,8192,32768,128,256,32.0,0.536870912,0.02097152,0.068719476736,0.00301989888,0.268435456,0.01048576,25.6
A100_like,8192,32768,128,256,128.0,0.536870912,0.02097152,0.068719476736,0.00402653184,0.268435456,0.01290555076923077,20.8
A100_like,8192,32768,128,256,512.0,0.536870912,0.02097152,0.068719476736,0.00805306368,0.268435456,0.02581110153846154,10.4
A100_like,16384,65536,1,16,32.0,2.147483648,0.00262144,0.002147483648,4.456448e-05,1.073741824,0.00131072,819.2
A100_like,16384,65536,1,16,128.0,2.147483648,0.00262144,0.002147483648,0.0001703936,1.073741824,0.00131072,819.2
A100_like,16384,65536,1,16,512.0,2.147483648,0.00262144,0.002147483648,0.00067371008,1.073741824,0.0021593271794871794,497.2575875486382
A100_like,16384,65536,1,32,32.0,2.147483648,0.00524288,0.002147483648,8.912896e-05,1.073741824,0.00262144,409.6
A100_like,16384,65536,1,32,128.0,2.147483648,0.00524288,0.002147483648,0.0003407872,1.073741824,0.00262144,409.6
A100_like,16384,65536,1,32,512.0,2.147483648,0.00524288,0.002147483648,0.00134742016,1.073741824,0.004318654358974359,248.6287937743191
A100_like,16384,65536,1,64,32.0,2.147483648,0.01048576,0.002147483648,0.00017825792,1.073741824,0.00524288,204.8
A100_like,16384,65536,1,64,128.0,2.147483648,0.01048576,0.002147483648,0.0006815744,1.073741824,0.00524288,204.8
A100_like,16384,65536,1,64,512.0,2.147483648,0.01048576,0.002147483648,0.00269484032,1.073741824,0.008637308717948718,124.31439688715955
A100_like,16384,65536,1,128,32.0,2.147483648,0.02097152,0.002147483648,0.00035651584,1.073741824,0.01048576,102.4
A100_like,16384,65536,1,128,128.0,2.147483648,0.02097152,0.002147483648,0.0013631488,1.073741824,0.01048576,102.4
A100_like,16384,65536,1,128,512.0,2.147483648,0.02097152,0.002147483648,0.00538968064,1.073741824,0.017274617435897435,62.15719844357977
A100_like,16384,65536,1,256,32.0,2.147483648,0.04194304,0.002147483648,0.00071303168,1.073741824,0.02097152,51.2
A100_like,16384,65536,1,256,128.0,2.147483648,0.04194304,0.002147483648,0.0027262976,1.073741824,0.02097152,51.2
A100_like,16384,65536,1,256,512.0,2.147483648,0.04194304,0.002147483648,0.01077936128,1.073741824,0.03454923487179487,31.078599221789887
A100_like,16384,65536,8,16,32.0,2.147483648,0.00262144,0.017179869184,6.291456e-05,1.073741824,0.00131072,819.2
A100_like,16384,65536,8,16,128.0,2.147483648,0.00262144,0.017179869184,0.00018874368,1.073741824,0.00131072,819.2
A100_like,16384,65536,8,16,512.0,2.147483648,0.00262144,0.017179869184,0.00069206016,1.073741824,0.0022181415384615387,484.07272727272726
A100_like,16384,65536,8,32,32.0,2.147483648,0.00524288,0.017179869184,0.00012582912,1.073741824,0.00262144,409.6
A100_like,16384,65536,8,32,128.0,2.147483648,0.00524288,0.017179869184,0.00037748736,1.073741824,0.00262144,409.6
A100_like,16384,65536,8,32,512.0,2.147483648,0.00524288,0.017179869184,0.00138412032,1.073741824,0.004436283076923077,242.03636363636363
A100_like,16384,65536,8,64,32.0,2.147483648,0.01048576,0.017179869184,0.00025165824,1.073741824,0.00524288,204.8
A100_like,16384,65536,8,64,128.0,2.147483648,0.01048576,0.017179869184,0.00075497472,1.073741824,0.00524288,204.8
A100_like,16384,65536,8,64,512.0,2.147483648,0.01048576,0.017179869184,0.00276824064,1.073741824,0.008872566153846155,121.01818181818182
A100_like,16384,65536,8,128,32.0,2.147483648,0.02097152,0.017179869184,0.00050331648,1.073741824,0.01048576,102.4
A100_like,16384,65536,8,128,128.0,2.147483648,0.02097152,0.017179869184,0.00150994944,1.073741824,0.01048576,102.4
A100_like,16384,65536,8,128,512.0,2.147483648,0.02097152,0.017179869184,0.00553648128,1.073741824,0.01774513230769231,60.50909090909091
A100_like,16384,65536,8,256,32.0,2.147483648,0.04194304,0.017179869184,0.00100663296,1.073741824,0.02097152,51.2
A100_like,16384,65536,8,256,128.0,2.147483648,0.04194304,0.017179869184,0.00301989888,1.073741824,0.02097152,51.2
A100_like,16384,65536,8,256,512.0,2.147483648,0.04194304,0.017179869184,0.01107296256,1.073741824,0.03549026461538462,30.254545454545454
A100_like,16384,65536,32,16,32.0,2.147483648,0.00262144,0.068719476736,0.00012582912,1.073741824,0.00131072,819.2
A100_like,16384,65536,32,16,128.0,2.147483648,0.00262144,0.068719476736,0.00025165824,1.073741824,0.00131072,819.2
A100_like,16384,65536,32,16,512.0,2.147483648,0.00262144,0.068719476736,0.00075497472,1.073741824,0.002419790769230769,443.73333333333335
A100_like,16384,65536,32,32,32.0,2.147483648,0.00524288,0.068719476736,0.00025165824,1.073741824,0.00262144,409.6
A100_like,16384,65536,32,32,128.0,2.147483648,0.00524288,0.068719476736,0.00050331648,1.073741824,0.00262144,409.6
A100_like,16384,65536,32,32,512.0,2.147483648,0.00524288,0.068719476736,0.00150994944,1.073741824,0.004839581538461538,221.86666666666667
A100_like,16384,65536,32,64,32.0,2.147483648,0.01048576,0.068719476736,0.00050331648,1.073741824,0.00524288,204.8
A100_like,16384,65536,32,64,128.0,2.147483648,0.01048576,0.068719476736,0.00100663296,1.073741824,0.00524288,204.8
A100_like,16384,65536,32,64,512.0,2.147483648,0.01048576,0.068719476736,0.00301989888,1.073741824,0.009679163076923077,110.93333333333334
A100_like,16384,65536,32,128,32.0,2.147483648,0.02097152,0.068719476736,0.00100663296,1.073741824,0.01048576,102.4
A100_like,16384,65536,32,128,128.0,2.147483648,0.02097152,0.068719476736,0.00201326592,1.073741824,0.01048576,102.4
A100_like,16384,65536,32,128,512.0,2.147483648,0.02097152,0.068719476736,0.00603979776,1.073741824,0.019358326153846153,55.46666666666667
A100_like,16384,65536,32,256,32.0,2.147483648,0.04194304,0.068719476736,0.00201326592,1.073741824,0.02097152,51.2
A100_like,16384,65536,32,256,128.0,2.147483648,0.04194304,0.068719476736,0.00402653184,1.073741824,0.02097152,51.2
A100_like,16384,65536,32,256,512.0,2.147483648,0.04194304,0.068719476736,0.01207959552,1.073741824,0.038716652307692306,27.733333333333334
A100_like,16384,65536,128,16,32.0,2.147483648,0.00262144,0.274877906944,0.00037748736,1.073741824,0.00131072,819.2
A100_like,16384,65536,128,16,128.0,2.147483648,0.00262144,0.274877906944,0.00050331648,1.073741824,0.0016131938461538462,665.6
A100_like,16384,65536,128,16,512.0,2.147483648,0.00262144,0.274877906944,0.00100663296,1.073741824,0.0032263876923076923,332.8
A100_like,16384,65536,128,32,32.0,2.147483648,0.00524288,0.274877906944,0.00075497472,1.073741824,0.00262144,409.6
A100_like,16384,65536,128,32,128.0,2.147483648,0.00524288,0.274877906944,0.00100663296,1.073741824,0.0032263876923076923,332.8
A100_like,16384,65536,128,32,512.0,2.147483648,0.00524288,0.274877906944,0.00201326592,1.073741824,0.006452775384615385,166.4
A100_like,16384,65536,128,64,32.0,2.147483648,0.01048576,0.274877906944,0.00150994944,1.073741824,0.00524288,204.8
A100_like,16384,65536,128,64,128.0,2.147483648,0.01048576,0.274877906944,0.00201326592,1.073741824,0.006452775384615385,166.4
A100_like,16384,65536,128,64,512.0,2.147483648,0.01048576,0.274877906944,0.00402653184,1.073741824,0.01290555076923077,83.2
A100_like,16384,65536,128,128,32.0,2.147483648,0.02097152,0.274877906944,0.00301989888,1.073741824,0.01048576,102.4
A100_like,16384,65536,128,128,128.0,2.147483648,0.02097152,0.274877906944,0.00402653184,1.073741824,0.01290555076923077,83.2
A100_like,16384,65536,128,128,512.0,2.147483648,0.02097152,0.274877906944,0.00805306368,1.073741824,0.02581110153846154,41.6
A100_like,16384,65536,128,256,32.0,2.147483648,0.04194304,0.274877906944,0.00603979776,1.073741824,0.02097152,51.2
A100_like,16384,65536,128,256,128.0,2.147483648,0.04194304,0.274877906944,0.00805306368,1.073741824,0.02581110153846154,41.6
A100_like,16384,65536,128,256,512.0,2.147483648,0.04194304,0.274877906944,0.01610612736,1.073741824,0.05162220307692308,20.8
H100_like,1024,4096,1,16,32.0,0.008388608,0.00016384,8.388608e-06,2.78528e-06,0.0025040620895522385,4.8907462686567165e-05,51.199999999999996
H100_like,1024,4096,1,16,128.0,0.008388608,0.00016384,8.388608e-06,1.06496e-05,0.0025040620895522385,4.8907462686567165e-05,51.199999999999996
H100_like,1024,4096,1,16,512.0,0.008388608,0.00016384,8.388608e-06,4.210688e-05,0.0025040620895522385,4.8907462686567165e-05,51.199999999999996
H100_like,1024,4096,1,32,32.0,0.008388608,0.00032768,8.388608e-06,5.57056e-06,0.0025040620895522385,9.781492537313433e-05,25.599999999999998
H100_like,1024,4096,1,32,128.0,0.008388608,0.00032768,8.388608e-06,2.12992e-05,0.0025040620895522385,9.781492537313433e-05,25.599999999999998
H100_like,1024,4096,1,32,512.0,0.008388608,0.00032768,8.388608e-06,8.421376e-05,0.0025040620895522385,9.781492537313433e-05,25.599999999999998
H100_like,1024,4096,1,64,32.0,0.008388608,0.00065536,8.388608e-06,1.114112e-05,0.0025040620895522385,0.00019562985074626866,12.799999999999999
H100_like,1024,4096,1,64,128.0,0.008388608,0.00065536,8.388608e-06,4.25984e-05,0.0025040620895522385,0.00019562985074626866,12.799999999999999
H100_like,1024,4096,1,64,512.0,0.008388608,0.00065536,8.388608e-06,0.00016842752,0.0025040620895522385,0.00019562985074626866,12.799999999999999
H100_like,1024,4096,1,128,32.0,0.008388608,0.00131072,8.388608e-06,2.228224e-05,0.0025040620895522385,0.0003912597014925373,6.3999999999999995
H100_like,1024,4096,1,128,128.0,0.008388608,0.00131072,8.388608e-06,8.51968e-05,0.0025040620895522385,0.0003912597014925373,6.3999999999999995
H100_like,1024,4096,1,128,512.0,0.008388608,0.00131072,8.388608e-06,0.00033685504,0.0025040620895522385,0.0003912597014925373,6.3999999999999995
H100_like,1024,4096,1,256,32.0,0.008388608,0.00262144,8.388608e-06,4.456448e-05,0.0025040620895522385,0.0007825194029850746,3.1999999999999997
H100_like,1024,4096,1,256,128.0,0.008388608,0.00262144,8.388608e-06,0.0001703936,0.0025040620895522385,0.0007825194029850746,3.1999999999999997
H100_like,1024,4096,1,256,512.0,0.008388608,0.00262144,8.388608e-06,0.00067371008,0.0025040620895522385,0.0007825194029850746,3.1999999999999997
H100_like,1024,4096,8,16,32.0,0.008388608,0.00016384,6.7108864e-05,3.93216e-06,0.0025040620895522385,4.8907462686567165e-05,51.199999999999996
H100_like,1024,4096,8,16,128.0,0.008388608,0.00016384,6.7108864e-05,1.179648e-05,0.0025040620895522385,4.8907462686567165e-05,51.199999999999996
H100_like,1024,4096,8,16,512.0,0.008388608,0.00016384,6.7108864e-05,4.325376e-05,0.0025040620895522385,4.8907462686567165e-05,51.199999999999996
H100_like,1024,4096,8,32,32.0,0.008388608,0.00032768,6.7108864e-05,7.86432e-06,0.0025040620895522385,9.781492537313433e-05,25.599999999999998
H100_like,1024,4096,8,32,128.0,0.008388608,0.00032768,6.7108864e-05,2.359296e-05,0.0025040620895522385,9.781492537313433e-05,25.599999999999998
H100_like,1024,4096,8,32,512.0,0.008388608,0.00032768,6.7108864e-05,8.650752e-05,0.0025040620895522385,9.781492537313433e-05,25.599999999999998
H100_like,1024,4096,8,64,32.0,0.008388608,0.00065536,6.7108864e-05,1.572864e-05,0.0025040620895522385,0.00019562985074626866,12.799999999999999
H100_like,1024,4096,8,64,128.0,0.008388608,0.00065536,6.7108864e-05,4.718592e-05,0.0025040620895522385,0.00019562985074626866,12.799999999999999
H100_like,1024,4096,8,64,512.0,0.008388608,0.00065536,6.7108864e-05,0.00017301504,0.0025040620895522385,0.00019562985074626866,12.799999999999999
H100_like,1024,4096,8,128,32.0,0.008388608,0.00131072,6.7108864e-05,3.145728e-05,0.0025040620895522385,0.0003912597014925373,6.3999999999999995
H100_like,1024,4096,8,128,128.0,0.008388608,0.00131072,6.7108864e-05,9.437184e-05,0.0025040620895522385,0.0003912597014925373,6.3999999999999995
H100_like,1024,4096,8,128,512.0,0.008388608,0.00131072,6.7108864e-05,0.00034603008,0.0025040620895522385,0.0003912597014925373,6.3999999999999995
H100_like,1024,4096,8,256,32.0,0.008388608,0.00262144,6.7108864e-05,6.291456e-05,0.0025040620895522385,0.0007825194029850746,3.1999999999999997
H100_like,1024,4096,8,256,128.0,0.008388608,0.00262144,6.7108864e-05,0.00018874368,0.0025040620895522385,0.0007825194029850746,3.1999999999999997
H100_like,1024,4096,8,256,512.0,0.008388608,0.00262144,6.7108864e-05,0.00069206016,0.0025040620895522385,0.0007825194029850746,3.1999999999999997
H100_like,1024,4096,32,16,32.0,0.008388608,0.00016384,0.000268435456,7.86432e-06,0.0025040620895522385,4.8907462686567165e-05,51.199999999999996
H100_like,1024,4096,32,16,128.0,0.008388608,0.00016384,0.000268435456,1.572864e-05,0.0025040620895522385,4.8907462686567165e-05,51.199999999999996
H100_like,1024,4096,32,16,512.0,0.008388608,0.00016384,0.000268435456,4.718592e-05,0.0025040620895522385,4.8907462686567165e-05,51.199999999999996
H100_like,1024,4096,32,32,32.0,0.008388608,0.00032768,0.000268435456,1.572864e-05,0.0025040620895522385,9.781492537313433e-05,25.599999999999998
H100_like,1024,4096,32,32,128.0,0.008388608,0.00032768,0.000268435456,3.145728e-05,0.0025040620895522385,9.781492537313433e-05,25.599999999999998
H100_like,1024,4096,32,32,512.0,0.008388608,0.00032768,0.000268435456,9.437184e-05,0.0025040620895522385,9.781492537313433e-05,25.599999999999998
H100_like,1024,4096,32,64,32.0,0.008388608,0.00065536,0.000268435456,3.145728e-05,0.0025040620895522385,0.00019562985074626866,12.799999999999999
H100_like,1024,4096,32,64,128.0,0.008388608,0.00065536,0.000268435456,6.291456e-05,0.0025040620895522385,0.00019562985074626866,12.799999999999999
H100_like,1024,4096,32,64,512.0,0.008388608,0.00065536,0.000268435456,0.00018874368,0.0025040620895522385,0.00019562985074626866,12.799999999999999
H100_like,1024,4096,32,128,32.0,0.008388608,0.00131072,0.000268435456,6.291456e-05,0.0025040620895522385,0.0003912597014925373,6.3999999999999995
H100_like,1024,4096,32,128,128.0,0.008388608,0.00131072,0.000268435456,0.00012582912,0.0025040620895522385,0.0003912597014925373,6.3999999999999995
H100_like,1024,4096,32,128,512.0,0.008388608,0.00131072,0.000268435456,0.00037748736,0.0025040620895522385,0.0003912597014925373,6.3999999999999995
H100_like,1024,4096,32,256,32.0,0.008388608,0.00262144,0.000268435456,0.00012582912,0.0025040620895522385,0.0007825194029850746,3.1999999999999997
H100_like,1024,4096,32,256,128.0,0.008388608,0.00262144,0.000268435456,0.00025165824,0.0025040620895522385,0.0007825194029850746,3.1999999999999997
H100_like,1024,4096,32,256,512.0,0.008388608,0.00262144,0.000268435456,0.00075497472,0.0025040620895522385,0.0007825194029850746,3.1999999999999997
H100_like,1024,4096,128,16,32.0,0.008388608,0.00016384,0.001073741824,2.359296e-05,0.0025040620895522385,4.8907462686567165e-05,51.199999999999996
H100_like,1024,4096,128,16,128.0,0.008388608,0.00016384,0.001073741824,3.145728e-05,0.0025040620895522385,4.8907462686567165e-05,51.199999999999996
H100_like,1024,4096,128,16,512.0,0.008388608,0.00016384,0.001073741824,6.291456e-05,0.0025040620895522385,6.35500606060606e-05,39.40298507462686
H100_like,1024,4096,128,32,32.0,0.008388608,0.00032768,0.001073741824,4.718592e-05,0.0025040620895522385,9.781492537313433e-05,25.599999999999998
H100_like,1024,4096,128,32,128.0,0.008388608,0.00032768,0.001073741824,6.291456e-05,0.0025040620895522385,9.781492537313433e-05,25.599999999999998
H100_like,1024,4096,128,32,512.0,0.008388608,0.00032768,0.001073741824,0.00012582912,0.0025040620895522385,0.0001271001212121212,19.70149253731343
H100_like,1024,4096,128,64,32.0,0.008388608,0.00065536,0.001073741824,9.437184e-05,0.0025040620895522385,0.00019562985074626866,12.799999999999999
H100_like,1024,4096,128,64,128.0,0.008388608,0.00065536,0.001073741824,0.00012582912,0.0025040620895522385,0.00019562985074626866,12.799999999999999
H100_like,1024,4096,128,64,512.0,0.008388608,0.00065536,0.001073741824,0.00025165824,0.0025040620895522385,0.0002542002424242424,9.850746268656716
H100_like,1024,4096,128,128,32.0,0.008388608,0.00131072,0.001073741824,0.00018874368,0.0025040620895522385,0.0003912597014925373,6.3999999999999995
H100_like,1024,4096,128,128,128.0,0.008388608,0.00131072,0.001073741824,0.00025165824,0.0025040620895522385,0.0003912597014925373,6.3999999999999995
H100_like,1024,4096,128,128,512.0,0.008388608,0.00131072,0.001073741824,0.00050331648,0.0025040620895522385,0.0005084004848484848,4.925373134328358
H100_like,1024,4096,128,256,32.0,0.008388608,0.00262144,0.001073741824,0.00037748736,0.0025040620895522385,0.0007825194029850746,3.1999999999999997
H100_like,1024,4096,128,256,128.0,0.008388608,0.00262144,0.001073741824,0.00050331648,0.0025040620895522385,0.0007825194029850746,3.1999999999999997
H100_like,1024,4096,128,256,512.0,0.008388608,0.00262144,0.001073741824,0.00100663296,0.0025040620895522385,0.0010168009696969696,2.462686567164179
H100_like,2048,8192,1,16,32.0,0.033554432,0.00032768,3.3554432e-05,5.57056e-06,0.010016248358208954,9.781492537313433e-05,102.39999999999999
H100_like,2048,8192,1,16,128.0,0.033554432,0.00032768,3.3554432e-05,2.12992e-05,0.010016248358208954,9.781492537313433e-05,102.39999999999999
H100_like,2048,8192,1,16,512.0,0.033554432,0.00032768,3.3554432e-05,8.421376e-05,0.010016248358208954,9.781492537313433e-05,102.39999999999999
H100_like,2048,8192,1,32,32.0,0.033554432,0.00065536,3.3554432e-05,1.114112e-05,0.010016248358208954,0.00019562985074626866,51.199999999999996
H100_like,2048,8192,1,32,128.0,0.033554432,0.00065536,3.3554432e-05,4.25984e-05,0.010016248358208954,0.00019562985074626866,51.199999999999996
H100_like,2048,8192,1,32,512.0,0.033554432,0.00065536,3.3554432e-05,0.00016842752,0.010016248358208954,0.00019562985074626866,51.199999999999996
H100_like,2048,8192,1,64,32.0,0.033554432,0.00131072,3.3554432e-05,2.228224e-05,0.010016248358208954,0.0003912597014925373,25.599999999999998
H100_like,2048,8192,1,64,128.0,0.033554432,0.00131072,3.3554432e-05,8.51968e-05,0.010016248358208954,0.0003912597014925373,25.599999999999998
H100_like,2048,8192,1,64,512.0,0.033554432,0.00131072,3.3554432e-05,0.00033685504,0.010016248358208954,0.0003912597014925373,25.599999999999998
H100_like,2048,8192,1,128,32.0,0.033554432,0.00262144,3.3554432e-05,4.456448e-05,0.010016248358208954,0.0007825194029850746,12.799999999999999
H100_like,2048,8192,1,128,128.0,0.033554432,0.00262144,3.3554432e-05,0.0001703936,0.010016248358208954,0.0007825194029850746,12.799999999999999
H100_like,2048,8192,1,128,512.0,0.033554432,0.00262144,3.3554432e-05,0.00067371008,0.010016248358208954,0.0007825194029850746,12.799999999999999
H100_like,2048,8192,1,256,32.0,0.033554432,0.00524288,3.3554432e-05,8.912896e-05,0.010016248358208954,0.0015650388059701493,6.3999999999999995
H100_like,2048,8192,1,256,128.0,0.033554432,0.00524288,3.3554432e-05,0.0003407872,0.010016248358208954,0.0015650388059701493,6.3999999999999995
H100_like,2048,8192,1,256,512.0,0.033554432,0.00524288,3.3554432e-05,0.00134742016,0.010016248358208954,0.0015650388059701493,6.3999999999999995
H100_like,2048,8192,8,16,32.0,0.033554432,0.00032768,0.000268435456,7.86432e-06,0.010016248358208954,9.781492537313433e-05,102.39999999999999
H100_like,2048,8192,8,16,128.0,0.033554432,0.00032768,0.000268435456,2.359296e-05,0.010016248358208954,9.781492537313433e-05,102.39999999999999
H100_like,2048,8192,8,16,512.0,0.033554432,0.00032768,0.000268435456,8.650752e-05,0.010016248358208954,9.781492537313433e-05,102.39999999999999
H100_like,2048,8192,8,32,32.0,0.033554432,0.00065536,0.000268435456,1.572864e-05,0.010016248358208954,0.00019562985074626866,51.199999999999996
H100_like,2048,8192,8,32,128.0,0.033554432,0.00065536,0.000268435456,4.718592e-05,0.010016248358208954,0.00019562985074626866,51.199999999999996
H100_like,2048,8192,8,32,512.0,0.033554432,0.00065536,0.000268435456,0.00017301504,0.010016248358208954,0.00019562985074626866,51.199999999999996
H100_like,2048,8192,8,64,32.0,0.033554432,0.00131072,0.000268435456,3.145728e-05,0.010016248358208954,0.0003912597014925373,25.599999999999998
H100_like,2048,8192,8,64,128.0,0.033554432,0.00131072,0.000268435456,9.437184e-05,0.010016248358208954,0.0003912597014925373,25.599999999999998
H100_like,2048,8192,8,64,512.0,0.033554432,0.00131072,0.000268435456,0.00034603008,0.010016248358208954,0.0003912597014925373,25.599999999999998
H100_like,2048,8192,8,128,32.0,0.033554432,0.00262144,0.000268435456,6.291456e-05,0.010016248358208954,0.0007825194029850746,12.799999999999999
H100_like,2048,8192,8,128,128.0,0.033554432,0.00262144,0.000268435456,0.00018874368,0.010016248358208954,0.0007825194029850746,12.799999999999999
H100_like,2048,8192,8,128,512.0,0.033554432,0.00262144,0.000268435456,0.00069206016,0.010016248358208954,0.0007825194029850746,12.799999999999999
H100_like,2048,8192,8,256,32.0,0.033554432,0.00524288,0.000268435456,0.00012582912,0.010016248358208954,0.0015650388059701493,6.3999999999999995
H100_like,2048,8192,8,256,128.0,0.033554432,0.00524288,0.000268435456,0.00037748736,0.010016248358208954,0.0015650388059701493,6.3999999999999995
H100_like,2048,8192,8,256,512.0,0.033554432,0.00524288,0.000268435456,0.00138412032,0.010016248358208954,0.0015650388059701493,6.3999999999999995
H100_like,2048,8192,32,16,32.0,0.033554432,0.00032768,0.001073741824,1.572864e-05,0.010016248358208954,9.781492537313433e-05,102.39999999999999
H100_like,2048,8192,32,16,128.0,0.033554432,0.00032768,0.001073741824,3.145728e-05,0.010016248358208954,9.781492537313433e-05,102.39999999999999
H100_like,2048,8192,32,16,512.0,0.033554432,0.00032768,0.001073741824,9.437184e-05,0.010016248358208954,9.781492537313433e-05,102.39999999999999
H100_like,2048,8192,32,32,32.0,0.033554432,0.00065536,0.001073741824,3.145728e-05,0.010016248358208954,0.00019562985074626866,51.199999999999996
H100_like,2048,8192,32,32,128.0,0.033554432,0.00065536,0.001073741824,6.291456e-05,0.010016248358208954,0.00019562985074626866,51.199999999999996
H100_like,2048,8192,32,32,512.0,0.033554432,0.00065536,0.001073741824,0.00018874368,0.010016248358208954,0.00019562985074626866,51.199999999999996
H100_like,2048,8192,32,64,32.0,0.033554432,0.00131072,0.001073741824,6.291456e-05,0.010016248358208954,0.0003912597014925373,25.599999999999998
H100_like,2048,8192,32,64,128.0,0.033554432,0.00131072,0.001073741824,0.00012582912,0.010016248358208954,0.0003912597014925373,25.599999999999998
H100_like,2048,8192,32,64,512.0,0.033554432,0.00131072,0.001073741824,0.00037748736,0.010016248358208954,0.0003912597014925373,25.599999999999998
H100_like,2048,8192,32,128,32.0,0.033554432,0.00262144,0.001073741824,0.00012582912,0.010016248358208954,0.0007825194029850746,12.799999999999999
H100_like,2048,8192,32,128,128.0,0.033554432,0.00262144,0.001073741824,0.00025165824,0.010016248358208954,0.0007825194029850746,12.799999999999999
H100_like,2048,8192,32,128,512.0,0.033554432,0.00262144,0.001073741824,0.00075497472,0.010016248358208954,0.0007825194029850746,12.799999999999999
H100_like,2048,8192,32,256,32.0,0.033554432,0.00524288,0.001073741824,0.00025165824,0.010016248358208954,0.0015650388059701493,6.3999999999999995
H100_like,2048,8192,32,256,128.0,0.033554432,0.00524288,0.001073741824,0.00050331648,0.010016248358208954,0.0015650388059701493,6.3999999999999995
H100_like,2048,8192,32,256,512.0,0.033554432,0.00524288,0.001073741824,0.00150994944,0.010016248358208954,0.0015650388059701493,6.3999999999999995
H100_like,2048,8192,128,16,32.0,0.033554432,0.00032768,0.004294967296,4.718592e-05,0.010016248358208954,9.781492537313433e-05,102.39999999999999
H100_like,2048,8192,128,16,128.0,0.033554432,0.00032768,0.004294967296,6.291456e-05,0.010016248358208954,9.781492537313433e-05,102.39999999999999
H100_like,2048,8192,128,16,512.0,0.033554432,0.00032768,0.004294967296,0.00012582912,0.010016248358208954,0.0001271001212121212,78.80597014925372
H100_like,2048,8192,128,32,32.0,0.033554432,0.00065536,0.004294967296,9.437184e-05,0.010016248358208954,0.00019562985074626866,51.199999999999996
H100_like,2048,8192,128,32,128.0,0.033554432,0.00065536,0.004294967296,0.00012582912,0.010016248358208954,0.00019562985074626866,51.199999999999996
H100_like,2048,8192,128,32,512.0,0.033554432,0.00065536,0.004294967296,0.00025165824,0.010016248358208954,0.0002542002424242424,39.40298507462686
H100_like,2048,8192,128,64,32.0,0.033554432,0.00131072,0.004294967296,0.00018874368,0.010016248358208954,0.0003912597014925373,25.599999999999998
H100_like,2048,8192,128,64,128.0,0.033554432,0.00131072,0.004294967296,0.00025165824,0.010016248358208954,0.0003912597014925373,25.599999999999998
H100_like,2048,8192,128,64,512.0,0.033554432,0.00131072,0.004294967296,0.00050331648,0.010016248358208954,0.0005084004848484848,19.70149253731343
H100_like,2048,8192,128,128,32.0,0.033554432,0.00262144,0.004294967296,0.00037748736,0.010016248358208954,0.0007825194029850746,12.799999999999999
H100_like,2048,8192,128,128,128.0,0.033554432,0.00262144,0.004294967296,0.00050331648,0.010016248358208954,0.0007825194029850746,12.799999999999999
H100_like,2048,8192,128,128,512.0,0.033554432,0.00262144,0.004294967296,0.00100663296,0.010016248358208954,0.0010168009696969696,9.850746268656716
H100_like,2048,8192,128,256,32.0,0.033554432,0.00524288,0.004294967296,0.00075497472,0.010016248358208954,0.0015650388059701493,6.3999999999999995
H100_like,2048,8192,128,256,128.0,0.033554432,0.00524288,0.004294967296,0.00100663296,0.010016248358208954,0.0015650388059701493,6.3999999999999995
H100_like,2048,8192,128,256,512.0,0.033554432,0.00524288,0.004294967296,0.00201326592,0.010016248358208954,0.0020336019393939393,4.925373134328358
H100_like,4096,16384,1,16,32.0,0.134217728,0.00065536,0.000134217728,1.114112e-05,0.040064993432835816,0.00019562985074626866,204.79999999999998
H100_like,4096,16384,1,16,128.0,0.134217728,0.00065536,0.000134217728,4.25984e-05,0.040064993432835816,0.00019562985074626866,204.79999999999998
H100_like,4096,16384,1,16,512.0,0.134217728,0.00065536,0.000134217728,0.00016842752,0.040064993432835816,0.00019562985074626866,204.79999999999998
H100_like,4096,16384,1,32,32.0,0.134217728,0.00131072,0.000134217728,2.228224e-05,0.040064993432835816,0.0003912597014925373,102.39999999999999
H100_like,4096,16384,1,32,128.0,0.134217728,0.00131072,0.000134217728,8.51968e-05,0.040064993432835816,0.0003912597014925373,102.39999999999999
H100_like,4096,16384,1,32,512.0,0.134217728,0.00131072,0.000134217728,0.00033685504,0.040064993432835816,0.0003912597014925373,102.39999999999999
H100_like,4096,16384,1,64,32.0,0.134217728,0.00262144,0.000134217728,4.456448e-05,0.040064993432835816,0.0007825194029850746,51.199999999999996
H100_like,4096,16384,1,64,128.0,0.134217728,0.00262144,0.000134217728,0.0001703936,0.040064993432835816,0.0007825194029850746,51.199999999999996
H100_like,4096,16384,1,64,512.0,0.134217728,0.00262144,0.000134217728,0.00067371008,0.040064993432835816,0.0007825194029850746,51.199999999999996
H100_like,4096,16384,1,128,32.0,0.134217728,0.00524288,0.000134217728,8.912896e-05,0.040064993432835816,0.0015650388059701493,25.599999999999998
H100_like,4096,16384,1,128,128.0,0.134217728,0.00524288,0.000134217728,0.0003407872,0.040064993432835816,0.0015650388059701493,25.599999999999998
H100_like,4096,16384,1,128,512.0,0.134217728,0.00524288,0.000134217728,0.00134742016,0.040064993432835816,0.0015650388059701493,25.599999999999998
H100_like,4096,16384,1,256,32.0,0.134217728,0.01048576,0.000134217728,0.00017825792,0.040064993432835816,0.0031300776119402986,12.799999999999999
H100_like,4096,16384,1,256,128.0,0.134217728,0.01048576,0.000134217728,0.0006815744,0.040064993432835816,0.0031300776119402986,12.799999999999999
H100_like,4096,16384,1,256,512.0,0.134217728,0.01048576,0.000134217728,0.00269484032,0.040064993432835816,0.0031300776119402986,12.799999999999999
H100_like,4096,16384,8,16,32.0,0.134217728,0.00065536,0.001073741824,1.572864e-05,0.040064993432835816,0.00019562985074626866,204.79999999999998
H100_like,4096,16384,8,16,128.0,0.134217728,0.00065536,0.001073741824,4.718592e-05,0.040064993432835816,0.00019562985074626866,204.79999999999998
H100_like,4096,16384,8,16,512.0,0.134217728,0.00065536,0.001073741824,0.00017301504,0.040064993432835816,0.00019562985074626866,204.79999999999998
H100_like,4096,16384,8,32,32.0,0.134217728,0.00131072,0.001073741824,3.145728e-05,0.040064993432835816,0.0003912597014925373,102.39999999999999
H100_like,4096,16384,8,32,128.0,0.134217728,0.00131072,0.001073741824,9.437184e-05,0.040064993432835816,0.0003912597014925373,102.39999999999999
H100_like,4096,16384,8,32,512.0,0.134217728,0.00131072,0.001073741824,0.00034603008,0.040064993432835816,0.0003912597014925373,102.39999999999999
H100_like,4096,16384,8,64,32.0,0.134217728,0.00262144,0.001073741824,6.291456e-05,0.040064993432835816,0.0007825194029850746,51.199999999999996
H100_like,4096,16384,8,64,128.0,0.134217728,0.00262144,0.001073741824,0.00018874368,0.040064993432835816,0.0007825194029850746,51.199999999999996
H100_like,4096,16384,8,64,512.0,0.134217728,0.00262144,0.001073741824,0.00069206016,0.040064993432835816,0.0007825194029850746,51.199999999999996
H100_like,4096,16384,8,128,32.0,0.134217728,0.00524288,0.001073741824,0.00012582912,0.040064993432835816,0.0015650388059701493,25.599999999999998
H100_like,4096,16384,8,128,128.0,0.134217728,0.00524288,0.001073741824,0.00037748736,0.040064993432835816,0.0015650388059701493,25.599999999999998
H100_like,4096,16384,8,128,512.0,0.134217728,0.00524288,0.001073741824,0.00138412032,0.040064993432835816,0.0015650388059701493,25.599999999999998
H100_like,4096,16384,8,256,32.0,0.134217728,0.01048576,0.001073741824,0.00025165824,0.040064993432835816,0.0031300776119402986,12.799999999999999
H100_like,4096,16384,8,256,128.0,0.134217728,0.01048576,0.001073741824,0.00075497472,0.040064993432835816,0.0031300776119402986,12.799999999999999
H100_like,4096,16384,8,256,512.0,0.134217728,0.01048576,0.001073741824,0.00276824064,0.040064993432835816,0.0031300776119402986,12.799999999999999
H100_like,4096,16384,32,16,32.0,0.134217728,0.00065536,0.004294967296,3.145728e-05,0.040064993432835816,0.00019562985074626866,204.79999999999998
H100_like,4096,16384,32,16,128.0,0.134217728,0.00065536,0.004294967296,6.291456e-05,0.040064993432835816,0.00019562985074626866,204.79999999999998
H100_like,4096,16384,32,16,512.0,0.134217728,0.00065536,0.004294967296,0.00018874368,0.040064993432835816,0.00019562985074626866,204.79999999999998
H100_like,4096,16384,32,32,32.0,0.134217728,0.00131072,0.004294967296,6.291456e-05,0.040064993432835816,0.0003912597014925373,102.39999999999999
H100_like,4096,16384,32,32,128.0,0.134217728,0.00131072,0.004294967296,0.00012582912,0.040064993432835816,0.0003912597014925373,102.39999999999999
H100_like,4096,16384,32,32,512.0,0.134217728,0.00131072,0.004294967296,0.00037748736,0.040064993432835816,0.0003912597014925373,102.39999999999999
H100_like,4096,16384,32,64,32.0,0.134217728,0.00262144,0.004294967296,0.00012582912,0.040064993432835816,0.0007825194029850746,51.199999999999996
H100_like,4096,16384,32,64,128.0,0.134217728,0.00262144,0.004294967296,0.00025165824,0.040064993432835816,0.0007825194029850746,51.199999999999996
H100_like,4096,16384,32,64,512.0,0.134217728,0.00262144,0.004294967296,0.00075497472,0.040064993432835816,0.0007825194029850746,51.199999999999996
H100_like,4096,16384,32,128,32.0,0.134217728,0.00524288,0.004294967296,0.00025165824,0.040064993432835816,0.0015650388059701493,25.599999999999998
H100_like,4096,16384,32,128,128.0,0.134217728,0.00524288,0.004294967296,0.00050331648,0.040064993432835816,0.0015650388059701493,25.599999999999998
H100_like,4096,16384,32,128,512.0,0.134217728,0.00524288,0.004294967296,0.00150994944,0.040064993432835816,0.0015650388059701493,25.599999999999998
H100_like,4096,16384,32,256,32.0,0.134217728,0.01048576,0.004294967296,0.00050331648,0.040064993432835816,0.0031300776119402986,12.799999999999999
H100_like,4096,16384,32,256,128.0,0.134217728,0.01048576,0.004294967296,0.00100663296,0.040064993432835816,0.0031300776119402986,12.799999999999999
H100_like,4096,16384,32,256,512.0,0.134217728,0.01048576,0.004294967296,0.00301989888,0.040064993432835816,0.0031300776119402986,12.799999999999999
H100_like,4096,16384,128,16,32.0,0.134217728,0.00065536,0.017179869184,9.437184e-05,0.040064993432835816,0.00019562985074626866,204.79999999999998
H100_like,4096,16384,128,16,128.0,0.134217728,0.00065536,0.017179869184,0.00012582912,0.040064993432835816,0.00019562985074626866,204.79999999999998
H100_like,4096,16384,128,16,512.0,0.134217728,0.00065536,0.017179869184,0.00025165824,0.040064993432835816,0.0002542002424242424,157.61194029850745
H100_like,4096,16384,128,32,32.0,0.134217728,0.00131072,0.017179869184,0.00018874368,0.040064993432835816,0.0003912597014925373,102.39999999999999
H100_like,4096,16384,128,32,128.0,0.134217728,0.00131072,0.017179869184,0.00025165824,0.040064993432835816,0.0003912597014925373,102.39999999999999
H100_like,4096,16384,128,32,512.0,0.134217728,0.00131072,0.017179869184,0.00050331648,0.040064993432835816,0.0005084004848484848,78.80597014925372
H100_like,4096,16384,128,64,32.0,0.134217728,0.00262144,0.017179869184,0.00037748736,0.040064993432835816,0.0007825194029850746,51.199999999999996
H100_like,4096,16384,128,64,128.0,0.134217728,0.00262144,0.017179869184,0.00050331648,0.040064993432835816,0.0007825194029850746,51.199999999999996
H100_like,4096,16384,128,64,512.0,0.134217728,0.00262144,0.017179869184,0.00100663296,0.040064993432835816,0.0010168009696969696,39.40298507462686
H100_like,4096,16384,128,128,32.0,0.134217728,0.00524288,0.017179869184,0.00075497472,0.040064993432835816,0.0015650388059701493,25.599999999999998
H100_like,4096,16384,128,128,128.0,0.134217728,0.00524288,0.017179869184,0.00100663296,0.040064993432835816,0.0015650388059701493,25.599999999999998
H100_like,4096,16384,128,128,512.0,0.134217728,0.00524288,0.017179869184,0.00201326592,0.040064993432835816,0.0020336019393939393,19.70149253731343
H100_like,4096,16384,128,256,32.0,0.134217728,0.01048576,0.017179869184,0.00150994944,0.040064993432835816,0.0031300776119402986,12.799999999999999
H100_like,4096,16384,128,256,128.0,0.134217728,0.01048576,0.017179869184,0.00201326592,0.040064993432835816,0.0031300776119402986,12.799999999999999
H100_like,4096,16384,128,256,512.0,0.134217728,0.01048576,0.017179869184,0.00402653184,0.040064993432835816,0.0040672038787878785,9.850746268656716
H100_like,8192,32768,1,16,32.0,0.536870912,0.00131072,0.000536870912,2.228224e-05,0.16025997373134326,0.0003912597014925373,409.59999999999997
H100_like,8192,32768,1,16,128.0,0.536870912,0.00131072,0.000536870912,8.51968e-05,0.16025997373134326,0.0003912597014925373,409.59999999999997
H100_like,8192,32768,1,16,512.0,0.536870912,0.00131072,0.000536870912,0.00033685504,0.16025997373134326,0.0003912597014925373,409.59999999999997
H100_like,8192,32768,1,32,32.0,0.536870912,0.00262144,0.000536870912,4.456448e-05,0.16025997373134326,0.0007825194029850746,204.79999999999998
H100_like,8192,32768,1,32,128.0,0.536870912,0.00262144,0.000536870912,0.0001703936,0.16025997373134326,0.0007825194029850746,204.79999999999998
H100_like,8192,32768,1,32,512.0,0.536870912,0.00262144,0.000536870912,0.00067371008,0.16025997373134326,0.0007825194029850746,204.79999999999998
H100_like,8192,32768,1,64,32.0,0.536870912,0.00524288,0.000536870912,8.912896e-05,0.16025997373134326,0.0015650388059701493,102.39999999999999
H100_like,8192,32768,1,64,128.0,0.536870912,0.00524288,0.000536870912,0.0003407872,0.16025997373134326,0.0015650388059701493,102.39999999999999
H100_like,8192,32768,1,64,512.0,0.536870912,0.00524288,0.000536870912,0.00134742016,0.16025997373134326,0.0015650388059701493,102.39999999999999
H100_like,8192,32768,1,128,32.0,0.536870912,0.01048576,0.000536870912,0.00017825792,0.16025997373134326,0.0031300776119402986,51.199999999999996
H100_like,8192,32768,1,128,128.0,0.536870912,0.01048576,0.000536870912,0.0006815744,0.16025997373134326,0.0031300776119402986,51.199999999999996
H100_like,8192,32768,1,128,512.0,0.536870912,0.01048576,0.000536870912,0.00269484032,0.16025997373134326,0.0031300776119402986,51.199999999999996
H100_like,8192,32768,1,256,32.0,0.536870912,0.02097152,0.000536870912,0.00035651584,0.16025997373134326,0.006260155223880597,25.599999999999998
H100_like,8192,32768,1,256,128.0,0.536870912,0.02097152,0.000536870912,0.0013631488,0.16025997373134326,0.006260155223880597,25.599999999999998
H100_like,8192,32768,1,256,512.0,0.536870912,0.02097152,0.000536870912,0.00538968064,0.16025997373134326,0.006260155223880597,25.599999999999998
H100_like,8192,32768,8,16,32.0,0.536870912,0.00131072,0.004294967296,3.145728e-05,0.16025997373134326,0.0003912597014925373,409.59999999999997
H100_like,8192,32768,8,16,128.0,0.536870912,0.00131072,0.004294967296,9.437184e-05,0.16025997373134326,0.0003912597014925373,409.59999999999997
H100_like,8192,32768,8,16,512.0,0.536870912,0.00131072,0.004294967296,0.00034603008,0.16025997373134326,0.0003912597014925373,409.59999999999997
H100_like,8192,32768,8,32,32.0,0.536870912,0.00262144,0.004294967296,6.291456e-05,0.16025997373134326,0.0007825194029850746,204.79999999999998
H100_like,8192,32768,8,32,128.0,0.536870912,0.00262144,0.004294967296,0.00018874368,0.16025997373134326,0.0007825194029850746,204.79999999999998
H100_like,8192,32768,8,32,512.0,0.536870912,0.00262144,0.004294967296,0.00069206016,0.16025997373134326,0.0007825194029850746,204.79999999999998
H100_like,8192,32768,8,64,32.0,0.536870912,0.00524288,0.004294967296,0.00012582912,0.16025997373134326,0.0015650388059701493,102.39999999999999
H100_like,8192,32768,8,64,128.0,0.536870912,0.00524288,0.004294967296,0.00037748736,0.16025997373134326,0.0015650388059701493,102.39999999999999
H100_like,8192,32768,8,64,512.0,0.536870912,0.00524288,0.004294967296,0.00138412032,0.16025997373134326,0.0015650388059701493,102.39999999999999
H100_like,8192,32768,8,128,32.0,0.536870912,0.01048576,0.004294967296,0.00025165824,0.16025997373134326,0.0031300776119402986,51.199999999999996
H100_like,8192,32768,8,128,128.0,0.536870912,0.01048576,0.004294967296,0.00075497472,0.16025997373134326,0.0031300776119402986,51.199999999999996
H100_like,8192,32768,8,128,512.0,0.536870912,0.01048576,0.004294967296,0.00276824064,0.16025997373134326,0.0031300776119402986,51.199999999999996
H100_like,8192,32768,8,256,32.0,0.536870912,0.02097152,0.004294967296,0.00050331648,0.16025997373134326,0.006260155223880597,25.599999999999998
H100_like,8192,32768,8,256,128.0,0.536870912,0.02097152,0.004294967296,0.00150994944,0.16025997373134326,0.006260155223880597,25.599999999999998
H100_like,8192,32768,8,256,512.0,0.536870912,0.02097152,0.004294967296,0.00553648128,0.16025997373134326,0.006260155223880597,25.599999999999998
H100_like,8192,32768,32,16,32.0,0.536870912,0.00131072,0.017179869184,6.291456e-05,0.16025997373134326,0.0003912597014925373,409.59999999999997
H100_like,8192,32768,32,16,128.0,0.536870912,0.00131072,0.017179869184,0.00012582912,0.16025997373134326,0.0003912597014925373,409.59999999999997
H100_like,8192,32768,32,16,512.0,0.536870912,0.00131072,0.017179869184,0.00037748736,0.16025997373134326,0.0003912597014925373,409.59999999999997
H100_like,8192,32768,32,32,32.0,0.536870912,0.00262144,0.017179869184,0.00012582912,0.16025997373134326,0.0007825194029850746,204.79999999999998
H100_like,8192,32768,32,32,128.0,0.536870912,0.00262144,0.017179869184,0.00025165824,0.16025997373134326,0.0007825194029850746,204.79999999999998
H100_like,8192,32768,32,32,512.0,0.536870912,0.00262144,0.017179869184,0.00075497472,0.16025997373134326,0.0007825194029850746,204.79999999999998
H100_like,8192,32768,32,64,32.0,0.536870912,0.00524288,0.017179869184,0.00025165824,0.16025997373134326,0.0015650388059701493,102.39999999999999
H100_like,8192,32768,32,64,128.0,0.536870912,0.00524288,0.017179869184,0.00050331648,0.16025997373134326,0.0015650388059701493,102.39999999999999
H100_like,8192,32768,32,64,512.0,0.536870912,0.00524288,0.017179869184,0.00150994944,0.16025997373134326,0.0015650388059701493,102.39999999999999
H100_like,8192,32768,32,128,32.0,0.536870912,0.01048576,0.017179869184,0.00050331648,0.16025997373134326,0.0031300776119402986,51.199999999999996
H100_like,8192,32768,32,128,128.0,0.536870912,0.01048576,0.017179869184,0.00100663296,0.16025997373134326,0.0031300776119402986,51.199999999999996
H100_like,8192,32768,32,128,512.0,0.536870912,0.01048576,0.017179869184,0.00301989888,0.16025997373134326,0.0031300776119402986,51.199999999999996
H100_like,8192,32768,32,256,32.0,0.536870912,0.02097152,0.017179869184,0.00100663296,0.16025997373134326,0.006260155223880597,25.599999999999998
H100_like,8192,32768,32,256,128.0,0.536870912,0.02097152,0.017179869184,0.00201326592,0.16025997373134326,0.006260155223880597,25.599999999999998
H100_like,8192,32768,32,256,512.0,0.536870912,0.02097152,0.017179869184,0.00603979776,0.16025997373134326,0.006260155223880597,25.599999999999998
H100_like,8192,32768,128,16,32.0,0.536870912,0.00131072,0.068719476736,0.00018874368,0.16025997373134326,0.0003912597014925373,409.59999999999997
H100_like,8192,32768,128,16,128.0,0.536870912,0.00131072,0.068719476736,0.00025165824,0.16025997373134326,0.0003912597014925373,409.59999999999997
H100_like,8192,32768,128,16,512.0,0.536870912,0.00131072,0.068719476736,0.00050331648,0.16025997373134326,0.0005084004848484848,315.2238805970149
H100_like,8192,32768,128,32,32.0,0.536870912,0.00262144,0.068719476736,0.00037748736,0.16025997373134326,0.0007825194029850746,204.79999999999998
H100_like,8192,32768,128,32,128.0,0.536870912,0.00262144,0.068719476736,0.00050331648,0.16025997373134326,0.0007825194029850746,204.79999999999998
H100_like,8192,32768,128,32,512.0,0.536870912,0.00262144,0.068719476736,0.00100663296,0.16025997373134326,0.0010168009696969696,157.61194029850745
H100_like,8192,32768,128,64,32.0,0.536870912,0.00524288,0.068719476736,0.00075497472,0.16025997373134326,0.0015650388059701493,102.39999999999999
H100_like,8192,32768,128,64,128.0,0.536870912,0.00524288,0.068719476736,0.00100663296,0.16025997373134326,0.0015650388059701493,102.39999999999999
H100_like,8192,32768,128,64,512.0,0.536870912,0.00524288,0.068719476736,0.00201326592,0.16025997373134326,0.0020336019393939393,78.80597014925372
H100_like,8192,32768,128,128,32.0,0.536870912,0.01048576,0.068719476736,0.00150994944,0.16025997373134326,0.0031300776119402986,51.199999999999996
H100_like,8192,32768,128,128,128.0,0.536870912,0.01048576,0.068719476736,0.00201326592,0.16025997373134326,0.0031300776119402986,51.199999999999996
H100_like,8192,32768,128,128,512.0,0.536870912,0.01048576,0.068719476736,0.00402653184,0.16025997373134326,0.0040672038787878785,39.40298507462686
H100_like,8192,32768,128,256,32.0,0.536870912,0.02097152,0.068719476736,0.00301989888,0.16025997373134326,0.006260155223880597,25.599999999999998
H100_like,8192,32768,128,256,128.0,0.536870912,0.02097152,0.068719476736,0.00402653184,0.16025997373134326,0.006260155223880597,25.599999999999998
H100_like,8192,32768,128,256,512.0,0.536870912,0.02097152,0.068719476736,0.00805306368,0.16025997373134326,0.008134407757575757,19.70149253731343
H100_like,16384,65536,1,16,32.0,2.147483648,0.00262144,0.002147483648,4.456448e-05,0.641039894925373,0.0007825194029850746,819.1999999999999
H100_like,16384,65536,1,16,128.0,2.147483648,0.00262144,0.002147483648,0.0001703936,0.641039894925373,0.0007825194029850746,819.1999999999999
H100_like,16384,65536,1,16,512.0,2.147483648,0.00262144,0.002147483648,0.00067371008,0.641039894925373,0.0007825194029850746,819.1999999999999
H100_like,16384,65536,1,32,32.0,2.147483648,0.00524288,0.002147483648,8.912896e-05,0.641039894925373,0.0015650388059701493,409.59999999999997
H100_like,16384,65536,1,32,128.0,2.147483648,0.00524288,0.002147483648,0.0003407872,0.641039894925373,0.0015650388059701493,409.59999999999997
H100_like,16384,65536,1,32,512.0,2.147483648,0.00524288,0.002147483648,0.00134742016,0.641039894925373,0.0015650388059701493,409.59999999999997
H100_like,16384,65536,1,64,32.0,2.147483648,0.01048576,0.002147483648,0.00017825792,0.641039894925373,0.0031300776119402986,204.79999999999998
H100_like,16384,65536,1,64,128.0,2.147483648,0.01048576,0.002147483648,0.0006815744,0.641039894925373,0.0031300776119402986,204.79999999999998
H100_like,16384,65536,1,64,512.0,2.147483648,0.01048576,0.002147483648,0.00269484032,0.641039894925373,0.0031300776119402986,204.79999999999998
H100_like,16384,65536,1,128,32.0,2.147483648,0.02097152,0.002147483648,0.00035651584,0.641039894925373,0.006260155223880597,102.39999999999999
H100_like,16384,65536,1,128,128.0,2.147483648,0.02097152,0.002147483648,0.0013631488,0.641039894925373,0.006260155223880597,102.39999999999999
H100_like,16384,65536,1,128,512.0,2.147483648,0.02097152,0.002147483648,0.00538968064,0.641039894925373,0.006260155223880597,102.39999999999999
H100_like,16384,65536,1,256,32.0,2.147483648,0.04194304,0.002147483648,0.00071303168,0.641039894925373,0.012520310447761194,51.199999999999996
H100_like,16384,65536,1,256,128.0,2.147483648,0.04194304,0.002147483648,0.0027262976,0.641039894925373,0.012520310447761194,51.199999999999996
H100_like,16384,65536,1,256,512.0,2.147483648,0.04194304,0.002147483648,0.01077936128,0.641039894925373,0.012520310447761194,51.199999999999996
H100_like,16384,65536,8,16,32.0,2.147483648,0.00262144,0.017179869184,6.291456e-05,0.641039894925373,0.0007825194029850746,819.1999999999999
H100_like,16384,65536,8,16,128.0,2.147483648,0.00262144,0.017179869184,0.00018874368,0.641039894925373,0.0007825194029850746,819.1999999999999
H100_like,16384,65536,8,16,512.0,2.147483648,0.00262144,0.017179869184,0.00069206016,0.641039894925373,0.0007825194029850746,819.1999999999999
H100_like,16384,65536,8,32,32.0,2.147483648,0.00524288,0.017179869184,0.00012582912,0.641039894925373,0.0015650388059701493,409.59999999999997
H100_like,16384,65536,8,32,128.0,2.147483648,0.00524288,0.017179869184,0.00037748736,0.641039894925373,0.0015650388059701493,409.59999999999997
H100_like,16384,65536,8,32,512.0,2.147483648,0.00524288,0.017179869184,0.00138412032,0.641039894925373,0.0015650388059701493,409.59999999999997
H100_like,16384,65536,8,64,32.0,2.147483648,0.01048576,0.017179869184,0.00025165824,0.641039894925373,0.0031300776119402986,204.79999999999998
H100_like,16384,65536,8,64,128.0,2.147483648,0.01048576,0.017179869184,0.00075497472,0.641039894925373,0.0031300776119402986,204.79999999999998
H100_like,16384,65536,8,64,512.0,2.147483648,0.01048576,0.017179869184,0.00276824064,0.641039894925373,0.0031300776119402986,204.79999999999998
H100_like,16384,65536,8,128,32.0,2.147483648,0.02097152,0.017179869184,0.00050331648,0.641039894925373,0.006260155223880597,102.39999999999999
H100_like,16384,65536,8,128,128.0,2.147483648,0.02097152,0.017179869184,0.00150994944,0.641039894925373,0.006260155223880597,102.39999999999999
H100_like,16384,65536,8,128,512.0,2.147483648,0.02097152,0.017179869184,0.00553648128,0.641039894925373,0.006260155223880597,102.39999999999999
H100_like,16384,65536,8,256,32.0,2.147483648,0.04194304,0.017179869184,0.00100663296,0.641039894925373,0.012520310447761194,51.199999999999996
H100_like,16384,65536,8,256,128.0,2.147483648,0.04194304,0.017179869184,0.00301989888,0.641039894925373,0.012520310447761194,51.199999999999996
H100_like,16384,65536,8,256,512.0,2.147483648,0.04194304,0.017179869184,0.01107296256,0.641039894925373,0.012520310447761194,51.199999999999996
H100_like,16384,65536,32,16,32.0,2.147483648,0.00262144,0.068719476736,0.00012582912,0.641039894925373,0.0007825194029850746,819.1999999999999
H100_like,16384,65536,32,16,128.0,2.147483648,0.00262144,0.068719476736,0.00025165824,0.641039894925373,0.0007825194029850746,819.1999999999999
H100_like,16384,65536,32,16,512.0,2.147483648,0.00262144,0.068719476736,0.00075497472,0.641039894925373,0.0007825194029850746,819.1999999999999
H100_like,16384,65536,32,32,32.0,2.147483648,0.00524288,0.068719476736,0.00025165824,0.641039894925373,0.0015650388059701493,409.59999999999997
H100_like,16384,65536,32,32,128.0,2.147483648,0.00524288,0.068719476736,0.00050331648,0.641039894925373,0.0015650388059701493,409.59999999999997
H100_like,16384,65536,32,32,512.0,2.147483648,0.00524288,0.068719476736,0.00150994944,0.641039894925373,0.0015650388059701493,409.59999999999997
H100_like,16384,65536,32,64,32.0,2.147483648,0.01048576,0.068719476736,0.00050331648,0.641039894925373,0.0031300776119402986,204.79999999999998
H100_like,16384,65536,32,64,128.0,2.147483648,0.01048576,0.068719476736,0.00100663296,0.641039894925373,0.0031300776119402986,204.79999999999998
H100_like,16384,65536,32,64,512.0,2.147483648,0.01048576,0.068719476736,0.00301989888,0.641039894925373,0.0031300776119402986,204.79999999999998
H100_like,16384,65536,32,128,32.0,2.147483648,0.02097152,0.068719476736,0.00100663296,0.641039894925373,0.006260155223880597,102.39999999999999
H100_like,16384,65536,32,128,128.0,2.147483648,0.02097152,0.068719476736,0.00201326592,0.641039894925373,0.006260155223880597,102.39999999999999
H100_like,16384,65536,32,128,512.0,2.147483648,0.02097152,0.068719476736,0.00603979776,0.641039894925373,0.006260155223880597,102.39999999999999
H100_like,16384,65536,32,256,32.0,2.147483648,0.04194304,0.068719476736,0.00201326592,0.641039894925373,0.012520310447761194,51.199999999999996
H100_like,16384,65536,32,256,128.0,2.147483648,0.04194304,0.068719476736,0.00402653184,0.641039894925373,0.012520310447761194,51.199999999999996
H100_like,16384,65536,32,256,512.0,2.147483648,0.04194304,0.068719476736,0.01207959552,0.641039894925373,0.012520310447761194,51.199999999999996
H100_like,16384,65536,128,16,32.0,2.147483648,0.00262144,0.274877906944,0.00037748736,0.641039894925373,0.0007825194029850746,819.1999999999999
H100_like,16384,65536,128,16,128.0,2.147483648,0.00262144,0.274877906944,0.00050331648,0.641039894925373,0.0007825194029850746,819.1999999999999
H100_like,16384,65536,128,16,512.0,2.147483648,0.00262144,0.274877906944,0.00100663296,0.641039894925373,0.0010168009696969696,630.4477611940298
H100_like,16384,65536,128,32,32.0,2.147483648,0.00524288,0.274877906944,0.00075497472,0.641039894925373,0.0015650388059701493,409.59999999999997
H100_like,16384,65536,128,32,128.0,2.147483648,0.00524288,0.274877906944,0.00100663296,0.641039894925373,0.0015650388059701493,409.59999999999997
H100_like,16384,65536,128,32,512.0,2.147483648,0.00524288,0.274877906944,0.00201326592,0.641039894925373,0.0020336019393939393,315.2238805970149
H100_like,16384,65536,128,64,32.0,2.147483648,0.01048576,0.274877906944,0.00150994944,0.641039894925373,0.0031300776119402986,204.79999999999998
H100_like,16384,65536,128,64,128.0,2.147483648,0.01048576,0.274877906944,0.00201326592,0.641039894925373,0.0031300776119402986,204.79999999999998
H100_like,16384,65536,128,64,512.0,2.147483648,0.01048576,0.274877906944,0.00402653184,0.641039894925373,0.0040672038787878785,157.61194029850745
H100_like,16384,65536,128,128,32.0,2.147483648,0.02097152,0.274877906944,0.00301989888,0.641039894925373,0.006260155223880597,102.39999999999999
H100_like,16384,65536,128,128,128.0,2.147483648,0.02097152,0.274877906944,0.00402653184,0.641039894925373,0.006260155223880597,102.39999999999999
H100_like,16384,65536,128,128,512.0,2.147483648,0.02097152,0.274877906944,0.00805306368,0.641039894925373,0.008134407757575757,78.80597014925372
H100_like,16384,65536,128,256,32.0,2.147483648,0.04194304,0.274877906944,0.00603979776,0.641039894925373,0.012520310447761194,51.199999999999996
H100_like,16384,65536,128,256,128.0,2.147483648,0.04194304,0.274877906944,0.00805306368,0.641039894925373,0.012520310447761194,51.199999999999996
H100_like,16384,65536,128,256,512.0,2.147483648,0.04194304,0.274877906944,0.01610612736,0.641039894925373,0.016268815515151514,39.40298507462686
B200_like,1024,4096,1,16,32.0,0.008388608,0.00016384,8.388608e-06,2.78528e-06,0.001048576,2.048e-05,51.2
B200_like,1024,4096,1,16,128.0,0.008388608,0.00016384,8.388608e-06,1.06496e-05,0.001048576,2.048e-05,51.2
B200_like,1024,4096,1,16,512.0,0.008388608,0.00016384,8.388608e-06,4.210688e-05,0.001048576,2.048e-05,51.2
B200_like,1024,4096,1,32,32.0,0.008388608,0.00032768,8.388608e-06,5.57056e-06,0.001048576,4.096e-05,25.6
B200_like,1024,4096,1,32,128.0,0.008388608,0.00032768,8.388608e-06,2.12992e-05,0.001048576,4.096e-05,25.6
B200_like,1024,4096,1,32,512.0,0.008388608,0.00032768,8.388608e-06,8.421376e-05,0.001048576,4.096e-05,25.6
B200_like,1024,4096,1,64,32.0,0.008388608,0.00065536,8.388608e-06,1.114112e-05,0.001048576,8.192e-05,12.8
B200_like,1024,4096,1,64,128.0,0.008388608,0.00065536,8.388608e-06,4.25984e-05,0.001048576,8.192e-05,12.8
B200_like,1024,4096,1,64,512.0,0.008388608,0.00065536,8.388608e-06,0.00016842752,0.001048576,8.192e-05,12.8
B200_like,1024,4096,1,128,32.0,0.008388608,0.00131072,8.388608e-06,2.228224e-05,0.001048576,0.00016384,6.4
B200_like,1024,4096,1,128,128.0,0.008388608,0.00131072,8.388608e-06,8.51968e-05,0.001048576,0.00016384,6.4
B200_like,1024,4096,1,128,512.0,0.008388608,0.00131072,8.388608e-06,0.00033685504,0.001048576,0.00016384,6.4
B200_like,1024,4096,1,256,32.0,0.008388608,0.00262144,8.388608e-06,4.456448e-05,0.001048576,0.00032768,3.2
B200_like,1024,4096,1,256,128.0,0.008388608,0.00262144,8.388608e-06,0.0001703936,0.001048576,0.00032768,3.2
B200_like,1024,4096,1,256,512.0,0.008388608,0.00262144,8.388608e-06,0.00067371008,0.001048576,0.00032768,3.2
B200_like,1024,4096,8,16,32.0,0.008388608,0.00016384,6.7108864e-05,3.93216e-06,0.001048576,2.048e-05,51.2
B200_like,1024,4096,8,16,128.0,0.008388608,0.00016384,6.7108864e-05,1.179648e-05,0.001048576,2.048e-05,51.2
B200_like,1024,4096,8,16,512.0,0.008388608,0.00016384,6.7108864e-05,4.325376e-05,0.001048576,2.048e-05,51.2
B200_like,1024,4096,8,32,32.0,0.008388608,0.00032768,6.7108864e-05,7.86432e-06,0.001048576,4.096e-05,25.6
B200_like,1024,4096,8,32,128.0,0.008388608,0.00032768,6.7108864e-05,2.359296e-05,0.001048576,4.096e-05,25.6
B200_like,1024,4096,8,32,512.0,0.008388608,0.00032768,6.7108864e-05,8.650752e-05,0.001048576,4.096e-05,25.6
B200_like,1024,4096,8,64,32.0,0.008388608,0.00065536,6.7108864e-05,1.572864e-05,0.001048576,8.192e-05,12.8
B200_like,1024,4096,8,64,128.0,0.008388608,0.00065536,6.7108864e-05,4.718592e-05,0.001048576,8.192e-05,12.8
B200_like,1024,4096,8,64,512.0,0.008388608,0.00065536,6.7108864e-05,0.00017301504,0.001048576,8.192e-05,12.8
B200_like,1024,4096,8,128,32.0,0.008388608,0.00131072,6.7108864e-05,3.145728e-05,0.001048576,0.00016384,6.4
B200_like,1024,4096,8,128,128.0,0.008388608,0.00131072,6.7108864e-05,9.437184e-05,0.001048576,0.00016384,6.4
B200_like,1024,4096,8,128,512.0,0.008388608,0.00131072,6.7108864e-05,0.00034603008,0.001048576,0.00016384,6.4
B200_like,1024,4096,8,256,32.0,0.008388608,0.00262144,6.7108864e-05,6.291456e-05,0.001048576,0.00032768,3.2
B200_like,1024,4096,8,256,128.0,0.008388608,0.00262144,6.7108864e-05,0.00018874368,0.001048576,0.00032768,3.2
B200_like,1024,4096,8,256,512.0,0.008388608,0.00262144,6.7108864e-05,0.00069206016,0.001048576,0.00032768,3.2
B200_like,1024,4096,32,16,32.0,0.008388608,0.00016384,0.000268435456,7.86432e-06,0.001048576,2.048e-05,51.2
B200_like,1024,4096,32,16,128.0,0.008388608,0.00016384,0.000268435456,1.572864e-05,0.001048576,2.048e-05,51.2
B200_like,1024,4096,32,16,512.0,0.008388608,0.00016384,0.000268435456,4.718592e-05,0.001048576,2.097152e-05,50.00000000000001
B200_like,1024,4096,32,32,32.0,0.008388608,0.00032768,0.000268435456,1.572864e-05,0.001048576,4.096e-05,25.6
B200_like,1024,4096,32,32,128.0,0.008388608,0.00032768,0.000268435456,3.145728e-05,0.001048576,4.096e-05,25.6
B200_like,1024,4096,32,32,512.0,0.008388608,0.00032768,0.000268435456,9.437184e-05,0.001048576,4.194304e-05,25.000000000000004
B200_like,1024,4096,32,64,32.0,0.008388608,0.00065536,0.000268435456,3.145728e-05,0.001048576,8.192e-05,12.8
B200_like,1024,4096,32,64,128.0,0.008388608,0.00065536,0.000268435456,6.291456e-05,0.001048576,8.192e-05,12.8
B200_like,1024,4096,32,64,512.0,0.008388608,0.00065536,0.000268435456,0.00018874368,0.001048576,8.388608e-05,12.500000000000002
B200_like,1024,4096,32,128,32.0,0.008388608,0.00131072,0.000268435456,6.291456e-05,0.001048576,0.00016384,6.4
B200_like,1024,4096,32,128,128.0,0.008388608,0.00131072,0.000268435456,0.00012582912,0.001048576,0.00016384,6.4
B200_like,1024,4096,32,128,512.0,0.008388608,0.00131072,0.000268435456,0.00037748736,0.001048576,0.00016777216,6.250000000000001
B200_like,1024,4096,32,256,32.0,0.008388608,0.00262144,0.000268435456,0.00012582912,0.001048576,0.00032768,3.2
B200_like,1024,4096,32,256,128.0,0.008388608,0.00262144,0.000268435456,0.00025165824,0.001048576,0.00032768,3.2
B200_like,1024,4096,32,256,512.0,0.008388608,0.00262144,0.000268435456,0.00075497472,0.001048576,0.00033554432,3.1250000000000004
B200_like,1024,4096,128,16,32.0,0.008388608,0.00016384,0.001073741824,2.359296e-05,0.001048576,2.048e-05,51.2
B200_like,1024,4096,128,16,128.0,0.008388608,0.00016384,0.001073741824,3.145728e-05,0.001048576,2.048e-05,51.2
B200_like,1024,4096,128,16,512.0,0.008388608,0.00016384,0.001073741824,6.291456e-05,0.001048576,2.7962026666666665e-05,37.50000000000001
B200_like,1024,4096,128,32,32.0,0.008388608,0.00032768,0.001073741824,4.718592e-05,0.001048576,4.096e-05,25.6
B200_like,1024,4096,128,32,128.0,0.008388608,0.00032768,0.001073741824,6.291456e-05,0.001048576,4.096e-05,25.6
B200_like,1024,4096,128,32,512.0,0.008388608,0.00032768,0.001073741824,0.00012582912,0.001048576,5.592405333333333e-05,18.750000000000004
B200_like,1024,4096,128,64,32.0,0.008388608,0.00065536,0.001073741824,9.437184e-05,0.001048576,8.192e-05,12.8
B200_like,1024,4096,128,64,128.0,0.008388608,0.00065536,0.001073741824,0.00012582912,0.001048576,8.192e-05,12.8
B200_like,1024,4096,128,64,512.0,0.008388608,0.00065536,0.001073741824,0.00025165824,0.001048576,0.00011184810666666666,9.375000000000002
B200_like,1024,4096,128,128,32.0,0.008388608,0.00131072,0.001073741824,0.00018874368,0.001048576,0.00016384,6.4
B200_like,1024,4096,128,128,128.0,0.008388608,0.00131072,0.001073741824,0.00025165824,0.001048576,0.00016384,6.4
B200_like,1024,4096,128,128,512.0,0.008388608,0.00131072,0.001073741824,0.00050331648,0.001048576,0.00022369621333333332,4.687500000000001
B200_like,1024,4096,128,256,32.0,0.008388608,0.00262144,0.001073741824,0.00037748736,0.001048576,0.00032768,3.2
B200_like,1024,4096,128,256,128.0,0.008388608,0.00262144,0.001073741824,0.00050331648,0.001048576,0.00032768,3.2
B200_like,1024,4096,128,256,512.0,0.008388608,0.00262144,0.001073741824,0.00100663296,0.001048576,0.00044739242666666664,2.3437500000000004
B200_like,2048,8192,1,16,32.0,0.033554432,0.00032768,3.3554432e-05,5.57056e-06,0.004194304,4.096e-05,102.4
B200_like,2048,8192,1,16,128.0,0.033554432,0.00032768,3.3554432e-05,2.12992e-05,0.004194304,4.096e-05,102.4
B200_like,2048,8192,1,16,512.0,0.033554432,0.00032768,3.3554432e-05,8.421376e-05,0.004194304,4.096e-05,102.4
B200_like,2048,8192,1,32,32.0,0.033554432,0.00065536,3.3554432e-05,1.114112e-05,0.004194304,8.192e-05,51.2
B200_like,2048,8192,1,32,128.0,0.033554432,0.00065536,3.3554432e-05,4.25984e-05,0.004194304,8.192e-05,51.2
B200_like,2048,8192,1,32,512.0,0.033554432,0.00065536,3.3554432e-05,0.00016842752,0.004194304,8.192e-05,51.2
B200_like,2048,8192,1,64,32.0,0.033554432,0.00131072,3.3554432e-05,2.228224e-05,0.004194304,0.00016384,25.6
B200_like,2048,8192,1,64,128.0,0.033554432,0.00131072,3.3554432e-05,8.51968e-05,0.004194304,0.00016384,25.6
B200_like,2048,8192,1,64,512.0,0.033554432,0.00131072,3.3554432e-05,0.00033685504,0.004194304,0.00016384,25.6
B200_like,2048,8192,1,128,32.0,0.033554432,0.00262144,3.3554432e-05,4.456448e-05,0.004194304,0.00032768,12.8
B200_like,2048,8192,1,128,128.0,0.033554432,0.00262144,3.3554432e-05,0.0001703936,0.004194304,0.00032768,12.8
B200_like,2048,8192,1,128,512.0,0.033554432,0.00262144,3.3554432e-05,0.00067371008,0.004194304,0.00032768,12.8
B200_like,2048,8192,1,256,32.0,0.033554432,0.00524288,3.3554432e-05,8.912896e-05,0.004194304,0.00065536,6.4
B200_like,2048,8192,1,256,128.0,0.033554432,0.00524288,3.3554432e-05,0.0003407872,0.004194304,0.00065536,6.4
B200_like,2048,8192,1,256,512.0,0.033554432,0.00524288,3.3554432e-05,0.00134742016,0.004194304,0.00065536,6.4
B200_like,2048,8192,8,16,32.0,0.033554432,0.00032768,0.000268435456,7.86432e-06,0.004194304,4.096e-05,102.4
B200_like,2048,8192,8,16,128.0,0.033554432,0.00032768,0.000268435456,2.359296e-05,0.004194304,4.096e-05,102.4
B200_like,2048,8192,8,16,512.0,0.033554432,0.00032768,0.000268435456,8.650752e-05,0.004194304,4.096e-05,102.4
B200_like,2048,8192,8,32,32.0,0.033554432,0.00065536,0.000268435456,1.572864e-05,0.004194304,8.192e-05,51.2
B200_like,2048,8192,8,32,128.0,0.033554432,0.00065536,0.000268435456,4.718592e-05,0.004194304,8.192e-05,51.2
B200_like,2048,8192,8,32,512.0,0.033554432,0.00065536,0.000268435456,0.00017301504,0.004194304,8.192e-05,51.2
B200_like,2048,8192,8,64,32.0,0.033554432,0.00131072,0.000268435456,3.145728e-05,0.004194304,0.00016384,25.6
B200_like,2048,8192,8,64,128.0,0.033554432,0.00131072,0.000268435456,9.437184e-05,0.004194304,0.00016384,25.6
B200_like,2048,8192,8,64,512.0,0.033554432,0.00131072,0.000268435456,0.00034603008,0.004194304,0.00016384,25.6
B200_like,2048,8192,8,128,32.0,0.033554432,0.00262144,0.000268435456,6.291456e-05,0.004194304,0.00032768,12.8
B200_like,2048,8192,8,128,128.0,0.033554432,0.00262144,0.000268435456,0.00018874368,0.004194304,0.00032768,12.8
B200_like,2048,8192,8,128,512.0,0.033554432,0.00262144,0.000268435456,0.00069206016,0.004194304,0.00032768,12.8
B200_like,2048,8192,8,256,32.0,0.033554432,0.00524288,0.000268435456,0.00012582912,0.004194304,0.00065536,6.4
B200_like,2048,8192,8,256,128.0,0.033554432,0.00524288,0.000268435456,0.00037748736,0.004194304,0.00065536,6.4
B200_like,2048,8192,8,256,512.0,0.033554432,0.00524288,0.000268435456,0.00138412032,0.004194304,0.00065536,6.4
B200_like,2048,8192,32,16,32.0,0.033554432,0.00032768,0.001073741824,1.572864e-05,0.004194304,4.096e-05,102.4
B200_like,2048,8192,32,16,128.0,0.033554432,0.00032768,0.001073741824,3.145728e-05,0.004194304,4.096e-05,102.4
B200_like,2048,8192,32,16,512.0,0.033554432,0.00032768,0.001073741824,9.437184e-05,0.004194304,4.194304e-05,100.00000000000001
B200_like,2048,8192,32,32,32.0,0.033554432,0.00065536,0.001073741824,3.145728e-05,0.004194304,8.192e-05,51.2
B200_like,2048,8192,32,32,128.0,0.033554432,0.00065536,0.001073741824,6.291456e-05,0.004194304,8.192e-05,51.2
B200_like,2048,8192,32,32,512.0,0.033554432,0.00065536,0.001073741824,0.00018874368,0.004194304,8.388608e-05,50.00000000000001
B200_like,2048,8192,32,64,32.0,0.033554432,0.00131072,0.001073741824,6.291456e-05,0.004194304,0.00016384,25.6
B200_like,2048,8192,32,64,128.0,0.033554432,0.00131072,0.001073741824,0.00012582912,0.004194304,0.00016384,25.6
B200_like,2048,8192,32,64,512.0,0.033554432,0.00131072,0.001073741824,0.00037748736,0.004194304,0.00016777216,25.000000000000004
B200_like,2048,8192,32,128,32.0,0.033554432,0.00262144,0.001073741824,0.00012582912,0.004194304,0.00032768,12.8
B200_like,2048,8192,32,128,128.0,0.033554432,0.00262144,0.001073741824,0.00025165824,0.004194304,0.00032768,12.8
B200_like,2048,8192,32,128,512.0,0.033554432,0.00262144,0.001073741824,0.00075497472,0.004194304,0.00033554432,12.500000000000002
B200_like,2048,8192,32,256,32.0,0.033554432,0.00524288,0.001073741824,0.00025165824,0.004194304,0.00065536,6.4
B200_like,2048,8192,32,256,128.0,0.033554432,0.00524288,0.001073741824,0.00050331648,0.004194304,0.00065536,6.4
B200_like,2048,8192,32,256,512.0,0.033554432,0.00524288,0.001073741824,0.00150994944,0.004194304,0.00067108864,6.250000000000001
B200_like,2048,8192,128,16,32.0,0.033554432,0.00032768,0.004294967296,4.718592e-05,0.004194304,4.096e-05,102.4
B200_like,2048,8192,128,16,128.0,0.033554432,0.00032768,0.004294967296,6.291456e-05,0.004194304,4.096e-05,102.4
B200_like,2048,8192,128,16,512.0,0.033554432,0.00032768,0.004294967296,0.00012582912,0.004194304,5.592405333333333e-05,75.00000000000001
B200_like,2048,8192,128,32,32.0,0.033554432,0.00065536,0.004294967296,9.437184e-05,0.004194304,8.192e-05,51.2
B200_like,2048,8192,128,32,128.0,0.033554432,0.00065536,0.004294967296,0.00012582912,0.004194304,8.192e-05,51.2
B200_like,2048,8192,128,32,512.0,0.033554432,0.00065536,0.004294967296,0.00025165824,0.004194304,0.00011184810666666666,37.50000000000001
B200_like,2048,8192,128,64,32.0,0.033554432,0.00131072,0.004294967296,0.00018874368,0.004194304,0.00016384,25.6
B200_like,2048,8192,128,64,128.0,0.033554432,0.00131072,0.004294967296,0.00025165824,0.004194304,0.00016384,25.6
B200_like,2048,8192,128,64,512.0,0.033554432,0.00131072,0.004294967296,0.00050331648,0.004194304,0.00022369621333333332,18.750000000000004
B200_like,2048,8192,128,128,32.0,0.033554432,0.00262144,0.004294967296,0.00037748736,0.004194304,0.00032768,12.8
B200_like,2048,8192,128,128,128.0,0.033554432,0.00262144,0.004294967296,0.00050331648,0.004194304,0.00032768,12.8
B200_like,2048,8192,128,128,512.0,0.033554432,0.00262144,0.004294967296,0.00100663296,0.004194304,0.00044739242666666664,9.375000000000002
B200_like,2048,8192,128,256,32.0,0.033554432,0.00524288,0.004294967296,0.00075497472,0.004194304,0.00065536,6.4
B200_like,2048,8192,128,256,128.0,0.033554432,0.00524288,0.004294967296,0.00100663296,0.004194304,0.00065536,6.4
B200_like,2048,8192,128,256,512.0,0.033554432,0.00524288,0.004294967296,0.00201326592,0.004194304,0.0008947848533333333,4.687500000000001
B200_like,4096,16384,1,16,32.0,0.134217728,0.00065536,0.000134217728,1.114112e-05,0.016777216,8.192e-05,204.8
B200_like,4096,16384,1,16,128.0,0.134217728,0.00065536,0.000134217728,4.25984e-05,0.016777216,8.192e-05,204.8
B200_like,4096,16384,1,16,512.0,0.134217728,0.00065536,0.000134217728,0.00016842752,0.016777216,8.192e-05,204.8
B200_like,4096,16384,1,32,32.0,0.134217728,0.00131072,0.000134217728,2.228224e-05,0.016777216,0.00016384,102.4
B200_like,4096,16384,1,32,128.0,0.134217728,0.00131072,0.000134217728,8.51968e-05,0.016777216,0.00016384,102.4
B200_like,4096,16384,1,32,512.0,0.134217728,0.00131072,0.000134217728,0.00033685504,0.016777216,0.00016384,102.4
B200_like,4096,16384,1,64,32.0,0.134217728,0.00262144,0.000134217728,4.456448e-05,0.016777216,0.00032768,51.2
B200_like,4096,16384,1,64,128.0,0.134217728,0.00262144,0.000134217728,0.0001703936,0.016777216,0.00032768,51.2
B200_like,4096,16384,1,64,512.0,0.134217728,0.00262144,0.000134217728,0.00067371008,0.016777216,0.00032768,51.2
B200_like,4096,16384,1,128,32.0,0.134217728,0.00524288,0.000134217728,8.912896e-05,0.016777216,0.00065536,25.6
B200_like,4096,16384,1,128,128.0,0.134217728,0.00524288,0.000134217728,0.0003407872,0.016777216,0.00065536,25.6
B200_like,4096,16384,1,128,512.0,0.134217728,0.00524288,0.000134217728,0.00134742016,0.016777216,0.00065536,25.6
B200_like,4096,16384,1,256,32.0,0.134217728,0.01048576,0.000134217728,0.00017825792,0.016777216,0.00131072,12.8
B200_like,4096,16384,1,256,128.0,0.134217728,0.01048576,0.000134217728,0.0006815744,0.016777216,0.00131072,12.8
B200_like,4096,16384,1,256,512.0,0.134217728,0.01048576,0.000134217728,0.00269484032,0.016777216,0.00131072,12.8
B200_like,4096,16384,8,16,32.0,0.134217728,0.00065536,0.001073741824,1.572864e-05,0.016777216,8.192e-05,204.8
B200_like,4096,16384,8,16,128.0,0.134217728,0.00065536,0.001073741824,4.718592e-05,0.016777216,8.192e-05,204.8
B200_like,4096,16384,8,16,512.0,0.134217728,0.00065536,0.001073741824,0.00017301504,0.016777216,8.192e-05,204.8
B200_like,4096,16384,8,32,32.0,0.134217728,0.00131072,0.001073741824,3.145728e-05,0.016777216,0.00016384,102.4
B200_like,4096,16384,8,32,128.0,0.134217728,0.00131072,0.001073741824,9.437184e-05,0.016777216,0.00016384,102.4
B200_like,4096,16384,8,32,512.0,0.134217728,0.00131072,0.001073741824,0.00034603008,0.016777216,0.00016384,102.4
B200_like,4096,16384,8,64,32.0,0.134217728,0.00262144,0.001073741824,6.291456e-05,0.016777216,0.00032768,51.2
B200_like,4096,16384,8,64,128.0,0.134217728,0.00262144,0.001073741824,0.00018874368,0.016777216,0.00032768,51.2
B200_like,4096,16384,8,64,512.0,0.134217728,0.00262144,0.001073741824,0.00069206016,0.016777216,0.00032768,51.2
B200_like,4096,16384,8,128,32.0,0.134217728,0.00524288,0.001073741824,0.00012582912,0.016777216,0.00065536,25.6
B200_like,4096,16384,8,128,128.0,0.134217728,0.00524288,0.001073741824,0.00037748736,0.016777216,0.00065536,25.6
B200_like,4096,16384,8,128,512.0,0.134217728,0.00524288,0.001073741824,0.00138412032,0.016777216,0.00065536,25.6
B200_like,4096,16384,8,256,32.0,0.134217728,0.01048576,0.001073741824,0.00025165824,0.016777216,0.00131072,12.8
B200_like,4096,16384,8,256,128.0,0.134217728,0.01048576,0.001073741824,0.00075497472,0.016777216,0.00131072,12.8
B200_like,4096,16384,8,256,512.0,0.134217728,0.01048576,0.001073741824,0.00276824064,0.016777216,0.00131072,12.8
B200_like,4096,16384,32,16,32.0,0.134217728,0.00065536,0.004294967296,3.145728e-05,0.016777216,8.192e-05,204.8
B200_like,4096,16384,32,16,128.0,0.134217728,0.00065536,0.004294967296,6.291456e-05,0.016777216,8.192e-05,204.8
B200_like,4096,16384,32,16,512.0,0.134217728,0.00065536,0.004294967296,0.00018874368,0.016777216,8.388608e-05,200.00000000000003
B200_like,4096,16384,32,32,32.0,0.134217728,0.00131072,0.004294967296,6.291456e-05,0.016777216,0.00016384,102.4
B200_like,4096,16384,32,32,128.0,0.134217728,0.00131072,0.004294967296,0.00012582912,0.016777216,0.00016384,102.4
B200_like,4096,16384,32,32,512.0,0.134217728,0.00131072,0.004294967296,0.00037748736,0.016777216,0.00016777216,100.00000000000001
B200_like,4096,16384,32,64,32.0,0.134217728,0.00262144,0.004294967296,0.00012582912,0.016777216,0.00032768,51.2
B200_like,4096,16384,32,64,128.0,0.134217728,0.00262144,0.004294967296,0.00025165824,0.016777216,0.00032768,51.2
B200_like,4096,16384,32,64,512.0,0.134217728,0.00262144,0.004294967296,0.00075497472,0.016777216,0.00033554432,50.00000000000001
B200_like,4096,16384,32,128,32.0,0.134217728,0.00524288,0.004294967296,0.00025165824,0.016777216,0.00065536,25.6
B200_like,4096,16384,32,128,128.0,0.134217728,0.00524288,0.004294967296,0.00050331648,0.016777216,0.00065536,25.6
B200_like,4096,16384,32,128,512.0,0.134217728,0.00524288,0.004294967296,0.00150994944,0.016777216,0.00067108864,25.000000000000004
B200_like,4096,16384,32,256,32.0,0.134217728,0.01048576,0.004294967296,0.00050331648,0.016777216,0.00131072,12.8
B200_like,4096,16384,32,256,128.0,0.134217728,0.01048576,0.004294967296,0.00100663296,0.016777216,0.00131072,12.8
B200_like,4096,16384,32,256,512.0,0.134217728,0.01048576,0.004294967296,0.00301989888,0.016777216,0.00134217728,12.500000000000002
B200_like,4096,16384,128,16,32.0,0.134217728,0.00065536,0.017179869184,9.437184e-05,0.016777216,8.192e-05,204.8
B200_like,4096,16384,128,16,128.0,0.134217728,0.00065536,0.017179869184,0.00012582912,0.016777216,8.192e-05,204.8
B200_like,4096,16384,128,16,512.0,0.134217728,0.00065536,0.017179869184,0.00025165824,0.016777216,0.00011184810666666666,150.00000000000003
B200_like,4096,16384,128,32,32.0,0.134217728,0.00131072,0.017179869184,0.00018874368,0.016777216,0.00016384,102.4
B200_like,4096,16384,128,32,128.0,0.134217728,0.00131072,0.017179869184,0.00025165824,0.016777216,0.00016384,102.4
B200_like,4096,16384,128,32,512.0,0.134217728,0.00131072,0.017179869184,0.00050331648,0.016777216,0.00022369621333333332,75.00000000000001
B200_like,4096,16384,128,64,32.0,0.134217728,0.00262144,0.017179869184,0.00037748736,0.016777216,0.00032768,51.2
B200_like,4096,16384,128,64,128.0,0.134217728,0.00262144,0.017179869184,0.00050331648,0.016777216,0.00032768,51.2
B200_like,4096,16384,128,64,512.0,0.134217728,0.00262144,0.017179869184,0.00100663296,0.016777216,0.00044739242666666664,37.50000000000001
B200_like,4096,16384,128,128,32.0,0.134217728,0.00524288,0.017179869184,0.00075497472,0.016777216,0.00065536,25.6
B200_like,4096,16384,128,128,128.0,0.134217728,0.00524288,0.017179869184,0.00100663296,0.016777216,0.00065536,25.6
B200_like,4096,16384,128,128,512.0,0.134217728,0.00524288,0.017179869184,0.00201326592,0.016777216,0.0008947848533333333,18.750000000000004
B200_like,4096,16384,128,256,32.0,0.134217728,0.01048576,0.017179869184,0.00150994944,0.016777216,0.00131072,12.8
B200_like,4096,16384,128,256,128.0,0.134217728,0.01048576,0.017179869184,0.00201326592,0.016777216,0.00131072,12.8
B200_like,4096,16384,128,256,512.0,0.134217728,0.01048576,0.017179869184,0.00402653184,0.016777216,0.0017895697066666666,9.375000000000002
B200_like,8192,32768,1,16,32.0,0.536870912,0.00131072,0.000536870912,2.228224e-05,0.067108864,0.00016384,409.6
B200_like,8192,32768,1,16,128.0,0.536870912,0.00131072,0.000536870912,8.51968e-05,0.067108864,0.00016384,409.6
B200_like,8192,32768,1,16,512.0,0.536870912,0.00131072,0.000536870912,0.00033685504,0.067108864,0.00016384,409.6
B200_like,8192,32768,1,32,32.0,0.536870912,0.00262144,0.000536870912,4.456448e-05,0.067108864,0.00032768,204.8
B200_like,8192,32768,1,32,128.0,0.536870912,0.00262144,0.000536870912,0.0001703936,0.067108864,0.00032768,204.8
B200_like,8192,32768,1,32,512.0,0.536870912,0.00262144,0.000536870912,0.00067371008,0.067108864,0.00032768,204.8
B200_like,8192,32768,1,64,32.0,0.536870912,0.00524288,0.000536870912,8.912896e-05,0.067108864,0.00065536,102.4
B200_like,8192,32768,1,64,128.0,0.536870912,0.00524288,0.000536870912,0.0003407872,0.067108864,0.00065536,102.4
B200_like,8192,32768,1,64,512.0,0.536870912,0.00524288,0.000536870912,0.00134742016,0.067108864,0.00065536,102.4
B200_like,8192,32768,1,128,32.0,0.536870912,0.01048576,0.000536870912,0.00017825792,0.067108864,0.00131072,51.2
B200_like,8192,32768,1,128,128.0,0.536870912,0.01048576,0.000536870912,0.0006815744,0.067108864,0.00131072,51.2
B200_like,8192,32768,1,128,512.0,0.536870912,0.01048576,0.000536870912,0.00269484032,0.067108864,0.00131072,51.2
B200_like,8192,32768,1,256,32.0,0.536870912,0.02097152,0.000536870912,0.00035651584,0.067108864,0.00262144,25.6
B200_like,8192,32768,1,256,128.0,0.536870912,0.02097152,0.000536870912,0.0013631488,0.067108864,0.00262144,25.6
B200_like,8192,32768,1,256,512.0,0.536870912,0.02097152,0.000536870912,0.00538968064,0.067108864,0.00262144,25.6
B200_like,8192,32768,8,16,32.0,0.536870912,0.00131072,0.004294967296,3.145728e-05,0.067108864,0.00016384,409.6
B200_like,8192,32768,8,16,128.0,0.536870912,0.00131072,0.004294967296,9.437184e-05,0.067108864,0.00016384,409.6
B200_like,8192,32768,8,16,512.0,0.536870912,0.00131072,0.004294967296,0.00034603008,0.067108864,0.00016384,409.6
B200_like,8192,32768,8,32,32.0,0.536870912,0.00262144,0.004294967296,6.291456e-05,0.067108864,0.00032768,204.8
B200_like,8192,32768,8,32,128.0,0.536870912,0.00262144,0.004294967296,0.00018874368,0.067108864,0.00032768,204.8
B200_like,8192,32768,8,32,512.0,0.536870912,0.00262144,0.004294967296,0.00069206016,0.067108864,0.00032768,204.8
B200_like,8192,32768,8,64,32.0,0.536870912,0.00524288,0.004294967296,0.00012582912,0.067108864,0.00065536,102.4
B200_like,8192,32768,8,64,128.0,0.536870912,0.00524288,0.004294967296,0.00037748736,0.067108864,0.00065536,102.4
B200_like,8192,32768,8,64,512.0,0.536870912,0.00524288,0.004294967296,0.00138412032,0.067108864,0.00065536,102.4
B200_like,8192,32768,8,128,32.0,0.536870912,0.01048576,0.004294967296,0.00025165824,0.067108864,0.00131072,51.2
B200_like,8192,32768,8,128,128.0,0.536870912,0.01048576,0.004294967296,0.00075497472,0.067108864,0.00131072,51.2
B200_like,8192,32768,8,128,512.0,0.536870912,0.01048576,0.004294967296,0.00276824064,0.067108864,0.00131072,51.2
B200_like,8192,32768,8,256,32.0,0.536870912,0.02097152,0.004294967296,0.00050331648,0.067108864,0.00262144,25.6
B200_like,8192,32768,8,256,128.0,0.536870912,0.02097152,0.004294967296,0.00150994944,0.067108864,0.00262144,25.6
B200_like,8192,32768,8,256,512.0,0.536870912,0.02097152,0.004294967296,0.00553648128,0.067108864,0.00262144,25.6
B200_like,8192,32768,32,16,32.0,0.536870912,0.00131072,0.017179869184,6.291456e-05,0.067108864,0.00016384,409.6
B200_like,8192,32768,32,16,128.0,0.536870912,0.00131072,0.017179869184,0.00012582912,0.067108864,0.00016384,409.6
B200_like,8192,32768,32,16,512.0,0.536870912,0.00131072,0.017179869184,0.00037748736,0.067108864,0.00016777216,400.00000000000006
B200_like,8192,32768,32,32,32.0,0.536870912,0.00262144,0.017179869184,0.00012582912,0.067108864,0.00032768,204.8
B200_like,8192,32768,32,32,128.0,0.536870912,0.00262144,0.017179869184,0.00025165824,0.067108864,0.00032768,204.8
B200_like,8192,32768,32,32,512.0,0.536870912,0.00262144,0.017179869184,0.00075497472,0.067108864,0.00033554432,200.00000000000003
B200_like,8192,32768,32,64,32.0,0.536870912,0.00524288,0.017179869184,0.00025165824,0.067108864,0.00065536,102.4
B200_like,8192,32768,32,64,128.0,0.536870912,0.00524288,0.017179869184,0.00050331648,0.067108864,0.00065536,102.4
B200_like,8192,32768,32,64,512.0,0.536870912,0.00524288,0.017179869184,0.00150994944,0.067108864,0.00067108864,100.00000000000001
B200_like,8192,32768,32,128,32.0,0.536870912,0.01048576,0.017179869184,0.00050331648,0.067108864,0.00131072,51.2
B200_like,8192,32768,32,128,128.0,0.536870912,0.01048576,0.017179869184,0.00100663296,0.067108864,0.00131072,51.2
B200_like,8192,32768,32,128,512.0,0.536870912,0.01048576,0.017179869184,0.00301989888,0.067108864,0.00134217728,50.00000000000001
B200_like,8192,32768,32,256,32.0,0.536870912,0.02097152,0.017179869184,0.00100663296,0.067108864,0.00262144,25.6
B200_like,8192,32768,32,256,128.0,0.536870912,0.02097152,0.017179869184,0.00201326592,0.067108864,0.00262144,25.6
B200_like,8192,32768,32,256,512.0,0.536870912,0.02097152,0.017179869184,0.00603979776,0.067108864,0.00268435456,25.000000000000004
B200_like,8192,32768,128,16,32.0,0.536870912,0.00131072,0.068719476736,0.00018874368,0.067108864,0.00016384,409.6
B200_like,8192,32768,128,16,128.0,0.536870912,0.00131072,0.068719476736,0.00025165824,0.067108864,0.00016384,409.6
B200_like,8192,32768,128,16,512.0,0.536870912,0.00131072,0.068719476736,0.00050331648,0.067108864,0.00022369621333333332,300.00000000000006
B200_like,8192,32768,128,32,32.0,0.536870912,0.00262144,0.068719476736,0.00037748736,0.067108864,0.00032768,204.8
B200_like,8192,32768,128,32,128.0,0.536870912,0.00262144,0.068719476736,0.00050331648,0.067108864,0.00032768,204.8
B200_like,8192,32768,128,32,512.0,0.536870912,0.00262144,0.068719476736,0.00100663296,0.067108864,0.00044739242666666664,150.00000000000003
B200_like,8192,32768,128,64,32.0,0.536870912,0.00524288,0.068719476736,0.00075497472,0.067108864,0.00065536,102.4
B200_like,8192,32768,128,64,128.0,0.536870912,0.00524288,0.068719476736,0.00100663296,0.067108864,0.00065536,102.4
B200_like,8192,32768,128,64,512.0,0.536870912,0.00524288,0.068719476736,0.00201326592,0.067108864,0.0008947848533333333,75.00000000000001
B200_like,8192,32768,128,128,32.0,0.536870912,0.01048576,0.068719476736,0.00150994944,0.067108864,0.00131072,51.2
B200_like,8192,32768,128,128,128.0,0.536870912,0.01048576,0.068719476736,0.00201326592,0.067108864,0.00131072,51.2
B200_like,8192,32768,128,128,512.0,0.536870912,0.01048576,0.068719476736,0.00402653184,0.067108864,0.0017895697066666666,37.50000000000001
B200_like,8192,32768,128,256,32.0,0.536870912,0.02097152,0.068719476736,0.00301989888,0.067108864,0.00262144,25.6
B200_like,8192,32768,128,256,128.0,0.536870912,0.02097152,0.068719476736,0.00402653184,0.067108864,0.00262144,25.6
B200_like,8192,32768,128,256,512.0,0.536870912,0.02097152,0.068719476736,0.00805306368,0.067108864,0.003579139413333333,18.750000000000004
B200_like,16384,65536,1,16,32.0,2.147483648,0.00262144,0.002147483648,4.456448e-05,0.268435456,0.00032768,819.2
B200_like,16384,65536,1,16,128.0,2.147483648,0.00262144,0.002147483648,0.0001703936,0.268435456,0.00032768,819.2
B200_like,16384,65536,1,16,512.0,2.147483648,0.00262144,0.002147483648,0.00067371008,0.268435456,0.00032768,819.2
B200_like,16384,65536,1,32,32.0,2.147483648,0.00524288,0.002147483648,8.912896e-05,0.268435456,0.00065536,409.6
B200_like,16384,65536,1,32,128.0,2.147483648,0.00524288,0.002147483648,0.0003407872,0.268435456,0.00065536,409.6
B200_like,16384,65536,1,32,512.0,2.147483648,0.00524288,0.002147483648,0.00134742016,0.268435456,0.00065536,409.6
B200_like,16384,65536,1,64,32.0,2.147483648,0.01048576,0.002147483648,0.00017825792,0.268435456,0.00131072,204.8
B200_like,16384,65536,1,64,128.0,2.147483648,0.01048576,0.002147483648,0.0006815744,0.268435456,0.00131072,204.8
B200_like,16384,65536,1,64,512.0,2.147483648,0.01048576,0.002147483648,0.00269484032,0.268435456,0.00131072,204.8
B200_like,16384,65536,1,128,32.0,2.147483648,0.02097152,0.002147483648,0.00035651584,0.268435456,0.00262144,102.4
B200_like,16384,65536,1,128,128.0,2.147483648,0.02097152,0.002147483648,0.0013631488,0.268435456,0.00262144,102.4
B200_like,16384,65536,1,128,512.0,2.147483648,0.02097152,0.002147483648,0.00538968064,0.268435456,0.00262144,102.4
B200_like,16384,65536,1,256,32.0,2.147483648,0.04194304,0.002147483648,0.00071303168,0.268435456,0.00524288,51.2
B200_like,16384,65536,1,256,128.0,2.147483648,0.04194304,0.002147483648,0.0027262976,0.268435456,0.00524288,51.2
B200_like,16384,65536,1,256,512.0,2.147483648,0.04194304,0.002147483648,0.01077936128,0.268435456,0.00524288,51.2
B200_like,16384,65536,8,16,32.0,2.147483648,0.00262144,0.017179869184,6.291456e-05,0.268435456,0.00032768,819.2
B200_like,16384,65536,8,16,128.0,2.147483648,0.00262144,0.017179869184,0.00018874368,0.268435456,0.00032768,819.2
B200_like,16384,65536,8,16,512.0,2.147483648,0.00262144,0.017179869184,0.00069206016,0.268435456,0.00032768,819.2
B200_like,16384,65536,8,32,32.0,2.147483648,0.00524288,0.017179869184,0.00012582912,0.268435456,0.00065536,409.6
B200_like,16384,65536,8,32,128.0,2.147483648,0.00524288,0.017179869184,0.00037748736,0.268435456,0.00065536,409.6
B200_like,16384,65536,8,32,512.0,2.147483648,0.00524288,0.017179869184,0.00138412032,0.268435456,0.00065536,409.6
B200_like,16384,65536,8,64,32.0,2.147483648,0.01048576,0.017179869184,0.00025165824,0.268435456,0.00131072,204.8
B200_like,16384,65536,8,64,128.0,2.147483648,0.01048576,0.017179869184,0.00075497472,0.268435456,0.00131072,204.8
B200_like,16384,65536,8,64,512.0,2.147483648,0.01048576,0.017179869184,0.00276824064,0.268435456,0.00131072,204.8
B200_like,16384,65536,8,128,32.0,2.147483648,0.02097152,0.017179869184,0.00050331648,0.268435456,0.00262144,102.4
B200_like,16384,65536,8,128,128.0,2.147483648,0.02097152,0.017179869184,0.00150994944,0.268435456,0.00262144,102.4
B200_like,16384,65536,8,128,512.0,2.147483648,0.02097152,0.017179869184,0.00553648128,0.268435456,0.00262144,102.4
B200_like,16384,65536,8,256,32.0,2.147483648,0.04194304,0.017179869184,0.00100663296,0.268435456,0.00524288,51.2
B200_like,16384,65536,8,256,128.0,2.147483648,0.04194304,0.017179869184,0.00301989888,0.268435456,0.00524288,51.2
B200_like,16384,65536,8,256,512.0,2.147483648,0.04194304,0.017179869184,0.01107296256,0.268435456,0.00524288,51.2
B200_like,16384,65536,32,16,32.0,2.147483648,0.00262144,0.068719476736,0.00012582912,0.268435456,0.00032768,819.2
B200_like,16384,65536,32,16,128.0,2.147483648,0.00262144,0.068719476736,0.00025165824,0.268435456,0.00032768,819.2
B200_like,16384,65536,32,16,512.0,2.147483648,0.00262144,0.068719476736,0.00075497472,0.268435456,0.00033554432,800.0000000000001
B200_like,16384,65536,32,32,32.0,2.147483648,0.00524288,0.068719476736,0.00025165824,0.268435456,0.00065536,409.6
B200_like,16384,65536,32,32,128.0,2.147483648,0.00524288,0.068719476736,0.00050331648,0.268435456,0.00065536,409.6
B200_like,16384,65536,32,32,512.0,2.147483648,0.00524288,0.068719476736,0.00150994944,0.268435456,0.00067108864,400.00000000000006
B200_like,16384,65536,32,64,32.0,2.147483648,0.01048576,0.068719476736,0.00050331648,0.268435456,0.00131072,204.8
B200_like,16384,65536,32,64,128.0,2.147483648,0.01048576,0.068719476736,0.00100663296,0.268435456,0.00131072,204.8
B200_like,16384,65536,32,64,512.0,2.147483648,0.01048576,0.068719476736,0.00301989888,0.268435456,0.00134217728,200.00000000000003
B200_like,16384,65536,32,128,32.0,2.147483648,0.02097152,0.068719476736,0.00100663296,0.268435456,0.00262144,102.4
B200_like,16384,65536,32,128,128.0,2.147483648,0.02097152,0.068719476736,0.00201326592,0.268435456,0.00262144,102.4
B200_like,16384,65536,32,128,512.0,2.147483648,0.02097152,0.068719476736,0.00603979776,0.268435456,0.00268435456,100.00000000000001
B200_like,16384,65536,32,256,32.0,2.147483648,0.04194304,0.068719476736,0.00201326592,0.268435456,0.00524288,51.2
B200_like,16384,65536,32,256,128.0,2.147483648,0.04194304,0.068719476736,0.00402653184,0.268435456,0.00524288,51.2
B200_like,16384,65536,32,256,512.0,2.147483648,0.04194304,0.068719476736,0.01207959552,0.268435456,0.00536870912,50.00000000000001
B200_like,16384,65536,128,16,32.0,2.147483648,0.00262144,0.274877906944,0.00037748736,0.268435456,0.00032768,819.2
B200_like,16384,65536,128,16,128.0,2.147483648,0.00262144,0.274877906944,0.00050331648,0.268435456,0.00032768,819.2
B200_like,16384,65536,128,16,512.0,2.147483648,0.00262144,0.274877906944,0.00100663296,0.268435456,0.00044739242666666664,600.0000000000001
B200_like,16384,65536,128,32,32.0,2.147483648,0.00524288,0.274877906944,0.00075497472,0.268435456,0.00065536,409.6
B200_like,16384,65536,128,32,128.0,2.147483648,0.00524288,0.274877906944,0.00100663296,0.268435456,0.00065536,409.6
B200_like,16384,65536,128,32,512.0,2.147483648,0.00524288,0.274877906944,0.00201326592,0.268435456,0.0008947848533333333,300.00000000000006
B200_like,16384,65536,128,64,32.0,2.147483648,0.01048576,0.274877906944,0.00150994944,0.268435456,0.00131072,204.8
B200_like,16384,65536,128,64,128.0,2.147483648,0.01048576,0.274877906944,0.00201326592,0.268435456,0.00131072,204.8
B200_like,16384,65536,128,64,512.0,2.147483648,0.01048576,0.274877906944,0.00402653184,0.268435456,0.0017895697066666666,150.00000000000003
B200_like,16384,65536,128,128,32.0,2.147483648,0.02097152,0.274877906944,0.00301989888,0.268435456,0.00262144,102.4
B200_like,16384,65536,128,128,128.0,2.147483648,0.02097152,0.274877906944,0.00402653184,0.268435456,0.00262144,102.4
B200_like,16384,65536,128,128,512.0,2.147483648,0.02097152,0.274877906944,0.00805306368,0.268435456,0.003579139413333333,75.00000000000001
B200_like,16384,65536,128,256,32.0,2.147483648,0.04194304,0.274877906944,0.00603979776,0.268435456,0.00524288,51.2
B200_like,16384,65536,128,256,128.0,2.147483648,0.04194304,0.274877906944,0.00805306368,0.268435456,0.00524288,51.2
B200_like,16384,65536,128,256,512.0,2.147483648,0.04194304,0.274877906944,0.01610612736,0.268435456,0.007158278826666666,37.50000000000001
Ascend_910B_like,1024,4096,1,16,32.0,0.008388608,0.00016384,8.388608e-06,2.78528e-06,0.00524288,0.00010240000000000001,51.199999999999996
Ascend_910B_like,1024,4096,1,16,128.0,0.008388608,0.00016384,8.388608e-06,1.06496e-05,0.00524288,0.00010240000000000001,51.199999999999996
Ascend_910B_like,1024,4096,1,16,512.0,0.008388608,0.00016384,8.388608e-06,4.210688e-05,0.00524288,0.0001349579487179487,38.84824902723736
Ascend_910B_like,1024,4096,1,32,32.0,0.008388608,0.00032768,8.388608e-06,5.57056e-06,0.00524288,0.00020480000000000002,25.599999999999998
Ascend_910B_like,1024,4096,1,32,128.0,0.008388608,0.00032768,8.388608e-06,2.12992e-05,0.00524288,0.00020480000000000002,25.599999999999998
Ascend_910B_like,1024,4096,1,32,512.0,0.008388608,0.00032768,8.388608e-06,8.421376e-05,0.00524288,0.0002699158974358974,19.42412451361868
Ascend_910B_like,1024,4096,1,64,32.0,0.008388608,0.00065536,8.388608e-06,1.114112e-05,0.00524288,0.00040960000000000004,12.799999999999999
Ascend_910B_like,1024,4096,1,64,128.0,0.008388608,0.00065536,8.388608e-06,4.25984e-05,0.00524288,0.00040960000000000004,12.799999999999999
Ascend_910B_like,1024,4096,1,64,512.0,0.008388608,0.00065536,8.388608e-06,0.00016842752,0.00524288,0.0005398317948717949,9.71206225680934
Ascend_910B_like,1024,4096,1,128,32.0,0.008388608,0.00131072,8.388608e-06,2.228224e-05,0.00524288,0.0008192000000000001,6.3999999999999995
Ascend_910B_like,1024,4096,1,128,128.0,0.008388608,0.00131072,8.388608e-06,8.51968e-05,0.00524288,0.0008192000000000001,6.3999999999999995
Ascend_910B_like,1024,4096,1,128,512.0,0.008388608,0.00131072,8.388608e-06,0.00033685504,0.00524288,0.0010796635897435897,4.85603112840467
Ascend_910B_like,1024,4096,1,256,32.0,0.008388608,0.00262144,8.388608e-06,4.456448e-05,0.00524288,0.0016384000000000001,3.1999999999999997
Ascend_910B_like,1024,4096,1,256,128.0,0.008388608,0.00262144,8.388608e-06,0.0001703936,0.00524288,0.0016384000000000001,3.1999999999999997
Ascend_910B_like,1024,4096,1,256,512.0,0.008388608,0.00262144,8.388608e-06,0.00067371008,0.00524288,0.0021593271794871794,2.428015564202335
Ascend_910B_like,1024,4096,8,16,32.0,0.008388608,0.00016384,6.7108864e-05,3.93216e-06,0.00524288,0.00010240000000000001,51.199999999999996
Ascend_910B_like,1024,4096,8,16,128.0,0.008388608,0.00016384,6.7108864e-05,1.179648e-05,0.00524288,0.00010240000000000001,51.199999999999996
Ascend_910B_like,1024,4096,8,16,512.0,0.008388608,0.00016384,6.7108864e-05,4.325376e-05,0.00524288,0.00013863384615384617,37.81818181818181
Ascend_910B_like,1024,4096,8,32,32.0,0.008388608,0.00032768,6.7108864e-05,7.86432e-06,0.00524288,0.00020480000000000002,25.599999999999998
Ascend_910B_like,1024,4096,8,32,128.0,0.008388608,0.00032768,6.7108864e-05,2.359296e-05,0.00524288,0.00020480000000000002,25.599999999999998
Ascend_910B_like,1024,4096,8,32,512.0,0.008388608,0.00032768,6.7108864e-05,8.650752e-05,0.00524288,0.00027726769230769233,18.909090909090907
Ascend_910B_like,1024,4096,8,64,32.0,0.008388608,0.00065536,6.7108864e-05,1.572864e-05,0.00524288,0.00040960000000000004,12.799999999999999
Ascend_910B_like,1024,4096,8,64,128.0,0.008388608,0.00065536,6.7108864e-05,4.718592e-05,0.00524288,0.00040960000000000004,12.799999999999999
Ascend_910B_like,1024,4096,8,64,512.0,0.008388608,0.00065536,6.7108864e-05,0.00017301504,0.00524288,0.0005545353846153847,9.454545454545453
Ascend_910B_like,1024,4096,8,128,32.0,0.008388608,0.00131072,6.7108864e-05,3.145728e-05,0.00524288,0.0008192000000000001,6.3999999999999995
Ascend_910B_like,1024,4096,8,128,128.0,0.008388608,0.00131072,6.7108864e-05,9.437184e-05,0.00524288,0.0008192000000000001,6.3999999999999995
Ascend_910B_like,1024,4096,8,128,512.0,0.008388608,0.00131072,6.7108864e-05,0.00034603008,0.00524288,0.0011090707692307693,4.727272727272727
Ascend_910B_like,1024,4096,8,256,32.0,0.008388608,0.00262144,6.7108864e-05,6.291456e-05,0.00524288,0.0016384000000000001,3.1999999999999997
Ascend_910B_like,1024,4096,8,256,128.0,0.008388608,0.00262144,6.7108864e-05,0.00018874368,0.00524288,0.0016384000000000001,3.1999999999999997
Ascend_910B_like,1024,4096,8,256,512.0,0.008388608,0.00262144,6.7108864e-05,0.00069206016,0.00524288,0.0022181415384615387,2.3636363636363633
Ascend_910B_like,1024,4096,32,16,32.0,0.008388608,0.00016384,0.000268435456,7.86432e-06,0.00524288,0.00010240000000000001,51.199999999999996
Ascend_910B_like,1024,4096,32,16,128.0,0.008388608,0.00016384,0.000268435456,1.572864e-05,0.00524288,0.00010240000000000001,51.199999999999996
Ascend_910B_like,1024,4096,32,16,512.0,0.008388608,0.00016384,0.000268435456,4.718592e-05,0.00524288,0.00015123692307692307,34.66666666666667
Ascend_910B_like,1024,4096,32,32,32.0,0.008388608,0.00032768,0.000268435456,1.572864e-05,0.00524288,0.00020480000000000002,25.599999999999998
Ascend_910B_like,1024,4096,32,32,128.0,0.008388608,0.00032768,0.000268435456,3.145728e-05,0.00524288,0.00020480000000000002,25.599999999999998
Ascend_910B_like,1024,4096,32,32,512.0,0.008388608,0.00032768,0.000268435456,9.437184e-05,0.00524288,0.00030247384615384614,17.333333333333336
Ascend_910B_like,1024,4096,32,64,32.0,0.008388608,0.00065536,0.000268435456,3.145728e-05,0.00524288,0.00040960000000000004,12.799999999999999
Ascend_910B_like,1024,4096,32,64,128.0,0.008388608,0.00065536,0.000268435456,6.291456e-05,0.00524288,0.00040960000000000004,12.799999999999999
Ascend_910B_like,1024,4096,32,64,512.0,0.008388608,0.00065536,0.000268435456,0.00018874368,0.00524288,0.0006049476923076923,8.666666666666668
Ascend_910B_like,1024,4096,32,128,32.0,0.008388608,0.00131072,0.000268435456,6.291456e-05,0.00524288,0.0008192000000000001,6.3999999999999995
Ascend_910B_like,1024,4096,32,128,128.0,0.008388608,0.00131072,0.000268435456,0.00012582912,0.00524288,0.0008192000000000001,6.3999999999999995
Ascend_910B_like,1024,4096,32,128,512.0,0.008388608,0.00131072,0.000268435456,0.00037748736,0.00524288,0.0012098953846153846,4.333333333333334
Ascend_910B_like,1024,4096,32,256,32.0,0.008388608,0.00262144,0.000268435456,0.00012582912,0.00524288,0.0016384000000000001,3.1999999999999997
Ascend_910B_like,1024,4096,32,256,128.0,0.008388608,0.00262144,0.000268435456,0.00025165824,0.00524288,0.0016384000000000001,3.1999999999999997
Ascend_910B_like,1024,4096,32,256,512.0,0.008388608,0.00262144,0.000268435456,0.00075497472,0.00524288,0.002419790769230769,2.166666666666667
Ascend_910B_like,1024,4096,128,16,32.0,0.008388608,0.00016384,0.001073741824,2.359296e-05,0.00524288,0.00010240000000000001,51.199999999999996
Ascend_910B_like,1024,4096,128,16,128.0,0.008388608,0.00016384,0.001073741824,3.145728e-05,0.00524288,0.00010240000000000001,51.199999999999996
Ascend_910B_like,1024,4096,128,16,512.0,0.008388608,0.00016384,0.001073741824,6.291456e-05,0.00524288,0.00020164923076923077,26.0
Ascend_910B_like,1024,4096,128,32,32.0,0.008388608,0.00032768,0.001073741824,4.718592e-05,0.00524288,0.00020480000000000002,25.599999999999998
Ascend_910B_like,1024,4096,128,32,128.0,0.008388608,0.00032768,0.001073741824,6.291456e-05,0.00524288,0.00020480000000000002,25.599999999999998
Ascend_910B_like,1024,4096,128,32,512.0,0.008388608,0.00032768,0.001073741824,0.00012582912,0.00524288,0.00040329846153846154,13.0
Ascend_910B_like,1024,4096,128,64,32.0,0.008388608,0.00065536,0.001073741824,9.437184e-05,0.00524288,0.00040960000000000004,12.799999999999999
Ascend_910B_like,1024,4096,128,64,128.0,0.008388608,0.00065536,0.001073741824,0.00012582912,0.00524288,0.00040960000000000004,12.799999999999999
Ascend_910B_like,1024,4096,128,64,512.0,0.008388608,0.00065536,0.001073741824,0.00025165824,0.00524288,0.0008065969230769231,6.5
Ascend_910B_like,1024,4096,128,128,32.0,0.008388608,0.00131072,0.001073741824,0.00018874368,0.00524288,0.0008192000000000001,6.3999999999999995
Ascend_910B_like,1024,4096,128,128,128.0,0.008388608,0.00131072,0.001073741824,0.00025165824,0.00524288,0.0008192000000000001,6.3999999999999995
Ascend_910B_like,1024,4096,128,128,512.0,0.008388608,0.00131072,0.001073741824,0.00050331648,0.00524288,0.0016131938461538462,3.25
Ascend_910B_like,1024,4096,128,256,32.0,0.008388608,0.00262144,0.001073741824,0.00037748736,0.00524288,0.0016384000000000001,3.1999999999999997
Ascend_910B_like,1024,4096,128,256,128.0,0.008388608,0.00262144,0.001073741824,0.00050331648,0.00524288,0.0016384000000000001,3.1999999999999997
Ascend_910B_like,1024,4096,128,256,512.0,0.008388608,0.00262144,0.001073741824,0.00100663296,0.00524288,0.0032263876923076923,1.625
Ascend_910B_like,2048,8192,1,16,32.0,0.033554432,0.00032768,3.3554432e-05,5.57056e-06,0.02097152,0.00020480000000000002,102.39999999999999
Ascend_910B_like,2048,8192,1,16,128.0,0.033554432,0.00032768,3.3554432e-05,2.12992e-05,0.02097152,0.00020480000000000002,102.39999999999999
Ascend_910B_like,2048,8192,1,16,512.0,0.033554432,0.00032768,3.3554432e-05,8.421376e-05,0.02097152,0.0002699158974358974,77.69649805447472
Ascend_910B_like,2048,8192,1,32,32.0,0.033554432,0.00065536,3.3554432e-05,1.114112e-05,0.02097152,0.00040960000000000004,51.199999999999996
Ascend_910B_like,2048,8192,1,32,128.0,0.033554432,0.00065536,3.3554432e-05,4.25984e-05,0.02097152,0.00040960000000000004,51.199999999999996
Ascend_910B_like,2048,8192,1,32,512.0,0.033554432,0.00065536,3.3554432e-05,0.00016842752,0.02097152,0.0005398317948717949,38.84824902723736
Ascend_910B_like,2048,8192,1,64,32.0,0.033554432,0.00131072,3.3554432e-05,2.228224e-05,0.02097152,0.0008192000000000001,25.599999999999998
Ascend_910B_like,2048,8192,1,64,128.0,0.033554432,0.00131072,3.3554432e-05,8.51968e-05,0.02097152,0.0008192000000000001,25.599999999999998
Ascend_910B_like,2048,8192,1,64,512.0,0.033554432,0.00131072,3.3554432e-05,0.00033685504,0.02097152,0.0010796635897435897,19.42412451361868
Ascend_910B_like,2048,8192,1,128,32.0,0.033554432,0.00262144,3.3554432e-05,4.456448e-05,0.02097152,0.0016384000000000001,12.799999999999999
Ascend_910B_like,2048,8192,1,128,128.0,0.033554432,0.00262144,3.3554432e-05,0.0001703936,0.02097152,0.0016384000000000001,12.799999999999999
Ascend_910B_like,2048,8192,1,128,512.0,0.033554432,0.00262144,3.3554432e-05,0.00067371008,0.02097152,0.0021593271794871794,9.71206225680934
Ascend_910B_like,2048,8192,1,256,32.0,0.033554432,0.00524288,3.3554432e-05,8.912896e-05,0.02097152,0.0032768000000000003,6.3999999999999995
Ascend_910B_like,2048,8192,1,256,128.0,0.033554432,0.00524288,3.3554432e-05,0.0003407872,0.02097152,0.0032768000000000003,6.3999999999999995
Ascend_910B_like,2048,8192,1,256,512.0,0.033554432,0.00524288,3.3554432e-05,0.00134742016,0.02097152,0.004318654358974359,4.85603112840467
Ascend_910B_like,2048,8192,8,16,32.0,0.033554432,0.00032768,0.000268435456,7.86432e-06,0.02097152,0.00020480000000000002,102.39999999999999
Ascend_910B_like,2048,8192,8,16,128.0,0.033554432,0.00032768,0.000268435456,2.359296e-05,0.02097152,0.00020480000000000002,102.39999999999999
Ascend_910B_like,2048,8192,8,16,512.0,0.033554432,0.00032768,0.000268435456,8.650752e-05,0.02097152,0.00027726769230769233,75.63636363636363
Ascend_910B_like,2048,8192,8,32,32.0,0.033554432,0.00065536,0.000268435456,1.572864e-05,0.02097152,0.00040960000000000004,51.199999999999996
Ascend_910B_like,2048,8192,8,32,128.0,0.033554432,0.00065536,0.000268435456,4.718592e-05,0.02097152,0.00040960000000000004,51.199999999999996
Ascend_910B_like,2048,8192,8,32,512.0,0.033554432,0.00065536,0.000268435456,0.00017301504,0.02097152,0.0005545353846153847,37.81818181818181
Ascend_910B_like,2048,8192,8,64,32.0,0.033554432,0.00131072,0.000268435456,3.145728e-05,0.02097152,0.0008192000000000001,25.599999999999998
Ascend_910B_like,2048,8192,8,64,128.0,0.033554432,0.00131072,0.000268435456,9.437184e-05,0.02097152,0.0008192000000000001,25.599999999999998
Ascend_910B_like,2048,8192,8,64,512.0,0.033554432,0.00131072,0.000268435456,0.00034603008,0.02097152,0.0011090707692307693,18.909090909090907
Ascend_910B_like,2048,8192,8,128,32.0,0.033554432,0.00262144,0.000268435456,6.291456e-05,0.02097152,0.0016384000000000001,12.799999999999999
Ascend_910B_like,2048,8192,8,128,128.0,0.033554432,0.00262144,0.000268435456,0.00018874368,0.02097152,0.0016384000000000001,12.799999999999999
Ascend_910B_like,2048,8192,8,128,512.0,0.033554432,0.00262144,0.000268435456,0.00069206016,0.02097152,0.0022181415384615387,9.454545454545453
Ascend_910B_like,2048,8192,8,256,32.0,0.033554432,0.00524288,0.000268435456,0.00012582912,0.02097152,0.0032768000000000003,6.3999999999999995
Ascend_910B_like,2048,8192,8,256,128.0,0.033554432,0.00524288,0.000268435456,0.00037748736,0.02097152,0.0032768000000000003,6.3999999999999995
Ascend_910B_like,2048,8192,8,256,512.0,0.033554432,0.00524288,0.000268435456,0.00138412032,0.02097152,0.004436283076923077,4.727272727272727
Ascend_910B_like,2048,8192,32,16,32.0,0.033554432,0.00032768,0.001073741824,1.572864e-05,0.02097152,0.00020480000000000002,102.39999999999999
Ascend_910B_like,2048,8192,32,16,128.0,0.033554432,0.00032768,0.001073741824,3.145728e-05,0.02097152,0.00020480000000000002,102.39999999999999
Ascend_910B_like,2048,8192,32,16,512.0,0.033554432,0.00032768,0.001073741824,9.437184e-05,0.02097152,0.00030247384615384614,69.33333333333334
Ascend_910B_like,2048,8192,32,32,32.0,0.033554432,0.00065536,0.001073741824,3.145728e-05,0.02097152,0.00040960000000000004,51.199999999999996
Ascend_910B_like,2048,8192,32,32,128.0,0.033554432,0.00065536,0.001073741824,6.291456e-05,0.02097152,0.00040960000000000004,51.199999999999996
Ascend_910B_like,2048,8192,32,32,512.0,0.033554432,0.00065536,0.001073741824,0.00018874368,0.02097152,0.0006049476923076923,34.66666666666667
Ascend_910B_like,2048,8192,32,64,32.0,0.033554432,0.00131072,0.001073741824,6.291456e-05,0.02097152,0.0008192000000000001,25.599999999999998
Ascend_910B_like,2048,8192,32,64,128.0,0.033554432,0.00131072,0.001073741824,0.00012582912,0.02097152,0.0008192000000000001,25.599999999999998
Ascend_910B_like,2048,8192,32,64,512.0,0.033554432,0.00131072,0.001073741824,0.00037748736,0.02097152,0.0012098953846153846,17.333333333333336
Ascend_910B_like,2048,8192,32,128,32.0,0.033554432,0.00262144,0.001073741824,0.00012582912,0.02097152,0.0016384000000000001,12.799999999999999
Ascend_910B_like,2048,8192,32,128,128.0,0.033554432,0.00262144,0.001073741824,0.00025165824,0.02097152,0.0016384000000000001,12.799999999999999
Ascend_910B_like,2048,8192,32,128,512.0,0.033554432,0.00262144,0.001073741824,0.00075497472,0.02097152,0.002419790769230769,8.666666666666668
Ascend_910B_like,2048,8192,32,256,32.0,0.033554432,0.00524288,0.001073741824,0.00025165824,0.02097152,0.0032768000000000003,6.3999999999999995
Ascend_910B_like,2048,8192,32,256,128.0,0.033554432,0.00524288,0.001073741824,0.00050331648,0.02097152,0.0032768000000000003,6.3999999999999995
Ascend_910B_like,2048,8192,32,256,512.0,0.033554432,0.00524288,0.001073741824,0.00150994944,0.02097152,0.004839581538461538,4.333333333333334
Ascend_910B_like,2048,8192,128,16,32.0,0.033554432,0.00032768,0.004294967296,4.718592e-05,0.02097152,0.00020480000000000002,102.39999999999999
Ascend_910B_like,2048,8192,128,16,128.0,0.033554432,0.00032768,0.004294967296,6.291456e-05,0.02097152,0.00020480000000000002,102.39999999999999
Ascend_910B_like,2048,8192,128,16,512.0,0.033554432,0.00032768,0.004294967296,0.00012582912,0.02097152,0.00040329846153846154,52.0
Ascend_910B_like,2048,8192,128,32,32.0,0.033554432,0.00065536,0.004294967296,9.437184e-05,0.02097152,0.00040960000000000004,51.199999999999996
Ascend_910B_like,2048,8192,128,32,128.0,0.033554432,0.00065536,0.004294967296,0.00012582912,0.02097152,0.00040960000000000004,51.199999999999996
Ascend_910B_like,2048,8192,128,32,512.0,0.033554432,0.00065536,0.004294967296,0.00025165824,0.02097152,0.0008065969230769231,26.0
Ascend_910B_like,2048,8192,128,64,32.0,0.033554432,0.00131072,0.004294967296,0.00018874368,0.02097152,0.0008192000000000001,25.599999999999998
Ascend_910B_like,2048,8192,128,64,128.0,0.033554432,0.00131072,0.004294967296,0.00025165824,0.02097152,0.0008192000000000001,25.599999999999998
Ascend_910B_like,2048,8192,128,64,512.0,0.033554432,0.00131072,0.004294967296,0.00050331648,0.02097152,0.0016131938461538462,13.0
Ascend_910B_like,2048,8192,128,128,32.0,0.033554432,0.00262144,0.004294967296,0.00037748736,0.02097152,0.0016384000000000001,12.799999999999999
Ascend_910B_like,2048,8192,128,128,128.0,0.033554432,0.00262144,0.004294967296,0.00050331648,0.02097152,0.0016384000000000001,12.799999999999999
Ascend_910B_like,2048,8192,128,128,512.0,0.033554432,0.00262144,0.004294967296,0.00100663296,0.02097152,0.0032263876923076923,6.5
Ascend_910B_like,2048,8192,128,256,32.0,0.033554432,0.00524288,0.004294967296,0.00075497472,0.02097152,0.0032768000000000003,6.3999999999999995
Ascend_910B_like,2048,8192,128,256,128.0,0.033554432,0.00524288,0.004294967296,0.00100663296,0.02097152,0.0032768000000000003,6.3999999999999995
Ascend_910B_like,2048,8192,128,256,512.0,0.033554432,0.00524288,0.004294967296,0.00201326592,0.02097152,0.006452775384615385,3.25
Ascend_910B_like,4096,16384,1,16,32.0,0.134217728,0.00065536,0.000134217728,1.114112e-05,0.08388608,0.00040960000000000004,204.79999999999998
Ascend_910B_like,4096,16384,1,16,128.0,0.134217728,0.00065536,0.000134217728,4.25984e-05,0.08388608,0.00040960000000000004,204.79999999999998
Ascend_910B_like,4096,16384,1,16,512.0,0.134217728,0.00065536,0.000134217728,0.00016842752,0.08388608,0.0005398317948717949,155.39299610894943
Ascend_910B_like,4096,16384,1,32,32.0,0.134217728,0.00131072,0.000134217728,2.228224e-05,0.08388608,0.0008192000000000001,102.39999999999999
Ascend_910B_like,4096,16384,1,32,128.0,0.134217728,0.00131072,0.000134217728,8.51968e-05,0.08388608,0.0008192000000000001,102.39999999999999
Ascend_910B_like,4096,16384,1,32,512.0,0.134217728,0.00131072,0.000134217728,0.00033685504,0.08388608,0.0010796635897435897,77.69649805447472
Ascend_910B_like,4096,16384,1,64,32.0,0.134217728,0.00262144,0.000134217728,4.456448e-05,0.08388608,0.0016384000000000001,51.199999999999996
Ascend_910B_like,4096,16384,1,64,128.0,0.134217728,0.00262144,0.000134217728,0.0001703936,0.08388608,0.0016384000000000001,51.199999999999996
Ascend_910B_like,4096,16384,1,64,512.0,0.134217728,0.00262144,0.000134217728,0.00067371008,0.08388608,0.0021593271794871794,38.84824902723736
Ascend_910B_like,4096,16384,1,128,32.0,0.134217728,0.00524288,0.000134217728,8.912896e-05,0.08388608,0.0032768000000000003,25.599999999999998
Ascend_910B_like,4096,16384,1,128,128.0,0.134217728,0.00524288,0.000134217728,0.0003407872,0.08388608,0.0032768000000000003,25.599999999999998
Ascend_910B_like,4096,16384,1,128,512.0,0.134217728,0.00524288,0.000134217728,0.00134742016,0.08388608,0.004318654358974359,19.42412451361868
Ascend_910B_like,4096,16384,1,256,32.0,0.134217728,0.01048576,0.000134217728,0.00017825792,0.08388608,0.006553600000000001,12.799999999999999
Ascend_910B_like,4096,16384,1,256,128.0,0.134217728,0.01048576,0.000134217728,0.0006815744,0.08388608,0.006553600000000001,12.799999999999999
Ascend_910B_like,4096,16384,1,256,512.0,0.134217728,0.01048576,0.000134217728,0.00269484032,0.08388608,0.008637308717948718,9.71206225680934
Ascend_910B_like,4096,16384,8,16,32.0,0.134217728,0.00065536,0.001073741824,1.572864e-05,0.08388608,0.00040960000000000004,204.79999999999998
Ascend_910B_like,4096,16384,8,16,128.0,0.134217728,0.00065536,0.001073741824,4.718592e-05,0.08388608,0.00040960000000000004,204.79999999999998
Ascend_910B_like,4096,16384,8,16,512.0,0.134217728,0.00065536,0.001073741824,0.00017301504,0.08388608,0.0005545353846153847,151.27272727272725
Ascend_910B_like,4096,16384,8,32,32.0,0.134217728,0.00131072,0.001073741824,3.145728e-05,0.08388608,0.0008192000000000001,102.39999999999999
Ascend_910B_like,4096,16384,8,32,128.0,0.134217728,0.00131072,0.001073741824,9.437184e-05,0.08388608,0.0008192000000000001,102.39999999999999
Ascend_910B_like,4096,16384,8,32,512.0,0.134217728,0.00131072,0.001073741824,0.00034603008,0.08388608,0.0011090707692307693,75.63636363636363
Ascend_910B_like,4096,16384,8,64,32.0,0.134217728,0.00262144,0.001073741824,6.291456e-05,0.08388608,0.0016384000000000001,51.199999999999996
Ascend_910B_like,4096,16384,8,64,128.0,0.134217728,0.00262144,0.001073741824,0.00018874368,0.08388608,0.0016384000000000001,51.199999999999996
Ascend_910B_like,4096,16384,8,64,512.0,0.134217728,0.00262144,0.001073741824,0.00069206016,0.08388608,0.0022181415384615387,37.81818181818181
Ascend_910B_like,4096,16384,8,128,32.0,0.134217728,0.00524288,0.001073741824,0.00012582912,0.08388608,0.0032768000000000003,25.599999999999998
Ascend_910B_like,4096,16384,8,128,128.0,0.134217728,0.00524288,0.001073741824,0.00037748736,0.08388608,0.0032768000000000003,25.599999999999998
Ascend_910B_like,4096,16384,8,128,512.0,0.134217728,0.00524288,0.001073741824,0.00138412032,0.08388608,0.004436283076923077,18.909090909090907
Ascend_910B_like,4096,16384,8,256,32.0,0.134217728,0.01048576,0.001073741824,0.00025165824,0.08388608,0.006553600000000001,12.799999999999999
Ascend_910B_like,4096,16384,8,256,128.0,0.134217728,0.01048576,0.001073741824,0.00075497472,0.08388608,0.006553600000000001,12.799999999999999
Ascend_910B_like,4096,16384,8,256,512.0,0.134217728,0.01048576,0.001073741824,0.00276824064,0.08388608,0.008872566153846155,9.454545454545453
Ascend_910B_like,4096,16384,32,16,32.0,0.134217728,0.00065536,0.004294967296,3.145728e-05,0.08388608,0.00040960000000000004,204.79999999999998
Ascend_910B_like,4096,16384,32,16,128.0,0.134217728,0.00065536,0.004294967296,6.291456e-05,0.08388608,0.00040960000000000004,204.79999999999998
Ascend_910B_like,4096,16384,32,16,512.0,0.134217728,0.00065536,0.004294967296,0.00018874368,0.08388608,0.0006049476923076923,138.66666666666669
Ascend_910B_like,4096,16384,32,32,32.0,0.134217728,0.00131072,0.004294967296,6.291456e-05,0.08388608,0.0008192000000000001,102.39999999999999
Ascend_910B_like,4096,16384,32,32,128.0,0.134217728,0.00131072,0.004294967296,0.00012582912,0.08388608,0.0008192000000000001,102.39999999999999
Ascend_910B_like,4096,16384,32,32,512.0,0.134217728,0.00131072,0.004294967296,0.00037748736,0.08388608,0.0012098953846153846,69.33333333333334
Ascend_910B_like,4096,16384,32,64,32.0,0.134217728,0.00262144,0.004294967296,0.00012582912,0.08388608,0.0016384000000000001,51.199999999999996
Ascend_910B_like,4096,16384,32,64,128.0,0.134217728,0.00262144,0.004294967296,0.00025165824,0.08388608,0.0016384000000000001,51.199999999999996
Ascend_910B_like,4096,16384,32,64,512.0,0.134217728,0.00262144,0.004294967296,0.00075497472,0.08388608,0.002419790769230769,34.66666666666667
Ascend_910B_like,4096,16384,32,128,32.0,0.134217728,0.00524288,0.004294967296,0.00025165824,0.08388608,0.0032768000000000003,25.599999999999998
Ascend_910B_like,4096,16384,32,128,128.0,0.134217728,0.00524288,0.004294967296,0.00050331648,0.08388608,0.0032768000000000003,25.599999999999998
Ascend_910B_like,4096,16384,32,128,512.0,0.134217728,0.00524288,0.004294967296,0.00150994944,0.08388608,0.004839581538461538,17.333333333333336
Ascend_910B_like,4096,16384,32,256,32.0,0.134217728,0.01048576,0.004294967296,0.00050331648,0.08388608,0.006553600000000001,12.799999999999999
Ascend_910B_like,4096,16384,32,256,128.0,0.134217728,0.01048576,0.004294967296,0.00100663296,0.08388608,0.006553600000000001,12.799999999999999
Ascend_910B_like,4096,16384,32,256,512.0,0.134217728,0.01048576,0.004294967296,0.00301989888,0.08388608,0.009679163076923077,8.666666666666668
Ascend_910B_like,4096,16384,128,16,32.0,0.134217728,0.00065536,0.017179869184,9.437184e-05,0.08388608,0.00040960000000000004,204.79999999999998
Ascend_910B_like,4096,16384,128,16,128.0,0.134217728,0.00065536,0.017179869184,0.00012582912,0.08388608,0.00040960000000000004,204.79999999999998
Ascend_910B_like,4096,16384,128,16,512.0,0.134217728,0.00065536,0.017179869184,0.00025165824,0.08388608,0.0008065969230769231,104.0
Ascend_910B_like,4096,16384,128,32,32.0,0.134217728,0.00131072,0.017179869184,0.00018874368,0.08388608,0.0008192000000000001,102.39999999999999
Ascend_910B_like,4096,16384,128,32,128.0,0.134217728,0.00131072,0.017179869184,0.00025165824,0.08388608,0.0008192000000000001,102.39999999999999
Ascend_910B_like,4096,16384,128,32,512.0,0.134217728,0.00131072,0.017179869184,0.00050331648,0.08388608,0.0016131938461538462,52.0
Ascend_910B_like,4096,16384,128,64,32.0,0.134217728,0.00262144,0.017179869184,0.00037748736,0.08388608,0.0016384000000000001,51.199999999999996
Ascend_910B_like,4096,16384,128,64,128.0,0.134217728,0.00262144,0.017179869184,0.00050331648,0.08388608,0.0016384000000000001,51.199999999999996
Ascend_910B_like,4096,16384,128,64,512.0,0.134217728,0.00262144,0.017179869184,0.00100663296,0.08388608,0.0032263876923076923,26.0
Ascend_910B_like,4096,16384,128,128,32.0,0.134217728,0.00524288,0.017179869184,0.00075497472,0.08388608,0.0032768000000000003,25.599999999999998
Ascend_910B_like,4096,16384,128,128,128.0,0.134217728,0.00524288,0.017179869184,0.00100663296,0.08388608,0.0032768000000000003,25.599999999999998
Ascend_910B_like,4096,16384,128,128,512.0,0.134217728,0.00524288,0.017179869184,0.00201326592,0.08388608,0.006452775384615385,13.0
Ascend_910B_like,4096,16384,128,256,32.0,0.134217728,0.01048576,0.017179869184,0.00150994944,0.08388608,0.006553600000000001,12.799999999999999
Ascend_910B_like,4096,16384,128,256,128.0,0.134217728,0.01048576,0.017179869184,0.00201326592,0.08388608,0.006553600000000001,12.799999999999999
Ascend_910B_like,4096,16384,128,256,512.0,0.134217728,0.01048576,0.017179869184,0.00402653184,0.08388608,0.01290555076923077,6.5
Ascend_910B_like,8192,32768,1,16,32.0,0.536870912,0.00131072,0.000536870912,2.228224e-05,0.33554432,0.0008192000000000001,409.59999999999997
Ascend_910B_like,8192,32768,1,16,128.0,0.536870912,0.00131072,0.000536870912,8.51968e-05,0.33554432,0.0008192000000000001,409.59999999999997
Ascend_910B_like,8192,32768,1,16,512.0,0.536870912,0.00131072,0.000536870912,0.00033685504,0.33554432,0.0010796635897435897,310.78599221789887
Ascend_910B_like,8192,32768,1,32,32.0,0.536870912,0.00262144,0.000536870912,4.456448e-05,0.33554432,0.0016384000000000001,204.79999999999998
Ascend_910B_like,8192,32768,1,32,128.0,0.536870912,0.00262144,0.000536870912,0.0001703936,0.33554432,0.0016384000000000001,204.79999999999998
Ascend_910B_like,8192,32768,1,32,512.0,0.536870912,0.00262144,0.000536870912,0.00067371008,0.33554432,0.0021593271794871794,155.39299610894943
Ascend_910B_like,8192,32768,1,64,32.0,0.536870912,0.00524288,0.000536870912,8.912896e-05,0.33554432,0.0032768000000000003,102.39999999999999
Ascend_910B_like,8192,32768,1,64,128.0,0.536870912,0.00524288,0.000536870912,0.0003407872,0.33554432,0.0032768000000000003,102.39999999999999
Ascend_910B_like,8192,32768,1,64,512.0,0.536870912,0.00524288,0.000536870912,0.00134742016,0.33554432,0.004318654358974359,77.69649805447472
Ascend_910B_like,8192,32768,1,128,32.0,0.536870912,0.01048576,0.000536870912,0.00017825792,0.33554432,0.006553600000000001,51.199999999999996
Ascend_910B_like,8192,32768,1,128,128.0,0.536870912,0.01048576,0.000536870912,0.0006815744,0.33554432,0.006553600000000001,51.199999999999996
Ascend_910B_like,8192,32768,1,128,512.0,0.536870912,0.01048576,0.000536870912,0.00269484032,0.33554432,0.008637308717948718,38.84824902723736
Ascend_910B_like,8192,32768,1,256,32.0,0.536870912,0.02097152,0.000536870912,0.00035651584,0.33554432,0.013107200000000001,25.599999999999998
Ascend_910B_like,8192,32768,1,256,128.0,0.536870912,0.02097152,0.000536870912,0.0013631488,0.33554432,0.013107200000000001,25.599999999999998
Ascend_910B_like,8192,32768,1,256,512.0,0.536870912,0.02097152,0.000536870912,0.00538968064,0.33554432,0.017274617435897435,19.42412451361868
Ascend_910B_like,8192,32768,8,16,32.0,0.536870912,0.00131072,0.004294967296,3.145728e-05,0.33554432,0.0008192000000000001,409.59999999999997
Ascend_910B_like,8192,32768,8,16,128.0,0.536870912,0.00131072,0.004294967296,9.437184e-05,0.33554432,0.0008192000000000001,409.59999999999997
Ascend_910B_like,8192,32768,8,16,512.0,0.536870912,0.00131072,0.004294967296,0.00034603008,0.33554432,0.0011090707692307693,302.5454545454545
Ascend_910B_like,8192,32768,8,32,32.0,0.536870912,0.00262144,0.004294967296,6.291456e-05,0.33554432,0.0016384000000000001,204.79999999999998
Ascend_910B_like,8192,32768,8,32,128.0,0.536870912,0.00262144,0.004294967296,0.00018874368,0.33554432,0.0016384000000000001,204.79999999999998
Ascend_910B_like,8192,32768,8,32,512.0,0.536870912,0.00262144,0.004294967296,0.00069206016,0.33554432,0.0022181415384615387,151.27272727272725
Ascend_910B_like,8192,32768,8,64,32.0,0.536870912,0.00524288,0.004294967296,0.00012582912,0.33554432,0.0032768000000000003,102.39999999999999
Ascend_910B_like,8192,32768,8,64,128.0,0.536870912,0.00524288,0.004294967296,0.00037748736,0.33554432,0.0032768000000000003,102.39999999999999
Ascend_910B_like,8192,32768,8,64,512.0,0.536870912,0.00524288,0.004294967296,0.00138412032,0.33554432,0.004436283076923077,75.63636363636363
Ascend_910B_like,8192,32768,8,128,32.0,0.536870912,0.01048576,0.004294967296,0.00025165824,0.33554432,0.006553600000000001,51.199999999999996
Ascend_910B_like,8192,32768,8,128,128.0,0.536870912,0.01048576,0.004294967296,0.00075497472,0.33554432,0.006553600000000001,51.199999999999996
Ascend_910B_like,8192,32768,8,128,512.0,0.536870912,0.01048576,0.004294967296,0.00276824064,0.33554432,0.008872566153846155,37.81818181818181
Ascend_910B_like,8192,32768,8,256,32.0,0.536870912,0.02097152,0.004294967296,0.00050331648,0.33554432,0.013107200000000001,25.599999999999998
Ascend_910B_like,8192,32768,8,256,128.0,0.536870912,0.02097152,0.004294967296,0.00150994944,0.33554432,0.013107200000000001,25.599999999999998
Ascend_910B_like,8192,32768,8,256,512.0,0.536870912,0.02097152,0.004294967296,0.00553648128,0.33554432,0.01774513230769231,18.909090909090907
Ascend_910B_like,8192,32768,32,16,32.0,0.536870912,0.00131072,0.017179869184,6.291456e-05,0.33554432,0.0008192000000000001,409.59999999999997
Ascend_910B_like,8192,32768,32,16,128.0,0.536870912,0.00131072,0.017179869184,0.00012582912,0.33554432,0.0008192000000000001,409.59999999999997
Ascend_910B_like,8192,32768,32,16,512.0,0.536870912,0.00131072,0.017179869184,0.00037748736,0.33554432,0.0012098953846153846,277.33333333333337
Ascend_910B_like,8192,32768,32,32,32.0,0.536870912,0.00262144,0.017179869184,0.00012582912,0.33554432,0.0016384000000000001,204.79999999999998
Ascend_910B_like,8192,32768,32,32,128.0,0.536870912,0.00262144,0.017179869184,0.00025165824,0.33554432,0.0016384000000000001,204.79999999999998
Ascend_910B_like,8192,32768,32,32,512.0,0.536870912,0.00262144,0.017179869184,0.00075497472,0.33554432,0.002419790769230769,138.66666666666669
Ascend_910B_like,8192,32768,32,64,32.0,0.536870912,0.00524288,0.017179869184,0.00025165824,0.33554432,0.0032768000000000003,102.39999999999999
Ascend_910B_like,8192,32768,32,64,128.0,0.536870912,0.00524288,0.017179869184,0.00050331648,0.33554432,0.0032768000000000003,102.39999999999999
Ascend_910B_like,8192,32768,32,64,512.0,0.536870912,0.00524288,0.017179869184,0.00150994944,0.33554432,0.004839581538461538,69.33333333333334
Ascend_910B_like,8192,32768,32,128,32.0,0.536870912,0.01048576,0.017179869184,0.00050331648,0.33554432,0.006553600000000001,51.199999999999996
Ascend_910B_like,8192,32768,32,128,128.0,0.536870912,0.01048576,0.017179869184,0.00100663296,0.33554432,0.006553600000000001,51.199999999999996
Ascend_910B_like,8192,32768,32,128,512.0,0.536870912,0.01048576,0.017179869184,0.00301989888,0.33554432,0.009679163076923077,34.66666666666667
Ascend_910B_like,8192,32768,32,256,32.0,0.536870912,0.02097152,0.017179869184,0.00100663296,0.33554432,0.013107200000000001,25.599999999999998
Ascend_910B_like,8192,32768,32,256,128.0,0.536870912,0.02097152,0.017179869184,0.00201326592,0.33554432,0.013107200000000001,25.599999999999998
Ascend_910B_like,8192,32768,32,256,512.0,0.536870912,0.02097152,0.017179869184,0.00603979776,0.33554432,0.019358326153846153,17.333333333333336
Ascend_910B_like,8192,32768,128,16,32.0,0.536870912,0.00131072,0.068719476736,0.00018874368,0.33554432,0.0008192000000000001,409.59999999999997
Ascend_910B_like,8192,32768,128,16,128.0,0.536870912,0.00131072,0.068719476736,0.00025165824,0.33554432,0.0008192000000000001,409.59999999999997
Ascend_910B_like,8192,32768,128,16,512.0,0.536870912,0.00131072,0.068719476736,0.00050331648,0.33554432,0.0016131938461538462,208.0
Ascend_910B_like,8192,32768,128,32,32.0,0.536870912,0.00262144,0.068719476736,0.00037748736,0.33554432,0.0016384000000000001,204.79999999999998
Ascend_910B_like,8192,32768,128,32,128.0,0.536870912,0.00262144,0.068719476736,0.00050331648,0.33554432,0.0016384000000000001,204.79999999999998
Ascend_910B_like,8192,32768,128,32,512.0,0.536870912,0.00262144,0.068719476736,0.00100663296,0.33554432,0.0032263876923076923,104.0
Ascend_910B_like,8192,32768,128,64,32.0,0.536870912,0.00524288,0.068719476736,0.00075497472,0.33554432,0.0032768000000000003,102.39999999999999
Ascend_910B_like,8192,32768,128,64,128.0,0.536870912,0.00524288,0.068719476736,0.00100663296,0.33554432,0.0032768000000000003,102.39999999999999
Ascend_910B_like,8192,32768,128,64,512.0,0.536870912,0.00524288,0.068719476736,0.00201326592,0.33554432,0.006452775384615385,52.0
Ascend_910B_like,8192,32768,128,128,32.0,0.536870912,0.01048576,0.068719476736,0.00150994944,0.33554432,0.006553600000000001,51.199999999999996
Ascend_910B_like,8192,32768,128,128,128.0,0.536870912,0.01048576,0.068719476736,0.00201326592,0.33554432,0.006553600000000001,51.199999999999996
Ascend_910B_like,8192,32768,128,128,512.0,0.536870912,0.01048576,0.068719476736,0.00402653184,0.33554432,0.01290555076923077,26.0
Ascend_910B_like,8192,32768,128,256,32.0,0.536870912,0.02097152,0.068719476736,0.00301989888,0.33554432,0.013107200000000001,25.599999999999998
Ascend_910B_like,8192,32768,128,256,128.0,0.536870912,0.02097152,0.068719476736,0.00402653184,0.33554432,0.013107200000000001,25.599999999999998
Ascend_910B_like,8192,32768,128,256,512.0,0.536870912,0.02097152,0.068719476736,0.00805306368,0.33554432,0.02581110153846154,13.0
Ascend_910B_like,16384,65536,1,16,32.0,2.147483648,0.00262144,0.002147483648,4.456448e-05,1.34217728,0.0016384000000000001,819.1999999999999
Ascend_910B_like,16384,65536,1,16,128.0,2.147483648,0.00262144,0.002147483648,0.0001703936,1.34217728,0.0016384000000000001,819.1999999999999
Ascend_910B_like,16384,65536,1,16,512.0,2.147483648,0.00262144,0.002147483648,0.00067371008,1.34217728,0.0021593271794871794,621.5719844357977
Ascend_910B_like,16384,65536,1,32,32.0,2.147483648,0.00524288,0.002147483648,8.912896e-05,1.34217728,0.0032768000000000003,409.59999999999997
Ascend_910B_like,16384,65536,1,32,128.0,2.147483648,0.00524288,0.002147483648,0.0003407872,1.34217728,0.0032768000000000003,409.59999999999997
Ascend_910B_like,16384,65536,1,32,512.0,2.147483648,0.00524288,0.002147483648,0.00134742016,1.34217728,0.004318654358974359,310.78599221789887
Ascend_910B_like,16384,65536,1,64,32.0,2.147483648,0.01048576,0.002147483648,0.00017825792,1.34217728,0.006553600000000001,204.79999999999998
Ascend_910B_like,16384,65536,1,64,128.0,2.147483648,0.01048576,0.002147483648,0.0006815744,1.34217728,0.006553600000000001,204.79999999999998
Ascend_910B_like,16384,65536,1,64,512.0,2.147483648,0.01048576,0.002147483648,0.00269484032,1.34217728,0.008637308717948718,155.39299610894943
Ascend_910B_like,16384,65536,1,128,32.0,2.147483648,0.02097152,0.002147483648,0.00035651584,1.34217728,0.013107200000000001,102.39999999999999
Ascend_910B_like,16384,65536,1,128,128.0,2.147483648,0.02097152,0.002147483648,0.0013631488,1.34217728,0.013107200000000001,102.39999999999999
Ascend_910B_like,16384,65536,1,128,512.0,2.147483648,0.02097152,0.002147483648,0.00538968064,1.34217728,0.017274617435897435,77.69649805447472
Ascend_910B_like,16384,65536,1,256,32.0,2.147483648,0.04194304,0.002147483648,0.00071303168,1.34217728,0.026214400000000002,51.199999999999996
Ascend_910B_like,16384,65536,1,256,128.0,2.147483648,0.04194304,0.002147483648,0.0027262976,1.34217728,0.026214400000000002,51.199999999999996
Ascend_910B_like,16384,65536,1,256,512.0,2.147483648,0.04194304,0.002147483648,0.01077936128,1.34217728,0.03454923487179487,38.84824902723736
Ascend_910B_like,16384,65536,8,16,32.0,2.147483648,0.00262144,0.017179869184,6.291456e-05,1.34217728,0.0016384000000000001,819.1999999999999
Ascend_910B_like,16384,65536,8,16,128.0,2.147483648,0.00262144,0.017179869184,0.00018874368,1.34217728,0.0016384000000000001,819.1999999999999
Ascend_910B_like,16384,65536,8,16,512.0,2.147483648,0.00262144,0.017179869184,0.00069206016,1.34217728,0.0022181415384615387,605.090909090909
Ascend_910B_like,16384,65536,8,32,32.0,2.147483648,0.00524288,0.017179869184,0.00012582912,1.34217728,0.0032768000000000003,409.59999999999997
Ascend_910B_like,16384,65536,8,32,128.0,2.147483648,0.00524288,0.017179869184,0.00037748736,1.34217728,0.0032768000000000003,409.59999999999997
Ascend_910B_like,16384,65536,8,32,512.0,2.147483648,0.00524288,0.017179869184,0.00138412032,1.34217728,0.004436283076923077,302.5454545454545
Ascend_910B_like,16384,65536,8,64,32.0,2.147483648,0.01048576,0.017179869184,0.00025165824,1.34217728,0.006553600000000001,204.79999999999998
Ascend_910B_like,16384,65536,8,64,128.0,2.147483648,0.01048576,0.017179869184,0.00075497472,1.34217728,0.006553600000000001,204.79999999999998
Ascend_910B_like,16384,65536,8,64,512.0,2.147483648,0.01048576,0.017179869184,0.00276824064,1.34217728,0.008872566153846155,151.27272727272725
Ascend_910B_like,16384,65536,8,128,32.0,2.147483648,0.02097152,0.017179869184,0.00050331648,1.34217728,0.013107200000000001,102.39999999999999
Ascend_910B_like,16384,65536,8,128,128.0,2.147483648,0.02097152,0.017179869184,0.00150994944,1.34217728,0.013107200000000001,102.39999999999999
Ascend_910B_like,16384,65536,8,128,512.0,2.147483648,0.02097152,0.017179869184,0.00553648128,1.34217728,0.01774513230769231,75.63636363636363
Ascend_910B_like,16384,65536,8,256,32.0,2.147483648,0.04194304,0.017179869184,0.00100663296,1.34217728,0.026214400000000002,51.199999999999996
Ascend_910B_like,16384,65536,8,256,128.0,2.147483648,0.04194304,0.017179869184,0.00301989888,1.34217728,0.026214400000000002,51.199999999999996
Ascend_910B_like,16384,65536,8,256,512.0,2.147483648,0.04194304,0.017179869184,0.01107296256,1.34217728,0.03549026461538462,37.81818181818181
Ascend_910B_like,16384,65536,32,16,32.0,2.147483648,0.00262144,0.068719476736,0.00012582912,1.34217728,0.0016384000000000001,819.1999999999999
Ascend_910B_like,16384,65536,32,16,128.0,2.147483648,0.00262144,0.068719476736,0.00025165824,1.34217728,0.0016384000000000001,819.1999999999999
Ascend_910B_like,16384,65536,32,16,512.0,2.147483648,0.00262144,0.068719476736,0.00075497472,1.34217728,0.002419790769230769,554.6666666666667
Ascend_910B_like,16384,65536,32,32,32.0,2.147483648,0.00524288,0.068719476736,0.00025165824,1.34217728,0.0032768000000000003,409.59999999999997
Ascend_910B_like,16384,65536,32,32,128.0,2.147483648,0.00524288,0.068719476736,0.00050331648,1.34217728,0.0032768000000000003,409.59999999999997
Ascend_910B_like,16384,65536,32,32,512.0,2.147483648,0.00524288,0.068719476736,0.00150994944,1.34217728,0.004839581538461538,277.33333333333337
Ascend_910B_like,16384,65536,32,64,32.0,2.147483648,0.01048576,0.068719476736,0.00050331648,1.34217728,0.006553600000000001,204.79999999999998
Ascend_910B_like,16384,65536,32,64,128.0,2.147483648,0.01048576,0.068719476736,0.00100663296,1.34217728,0.006553600000000001,204.79999999999998
Ascend_910B_like,16384,65536,32,64,512.0,2.147483648,0.01048576,0.068719476736,0.00301989888,1.34217728,0.009679163076923077,138.66666666666669
Ascend_910B_like,16384,65536,32,128,32.0,2.147483648,0.02097152,0.068719476736,0.00100663296,1.34217728,0.013107200000000001,102.39999999999999
Ascend_910B_like,16384,65536,32,128,128.0,2.147483648,0.02097152,0.068719476736,0.00201326592,1.34217728,0.013107200000000001,102.39999999999999
Ascend_910B_like,16384,65536,32,128,512.0,2.147483648,0.02097152,0.068719476736,0.00603979776,1.34217728,0.019358326153846153,69.33333333333334
Ascend_910B_like,16384,65536,32,256,32.0,2.147483648,0.04194304,0.068719476736,0.00201326592,1.34217728,0.026214400000000002,51.199999999999996
Ascend_910B_like,16384,65536,32,256,128.0,2.147483648,0.04194304,0.068719476736,0.00402653184,1.34217728,0.026214400000000002,51.199999999999996
Ascend_910B_like,16384,65536,32,256,512.0,2.147483648,0.04194304,0.068719476736,0.01207959552,1.34217728,0.038716652307692306,34.66666666666667
Ascend_910B_like,16384,65536,128,16,32.0,2.147483648,0.00262144,0.274877906944,0.00037748736,1.34217728,0.0016384000000000001,819.1999999999999
Ascend_910B_like,16384,65536,128,16,128.0,2.147483648,0.00262144,0.274877906944,0.00050331648,1.34217728,0.0016384000000000001,819.1999999999999
Ascend_910B_like,16384,65536,128,16,512.0,2.147483648,0.00262144,0.274877906944,0.00100663296,1.34217728,0.0032263876923076923,416.0
Ascend_910B_like,16384,65536,128,32,32.0,2.147483648,0.00524288,0.274877906944,0.00075497472,1.34217728,0.0032768000000000003,409.59999999999997
Ascend_910B_like,16384,65536,128,32,128.0,2.147483648,0.00524288,0.274877906944,0.00100663296,1.34217728,0.0032768000000000003,409.59999999999997
Ascend_910B_like,16384,65536,128,32,512.0,2.147483648,0.00524288,0.274877906944,0.00201326592,1.34217728,0.006452775384615385,208.0
Ascend_910B_like,16384,65536,128,64,32.0,2.147483648,0.01048576,0.274877906944,0.00150994944,1.34217728,0.006553600000000001,204.79999999999998
Ascend_910B_like,16384,65536,128,64,128.0,2.147483648,0.01048576,0.274877906944,0.00201326592,1.34217728,0.006553600000000001,204.79999999999998
Ascend_910B_like,16384,65536,128,64,512.0,2.147483648,0.01048576,0.274877906944,0.00402653184,1.34217728,0.01290555076923077,104.0
Ascend_910B_like,16384,65536,128,128,32.0,2.147483648,0.02097152,0.274877906944,0.00301989888,1.34217728,0.013107200000000001,102.39999999999999
Ascend_910B_like,16384,65536,128,128,128.0,2.147483648,0.02097152,0.274877906944,0.00402653184,1.34217728,0.013107200000000001,102.39999999999999
Ascend_910B_like,16384,65536,128,128,512.0,2.147483648,0.02097152,0.274877906944,0.00805306368,1.34217728,0.02581110153846154,52.0
Ascend_910B_like,16384,65536,128,256,32.0,2.147483648,0.04194304,0.274877906944,0.00603979776,1.34217728,0.026214400000000002,51.199999999999996
Ascend_910B_like,16384,65536,128,256,128.0,2.147483648,0.04194304,0.274877906944,0.00805306368,1.34217728,0.026214400000000002,51.199999999999996
Ascend_910B_like,16384,65536,128,256,512.0,2.147483648,0.04194304,0.274877906944,0.01610612736,1.34217728,0.05162220307692308,26.0
