{
  "backend": "numpy",
  "device": "cpu",
  "attention": "ssa",
  "steps": 200,
  "seq_len": 256,
  "batch_size": 4,
  "d_model": 256,
  "n_layer": 4,
  "n_head": 4,
  "train_loss": 9.376139999371766,
  "eval_loss": 9.549846696503774,
  "eval_ppl": 14042.541735736762,
  "tokens_per_sec": 261.45194385369587,
  "wall_time_sec": 195.82948684692383
}