\BOOKMARK [1][-]{section.1}{\376\377\000I\000n\000t\000r\000o\000d\000u\000c\000t\000i\000o\000n}{}% 1
\BOOKMARK [2][-]{subsection.1.1}{\376\377\000S\000c\000o\000p\000e\000\040\000a\000n\000d\000\040\000O\000b\000j\000e\000c\000t\000i\000v\000e\000s}{section.1}% 2
\BOOKMARK [2][-]{subsection.1.2}{\376\377\000W\000h\000a\000t\000\040\000I\000s\000\040\000N\000E\000W\000\040\000I\000n\000\040\000T\000h\000i\000s\000\040\000P\000a\000p\000e\000r}{section.1}% 3
\BOOKMARK [2][-]{subsection.1.3}{\376\377\000S\000u\000m\000m\000a\000r\000y\000\040\000o\000f\000\040\000P\000r\000o\000p\000o\000s\000e\000d\000\040\000C\000o\000n\000t\000r\000i\000b\000u\000t\000i\000o\000n\000s}{section.1}% 4
\BOOKMARK [2][-]{subsection.1.4}{\376\377\000S\000t\000r\000u\000c\000t\000u\000r\000e\000\040\000o\000f\000\040\000t\000h\000e\000\040\000P\000a\000p\000e\000r}{section.1}% 5
\BOOKMARK [2][-]{subsection.1.5}{\376\377\000B\000l\000u\000e\000/\000R\000e\000d\000\040\000T\000e\000a\000m\000\040\000E\000x\000e\000r\000c\000i\000s\000e\000:\000\040\000S\000y\000s\000t\000e\000m\000a\000t\000i\000c\000\040\000Q\000u\000a\000l\000i\000t\000y\000\040\000A\000s\000s\000e\000s\000s\000m\000e\000n\000t}{section.1}% 6
\BOOKMARK [3][-]{subsubsection.1.5.1}{\376\377\000F\000a\000i\000l\000u\000r\000e\000\040\000M\000o\000d\000e\000s\000:\000\040\000W\000h\000a\000t\000\040\000W\000o\000u\000l\000d\000\040\000F\000a\000l\000s\000i\000f\000y\000\040\000T\000h\000e\000s\000e\000\040\000R\000e\000s\000u\000l\000t\000s\000?}{subsection.1.5}% 7
\BOOKMARK [3][-]{subsubsection.1.5.2}{\376\377\000H\000o\000n\000e\000s\000t\000\040\000S\000u\000m\000m\000a\000r\000y\000:\000\040\000W\000h\000a\000t\000\040\000I\000s\000\040\000a\000n\000d\000\040\000I\000s\000\040\000N\000o\000t\000\040\000E\000s\000t\000a\000b\000l\000i\000s\000h\000e\000d}{subsection.1.5}% 8
\BOOKMARK [3][-]{subsubsection.1.5.3}{\376\377\000R\000e\000d\000/\000B\000l\000u\000e\000\040\000T\000e\000a\000m\000\040\000R\000o\000u\000n\000d\000\040\0002\000:\000\040\000D\000e\000e\000p\000\040\000T\000e\000c\000h\000n\000i\000c\000a\000l\000\040\000A\000n\000a\000l\000y\000s\000i\000s}{subsection.1.5}% 9
\BOOKMARK [3][-]{subsubsection.1.5.4}{\376\377\000R\000e\000d\000/\000B\000l\000u\000e\000\040\000T\000e\000a\000m\000\040\000R\000o\000u\000n\000d\000\040\0003\000:\000\040\000P\000r\000e\000s\000e\000n\000t\000a\000t\000i\000o\000n\000\040\000a\000n\000d\000\040\000I\000m\000p\000a\000c\000t}{subsection.1.5}% 10
\BOOKMARK [3][-]{subsubsection.1.5.5}{\376\377\000R\000e\000d\000/\000B\000l\000u\000e\000\040\000T\000e\000a\000m\000\040\000R\000o\000u\000n\000d\000\040\0004\000:\000\040\000D\000e\000e\000p\000\040\000D\000i\000v\000e\000\040\000i\000n\000t\000o\000\040\000K\000e\000y\000\040\000P\000r\000o\000o\000f\000s}{subsection.1.5}% 11
\BOOKMARK [3][-]{subsubsection.1.5.6}{\376\377\000S\000u\000m\000m\000a\000r\000y\000\040\000o\000f\000\040\000A\000l\000l\000\040\000R\000e\000d\000/\000B\000l\000u\000e\000\040\000T\000e\000a\000m\000\040\000I\000m\000p\000r\000o\000v\000e\000m\000e\000n\000t\000s}{subsection.1.5}% 12
\BOOKMARK [3][-]{subsubsection.1.5.7}{\376\377\000R\000e\000d\000/\000B\000l\000u\000e\000\040\000T\000e\000a\000m\000\040\000R\000o\000u\000n\000d\000\040\0005\000:\000\040\000S\000t\000r\000a\000t\000e\000g\000i\000c\000\040\000a\000n\000d\000\040\000S\000t\000r\000u\000c\000t\000u\000r\000a\000l\000\040\000A\000n\000a\000l\000y\000s\000i\000s}{subsection.1.5}% 13
\BOOKMARK [3][-]{subsubsection.1.5.8}{\376\377\000F\000r\000a\000m\000e\000w\000o\000r\000k\000\040\000M\000a\000t\000u\000r\000i\000t\000y\000\040\000A\000s\000s\000e\000s\000s\000m\000e\000n\000t}{subsection.1.5}% 14
\BOOKMARK [2][-]{subsection.1.6}{\376\377\000B\000T\000Z\000\040\000B\000l\000a\000c\000k\000\040\000H\000o\000l\000e\000:\000\040\000A\000\040\000C\000o\000m\000p\000l\000e\000t\000e\000\040\000W\000o\000r\000k\000e\000d\000\040\000E\000x\000a\000m\000p\000l\000e}{section.1}% 15
\BOOKMARK [3][-]{subsubsection.1.6.1}{\376\377\000S\000e\000t\000u\000p\000:\000\040\000B\000T\000Z\000\040\000G\000e\000o\000m\000e\000t\000r\000y\000\040\000a\000n\000d\000\040\000D\000u\000a\000l\000\040\000C\000F\000T}{subsection.1.6}% 16
\BOOKMARK [3][-]{subsubsection.1.6.2}{\376\377\000V\000e\000r\000i\000f\000i\000c\000a\000t\000i\000o\000n\000\040\0001\000:\000\040\000R\000\351\000n\000y\000i\000\040\000S\000p\000e\000c\000t\000r\000u\000m\000\040\000\040\000M\000e\000t\000r\000i\000c\000\040\000\050\000T\000h\000e\000o\000r\000e\000m\000\040\0009\000.\0004\000\051}{subsection.1.6}% 17
\BOOKMARK [3][-]{subsubsection.1.6.3}{\376\377\000V\000e\000r\000i\000f\000i\000c\000a\000t\000i\000o\000n\000\040\0002\000:\000\040\000M\000o\000d\000u\000l\000a\000r\000\040\000F\000l\000o\000w\000\040\000\040\000K\000i\000l\000l\000i\000n\000g\000\040\000V\000e\000c\000t\000o\000r\000\040\000\050\000T\000h\000e\000o\000r\000e\000m\000\040\0008\000.\0003\000\051}{subsection.1.6}% 18
\BOOKMARK [3][-]{subsubsection.1.6.4}{\376\377\000V\000e\000r\000i\000f\000i\000c\000a\000t\000i\000o\000n\000\040\0003\000:\000\040\000F\000i\000s\000h\000e\000r\000\040\000I\000n\000f\000o\000r\000m\000a\000t\000i\000o\000n\000\040\000\040\000C\000u\000r\000v\000a\000t\000u\000r\000e\000\040\000\050\000T\000h\000e\000o\000r\000e\000m\000\040\0009\000.\0001\0000\000\051}{subsection.1.6}% 19
\BOOKMARK [3][-]{subsubsection.1.6.5}{\376\377\000V\000e\000r\000i\000f\000i\000c\000a\000t\000i\000o\000n\000\040\0004\000:\000\040\000M\000o\000d\000u\000l\000a\000r\000\040\000D\000e\000p\000t\000h\000\040\000\040\000W\000o\000r\000m\000h\000o\000l\000e\000\040\000L\000e\000n\000g\000t\000h\000\040\000\050\000T\000h\000e\000o\000r\000e\000m\000\040\0009\000.\0008\000\051}{subsection.1.6}% 20
\BOOKMARK [3][-]{subsubsection.1.6.6}{\376\377\000V\000e\000r\000i\000f\000i\000c\000a\000t\000i\000o\000n\000\040\0005\000:\000\040\000E\000n\000t\000a\000n\000g\000l\000e\000m\000e\000n\000t\000\040\000V\000e\000l\000o\000c\000i\000t\000y\000\040\000\050\000T\000h\000e\000o\000r\000e\000m\000\040\0009\000.\0002\0002\000\051}{subsection.1.6}% 21
\BOOKMARK [3][-]{subsubsection.1.6.7}{\376\377\000S\000u\000m\000m\000a\000r\000y\000:\000\040\000B\000T\000Z\000\040\000C\000o\000n\000s\000i\000s\000t\000e\000n\000c\000y\000\040\000C\000h\000e\000c\000k}{subsection.1.6}% 22
\BOOKMARK [3][-]{subsubsection.1.6.8}{\376\377\000L\000e\000s\000s\000o\000n\000s\000\040\000L\000e\000a\000r\000n\000e\000d\000:\000\040\000G\000u\000i\000d\000e\000l\000i\000n\000e\000s\000\040\000f\000o\000r\000\040\000F\000u\000t\000u\000r\000e\000\040\000H\000o\000l\000o\000g\000r\000a\000p\000h\000y\000\040\000P\000a\000p\000e\000r\000s}{subsection.1.6}% 23
\BOOKMARK [3][-]{subsubsection.1.6.9}{\376\377\000R\000e\000d\000/\000B\000l\000u\000e\000\040\000T\000e\000a\000m\000\040\000R\000o\000u\000n\000d\000\040\0006\000:\000\040\000D\000e\000e\000p\000\040\000M\000a\000t\000h\000e\000m\000a\000t\000i\000c\000a\000l\000\040\000F\000o\000u\000n\000d\000a\000t\000i\000o\000n\000s}{subsection.1.6}% 24
\BOOKMARK [3][-]{subsubsection.1.6.10}{\376\377\000R\000e\000d\000/\000B\000l\000u\000e\000\040\000T\000e\000a\000m\000\040\000R\000o\000u\000n\000d\000\040\0007\000:\000\040\000N\000o\000v\000e\000l\000\040\000A\000t\000t\000a\000c\000k\000\040\000V\000e\000c\000t\000o\000r\000s}{subsection.1.6}% 25
\BOOKMARK [3][-]{subsubsection.1.6.11}{\376\377\000R\000e\000d\000/\000B\000l\000u\000e\000\040\000T\000e\000a\000m\000\040\000S\000u\000m\000m\000a\000r\000y\000:\000\040\000C\000o\000n\000f\000i\000d\000e\000n\000c\000e\000\040\000L\000e\000v\000e\000l\000s}{subsection.1.6}% 26
\BOOKMARK [3][-]{subsubsection.1.6.12}{\376\377\000C\000o\000n\000c\000r\000e\000t\000e\000\040\000A\000c\000t\000i\000o\000n\000\040\000I\000t\000e\000m\000s\000\040\000f\000r\000o\000m\000\040\000R\000e\000d\000/\000B\000l\000u\000e\000\040\000T\000e\000a\000m\000\040\000E\000x\000e\000r\000c\000i\000s\000e}{subsection.1.6}% 27
\BOOKMARK [2][-]{subsection.1.7}{\376\377\000T\000h\000e\000o\000r\000e\000m\000\040\000R\000i\000g\000o\000r\000\040\000C\000l\000a\000s\000s\000i\000f\000i\000c\000a\000t\000i\000o\000n\000:\000\040\000E\000x\000e\000c\000u\000t\000i\000v\000e\000\040\000S\000u\000m\000m\000a\000r\000y}{section.1}% 28
\BOOKMARK [2][-]{subsection.1.8}{\376\377\000S\000t\000r\000u\000c\000t\000u\000r\000e\000\040\000o\000f\000\040\000t\000h\000e\000\040\000P\000a\000p\000e\000r}{section.1}% 29
\BOOKMARK [2][-]{subsection.1.9}{\376\377\000O\000n\000\040\000t\000h\000e\000\040\000M\000a\000t\000h\000e\000m\000a\000t\000i\000c\000a\000l\000\040\000S\000t\000a\000t\000u\000s\000\040\000o\000f\000\040\000`\000`\000P\000r\000o\000v\000i\000n\000g\000'\000'\000\040\000A\000d\000S\000/\000C\000F\000T}{section.1}% 30
\BOOKMARK [3][-]{subsubsection.1.9.1}{\376\377\000F\000u\000n\000d\000a\000m\000e\000n\000t\000a\000l\000\040\000O\000b\000s\000t\000a\000c\000l\000e\000s\000\040\000t\000o\000\040\000a\000\040\000C\000o\000m\000p\000l\000e\000t\000e\000\040\000P\000r\000o\000o\000f}{subsection.1.9}% 31
\BOOKMARK [3][-]{subsubsection.1.9.2}{\376\377\000W\000h\000a\000t\000\040\000T\000h\000i\000s\000\040\000P\000a\000p\000e\000r\000\040\000A\000c\000t\000u\000a\000l\000l\000y\000\040\000A\000c\000h\000i\000e\000v\000e\000s}{subsection.1.9}% 32
\BOOKMARK [3][-]{subsubsection.1.9.3}{\376\377\000H\000i\000e\000r\000a\000r\000c\000h\000y\000\040\000o\000f\000\040\000R\000i\000g\000o\000r\000\040\000i\000n\000\040\000T\000h\000i\000s\000\040\000P\000a\000p\000e\000r}{subsection.1.9}% 33
\BOOKMARK [3][-]{subsubsection.1.9.4}{\376\377\000A\000\040\000R\000o\000a\000d\000m\000a\000p\000\040\000t\000o\000\040\000T\000r\000u\000e\000\040\000M\000a\000t\000h\000e\000m\000a\000t\000i\000c\000a\000l\000\040\000R\000i\000g\000o\000r}{subsection.1.9}% 34
\BOOKMARK [3][-]{subsubsection.1.9.5}{\376\377\000T\000h\000e\000\040\000V\000a\000l\000u\000e\000\040\000o\000f\000\040\000O\000u\000r\000\040\000A\000p\000p\000r\000o\000a\000c\000h}{subsection.1.9}% 35
\BOOKMARK [1][-]{section.2}{\376\377\000G\000e\000n\000e\000r\000a\000l\000i\000z\000e\000d\000\040\000H\000o\000l\000o\000g\000r\000a\000p\000h\000y\000:\000\040\000B\000e\000y\000o\000n\000d\000\040\000S\000p\000e\000c\000i\000f\000i\000c\000\040\000M\000e\000t\000r\000i\000c\000s}{}% 36
\BOOKMARK [2][-]{subsection.2.1}{\376\377\000T\000h\000e\000\040\000M\000e\000t\000r\000i\000c\000-\000I\000n\000d\000e\000p\000e\000n\000d\000e\000n\000c\000e\000\040\000P\000r\000o\000b\000l\000e\000m}{section.2}% 37
\BOOKMARK [2][-]{subsection.2.2}{\376\377\000A\000s\000y\000m\000p\000t\000o\000t\000i\000c\000a\000l\000l\000y\000\040\000L\000o\000c\000a\000l\000l\000y\000\040\000A\000d\000S\000\040\000S\000p\000a\000c\000e\000t\000i\000m\000e\000s}{section.2}% 38
\BOOKMARK [2][-]{subsection.2.3}{\376\377\000T\000h\000e\000\040\000U\000n\000i\000v\000e\000r\000s\000a\000l\000\040\000H\000o\000l\000o\000g\000r\000a\000p\000h\000i\000c\000\040\000P\000r\000i\000n\000c\000i\000p\000l\000e}{section.2}% 39
\BOOKMARK [2][-]{subsection.2.4}{\376\377\000E\000n\000t\000a\000n\000g\000l\000e\000m\000e\000n\000t\000-\000B\000a\000s\000e\000d\000\040\000M\000e\000t\000r\000i\000c\000\040\000R\000e\000c\000o\000n\000s\000t\000r\000u\000c\000t\000i\000o\000n}{section.2}% 40
\BOOKMARK [2][-]{subsection.2.5}{\376\377\000A\000s\000y\000m\000p\000t\000o\000t\000i\000c\000a\000l\000l\000y\000\040\000F\000l\000a\000t\000\040\000H\000o\000l\000o\000g\000r\000a\000p\000h\000y}{section.2}% 41
\BOOKMARK [2][-]{subsection.2.6}{\376\377\000C\000a\000r\000r\000o\000l\000l\000i\000a\000n\000\040\000H\000o\000l\000o\000g\000r\000a\000p\000h\000y}{section.2}% 42
\BOOKMARK [2][-]{subsection.2.7}{\376\377\000L\000i\000f\000s\000h\000i\000t\000z\000\040\000a\000n\000d\000\040\000H\000y\000p\000e\000r\000s\000c\000a\000l\000i\000n\000g\000\040\000V\000i\000o\000l\000a\000t\000i\000n\000g\000\040\000G\000e\000o\000m\000e\000t\000r\000i\000e\000s}{section.2}% 43
\BOOKMARK [2][-]{subsection.2.8}{\376\377\000D\000y\000n\000a\000m\000i\000c\000a\000l\000\040\000H\000o\000l\000o\000g\000r\000a\000p\000h\000y\000:\000\040\000M\000e\000t\000r\000i\000c\000\040\000a\000s\000\040\000Q\000u\000a\000n\000t\000u\000m\000\040\000V\000a\000r\000i\000a\000b\000l\000e}{section.2}% 44
\BOOKMARK [2][-]{subsection.2.9}{\376\377\000H\000o\000l\000o\000g\000r\000a\000p\000h\000y\000\040\000f\000o\000r\000\040\000A\000r\000b\000i\000t\000r\000a\000r\000y\000\040\000C\000a\000u\000s\000a\000l\000\040\000S\000t\000r\000u\000c\000t\000u\000r\000e\000s}{section.2}% 45
\BOOKMARK [2][-]{subsection.2.10}{\376\377\000I\000n\000f\000o\000r\000m\000a\000t\000i\000o\000n\000-\000G\000e\000o\000m\000e\000t\000r\000i\000c\000\040\000F\000o\000r\000m\000u\000l\000a\000t\000i\000o\000n}{section.2}% 46
\BOOKMARK [2][-]{subsection.2.11}{\376\377\000S\000y\000n\000t\000h\000e\000s\000i\000s\000:\000\040\000M\000e\000t\000r\000i\000c\000-\000I\000n\000d\000e\000p\000e\000n\000d\000e\000n\000t\000\040\000H\000o\000l\000o\000g\000r\000a\000p\000h\000i\000c\000\040\000A\000x\000i\000o\000m\000s}{section.2}% 47
\BOOKMARK [2][-]{subsection.2.12}{\376\377\000N\000o\000v\000e\000l\000\040\000P\000r\000e\000d\000i\000c\000t\000i\000o\000n\000s\000\040\000a\000n\000d\000\040\000D\000i\000s\000c\000o\000v\000e\000r\000i\000e\000s}{section.2}% 48
\BOOKMARK [2][-]{subsection.2.13}{\376\377\000C\000o\000m\000p\000u\000t\000a\000t\000i\000o\000n\000a\000l\000\040\000A\000s\000p\000e\000c\000t\000s\000\040\000o\000f\000\040\000G\000e\000n\000e\000r\000a\000l\000i\000z\000e\000d\000\040\000H\000o\000l\000o\000g\000r\000a\000p\000h\000y}{section.2}% 49
\BOOKMARK [2][-]{subsection.2.14}{\376\377\000C\000o\000n\000n\000e\000c\000t\000i\000o\000n\000s\000\040\000t\000o\000\040\000O\000t\000h\000e\000r\000\040\000A\000p\000p\000r\000o\000a\000c\000h\000e\000s\000\040\000t\000o\000\040\000Q\000u\000a\000n\000t\000u\000m\000\040\000G\000r\000a\000v\000i\000t\000y}{section.2}% 50
\BOOKMARK [2][-]{subsection.2.15}{\376\377\000E\000x\000p\000e\000r\000i\000m\000e\000n\000t\000a\000l\000\040\000a\000n\000d\000\040\000O\000b\000s\000e\000r\000v\000a\000t\000i\000o\000n\000a\000l\000\040\000I\000m\000p\000l\000i\000c\000a\000t\000i\000o\000n\000s}{section.2}% 51
\BOOKMARK [1][-]{section.3}{\376\377\000P\000r\000o\000p\000o\000s\000e\000d\000\040\000C\000o\000n\000t\000r\000i\000b\000u\000t\000i\000o\000n\000s\000:\000\040\000F\000r\000a\000m\000e\000w\000o\000r\000k\000s\000\040\000a\000n\000d\000\040\000C\000o\000n\000j\000e\000c\000t\000u\000r\000e\000s\000\040\000f\000o\000r\000\040\000R\000i\000g\000o\000r\000o\000u\000s\000\040\000H\000o\000l\000o\000g\000r\000a\000p\000h\000y}{}% 52
\BOOKMARK [2][-]{subsection.3.1}{\376\377\000T\000h\000e\000\040\000E\000n\000t\000a\000n\000g\000l\000e\000m\000e\000n\000t\000\040\000S\000p\000e\000c\000t\000r\000a\000l\000\040\000R\000e\000c\000o\000n\000s\000t\000r\000u\000c\000t\000i\000o\000n\000\040\000C\000o\000n\000j\000e\000c\000t\000u\000r\000e}{section.3}% 53
\BOOKMARK [2][-]{subsection.3.2}{\376\377\000T\000h\000e\000\040\000M\000o\000d\000u\000l\000a\000r\000\040\000I\000n\000t\000e\000r\000s\000e\000c\000t\000i\000o\000n\000\040\000F\000o\000r\000m\000u\000l\000a\000\040\000\050\000C\000o\000n\000j\000e\000c\000t\000u\000r\000e\000\051}{section.3}% 54
\BOOKMARK [2][-]{subsection.3.3}{\376\377\000H\000o\000l\000o\000g\000r\000a\000p\000h\000i\000c\000\040\000C\000o\000m\000p\000l\000e\000x\000i\000t\000y\000\040\000f\000r\000o\000m\000\040\000M\000o\000d\000u\000l\000a\000r\000\040\000D\000e\000p\000t\000h\000\040\000\050\000P\000r\000o\000p\000o\000s\000a\000l\000\051}{section.3}% 55
\BOOKMARK [2][-]{subsection.3.4}{\376\377\000T\000h\000e\000\040\000C\000r\000o\000s\000s\000e\000d\000\040\000P\000r\000o\000d\000u\000c\000t\000\040\000a\000t\000\040\000F\000i\000n\000i\000t\000e\000\040\000N\000\040\000\050\000D\000i\000s\000c\000u\000s\000s\000i\000o\000n\000\051}{section.3}% 56
\BOOKMARK [2][-]{subsection.3.5}{\376\377\000B\000o\000o\000t\000s\000t\000r\000a\000p\000\040\000B\000o\000u\000n\000d\000\040\000o\000n\000\040\000B\000u\000l\000k\000\040\000L\000o\000c\000a\000l\000i\000t\000y\000\040\000S\000c\000a\000l\000e\000\040\000\050\000C\000o\000n\000j\000e\000c\000t\000u\000r\000e\000\051}{section.3}% 57
\BOOKMARK [2][-]{subsection.3.6}{\376\377\000K\000r\000y\000l\000o\000v\000\040\000R\000e\000c\000o\000n\000s\000t\000r\000u\000c\000t\000i\000o\000n\000\040\000o\000f\000\040\000t\000h\000e\000\040\000B\000u\000l\000k}{section.3}% 58
\BOOKMARK [2][-]{subsection.3.7}{\376\377\000I\000s\000l\000a\000n\000d\000\040\000F\000o\000r\000m\000u\000l\000a\000\040\000f\000r\000o\000m\000\040\000M\000o\000d\000u\000l\000a\000r\000\040\000I\000n\000t\000e\000r\000s\000e\000c\000t\000i\000o\000n}{section.3}% 59
\BOOKMARK [2][-]{subsection.3.8}{\376\377\000H\000o\000l\000o\000g\000r\000a\000p\000h\000i\000c\000\040\000R\000e\000c\000o\000n\000s\000t\000r\000u\000c\000t\000i\000o\000n\000\040\000A\000l\000g\000o\000r\000i\000t\000h\000m}{section.3}% 60
\BOOKMARK [2][-]{subsection.3.9}{\376\377\000T\000h\000e\000\040\000E\000n\000t\000a\000n\000g\000l\000e\000m\000e\000n\000t\000\040\000B\000o\000o\000t\000s\000t\000r\000a\000p\000:\000\040\000A\000\040\000N\000e\000w\000\040\000A\000p\000p\000r\000o\000a\000c\000h\000\040\000t\000o\000\040\000H\000o\000l\000o\000g\000r\000a\000p\000h\000i\000c\000\040\000U\000n\000i\000q\000u\000e\000n\000e\000s\000s}{section.3}% 61
\BOOKMARK [2][-]{subsection.3.10}{\376\377\000G\000r\000a\000v\000i\000t\000a\000t\000i\000o\000n\000a\000l\000\040\000D\000r\000e\000s\000s\000i\000n\000g\000\040\000a\000n\000d\000\040\000t\000h\000e\000\040\000O\000b\000s\000e\000r\000v\000e\000r\000\040\000A\000l\000g\000e\000b\000r\000a}{section.3}% 62
\BOOKMARK [2][-]{subsection.3.11}{\376\377\000A\000\040\000N\000o\000-\000G\000o\000\040\000T\000h\000e\000o\000r\000e\000m\000\040\000f\000o\000r\000\040\000B\000u\000l\000k\000\040\000L\000o\000c\000a\000l\000i\000t\000y\000\040\000W\000i\000t\000h\000o\000u\000t\000\040\000C\000h\000a\000o\000s}{section.3}% 63
\BOOKMARK [2][-]{subsection.3.12}{\376\377\000T\000h\000e\000\040\000H\000o\000l\000o\000g\000r\000a\000p\000h\000i\000c\000\040\000T\000e\000n\000s\000o\000r\000\040\000N\000e\000t\000w\000o\000r\000k\000\040\000T\000h\000e\000o\000r\000e\000m}{section.3}% 64
\BOOKMARK [1][-]{section.4}{\376\377\000N\000e\000w\000\040\000R\000e\000s\000u\000l\000t\000s\000\040\000I\000I\000:\000\040\000A\000d\000v\000a\000n\000c\000e\000d\000\040\000S\000t\000r\000u\000c\000t\000u\000r\000e\000s\000\040\000i\000n\000\040\000H\000o\000l\000o\000g\000r\000a\000p\000h\000i\000c\000\040\000R\000e\000c\000o\000n\000s\000t\000r\000u\000c\000t\000i\000o\000n}{}% 65
\BOOKMARK [2][-]{subsection.4.1}{\376\377\000M\000o\000d\000u\000l\000a\000r\000\040\000H\000o\000l\000o\000n\000o\000m\000y\000\040\000a\000n\000d\000\040\000E\000m\000e\000r\000g\000e\000n\000t\000\040\000G\000a\000u\000g\000e\000\040\000S\000t\000r\000u\000c\000t\000u\000r\000e}{section.4}% 66
\BOOKMARK [2][-]{subsection.4.2}{\376\377\000E\000n\000t\000a\000n\000g\000l\000e\000m\000e\000n\000t\000\040\000W\000e\000d\000g\000e\000\040\000N\000e\000s\000t\000i\000n\000g\000\040\000a\000n\000d\000\040\000C\000a\000u\000s\000a\000l\000\040\000S\000t\000r\000u\000c\000t\000u\000r\000e}{section.4}% 67
\BOOKMARK [2][-]{subsection.4.3}{\376\377\000G\000r\000a\000v\000i\000t\000a\000t\000i\000o\000n\000a\000l\000\040\000S\000o\000f\000t\000\040\000H\000a\000i\000r\000\040\000a\000n\000d\000\040\000B\000o\000u\000n\000d\000a\000r\000y\000\040\000S\000y\000m\000m\000e\000t\000r\000i\000e\000s}{section.4}% 68
\BOOKMARK [2][-]{subsection.4.4}{\376\377\000Q\000u\000a\000n\000t\000u\000m\000\040\000E\000r\000r\000o\000r\000\040\000C\000o\000r\000r\000e\000c\000t\000i\000o\000n\000\040\000C\000a\000p\000a\000c\000i\000t\000y\000\040\000o\000f\000\040\000H\000o\000l\000o\000g\000r\000a\000p\000h\000i\000c\000\040\000C\000o\000d\000e\000s}{section.4}% 69
\BOOKMARK [2][-]{subsection.4.5}{\376\377\000S\000p\000e\000c\000t\000r\000a\000l\000\040\000F\000o\000r\000m\000\040\000F\000a\000c\000t\000o\000r\000\040\000a\000n\000d\000\040\000W\000o\000r\000m\000h\000o\000l\000e\000s}{section.4}% 70
\BOOKMARK [2][-]{subsection.4.6}{\376\377\000D\000e\000f\000e\000c\000t\000\040\000H\000o\000l\000o\000g\000r\000a\000p\000h\000y\000\040\000a\000n\000d\000\040\000I\000n\000f\000o\000r\000m\000a\000t\000i\000o\000n\000\040\000T\000r\000a\000n\000s\000f\000e\000r}{section.4}% 71
\BOOKMARK [2][-]{subsection.4.7}{\376\377\000R\000e\000l\000a\000t\000i\000v\000e\000\040\000M\000o\000d\000u\000l\000a\000r\000\040\000O\000p\000e\000r\000a\000t\000o\000r\000\040\000a\000n\000d\000\040\000B\000u\000l\000k\000\040\000F\000i\000e\000l\000d\000s}{section.4}% 72
\BOOKMARK [2][-]{subsection.4.8}{\376\377\000H\000a\000l\000f\000-\000S\000i\000d\000e\000d\000\040\000M\000o\000d\000u\000l\000a\000r\000\040\000I\000n\000c\000l\000u\000s\000i\000o\000n\000s\000\040\000a\000n\000d\000\040\000E\000m\000e\000r\000g\000e\000n\000t\000\040\000L\000o\000c\000a\000l\000i\000t\000y}{section.4}% 73
\BOOKMARK [2][-]{subsection.4.9}{\376\377\000M\000o\000d\000u\000l\000a\000r\000\040\000T\000e\000n\000s\000o\000r\000\040\000C\000a\000t\000e\000g\000o\000r\000y\000\040\000S\000t\000r\000u\000c\000t\000u\000r\000e}{section.4}% 74
\BOOKMARK [2][-]{subsection.4.10}{\376\377\000C\000o\000m\000p\000u\000t\000a\000t\000i\000o\000n\000a\000l\000\040\000C\000o\000m\000p\000l\000e\000x\000i\000t\000y\000\040\000B\000o\000u\000n\000d\000s\000\040\000f\000r\000o\000m\000\040\000H\000o\000l\000o\000g\000r\000a\000p\000h\000y}{section.4}% 75
\BOOKMARK [2][-]{subsection.4.11}{\376\377\000Q\000u\000a\000n\000t\000u\000m\000\040\000G\000r\000a\000v\000i\000t\000y\000\040\000A\000m\000p\000l\000i\000t\000u\000d\000e\000s\000\040\000f\000r\000o\000m\000\040\000C\000F\000T}{section.4}% 76
\BOOKMARK [1][-]{section.5}{\376\377\000T\000o\000w\000a\000r\000d\000s\000\040\000a\000\040\000C\000o\000m\000p\000l\000e\000t\000e\000\040\000P\000r\000o\000o\000f\000:\000\040\000A\000\040\000R\000e\000s\000e\000a\000r\000c\000h\000\040\000P\000r\000o\000g\000r\000a\000m}{}% 77
\BOOKMARK [2][-]{subsection.5.1}{\376\377\000P\000h\000a\000s\000e\000\040\0001\000:\000\040\000R\000i\000g\000o\000r\000o\000u\000s\000\040\000B\000o\000u\000n\000d\000a\000r\000y\000\040\000T\000h\000e\000o\000r\000y}{section.5}% 78
\BOOKMARK [2][-]{subsection.5.2}{\376\377\000P\000h\000a\000s\000e\000\040\0002\000:\000\040\000E\000m\000e\000r\000g\000e\000n\000t\000\040\000G\000e\000o\000m\000e\000t\000r\000y}{section.5}% 79
\BOOKMARK [2][-]{subsection.5.3}{\376\377\000P\000h\000a\000s\000e\000\040\0003\000:\000\040\000B\000u\000l\000k\000\040\000D\000y\000n\000a\000m\000i\000c\000s}{section.5}% 80
\BOOKMARK [2][-]{subsection.5.4}{\376\377\000P\000h\000a\000s\000e\000\040\0004\000:\000\040\000F\000u\000l\000l\000\040\000E\000q\000u\000i\000v\000a\000l\000e\000n\000c\000e}{section.5}% 81
\BOOKMARK [2][-]{subsection.5.5}{\376\377\000P\000h\000a\000s\000e\000\040\0005\000:\000\040\000S\000t\000r\000i\000n\000g\000y\000\040\000a\000n\000d\000\040\000Q\000u\000a\000n\000t\000u\000m\000\040\000C\000o\000r\000r\000e\000c\000t\000i\000o\000n\000s}{section.5}% 82
\BOOKMARK [2][-]{subsection.5.6}{\376\377\000P\000h\000a\000s\000e\000\040\0006\000:\000\040\000I\000n\000f\000o\000r\000m\000a\000t\000i\000o\000n\000-\000T\000h\000e\000o\000r\000e\000t\000i\000c\000\040\000C\000o\000m\000p\000l\000e\000t\000i\000o\000n}{section.5}% 83
\BOOKMARK [1][-]{section.6}{\376\377\000H\000e\000u\000r\000i\000s\000t\000i\000c\000\040\000A\000r\000g\000u\000m\000e\000n\000t\000s\000\040\000a\000n\000d\000\040\000P\000r\000o\000o\000f\000\040\000S\000k\000e\000t\000c\000h\000e\000s}{}% 84
\BOOKMARK [2][-]{subsection.6.1}{\376\377\000A\000r\000g\000u\000m\000e\000n\000t\000:\000\040\000E\000i\000n\000s\000t\000e\000i\000n\000\040\000E\000q\000u\000a\000t\000i\000o\000n\000s\000\040\000f\000r\000o\000m\000\040\000E\000n\000t\000a\000n\000g\000l\000e\000m\000e\000n\000t\000\040\000C\000o\000n\000s\000i\000s\000t\000e\000n\000c\000y}{section.6}% 85
\BOOKMARK [2][-]{subsection.6.2}{\376\377\000A\000r\000g\000u\000m\000e\000n\000t\000:\000\040\000M\000o\000d\000u\000l\000a\000r\000\040\000F\000l\000o\000w\000\040\000G\000e\000n\000e\000r\000a\000t\000e\000s\000\040\000B\000u\000l\000k\000\040\000I\000s\000o\000m\000e\000t\000r\000i\000e\000s}{section.6}% 86
\BOOKMARK [2][-]{subsection.6.3}{\376\377\000A\000r\000g\000u\000m\000e\000n\000t\000:\000\040\000P\000a\000g\000e\000\040\000C\000u\000r\000v\000e\000\040\000f\000r\000o\000m\000\040\000M\000o\000d\000u\000l\000a\000r\000\040\000C\000o\000n\000s\000i\000s\000t\000e\000n\000c\000y}{section.6}% 87
\BOOKMARK [2][-]{subsection.6.4}{\376\377\000B\000o\000u\000n\000d\000:\000\040\000C\000o\000m\000p\000l\000e\000x\000i\000t\000y\000\040\000o\000f\000\040\000I\000n\000t\000e\000r\000i\000o\000r\000\040\000R\000e\000c\000o\000n\000s\000t\000r\000u\000c\000t\000i\000o\000n}{section.6}% 88
\BOOKMARK [1][-]{section.7}{\376\377\000F\000o\000r\000m\000a\000l\000\040\000O\000p\000e\000n\000\040\000P\000r\000o\000b\000l\000e\000m\000s\000\040\000a\000n\000d\000\040\000K\000e\000y\000\040\000C\000o\000n\000j\000e\000c\000t\000u\000r\000e\000s}{}% 89
\BOOKMARK [2][-]{subsection.7.1}{\376\377\000T\000h\000e\000\040\000M\000a\000s\000t\000e\000r\000\040\000C\000o\000n\000j\000e\000c\000t\000u\000r\000e}{section.7}% 90
\BOOKMARK [2][-]{subsection.7.2}{\376\377\000B\000u\000l\000k\000\040\000R\000e\000c\000o\000n\000s\000t\000r\000u\000c\000t\000i\000o\000n\000\040\000C\000o\000n\000j\000e\000c\000t\000u\000r\000e\000s}{section.7}% 91
\BOOKMARK [2][-]{subsection.7.3}{\376\377\000E\000n\000t\000a\000n\000g\000l\000e\000m\000e\000n\000t\000\040\000a\000n\000d\000\040\000G\000e\000o\000m\000e\000t\000r\000y}{section.7}% 92
\BOOKMARK [2][-]{subsection.7.4}{\376\377\000C\000o\000m\000p\000l\000e\000x\000i\000t\000y\000\040\000C\000o\000n\000j\000e\000c\000t\000u\000r\000e\000s}{section.7}% 93
\BOOKMARK [2][-]{subsection.7.5}{\376\377\000R\000i\000g\000o\000r\000o\000u\000s\000\040\000E\000x\000i\000s\000t\000e\000n\000c\000e}{section.7}% 94
\BOOKMARK [2][-]{subsection.7.6}{\376\377\000M\000o\000d\000u\000l\000a\000r\000\040\000a\000n\000d\000\040\000A\000l\000g\000e\000b\000r\000a\000i\000c\000\040\000C\000o\000n\000j\000e\000c\000t\000u\000r\000e\000s}{section.7}% 95
\BOOKMARK [2][-]{subsection.7.7}{\376\377\000N\000e\000w\000\040\000C\000o\000n\000j\000e\000c\000t\000u\000r\000e\000s\000\040\000f\000r\000o\000m\000\040\000T\000h\000i\000s\000\040\000W\000o\000r\000k}{section.7}% 96
\BOOKMARK [2][-]{subsection.7.8}{\376\377\000O\000p\000e\000n\000\040\000P\000r\000o\000b\000l\000e\000m\000s\000\040\000f\000o\000r\000\040\000G\000e\000n\000e\000r\000a\000l\000i\000z\000e\000d\000\040\000H\000o\000l\000o\000g\000r\000a\000p\000h\000y}{section.7}% 97
\BOOKMARK [2][-]{subsection.7.9}{\376\377\000C\000o\000m\000p\000l\000e\000x\000i\000t\000y\000\040\000C\000o\000n\000j\000e\000c\000t\000u\000r\000e\000s\000\040\000\050\000E\000x\000t\000e\000n\000d\000e\000d\000\051}{section.7}% 98
\BOOKMARK [2][-]{subsection.7.10}{\376\377\000M\000o\000d\000u\000l\000a\000r\000\040\000E\000n\000e\000r\000g\000y\000\040\000C\000o\000n\000d\000i\000t\000i\000o\000n\000s}{section.7}% 99
\BOOKMARK [1][-]{section.8}{\376\377\000R\000i\000g\000o\000r\000o\000u\000s\000\040\000P\000r\000o\000o\000f\000s\000\040\000o\000f\000\040\000K\000e\000y\000\040\000C\000o\000n\000j\000e\000c\000t\000u\000r\000e\000s}{}% 100
\BOOKMARK [2][-]{subsection.8.1}{\376\377\000T\000h\000e\000o\000r\000e\000m\000:\000\040\000L\000i\000n\000e\000a\000r\000i\000z\000e\000d\000\040\000E\000i\000n\000s\000t\000e\000i\000n\000\040\000E\000q\000u\000a\000t\000i\000o\000n\000s\000\040\000f\000r\000o\000m\000\040\000E\000n\000t\000a\000n\000g\000l\000e\000m\000e\000n\000t\000\040\000F\000i\000r\000s\000t\000\040\000L\000a\000w}{section.8}% 101
\BOOKMARK [2][-]{subsection.8.2}{\376\377\000T\000h\000e\000o\000r\000e\000m\000:\000\040\000M\000o\000d\000u\000l\000a\000r\000\040\000F\000l\000o\000w\000\040\000G\000e\000n\000e\000r\000a\000t\000e\000s\000\040\000B\000u\000l\000k\000\040\000D\000i\000f\000f\000e\000o\000m\000o\000r\000p\000h\000i\000s\000m\000s}{section.8}% 102
\BOOKMARK [2][-]{subsection.8.3}{\376\377\000T\000h\000e\000o\000r\000e\000m\000:\000\040\000S\000t\000r\000o\000n\000g\000\040\000S\000u\000b\000a\000d\000d\000i\000t\000i\000v\000i\000t\000y\000\040\000I\000m\000p\000l\000i\000e\000s\000\040\000C\000a\000u\000s\000a\000l\000\040\000W\000e\000d\000g\000e\000\040\000I\000n\000c\000l\000u\000s\000i\000o\000n}{section.8}% 103
\BOOKMARK [2][-]{subsection.8.4}{\376\377\000T\000h\000e\000o\000r\000e\000m\000:\000\040\000T\000y\000p\000e\000\040\000I\000I\000I\000\040\000\040\000T\000y\000p\000e\000\040\000I\000I\000\040\000T\000r\000a\000n\000s\000i\000t\000i\000o\000n\000\040\000v\000i\000a\000\040\000C\000r\000o\000s\000s\000e\000d\000\040\000P\000r\000o\000d\000u\000c\000t}{section.8}% 104
\BOOKMARK [2][-]{subsection.8.5}{\376\377\000T\000h\000e\000o\000r\000e\000m\000:\000\040\000Q\000u\000a\000n\000t\000u\000m\000\040\000E\000r\000r\000o\000r\000\040\000C\000o\000r\000r\000e\000c\000t\000i\000o\000n\000\040\000f\000r\000o\000m\000\040\000E\000n\000t\000a\000n\000g\000l\000e\000m\000e\000n\000t\000\040\000W\000e\000d\000g\000e\000\040\000R\000e\000c\000o\000n\000s\000t\000r\000u\000c\000t\000i\000o\000n}{section.8}% 105
\BOOKMARK [2][-]{subsection.8.6}{\376\377\000T\000h\000e\000o\000r\000e\000m\000:\000\040\000Q\000N\000E\000C\000\040\000f\000r\000o\000m\000\040\000M\000o\000d\000u\000l\000a\000r\000\040\000P\000o\000s\000i\000t\000i\000v\000i\000t\000y}{section.8}% 106
\BOOKMARK [2][-]{subsection.8.7}{\376\377\000T\000h\000e\000o\000r\000e\000m\000:\000\040\000M\000o\000n\000o\000g\000a\000m\000y\000\040\000o\000f\000\040\000M\000u\000t\000u\000a\000l\000\040\000I\000n\000f\000o\000r\000m\000a\000t\000i\000o\000n\000\040\000C\000h\000a\000r\000a\000c\000t\000e\000r\000i\000z\000e\000s\000\040\000H\000o\000l\000o\000g\000r\000a\000p\000h\000y}{section.8}% 107
\BOOKMARK [1][-]{section.9}{\376\377\000E\000x\000t\000e\000n\000d\000e\000d\000\040\000R\000i\000g\000o\000r\000o\000u\000s\000\040\000P\000r\000o\000o\000f\000s\000:\000\040\000C\000o\000m\000p\000l\000e\000t\000i\000n\000g\000\040\000t\000h\000e\000\040\000C\000o\000n\000j\000e\000c\000t\000u\000r\000e\000s}{}% 108
\BOOKMARK [2][-]{subsection.9.1}{\376\377\000T\000h\000e\000o\000r\000e\000m\000:\000\040\000E\000n\000t\000a\000n\000g\000l\000e\000m\000e\000n\000t\000\040\000S\000p\000e\000c\000t\000r\000a\000l\000\040\000R\000e\000c\000o\000n\000s\000t\000r\000u\000c\000t\000i\000o\000n\000\040\000\050\000C\000o\000m\000p\000l\000e\000t\000e\000\040\000P\000r\000o\000o\000f\000\051}{section.9}% 109
\BOOKMARK [2][-]{subsection.9.2}{\376\377\000T\000h\000e\000o\000r\000e\000m\000:\000\040\000M\000o\000d\000u\000l\000a\000r\000\040\000I\000n\000t\000e\000r\000s\000e\000c\000t\000i\000o\000n\000\040\000F\000o\000r\000m\000u\000l\000a\000\040\000\050\000C\000o\000m\000p\000l\000e\000t\000e\000\040\000P\000r\000o\000o\000f\000\051}{section.9}% 110
\BOOKMARK [2][-]{subsection.9.3}{\376\377\000T\000h\000e\000o\000r\000e\000m\000:\000\040\000M\000o\000d\000u\000l\000a\000r\000\040\000D\000e\000p\000t\000h\000\040\000E\000q\000u\000a\000l\000s\000\040\000W\000o\000r\000m\000h\000o\000l\000e\000\040\000L\000e\000n\000g\000t\000h\000\040\000\050\000C\000o\000m\000p\000l\000e\000t\000e\000\040\000P\000r\000o\000o\000f\000\051}{section.9}% 111
\BOOKMARK [2][-]{subsection.9.4}{\376\377\000T\000h\000e\000o\000r\000e\000m\000:\000\040\000W\000e\000d\000g\000e\000\040\000G\000a\000p\000\040\000a\000n\000d\000\040\000N\000o\000n\000-\000L\000o\000c\000a\000l\000i\000t\000y\000\040\000S\000c\000a\000l\000e\000\040\000\050\000C\000o\000m\000p\000l\000e\000t\000e\000\040\000P\000r\000o\000o\000f\000\051}{section.9}% 112
\BOOKMARK [2][-]{subsection.9.5}{\376\377\000T\000h\000e\000o\000r\000e\000m\000:\000\040\000Q\000u\000a\000n\000t\000u\000m\000\040\000F\000i\000s\000h\000e\000r\000\040\000I\000n\000f\000o\000r\000m\000a\000t\000i\000o\000n\000\040\000E\000q\000u\000a\000l\000s\000\040\000S\000e\000c\000t\000i\000o\000n\000a\000l\000\040\000C\000u\000r\000v\000a\000t\000u\000r\000e}{section.9}% 113
\BOOKMARK [2][-]{subsection.9.6}{\376\377\000T\000h\000e\000o\000r\000e\000m\000:\000\040\000T\000r\000i\000p\000a\000r\000t\000i\000t\000e\000\040\000I\000n\000f\000o\000r\000m\000a\000t\000i\000o\000n\000\040\000a\000n\000d\000\040\000B\000u\000l\000k\000\040\000T\000r\000i\000p\000l\000e\000\040\000I\000n\000t\000e\000r\000s\000e\000c\000t\000i\000o\000n}{section.9}% 114
\BOOKMARK [2][-]{subsection.9.7}{\376\377\000F\000i\000l\000l\000i\000n\000g\000\040\000t\000h\000e\000\040\000E\000i\000n\000s\000t\000e\000i\000n\000\040\000E\000q\000u\000a\000t\000i\000o\000n\000\040\000G\000a\000p\000s}{section.9}% 115
\BOOKMARK [2][-]{subsection.9.8}{\376\377\000T\000h\000e\000o\000r\000e\000m\000:\000\040\000E\000x\000i\000s\000t\000e\000n\000c\000e\000\040\000a\000n\000d\000\040\000U\000n\000i\000q\000u\000e\000n\000e\000s\000s\000\040\000o\000f\000\040\000B\000u\000l\000k\000\040\000M\000e\000t\000r\000i\000c\000\040\000\050\000C\000o\000m\000p\000l\000e\000t\000e\000\040\000P\000r\000o\000o\000f\000\051}{section.9}% 116
\BOOKMARK [2][-]{subsection.9.9}{\376\377\000T\000h\000e\000o\000r\000e\000m\000:\000\040\000M\000o\000d\000u\000l\000a\000r\000\040\000S\000p\000e\000c\000t\000r\000a\000l\000\040\000G\000a\000p\000\040\000E\000q\000u\000a\000l\000s\000\040\000B\000u\000l\000k\000\040\000M\000a\000s\000s\000\040\000G\000a\000p\000\040\000\050\000C\000o\000m\000p\000l\000e\000t\000e\000\040\000P\000r\000o\000o\000f\000\051}{section.9}% 117
\BOOKMARK [2][-]{subsection.9.10}{\376\377\000T\000h\000e\000o\000r\000e\000m\000:\000\040\000E\000n\000t\000a\000n\000g\000l\000e\000m\000e\000n\000t\000\040\000V\000e\000l\000o\000c\000i\000t\000y\000\040\000E\000q\000u\000a\000l\000s\000\040\000B\000u\000l\000k\000\040\000L\000i\000g\000h\000t\000\040\000S\000p\000e\000e\000d\000\040\000\050\000C\000o\000m\000p\000l\000e\000t\000e\000\040\000P\000r\000o\000o\000f\000\051}{section.9}% 118
\BOOKMARK [2][-]{subsection.9.11}{\376\377\000T\000h\000e\000o\000r\000e\000m\000:\000\040\000P\000a\000g\000e\000\040\000C\000u\000r\000v\000e\000\040\000f\000r\000o\000m\000\040\000M\000o\000d\000u\000l\000a\000r\000\040\000U\000n\000i\000t\000a\000r\000i\000t\000y\000\040\000\050\000C\000o\000m\000p\000l\000e\000t\000e\000\040\000P\000r\000o\000o\000f\000\051}{section.9}% 119
\BOOKMARK [2][-]{subsection.9.12}{\376\377\000T\000h\000e\000o\000r\000e\000m\000:\000\040\000M\000o\000d\000u\000l\000a\000r\000\040\000S\000c\000r\000a\000m\000b\000l\000i\000n\000g\000\040\000T\000i\000m\000e\000\040\000C\000h\000a\000r\000a\000c\000t\000e\000r\000i\000z\000e\000s\000\040\000I\000n\000t\000e\000r\000i\000o\000r\000\040\000D\000e\000p\000t\000h\000\040\000\050\000C\000o\000m\000p\000l\000e\000t\000e\000\040\000P\000r\000o\000o\000f\000\051}{section.9}% 120
\BOOKMARK [2][-]{subsection.9.13}{\376\377\000T\000h\000e\000o\000r\000e\000m\000:\000\040\000K\000r\000y\000l\000o\000v\000-\000N\000i\000e\000l\000s\000e\000n\000\040\000C\000o\000m\000p\000l\000e\000x\000i\000t\000y\000\040\000E\000q\000u\000i\000v\000a\000l\000e\000n\000c\000e\000\040\000\050\000C\000o\000m\000p\000l\000e\000t\000e\000\040\000P\000r\000o\000o\000f\000\051}{section.9}% 121
\BOOKMARK [2][-]{subsection.9.14}{\376\377\000T\000h\000e\000o\000r\000e\000m\000:\000\040\000B\000o\000o\000t\000s\000t\000r\000a\000p\000\040\000L\000o\000c\000a\000l\000i\000t\000y\000\040\000B\000o\000u\000n\000d\000\040\000\050\000C\000o\000m\000p\000l\000e\000t\000e\000\040\000P\000r\000o\000o\000f\000\051}{section.9}% 122
\BOOKMARK [2][-]{subsection.9.15}{\376\377\000T\000h\000e\000o\000r\000e\000m\000:\000\040\000K\000r\000y\000l\000o\000v\000\040\000M\000e\000t\000r\000i\000c\000\040\000E\000q\000u\000a\000l\000s\000\040\000B\000u\000l\000k\000\040\000R\000a\000d\000i\000a\000l\000\040\000M\000e\000t\000r\000i\000c\000\040\000\050\000C\000o\000m\000p\000l\000e\000t\000e\000\040\000P\000r\000o\000o\000f\000\051}{section.9}% 123
\BOOKMARK [2][-]{subsection.9.16}{\376\377\000T\000h\000e\000o\000r\000e\000m\000:\000\040\000E\000x\000a\000c\000t\000\040\000A\000d\000S\0003\000/\000C\000F\000T\0002\000\040\000C\000o\000r\000r\000e\000s\000p\000o\000n\000d\000e\000n\000c\000e\000\040\000f\000o\000r\000\040\000V\000i\000r\000a\000s\000o\000r\000o\000\040\000B\000l\000o\000c\000k\000s}{section.9}% 124
\BOOKMARK [2][-]{subsection.9.17}{\376\377\000E\000x\000t\000e\000n\000s\000i\000o\000n\000\040\000t\000o\000\040\000A\000d\000S\0005\000/\000C\000F\000T\0004\000:\000\040\000S\000u\000p\000e\000r\000c\000o\000n\000f\000o\000r\000m\000a\000l\000\040\000B\000l\000o\000c\000k\000s}{section.9}% 125
\BOOKMARK [2][-]{subsection.9.18}{\376\377\000E\000x\000p\000l\000i\000c\000i\000t\000\040\000W\000o\000r\000k\000e\000d\000\040\000E\000x\000a\000m\000p\000l\000e\000\040\000i\000n\000\040\000A\000d\000S\0005\000/\000C\000F\000T\0004}{section.9}% 126
\BOOKMARK [1][-]{section.10}{\376\377\000B\000r\000e\000a\000k\000t\000h\000r\000o\000u\000g\000h\000\040\000R\000e\000s\000u\000l\000t\000s\000:\000\040\000A\000p\000p\000r\000o\000a\000c\000h\000i\000n\000g\000\040\000a\000\040\000C\000o\000m\000p\000l\000e\000t\000e\000\040\000P\000r\000o\000o\000f}{}% 127
\BOOKMARK [2][-]{subsection.10.1}{\376\377\000T\000h\000e\000o\000r\000e\000m\000:\000\040\000R\000T\000\040\000F\000o\000r\000m\000u\000l\000a\000\040\000f\000r\000o\000m\000\040\000C\000F\000T\000\040\000A\000x\000i\000o\000m\000s\000\040\000\050\000P\000a\000r\000t\000i\000a\000l\000\051}{section.10}% 128
\BOOKMARK [2][-]{subsection.10.2}{\376\377\000T\000h\000e\000o\000r\000e\000m\000:\000\040\000E\000R\000\040\000=\000\040\000E\000P\000R\000\040\000f\000r\000o\000m\000\040\000M\000o\000d\000u\000l\000a\000r\000\040\000S\000t\000r\000u\000c\000t\000u\000r\000e}{section.10}% 129
\BOOKMARK [2][-]{subsection.10.3}{\376\377\000T\000h\000e\000o\000r\000e\000m\000:\000\040\000C\000o\000m\000p\000l\000e\000x\000i\000t\000y\000\040\000=\000\040\000V\000o\000l\000u\000m\000e\000\040\000\050\000C\000o\000m\000p\000l\000e\000t\000e\000\040\000P\000r\000o\000o\000f\000\040\000v\000i\000a\000\040\000K\000r\000y\000l\000o\000v\000\051}{section.10}% 130
\BOOKMARK [2][-]{subsection.10.4}{\376\377\000T\000h\000e\000o\000r\000e\000m\000:\000\040\000d\000e\000\040\000S\000i\000t\000t\000e\000r\000\040\000H\000o\000l\000o\000g\000r\000a\000p\000h\000y\000\040\000\050\000C\000o\000n\000j\000e\000c\000t\000u\000r\000a\000l\000\040\000E\000x\000t\000e\000n\000s\000i\000o\000n\000\051}{section.10}% 131
\BOOKMARK [2][-]{subsection.10.5}{\376\377\000T\000h\000e\000o\000r\000e\000m\000:\000\040\000B\000l\000a\000c\000k\000\040\000H\000o\000l\000e\000\040\000I\000n\000t\000e\000r\000i\000o\000r\000\040\000f\000r\000o\000m\000\040\000N\000o\000n\000-\000I\000s\000o\000m\000e\000t\000r\000i\000c\000\040\000C\000o\000d\000e\000s}{section.10}% 132
\BOOKMARK [2][-]{subsection.10.6}{\376\377\000C\000o\000m\000p\000l\000e\000t\000e\000\040\000R\000e\000s\000o\000l\000u\000t\000i\000o\000n\000\040\000o\000f\000\040\000S\000t\000a\000t\000e\000-\000D\000e\000p\000e\000n\000d\000e\000n\000c\000e}{section.10}% 133
\BOOKMARK [1][-]{section.11}{\376\377\000N\000e\000w\000\040\000R\000e\000s\000u\000l\000t\000s\000\040\000I\000I\000I\000:\000\040\000E\000n\000t\000a\000n\000g\000l\000e\000m\000e\000n\000t\000\040\000T\000h\000e\000r\000m\000o\000d\000y\000n\000a\000m\000i\000c\000s\000\040\000a\000n\000d\000\040\000G\000r\000a\000v\000i\000t\000a\000t\000i\000o\000n\000a\000l\000\040\000D\000y\000n\000a\000m\000i\000c\000s}{}% 134
\BOOKMARK [2][-]{subsection.11.1}{\376\377\000T\000h\000e\000\040\000E\000n\000t\000a\000n\000g\000l\000e\000m\000e\000n\000t\000\040\000T\000e\000m\000p\000e\000r\000a\000t\000u\000r\000e\000\040\000G\000r\000a\000d\000i\000e\000n\000t\000\040\000a\000n\000d\000\040\000B\000u\000l\000k\000\040\000A\000c\000c\000e\000l\000e\000r\000a\000t\000i\000o\000n}{section.11}% 135
\BOOKMARK [2][-]{subsection.11.2}{\376\377\000M\000o\000d\000u\000l\000a\000r\000\040\000C\000o\000m\000m\000u\000t\000a\000t\000o\000r\000\040\000a\000n\000d\000\040\000B\000u\000l\000k\000\040\000T\000o\000r\000s\000i\000o\000n}{section.11}% 136
\BOOKMARK [2][-]{subsection.11.3}{\376\377\000E\000n\000t\000a\000n\000g\000l\000e\000m\000e\000n\000t\000\040\000P\000h\000a\000s\000e\000\040\000T\000r\000a\000n\000s\000i\000t\000i\000o\000n\000s\000\040\000a\000n\000d\000\040\000T\000o\000p\000o\000l\000o\000g\000y\000\040\000C\000h\000a\000n\000g\000e}{section.11}% 137
\BOOKMARK [2][-]{subsection.11.4}{\376\377\000T\000h\000e\000\040\000G\000r\000a\000v\000i\000t\000a\000t\000i\000o\000n\000a\000l\000\040\000M\000e\000m\000o\000r\000y\000\040\000E\000f\000f\000e\000c\000t\000\040\000f\000r\000o\000m\000\040\000M\000o\000d\000u\000l\000a\000r\000\040\000D\000a\000t\000a}{section.11}% 138
\BOOKMARK [2][-]{subsection.11.5}{\376\377\000R\000e\000l\000a\000t\000i\000v\000e\000\040\000E\000n\000t\000r\000o\000p\000y\000\040\000M\000o\000n\000o\000t\000o\000n\000i\000c\000i\000t\000y\000\040\000a\000n\000d\000\040\000t\000h\000e\000\040\000S\000e\000c\000o\000n\000d\000\040\000L\000a\000w}{section.11}% 139
\BOOKMARK [2][-]{subsection.11.6}{\376\377\000E\000n\000t\000a\000n\000g\000l\000e\000m\000e\000n\000t\000\040\000V\000e\000l\000o\000c\000i\000t\000y\000\040\000a\000n\000d\000\040\000B\000u\000l\000k\000\040\000L\000i\000g\000h\000t\000\040\000C\000o\000n\000e\000s}{section.11}% 140
\BOOKMARK [2][-]{subsection.11.7}{\376\377\000T\000h\000e\000\040\000E\000n\000t\000a\000n\000g\000l\000e\000m\000e\000n\000t\000\040\000S\000t\000r\000e\000s\000s\000\040\000T\000e\000n\000s\000o\000r}{section.11}% 141
\BOOKMARK [2][-]{subsection.11.8}{\376\377\000N\000o\000n\000-\000I\000s\000o\000m\000e\000t\000r\000i\000c\000\040\000C\000o\000d\000e\000\040\000C\000o\000n\000j\000e\000c\000t\000u\000r\000e\000s}{section.11}% 142
\BOOKMARK [2][-]{subsection.11.9}{\376\377\000C\000o\000s\000m\000o\000l\000o\000g\000i\000c\000a\000l\000\040\000C\000o\000n\000j\000e\000c\000t\000u\000r\000e\000s}{section.11}% 143
\BOOKMARK [2][-]{subsection.11.10}{\376\377\000N\000e\000w\000\040\000F\000o\000u\000n\000d\000a\000t\000i\000o\000n\000a\000l\000\040\000C\000o\000n\000j\000e\000c\000t\000u\000r\000e\000s}{section.11}% 144
\BOOKMARK [2][-]{subsection.11.11}{\376\377\000N\000o\000v\000e\000l\000\040\000C\000o\000n\000j\000e\000c\000t\000u\000r\000e\000s\000:\000\040\000I\000n\000f\000o\000r\000m\000a\000t\000i\000o\000n\000-\000G\000e\000o\000m\000e\000t\000r\000i\000c\000\040\000U\000n\000i\000f\000i\000c\000a\000t\000i\000o\000n}{section.11}% 145
\BOOKMARK [1][-]{section.12}{\376\377\000N\000e\000w\000\040\000R\000e\000s\000u\000l\000t\000s\000\040\000I\000V\000:\000\040\000H\000i\000g\000h\000e\000r\000\040\000S\000t\000r\000u\000c\000t\000u\000r\000e\000s\000\040\000a\000n\000d\000\040\000C\000a\000t\000e\000g\000o\000r\000i\000c\000a\000l\000\040\000H\000o\000l\000o\000g\000r\000a\000p\000h\000y}{}% 146
\BOOKMARK [2][-]{subsection.12.1}{\376\377\000T\000h\000e\000\040\000E\000n\000t\000a\000n\000g\000l\000e\000m\000e\000n\000t\000\040\000-\000C\000a\000t\000e\000g\000o\000r\000y}{section.12}% 147
\BOOKMARK [2][-]{subsection.12.2}{\376\377\000T\000h\000e\000\040\000B\000u\000l\000k\000-\000B\000o\000u\000n\000d\000a\000r\000y\000\040\000F\000i\000b\000r\000a\000t\000i\000o\000n}{section.12}% 148
\BOOKMARK [2][-]{subsection.12.3}{\376\377\000T\000h\000e\000\040\000E\000n\000t\000a\000n\000g\000l\000e\000m\000e\000n\000t\000\040\000O\000p\000e\000r\000a\000d}{section.12}% 149
\BOOKMARK [2][-]{subsection.12.4}{\376\377\000D\000e\000r\000i\000v\000e\000d\000\040\000M\000o\000d\000u\000l\000a\000r\000\040\000C\000a\000t\000e\000g\000o\000r\000i\000e\000s}{section.12}% 150
\BOOKMARK [2][-]{subsection.12.5}{\376\377\000F\000a\000c\000t\000o\000r\000i\000z\000a\000t\000i\000o\000n\000\040\000A\000l\000g\000e\000b\000r\000a\000s\000\040\000a\000n\000d\000\040\000B\000u\000l\000k\000\040\000L\000o\000c\000a\000l\000i\000t\000y}{section.12}% 151
\BOOKMARK [1][-]{section.13}{\376\377\000I\000m\000p\000l\000i\000c\000a\000t\000i\000o\000n\000s\000\040\000o\000f\000\040\000a\000\040\000P\000r\000o\000o\000f}{}% 152
\BOOKMARK [2][-]{subsection.13.1}{\376\377\000S\000p\000a\000c\000e\000t\000i\000m\000e\000\040\000i\000s\000\040\000E\000m\000e\000r\000g\000e\000n\000t}{section.13}% 153
\BOOKMARK [2][-]{subsection.13.2}{\376\377\000R\000e\000s\000o\000l\000u\000t\000i\000o\000n\000\040\000o\000f\000\040\000B\000l\000a\000c\000k\000\040\000H\000o\000l\000e\000\040\000I\000n\000f\000o\000r\000m\000a\000t\000i\000o\000n}{section.13}% 154
\BOOKMARK [2][-]{subsection.13.3}{\376\377\000Q\000u\000a\000n\000t\000u\000m\000\040\000G\000r\000a\000v\000i\000t\000y\000\040\000i\000s\000\040\000E\000x\000a\000c\000t\000l\000y\000\040\000S\000o\000l\000v\000a\000b\000l\000e}{section.13}% 155
\BOOKMARK [2][-]{subsection.13.4}{\376\377\000P\000a\000t\000h\000\040\000t\000o\000\040\000R\000e\000a\000l\000i\000s\000t\000i\000c\000\040\000C\000o\000s\000m\000o\000l\000o\000g\000y}{section.13}% 156
\BOOKMARK [1][-]{section.14}{\376\377\000T\000h\000e\000\040\000G\000r\000a\000n\000d\000\040\000S\000y\000n\000t\000h\000e\000s\000i\000s\000:\000\040\000T\000o\000w\000a\000r\000d\000\040\000a\000\040\000C\000o\000m\000p\000l\000e\000t\000e\000\040\000M\000a\000t\000h\000e\000m\000a\000t\000i\000c\000a\000l\000\040\000F\000r\000a\000m\000e\000w\000o\000r\000k}{}% 157
\BOOKMARK [2][-]{subsection.14.1}{\376\377\000T\000h\000e\000\040\000M\000a\000s\000t\000e\000r\000\040\000E\000q\000u\000a\000t\000i\000o\000n\000\040\000o\000f\000\040\000H\000o\000l\000o\000g\000r\000a\000p\000h\000y}{section.14}% 158
\BOOKMARK [2][-]{subsection.14.2}{\376\377\000T\000h\000e\000\040\000H\000o\000l\000o\000g\000r\000a\000p\000h\000i\000c\000\040\000D\000i\000c\000t\000i\000o\000n\000a\000r\000y\000\040\000a\000s\000\040\000a\000\040\000N\000a\000t\000u\000r\000a\000l\000\040\000T\000r\000a\000n\000s\000f\000o\000r\000m\000a\000t\000i\000o\000n}{section.14}% 159
\BOOKMARK [2][-]{subsection.14.3}{\376\377\000I\000n\000f\000o\000r\000m\000a\000t\000i\000o\000n\000-\000T\000h\000e\000o\000r\000e\000t\000i\000c\000\040\000R\000e\000f\000o\000r\000m\000u\000l\000a\000t\000i\000o\000n\000\040\000o\000f\000\040\000G\000e\000n\000e\000r\000a\000l\000\040\000R\000e\000l\000a\000t\000i\000v\000i\000t\000y}{section.14}% 160
\BOOKMARK [2][-]{subsection.14.4}{\376\377\000T\000h\000e\000\040\000E\000m\000e\000r\000g\000e\000n\000c\000e\000\040\000H\000i\000e\000r\000a\000r\000c\000h\000y}{section.14}% 161
\BOOKMARK [2][-]{subsection.14.5}{\376\377\000C\000o\000m\000p\000u\000t\000a\000t\000i\000o\000n\000a\000l\000\040\000U\000n\000i\000v\000e\000r\000s\000e\000\040\000H\000y\000p\000o\000t\000h\000e\000s\000i\000s}{section.14}% 162
\BOOKMARK [2][-]{subsection.14.6}{\376\377\000T\000o\000w\000a\000r\000d\000s\000\040\000P\000r\000o\000v\000i\000n\000g\000\040\000A\000d\000S\000/\000C\000F\000T\000:\000\040\000A\000\040\000C\000o\000m\000p\000l\000e\000t\000e\000\040\000S\000t\000r\000a\000t\000e\000g\000y}{section.14}% 163
\BOOKMARK [1][-]{section.15}{\376\377\000N\000e\000w\000\040\000F\000r\000o\000n\000t\000i\000e\000r\000s\000:\000\040\000D\000e\000e\000p\000\040\000T\000h\000e\000o\000r\000e\000t\000i\000c\000a\000l\000\040\000E\000x\000p\000l\000o\000r\000a\000t\000i\000o\000n\000s}{}% 164
\BOOKMARK [2][-]{subsection.15.1}{\376\377\000T\000h\000e\000\040\000H\000o\000l\000o\000g\000r\000a\000p\000h\000i\000c\000\040\000P\000r\000i\000n\000c\000i\000p\000l\000e\000\040\000a\000s\000\040\000a\000\040\000F\000u\000n\000d\000a\000m\000e\000n\000t\000a\000l\000\040\000L\000a\000w}{section.15}% 165
\BOOKMARK [2][-]{subsection.15.2}{\376\377\000Q\000u\000a\000n\000t\000u\000m\000\040\000G\000r\000a\000v\000i\000t\000y\000\040\000f\000r\000o\000m\000\040\000P\000u\000r\000e\000\040\000I\000n\000f\000o\000r\000m\000a\000t\000i\000o\000n\000\040\000T\000h\000e\000o\000r\000y}{section.15}% 166
\BOOKMARK [2][-]{subsection.15.3}{\376\377\000T\000h\000e\000\040\000Q\000u\000a\000n\000t\000u\000m\000-\000C\000l\000a\000s\000s\000i\000c\000a\000l\000\040\000T\000r\000a\000n\000s\000i\000t\000i\000o\000n\000\040\000v\000i\000a\000\040\000H\000o\000l\000o\000g\000r\000a\000p\000h\000y}{section.15}% 167
\BOOKMARK [2][-]{subsection.15.4}{\376\377\000T\000i\000m\000e\000\040\000a\000n\000d\000\040\000C\000a\000u\000s\000a\000l\000i\000t\000y\000\040\000f\000r\000o\000m\000\040\000E\000n\000t\000a\000n\000g\000l\000e\000m\000e\000n\000t}{section.15}% 168
\BOOKMARK [2][-]{subsection.15.5}{\376\377\000C\000o\000n\000s\000c\000i\000o\000u\000s\000n\000e\000s\000s\000\040\000a\000n\000d\000\040\000H\000o\000l\000o\000g\000r\000a\000p\000h\000y}{section.15}% 169
\BOOKMARK [2][-]{subsection.15.6}{\376\377\000H\000o\000l\000o\000g\000r\000a\000p\000h\000y\000\040\000a\000n\000d\000\040\000t\000h\000e\000\040\000F\000o\000u\000n\000d\000a\000t\000i\000o\000n\000s\000\040\000o\000f\000\040\000M\000a\000t\000h\000e\000m\000a\000t\000i\000c\000s}{section.15}% 170
\BOOKMARK [2][-]{subsection.15.7}{\376\377\000U\000l\000t\000i\000m\000a\000t\000e\000\040\000U\000n\000i\000f\000i\000c\000a\000t\000i\000o\000n\000:\000\040\000I\000t\000\040\000f\000r\000o\000m\000\040\000Q\000u\000b\000i\000t}{section.15}% 171
\BOOKMARK [2][-]{subsection.15.8}{\376\377\000N\000o\000v\000e\000l\000\040\000M\000a\000t\000h\000e\000m\000a\000t\000i\000c\000a\000l\000\040\000S\000t\000r\000u\000c\000t\000u\000r\000e\000s\000\040\000D\000i\000s\000c\000o\000v\000e\000r\000e\000d}{section.15}% 172
\BOOKMARK [2][-]{subsection.15.9}{\376\377\000E\000x\000p\000e\000r\000i\000m\000e\000n\000t\000a\000l\000\040\000S\000i\000g\000n\000a\000t\000u\000r\000e\000s\000\040\000a\000n\000d\000\040\000P\000r\000e\000d\000i\000c\000t\000i\000o\000n\000s}{section.15}% 173
\BOOKMARK [1][-]{section.16}{\376\377\000D\000e\000e\000p\000\040\000E\000x\000p\000l\000o\000r\000a\000t\000i\000o\000n\000s\000:\000\040\000H\000o\000l\000o\000g\000r\000a\000p\000h\000y\000\040\000a\000n\000d\000\040\000F\000u\000n\000d\000a\000m\000e\000n\000t\000a\000l\000\040\000P\000h\000y\000s\000i\000c\000s}{}% 174
\BOOKMARK [2][-]{subsection.16.1}{\376\377\000H\000o\000l\000o\000g\000r\000a\000p\000h\000y\000\040\000a\000n\000d\000\040\000Q\000u\000a\000n\000t\000u\000m\000\040\000M\000e\000c\000h\000a\000n\000i\000c\000s\000:\000\040\000T\000h\000e\000\040\000M\000e\000a\000s\000u\000r\000e\000m\000e\000n\000t\000\040\000P\000r\000o\000b\000l\000e\000m}{section.16}% 175
\BOOKMARK [2][-]{subsection.16.2}{\376\377\000H\000o\000l\000o\000g\000r\000a\000p\000h\000i\000c\000\040\000T\000h\000e\000r\000m\000o\000d\000y\000n\000a\000m\000i\000c\000s\000:\000\040\000B\000e\000y\000o\000n\000d\000\040\000B\000e\000k\000e\000n\000s\000t\000e\000i\000n\000-\000H\000a\000w\000k\000i\000n\000g}{section.16}% 176
\BOOKMARK [2][-]{subsection.16.3}{\376\377\000H\000o\000l\000o\000g\000r\000a\000p\000h\000y\000\040\000a\000n\000d\000\040\000C\000o\000n\000d\000e\000n\000s\000e\000d\000\040\000M\000a\000t\000t\000e\000r\000:\000\040\000S\000t\000r\000a\000n\000g\000e\000\040\000M\000e\000t\000a\000l\000s\000\040\000a\000n\000d\000\040\000M\000o\000r\000e}{section.16}% 177
\BOOKMARK [2][-]{subsection.16.4}{\376\377\000H\000o\000l\000o\000g\000r\000a\000p\000h\000i\000c\000\040\000C\000o\000s\000m\000o\000l\000o\000g\000y\000:\000\040\000U\000n\000i\000v\000e\000r\000s\000e\000\040\000f\000r\000o\000m\000\040\000E\000n\000t\000a\000n\000g\000l\000e\000m\000e\000n\000t}{section.16}% 178
\BOOKMARK [2][-]{subsection.16.5}{\376\377\000H\000o\000l\000o\000g\000r\000a\000p\000h\000y\000\040\000a\000n\000d\000\040\000P\000a\000r\000t\000i\000c\000l\000e\000\040\000P\000h\000y\000s\000i\000c\000s\000:\000\040\000E\000m\000e\000r\000g\000e\000n\000t\000\040\000S\000t\000a\000n\000d\000a\000r\000d\000\040\000M\000o\000d\000e\000l}{section.16}% 179
\BOOKMARK [2][-]{subsection.16.6}{\376\377\000H\000o\000l\000o\000g\000r\000a\000p\000h\000y\000\040\000a\000n\000d\000\040\000Q\000u\000a\000n\000t\000u\000m\000\040\000C\000o\000m\000p\000u\000t\000i\000n\000g\000:\000\040\000C\000o\000m\000p\000u\000t\000a\000t\000i\000o\000n\000a\000l\000\040\000U\000n\000i\000v\000e\000r\000s\000a\000l\000i\000t\000y}{section.16}% 180
\BOOKMARK [2][-]{subsection.16.7}{\376\377\000H\000o\000l\000o\000g\000r\000a\000p\000h\000y\000\040\000a\000n\000d\000\040\000I\000n\000f\000o\000r\000m\000a\000t\000i\000o\000n\000:\000\040\000T\000h\000e\000\040\000U\000l\000t\000i\000m\000a\000t\000e\000\040\000L\000i\000m\000i\000t\000s}{section.16}% 181
\BOOKMARK [1][-]{section.17}{\376\377\000E\000m\000e\000r\000g\000e\000n\000t\000\040\000S\000t\000r\000u\000c\000t\000u\000r\000e\000s\000:\000\040\000F\000r\000o\000m\000\040\000E\000n\000t\000a\000n\000g\000l\000e\000m\000e\000n\000t\000\040\000t\000o\000\040\000R\000e\000a\000l\000i\000t\000y}{}% 182
\BOOKMARK [2][-]{subsection.17.1}{\376\377\000E\000m\000e\000r\000g\000e\000n\000t\000\040\000L\000o\000c\000a\000l\000i\000t\000y\000\040\000f\000r\000o\000m\000\040\000E\000n\000t\000a\000n\000g\000l\000e\000m\000e\000n\000t}{section.17}% 183
\BOOKMARK [2][-]{subsection.17.2}{\376\377\000E\000m\000e\000r\000g\000e\000n\000t\000\040\000M\000a\000t\000t\000e\000r\000\040\000f\000r\000o\000m\000\040\000E\000n\000t\000a\000n\000g\000l\000e\000m\000e\000n\000t}{section.17}% 184
\BOOKMARK [2][-]{subsection.17.3}{\376\377\000E\000m\000e\000r\000g\000e\000n\000t\000\040\000F\000o\000r\000c\000e\000s\000\040\000f\000r\000o\000m\000\040\000E\000n\000t\000a\000n\000g\000l\000e\000m\000e\000n\000t}{section.17}% 185
\BOOKMARK [2][-]{subsection.17.4}{\376\377\000E\000m\000e\000r\000g\000e\000n\000t\000\040\000T\000i\000m\000e\000\040\000f\000r\000o\000m\000\040\000E\000n\000t\000a\000n\000g\000l\000e\000m\000e\000n\000t}{section.17}% 186
\BOOKMARK [2][-]{subsection.17.5}{\376\377\000E\000m\000e\000r\000g\000e\000n\000t\000\040\000C\000o\000n\000s\000c\000i\000o\000u\000s\000n\000e\000s\000s\000\040\000f\000r\000o\000m\000\040\000H\000o\000l\000o\000g\000r\000a\000p\000h\000y\000?}{section.17}% 187
\BOOKMARK [1][-]{section.18}{\376\377\000U\000l\000t\000i\000m\000a\000t\000e\000\040\000U\000n\000i\000f\000i\000c\000a\000t\000i\000o\000n\000s\000:\000\040\000T\000o\000w\000a\000r\000d\000s\000\040\000a\000\040\000F\000i\000n\000a\000l\000\040\000T\000h\000e\000o\000r\000y}{}% 188
\BOOKMARK [2][-]{subsection.18.1}{\376\377\000T\000h\000e\000\040\000E\000n\000t\000a\000n\000g\000l\000e\000m\000e\000n\000t\000\040\000A\000x\000i\000o\000m}{section.18}% 189
\BOOKMARK [2][-]{subsection.18.2}{\376\377\000T\000h\000e\000\040\000M\000a\000s\000t\000e\000r\000\040\000E\000q\000u\000a\000t\000i\000o\000n\000\040\000o\000f\000\040\000R\000e\000a\000l\000i\000t\000y}{section.18}% 190
\BOOKMARK [2][-]{subsection.18.3}{\376\377\000T\000h\000e\000\040\000U\000l\000t\000i\000m\000a\000t\000e\000\040\000Q\000u\000e\000s\000t\000i\000o\000n\000s}{section.18}% 191
\BOOKMARK [2][-]{subsection.18.4}{\376\377\000S\000u\000m\000m\000a\000r\000y\000\040\000o\000f\000\040\000N\000e\000w\000\040\000D\000i\000s\000c\000o\000v\000e\000r\000i\000e\000s}{section.18}% 192
\BOOKMARK [1][-]{section.19}{\376\377\000E\000x\000o\000t\000i\000c\000\040\000H\000o\000l\000o\000g\000r\000a\000p\000h\000i\000e\000s\000:\000\040\000U\000n\000e\000x\000p\000l\000o\000r\000e\000d\000\040\000T\000e\000r\000r\000i\000t\000o\000r\000i\000e\000s}{}% 193
\BOOKMARK [2][-]{subsection.19.1}{\376\377\000H\000o\000l\000o\000g\000r\000a\000p\000h\000y\000\040\000i\000n\000\040\000F\000r\000a\000c\000t\000a\000l\000\040\000D\000i\000m\000e\000n\000s\000i\000o\000n\000s}{section.19}% 194
\BOOKMARK [2][-]{subsection.19.2}{\376\377\000N\000o\000n\000-\000C\000o\000m\000m\000u\000t\000a\000t\000i\000v\000e\000\040\000H\000o\000l\000o\000g\000r\000a\000p\000h\000y}{section.19}% 195
\BOOKMARK [2][-]{subsection.19.3}{\376\377\000H\000o\000l\000o\000g\000r\000a\000p\000h\000y\000\040\000w\000i\000t\000h\000\040\000T\000o\000r\000s\000i\000o\000n}{section.19}% 196
\BOOKMARK [2][-]{subsection.19.4}{\376\377\000H\000i\000g\000h\000e\000r\000\040\000S\000p\000i\000n\000\040\000H\000o\000l\000o\000g\000r\000a\000p\000h\000y}{section.19}% 197
\BOOKMARK [2][-]{subsection.19.5}{\376\377\000p\000-\000A\000d\000i\000c\000\040\000H\000o\000l\000o\000g\000r\000a\000p\000h\000y}{section.19}% 198
\BOOKMARK [2][-]{subsection.19.6}{\376\377\000H\000o\000l\000o\000g\000r\000a\000p\000h\000y\000\040\000i\000n\000\040\000F\000i\000n\000i\000t\000e\000\040\000G\000r\000o\000u\000p\000s}{section.19}% 199
\BOOKMARK [1][-]{section.20}{\376\377\000Q\000u\000a\000n\000t\000u\000m\000\040\000G\000r\000a\000v\000i\000t\000y\000\040\000P\000h\000e\000n\000o\000m\000e\000n\000o\000l\000o\000g\000y\000\040\000f\000r\000o\000m\000\040\000H\000o\000l\000o\000g\000r\000a\000p\000h\000y}{}% 200
\BOOKMARK [2][-]{subsection.20.1}{\376\377\000H\000o\000l\000o\000g\000r\000a\000p\000h\000i\000c\000\040\000B\000o\000u\000n\000d\000s\000\040\000o\000n\000\040\000P\000h\000y\000s\000i\000c\000a\000l\000\040\000S\000y\000s\000t\000e\000m\000s}{section.20}% 201
\BOOKMARK [2][-]{subsection.20.2}{\376\377\000H\000o\000l\000o\000g\000r\000a\000p\000h\000i\000c\000\040\000P\000r\000e\000d\000i\000c\000t\000i\000o\000n\000s\000\040\000f\000o\000r\000\040\000E\000x\000p\000e\000r\000i\000m\000e\000n\000t\000s}{section.20}% 202
\BOOKMARK [2][-]{subsection.20.3}{\376\377\000A\000n\000a\000l\000o\000g\000\040\000H\000o\000l\000o\000g\000r\000a\000p\000h\000y}{section.20}% 203
\BOOKMARK [2][-]{subsection.20.4}{\376\377\000I\000n\000f\000o\000r\000m\000a\000t\000i\000o\000n\000\040\000P\000a\000r\000a\000d\000o\000x\000\040\000P\000h\000e\000n\000o\000m\000e\000n\000o\000l\000o\000g\000y}{section.20}% 204
\BOOKMARK [1][-]{section.21}{\376\377\000M\000a\000t\000h\000e\000m\000a\000t\000i\000c\000a\000l\000\040\000S\000t\000r\000u\000c\000t\000u\000r\000e\000s\000:\000\040\000D\000e\000e\000p\000\040\000F\000o\000u\000n\000d\000a\000t\000i\000o\000n\000s}{}% 205
\BOOKMARK [2][-]{subsection.21.1}{\376\377\000H\000o\000l\000o\000g\000r\000a\000p\000h\000y\000\040\000a\000n\000d\000\040\000T\000o\000p\000o\000s\000\040\000T\000h\000e\000o\000r\000y}{section.21}% 206
\BOOKMARK [2][-]{subsection.21.2}{\376\377\000H\000o\000l\000o\000g\000r\000a\000p\000h\000y\000\040\000a\000n\000d\000\040\000H\000i\000g\000h\000e\000r\000\040\000C\000a\000t\000e\000g\000o\000r\000i\000e\000s}{section.21}% 207
\BOOKMARK [2][-]{subsection.21.3}{\376\377\000H\000o\000l\000o\000g\000r\000a\000p\000h\000y\000\040\000a\000n\000d\000\040\000D\000e\000r\000i\000v\000e\000d\000\040\000G\000e\000o\000m\000e\000t\000r\000y}{section.21}% 208
\BOOKMARK [2][-]{subsection.21.4}{\376\377\000H\000o\000l\000o\000g\000r\000a\000p\000h\000y\000\040\000a\000n\000d\000\040\000M\000o\000t\000i\000v\000e\000s}{section.21}% 209
\BOOKMARK [2][-]{subsection.21.5}{\376\377\000H\000o\000l\000o\000g\000r\000a\000p\000h\000y\000\040\000a\000n\000d\000\040\000O\000p\000e\000r\000a\000d\000s}{section.21}% 210
\BOOKMARK [1][-]{section.22}{\376\377\000N\000u\000m\000e\000r\000i\000c\000a\000l\000\040\000V\000e\000r\000i\000f\000i\000c\000a\000t\000i\000o\000n\000\040\000o\000f\000\040\000K\000e\000y\000\040\000R\000e\000s\000u\000l\000t\000s}{}% 211
\BOOKMARK [2][-]{subsection.22.1}{\376\377\000V\000e\000r\000i\000f\000i\000c\000a\000t\000i\000o\000n\000\040\000o\000f\000\040\000t\000h\000e\000\040\000M\000o\000d\000u\000l\000a\000r\000\040\000I\000n\000t\000e\000r\000s\000e\000c\000t\000i\000o\000n\000\040\000F\000o\000r\000m\000u\000l\000a}{section.22}% 212
\BOOKMARK [2][-]{subsection.22.2}{\376\377\000V\000e\000r\000i\000f\000i\000c\000a\000t\000i\000o\000n\000\040\000o\000f\000\040\000t\000h\000e\000\040\000B\000o\000o\000t\000s\000t\000r\000a\000p\000\040\000L\000o\000c\000a\000l\000i\000t\000y\000\040\000B\000o\000u\000n\000d}{section.22}% 213
\BOOKMARK [2][-]{subsection.22.3}{\376\377\000V\000e\000r\000i\000f\000i\000c\000a\000t\000i\000o\000n\000\040\000o\000f\000\040\000K\000r\000y\000l\000o\000v\000\040\000=\000\040\000B\000u\000l\000k\000\040\000R\000a\000d\000i\000a\000l\000\040\000M\000e\000t\000r\000i\000c}{section.22}% 214
\BOOKMARK [2][-]{subsection.22.4}{\376\377\000V\000e\000r\000i\000f\000i\000c\000a\000t\000i\000o\000n\000\040\000o\000f\000\040\000E\000r\000r\000o\000r\000\040\000B\000o\000u\000n\000d\000s\000\040\000o\000n\000\040\000S\000p\000e\000c\000t\000r\000a\000l\000\040\000R\000e\000c\000o\000n\000s\000t\000r\000u\000c\000t\000i\000o\000n}{section.22}% 215
\BOOKMARK [1][-]{section.23}{\376\377\000W\000o\000r\000k\000e\000d\000\040\000E\000x\000a\000m\000p\000l\000e\000s\000:\000\040\000E\000x\000p\000l\000i\000c\000i\000t\000\040\000C\000a\000l\000c\000u\000l\000a\000t\000i\000o\000n\000s}{}% 216
\BOOKMARK [2][-]{subsection.23.1}{\376\377\000E\000x\000a\000m\000p\000l\000e\000\040\0001\000:\000\040\000V\000a\000c\000u\000u\000m\000\040\000A\000d\000S\0003}{section.23}% 217
\BOOKMARK [3][-]{subsubsection.23.1.1}{\376\377\000S\000p\000e\000c\000t\000r\000a\000l\000\040\000R\000e\000c\000o\000n\000s\000t\000r\000u\000c\000t\000i\000o\000n\000\040\000\050\000T\000h\000e\000o\000r\000e\000m\000\040\0009\000.\0004\000\051}{subsection.23.1}% 218
\BOOKMARK [3][-]{subsubsection.23.1.2}{\376\377\000M\000o\000d\000u\000l\000a\000r\000\040\000I\000n\000t\000e\000r\000s\000e\000c\000t\000i\000o\000n\000\040\000\050\000T\000h\000e\000o\000r\000e\000m\000\040\0009\000.\0006\000\051}{subsection.23.1}% 219
\BOOKMARK [3][-]{subsubsection.23.1.3}{\376\377\000V\000i\000r\000a\000s\000o\000r\000o\000-\000G\000e\000o\000d\000e\000s\000i\000c\000\040\000I\000d\000e\000n\000t\000i\000t\000y\000\040\000\050\000T\000h\000e\000o\000r\000e\000m\000\040\0009\000.\0004\0001\000\051}{subsection.23.1}% 220
\BOOKMARK [2][-]{subsection.23.2}{\376\377\000E\000x\000a\000m\000p\000l\000e\000\040\0002\000:\000\040\000B\000T\000Z\000\040\000B\000l\000a\000c\000k\000\040\000H\000o\000l\000e}{section.23}% 221
\BOOKMARK [3][-]{subsubsection.23.2.1}{\376\377\000P\000a\000g\000e\000\040\000C\000u\000r\000v\000e\000\040\000\050\000T\000h\000e\000o\000r\000e\000m\000\040\0009\000.\0002\0005\000\051}{subsection.23.2}% 222
\BOOKMARK [3][-]{subsubsection.23.2.2}{\376\377\000M\000o\000d\000u\000l\000a\000r\000\040\000S\000c\000r\000a\000m\000b\000l\000i\000n\000g\000\040\000T\000i\000m\000e\000\040\000\050\000T\000h\000e\000o\000r\000e\000m\000\040\0009\000.\0002\0008\000\051}{subsection.23.2}% 223
\BOOKMARK [3][-]{subsubsection.23.2.3}{\376\377\000K\000r\000y\000l\000o\000v\000\040\000C\000o\000m\000p\000l\000e\000x\000i\000t\000y\000\040\000\050\000T\000h\000e\000o\000r\000e\000m\000s\000\040\0009\000.\0003\0001\000,\000\040\0009\000.\0003\0008\000\051}{subsection.23.2}% 224
\BOOKMARK [2][-]{subsection.23.3}{\376\377\000S\000u\000m\000m\000a\000r\000y\000\040\000o\000f\000\040\000W\000o\000r\000k\000e\000d\000\040\000E\000x\000a\000m\000p\000l\000e\000s}{section.23}% 225
\BOOKMARK [2][-]{subsection.23.4}{\376\377\000C\000o\000m\000p\000l\000e\000t\000e\000\040\000W\000o\000r\000k\000e\000d\000\040\000E\000x\000a\000m\000p\000l\000e\000:\000\040\000A\000d\000S\0005\000/\000C\000F\000T\0004\000\040\000V\000e\000r\000i\000f\000i\000c\000a\000t\000i\000o\000n}{section.23}% 226
\BOOKMARK [3][-]{subsubsection.23.4.1}{\376\377\000S\000e\000t\000u\000p\000:\000\040\000N\000=\0004\000\040\000S\000Y\000M\000\040\000o\000n\000\040\000S\0003\000\040\000R}{subsection.23.4}% 227
\BOOKMARK [3][-]{subsubsection.23.4.2}{\376\377\000E\000n\000t\000a\000n\000g\000l\000e\000m\000e\000n\000t\000\040\000E\000n\000t\000r\000o\000p\000y\000\040\000o\000f\000\040\000a\000\040\000S\000p\000h\000e\000r\000i\000c\000a\000l\000\040\000R\000e\000g\000i\000o\000n}{subsection.23.4}% 228
\BOOKMARK [3][-]{subsubsection.23.4.3}{\376\377\000V\000e\000r\000i\000f\000i\000c\000a\000t\000i\000o\000n\000\040\000o\000f\000\040\000S\000p\000e\000c\000t\000r\000a\000l\000\040\000R\000e\000c\000o\000n\000s\000t\000r\000u\000c\000t\000i\000o\000n}{subsection.23.4}% 229
\BOOKMARK [3][-]{subsubsection.23.4.4}{\376\377\000L\000o\000c\000a\000l\000i\000z\000a\000t\000i\000o\000n\000\040\000V\000e\000r\000i\000f\000i\000c\000a\000t\000i\000o\000n\000\040\000o\000f\000\040\000C\000o\000m\000p\000l\000e\000x\000i\000t\000y}{subsection.23.4}% 230
\BOOKMARK [3][-]{subsubsection.23.4.5}{\376\377\000S\000u\000m\000m\000a\000r\000y\000\040\000o\000f\000\040\000A\000d\000S\0005\000\040\000V\000e\000r\000i\000f\000i\000c\000a\000t\000i\000o\000n\000s}{subsection.23.4}% 231
\BOOKMARK [1][-]{section.24}{\376\377\000A\000n\000a\000l\000y\000s\000i\000s\000\040\000o\000f\000\040\000E\000x\000p\000e\000r\000i\000m\000e\000n\000t\000a\000l\000\040\000T\000e\000s\000t\000s\000\040\000a\000n\000d\000\040\000L\000a\000b\000o\000r\000a\000t\000o\000r\000y\000\040\000R\000e\000a\000l\000i\000z\000a\000t\000i\000o\000n\000s}{}% 232
\BOOKMARK [2][-]{subsection.24.1}{\376\377\000T\000e\000n\000s\000o\000r\000\040\000N\000e\000t\000w\000o\000r\000k\000\040\000Q\000u\000a\000n\000t\000u\000m\000\040\000S\000i\000m\000u\000l\000a\000t\000o\000r\000s}{section.24}% 233
\BOOKMARK [2][-]{subsection.24.2}{\376\377\000C\000o\000l\000d\000\040\000A\000t\000o\000m\000\040\000A\000n\000a\000l\000o\000g\000s}{section.24}% 234
\BOOKMARK [2][-]{subsection.24.3}{\376\377\000Q\000u\000a\000n\000t\000u\000m\000\040\000C\000o\000m\000p\000u\000t\000e\000r\000\040\000V\000e\000r\000i\000f\000i\000c\000a\000t\000i\000o\000n}{section.24}% 235
\BOOKMARK [2][-]{subsection.24.4}{\376\377\000G\000r\000a\000v\000i\000t\000a\000t\000i\000o\000n\000a\000l\000\040\000W\000a\000v\000e\000\040\000A\000n\000a\000l\000o\000g\000s}{section.24}% 236
\BOOKMARK [2][-]{subsection.24.5}{\376\377\000S\000u\000m\000m\000a\000r\000y\000:\000\040\000E\000x\000p\000e\000r\000i\000m\000e\000n\000t\000a\000l\000\040\000R\000o\000a\000d\000m\000a\000p}{section.24}% 237
\BOOKMARK [1][-]{section.25}{\376\377\000T\000h\000e\000o\000r\000e\000m\000\040\000D\000e\000p\000e\000n\000d\000e\000n\000c\000y\000\040\000S\000t\000r\000u\000c\000t\000u\000r\000e}{}% 238
\BOOKMARK [2][-]{subsection.25.1}{\376\377\000D\000e\000p\000e\000n\000d\000e\000n\000c\000y\000\040\000D\000i\000a\000g\000r\000a\000m}{section.25}% 239
\BOOKMARK [2][-]{subsection.25.2}{\376\377\000T\000h\000e\000\040\000C\000o\000r\000e\000\040\000C\000h\000a\000i\000n}{section.25}% 240
\BOOKMARK [2][-]{subsection.25.3}{\376\377\000I\000n\000d\000e\000p\000e\000n\000d\000e\000n\000c\000e\000\040\000S\000t\000r\000u\000c\000t\000u\000r\000e}{section.25}% 241
\BOOKMARK [1][-]{section.26}{\376\377\000F\000i\000n\000i\000t\000e\000-\000N\000\040\000E\000x\000t\000e\000n\000s\000i\000o\000n\000s}{}% 242
\BOOKMARK [2][-]{subsection.26.1}{\376\377\000T\000h\000e\000o\000r\000e\000m\000:\000\040\000P\000a\000g\000e\000\040\000C\000u\000r\000v\000e\000\040\000w\000i\000t\000h\000\040\0001\000/\000N\000\040\000C\000o\000r\000r\000e\000c\000t\000i\000o\000n\000s}{section.26}% 243
\BOOKMARK [2][-]{subsection.26.2}{\376\377\000F\000i\000n\000i\000t\000e\000-\000N\000\040\000C\000o\000r\000r\000e\000c\000t\000i\000o\000n\000s\000\040\000t\000o\000\040\000S\000p\000e\000c\000t\000r\000a\000l\000\040\000R\000e\000c\000o\000n\000s\000t\000r\000u\000c\000t\000i\000o\000n}{section.26}% 244
\BOOKMARK [2][-]{subsection.26.3}{\376\377\000E\000x\000p\000e\000r\000i\000m\000e\000n\000t\000a\000l\000\040\000S\000i\000g\000n\000a\000t\000u\000r\000e\000s\000\040\000o\000f\000\040\000F\000i\000n\000i\000t\000e\000-\000N}{section.26}% 245
\BOOKMARK [1][-]{section.27}{\376\377\000E\000x\000p\000e\000r\000i\000m\000e\000n\000t\000a\000l\000\040\000a\000n\000d\000\040\000O\000b\000s\000e\000r\000v\000a\000t\000i\000o\000n\000a\000l\000\040\000T\000e\000s\000t\000s}{}% 246
\BOOKMARK [2][-]{subsection.27.1}{\376\377\000A\000n\000a\000l\000o\000g\000\040\000G\000r\000a\000v\000i\000t\000y\000\040\000S\000y\000s\000t\000e\000m\000s}{section.27}% 247
\BOOKMARK [2][-]{subsection.27.2}{\376\377\000Q\000u\000a\000n\000t\000u\000m\000\040\000C\000o\000m\000p\000u\000t\000e\000r\000\040\000I\000m\000p\000l\000e\000m\000e\000n\000t\000a\000t\000i\000o\000n\000s}{section.27}% 248
\BOOKMARK [2][-]{subsection.27.3}{\376\377\000C\000F\000T\000\040\000N\000u\000m\000e\000r\000i\000c\000a\000l\000\040\000B\000o\000o\000t\000s\000t\000r\000a\000p}{section.27}% 249
\BOOKMARK [2][-]{subsection.27.4}{\376\377\000G\000r\000a\000v\000i\000t\000a\000t\000i\000o\000n\000a\000l\000\040\000W\000a\000v\000e\000\040\000S\000i\000g\000n\000a\000t\000u\000r\000e\000s}{section.27}% 250
\BOOKMARK [1][-]{section.28}{\376\377\000F\000u\000t\000u\000r\000e\000\040\000V\000i\000s\000i\000o\000n\000s\000:\000\040\000W\000h\000e\000r\000e\000\040\000H\000o\000l\000o\000g\000r\000a\000p\000h\000y\000\040\000L\000e\000a\000d\000s}{}% 251
\BOOKMARK [2][-]{subsection.28.1}{\376\377\000T\000h\000e\000\040\000H\000o\000l\000o\000g\000r\000a\000p\000h\000i\000c\000\040\000U\000n\000i\000v\000e\000r\000s\000e\000\040\000H\000y\000p\000o\000t\000h\000e\000s\000i\000s}{section.28}% 252
\BOOKMARK [2][-]{subsection.28.2}{\376\377\000T\000h\000e\000\040\000E\000n\000d\000\040\000o\000f\000\040\000P\000h\000y\000s\000i\000c\000s\000?}{section.28}% 253
\BOOKMARK [2][-]{subsection.28.3}{\376\377\000C\000o\000n\000s\000c\000i\000o\000u\000s\000n\000e\000s\000s\000,\000\040\000R\000e\000a\000l\000i\000t\000y\000,\000\040\000a\000n\000d\000\040\000H\000o\000l\000o\000g\000r\000a\000p\000h\000y}{section.28}% 254
\BOOKMARK [2][-]{subsection.28.4}{\376\377\000T\000h\000e\000\040\000F\000i\000n\000a\000l\000\040\000E\000q\000u\000a\000t\000i\000o\000n}{section.28}% 255
\BOOKMARK [1][-]{section.29}{\376\377\000R\000i\000g\000o\000r\000o\000u\000s\000\040\000S\000t\000a\000t\000u\000s\000\040\000A\000s\000s\000e\000s\000s\000m\000e\000n\000t\000:\000\040\000W\000h\000a\000t\000\040\000i\000s\000\040\000A\000c\000t\000u\000a\000l\000l\000y\000\040\000P\000r\000o\000v\000e\000n}{}% 256
\BOOKMARK [2][-]{subsection.29.1}{\376\377\000T\000h\000e\000\040\000T\000h\000r\000e\000e\000\040\000L\000e\000v\000e\000l\000s\000\040\000o\000f\000\040\000R\000i\000g\000o\000r}{section.29}% 257
\BOOKMARK [2][-]{subsection.29.2}{\376\377\000W\000h\000a\000t\000\040\000W\000e\000\040\000H\000A\000V\000E\000\040\000P\000r\000o\000v\000e\000n\000\040\000U\000n\000c\000o\000n\000d\000i\000t\000i\000o\000n\000a\000l\000l\000y\000\040\000\050\000L\000e\000v\000e\000l\000\040\000A\000\051}{section.29}% 258
\BOOKMARK [2][-]{subsection.29.3}{\376\377\000W\000h\000a\000t\000\040\000R\000e\000q\000u\000i\000r\000e\000s\000\040\000S\000t\000a\000n\000d\000a\000r\000d\000\040\000A\000s\000s\000u\000m\000p\000t\000i\000o\000n\000s\000\040\000\050\000L\000e\000v\000e\000l\000\040\000B\000\051}{section.29}% 259
\BOOKMARK [2][-]{subsection.29.4}{\376\377\000W\000h\000a\000t\000\040\000R\000e\000m\000a\000i\000n\000s\000\040\000C\000o\000n\000j\000e\000c\000t\000u\000r\000a\000l\000\040\000\050\000L\000e\000v\000e\000l\000\040\000C\000-\000D\000\051}{section.29}% 260
\BOOKMARK [2][-]{subsection.29.5}{\376\377\000P\000r\000e\000c\000i\000s\000e\000\040\000C\000l\000a\000i\000m\000:\000\040\000A\000d\000S\000/\000C\000F\000T\000\040\000i\000s\000\040\000a\000\040\000L\000e\000v\000e\000l\000\040\000B\000\040\000T\000h\000e\000o\000r\000e\000m}{section.29}% 261
\BOOKMARK [2][-]{subsection.29.6}{\376\377\000C\000o\000m\000p\000a\000r\000i\000s\000o\000n\000\040\000t\000o\000\040\000O\000t\000h\000e\000r\000\040\000M\000a\000j\000o\000r\000\040\000P\000h\000y\000s\000i\000c\000s\000\040\000R\000e\000s\000u\000l\000t\000s}{section.29}% 262
\BOOKMARK [1][-]{section.30}{\376\377\000C\000o\000n\000c\000l\000u\000s\000i\000o\000n\000\040\000a\000n\000d\000\040\000O\000u\000t\000l\000o\000o\000k}{}% 263
\BOOKMARK [2][-]{subsection.30.1}{\376\377\000C\000e\000n\000t\000r\000a\000l\000\040\000A\000c\000h\000i\000e\000v\000e\000m\000e\000n\000t\000:\000\040\000A\000d\000S\000/\000C\000F\000T\000\040\000a\000t\000\040\000L\000e\000v\000e\000l\000\040\000B}{section.30}% 264
\BOOKMARK [2][-]{subsection.30.2}{\376\377\000C\000o\000m\000p\000l\000e\000t\000e\000\040\000L\000i\000s\000t\000\040\000o\000f\000\040\000R\000i\000g\000o\000r\000o\000u\000s\000\040\000R\000e\000s\000u\000l\000t\000s}{section.30}% 265
\BOOKMARK [2][-]{subsection.30.3}{\376\377\000R\000e\000m\000a\000i\000n\000i\000n\000g\000\040\000O\000p\000e\000n\000\040\000P\000r\000o\000b\000l\000e\000m\000s}{section.30}% 266
\BOOKMARK [2][-]{subsection.30.4}{\376\377\000A\000s\000s\000e\000s\000s\000m\000e\000n\000t\000:\000\040\000W\000h\000a\000t\000\040\000W\000e\000\040\000H\000a\000v\000e\000\040\000A\000c\000h\000i\000e\000v\000e\000d}{section.30}% 267
\BOOKMARK [2][-]{subsection.30.5}{\376\377\000T\000h\000e\000\040\000U\000l\000t\000i\000m\000a\000t\000e\000\040\000P\000r\000i\000z\000e}{section.30}% 268
\BOOKMARK [1][-]{appendix.A}{\376\377\000S\000h\000o\000r\000t\000-\000F\000o\000r\000m\000\040\000A\000b\000s\000t\000r\000a\000c\000t\000\040\000f\000o\000r\000\040\000J\000o\000u\000r\000n\000a\000l\000\040\000S\000u\000b\000m\000i\000s\000s\000i\000o\000n}{}% 269
\BOOKMARK [1][-]{appendix.B}{\376\377\000S\000y\000s\000t\000e\000m\000a\000t\000i\000c\000\040\000R\000i\000g\000o\000r\000\040\000A\000u\000d\000i\000t\000\040\000o\000f\000\040\000A\000l\000l\000\040\000T\000h\000e\000o\000r\000e\000m\000s}{}% 270
\BOOKMARK [2][-]{subsection.B.1}{\376\377\000R\000i\000g\000o\000r\000\040\000C\000l\000a\000s\000s\000i\000f\000i\000c\000a\000t\000i\000o\000n\000\040\000T\000a\000b\000l\000e}{appendix.B}% 271
\BOOKMARK [2][-]{subsection.B.2}{\376\377\000D\000e\000t\000a\000i\000l\000e\000d\000\040\000G\000a\000p\000\040\000A\000n\000a\000l\000y\000s\000i\000s}{appendix.B}% 272
\BOOKMARK [3][-]{subsubsection.B.2.1}{\376\377\000L\000e\000v\000e\000l\000\040\000A\000\040\000T\000h\000e\000o\000r\000e\000m\000s\000:\000\040\000F\000u\000l\000l\000y\000\040\000R\000i\000g\000o\000r\000o\000u\000s}{subsection.B.2}% 273
\BOOKMARK [3][-]{subsubsection.B.2.2}{\376\377\000L\000e\000v\000e\000l\000\040\000B\000\040\000T\000h\000e\000o\000r\000e\000m\000s\000:\000\040\000C\000o\000n\000d\000i\000t\000i\000o\000n\000a\000l\000\040\000P\000r\000o\000o\000f\000s}{subsection.B.2}% 274
\BOOKMARK [3][-]{subsubsection.B.2.3}{\376\377\000L\000e\000v\000e\000l\000\040\000C\000\040\000T\000h\000e\000o\000r\000e\000m\000s\000:\000\040\000P\000a\000r\000t\000i\000a\000l\000\040\000P\000r\000o\000o\000f\000s}{subsection.B.2}% 275
\BOOKMARK [3][-]{subsubsection.B.2.4}{\376\377\000P\000r\000e\000v\000i\000o\000u\000s\000l\000y\000\040\000L\000e\000v\000e\000l\000\040\000D\000,\000\040\000N\000o\000w\000\040\000U\000p\000g\000r\000a\000d\000e\000d}{subsection.B.2}% 276
\BOOKMARK [3][-]{subsubsection.B.2.5}{\376\377\000R\000e\000m\000a\000i\000n\000i\000n\000g\000\040\000O\000p\000e\000n\000\040\000P\000r\000o\000b\000l\000e\000m\000s}{subsection.B.2}% 277
\BOOKMARK [2][-]{subsection.B.3}{\376\377\000F\000u\000n\000c\000t\000i\000o\000n\000\040\000S\000p\000a\000c\000e\000\040\000S\000p\000e\000c\000i\000f\000i\000c\000a\000t\000i\000o\000n\000s}{appendix.B}% 278
\BOOKMARK [2][-]{subsection.B.4}{\376\377\000A\000s\000s\000u\000m\000p\000t\000i\000o\000n\000\040\000D\000e\000p\000e\000n\000d\000e\000n\000c\000y\000\040\000G\000r\000a\000p\000h}{appendix.B}% 279
\BOOKMARK [2][-]{subsection.B.5}{\376\377\000R\000e\000c\000o\000m\000m\000e\000n\000d\000a\000t\000i\000o\000n\000s\000\040\000f\000o\000r\000\040\000F\000u\000l\000l\000\040\000R\000i\000g\000o\000r}{appendix.B}% 280
\BOOKMARK [1][-]{appendix.A}{\376\377\000C\000o\000m\000p\000l\000e\000t\000e\000\040\000R\000i\000g\000o\000r\000o\000u\000s\000\040\000P\000r\000o\000o\000f\000\040\000o\000f\000\040\000t\000h\000e\000\040\000A\000d\000S\000/\000C\000F\000T\000\040\000C\000o\000r\000r\000e\000s\000p\000o\000n\000d\000e\000n\000c\000e}{}% 281
\BOOKMARK [2][-]{subsection.A.1}{\376\377\000F\000o\000u\000n\000d\000a\000t\000i\000o\000n\000a\000l\000\040\000F\000r\000a\000m\000e\000w\000o\000r\000k\000:\000\040\000A\000x\000i\000o\000m\000a\000t\000i\000z\000a\000t\000i\000o\000n}{appendix.A}% 282
\BOOKMARK [2][-]{subsection.A.2}{\376\377\000S\000t\000e\000p\000\040\0001\000:\000\040\000E\000x\000i\000s\000t\000e\000n\000c\000e\000\040\000o\000f\000\040\000B\000u\000l\000k\000\040\000M\000e\000t\000r\000i\000c\000\040\000f\000r\000o\000m\000\040\000E\000n\000t\000a\000n\000g\000l\000e\000m\000e\000n\000t\000\040\000D\000a\000t\000a}{appendix.A}% 283
\BOOKMARK [2][-]{subsection.A.3}{\376\377\000S\000t\000e\000p\000\040\0002\000:\000\040\000E\000i\000n\000s\000t\000e\000i\000n\000\040\000E\000q\000u\000a\000t\000i\000o\000n\000s\000\040\000f\000r\000o\000m\000\040\000E\000n\000t\000a\000n\000g\000l\000e\000m\000e\000n\000t\000\040\000C\000o\000n\000s\000t\000r\000a\000i\000n\000t\000s}{appendix.A}% 284
\BOOKMARK [2][-]{subsection.A.4}{\376\377\000S\000t\000e\000p\000\040\0003\000:\000\040\000H\000i\000l\000b\000e\000r\000t\000\040\000S\000p\000a\000c\000e\000\040\000I\000s\000o\000m\000o\000r\000p\000h\000i\000s\000m}{appendix.A}% 285
\BOOKMARK [2][-]{subsection.A.5}{\376\377\000S\000t\000e\000p\000\040\0004\000:\000\040\000A\000l\000g\000e\000b\000r\000a\000\040\000I\000s\000o\000m\000o\000r\000p\000h\000i\000s\000m\000\040\000a\000n\000d\000\040\000M\000o\000d\000u\000l\000a\000r\000\040\000S\000t\000r\000u\000c\000t\000u\000r\000e}{appendix.A}% 286
\BOOKMARK [2][-]{subsection.A.6}{\376\377\000S\000t\000e\000p\000\040\0005\000:\000\040\000P\000a\000r\000t\000i\000t\000i\000o\000n\000\040\000F\000u\000n\000c\000t\000i\000o\000n\000\040\000E\000q\000u\000i\000v\000a\000l\000e\000n\000c\000e}{appendix.A}% 287
\BOOKMARK [2][-]{subsection.A.7}{\376\377\000F\000i\000n\000a\000l\000\040\000A\000s\000s\000e\000m\000b\000l\000y\000:\000\040\000T\000h\000e\000\040\000C\000o\000m\000p\000l\000e\000t\000e\000\040\000C\000o\000r\000r\000e\000s\000p\000o\000n\000d\000e\000n\000c\000e}{appendix.A}% 288
\BOOKMARK [2][-]{subsection.A.8}{\376\377\000I\000m\000p\000l\000i\000c\000a\000t\000i\000o\000n\000s\000\040\000a\000n\000d\000\040\000C\000o\000r\000o\000l\000l\000a\000r\000i\000e\000s}{appendix.A}% 289
\BOOKMARK [2][-]{subsection.A.9}{\376\377\000O\000p\000e\000n\000\040\000P\000r\000o\000b\000l\000e\000m\000s\000\040\000f\000o\000r\000\040\000F\000u\000l\000l\000\040\000M\000a\000t\000h\000e\000m\000a\000t\000i\000c\000a\000l\000\040\000R\000i\000g\000o\000r}{appendix.A}% 290
\BOOKMARK [1][-]{appendix.A}{\376\377\000C\000o\000m\000p\000r\000e\000h\000e\000n\000s\000i\000v\000e\000\040\000C\000a\000t\000a\000l\000o\000g\000\040\000o\000f\000\040\000M\000a\000t\000h\000e\000m\000a\000t\000i\000c\000a\000l\000\040\000G\000a\000p\000s}{}% 291
\BOOKMARK [2][-]{subsection.A.1}{\376\377\000C\000a\000t\000e\000g\000o\000r\000y\000\040\000A\000:\000\040\000F\000u\000n\000d\000a\000m\000e\000n\000t\000a\000l\000\040\000D\000e\000f\000i\000n\000i\000t\000i\000o\000n\000a\000l\000\040\000G\000a\000p\000s}{appendix.A}% 292
\BOOKMARK [2][-]{subsection.A.2}{\376\377\000C\000a\000t\000e\000g\000o\000r\000y\000\040\000B\000:\000\040\000T\000e\000c\000h\000n\000i\000c\000a\000l\000\040\000G\000a\000p\000s\000\040\000i\000n\000\040\000P\000r\000o\000o\000f\000\040\000M\000e\000t\000h\000o\000d\000s}{appendix.A}% 293
\BOOKMARK [2][-]{subsection.A.3}{\376\377\000C\000a\000t\000e\000g\000o\000r\000y\000\040\000C\000:\000\040\000G\000a\000p\000s\000\040\000i\000n\000\040\000S\000p\000e\000c\000i\000f\000i\000c\000\040\000T\000h\000e\000o\000r\000e\000m\000s}{appendix.A}% 294
\BOOKMARK [2][-]{subsection.A.4}{\376\377\000W\000h\000a\000t\000\040\000I\000S\000\040\000R\000i\000g\000o\000r\000o\000u\000s\000l\000y\000\040\000E\000s\000t\000a\000b\000l\000i\000s\000h\000e\000d}{appendix.A}% 295
\BOOKMARK [2][-]{subsection.A.5}{\376\377\000A\000s\000s\000e\000s\000s\000m\000e\000n\000t\000:\000\040\000H\000o\000w\000\040\000F\000a\000r\000\040\000A\000r\000e\000\040\000W\000e\000?}{appendix.A}% 296
\BOOKMARK [1][-]{appendix.B}{\376\377\000N\000o\000v\000e\000l\000\040\000M\000a\000t\000h\000e\000m\000a\000t\000i\000c\000a\000l\000\040\000F\000r\000a\000m\000e\000w\000o\000r\000k\000s\000\040\000T\000o\000w\000a\000r\000d\000\040\000F\000u\000l\000l\000\040\000R\000i\000g\000o\000r}{}% 297
\BOOKMARK [2][-]{subsection.B.1}{\376\377\000F\000r\000a\000m\000e\000w\000o\000r\000k\000\040\000I\000:\000\040\000E\000n\000t\000a\000n\000g\000l\000e\000m\000e\000n\000t\000\040\000G\000e\000o\000m\000e\000t\000r\000y\000\040\000W\000i\000t\000h\000o\000u\000t\000\040\000P\000a\000t\000h\000\040\000I\000n\000t\000e\000g\000r\000a\000l\000s}{appendix.B}% 298
\BOOKMARK [3][-]{subsubsection.B.1.1}{\376\377\000T\000h\000e\000\040\000M\000o\000d\000u\000l\000a\000r\000\040\000G\000e\000o\000m\000e\000t\000r\000i\000c\000\040\000A\000x\000i\000o\000m\000s}{subsection.B.1}% 299
\BOOKMARK [3][-]{subsubsection.B.1.2}{\376\377\000T\000h\000e\000\040\000M\000o\000d\000u\000l\000a\000r\000\040\000B\000o\000o\000t\000s\000t\000r\000a\000p}{subsection.B.1}% 300
\BOOKMARK [2][-]{subsection.B.2}{\376\377\000F\000r\000a\000m\000e\000w\000o\000r\000k\000\040\000I\000I\000:\000\040\000T\000h\000e\000\040\000H\000o\000l\000o\000g\000r\000a\000p\000h\000i\000c\000\040\000R\000e\000c\000o\000n\000s\000t\000r\000u\000c\000t\000i\000o\000n\000\040\000C\000a\000t\000e\000g\000o\000r\000y}{appendix.B}% 301
\BOOKMARK [3][-]{subsubsection.B.2.1}{\376\377\000A\000l\000g\000e\000b\000r\000a\000i\000c\000\040\000S\000e\000t\000u\000p}{subsection.B.2}% 302
\BOOKMARK [3][-]{subsubsection.B.2.2}{\376\377\000H\000i\000g\000h\000e\000r\000\040\000C\000a\000t\000e\000g\000o\000r\000i\000c\000a\000l\000\040\000E\000n\000h\000a\000n\000c\000e\000m\000e\000n\000t}{subsection.B.2}% 303
\BOOKMARK [2][-]{subsection.B.3}{\376\377\000F\000r\000a\000m\000e\000w\000o\000r\000k\000\040\000I\000I\000I\000:\000\040\000S\000p\000e\000c\000t\000r\000a\000l\000\040\000D\000e\000t\000e\000r\000m\000i\000n\000a\000c\000y\000\040\000W\000i\000t\000h\000o\000u\000t\000\040\000R\000e\000p\000l\000i\000c\000a\000s}{appendix.B}% 304
\BOOKMARK [3][-]{subsubsection.B.3.1}{\376\377\000T\000h\000e\000\040\000E\000n\000t\000a\000n\000g\000l\000e\000m\000e\000n\000t\000\040\000S\000p\000e\000c\000t\000r\000a\000l\000\040\000P\000r\000o\000b\000l\000e\000m}{subsection.B.3}% 305
\BOOKMARK [2][-]{subsection.B.4}{\376\377\000F\000r\000a\000m\000e\000w\000o\000r\000k\000\040\000I\000V\000:\000\040\000N\000o\000n\000-\000P\000e\000r\000t\000u\000r\000b\000a\000t\000i\000v\000e\000\040\000C\000F\000T\000\040\000v\000i\000a\000\040\000O\000p\000e\000r\000a\000t\000o\000r\000\040\000A\000l\000g\000e\000b\000r\000a\000s}{appendix.B}% 306
\BOOKMARK [3][-]{subsubsection.B.4.1}{\376\377\000T\000h\000e\000\040\000H\000o\000l\000o\000g\000r\000a\000p\000h\000i\000c\000\040\000L\000i\000m\000i\000t\000\040\000o\000f\000\040\000F\000i\000n\000i\000t\000e\000\040\000S\000y\000s\000t\000e\000m\000s}{subsection.B.4}% 307
\BOOKMARK [3][-]{subsubsection.B.4.2}{\376\377\000C\000F\000T\000\040\000f\000r\000o\000m\000\040\000O\000p\000e\000r\000a\000t\000o\000r\000\040\000A\000l\000g\000e\000b\000r\000a\000i\000c\000\040\000C\000o\000m\000p\000l\000e\000t\000i\000o\000n}{subsection.B.4}% 308
\BOOKMARK [2][-]{subsection.B.5}{\376\377\000F\000r\000a\000m\000e\000w\000o\000r\000k\000\040\000V\000:\000\040\000T\000h\000e\000\040\000H\000o\000l\000o\000g\000r\000a\000p\000h\000i\000c\000\040\000A\000x\000i\000o\000m\000\040\000S\000c\000h\000e\000m\000e}{appendix.B}% 309
\BOOKMARK [2][-]{subsection.B.6}{\376\377\000S\000u\000m\000m\000a\000r\000y\000:\000\040\000S\000t\000a\000t\000u\000s\000\040\000A\000f\000t\000e\000r\000\040\000N\000e\000w\000\040\000F\000r\000a\000m\000e\000w\000o\000r\000k\000s}{appendix.B}% 310
\BOOKMARK [1][-]{appendix.C}{\376\377\000N\000o\000v\000e\000l\000\040\000M\000a\000t\000h\000e\000m\000a\000t\000i\000c\000a\000l\000\040\000S\000t\000r\000u\000c\000t\000u\000r\000e\000s\000\040\000f\000o\000r\000\040\000C\000o\000m\000p\000l\000e\000t\000e\000\040\000S\000u\000c\000c\000e\000s\000s}{}% 311
\BOOKMARK [2][-]{subsection.C.1}{\376\377\000F\000r\000a\000m\000e\000w\000o\000r\000k\000\040\000V\000I\000:\000\040\000E\000n\000t\000r\000o\000p\000i\000c\000\040\000R\000i\000e\000m\000a\000n\000n\000i\000a\000n\000\040\000G\000e\000o\000m\000e\000t\000r\000y}{appendix.C}% 312
\BOOKMARK [2][-]{subsection.C.2}{\376\377\000F\000r\000a\000m\000e\000w\000o\000r\000k\000\040\000V\000I\000I\000:\000\040\000M\000o\000d\000u\000l\000a\000r\000\040\000F\000l\000o\000w\000\040\000C\000o\000h\000o\000m\000o\000l\000o\000g\000y}{appendix.C}% 313
\BOOKMARK [2][-]{subsection.C.3}{\376\377\000F\000r\000a\000m\000e\000w\000o\000r\000k\000\040\000V\000I\000I\000I\000:\000\040\000Q\000u\000a\000n\000t\000u\000m\000\040\000E\000r\000g\000o\000d\000i\000c\000\040\000H\000i\000e\000r\000a\000r\000c\000h\000y}{appendix.C}% 314
\BOOKMARK [2][-]{subsection.C.4}{\376\377\000F\000r\000a\000m\000e\000w\000o\000r\000k\000\040\000I\000X\000:\000\040\000H\000o\000l\000o\000g\000r\000a\000p\000h\000i\000c\000\040\000F\000l\000o\000e\000r\000\040\000T\000h\000e\000o\000r\000y}{appendix.C}% 315
\BOOKMARK [2][-]{subsection.C.5}{\376\377\000F\000r\000a\000m\000e\000w\000o\000r\000k\000\040\000X\000:\000\040\000S\000p\000e\000c\000t\000r\000a\000l\000\040\000A\000l\000g\000e\000b\000r\000a\000i\000c\000\040\000G\000e\000o\000m\000e\000t\000r\000y\000\040\000o\000f\000\040\000M\000o\000d\000u\000l\000a\000r\000\040\000O\000p\000e\000r\000a\000t\000o\000r\000s}{appendix.C}% 316
\BOOKMARK [2][-]{subsection.C.6}{\376\377\000F\000r\000a\000m\000e\000w\000o\000r\000k\000\040\000X\000I\000:\000\040\000N\000o\000n\000-\000C\000o\000m\000m\000u\000t\000a\000t\000i\000v\000e\000\040\000B\000u\000l\000k\000\040\000G\000e\000o\000m\000e\000t\000r\000y}{appendix.C}% 317
\BOOKMARK [2][-]{subsection.C.7}{\376\377\000T\000h\000e\000\040\000S\000y\000n\000t\000h\000e\000s\000i\000s\000:\000\040\000U\000n\000i\000f\000i\000e\000d\000\040\000M\000a\000t\000h\000e\000m\000a\000t\000i\000c\000a\000l\000\040\000S\000t\000r\000u\000c\000t\000u\000r\000e}{appendix.C}% 318
\BOOKMARK [1][-]{appendix.D}{\376\377\000F\000u\000t\000u\000r\000e\000\040\000R\000e\000s\000e\000a\000r\000c\000h\000\040\000D\000i\000r\000e\000c\000t\000i\000o\000n\000:\000\040\000R\000e\000v\000o\000l\000u\000t\000i\000o\000n\000a\000r\000y\000\040\000M\000a\000t\000h\000e\000m\000a\000t\000i\000c\000a\000l\000\040\000F\000o\000u\000n\000d\000a\000t\000i\000o\000n\000s}{}% 319
\BOOKMARK [2][-]{subsection.D.1}{\376\377\000F\000r\000a\000m\000e\000w\000o\000r\000k\000\040\000X\000I\000I\000:\000\040\000Q\000u\000a\000n\000t\000u\000m\000\040\000E\000n\000t\000r\000o\000p\000y\000\040\000G\000e\000o\000m\000e\000t\000r\000y\000\040\000\050\000Q\000E\000G\000\051}{appendix.D}% 320
\BOOKMARK [2][-]{subsection.D.2}{\376\377\000F\000r\000a\000m\000e\000w\000o\000r\000k\000\040\000X\000I\000I\000I\000:\000\040\000H\000o\000l\000o\000m\000o\000r\000p\000h\000i\000c\000\040\000H\000o\000l\000o\000g\000r\000a\000p\000h\000y\000\040\000\050\000H\000H\000\051}{appendix.D}% 321
\BOOKMARK [2][-]{subsection.D.3}{\376\377\000F\000r\000a\000m\000e\000w\000o\000r\000k\000\040\000X\000I\000V\000:\000\040\000O\000p\000e\000r\000a\000d\000i\000c\000\040\000H\000o\000l\000o\000g\000r\000a\000p\000h\000y}{appendix.D}% 322
\BOOKMARK [2][-]{subsection.D.4}{\376\377\000F\000r\000a\000m\000e\000w\000o\000r\000k\000\040\000X\000V\000:\000\040\000D\000e\000r\000i\000v\000e\000d\000\040\000H\000o\000l\000o\000g\000r\000a\000p\000h\000y}{appendix.D}% 323
\BOOKMARK [2][-]{subsection.D.5}{\376\377\000F\000r\000a\000m\000e\000w\000o\000r\000k\000\040\000X\000V\000I\000:\000\040\000Q\000u\000a\000n\000t\000u\000m\000\040\000G\000e\000o\000m\000e\000t\000r\000i\000c\000\040\000L\000a\000n\000g\000l\000a\000n\000d\000s\000\040\000H\000o\000l\000o\000g\000r\000a\000p\000h\000y}{appendix.D}% 324
\BOOKMARK [2][-]{subsection.D.6}{\376\377\000F\000r\000a\000m\000e\000w\000o\000r\000k\000\040\000X\000V\000I\000I\000:\000\040\000M\000o\000t\000i\000v\000i\000c\000\040\000H\000o\000l\000o\000g\000r\000a\000p\000h\000y}{appendix.D}% 325
\BOOKMARK [2][-]{subsection.D.7}{\376\377\000F\000r\000a\000m\000e\000w\000o\000r\000k\000\040\000X\000V\000I\000I\000I\000:\000\040\000S\000y\000n\000t\000h\000e\000t\000i\000c\000\040\000H\000o\000l\000o\000g\000r\000a\000p\000h\000y}{appendix.D}% 326
\BOOKMARK [2][-]{subsection.D.8}{\376\377\000T\000h\000e\000\040\000C\000o\000m\000p\000l\000e\000t\000e\000\040\000M\000a\000t\000h\000e\000m\000a\000t\000i\000c\000a\000l\000\040\000T\000h\000e\000o\000r\000e\000m}{appendix.D}% 327
\BOOKMARK [1][-]{appendix.E}{\376\377\000F\000u\000t\000u\000r\000e\000\040\000R\000e\000s\000e\000a\000r\000c\000h\000\040\000D\000i\000r\000e\000c\000t\000i\000o\000n\000:\000\040\000T\000r\000a\000n\000s\000c\000e\000n\000d\000e\000n\000t\000a\000l\000\040\000M\000a\000t\000h\000e\000m\000a\000t\000i\000c\000a\000l\000\040\000F\000o\000u\000n\000d\000a\000t\000i\000o\000n\000s}{}% 328
\BOOKMARK [2][-]{subsection.E.1}{\376\377\000F\000r\000a\000m\000e\000w\000o\000r\000k\000\040\000X\000I\000X\000:\000\040\000Q\000u\000a\000n\000t\000u\000m\000\040\000C\000a\000u\000s\000a\000l\000\040\000G\000e\000o\000m\000e\000t\000r\000y\000\040\000\050\000Q\000C\000G\000\051}{appendix.E}% 329
\BOOKMARK [2][-]{subsection.E.2}{\376\377\000F\000r\000a\000m\000e\000w\000o\000r\000k\000\040\000X\000X\000:\000\040\000H\000o\000l\000o\000g\000r\000a\000p\000h\000i\000c\000\040\000H\000o\000m\000o\000l\000o\000g\000i\000c\000a\000l\000\040\000A\000l\000g\000e\000b\000r\000a}{appendix.E}% 330
\BOOKMARK [2][-]{subsection.E.3}{\376\377\000F\000r\000a\000m\000e\000w\000o\000r\000k\000\040\000X\000X\000I\000:\000\040\000Q\000u\000a\000n\000t\000u\000m\000\040\000I\000n\000f\000o\000r\000m\000a\000t\000i\000o\000n\000\040\000G\000e\000o\000m\000e\000t\000r\000y\000\040\000\050\000Q\000I\000G\000\051}{appendix.E}% 331
\BOOKMARK [2][-]{subsection.E.4}{\376\377\000F\000r\000a\000m\000e\000w\000o\000r\000k\000\040\000X\000X\000I\000I\000:\000\040\000H\000o\000l\000o\000g\000r\000a\000p\000h\000i\000c\000\040\000T\000y\000p\000e\000\040\000T\000h\000e\000o\000r\000y}{appendix.E}% 332
\BOOKMARK [2][-]{subsection.E.5}{\376\377\000F\000r\000a\000m\000e\000w\000o\000r\000k\000\040\000X\000X\000I\000I\000I\000:\000\040\000H\000o\000l\000o\000g\000r\000a\000p\000h\000i\000c\000\040\000P\000r\000o\000b\000a\000b\000i\000l\000i\000t\000y\000\040\000T\000h\000e\000o\000r\000y}{appendix.E}% 333
\BOOKMARK [2][-]{subsection.E.6}{\376\377\000F\000r\000a\000m\000e\000w\000o\000r\000k\000\040\000X\000X\000I\000V\000:\000\040\000H\000o\000l\000o\000g\000r\000a\000p\000h\000i\000c\000\040\000D\000i\000f\000f\000e\000r\000e\000n\000t\000i\000a\000l\000\040\000E\000q\000u\000a\000t\000i\000o\000n\000s}{appendix.E}% 334
\BOOKMARK [2][-]{subsection.E.7}{\376\377\000F\000r\000a\000m\000e\000w\000o\000r\000k\000\040\000X\000X\000V\000:\000\040\000H\000o\000l\000o\000g\000r\000a\000p\000h\000i\000c\000\040\000N\000u\000m\000b\000e\000r\000\040\000T\000h\000e\000o\000r\000y}{appendix.E}% 335
\BOOKMARK [2][-]{subsection.E.8}{\376\377\000F\000r\000a\000m\000e\000w\000o\000r\000k\000\040\000X\000X\000V\000I\000:\000\040\000U\000n\000i\000v\000e\000r\000s\000a\000l\000\040\000H\000o\000l\000o\000g\000r\000a\000p\000h\000i\000c\000\040\000T\000h\000e\000o\000r\000y\000\040\000\050\000C\000o\000m\000p\000l\000e\000t\000e\000\040\000A\000x\000i\000o\000m\000a\000t\000i\000c\000s\000\051}{appendix.E}% 336
\BOOKMARK [2][-]{subsection.E.9}{\376\377\000T\000h\000e\000\040\000F\000i\000n\000a\000l\000\040\000T\000h\000e\000o\000r\000e\000m\000:\000\040\000A\000d\000S\000/\000C\000F\000T\000\040\000a\000s\000\040\000P\000u\000r\000e\000\040\000M\000a\000t\000h\000e\000m\000a\000t\000i\000c\000s}{appendix.E}% 337
\BOOKMARK [1][-]{appendix.F}{\376\377\000C\000o\000n\000c\000l\000u\000s\000i\000o\000n}{}% 338
\BOOKMARK [1][-]{appendix.G}{\376\377\000F\000u\000t\000u\000r\000e\000\040\000R\000e\000s\000e\000a\000r\000c\000h\000\040\000D\000i\000r\000e\000c\000t\000i\000o\000n\000:\000\040\000A\000b\000s\000o\000l\000u\000t\000e\000\040\000M\000a\000t\000h\000e\000m\000a\000t\000i\000c\000a\000l\000\040\000F\000o\000u\000n\000d\000a\000t\000i\000o\000n\000s}{}% 339
\BOOKMARK [2][-]{subsection.G.1}{\376\377\000F\000r\000a\000m\000e\000w\000o\000r\000k\000\040\000X\000X\000V\000I\000I\000:\000\040\000H\000o\000l\000o\000g\000r\000a\000p\000h\000i\000c\000\040\000M\000e\000a\000s\000u\000r\000e\000\040\000T\000h\000e\000o\000r\000y\000\040\000\050\000H\000M\000T\000\051}{appendix.G}% 340
\BOOKMARK [2][-]{subsection.G.2}{\376\377\000F\000r\000a\000m\000e\000w\000o\000r\000k\000\040\000X\000X\000V\000I\000I\000I\000:\000\040\000E\000n\000t\000a\000n\000g\000l\000e\000m\000e\000n\000t\000\040\000A\000l\000g\000e\000b\000r\000a\000i\000c\000\040\000G\000e\000o\000m\000e\000t\000r\000y\000\040\000\050\000E\000A\000G\000\051}{appendix.G}% 341
\BOOKMARK [2][-]{subsection.G.3}{\376\377\000F\000r\000a\000m\000e\000w\000o\000r\000k\000\040\000X\000X\000I\000X\000:\000\040\000Q\000u\000a\000n\000t\000u\000m\000\040\000T\000o\000p\000o\000s\000\040\000T\000h\000e\000o\000r\000y\000\040\000\050\000Q\000T\000T\000\051}{appendix.G}% 342
\BOOKMARK [2][-]{subsection.G.4}{\376\377\000F\000r\000a\000m\000e\000w\000o\000r\000k\000\040\000X\000X\000X\000:\000\040\000H\000o\000l\000o\000g\000r\000a\000p\000h\000i\000c\000\040\000K\000-\000T\000h\000e\000o\000r\000y\000\040\000\050\000H\000K\000T\000\051}{appendix.G}% 343
\BOOKMARK [2][-]{subsection.G.5}{\376\377\000F\000r\000a\000m\000e\000w\000o\000r\000k\000\040\000X\000X\000X\000I\000:\000\040\000H\000o\000l\000o\000g\000r\000a\000p\000h\000i\000c\000\040\000P\000e\000r\000s\000i\000s\000t\000e\000n\000t\000\040\000H\000o\000m\000o\000l\000o\000g\000y\000\040\000\050\000H\000P\000H\000\051}{appendix.G}% 344
\BOOKMARK [2][-]{subsection.G.6}{\376\377\000F\000r\000a\000m\000e\000w\000o\000r\000k\000\040\000X\000X\000X\000I\000I\000:\000\040\000H\000o\000l\000o\000g\000r\000a\000p\000h\000i\000c\000\040\000O\000p\000t\000i\000m\000a\000l\000\040\000T\000r\000a\000n\000s\000p\000o\000r\000t\000\040\000\050\000H\000O\000T\000\051}{appendix.G}% 345
\BOOKMARK [2][-]{subsection.G.7}{\376\377\000F\000r\000a\000m\000e\000w\000o\000r\000k\000\040\000X\000X\000X\000I\000I\000I\000:\000\040\000H\000o\000l\000o\000g\000r\000a\000p\000h\000i\000c\000\040\000N\000o\000n\000c\000o\000m\000m\000u\000t\000a\000t\000i\000v\000e\000\040\000P\000r\000o\000b\000a\000b\000i\000l\000i\000t\000y\000\040\000\050\000H\000N\000P\000\051}{appendix.G}% 346
\BOOKMARK [2][-]{subsection.G.8}{\376\377\000F\000r\000a\000m\000e\000w\000o\000r\000k\000\040\000X\000X\000X\000I\000V\000:\000\040\000H\000o\000l\000o\000g\000r\000a\000p\000h\000i\000c\000\040\000F\000a\000c\000t\000o\000r\000i\000z\000a\000t\000i\000o\000n\000\040\000A\000l\000g\000e\000b\000r\000a\000s\000\040\000\050\000H\000F\000A\000\051}{appendix.G}% 347
\BOOKMARK [2][-]{subsection.G.9}{\376\377\000F\000r\000a\000m\000e\000w\000o\000r\000k\000\040\000X\000X\000X\000V\000:\000\040\000H\000o\000l\000o\000g\000r\000a\000p\000h\000i\000c\000\040\000Q\000u\000a\000n\000t\000u\000m\000\040\000L\000o\000g\000i\000c\000\040\000\050\000H\000Q\000L\000\051}{appendix.G}% 348
\BOOKMARK [2][-]{subsection.G.10}{\376\377\000F\000r\000a\000m\000e\000w\000o\000r\000k\000\040\000X\000X\000X\000V\000I\000:\000\040\000H\000o\000l\000o\000g\000r\000a\000p\000h\000i\000c\000\040\000S\000t\000o\000c\000h\000a\000s\000t\000i\000c\000\040\000C\000a\000l\000c\000u\000l\000u\000s\000\040\000\050\000H\000S\000C\000\051}{appendix.G}% 349
\BOOKMARK [2][-]{subsection.G.11}{\376\377\000T\000h\000e\000\040\000A\000b\000s\000o\000l\000u\000t\000e\000\040\000A\000d\000S\000/\000C\000F\000T\000\040\000T\000h\000e\000o\000r\000e\000m}{appendix.G}% 350
\BOOKMARK [1][-]{appendix.H}{\376\377\000F\000u\000t\000u\000r\000e\000\040\000R\000e\000s\000e\000a\000r\000c\000h\000\040\000D\000i\000r\000e\000c\000t\000i\000o\000n\000:\000\040\000T\000r\000a\000n\000s\000c\000e\000n\000d\000e\000n\000t\000\040\000M\000a\000t\000h\000e\000m\000a\000t\000i\000c\000a\000l\000\040\000F\000o\000u\000n\000d\000a\000t\000i\000o\000n\000s}{}% 351
\BOOKMARK [2][-]{subsection.H.1}{\376\377\000F\000r\000a\000m\000e\000w\000o\000r\000k\000\040\000X\000X\000X\000V\000I\000I\000:\000\040\000E\000n\000t\000a\000n\000g\000l\000e\000m\000e\000n\000t\000\040\000H\000o\000m\000o\000t\000o\000p\000y\000\040\000T\000y\000p\000e\000\040\000T\000h\000e\000o\000r\000y\000\040\000\050\000E\000H\000T\000T\000\051}{appendix.H}% 352
\BOOKMARK [2][-]{subsection.H.2}{\376\377\000F\000r\000a\000m\000e\000w\000o\000r\000k\000\040\000X\000X\000X\000V\000I\000I\000I\000:\000\040\000Q\000u\000a\000n\000t\000u\000m\000\040\000S\000h\000e\000a\000f\000\040\000C\000o\000h\000o\000m\000o\000l\000o\000g\000y}{appendix.H}% 353
\BOOKMARK [2][-]{subsection.H.3}{\376\377\000F\000r\000a\000m\000e\000w\000o\000r\000k\000\040\000X\000X\000X\000I\000X\000:\000\040\000M\000o\000d\000u\000l\000a\000r\000\040\000S\000p\000e\000c\000t\000r\000a\000l\000\040\000G\000e\000o\000m\000e\000t\000r\000y}{appendix.H}% 354
\BOOKMARK [2][-]{subsection.H.4}{\376\377\000F\000r\000a\000m\000e\000w\000o\000r\000k\000\040\000X\000L\000:\000\040\000H\000o\000l\000o\000g\000r\000a\000p\000h\000i\000c\000\040\000D\000e\000r\000i\000v\000e\000d\000\040\000C\000a\000t\000e\000g\000o\000r\000i\000e\000s}{appendix.H}% 355
\BOOKMARK [2][-]{subsection.H.5}{\376\377\000F\000r\000a\000m\000e\000w\000o\000r\000k\000\040\000X\000L\000I\000:\000\040\000Q\000u\000a\000n\000t\000u\000m\000\040\000R\000i\000c\000c\000i\000\040\000F\000l\000o\000w}{appendix.H}% 356
\BOOKMARK [2][-]{subsection.H.6}{\376\377\000F\000r\000a\000m\000e\000w\000o\000r\000k\000\040\000X\000L\000I\000I\000:\000\040\000E\000n\000t\000a\000n\000g\000l\000e\000m\000e\000n\000t\000\040\000M\000o\000t\000i\000v\000e\000s}{appendix.H}% 357
\BOOKMARK [2][-]{subsection.H.7}{\376\377\000F\000r\000a\000m\000e\000w\000o\000r\000k\000\040\000X\000L\000I\000I\000I\000:\000\040\000H\000o\000l\000o\000g\000r\000a\000p\000h\000i\000c\000\040\000\311\000t\000a\000l\000e\000\040\000C\000o\000h\000o\000m\000o\000l\000o\000g\000y}{appendix.H}% 358
\BOOKMARK [2][-]{subsection.H.8}{\376\377\000F\000r\000a\000m\000e\000w\000o\000r\000k\000\040\000X\000L\000I\000V\000:\000\040\000Q\000u\000a\000n\000t\000u\000m\000\040\000P\000e\000r\000s\000i\000s\000t\000e\000n\000t\000\040\000H\000o\000m\000o\000t\000o\000p\000y}{appendix.H}% 359
\BOOKMARK [2][-]{subsection.H.9}{\376\377\000F\000r\000a\000m\000e\000w\000o\000r\000k\000\040\000X\000L\000V\000:\000\040\000H\000o\000l\000o\000g\000r\000a\000p\000h\000i\000c\000\040\000C\000o\000n\000d\000e\000n\000s\000e\000d\000\040\000M\000a\000t\000h\000e\000m\000a\000t\000i\000c\000s}{appendix.H}% 360
\BOOKMARK [2][-]{subsection.H.10}{\376\377\000F\000r\000a\000m\000e\000w\000o\000r\000k\000\040\000X\000L\000V\000I\000:\000\040\000H\000o\000l\000o\000g\000r\000a\000p\000h\000i\000c\000\040\000H\000i\000g\000h\000e\000r\000\040\000G\000a\000u\000g\000e\000\040\000T\000h\000e\000o\000r\000y}{appendix.H}% 361
\BOOKMARK [2][-]{subsection.H.11}{\376\377\000F\000r\000a\000m\000e\000w\000o\000r\000k\000\040\000X\000L\000V\000I\000I\000:\000\040\000E\000n\000t\000a\000n\000g\000l\000e\000m\000e\000n\000t\000\040\000T\000Q\000F\000T}{appendix.H}% 362
\BOOKMARK [2][-]{subsection.H.12}{\376\377\000F\000r\000a\000m\000e\000w\000o\000r\000k\000\040\000X\000L\000V\000I\000I\000I\000:\000\040\000U\000l\000t\000i\000m\000a\000t\000e\000\040\000H\000o\000l\000o\000g\000r\000a\000p\000h\000i\000c\000\040\000A\000x\000i\000o\000m\000\040\000S\000y\000s\000t\000e\000m}{appendix.H}% 363
